2026-05-19 18:28:05,789 - INFO - Data hoje: 19/05/2026
2026-05-19 18:28:05,789 - INFO - Data de referência: 31/05/2026
2026-05-19 18:31:37,251 - INFO - Qtde OS de LINHA VIVA: 444
2026-05-19 18:31:37,259 - INFO - Qtde OS poda de LINHA MORTA: 167
2026-05-19 18:31:37,259 - INFO - Qtde OS estrutural de LINHA MORTA : 12658
2026-05-19 18:31:37,259 - INFO - Qtde OS poda de LINHA MORTA fora carteira: 111
2026-05-19 18:31:37,259 - INFO - Qtde OS para desprogramar: 2437
2026-05-19 18:31:37,260 - INFO - 
 Qtd de lotes de LM: 7
2026-05-19 18:31:37,260 - INFO - 
 Qtd de lotes de LV: 18
2026-05-19 18:31:37,260 - INFO - 
 Qtd de lotes de ESTRUTURAL LM: 507
2026-05-19 18:31:37,260 - INFO - 
 Qtd de lotes de LEVE: 5
2026-05-19 18:31:37,260 - INFO - 
 Qtd de lotes para desprogramar: 98
2026-05-19 18:31:37,260 - INFO - 
=== Iniciando lote 1/18 [LV] ===
2026-05-19 18:31:37,260 - INFO - 
=== abrir_janela_selecao ===
2026-05-19 18:31:43,599 - INFO - 
=== rotina abrir_selecao_colar_os ===
2026-05-19 18:31:43,928 - INFO - Janela de seleção aberta
2026-05-19 18:31:48,172 - INFO - DEBUG: idx=0, inicio=0, fim=25
2026-05-19 18:31:48,174 - INFO - ✅ 25 OS copiadas para a área de transferência.
2026-05-19 18:31:48,174 - INFO - 📋 Lote 1 copiado.
2026-05-19 18:31:56,512 - INFO - ⌛ Esperando mudança visual...
2026-05-19 18:31:57,524 - INFO - ⌛ Esperando mudança visual...
2026-05-19 18:31:58,545 - INFO - ✅ Tela carregada!
2026-05-19 18:32:02,549 - INFO - 
=== rotina desbloquear_os ===
2026-05-19 18:32:29,154 - INFO - ⌛ Aguardando janela de confirmação de desbloqueio...
2026-05-19 18:32:45,323 - INFO - 🟨 Registros desbloqueados com sucesso
2026-05-19 18:32:49,426 - INFO - 
=== rotina editar_os ===
2026-05-19 18:32:59,146 - INFO - ⌛ Aguardando janela de edição de OS...
2026-05-19 18:33:15,389 - INFO - 🟨 OS programadas detectadas
2026-05-19 18:33:18,495 - INFO - ⌛ Aguardando janela de edição de OS...
2026-05-19 18:33:34,936 - INFO - 🟨 Janela de edição de OS detectada
2026-05-19 18:33:56,302 - INFO - 🟨 Janela de edição de habilidade da turma detectada
2026-05-19 18:35:14,607 - INFO - ⌛ Aguardando detecção do campo de caracteristica 'EQUIPE PRÓPRIA OU EPS' ...
2026-05-19 18:35:33,974 - INFO - 🟨 campo de caracteristica 'EQUIPE PRÓPRIA OU EPS detectado
2026-05-19 18:35:55,768 - INFO - ⌛ Aguardando confirmação 4 - editar OS...
2026-05-19 18:36:11,214 - INFO - ⌛ Aguardando confirmação 4 - editar OS...
2026-05-19 18:36:11,360 - INFO - 🟨 Identificado travamento no EQM, reiniciando contador de espera
2026-05-19 18:36:26,708 - INFO - ⌛ Aguardando confirmação 4 - editar OS...
2026-05-19 18:36:42,203 - INFO - ⌛ Aguardando confirmação 4 - editar OS...
2026-05-19 18:36:57,710 - INFO - 🟨 Janela de confirmação 4 de edição de OS detectada
2026-05-19 18:37:01,812 - INFO - 
=== rotina programar_os ===
2026-05-19 18:37:28,388 - INFO - ⌛ Aguardando janela de confirmação de programação de OS...
2026-05-19 18:37:53,959 - INFO - 🟨 Janela de confirmação de programação de OS detectada
2026-05-19 18:38:07,274 - INFO - 🟨 Janela de aviso de edição de OS programadas detectada
2026-05-19 18:38:14,494 - INFO - ⌛ aguardando janela de programação de lote de OS...
2026-05-19 18:38:40,118 - INFO - 🟨 Janela de aviso de substituição de lote de OS detectada
2026-05-19 18:39:00,221 - INFO - ⌛ aguardando janela de programação de lote de OS...
2026-05-19 18:39:25,823 - INFO - 🟨 Janela de programação de lote de OS detectada
2026-05-19 18:40:15,358 - INFO - 🟨 Janela de confirmação de programação de lote de OS detectada
2026-05-19 18:40:19,604 - INFO - ⌛ aguardando confirmação final de programação do lote
2026-05-19 18:40:45,126 - INFO - 🟨 programação do lote 1 efetuado com sucesso
2026-05-19 18:40:55,237 - INFO - 
=== Iniciando lote 2/18 [LV] ===
2026-05-19 18:40:55,237 - INFO - 
=== abrir_janela_selecao ===
2026-05-19 18:41:01,542 - INFO - 
=== rotina abrir_selecao_colar_os ===
2026-05-19 18:41:01,605 - INFO - Janela de seleção aberta
2026-05-19 18:41:05,834 - INFO - DEBUG: idx=1, inicio=25, fim=50
2026-05-19 18:41:05,834 - INFO - ✅ 25 OS copiadas para a área de transferência.
2026-05-19 18:41:05,834 - INFO - 📋 Lote 2 copiado.
2026-05-19 18:41:14,157 - INFO - ⌛ Esperando mudança visual...
2026-05-19 18:41:15,174 - INFO - ⌛ Esperando mudança visual...
2026-05-19 18:41:16,190 - INFO - ⌛ Esperando mudança visual...
2026-05-19 18:41:17,206 - INFO - ⌛ Esperando mudança visual...
2026-05-19 18:41:18,222 - INFO - ⌛ Esperando mudança visual...
2026-05-19 18:41:19,240 - INFO - ⌛ Esperando mudança visual...
2026-05-19 18:41:20,257 - INFO - ⌛ Esperando mudança visual...
2026-05-19 18:41:21,273 - INFO - ⌛ Esperando mudança visual...
2026-05-19 18:41:22,284 - INFO - ⌛ Esperando mudança visual...
2026-05-19 18:41:23,300 - INFO - ⌛ Esperando mudança visual...
2026-05-19 18:41:24,316 - INFO - ✅ Tela carregada!
2026-05-19 18:41:28,326 - INFO - 
=== rotina desbloquear_os ===
2026-05-19 18:41:54,803 - INFO - ⌛ Aguardando janela de confirmação de desbloqueio...
2026-05-19 18:42:10,286 - INFO - ⌛ Aguardando janela de confirmação de desbloqueio...
2026-05-19 18:42:25,743 - INFO - 🟨 Registros desbloqueados com sucesso
2026-05-19 18:42:29,845 - INFO - 
=== rotina editar_os ===
2026-05-19 18:42:39,274 - INFO - ⌛ Aguardando janela de edição de OS...
2026-05-19 18:42:54,797 - INFO - 🟨 OS programadas detectadas
2026-05-19 18:42:57,900 - INFO - ⌛ Aguardando janela de edição de OS...
2026-05-19 18:43:13,397 - INFO - 🟨 Janela de edição de OS detectada
2026-05-19 18:43:34,769 - INFO - 🟨 Janela de edição de habilidade da turma detectada
2026-05-19 18:44:53,102 - INFO - ⌛ Aguardando detecção do campo de caracteristica 'EQUIPE PRÓPRIA OU EPS' ...
2026-05-19 18:45:12,471 - INFO - 🟨 campo de caracteristica 'EQUIPE PRÓPRIA OU EPS detectado
2026-05-19 18:45:34,296 - INFO - ⌛ Aguardando confirmação 4 - editar OS...
2026-05-19 18:45:49,768 - INFO - ⌛ Aguardando confirmação 4 - editar OS...
2026-05-19 18:45:49,919 - INFO - 🟨 Identificado travamento no EQM, reiniciando contador de espera
2026-05-19 18:46:05,296 - INFO - ⌛ Aguardando confirmação 4 - editar OS...
2026-05-19 18:46:20,817 - INFO - 🟨 Janela de confirmação 4 de edição de OS detectada
2026-05-19 18:46:24,920 - INFO - 
=== rotina programar_os ===
2026-05-19 18:46:51,470 - INFO - ⌛ Aguardando janela de confirmação de programação de OS...
2026-05-19 18:47:16,967 - INFO - 🟨 Janela de confirmação de programação de OS detectada
2026-05-19 18:47:30,281 - INFO - 🟨 Janela de aviso de edição de OS programadas detectada
2026-05-19 18:47:37,485 - INFO - ⌛ aguardando janela de programação de lote de OS...
2026-05-19 18:48:03,055 - INFO - 🟨 Janela de aviso de substituição de lote de OS detectada
2026-05-19 18:48:23,157 - INFO - ⌛ aguardando janela de programação de lote de OS...
2026-05-19 18:48:48,716 - INFO - 🟨 Janela de programação de lote de OS detectada
2026-05-19 18:49:38,229 - INFO - 🟨 Janela de confirmação de programação de lote de OS detectada
2026-05-19 18:49:42,479 - INFO - ⌛ aguardando confirmação final de programação do lote
2026-05-19 18:50:08,007 - INFO - 🟨 programação do lote 2 efetuado com sucesso
2026-05-19 18:50:18,110 - INFO - 
=== Iniciando lote 3/18 [LV] ===
2026-05-19 18:50:18,110 - INFO - 
=== abrir_janela_selecao ===
2026-05-19 18:50:24,415 - INFO - 
=== rotina abrir_selecao_colar_os ===
2026-05-19 18:50:24,474 - INFO - Janela de seleção aberta
2026-05-19 18:50:28,696 - INFO - DEBUG: idx=2, inicio=50, fim=75
2026-05-19 18:50:28,696 - INFO - ✅ 25 OS copiadas para a área de transferência.
2026-05-19 18:50:28,696 - INFO - 📋 Lote 3 copiado.
2026-05-19 18:50:37,020 - INFO - ⌛ Esperando mudança visual...
2026-05-19 18:50:38,037 - INFO - ⌛ Esperando mudança visual...
2026-05-19 18:50:39,053 - INFO - ⌛ Esperando mudança visual...
2026-05-19 18:50:40,069 - INFO - ⌛ Esperando mudança visual...
2026-05-19 18:50:41,084 - INFO - ⌛ Esperando mudança visual...
2026-05-19 18:50:42,100 - INFO - ⌛ Esperando mudança visual...
2026-05-19 18:50:43,115 - INFO - ⌛ Esperando mudança visual...
2026-05-19 18:50:44,131 - INFO - ⌛ Esperando mudança visual...
2026-05-19 18:50:45,147 - INFO - ⌛ Esperando mudança visual...
2026-05-19 18:50:46,163 - INFO - ⌛ Esperando mudança visual...
2026-05-19 18:50:47,178 - INFO - ⌛ Esperando mudança visual...
2026-05-19 18:50:48,194 - INFO - ✅ Tela carregada!
2026-05-19 18:50:52,206 - INFO - 
=== rotina desbloquear_os ===
2026-05-19 18:51:18,665 - INFO - ⌛ Aguardando janela de confirmação de desbloqueio...
2026-05-19 18:51:34,114 - INFO - 🟨 Registros desbloqueados com sucesso
2026-05-19 18:51:38,219 - INFO - 
=== rotina editar_os ===
2026-05-19 18:51:47,676 - INFO - 🟨 OS programadas detectadas
2026-05-19 18:51:50,780 - INFO - ⌛ Aguardando janela de edição de OS...
2026-05-19 18:52:06,285 - INFO - 🟨 Janela de edição de OS detectada
2026-05-19 18:52:27,639 - INFO - 🟨 Janela de edição de habilidade da turma detectada
2026-05-19 18:53:45,950 - INFO - ⌛ Aguardando detecção do campo de caracteristica 'EQUIPE PRÓPRIA OU EPS' ...
2026-05-19 18:54:05,314 - INFO - 🟨 campo de caracteristica 'EQUIPE PRÓPRIA OU EPS detectado
2026-05-19 18:54:27,112 - INFO - ⌛ Aguardando confirmação 4 - editar OS...
2026-05-19 18:54:42,630 - INFO - ⌛ Aguardando confirmação 4 - editar OS...
2026-05-19 18:54:58,202 - INFO - ⌛ Aguardando confirmação 4 - editar OS...
2026-05-19 18:55:13,713 - INFO - 🟨 Janela de confirmação 4 de edição de OS detectada
2026-05-19 18:55:17,816 - INFO - 
=== rotina programar_os ===
2026-05-19 18:55:44,357 - INFO - ⌛ Aguardando janela de confirmação de programação de OS...
2026-05-19 18:56:09,853 - INFO - 🟨 Janela de confirmação de programação de OS detectada
2026-05-19 18:56:23,149 - INFO - 🟨 Janela de aviso de edição de OS programadas detectada
2026-05-19 18:56:30,352 - INFO - ⌛ aguardando janela de programação de lote de OS...
2026-05-19 18:56:55,943 - INFO - 🟨 Janela de aviso de substituição de lote de OS detectada
2026-05-19 18:57:16,046 - INFO - ⌛ aguardando janela de programação de lote de OS...
2026-05-19 18:57:41,596 - INFO - 🟨 Janela de programação de lote de OS detectada
2026-05-19 18:58:31,106 - INFO - 🟨 Janela de confirmação de programação de lote de OS detectada
2026-05-19 18:58:35,336 - INFO - ⌛ aguardando confirmação final de programação do lote
2026-05-19 18:59:00,845 - INFO - 🟨 programação do lote 3 efetuado com sucesso
2026-05-19 18:59:10,948 - INFO - 
=== Iniciando lote 4/18 [LV] ===
2026-05-19 18:59:10,948 - INFO - 
=== abrir_janela_selecao ===
2026-05-19 18:59:17,252 - INFO - 
=== rotina abrir_selecao_colar_os ===
2026-05-19 18:59:17,319 - INFO - Janela de seleção aberta
2026-05-19 18:59:21,540 - INFO - DEBUG: idx=3, inicio=75, fim=100
2026-05-19 18:59:21,541 - INFO - ✅ 25 OS copiadas para a área de transferência.
2026-05-19 18:59:21,541 - INFO - 📋 Lote 4 copiado.
2026-05-19 18:59:29,860 - INFO - ⌛ Esperando mudança visual...
2026-05-19 18:59:30,876 - INFO - ⌛ Esperando mudança visual...
2026-05-19 18:59:31,892 - INFO - ⌛ Esperando mudança visual...
2026-05-19 18:59:32,908 - INFO - ⌛ Esperando mudança visual...
2026-05-19 18:59:33,924 - INFO - ⌛ Esperando mudança visual...
2026-05-19 18:59:34,939 - INFO - ⌛ Esperando mudança visual...
2026-05-19 18:59:35,963 - INFO - ⌛ Esperando mudança visual...
2026-05-19 18:59:36,980 - INFO - ⌛ Esperando mudança visual...
2026-05-19 18:59:37,996 - INFO - ⌛ Esperando mudança visual...
2026-05-19 18:59:39,001 - INFO - ⌛ Esperando mudança visual...
2026-05-19 18:59:40,017 - INFO - ✅ Tela carregada!
2026-05-19 18:59:44,032 - INFO - 
=== rotina desbloquear_os ===
2026-05-19 19:00:10,512 - INFO - ⌛ Aguardando janela de confirmação de desbloqueio...
2026-05-19 19:00:25,975 - INFO - ⌛ Aguardando janela de confirmação de desbloqueio...
2026-05-19 19:00:41,440 - INFO - 🟨 Registros desbloqueados com sucesso
2026-05-19 19:00:45,543 - INFO - 
=== rotina editar_os ===
2026-05-19 19:00:54,986 - INFO - ⌛ Aguardando janela de edição de OS...
2026-05-19 19:01:10,486 - INFO - 🟨 OS programadas detectadas
2026-05-19 19:01:13,588 - INFO - ⌛ Aguardando janela de edição de OS...
2026-05-19 19:01:29,080 - INFO - 🟨 Janela de edição de OS detectada
2026-05-19 19:01:50,464 - INFO - 🟨 Janela de edição de habilidade da turma detectada
2026-05-19 19:03:08,780 - INFO - ⌛ Aguardando detecção do campo de caracteristica 'EQUIPE PRÓPRIA OU EPS' ...
2026-05-19 19:03:28,144 - INFO - 🟨 campo de caracteristica 'EQUIPE PRÓPRIA OU EPS detectado
2026-05-19 19:03:49,991 - INFO - ⌛ Aguardando confirmação 4 - editar OS...
2026-05-19 19:04:05,471 - INFO - ⌛ Aguardando confirmação 4 - editar OS...
2026-05-19 19:04:05,605 - INFO - 🟨 Identificado travamento no EQM, reiniciando contador de espera
2026-05-19 19:04:21,011 - INFO - ⌛ Aguardando confirmação 4 - editar OS...
2026-05-19 19:04:36,561 - INFO - 🟨 Janela de confirmação 4 de edição de OS detectada
2026-05-19 19:04:40,663 - INFO - 
=== rotina programar_os ===
2026-05-19 19:05:07,210 - INFO - ⌛ Aguardando janela de confirmação de programação de OS...
2026-05-19 19:05:32,805 - INFO - 🟨 Janela de confirmação de programação de OS detectada
2026-05-19 19:05:46,109 - INFO - 🟨 Janela de aviso de edição de OS programadas detectada
2026-05-19 19:05:53,312 - INFO - ⌛ aguardando janela de programação de lote de OS...
2026-05-19 19:06:18,827 - INFO - 🟨 Janela de aviso de substituição de lote de OS detectada
2026-05-19 19:06:38,936 - INFO - ⌛ aguardando janela de programação de lote de OS...
2026-05-19 19:07:04,511 - INFO - 🟨 Janela de programação de lote de OS detectada
2026-05-19 19:07:54,063 - INFO - 🟨 Janela de confirmação de programação de lote de OS detectada
2026-05-19 19:07:58,310 - INFO - ⌛ aguardando confirmação final de programação do lote
2026-05-19 19:08:23,870 - INFO - 🟨 programação do lote 4 efetuado com sucesso
2026-05-19 19:08:33,975 - INFO - 
=== Iniciando lote 5/18 [LV] ===
2026-05-19 19:08:33,975 - INFO - 
=== abrir_janela_selecao ===
2026-05-19 19:08:40,296 - INFO - 
=== rotina abrir_selecao_colar_os ===
2026-05-19 19:08:40,368 - INFO - Janela de seleção aberta
2026-05-19 19:08:44,588 - INFO - DEBUG: idx=4, inicio=100, fim=125
2026-05-19 19:08:44,588 - INFO - ✅ 25 OS copiadas para a área de transferência.
2026-05-19 19:08:44,588 - INFO - 📋 Lote 5 copiado.
2026-05-19 19:08:52,905 - INFO - ⌛ Esperando mudança visual...
2026-05-19 19:08:53,921 - INFO - ⌛ Esperando mudança visual...
2026-05-19 19:08:54,937 - INFO - ⌛ Esperando mudança visual...
2026-05-19 19:08:55,953 - INFO - ⌛ Esperando mudança visual...
2026-05-19 19:08:56,968 - INFO - ⌛ Esperando mudança visual...
2026-05-19 19:08:57,984 - INFO - ⌛ Esperando mudança visual...
2026-05-19 19:08:59,000 - INFO - ⌛ Esperando mudança visual...
2026-05-19 19:09:00,024 - INFO - ⌛ Esperando mudança visual...
2026-05-19 19:09:01,031 - INFO - ⌛ Esperando mudança visual...
2026-05-19 19:09:02,047 - INFO - ⌛ Esperando mudança visual...
2026-05-19 19:09:03,063 - INFO - ⌛ Esperando mudança visual...
2026-05-19 19:09:04,092 - INFO - ✅ Tela carregada!
2026-05-19 19:09:08,094 - INFO - 
=== rotina desbloquear_os ===
2026-05-19 19:09:34,583 - INFO - ⌛ Aguardando janela de confirmação de desbloqueio...
2026-05-19 19:09:50,099 - INFO - 🟨 Registros desbloqueados com sucesso
2026-05-19 19:09:54,202 - INFO - 
=== rotina editar_os ===
2026-05-19 19:10:03,654 - INFO - ⌛ Aguardando janela de edição de OS...
2026-05-19 19:10:19,140 - INFO - 🟨 OS programadas detectadas
2026-05-19 19:10:22,242 - INFO - ⌛ Aguardando janela de edição de OS...
2026-05-19 19:10:37,726 - INFO - 🟨 Janela de edição de OS detectada
2026-05-19 19:10:59,098 - INFO - 🟨 Janela de edição de habilidade da turma detectada
2026-05-19 19:12:17,421 - INFO - ⌛ Aguardando detecção do campo de caracteristica 'EQUIPE PRÓPRIA OU EPS' ...
2026-05-19 19:12:36,797 - INFO - 🟨 campo de caracteristica 'EQUIPE PRÓPRIA OU EPS detectado
2026-05-19 19:12:58,631 - INFO - ⌛ Aguardando confirmação 4 - editar OS...
2026-05-19 19:13:14,186 - INFO - ⌛ Aguardando confirmação 4 - editar OS...
2026-05-19 19:13:14,316 - INFO - 🟨 Identificado travamento no EQM, reiniciando contador de espera
2026-05-19 19:13:29,670 - INFO - ⌛ Aguardando confirmação 4 - editar OS...
2026-05-19 19:13:45,218 - INFO - 🟨 Janela de confirmação 4 de edição de OS detectada
2026-05-19 19:13:49,323 - INFO - 
=== rotina programar_os ===
2026-05-19 19:14:15,866 - INFO - ⌛ Aguardando janela de confirmação de programação de OS...
2026-05-19 19:14:41,405 - INFO - 🟨 Janela de confirmação de programação de OS detectada
2026-05-19 19:14:54,680 - INFO - 🟨 Janela de aviso de edição de OS programadas detectada
2026-05-19 19:15:01,891 - INFO - ⌛ aguardando janela de programação de lote de OS...
2026-05-19 19:15:27,503 - INFO - 🟨 Janela de aviso de substituição de lote de OS detectada
2026-05-19 19:15:47,605 - INFO - ⌛ aguardando janela de programação de lote de OS...
2026-05-19 19:16:13,264 - INFO - 🟨 Janela de programação de lote de OS detectada
2026-05-19 19:17:02,813 - INFO - 🟨 Janela de confirmação de programação de lote de OS detectada
2026-05-19 19:17:07,044 - INFO - ⌛ aguardando confirmação final de programação do lote
2026-05-19 19:17:32,538 - INFO - 🟨 programação do lote 5 efetuado com sucesso
2026-05-19 19:17:42,642 - INFO - 
=== Iniciando lote 6/18 [LV] ===
2026-05-19 19:17:42,642 - INFO - 
=== abrir_janela_selecao ===
2026-05-19 19:17:48,947 - INFO - 
=== rotina abrir_selecao_colar_os ===
2026-05-19 19:17:48,992 - INFO - Janela de seleção aberta
2026-05-19 19:17:53,227 - INFO - DEBUG: idx=5, inicio=125, fim=150
2026-05-19 19:17:53,227 - INFO - ✅ 25 OS copiadas para a área de transferência.
2026-05-19 19:17:53,227 - INFO - 📋 Lote 6 copiado.
2026-05-19 19:18:01,552 - INFO - ⌛ Esperando mudança visual...
2026-05-19 19:18:02,561 - INFO - ⌛ Esperando mudança visual...
2026-05-19 19:18:03,586 - INFO - ⌛ Esperando mudança visual...
2026-05-19 19:18:04,592 - INFO - ⌛ Esperando mudança visual...
2026-05-19 19:18:05,619 - INFO - ⌛ Esperando mudança visual...
2026-05-19 19:18:06,623 - INFO - ⌛ Esperando mudança visual...
2026-05-19 19:18:07,639 - INFO - ⌛ Esperando mudança visual...
2026-05-19 19:18:08,670 - INFO - ⌛ Esperando mudança visual...
2026-05-19 19:18:09,687 - INFO - ⌛ Esperando mudança visual...
2026-05-19 19:18:10,703 - INFO - ⌛ Esperando mudança visual...
2026-05-19 19:18:11,718 - INFO - ⌛ Esperando mudança visual...
2026-05-19 19:18:12,734 - INFO - ✅ Tela carregada!
2026-05-19 19:18:16,738 - INFO - 
=== rotina desbloquear_os ===
2026-05-19 19:18:43,203 - INFO - ⌛ Aguardando janela de confirmação de desbloqueio...
2026-05-19 19:18:58,672 - INFO - 🟨 Registros desbloqueados com sucesso
2026-05-19 19:19:02,775 - INFO - 
=== rotina editar_os ===
2026-05-19 19:19:12,208 - INFO - ⌛ Aguardando janela de edição de OS...
2026-05-19 19:19:27,732 - INFO - 🟨 OS programadas detectadas
2026-05-19 19:19:30,835 - INFO - ⌛ Aguardando janela de edição de OS...
2026-05-19 19:19:46,354 - INFO - 🟨 Janela de edição de OS detectada
2026-05-19 19:20:07,721 - INFO - 🟨 Janela de edição de habilidade da turma detectada
2026-05-19 19:21:26,034 - INFO - ⌛ Aguardando detecção do campo de caracteristica 'EQUIPE PRÓPRIA OU EPS' ...
2026-05-19 19:21:45,397 - INFO - 🟨 campo de caracteristica 'EQUIPE PRÓPRIA OU EPS detectado
2026-05-19 19:22:07,171 - INFO - ⌛ Aguardando confirmação 4 - editar OS...
2026-05-19 19:22:22,705 - INFO - ⌛ Aguardando confirmação 4 - editar OS...
2026-05-19 19:22:38,254 - INFO - 🟨 Janela de confirmação 4 de edição de OS detectada
2026-05-19 19:22:42,366 - INFO - 
=== rotina programar_os ===
2026-05-19 19:23:08,923 - INFO - ⌛ Aguardando janela de confirmação de programação de OS...
2026-05-19 19:23:34,467 - INFO - 🟨 Janela de confirmação de programação de OS detectada
2026-05-19 19:23:47,803 - INFO - 🟨 Janela de aviso de edição de OS programadas detectada
2026-05-19 19:23:55,019 - INFO - ⌛ aguardando janela de programação de lote de OS...
2026-05-19 19:24:20,644 - INFO - 🟨 Janela de aviso de substituição de lote de OS detectada
2026-05-19 19:24:40,746 - INFO - ⌛ aguardando janela de programação de lote de OS...
2026-05-19 19:25:06,352 - INFO - 🟨 Janela de programação de lote de OS detectada
2026-05-19 19:25:55,889 - INFO - 🟨 Janela de confirmação de programação de lote de OS detectada
2026-05-19 19:26:00,140 - INFO - ⌛ aguardando confirmação final de programação do lote
2026-05-19 19:26:25,715 - INFO - 🟨 programação do lote 6 efetuado com sucesso
2026-05-19 19:26:35,820 - INFO - 
=== Iniciando lote 7/18 [LV] ===
2026-05-19 19:26:35,820 - INFO - 
=== abrir_janela_selecao ===
2026-05-19 19:26:42,152 - INFO - 
=== rotina abrir_selecao_colar_os ===
2026-05-19 19:26:42,218 - INFO - Janela de seleção aberta
2026-05-19 19:26:46,443 - INFO - DEBUG: idx=6, inicio=150, fim=175
2026-05-19 19:26:46,443 - INFO - ✅ 25 OS copiadas para a área de transferência.
2026-05-19 19:26:46,443 - INFO - 📋 Lote 7 copiado.
2026-05-19 19:26:54,754 - INFO - ⌛ Esperando mudança visual...
2026-05-19 19:26:55,770 - INFO - ⌛ Esperando mudança visual...
2026-05-19 19:26:56,802 - INFO - ⌛ Esperando mudança visual...
2026-05-19 19:26:57,817 - INFO - ⌛ Esperando mudança visual...
2026-05-19 19:26:58,834 - INFO - ⌛ Esperando mudança visual...
2026-05-19 19:26:59,850 - INFO - ⌛ Esperando mudança visual...
2026-05-19 19:27:00,867 - INFO - ⌛ Esperando mudança visual...
2026-05-19 19:27:01,881 - INFO - ⌛ Esperando mudança visual...
2026-05-19 19:27:02,897 - INFO - ⌛ Esperando mudança visual...
2026-05-19 19:27:03,912 - INFO - ⌛ Esperando mudança visual...
2026-05-19 19:27:04,928 - INFO - ✅ Tela carregada!
2026-05-19 19:27:08,936 - INFO - 
=== rotina desbloquear_os ===
2026-05-19 19:27:35,591 - INFO - ⌛ Aguardando janela de confirmação de desbloqueio...
2026-05-19 19:27:51,069 - INFO - 🟨 Registros desbloqueados com sucesso
2026-05-19 19:27:55,174 - INFO - 
=== rotina editar_os ===
2026-05-19 19:28:04,633 - INFO - 🟨 OS programadas detectadas
2026-05-19 19:28:07,749 - INFO - ⌛ Aguardando janela de edição de OS...
2026-05-19 19:28:23,267 - INFO - 🟨 Janela de edição de OS detectada
2026-05-19 19:28:44,663 - INFO - 🟨 Janela de edição de habilidade da turma detectada
2026-05-19 19:30:02,989 - INFO - ⌛ Aguardando detecção do campo de caracteristica 'EQUIPE PRÓPRIA OU EPS' ...
2026-05-19 19:30:22,353 - INFO - 🟨 campo de caracteristica 'EQUIPE PRÓPRIA OU EPS detectado
2026-05-19 19:30:44,160 - INFO - ⌛ Aguardando confirmação 4 - editar OS...
2026-05-19 19:30:59,666 - INFO - ⌛ Aguardando confirmação 4 - editar OS...
2026-05-19 19:31:15,207 - INFO - 🟨 Janela de confirmação 4 de edição de OS detectada
2026-05-19 19:31:19,310 - INFO - 
=== rotina programar_os ===
2026-05-19 19:31:45,851 - INFO - ⌛ Aguardando janela de confirmação de programação de OS...
2026-05-19 19:32:11,358 - INFO - 🟨 Janela de confirmação de programação de OS detectada
2026-05-19 19:32:24,662 - INFO - 🟨 Janela de aviso de edição de OS programadas detectada
2026-05-19 19:32:31,875 - INFO - ⌛ aguardando janela de programação de lote de OS...
2026-05-19 19:32:57,460 - INFO - 🟨 Janela de aviso de substituição de lote de OS detectada
2026-05-19 19:33:17,562 - INFO - ⌛ aguardando janela de programação de lote de OS...
2026-05-19 19:33:43,199 - INFO - 🟨 Janela de programação de lote de OS detectada
2026-05-19 19:34:32,751 - INFO - 🟨 Janela de confirmação de programação de lote de OS detectada
2026-05-19 19:34:36,997 - INFO - ⌛ aguardando confirmação final de programação do lote
2026-05-19 19:35:02,465 - INFO - 🟨 programação do lote 7 efetuado com sucesso
2026-05-19 19:35:12,568 - INFO - 
=== Iniciando lote 8/18 [LV] ===
2026-05-19 19:35:12,568 - INFO - 
=== abrir_janela_selecao ===
2026-05-19 19:35:18,874 - INFO - 
=== rotina abrir_selecao_colar_os ===
2026-05-19 19:35:18,923 - INFO - Janela de seleção aberta
2026-05-19 19:35:23,151 - INFO - DEBUG: idx=7, inicio=175, fim=200
2026-05-19 19:35:23,151 - INFO - ✅ 25 OS copiadas para a área de transferência.
2026-05-19 19:35:23,151 - INFO - 📋 Lote 8 copiado.
2026-05-19 19:35:31,495 - INFO - ⌛ Esperando mudança visual...
2026-05-19 19:35:32,510 - INFO - ⌛ Esperando mudança visual...
2026-05-19 19:35:33,525 - INFO - ⌛ Esperando mudança visual...
2026-05-19 19:35:34,541 - INFO - ⌛ Esperando mudança visual...
2026-05-19 19:35:35,556 - INFO - ⌛ Esperando mudança visual...
2026-05-19 19:35:36,579 - INFO - ⌛ Esperando mudança visual...
2026-05-19 19:35:37,588 - INFO - ⌛ Esperando mudança visual...
2026-05-19 19:35:38,603 - INFO - ⌛ Esperando mudança visual...
2026-05-19 19:35:39,619 - INFO - ⌛ Esperando mudança visual...
2026-05-19 19:35:40,635 - INFO - ⌛ Esperando mudança visual...
2026-05-19 19:35:41,650 - INFO - ✅ Tela carregada!
2026-05-19 19:35:45,664 - INFO - 
=== rotina desbloquear_os ===
2026-05-19 19:36:12,148 - INFO - ⌛ Aguardando janela de confirmação de desbloqueio...
2026-05-19 19:36:27,654 - INFO - ⌛ Aguardando janela de confirmação de desbloqueio...
2026-05-19 19:36:43,183 - INFO - 🟨 Registros desbloqueados com sucesso
2026-05-19 19:36:47,286 - INFO - 
=== rotina editar_os ===
2026-05-19 19:36:56,731 - INFO - ⌛ Aguardando janela de edição de OS...
2026-05-19 19:37:12,310 - INFO - 🟨 OS programadas detectadas
2026-05-19 19:37:15,416 - INFO - ⌛ Aguardando janela de edição de OS...
2026-05-19 19:37:30,935 - INFO - 🟨 Janela de edição de OS detectada
2026-05-19 19:37:52,318 - INFO - 🟨 Janela de edição de habilidade da turma detectada
2026-05-19 19:39:10,650 - INFO - ⌛ Aguardando detecção do campo de caracteristica 'EQUIPE PRÓPRIA OU EPS' ...
2026-05-19 19:39:30,008 - INFO - 🟨 campo de caracteristica 'EQUIPE PRÓPRIA OU EPS detectado
2026-05-19 19:39:51,834 - INFO - ⌛ Aguardando confirmação 4 - editar OS...
2026-05-19 19:40:07,407 - INFO - ⌛ Aguardando confirmação 4 - editar OS...
2026-05-19 19:40:07,559 - INFO - 🟨 Identificado travamento no EQM, reiniciando contador de espera
2026-05-19 19:40:22,950 - INFO - ⌛ Aguardando confirmação 4 - editar OS...
2026-05-19 19:40:38,546 - INFO - ⌛ Aguardando confirmação 4 - editar OS...
2026-05-19 19:40:54,079 - INFO - ⌛ Aguardando confirmação 4 - editar OS...
2026-05-19 19:41:09,580 - INFO - ⌛ Aguardando confirmação 4 - editar OS...
2026-05-19 19:41:25,111 - INFO - ⌛ Aguardando confirmação 4 - editar OS...
2026-05-19 19:41:40,657 - INFO - ⌛ Aguardando confirmação 4 - editar OS...
2026-05-19 19:41:56,182 - INFO - 🟨 Janela de confirmação 4 de edição de OS detectada
2026-05-19 19:42:00,284 - INFO - 
=== rotina programar_os ===
2026-05-19 19:42:26,831 - INFO - ⌛ Aguardando janela de confirmação de programação de OS...
2026-05-19 19:42:52,409 - INFO - 🟨 Janela de confirmação de programação de OS detectada
2026-05-19 19:43:05,756 - INFO - 🟨 Janela de aviso de edição de OS programadas detectada
2026-05-19 19:43:12,977 - INFO - ⌛ aguardando janela de programação de lote de OS...
2026-05-19 19:43:38,570 - INFO - 🟨 Janela de aviso de substituição de lote de OS detectada
2026-05-19 19:43:58,673 - INFO - ⌛ aguardando janela de programação de lote de OS...
2026-05-19 19:44:24,251 - INFO - 🟨 Janela de programação de lote de OS detectada
2026-05-19 19:45:13,794 - INFO - 🟨 Janela de confirmação de programação de lote de OS detectada
2026-05-19 19:45:18,049 - INFO - ⌛ aguardando confirmação final de programação do lote
2026-05-19 19:45:43,619 - INFO - 🟨 programação do lote 8 efetuado com sucesso
2026-05-19 19:45:53,722 - INFO - 
=== Iniciando lote 9/18 [LV] ===
2026-05-19 19:45:53,722 - INFO - 
=== abrir_janela_selecao ===
2026-05-19 19:46:00,027 - INFO - 
=== rotina abrir_selecao_colar_os ===
2026-05-19 19:46:00,107 - INFO - Janela de seleção aberta
2026-05-19 19:46:04,333 - INFO - DEBUG: idx=8, inicio=200, fim=225
2026-05-19 19:46:04,333 - INFO - ✅ 25 OS copiadas para a área de transferência.
2026-05-19 19:46:04,333 - INFO - 📋 Lote 9 copiado.
2026-05-19 19:46:12,658 - INFO - ⌛ Esperando mudança visual...
2026-05-19 19:46:13,661 - INFO - ⌛ Esperando mudança visual...
2026-05-19 19:46:14,677 - INFO - ⌛ Esperando mudança visual...
2026-05-19 19:46:15,692 - INFO - ⌛ Esperando mudança visual...
2026-05-19 19:46:16,724 - INFO - ⌛ Esperando mudança visual...
2026-05-19 19:46:17,741 - INFO - ⌛ Esperando mudança visual...
2026-05-19 19:46:18,756 - INFO - ⌛ Esperando mudança visual...
2026-05-19 19:46:19,772 - INFO - ⌛ Esperando mudança visual...
2026-05-19 19:46:20,788 - INFO - ⌛ Esperando mudança visual...
2026-05-19 19:46:21,807 - INFO - ⌛ Esperando mudança visual...
2026-05-19 19:46:22,819 - INFO - ✅ Tela carregada!
2026-05-19 19:46:26,826 - INFO - 
=== rotina desbloquear_os ===
2026-05-19 19:46:53,324 - INFO - ⌛ Aguardando janela de confirmação de desbloqueio...
2026-05-19 19:47:08,889 - INFO - 🟨 Registros desbloqueados com sucesso
2026-05-19 19:47:12,991 - INFO - 
=== rotina editar_os ===
2026-05-19 19:47:22,437 - INFO - ⌛ Aguardando janela de edição de OS...
2026-05-19 19:47:37,961 - INFO - 🟨 OS programadas detectadas
2026-05-19 19:47:41,074 - INFO - ⌛ Aguardando janela de edição de OS...
2026-05-19 19:47:56,655 - INFO - 🟨 Janela de edição de OS detectada
2026-05-19 19:48:18,038 - INFO - 🟨 Janela de edição de habilidade da turma detectada
2026-05-19 19:49:36,342 - INFO - ⌛ Aguardando detecção do campo de caracteristica 'EQUIPE PRÓPRIA OU EPS' ...
2026-05-19 19:49:55,702 - INFO - 🟨 campo de caracteristica 'EQUIPE PRÓPRIA OU EPS detectado
2026-05-19 19:50:17,503 - INFO - ⌛ Aguardando confirmação 4 - editar OS...
2026-05-19 19:50:33,030 - INFO - ⌛ Aguardando confirmação 4 - editar OS...
2026-05-19 19:50:33,184 - INFO - 🟨 Identificado travamento no EQM, reiniciando contador de espera
2026-05-19 19:50:48,565 - INFO - ⌛ Aguardando confirmação 4 - editar OS...
2026-05-19 19:51:04,106 - INFO - ⌛ Aguardando confirmação 4 - editar OS...
2026-05-19 19:51:19,691 - INFO - 🟨 Janela de confirmação 4 de edição de OS detectada
2026-05-19 19:51:23,794 - INFO - 
=== rotina programar_os ===
2026-05-19 19:51:50,336 - INFO - ⌛ Aguardando janela de confirmação de programação de OS...
2026-05-19 19:52:15,848 - INFO - 🟨 Janela de confirmação de programação de OS detectada
2026-05-19 19:52:29,105 - INFO - 🟨 Janela de aviso de edição de OS programadas detectada
2026-05-19 19:52:36,319 - INFO - ⌛ aguardando janela de programação de lote de OS...
2026-05-19 19:53:01,877 - INFO - 🟨 Janela de aviso de substituição de lote de OS detectada
2026-05-19 19:53:21,986 - INFO - ⌛ aguardando janela de programação de lote de OS...
2026-05-19 19:53:47,563 - INFO - 🟨 Janela de programação de lote de OS detectada
2026-05-19 19:54:37,096 - INFO - 🟨 Janela de confirmação de programação de lote de OS detectada
2026-05-19 19:54:41,309 - INFO - ⌛ aguardando confirmação final de programação do lote
2026-05-19 19:55:06,797 - INFO - 🟨 programação do lote 9 efetuado com sucesso
2026-05-19 19:55:16,900 - INFO - 
=== Iniciando lote 10/18 [LV] ===
2026-05-19 19:55:16,900 - INFO - 
=== abrir_janela_selecao ===
2026-05-19 19:55:23,207 - INFO - 
=== rotina abrir_selecao_colar_os ===
2026-05-19 19:55:23,273 - INFO - Janela de seleção aberta
2026-05-19 19:55:27,495 - INFO - DEBUG: idx=9, inicio=225, fim=250
2026-05-19 19:55:27,495 - INFO - ✅ 25 OS copiadas para a área de transferência.
2026-05-19 19:55:27,495 - INFO - 📋 Lote 10 copiado.
2026-05-19 19:55:35,818 - INFO - ⌛ Esperando mudança visual...
2026-05-19 19:55:36,821 - INFO - ⌛ Esperando mudança visual...
2026-05-19 19:55:37,851 - INFO - ⌛ Esperando mudança visual...
2026-05-19 19:55:38,868 - INFO - ⌛ Esperando mudança visual...
2026-05-19 19:55:39,884 - INFO - ⌛ Esperando mudança visual...
2026-05-19 19:55:40,900 - INFO - ⌛ Esperando mudança visual...
2026-05-19 19:55:41,916 - INFO - ⌛ Esperando mudança visual...
2026-05-19 19:55:42,931 - INFO - ⌛ Esperando mudança visual...
2026-05-19 19:55:43,947 - INFO - ⌛ Esperando mudança visual...
2026-05-19 19:55:44,963 - INFO - ⌛ Esperando mudança visual...
2026-05-19 19:55:45,978 - INFO - ✅ Tela carregada!
2026-05-19 19:55:49,988 - INFO - 
=== rotina desbloquear_os ===
2026-05-19 19:56:16,439 - INFO - ⌛ Aguardando janela de confirmação de desbloqueio...
2026-05-19 19:56:31,899 - INFO - ⌛ Aguardando janela de confirmação de desbloqueio...
2026-05-19 19:56:47,349 - INFO - 🟨 Registros desbloqueados com sucesso
2026-05-19 19:56:51,452 - INFO - 
=== rotina editar_os ===
2026-05-19 19:57:00,854 - INFO - ⌛ Aguardando janela de edição de OS...
2026-05-19 19:57:16,305 - INFO - 🟨 OS programadas detectadas
2026-05-19 19:57:19,419 - INFO - ⌛ Aguardando janela de edição de OS...
2026-05-19 19:57:34,877 - INFO - 🟨 Janela de edição de OS detectada
2026-05-19 19:57:56,241 - INFO - 🟨 Janela de edição de habilidade da turma detectada
2026-05-19 19:59:14,556 - INFO - ⌛ Aguardando detecção do campo de caracteristica 'EQUIPE PRÓPRIA OU EPS' ...
2026-05-19 19:59:33,902 - INFO - 🟨 campo de caracteristica 'EQUIPE PRÓPRIA OU EPS detectado
2026-05-19 19:59:55,675 - INFO - ⌛ Aguardando confirmação 4 - editar OS...
2026-05-19 20:00:11,092 - INFO - ⌛ Aguardando confirmação 4 - editar OS...
2026-05-19 20:00:11,218 - INFO - 🟨 Identificado travamento no EQM, reiniciando contador de espera
2026-05-19 20:00:26,529 - INFO - ⌛ Aguardando confirmação 4 - editar OS...
2026-05-19 20:00:41,974 - INFO - 🟨 Janela de confirmação 4 de edição de OS detectada
2026-05-19 20:00:46,075 - INFO - 
=== rotina programar_os ===
2026-05-19 20:01:12,591 - INFO - ⌛ Aguardando janela de confirmação de programação de OS...
2026-05-19 20:01:37,998 - INFO - 🟨 Janela de confirmação de programação de OS detectada
2026-05-19 20:01:51,273 - INFO - 🟨 Janela de aviso de edição de OS programadas detectada
2026-05-19 20:01:58,499 - INFO - ⌛ aguardando janela de programação de lote de OS...
2026-05-19 20:02:24,073 - INFO - 🟨 Janela de aviso de substituição de lote de OS detectada
2026-05-19 20:02:44,183 - INFO - ⌛ aguardando janela de programação de lote de OS...
2026-05-19 20:03:09,687 - INFO - 🟨 Janela de programação de lote de OS detectada
2026-05-19 20:03:59,188 - INFO - 🟨 Janela de confirmação de programação de lote de OS detectada
2026-05-19 20:04:03,391 - INFO - ⌛ aguardando confirmação final de programação do lote
2026-05-19 20:04:28,846 - INFO - 🟨 programação do lote 10 efetuado com sucesso
2026-05-19 20:04:38,963 - INFO - 
=== Iniciando lote 11/18 [LV] ===
2026-05-19 20:04:38,963 - INFO - 
=== abrir_janela_selecao ===
2026-05-19 20:04:45,271 - INFO - 
=== rotina abrir_selecao_colar_os ===
2026-05-19 20:04:45,320 - INFO - Janela de seleção aberta
2026-05-19 20:04:49,545 - INFO - DEBUG: idx=10, inicio=250, fim=275
2026-05-19 20:04:49,545 - INFO - ✅ 25 OS copiadas para a área de transferência.
2026-05-19 20:04:49,545 - INFO - 📋 Lote 11 copiado.
2026-05-19 20:04:57,883 - INFO - ⌛ Esperando mudança visual...
2026-05-19 20:04:58,899 - INFO - ⌛ Esperando mudança visual...
2026-05-19 20:04:59,917 - INFO - ⌛ Esperando mudança visual...
2026-05-19 20:05:00,932 - INFO - ⌛ Esperando mudança visual...
2026-05-19 20:05:01,948 - INFO - ⌛ Esperando mudança visual...
2026-05-19 20:05:02,964 - INFO - ⌛ Esperando mudança visual...
2026-05-19 20:05:03,979 - INFO - ⌛ Esperando mudança visual...
2026-05-19 20:05:04,995 - INFO - ⌛ Esperando mudança visual...
2026-05-19 20:05:06,011 - INFO - ⌛ Esperando mudança visual...
2026-05-19 20:05:07,026 - INFO - ⌛ Esperando mudança visual...
2026-05-19 20:05:08,041 - INFO - ⌛ Esperando mudança visual...
2026-05-19 20:05:09,058 - INFO - ✅ Tela carregada!
2026-05-19 20:05:13,069 - INFO - 
=== rotina desbloquear_os ===
2026-05-19 20:05:39,529 - INFO - ⌛ Aguardando janela de confirmação de desbloqueio...
2026-05-19 20:05:54,965 - INFO - 🟨 Registros desbloqueados com sucesso
2026-05-19 20:05:59,068 - INFO - 
=== rotina editar_os ===
2026-05-19 20:06:08,468 - INFO - ⌛ Aguardando janela de edição de OS...
2026-05-19 20:06:23,950 - INFO - 🟨 OS programadas detectadas
2026-05-19 20:06:27,066 - INFO - ⌛ Aguardando janela de edição de OS...
2026-05-19 20:06:42,543 - INFO - 🟨 Janela de edição de OS detectada
2026-05-19 20:07:03,913 - INFO - 🟨 Janela de edição de habilidade da turma detectada
2026-05-19 20:08:22,225 - INFO - ⌛ Aguardando detecção do campo de caracteristica 'EQUIPE PRÓPRIA OU EPS' ...
2026-05-19 20:08:41,590 - INFO - 🟨 campo de caracteristica 'EQUIPE PRÓPRIA OU EPS detectado
2026-05-19 20:09:03,443 - INFO - ⌛ Aguardando confirmação 4 - editar OS...
2026-05-19 20:09:18,940 - INFO - ⌛ Aguardando confirmação 4 - editar OS...
2026-05-19 20:09:34,441 - INFO - ⌛ Aguardando confirmação 4 - editar OS...
2026-05-19 20:09:50,002 - INFO - 🟨 Janela de confirmação 4 de edição de OS detectada
2026-05-19 20:09:54,105 - INFO - 
=== rotina programar_os ===
2026-05-19 20:10:20,619 - INFO - ⌛ Aguardando janela de confirmação de programação de OS...
2026-05-19 20:10:46,033 - INFO - 🟨 Janela de confirmação de programação de OS detectada
2026-05-19 20:10:59,282 - INFO - 🟨 Janela de aviso de edição de OS programadas detectada
2026-05-19 20:11:06,488 - INFO - ⌛ aguardando janela de programação de lote de OS...
2026-05-19 20:11:31,982 - INFO - 🟨 Janela de aviso de substituição de lote de OS detectada
2026-05-19 20:11:52,094 - INFO - ⌛ aguardando janela de programação de lote de OS...
2026-05-19 20:12:17,739 - INFO - 🟨 Janela de programação de lote de OS detectada
2026-05-19 20:13:07,250 - INFO - 🟨 Janela de confirmação de programação de lote de OS detectada
2026-05-19 20:13:11,495 - INFO - ⌛ aguardando confirmação final de programação do lote
2026-05-19 20:13:37,002 - INFO - 🟨 programação do lote 11 efetuado com sucesso
2026-05-19 20:13:47,108 - INFO - 
=== Iniciando lote 12/18 [LV] ===
2026-05-19 20:13:47,108 - INFO - 
=== abrir_janela_selecao ===
2026-05-19 20:13:53,412 - INFO - 
=== rotina abrir_selecao_colar_os ===
2026-05-19 20:13:53,474 - INFO - Janela de seleção aberta
2026-05-19 20:13:57,718 - INFO - DEBUG: idx=11, inicio=275, fim=300
2026-05-19 20:13:57,718 - INFO - ✅ 25 OS copiadas para a área de transferência.
2026-05-19 20:13:57,718 - INFO - 📋 Lote 12 copiado.
2026-05-19 20:14:06,057 - INFO - ⌛ Esperando mudança visual...
2026-05-19 20:14:07,075 - INFO - ⌛ Esperando mudança visual...
2026-05-19 20:14:08,090 - INFO - ⌛ Esperando mudança visual...
2026-05-19 20:14:09,108 - INFO - ⌛ Esperando mudança visual...
2026-05-19 20:14:10,124 - INFO - ⌛ Esperando mudança visual...
2026-05-19 20:14:11,142 - INFO - ⌛ Esperando mudança visual...
2026-05-19 20:14:12,153 - INFO - ⌛ Esperando mudança visual...
2026-05-19 20:14:13,169 - INFO - ⌛ Esperando mudança visual...
2026-05-19 20:14:14,191 - INFO - ⌛ Esperando mudança visual...
2026-05-19 20:14:15,201 - INFO - ⌛ Esperando mudança visual...
2026-05-19 20:14:16,215 - INFO - ⌛ Esperando mudança visual...
2026-05-19 20:14:17,231 - INFO - ✅ Tela carregada!
2026-05-19 20:14:21,243 - INFO - 
=== rotina desbloquear_os ===
2026-05-19 20:14:47,700 - INFO - ⌛ Aguardando janela de confirmação de desbloqueio...
2026-05-19 20:15:03,176 - INFO - 🟨 Registros desbloqueados com sucesso
2026-05-19 20:15:07,278 - INFO - 
=== rotina editar_os ===
2026-05-19 20:15:16,689 - INFO - ⌛ Aguardando janela de edição de OS...
2026-05-19 20:15:32,140 - INFO - 🟨 OS programadas detectadas
2026-05-19 20:15:35,252 - INFO - ⌛ Aguardando janela de edição de OS...
2026-05-19 20:15:50,689 - INFO - 🟨 Janela de edição de OS detectada
2026-05-19 20:16:12,049 - INFO - 🟨 Janela de edição de habilidade da turma detectada
2026-05-19 20:17:30,383 - INFO - ⌛ Aguardando detecção do campo de caracteristica 'EQUIPE PRÓPRIA OU EPS' ...
2026-05-19 20:17:49,746 - INFO - 🟨 campo de caracteristica 'EQUIPE PRÓPRIA OU EPS detectado
2026-05-19 20:18:11,540 - INFO - 🟨 Janela de atenção de OS com contrato não vigente, pulando lote
2026-05-19 20:18:23,745 - INFO - 
=== Iniciando lote 13/18 [LV] ===
2026-05-19 20:18:23,745 - INFO - 
=== abrir_janela_selecao ===
2026-05-19 20:18:30,051 - INFO - 
=== rotina abrir_selecao_colar_os ===
2026-05-19 20:18:30,099 - INFO - Janela de seleção aberta
2026-05-19 20:18:34,320 - INFO - DEBUG: idx=12, inicio=300, fim=325
2026-05-19 20:18:34,320 - INFO - ✅ 25 OS copiadas para a área de transferência.
2026-05-19 20:18:34,320 - INFO - 📋 Lote 13 copiado.
2026-05-19 20:18:42,657 - INFO - ⌛ Esperando mudança visual...
2026-05-19 20:18:43,673 - INFO - ⌛ Esperando mudança visual...
2026-05-19 20:18:44,684 - INFO - ⌛ Esperando mudança visual...
2026-05-19 20:18:45,706 - INFO - ⌛ Esperando mudança visual...
2026-05-19 20:18:46,723 - INFO - ⌛ Esperando mudança visual...
2026-05-19 20:18:47,732 - INFO - ⌛ Esperando mudança visual...
2026-05-19 20:18:48,747 - INFO - ⌛ Esperando mudança visual...
2026-05-19 20:18:49,763 - INFO - ⌛ Esperando mudança visual...
2026-05-19 20:18:50,779 - INFO - ⌛ Esperando mudança visual...
2026-05-19 20:18:51,794 - INFO - ⌛ Esperando mudança visual...
2026-05-19 20:18:52,810 - INFO - ✅ Tela carregada!
2026-05-19 20:18:56,824 - INFO - 
=== rotina desbloquear_os ===
2026-05-19 20:19:23,291 - INFO - ⌛ Aguardando janela de confirmação de desbloqueio...
2026-05-19 20:19:38,737 - INFO - 🟨 Registros desbloqueados com sucesso
2026-05-19 20:19:42,841 - INFO - 
=== rotina editar_os ===
2026-05-19 20:19:52,242 - INFO - 🟨 OS programadas detectadas
2026-05-19 20:19:55,350 - INFO - ⌛ Aguardando janela de edição de OS...
2026-05-19 20:20:10,786 - INFO - 🟨 Janela de edição de OS detectada
2026-05-19 20:20:32,142 - INFO - 🟨 Janela de edição de habilidade da turma detectada
2026-05-19 20:21:50,466 - INFO - ⌛ Aguardando detecção do campo de caracteristica 'EQUIPE PRÓPRIA OU EPS' ...
2026-05-19 20:22:09,827 - INFO - 🟨 campo de caracteristica 'EQUIPE PRÓPRIA OU EPS detectado
2026-05-19 20:22:31,593 - INFO - ⌛ Aguardando confirmação 4 - editar OS...
2026-05-19 20:22:47,037 - INFO - ⌛ Aguardando confirmação 4 - editar OS...
2026-05-19 20:23:02,546 - INFO - 🟨 Janela de confirmação 4 de edição de OS detectada
2026-05-19 20:23:06,656 - INFO - 
=== rotina programar_os ===
2026-05-19 20:23:33,201 - INFO - ⌛ Aguardando janela de confirmação de programação de OS...
2026-05-19 20:23:58,690 - INFO - 🟨 Janela de confirmação de programação de OS detectada
2026-05-19 20:24:11,993 - INFO - 🟨 Janela de aviso de edição de OS programadas detectada
2026-05-19 20:24:19,222 - INFO - ⌛ aguardando janela de programação de lote de OS...
2026-05-19 20:24:44,727 - INFO - 🟨 Janela de aviso de substituição de lote de OS detectada
2026-05-19 20:25:04,829 - INFO - ⌛ aguardando janela de programação de lote de OS...
2026-05-19 20:25:30,305 - INFO - 🟨 Janela de programação de lote de OS detectada
2026-05-19 20:26:19,809 - INFO - 🟨 Janela de confirmação de programação de lote de OS detectada
2026-05-19 20:26:23,995 - INFO - ⌛ aguardando confirmação final de programação do lote
2026-05-19 20:26:49,487 - INFO - 🟨 programação do lote 13 efetuado com sucesso
2026-05-19 20:26:59,594 - INFO - 
=== Iniciando lote 14/18 [LV] ===
2026-05-19 20:26:59,594 - INFO - 
=== abrir_janela_selecao ===
2026-05-19 20:27:05,902 - INFO - 
=== rotina abrir_selecao_colar_os ===
2026-05-19 20:27:05,955 - INFO - Janela de seleção aberta
2026-05-19 20:27:10,177 - INFO - DEBUG: idx=13, inicio=325, fim=350
2026-05-19 20:27:10,177 - INFO - ✅ 25 OS copiadas para a área de transferência.
2026-05-19 20:27:10,177 - INFO - 📋 Lote 14 copiado.
2026-05-19 20:27:18,491 - INFO - ⌛ Esperando mudança visual...
2026-05-19 20:27:19,508 - INFO - ⌛ Esperando mudança visual...
2026-05-19 20:27:20,523 - INFO - ⌛ Esperando mudança visual...
2026-05-19 20:27:21,540 - INFO - ⌛ Esperando mudança visual...
2026-05-19 20:27:22,566 - INFO - ⌛ Esperando mudança visual...
2026-05-19 20:27:23,570 - INFO - ⌛ Esperando mudança visual...
2026-05-19 20:27:24,601 - INFO - ⌛ Esperando mudança visual...
2026-05-19 20:27:25,617 - INFO - ⌛ Esperando mudança visual...
2026-05-19 20:27:26,634 - INFO - ⌛ Esperando mudança visual...
2026-05-19 20:27:27,650 - INFO - ⌛ Esperando mudança visual...
2026-05-19 20:27:28,668 - INFO - ✅ Tela carregada!
2026-05-19 20:27:32,670 - INFO - 
=== rotina desbloquear_os ===
2026-05-19 20:27:59,161 - INFO - ⌛ Aguardando janela de confirmação de desbloqueio...
2026-05-19 20:28:14,585 - INFO - 🟨 Registros desbloqueados com sucesso
2026-05-19 20:28:18,696 - INFO - 
=== rotina editar_os ===
2026-05-19 20:28:28,111 - INFO - 🟨 OS programadas detectadas
2026-05-19 20:28:31,213 - INFO - ⌛ Aguardando janela de edição de OS...
2026-05-19 20:28:46,671 - INFO - 🟨 Janela de edição de OS detectada
2026-05-19 20:29:08,038 - INFO - 🟨 Janela de edição de habilidade da turma detectada
2026-05-19 20:30:26,351 - INFO - ⌛ Aguardando detecção do campo de caracteristica 'EQUIPE PRÓPRIA OU EPS' ...
2026-05-19 20:30:45,704 - INFO - 🟨 campo de caracteristica 'EQUIPE PRÓPRIA OU EPS detectado
2026-05-19 20:31:07,474 - INFO - ⌛ Aguardando confirmação 4 - editar OS...
2026-05-19 20:31:22,928 - INFO - ⌛ Aguardando confirmação 4 - editar OS...
2026-05-19 20:31:38,385 - INFO - 🟨 Janela de confirmação 4 de edição de OS detectada
2026-05-19 20:31:42,492 - INFO - 
=== rotina programar_os ===
2026-05-19 20:32:09,006 - INFO - ⌛ Aguardando janela de confirmação de programação de OS...
2026-05-19 20:32:34,421 - INFO - 🟨 Janela de confirmação de programação de OS detectada
2026-05-19 20:32:47,670 - INFO - 🟨 Janela de aviso de edição de OS programadas detectada
2026-05-19 20:32:54,873 - INFO - ⌛ aguardando janela de programação de lote de OS...
2026-05-19 20:33:20,372 - INFO - 🟨 Janela de aviso de substituição de lote de OS detectada
2026-05-19 20:33:40,474 - INFO - ⌛ aguardando janela de programação de lote de OS...
2026-05-19 20:34:05,939 - INFO - 🟨 Janela de programação de lote de OS detectada
2026-05-19 20:34:55,466 - INFO - 🟨 Janela de confirmação de programação de lote de OS detectada
2026-05-19 20:34:59,685 - INFO - ⌛ aguardando confirmação final de programação do lote
2026-05-19 20:35:25,118 - INFO - 🟨 programação do lote 14 efetuado com sucesso
2026-05-19 20:35:35,221 - INFO - 
=== Iniciando lote 15/18 [LV] ===
2026-05-19 20:35:35,221 - INFO - 
=== abrir_janela_selecao ===
2026-05-19 20:35:41,526 - INFO - 
=== rotina abrir_selecao_colar_os ===
2026-05-19 20:35:41,580 - INFO - Janela de seleção aberta
2026-05-19 20:35:45,806 - INFO - DEBUG: idx=14, inicio=350, fim=375
2026-05-19 20:35:45,806 - INFO - ✅ 25 OS copiadas para a área de transferência.
2026-05-19 20:35:45,806 - INFO - 📋 Lote 15 copiado.
2026-05-19 20:35:54,145 - INFO - ⌛ Esperando mudança visual...
2026-05-19 20:35:55,149 - INFO - ⌛ Esperando mudança visual...
2026-05-19 20:35:56,181 - INFO - ⌛ Esperando mudança visual...
2026-05-19 20:35:57,197 - INFO - ⌛ Esperando mudança visual...
2026-05-19 20:35:58,213 - INFO - ⌛ Esperando mudança visual...
2026-05-19 20:35:59,230 - INFO - ⌛ Esperando mudança visual...
2026-05-19 20:36:00,244 - INFO - ⌛ Esperando mudança visual...
2026-05-19 20:36:01,260 - INFO - ⌛ Esperando mudança visual...
2026-05-19 20:36:02,279 - INFO - ⌛ Esperando mudança visual...
2026-05-19 20:36:03,291 - INFO - ⌛ Esperando mudança visual...
2026-05-19 20:36:04,307 - INFO - ✅ Tela carregada!
2026-05-19 20:36:08,316 - INFO - 
=== rotina desbloquear_os ===
2026-05-19 20:36:34,774 - INFO - ⌛ Aguardando janela de confirmação de desbloqueio...
2026-05-19 20:36:50,206 - INFO - 🟨 Registros desbloqueados com sucesso
2026-05-19 20:36:54,309 - INFO - 
=== rotina editar_os ===
2026-05-19 20:37:03,725 - INFO - ⌛ Aguardando janela de edição de OS...
2026-05-19 20:37:19,171 - INFO - 🟨 OS programadas detectadas
2026-05-19 20:37:22,273 - INFO - ⌛ Aguardando janela de edição de OS...
2026-05-19 20:37:37,720 - INFO - 🟨 Janela de edição de OS detectada
2026-05-19 20:37:59,076 - INFO - 🟨 Janela de edição de habilidade da turma detectada
2026-05-19 20:39:17,416 - INFO - ⌛ Aguardando detecção do campo de caracteristica 'EQUIPE PRÓPRIA OU EPS' ...
2026-05-19 20:39:36,767 - INFO - 🟨 campo de caracteristica 'EQUIPE PRÓPRIA OU EPS detectado
2026-05-19 20:39:58,534 - INFO - ⌛ Aguardando confirmação 4 - editar OS...
2026-05-19 20:40:13,969 - INFO - ⌛ Aguardando confirmação 4 - editar OS...
2026-05-19 20:40:29,403 - INFO - ⌛ Aguardando confirmação 4 - editar OS...
2026-05-19 20:40:44,852 - INFO - 🟨 Janela de confirmação 4 de edição de OS detectada
2026-05-19 20:40:48,954 - INFO - 
=== rotina programar_os ===
2026-05-19 20:41:15,469 - INFO - ⌛ Aguardando janela de confirmação de programação de OS...
2026-05-19 20:41:40,882 - INFO - 🟨 Janela de confirmação de programação de OS detectada
2026-05-19 20:41:54,149 - INFO - 🟨 Janela de aviso de edição de OS programadas detectada
2026-05-19 20:42:01,354 - INFO - ⌛ aguardando janela de programação de lote de OS...
2026-05-19 20:42:26,876 - INFO - 🟨 Janela de aviso de substituição de lote de OS detectada
2026-05-19 20:42:46,992 - INFO - ⌛ aguardando janela de programação de lote de OS...
2026-05-19 20:43:12,496 - INFO - 🟨 Janela de programação de lote de OS detectada
2026-05-19 20:44:02,049 - INFO - 🟨 Janela de confirmação de programação de lote de OS detectada
2026-05-19 20:44:06,265 - INFO - ⌛ aguardando confirmação final de programação do lote
2026-05-19 20:44:31,699 - INFO - 🟨 programação do lote 15 efetuado com sucesso
2026-05-19 20:44:41,802 - INFO - 
=== Iniciando lote 16/18 [LV] ===
2026-05-19 20:44:41,802 - INFO - 
=== abrir_janela_selecao ===
2026-05-19 20:44:48,125 - INFO - 
=== rotina abrir_selecao_colar_os ===
2026-05-19 20:44:48,172 - INFO - Janela de seleção aberta
2026-05-19 20:44:52,417 - INFO - DEBUG: idx=15, inicio=375, fim=400
2026-05-19 20:44:52,417 - INFO - ✅ 25 OS copiadas para a área de transferência.
2026-05-19 20:44:52,417 - INFO - 📋 Lote 16 copiado.
2026-05-19 20:45:00,758 - INFO - ⌛ Esperando mudança visual...
2026-05-19 20:45:01,771 - INFO - ⌛ Esperando mudança visual...
2026-05-19 20:45:02,790 - INFO - ⌛ Esperando mudança visual...
2026-05-19 20:45:03,805 - INFO - ⌛ Esperando mudança visual...
2026-05-19 20:45:04,822 - INFO - ⌛ Esperando mudança visual...
2026-05-19 20:45:05,837 - INFO - ⌛ Esperando mudança visual...
2026-05-19 20:45:06,852 - INFO - ⌛ Esperando mudança visual...
2026-05-19 20:45:07,868 - INFO - ⌛ Esperando mudança visual...
2026-05-19 20:45:08,883 - INFO - ⌛ Esperando mudança visual...
2026-05-19 20:45:09,904 - INFO - ✅ Tela carregada!
2026-05-19 20:45:13,908 - INFO - 
=== rotina desbloquear_os ===
2026-05-19 20:45:40,367 - INFO - ⌛ Aguardando janela de confirmação de desbloqueio...
2026-05-19 20:45:55,778 - INFO - 🟨 Registros desbloqueados com sucesso
2026-05-19 20:45:59,881 - INFO - 
=== rotina editar_os ===
2026-05-19 20:46:09,303 - INFO - 🟨 OS programadas detectadas
2026-05-19 20:46:12,406 - INFO - ⌛ Aguardando janela de edição de OS...
2026-05-19 20:46:27,846 - INFO - 🟨 Janela de edição de OS detectada
2026-05-19 20:46:49,226 - INFO - 🟨 Janela de edição de habilidade da turma detectada
2026-05-19 20:48:07,543 - INFO - ⌛ Aguardando detecção do campo de caracteristica 'EQUIPE PRÓPRIA OU EPS' ...
2026-05-19 20:48:26,894 - INFO - 🟨 campo de caracteristica 'EQUIPE PRÓPRIA OU EPS detectado
2026-05-19 20:48:48,683 - INFO - ⌛ Aguardando confirmação 4 - editar OS...
2026-05-19 20:49:04,152 - INFO - ⌛ Aguardando confirmação 4 - editar OS...
2026-05-19 20:49:19,732 - INFO - 🟨 Janela de confirmação 4 de edição de OS detectada
2026-05-19 20:49:23,834 - INFO - 
=== rotina programar_os ===
2026-05-19 20:49:50,367 - INFO - ⌛ Aguardando janela de confirmação de programação de OS...
2026-05-19 20:50:15,811 - INFO - 🟨 Janela de confirmação de programação de OS detectada
2026-05-19 20:50:29,079 - INFO - 🟨 Janela de aviso de edição de OS programadas detectada
2026-05-19 20:50:36,283 - INFO - ⌛ aguardando janela de programação de lote de OS...
2026-05-19 20:51:01,821 - INFO - 🟨 Janela de aviso de substituição de lote de OS detectada
2026-05-19 20:51:21,923 - INFO - ⌛ aguardando janela de programação de lote de OS...
2026-05-19 20:51:47,464 - INFO - 🟨 Janela de programação de lote de OS detectada
2026-05-19 20:52:36,965 - INFO - 🟨 Janela de confirmação de programação de lote de OS detectada
2026-05-19 20:52:41,196 - INFO - ⌛ aguardando confirmação final de programação do lote
2026-05-19 20:53:06,679 - INFO - 🟨 programação do lote 16 efetuado com sucesso
2026-05-19 20:53:16,786 - INFO - 
=== Iniciando lote 17/18 [LV] ===
2026-05-19 20:53:16,786 - INFO - 
=== abrir_janela_selecao ===
2026-05-19 20:53:23,105 - INFO - 
=== rotina abrir_selecao_colar_os ===
2026-05-19 20:53:23,157 - INFO - Janela de seleção aberta
2026-05-19 20:53:27,375 - INFO - DEBUG: idx=16, inicio=400, fim=425
2026-05-19 20:53:27,375 - INFO - ✅ 25 OS copiadas para a área de transferência.
2026-05-19 20:53:27,375 - INFO - 📋 Lote 17 copiado.
2026-05-19 20:53:35,720 - INFO - ⌛ Esperando mudança visual...
2026-05-19 20:53:36,734 - INFO - ⌛ Esperando mudança visual...
2026-05-19 20:53:37,749 - INFO - ⌛ Esperando mudança visual...
2026-05-19 20:53:38,765 - INFO - ⌛ Esperando mudança visual...
2026-05-19 20:53:39,780 - INFO - ⌛ Esperando mudança visual...
2026-05-19 20:53:40,796 - INFO - ⌛ Esperando mudança visual...
2026-05-19 20:53:41,812 - INFO - ⌛ Esperando mudança visual...
2026-05-19 20:53:42,827 - INFO - ⌛ Esperando mudança visual...
2026-05-19 20:53:43,843 - INFO - ⌛ Esperando mudança visual...
2026-05-19 20:53:44,858 - INFO - ✅ Tela carregada!
2026-05-19 20:53:48,870 - INFO - 
=== rotina desbloquear_os ===
2026-05-19 20:54:15,355 - INFO - ⌛ Aguardando janela de confirmação de desbloqueio...
2026-05-19 20:54:30,804 - INFO - 🟨 Registros desbloqueados com sucesso
2026-05-19 20:54:34,909 - INFO - 
=== rotina editar_os ===
2026-05-19 20:54:44,335 - INFO - 🟨 OS programadas detectadas
2026-05-19 20:54:47,440 - INFO - ⌛ Aguardando janela de edição de OS...
2026-05-19 20:55:02,898 - INFO - 🟨 Janela de edição de OS detectada
2026-05-19 20:55:24,260 - INFO - 🟨 Janela de edição de habilidade da turma detectada
2026-05-19 20:56:42,577 - INFO - ⌛ Aguardando detecção do campo de caracteristica 'EQUIPE PRÓPRIA OU EPS' ...
2026-05-19 20:57:01,939 - INFO - 🟨 campo de caracteristica 'EQUIPE PRÓPRIA OU EPS detectado
2026-05-19 20:57:23,746 - INFO - ⌛ Aguardando confirmação 4 - editar OS...
2026-05-19 20:57:39,226 - INFO - ⌛ Aguardando confirmação 4 - editar OS...
2026-05-19 20:57:54,777 - INFO - 🟨 Janela de confirmação 4 de edição de OS detectada
2026-05-19 20:57:58,883 - INFO - 
=== rotina programar_os ===
2026-05-19 20:58:25,429 - INFO - ⌛ Aguardando janela de confirmação de programação de OS...
2026-05-19 20:58:50,906 - INFO - 🟨 Janela de confirmação de programação de OS detectada
2026-05-19 20:59:04,194 - INFO - 🟨 Janela de aviso de edição de OS programadas detectada
2026-05-19 20:59:11,398 - INFO - ⌛ aguardando janela de programação de lote de OS...
2026-05-19 20:59:36,925 - INFO - 🟨 Janela de aviso de substituição de lote de OS detectada
2026-05-19 20:59:57,030 - INFO - ⌛ aguardando janela de programação de lote de OS...
2026-05-19 21:00:22,550 - INFO - 🟨 Janela de programação de lote de OS detectada
2026-05-19 21:01:12,050 - INFO - 🟨 Janela de confirmação de programação de lote de OS detectada
2026-05-19 21:01:16,271 - INFO - ⌛ aguardando confirmação final de programação do lote
2026-05-19 21:01:41,741 - INFO - 🟨 programação do lote 17 efetuado com sucesso
2026-05-19 21:01:51,844 - INFO - 
=== Iniciando lote 18/18 [LV] ===
2026-05-19 21:01:51,844 - INFO - 
=== abrir_janela_selecao ===
2026-05-19 21:01:58,149 - INFO - 
=== rotina abrir_selecao_colar_os ===
2026-05-19 21:01:58,204 - INFO - Janela de seleção aberta
2026-05-19 21:02:02,424 - INFO - DEBUG: idx=17, inicio=425, fim=450
2026-05-19 21:02:02,424 - INFO - ✅ 19 OS copiadas para a área de transferência.
2026-05-19 21:02:02,424 - INFO - 📋 Lote 18 copiado.
2026-05-19 21:02:10,762 - INFO - ⌛ Esperando mudança visual...
2026-05-19 21:02:11,773 - INFO - ⌛ Esperando mudança visual...
2026-05-19 21:02:12,788 - INFO - ⌛ Esperando mudança visual...
2026-05-19 21:02:13,804 - INFO - ⌛ Esperando mudança visual...
2026-05-19 21:02:14,828 - INFO - ⌛ Esperando mudança visual...
2026-05-19 21:02:15,836 - INFO - ⌛ Esperando mudança visual...
2026-05-19 21:02:16,852 - INFO - ⌛ Esperando mudança visual...
2026-05-19 21:02:17,880 - INFO - ⌛ Esperando mudança visual...
2026-05-19 21:02:18,882 - INFO - ⌛ Esperando mudança visual...
2026-05-19 21:02:19,914 - INFO - ⌛ Esperando mudança visual...
2026-05-19 21:02:20,930 - INFO - ⌛ Esperando mudança visual...
2026-05-19 21:02:21,946 - INFO - ⌛ Esperando mudança visual...
2026-05-19 21:02:22,961 - INFO - ✅ Tela carregada!
2026-05-19 21:02:26,962 - INFO - 
=== rotina desbloquear_os ===
2026-05-19 21:02:53,463 - INFO - ⌛ Aguardando janela de confirmação de desbloqueio...
2026-05-19 21:03:08,957 - INFO - 🟨 Registros desbloqueados com sucesso
2026-05-19 21:03:13,078 - INFO - 
=== rotina editar_os ===
2026-05-19 21:03:22,509 - INFO - 🟨 OS programadas detectadas
2026-05-19 21:03:25,612 - INFO - ⌛ Aguardando janela de edição de OS...
2026-05-19 21:03:41,058 - INFO - 🟨 Janela de edição de OS detectada
2026-05-19 21:04:02,430 - INFO - 🟨 Janela de edição de habilidade da turma detectada
2026-05-19 21:05:20,719 - INFO - ⌛ Aguardando detecção do campo de caracteristica 'EQUIPE PRÓPRIA OU EPS' ...
2026-05-19 21:05:40,083 - INFO - 🟨 campo de caracteristica 'EQUIPE PRÓPRIA OU EPS detectado
2026-05-19 21:06:01,847 - INFO - ⌛ Aguardando confirmação 4 - editar OS...
2026-05-19 21:06:17,324 - INFO - ⌛ Aguardando confirmação 4 - editar OS...
2026-05-19 21:06:32,813 - INFO - 🟨 Janela de confirmação 4 de edição de OS detectada
2026-05-19 21:06:36,922 - INFO - 
=== rotina programar_os ===
2026-05-19 21:07:03,459 - INFO - ⌛ Aguardando janela de confirmação de programação de OS...
2026-05-19 21:07:28,926 - INFO - 🟨 Janela de confirmação de programação de OS detectada
2026-05-19 21:07:42,213 - INFO - 🟨 Janela de aviso de edição de OS programadas detectada
2026-05-19 21:07:49,427 - INFO - ⌛ aguardando janela de programação de lote de OS...
2026-05-19 21:08:14,963 - INFO - 🟨 Janela de aviso de substituição de lote de OS detectada
2026-05-19 21:08:35,068 - INFO - ⌛ aguardando janela de programação de lote de OS...
2026-05-19 21:09:00,565 - INFO - 🟨 Janela de programação de lote de OS detectada
2026-05-19 21:09:50,098 - INFO - 🟨 Janela de confirmação de programação de lote de OS detectada
2026-05-19 21:09:54,299 - INFO - ⌛ aguardando confirmação final de programação do lote
2026-05-19 21:10:19,733 - INFO - 🟨 programação do lote 18 efetuado com sucesso
2026-05-19 21:10:29,839 - INFO - 
=== Iniciando lote 1/7 [LM] ===
2026-05-19 21:10:29,840 - INFO - 
=== abrir_janela_selecao ===
2026-05-19 21:10:36,146 - INFO - 
=== rotina abrir_selecao_colar_os ===
2026-05-19 21:10:36,202 - INFO - Janela de seleção aberta
2026-05-19 21:10:40,418 - INFO - DEBUG: idx=0, inicio=0, fim=25
2026-05-19 21:10:40,418 - INFO - ✅ 25 OS copiadas para a área de transferência.
2026-05-19 21:10:40,418 - INFO - 📋 Lote 1 copiado.
2026-05-19 21:10:48,760 - INFO - ⌛ Esperando mudança visual...
2026-05-19 21:10:49,777 - INFO - ⌛ Esperando mudança visual...
2026-05-19 21:10:50,794 - INFO - ⌛ Esperando mudança visual...
2026-05-19 21:10:51,809 - INFO - ⌛ Esperando mudança visual...
2026-05-19 21:10:52,827 - INFO - ⌛ Esperando mudança visual...
2026-05-19 21:10:53,842 - INFO - ⌛ Esperando mudança visual...
2026-05-19 21:10:54,858 - INFO - ⌛ Esperando mudança visual...
2026-05-19 21:10:55,873 - INFO - ⌛ Esperando mudança visual...
2026-05-19 21:10:56,889 - INFO - ⌛ Esperando mudança visual...
2026-05-19 21:10:57,905 - INFO - ⌛ Esperando mudança visual...
2026-05-19 21:10:58,920 - INFO - ⌛ Esperando mudança visual...
2026-05-19 21:10:59,936 - INFO - ⌛ Esperando mudança visual...
2026-05-19 21:11:00,951 - INFO - ⌛ Esperando mudança visual...
2026-05-19 21:11:01,967 - INFO - ⌛ Esperando mudança visual...
2026-05-19 21:11:02,983 - INFO - ⌛ Esperando mudança visual...
2026-05-19 21:11:03,999 - INFO - ⌛ Esperando mudança visual...
2026-05-19 21:11:05,014 - INFO - ⌛ Esperando mudança visual...
2026-05-19 21:11:06,030 - INFO - ✅ Tela carregada!
2026-05-19 21:11:10,045 - INFO - 
=== rotina desbloquear_os ===
2026-05-19 21:11:36,516 - INFO - ⌛ Aguardando janela de confirmação de desbloqueio...
2026-05-19 21:11:51,930 - INFO - 🟨 Registros desbloqueados com sucesso
2026-05-19 21:11:56,034 - INFO - 
=== rotina editar_os ===
2026-05-19 21:12:05,449 - INFO - 🟨 OS programadas detectadas
2026-05-19 21:12:08,552 - INFO - ⌛ Aguardando janela de edição de OS...
2026-05-19 21:12:23,999 - INFO - 🟨 Janela de edição de OS detectada
2026-05-19 21:12:45,357 - INFO - 🟨 Janela de edição de habilidade da turma detectada
2026-05-19 21:14:03,651 - INFO - ⌛ Aguardando detecção do campo de caracteristica 'EQUIPE PRÓPRIA OU EPS' ...
2026-05-19 21:14:23,008 - INFO - 🟨 campo de caracteristica 'EQUIPE PRÓPRIA OU EPS detectado
2026-05-19 21:14:44,803 - INFO - ⌛ Aguardando confirmação 4 - editar OS...
2026-05-19 21:15:00,343 - INFO - ⌛ Aguardando confirmação 4 - editar OS...
2026-05-19 21:15:15,852 - INFO - 🟨 Janela de confirmação 4 de edição de OS detectada
2026-05-19 21:15:19,957 - INFO - 
=== rotina programar_os ===
2026-05-19 21:15:46,494 - INFO - ⌛ Aguardando janela de confirmação de programação de OS...
2026-05-19 21:16:11,943 - INFO - 🟨 Janela de confirmação de programação de OS detectada
2026-05-19 21:16:25,275 - INFO - 🟨 Janela de aviso de edição de OS programadas detectada
2026-05-19 21:16:32,480 - INFO - ⌛ aguardando janela de programação de lote de OS...
2026-05-19 21:16:58,000 - INFO - 🟨 Janela de aviso de substituição de lote de OS detectada
2026-05-19 21:17:18,094 - INFO - ⌛ aguardando janela de programação de lote de OS...
2026-05-19 21:17:43,557 - INFO - 🟨 Janela de programação de lote de OS detectada
2026-05-19 21:18:33,053 - INFO - 🟨 Janela de confirmação de programação de lote de OS detectada
2026-05-19 21:18:37,245 - INFO - ⌛ aguardando confirmação final de programação do lote
2026-05-19 21:19:02,686 - INFO - 🟨 programação do lote 1 efetuado com sucesso
2026-05-19 21:19:12,787 - INFO - 
=== Iniciando lote 2/7 [LM] ===
2026-05-19 21:19:12,788 - INFO - 
=== abrir_janela_selecao ===
2026-05-19 21:19:19,095 - INFO - 
=== rotina abrir_selecao_colar_os ===
2026-05-19 21:19:19,150 - INFO - Janela de seleção aberta
2026-05-19 21:19:23,366 - INFO - DEBUG: idx=1, inicio=25, fim=50
2026-05-19 21:19:23,366 - INFO - ✅ 25 OS copiadas para a área de transferência.
2026-05-19 21:19:23,366 - INFO - 📋 Lote 2 copiado.
2026-05-19 21:19:31,684 - INFO - ⌛ Esperando mudança visual...
2026-05-19 21:19:32,700 - INFO - ⌛ Esperando mudança visual...
2026-05-19 21:19:33,715 - INFO - ⌛ Esperando mudança visual...
2026-05-19 21:19:34,731 - INFO - ⌛ Esperando mudança visual...
2026-05-19 21:19:35,758 - INFO - ⌛ Esperando mudança visual...
2026-05-19 21:19:36,761 - INFO - ⌛ Esperando mudança visual...
2026-05-19 21:19:37,777 - INFO - ⌛ Esperando mudança visual...
2026-05-19 21:19:38,793 - INFO - ⌛ Esperando mudança visual...
2026-05-19 21:19:39,824 - INFO - ⌛ Esperando mudança visual...
2026-05-19 21:19:40,841 - INFO - ⌛ Esperando mudança visual...
2026-05-19 21:19:41,856 - INFO - ⌛ Esperando mudança visual...
2026-05-19 21:19:42,871 - INFO - ⌛ Esperando mudança visual...
2026-05-19 21:19:43,887 - INFO - ⌛ Esperando mudança visual...
2026-05-19 21:19:44,902 - INFO - ⌛ Esperando mudança visual...
2026-05-19 21:19:45,918 - INFO - ⌛ Esperando mudança visual...
2026-05-19 21:19:46,934 - INFO - ⌛ Esperando mudança visual...
2026-05-19 21:19:47,949 - INFO - ⌛ Esperando mudança visual...
2026-05-19 21:19:48,968 - INFO - ✅ Tela carregada!
2026-05-19 21:19:52,973 - INFO - 
=== rotina desbloquear_os ===
2026-05-19 21:20:19,429 - INFO - ⌛ Aguardando janela de confirmação de desbloqueio...
2026-05-19 21:20:34,828 - INFO - 🟨 Registros desbloqueados com sucesso
2026-05-19 21:20:38,932 - INFO - 
=== rotina editar_os ===
2026-05-19 21:20:48,332 - INFO - 🟨 OS programadas detectadas
2026-05-19 21:20:51,445 - INFO - ⌛ Aguardando janela de edição de OS...
2026-05-19 21:21:06,876 - INFO - 🟨 Janela de edição de OS detectada
2026-05-19 21:21:28,250 - INFO - 🟨 Janela de edição de habilidade da turma detectada
2026-05-19 21:22:46,556 - INFO - ⌛ Aguardando detecção do campo de caracteristica 'EQUIPE PRÓPRIA OU EPS' ...
2026-05-19 21:23:05,934 - INFO - 🟨 campo de caracteristica 'EQUIPE PRÓPRIA OU EPS detectado
2026-05-19 21:23:27,753 - INFO - ⌛ Aguardando confirmação 4 - editar OS...
2026-05-19 21:23:43,243 - INFO - ⌛ Aguardando confirmação 4 - editar OS...
2026-05-19 21:23:58,755 - INFO - 🟨 Janela de confirmação 4 de edição de OS detectada
2026-05-19 21:24:02,859 - INFO - 
=== rotina programar_os ===
2026-05-19 21:24:29,406 - INFO - ⌛ Aguardando janela de confirmação de programação de OS...
2026-05-19 21:24:54,883 - INFO - 🟨 Janela de confirmação de programação de OS detectada
2026-05-19 21:25:08,155 - INFO - 🟨 Janela de aviso de edição de OS programadas detectada
2026-05-19 21:25:15,370 - INFO - ⌛ aguardando janela de programação de lote de OS...
2026-05-19 21:25:40,898 - INFO - 🟨 Janela de aviso de substituição de lote de OS detectada
2026-05-19 21:26:01,014 - INFO - ⌛ aguardando janela de programação de lote de OS...
2026-05-19 21:26:26,500 - INFO - 🟨 Janela de programação de lote de OS detectada
2026-05-19 21:27:16,018 - INFO - 🟨 Janela de confirmação de programação de lote de OS detectada
2026-05-19 21:27:20,216 - INFO - ⌛ aguardando confirmação final de programação do lote
2026-05-19 21:27:45,666 - INFO - 🟨 programação do lote 2 efetuado com sucesso
2026-05-19 21:27:55,777 - INFO - 
=== Iniciando lote 3/7 [LM] ===
2026-05-19 21:27:55,778 - INFO - 
=== abrir_janela_selecao ===
2026-05-19 21:28:02,109 - INFO - 
=== rotina abrir_selecao_colar_os ===
2026-05-19 21:28:02,158 - INFO - Janela de seleção aberta
2026-05-19 21:28:06,414 - INFO - DEBUG: idx=2, inicio=50, fim=75
2026-05-19 21:28:06,414 - INFO - ✅ 25 OS copiadas para a área de transferência.
2026-05-19 21:28:06,414 - INFO - 📋 Lote 3 copiado.
2026-05-19 21:28:14,739 - INFO - ⌛ Esperando mudança visual...
2026-05-19 21:28:15,760 - INFO - ⌛ Esperando mudança visual...
2026-05-19 21:28:16,776 - INFO - ⌛ Esperando mudança visual...
2026-05-19 21:28:17,790 - INFO - ⌛ Esperando mudança visual...
2026-05-19 21:28:18,808 - INFO - ⌛ Esperando mudança visual...
2026-05-19 21:28:19,825 - INFO - ⌛ Esperando mudança visual...
2026-05-19 21:28:20,840 - INFO - ⌛ Esperando mudança visual...
2026-05-19 21:28:21,859 - INFO - ⌛ Esperando mudança visual...
2026-05-19 21:28:22,874 - INFO - ⌛ Esperando mudança visual...
2026-05-19 21:28:23,891 - INFO - ⌛ Esperando mudança visual...
2026-05-19 21:28:24,895 - INFO - ⌛ Esperando mudança visual...
2026-05-19 21:28:25,924 - INFO - ✅ Tela carregada!
2026-05-19 21:28:29,925 - INFO - 
=== rotina desbloquear_os ===
2026-05-19 21:28:56,397 - INFO - ⌛ Aguardando janela de confirmação de desbloqueio...
2026-05-19 21:29:11,822 - INFO - 🟨 Registros desbloqueados com sucesso
2026-05-19 21:29:15,925 - INFO - 
=== rotina editar_os ===
2026-05-19 21:29:25,329 - INFO - 🟨 OS programadas detectadas
2026-05-19 21:29:28,432 - INFO - ⌛ Aguardando janela de edição de OS...
2026-05-19 21:29:43,862 - INFO - 🟨 Janela de edição de OS detectada
2026-05-19 21:30:05,229 - INFO - 🟨 Janela de edição de habilidade da turma detectada
2026-05-19 21:31:23,515 - INFO - ⌛ Aguardando detecção do campo de caracteristica 'EQUIPE PRÓPRIA OU EPS' ...
2026-05-19 21:31:42,872 - INFO - 🟨 campo de caracteristica 'EQUIPE PRÓPRIA OU EPS detectado
2026-05-19 21:32:04,641 - INFO - ⌛ Aguardando confirmação 4 - editar OS...
2026-05-19 21:32:20,092 - INFO - 🟨 Janela de confirmação 4 de edição de OS detectada
2026-05-19 21:32:24,197 - INFO - 
=== rotina programar_os ===
2026-05-19 21:32:50,708 - INFO - ⌛ Aguardando janela de confirmação de programação de OS...
2026-05-19 21:33:16,136 - INFO - 🟨 Janela de confirmação de programação de OS detectada
2026-05-19 21:33:29,408 - INFO - 🟨 Janela de aviso de edição de OS programadas detectada
2026-05-19 21:33:36,611 - INFO - ⌛ aguardando janela de programação de lote de OS...
2026-05-19 21:34:02,137 - INFO - 🟨 Janela de aviso de substituição de lote de OS detectada
2026-05-19 21:34:22,240 - INFO - ⌛ aguardando janela de programação de lote de OS...
2026-05-19 21:34:47,720 - INFO - 🟨 Janela de programação de lote de OS detectada
2026-05-19 21:35:37,221 - INFO - 🟨 Janela de confirmação de programação de lote de OS detectada
2026-05-19 21:35:41,419 - INFO - ⌛ aguardando confirmação final de programação do lote
2026-05-19 21:36:06,871 - INFO - 🟨 programação do lote 3 efetuado com sucesso
2026-05-19 21:36:16,973 - INFO - 
=== Iniciando lote 4/7 [LM] ===
2026-05-19 21:36:16,973 - INFO - 
=== abrir_janela_selecao ===
2026-05-19 21:36:23,280 - INFO - 
=== rotina abrir_selecao_colar_os ===
2026-05-19 21:36:23,333 - INFO - Janela de seleção aberta
2026-05-19 21:36:27,558 - INFO - DEBUG: idx=3, inicio=75, fim=100
2026-05-19 21:36:27,558 - INFO - ✅ 25 OS copiadas para a área de transferência.
2026-05-19 21:36:27,558 - INFO - 📋 Lote 4 copiado.
2026-05-19 21:36:35,915 - INFO - ⌛ Esperando mudança visual...
2026-05-19 21:36:36,932 - INFO - ⌛ Esperando mudança visual...
2026-05-19 21:36:37,946 - INFO - ⌛ Esperando mudança visual...
2026-05-19 21:36:38,965 - INFO - ⌛ Esperando mudança visual...
2026-05-19 21:36:39,981 - INFO - ⌛ Esperando mudança visual...
2026-05-19 21:36:40,983 - INFO - ⌛ Esperando mudança visual...
2026-05-19 21:36:42,015 - INFO - ⌛ Esperando mudança visual...
2026-05-19 21:36:43,030 - INFO - ⌛ Esperando mudança visual...
2026-05-19 21:36:44,049 - INFO - ⌛ Esperando mudança visual...
2026-05-19 21:36:45,065 - INFO - ⌛ Esperando mudança visual...
2026-05-19 21:36:46,077 - INFO - ⌛ Esperando mudança visual...
2026-05-19 21:36:47,098 - INFO - ⌛ Esperando mudança visual...
2026-05-19 21:36:48,113 - INFO - ⌛ Esperando mudança visual...
2026-05-19 21:36:49,124 - INFO - ⌛ Esperando mudança visual...
2026-05-19 21:36:50,147 - INFO - ⌛ Esperando mudança visual...
2026-05-19 21:36:51,163 - INFO - ✅ Tela carregada!
2026-05-19 21:36:55,164 - INFO - 
=== rotina desbloquear_os ===
2026-05-19 21:37:21,640 - INFO - ⌛ Aguardando janela de confirmação de desbloqueio...
2026-05-19 21:37:37,012 - INFO - 🟨 Registros desbloqueados com sucesso
2026-05-19 21:37:41,115 - INFO - 
=== rotina editar_os ===
2026-05-19 21:37:50,525 - INFO - 🟨 OS programadas detectadas
2026-05-19 21:37:53,627 - INFO - ⌛ Aguardando janela de edição de OS...
2026-05-19 21:38:09,071 - INFO - 🟨 Janela de edição de OS detectada
2026-05-19 21:38:30,424 - INFO - 🟨 Janela de edição de habilidade da turma detectada
2026-05-19 21:39:48,751 - INFO - ⌛ Aguardando detecção do campo de caracteristica 'EQUIPE PRÓPRIA OU EPS' ...
2026-05-19 21:40:08,101 - INFO - 🟨 campo de caracteristica 'EQUIPE PRÓPRIA OU EPS detectado
2026-05-19 21:40:29,868 - INFO - ⌛ Aguardando confirmação 4 - editar OS...
2026-05-19 21:40:45,276 - INFO - ⌛ Aguardando confirmação 4 - editar OS...
2026-05-19 21:41:00,697 - INFO - 🟨 Janela de confirmação 4 de edição de OS detectada
2026-05-19 21:41:04,804 - INFO - 
=== rotina programar_os ===
2026-05-19 21:41:31,318 - INFO - ⌛ Aguardando janela de confirmação de programação de OS...
2026-05-19 21:41:56,732 - INFO - 🟨 Janela de confirmação de programação de OS detectada
2026-05-19 21:42:10,000 - INFO - 🟨 Janela de aviso de edição de OS programadas detectada
2026-05-19 21:42:17,205 - INFO - ⌛ aguardando janela de programação de lote de OS...
2026-05-19 21:42:42,700 - INFO - 🟨 Janela de aviso de substituição de lote de OS detectada
2026-05-19 21:43:02,802 - INFO - ⌛ aguardando janela de programação de lote de OS...
2026-05-19 21:43:28,300 - INFO - 🟨 Janela de programação de lote de OS detectada
2026-05-19 21:44:17,801 - INFO - 🟨 Janela de confirmação de programação de lote de OS detectada
2026-05-19 21:44:22,000 - INFO - ⌛ aguardando confirmação final de programação do lote
2026-05-19 21:44:47,445 - INFO - 🟨 programação do lote 4 efetuado com sucesso
2026-05-19 21:44:57,552 - INFO - 
=== Iniciando lote 5/7 [LM] ===
2026-05-19 21:44:57,553 - INFO - 
=== abrir_janela_selecao ===
2026-05-19 21:45:03,859 - INFO - 
=== rotina abrir_selecao_colar_os ===
2026-05-19 21:45:03,913 - INFO - Janela de seleção aberta
2026-05-19 21:45:08,131 - INFO - DEBUG: idx=4, inicio=100, fim=125
2026-05-19 21:45:08,131 - INFO - ✅ 25 OS copiadas para a área de transferência.
2026-05-19 21:45:08,131 - INFO - 📋 Lote 5 copiado.
2026-05-19 21:45:16,476 - INFO - ⌛ Esperando mudança visual...
2026-05-19 21:45:17,493 - INFO - ⌛ Esperando mudança visual...
2026-05-19 21:45:18,510 - INFO - ⌛ Esperando mudança visual...
2026-05-19 21:45:19,520 - INFO - ⌛ Esperando mudança visual...
2026-05-19 21:45:20,537 - INFO - ⌛ Esperando mudança visual...
2026-05-19 21:45:21,558 - INFO - ⌛ Esperando mudança visual...
2026-05-19 21:45:22,577 - INFO - ⌛ Esperando mudança visual...
2026-05-19 21:45:23,583 - INFO - ⌛ Esperando mudança visual...
2026-05-19 21:45:24,610 - INFO - ⌛ Esperando mudança visual...
2026-05-19 21:45:25,627 - INFO - ⌛ Esperando mudança visual...
2026-05-19 21:45:26,630 - INFO - ⌛ Esperando mudança visual...
2026-05-19 21:45:27,660 - INFO - ⌛ Esperando mudança visual...
2026-05-19 21:45:28,675 - INFO - ⌛ Esperando mudança visual...
2026-05-19 21:45:29,693 - INFO - ⌛ Esperando mudança visual...
2026-05-19 21:45:30,710 - INFO - ⌛ Esperando mudança visual...
2026-05-19 21:45:31,725 - INFO - ⌛ Esperando mudança visual...
2026-05-19 21:45:32,743 - INFO - ✅ Tela carregada!
2026-05-19 21:45:36,745 - INFO - 
=== rotina desbloquear_os ===
2026-05-19 21:46:03,198 - INFO - ⌛ Aguardando janela de confirmação de desbloqueio...
2026-05-19 21:46:18,570 - INFO - 🟨 Registros desbloqueados com sucesso
2026-05-19 21:46:22,673 - INFO - 
=== rotina editar_os ===
2026-05-19 21:46:32,081 - INFO - ⌛ Aguardando janela de edição de OS...
2026-05-19 21:46:47,533 - INFO - 🟨 OS programadas detectadas
2026-05-19 21:46:50,637 - INFO - ⌛ Aguardando janela de edição de OS...
2026-05-19 21:47:06,072 - INFO - 🟨 Janela de edição de OS detectada
2026-05-19 21:47:27,424 - INFO - 🟨 Janela de edição de habilidade da turma detectada
2026-05-19 21:48:45,742 - INFO - ⌛ Aguardando detecção do campo de caracteristica 'EQUIPE PRÓPRIA OU EPS' ...
2026-05-19 21:49:05,096 - INFO - 🟨 campo de caracteristica 'EQUIPE PRÓPRIA OU EPS detectado
2026-05-19 21:49:26,862 - INFO - ⌛ Aguardando confirmação 4 - editar OS...
2026-05-19 21:49:42,307 - INFO - ⌛ Aguardando confirmação 4 - editar OS...
2026-05-19 21:49:57,741 - INFO - 🟨 Janela de confirmação 4 de edição de OS detectada
2026-05-19 21:50:01,845 - INFO - 
=== rotina programar_os ===
2026-05-19 21:50:28,364 - INFO - ⌛ Aguardando janela de confirmação de programação de OS...
2026-05-19 21:50:53,777 - INFO - 🟨 Janela de confirmação de programação de OS detectada
2026-05-19 21:51:07,053 - INFO - 🟨 Janela de aviso de edição de OS programadas detectada
2026-05-19 21:51:14,258 - INFO - ⌛ aguardando janela de programação de lote de OS...
2026-05-19 21:51:39,758 - INFO - 🟨 Janela de aviso de substituição de lote de OS detectada
2026-05-19 21:51:59,862 - INFO - ⌛ aguardando janela de programação de lote de OS...
2026-05-19 21:52:25,376 - INFO - 🟨 Janela de programação de lote de OS detectada
2026-05-19 21:53:14,889 - INFO - 🟨 Janela de confirmação de programação de lote de OS detectada
2026-05-19 21:53:19,092 - INFO - ⌛ aguardando confirmação final de programação do lote
2026-05-19 21:53:44,532 - INFO - 🟨 programação do lote 5 efetuado com sucesso
2026-05-19 21:53:54,636 - INFO - 
=== Iniciando lote 6/7 [LM] ===
2026-05-19 21:53:54,637 - INFO - 
=== abrir_janela_selecao ===
2026-05-19 21:54:00,943 - INFO - 
=== rotina abrir_selecao_colar_os ===
2026-05-19 21:54:00,992 - INFO - Janela de seleção aberta
2026-05-19 21:54:05,230 - INFO - DEBUG: idx=5, inicio=125, fim=150
2026-05-19 21:54:05,230 - INFO - ✅ 25 OS copiadas para a área de transferência.
2026-05-19 21:54:05,230 - INFO - 📋 Lote 6 copiado.
2026-05-19 21:54:13,546 - INFO - ⌛ Esperando mudança visual...
2026-05-19 21:54:14,573 - INFO - ⌛ Esperando mudança visual...
2026-05-19 21:54:15,591 - INFO - ⌛ Esperando mudança visual...
2026-05-19 21:54:16,593 - INFO - ⌛ Esperando mudança visual...
2026-05-19 21:54:17,625 - INFO - ⌛ Esperando mudança visual...
2026-05-19 21:54:18,641 - INFO - ⌛ Esperando mudança visual...
2026-05-19 21:54:19,657 - INFO - ⌛ Esperando mudança visual...
2026-05-19 21:54:20,674 - INFO - ⌛ Esperando mudança visual...
2026-05-19 21:54:21,688 - INFO - ⌛ Esperando mudança visual...
2026-05-19 21:54:22,708 - INFO - ⌛ Esperando mudança visual...
2026-05-19 21:54:23,725 - INFO - ⌛ Esperando mudança visual...
2026-05-19 21:54:24,741 - INFO - ✅ Tela carregada!
2026-05-19 21:54:28,743 - INFO - 
=== rotina desbloquear_os ===
2026-05-19 21:54:55,226 - INFO - ⌛ Aguardando janela de confirmação de desbloqueio...
2026-05-19 21:55:10,636 - INFO - 🟨 Registros desbloqueados com sucesso
2026-05-19 21:55:14,739 - INFO - 
=== rotina editar_os ===
2026-05-19 21:55:24,169 - INFO - 🟨 OS programadas detectadas
2026-05-19 21:55:27,271 - INFO - ⌛ Aguardando janela de edição de OS...
2026-05-19 21:55:42,718 - INFO - 🟨 Janela de edição de OS detectada
2026-05-19 21:56:04,085 - INFO - 🟨 Janela de edição de habilidade da turma detectada
2026-05-19 21:57:22,401 - INFO - ⌛ Aguardando detecção do campo de caracteristica 'EQUIPE PRÓPRIA OU EPS' ...
2026-05-19 21:57:41,753 - INFO - 🟨 campo de caracteristica 'EQUIPE PRÓPRIA OU EPS detectado
2026-05-19 21:58:03,538 - INFO - ⌛ Aguardando confirmação 4 - editar OS...
2026-05-19 21:58:18,973 - INFO - ⌛ Aguardando confirmação 4 - editar OS...
2026-05-19 21:58:34,391 - INFO - 🟨 Janela de confirmação 4 de edição de OS detectada
2026-05-19 21:58:38,493 - INFO - 
=== rotina programar_os ===
2026-05-19 21:59:05,003 - INFO - ⌛ Aguardando janela de confirmação de programação de OS...
2026-05-19 21:59:30,412 - INFO - 🟨 Janela de confirmação de programação de OS detectada
2026-05-19 21:59:43,673 - INFO - 🟨 Janela de aviso de edição de OS programadas detectada
2026-05-19 21:59:50,878 - INFO - ⌛ aguardando janela de programação de lote de OS...
2026-05-19 22:00:16,340 - INFO - 🟨 Janela de aviso de substituição de lote de OS detectada
2026-05-19 22:00:36,443 - INFO - ⌛ aguardando janela de programação de lote de OS...
2026-05-19 22:01:01,907 - INFO - 🟨 Janela de programação de lote de OS detectada
2026-05-19 22:01:51,429 - INFO - 🟨 Janela de confirmação de programação de lote de OS detectada
2026-05-19 22:01:55,631 - INFO - ⌛ aguardando confirmação final de programação do lote
2026-05-19 22:02:21,094 - INFO - 🟨 programação do lote 6 efetuado com sucesso
2026-05-19 22:02:31,198 - INFO - 
=== Iniciando lote 7/7 [LM] ===
2026-05-19 22:02:31,198 - INFO - 
=== abrir_janela_selecao ===
2026-05-19 22:02:37,504 - INFO - 
=== rotina abrir_selecao_colar_os ===
2026-05-19 22:02:37,553 - INFO - Janela de seleção aberta
2026-05-19 22:02:41,782 - INFO - DEBUG: idx=6, inicio=150, fim=175
2026-05-19 22:02:41,782 - INFO - ✅ 17 OS copiadas para a área de transferência.
2026-05-19 22:02:41,782 - INFO - 📋 Lote 7 copiado.
2026-05-19 22:02:50,123 - INFO - ⌛ Esperando mudança visual...
2026-05-19 22:02:51,139 - INFO - ⌛ Esperando mudança visual...
2026-05-19 22:02:52,155 - INFO - ⌛ Esperando mudança visual...
2026-05-19 22:02:53,171 - INFO - ⌛ Esperando mudança visual...
2026-05-19 22:02:54,187 - INFO - ⌛ Esperando mudança visual...
2026-05-19 22:02:55,203 - INFO - ⌛ Esperando mudança visual...
2026-05-19 22:02:56,215 - INFO - ⌛ Esperando mudança visual...
2026-05-19 22:02:57,237 - INFO - ⌛ Esperando mudança visual...
2026-05-19 22:02:58,254 - INFO - ⌛ Esperando mudança visual...
2026-05-19 22:02:59,262 - INFO - ⌛ Esperando mudança visual...
2026-05-19 22:03:00,287 - INFO - ⌛ Esperando mudança visual...
2026-05-19 22:03:01,303 - INFO - ⌛ Esperando mudança visual...
2026-05-19 22:03:02,309 - INFO - ✅ Tela carregada!
2026-05-19 22:03:06,321 - INFO - 
=== rotina desbloquear_os ===
2026-05-19 22:03:32,784 - INFO - ⌛ Aguardando janela de confirmação de desbloqueio...
2026-05-19 22:03:48,151 - INFO - 🟨 Registros desbloqueados com sucesso
2026-05-19 22:03:52,255 - INFO - 
=== rotina editar_os ===
2026-05-19 22:04:01,700 - INFO - 🟨 OS programadas detectadas
2026-05-19 22:04:04,803 - INFO - ⌛ Aguardando janela de edição de OS...
2026-05-19 22:04:20,268 - INFO - 🟨 Janela de edição de OS detectada
2026-05-19 22:04:41,629 - INFO - 🟨 Janela de edição de habilidade da turma detectada
2026-05-19 22:05:59,947 - INFO - ⌛ Aguardando detecção do campo de caracteristica 'EQUIPE PRÓPRIA OU EPS' ...
2026-05-19 22:06:19,298 - INFO - 🟨 campo de caracteristica 'EQUIPE PRÓPRIA OU EPS detectado
2026-05-19 22:06:41,081 - INFO - ⌛ Aguardando confirmação 4 - editar OS...
2026-05-19 22:06:56,503 - INFO - ⌛ Aguardando confirmação 4 - editar OS...
2026-05-19 22:07:11,919 - INFO - 🟨 Janela de confirmação 4 de edição de OS detectada
2026-05-19 22:07:16,036 - INFO - 
=== rotina programar_os ===
2026-05-19 22:07:42,550 - INFO - ⌛ Aguardando janela de confirmação de programação de OS...
2026-05-19 22:08:08,000 - INFO - 🟨 Janela de confirmação de programação de OS detectada
2026-05-19 22:08:21,269 - INFO - 🟨 Janela de aviso de edição de OS programadas detectada
2026-05-19 22:08:28,478 - INFO - ⌛ aguardando janela de programação de lote de OS...
2026-05-19 22:08:53,978 - INFO - 🟨 Janela de aviso de substituição de lote de OS detectada
2026-05-19 22:09:14,094 - INFO - ⌛ aguardando janela de programação de lote de OS...
2026-05-19 22:09:39,600 - INFO - 🟨 Janela de programação de lote de OS detectada
2026-05-19 22:10:29,112 - INFO - 🟨 Janela de confirmação de programação de lote de OS detectada
2026-05-19 22:10:33,316 - INFO - ⌛ aguardando confirmação final de programação do lote
2026-05-19 22:10:58,735 - INFO - 🟨 programação do lote 7 efetuado com sucesso
2026-05-19 22:11:08,838 - INFO - 
=== Iniciando lote 1/507 [REDES] ===
2026-05-19 22:11:08,839 - INFO - 
=== abrir_janela_selecao ===
2026-05-19 22:11:15,146 - INFO - 
=== rotina abrir_selecao_colar_os ===
2026-05-19 22:11:15,202 - INFO - Janela de seleção aberta
2026-05-19 22:11:19,414 - INFO - DEBUG: idx=0, inicio=0, fim=25
2026-05-19 22:11:19,414 - INFO - ✅ 25 OS copiadas para a área de transferência.
2026-05-19 22:11:19,414 - INFO - 📋 Lote 1 copiado.
2026-05-19 22:11:27,763 - INFO - ⌛ Esperando mudança visual...
2026-05-19 22:11:28,771 - INFO - ⌛ Esperando mudança visual...
2026-05-19 22:11:29,797 - INFO - ⌛ Esperando mudança visual...
2026-05-19 22:11:30,812 - INFO - ⌛ Esperando mudança visual...
2026-05-19 22:11:31,827 - INFO - ⌛ Esperando mudança visual...
2026-05-19 22:11:32,846 - INFO - ⌛ Esperando mudança visual...
2026-05-19 22:11:33,863 - INFO - ⌛ Esperando mudança visual...
2026-05-19 22:11:34,874 - INFO - ⌛ Esperando mudança visual...
2026-05-19 22:11:35,895 - INFO - ⌛ Esperando mudança visual...
2026-05-19 22:11:36,913 - INFO - ⌛ Esperando mudança visual...
2026-05-19 22:11:37,929 - INFO - ⌛ Esperando mudança visual...
2026-05-19 22:11:38,946 - INFO - ⌛ Esperando mudança visual...
2026-05-19 22:11:39,961 - INFO - ⌛ Esperando mudança visual...
2026-05-19 22:11:40,976 - INFO - ✅ Tela carregada!
2026-05-19 22:11:44,981 - INFO - 
=== rotina desbloquear_os ===
2026-05-19 22:12:11,459 - INFO - ⌛ Aguardando janela de confirmação de desbloqueio...
2026-05-19 22:12:26,839 - INFO - 🟨 Registros desbloqueados com sucesso
2026-05-19 22:12:30,942 - INFO - 
=== rotina editar_os ===
2026-05-19 22:12:40,353 - INFO - ⌛ Aguardando janela de edição de OS...
2026-05-19 22:12:55,814 - INFO - 🟨 OS programadas detectadas
2026-05-19 22:12:58,916 - INFO - ⌛ Aguardando janela de edição de OS...
2026-05-19 22:13:14,418 - INFO - 🟨 Janela de edição de OS detectada
2026-05-19 22:13:35,786 - INFO - 🟨 Janela de edição de habilidade da turma detectada
2026-05-19 22:14:54,084 - INFO - ⌛ Aguardando detecção do campo de caracteristica 'EQUIPE PRÓPRIA OU EPS' ...
2026-05-19 22:15:13,435 - INFO - 🟨 campo de caracteristica 'EQUIPE PRÓPRIA OU EPS detectado
2026-05-19 22:15:35,208 - INFO - ⌛ Aguardando confirmação 4 - editar OS...
2026-05-19 22:15:50,639 - INFO - ⌛ Aguardando confirmação 4 - editar OS...
2026-05-19 22:16:06,056 - INFO - 🟨 Janela de confirmação 4 de edição de OS detectada
2026-05-19 22:16:10,157 - INFO - 
=== rotina programar_os ===
2026-05-19 22:16:36,689 - INFO - ⌛ Aguardando janela de confirmação de programação de OS...
2026-05-19 22:17:02,116 - INFO - 🟨 Janela de confirmação de programação de OS detectada
2026-05-19 22:17:15,367 - INFO - 🟨 Janela de aviso de edição de OS programadas detectada
2026-05-19 22:17:22,583 - INFO - ⌛ aguardando janela de programação de lote de OS...
2026-05-19 22:17:48,089 - INFO - 🟨 Janela de aviso de substituição de lote de OS detectada
2026-05-19 22:18:08,191 - INFO - ⌛ aguardando janela de programação de lote de OS...
2026-05-19 22:18:33,668 - INFO - 🟨 Janela de programação de lote de OS detectada
2026-05-19 22:19:23,183 - INFO - 🟨 Janela de confirmação de programação de lote de OS detectada
2026-05-19 22:19:27,387 - INFO - ⌛ aguardando confirmação final de programação do lote
2026-05-19 22:19:52,807 - INFO - 🟨 programação do lote 1 efetuado com sucesso
2026-05-19 22:20:02,911 - INFO - 
=== Iniciando lote 2/507 [REDES] ===
2026-05-19 22:20:02,912 - INFO - 
=== abrir_janela_selecao ===
2026-05-19 22:20:09,218 - INFO - 
=== rotina abrir_selecao_colar_os ===
2026-05-19 22:20:09,300 - INFO - Janela de seleção aberta
2026-05-19 22:20:13,524 - INFO - DEBUG: idx=1, inicio=25, fim=50
2026-05-19 22:20:13,524 - INFO - ✅ 25 OS copiadas para a área de transferência.
2026-05-19 22:20:13,524 - INFO - 📋 Lote 2 copiado.
2026-05-19 22:20:21,865 - INFO - ⌛ Esperando mudança visual...
2026-05-19 22:20:22,883 - INFO - ⌛ Esperando mudança visual...
2026-05-19 22:20:23,900 - INFO - ⌛ Esperando mudança visual...
2026-05-19 22:20:24,916 - INFO - ⌛ Esperando mudança visual...
2026-05-19 22:20:25,932 - INFO - ⌛ Esperando mudança visual...
2026-05-19 22:20:26,950 - INFO - ⌛ Esperando mudança visual...
2026-05-19 22:20:27,964 - INFO - ⌛ Esperando mudança visual...
2026-05-19 22:20:28,979 - INFO - ⌛ Esperando mudança visual...
2026-05-19 22:20:29,999 - INFO - ⌛ Esperando mudança visual...
2026-05-19 22:20:31,016 - INFO - ⌛ Esperando mudança visual...
2026-05-19 22:20:32,026 - INFO - ⌛ Esperando mudança visual...
2026-05-19 22:20:33,047 - INFO - ⌛ Esperando mudança visual...
2026-05-19 22:20:34,064 - INFO - ⌛ Esperando mudança visual...
2026-05-19 22:20:35,080 - INFO - ✅ Tela carregada!
2026-05-19 22:20:39,083 - INFO - 
=== rotina desbloquear_os ===
2026-05-19 22:21:05,545 - INFO - ⌛ Aguardando janela de confirmação de desbloqueio...
2026-05-19 22:21:20,927 - INFO - 🟨 Registros desbloqueados com sucesso
2026-05-19 22:21:25,031 - INFO - 
=== rotina editar_os ===
2026-05-19 22:21:34,436 - INFO - ⌛ Aguardando janela de edição de OS...
2026-05-19 22:21:49,870 - INFO - 🟨 OS programadas detectadas
2026-05-19 22:21:52,979 - INFO - ⌛ Aguardando janela de edição de OS...
2026-05-19 22:22:08,411 - INFO - 🟨 Janela de edição de OS detectada
2026-05-19 22:22:29,773 - INFO - 🟨 Janela de edição de habilidade da turma detectada
2026-05-19 22:23:48,077 - INFO - ⌛ Aguardando detecção do campo de caracteristica 'EQUIPE PRÓPRIA OU EPS' ...
2026-05-19 22:24:07,426 - INFO - 🟨 campo de caracteristica 'EQUIPE PRÓPRIA OU EPS detectado
2026-05-19 22:24:29,193 - INFO - ⌛ Aguardando confirmação 4 - editar OS...
2026-05-19 22:24:44,634 - INFO - ⌛ Aguardando confirmação 4 - editar OS...
2026-05-19 22:25:00,091 - INFO - ⌛ Aguardando confirmação 4 - editar OS...
2026-05-19 22:25:15,545 - INFO - 🟨 Janela de confirmação 4 de edição de OS detectada
2026-05-19 22:25:19,654 - INFO - 
=== rotina programar_os ===
2026-05-19 22:25:46,170 - INFO - ⌛ Aguardando janela de confirmação de programação de OS...
2026-05-19 22:26:11,614 - INFO - 🟨 Janela de confirmação de programação de OS detectada
2026-05-19 22:26:24,866 - INFO - 🟨 Janela de aviso de edição de OS programadas detectada
2026-05-19 22:26:32,075 - INFO - ⌛ aguardando janela de programação de lote de OS...
2026-05-19 22:26:57,569 - INFO - 🟨 Janela de aviso de substituição de lote de OS detectada
2026-05-19 22:27:17,672 - INFO - ⌛ aguardando janela de programação de lote de OS...
2026-05-19 22:27:43,187 - INFO - 🟨 Janela de programação de lote de OS detectada
2026-05-19 22:28:32,726 - INFO - 🟨 Janela de confirmação de programação de lote de OS detectada
2026-05-19 22:28:36,956 - INFO - ⌛ aguardando confirmação final de programação do lote
2026-05-19 22:29:02,441 - INFO - 🟨 programação do lote 2 efetuado com sucesso
2026-05-19 22:29:12,545 - INFO - 
=== Iniciando lote 3/507 [REDES] ===
2026-05-19 22:29:12,545 - INFO - 
=== abrir_janela_selecao ===
2026-05-19 22:29:18,871 - INFO - 
=== rotina abrir_selecao_colar_os ===
2026-05-19 22:29:18,914 - INFO - Janela de seleção aberta
2026-05-19 22:29:23,141 - INFO - DEBUG: idx=2, inicio=50, fim=75
2026-05-19 22:29:23,141 - INFO - ✅ 25 OS copiadas para a área de transferência.
2026-05-19 22:29:23,141 - INFO - 📋 Lote 3 copiado.
2026-05-19 22:29:31,485 - INFO - ⌛ Esperando mudança visual...
2026-05-19 22:29:32,500 - INFO - ⌛ Esperando mudança visual...
2026-05-19 22:29:33,518 - INFO - ⌛ Esperando mudança visual...
2026-05-19 22:29:34,532 - INFO - ⌛ Esperando mudança visual...
2026-05-19 22:29:35,547 - INFO - ⌛ Esperando mudança visual...
2026-05-19 22:29:36,568 - INFO - ⌛ Esperando mudança visual...
2026-05-19 22:29:37,585 - INFO - ⌛ Esperando mudança visual...
2026-05-19 22:29:38,601 - INFO - ⌛ Esperando mudança visual...
2026-05-19 22:29:39,618 - INFO - ⌛ Esperando mudança visual...
2026-05-19 22:29:40,635 - INFO - ⌛ Esperando mudança visual...
2026-05-19 22:29:41,641 - INFO - ⌛ Esperando mudança visual...
2026-05-19 22:29:42,669 - INFO - ⌛ Esperando mudança visual...
2026-05-19 22:29:43,683 - INFO - ⌛ Esperando mudança visual...
2026-05-19 22:29:44,688 - INFO - ⌛ Esperando mudança visual...
2026-05-19 22:29:45,718 - INFO - ⌛ Esperando mudança visual...
2026-05-19 22:29:46,736 - INFO - ⌛ Esperando mudança visual...
2026-05-19 22:29:47,751 - INFO - ✅ Tela carregada!
2026-05-19 22:29:51,754 - INFO - 
=== rotina desbloquear_os ===
2026-05-19 22:30:18,240 - INFO - ⌛ Aguardando janela de confirmação de desbloqueio...
2026-05-19 22:30:33,630 - INFO - ⌛ Aguardando janela de confirmação de desbloqueio...
2026-05-19 22:30:49,013 - INFO - 🟨 Registros desbloqueados com sucesso
2026-05-19 22:30:53,116 - INFO - 
=== rotina editar_os ===
2026-05-19 22:31:02,547 - INFO - ⌛ Aguardando janela de edição de OS...
2026-05-19 22:31:18,026 - INFO - 🟨 OS programadas detectadas
2026-05-19 22:31:21,128 - INFO - ⌛ Aguardando janela de edição de OS...
2026-05-19 22:31:36,598 - INFO - 🟨 Janela de edição de OS detectada
2026-05-19 22:31:57,980 - INFO - 🟨 Janela de edição de habilidade da turma detectada
2026-05-19 22:33:16,302 - INFO - ⌛ Aguardando detecção do campo de caracteristica 'EQUIPE PRÓPRIA OU EPS' ...
2026-05-19 22:33:35,650 - INFO - 🟨 campo de caracteristica 'EQUIPE PRÓPRIA OU EPS detectado
2026-05-19 22:33:57,431 - INFO - ⌛ Aguardando confirmação 4 - editar OS...
2026-05-19 22:34:12,888 - INFO - ⌛ Aguardando confirmação 4 - editar OS...
2026-05-19 22:34:28,347 - INFO - 🟨 Janela de confirmação 4 de edição de OS detectada
2026-05-19 22:34:32,449 - INFO - 
=== rotina programar_os ===
2026-05-19 22:34:58,959 - INFO - ⌛ Aguardando janela de confirmação de programação de OS...
2026-05-19 22:35:24,382 - INFO - 🟨 Janela de confirmação de programação de OS detectada
2026-05-19 22:35:37,631 - INFO - 🟨 Janela de aviso de edição de OS programadas detectada
2026-05-19 22:35:44,836 - INFO - ⌛ aguardando janela de programação de lote de OS...
2026-05-19 22:36:10,302 - INFO - 🟨 Janela de aviso de substituição de lote de OS detectada
2026-05-19 22:36:30,418 - INFO - ⌛ aguardando janela de programação de lote de OS...
2026-05-19 22:36:55,908 - INFO - 🟨 Janela de programação de lote de OS detectada
2026-05-19 22:37:45,410 - INFO - 🟨 Janela de confirmação de programação de lote de OS detectada
2026-05-19 22:37:49,606 - INFO - ⌛ aguardando confirmação final de programação do lote
2026-05-19 22:38:15,036 - INFO - 🟨 programação do lote 3 efetuado com sucesso
2026-05-19 22:38:25,140 - INFO - 
=== Iniciando lote 4/507 [REDES] ===
2026-05-19 22:38:25,141 - INFO - 
=== abrir_janela_selecao ===
2026-05-19 22:38:31,447 - INFO - 
=== rotina abrir_selecao_colar_os ===
2026-05-19 22:38:31,499 - INFO - Janela de seleção aberta
2026-05-19 22:38:35,714 - INFO - DEBUG: idx=3, inicio=75, fim=100
2026-05-19 22:38:35,714 - INFO - ✅ 25 OS copiadas para a área de transferência.
2026-05-19 22:38:35,714 - INFO - 📋 Lote 4 copiado.
2026-05-19 22:38:44,055 - INFO - ⌛ Esperando mudança visual...
2026-05-19 22:38:45,076 - INFO - ⌛ Esperando mudança visual...
2026-05-19 22:38:46,093 - INFO - ⌛ Esperando mudança visual...
2026-05-19 22:38:47,101 - INFO - ⌛ Esperando mudança visual...
2026-05-19 22:38:48,127 - INFO - ⌛ Esperando mudança visual...
2026-05-19 22:38:49,143 - INFO - ⌛ Esperando mudança visual...
2026-05-19 22:38:50,160 - INFO - ⌛ Esperando mudança visual...
2026-05-19 22:38:51,163 - INFO - ⌛ Esperando mudança visual...
2026-05-19 22:38:52,193 - INFO - ⌛ Esperando mudança visual...
2026-05-19 22:38:53,210 - INFO - ⌛ Esperando mudança visual...
2026-05-19 22:38:54,212 - INFO - ⌛ Esperando mudança visual...
2026-05-19 22:38:55,244 - INFO - ⌛ Esperando mudança visual...
2026-05-19 22:38:56,258 - INFO - ⌛ Esperando mudança visual...
2026-05-19 22:38:57,277 - INFO - ✅ Tela carregada!
2026-05-19 22:39:01,278 - INFO - 
=== rotina desbloquear_os ===
2026-05-19 22:39:27,755 - INFO - ⌛ Aguardando janela de confirmação de desbloqueio...
2026-05-19 22:39:43,139 - INFO - 🟨 Registros desbloqueados com sucesso
2026-05-19 22:39:47,241 - INFO - 
=== rotina editar_os ===
2026-05-19 22:39:56,650 - INFO - ⌛ Aguardando janela de edição de OS...
2026-05-19 22:40:12,101 - INFO - 🟨 OS programadas detectadas
2026-05-19 22:40:15,206 - INFO - ⌛ Aguardando janela de edição de OS...
2026-05-19 22:40:30,636 - INFO - 🟨 Janela de edição de OS detectada
2026-05-19 22:40:52,000 - INFO - 🟨 Janela de edição de habilidade da turma detectada
2026-05-19 22:42:10,319 - INFO - ⌛ Aguardando detecção do campo de caracteristica 'EQUIPE PRÓPRIA OU EPS' ...
2026-05-19 22:42:29,668 - INFO - 🟨 campo de caracteristica 'EQUIPE PRÓPRIA OU EPS detectado
2026-05-19 22:42:51,436 - INFO - ⌛ Aguardando confirmação 4 - editar OS...
2026-05-19 22:43:06,899 - INFO - ⌛ Aguardando confirmação 4 - editar OS...
2026-05-19 22:43:22,453 - INFO - ⌛ Aguardando confirmação 4 - editar OS...
2026-05-19 22:43:37,902 - INFO - 🟨 Janela de confirmação 4 de edição de OS detectada
2026-05-19 22:43:42,007 - INFO - 
=== rotina programar_os ===
2026-05-19 22:44:08,521 - INFO - ⌛ Aguardando janela de confirmação de programação de OS...
2026-05-19 22:44:33,933 - INFO - 🟨 Janela de confirmação de programação de OS detectada
2026-05-19 22:44:47,203 - INFO - 🟨 Janela de aviso de edição de OS programadas detectada
2026-05-19 22:44:54,417 - INFO - ⌛ aguardando janela de programação de lote de OS...
2026-05-19 22:45:19,903 - INFO - 🟨 Janela de aviso de substituição de lote de OS detectada
2026-05-19 22:45:40,007 - INFO - ⌛ aguardando janela de programação de lote de OS...
2026-05-19 22:46:05,471 - INFO - 🟨 Janela de programação de lote de OS detectada
2026-05-19 22:46:54,987 - INFO - 🟨 Janela de confirmação de programação de lote de OS detectada
2026-05-19 22:46:59,188 - INFO - ⌛ aguardando confirmação final de programação do lote
2026-05-19 22:47:24,607 - INFO - 🟨 programação do lote 4 efetuado com sucesso
2026-05-19 22:47:34,711 - INFO - 
=== Iniciando lote 5/507 [REDES] ===
2026-05-19 22:47:34,711 - INFO - 
=== abrir_janela_selecao ===
2026-05-19 22:47:41,018 - INFO - 
=== rotina abrir_selecao_colar_os ===
2026-05-19 22:47:41,068 - INFO - Janela de seleção aberta
2026-05-19 22:47:45,291 - INFO - DEBUG: idx=4, inicio=100, fim=125
2026-05-19 22:47:45,291 - INFO - ✅ 25 OS copiadas para a área de transferência.
2026-05-19 22:47:45,291 - INFO - 📋 Lote 5 copiado.
2026-05-19 22:47:53,620 - INFO - ⌛ Esperando mudança visual...
2026-05-19 22:47:54,648 - INFO - ⌛ Esperando mudança visual...
2026-05-19 22:47:55,665 - INFO - ⌛ Esperando mudança visual...
2026-05-19 22:47:56,683 - INFO - ⌛ Esperando mudança visual...
2026-05-19 22:47:57,700 - INFO - ⌛ Esperando mudança visual...
2026-05-19 22:47:58,715 - INFO - ⌛ Esperando mudança visual...
2026-05-19 22:47:59,734 - INFO - ⌛ Esperando mudança visual...
2026-05-19 22:48:00,749 - INFO - ⌛ Esperando mudança visual...
2026-05-19 22:48:01,763 - INFO - ⌛ Esperando mudança visual...
2026-05-19 22:48:02,782 - INFO - ⌛ Esperando mudança visual...
2026-05-19 22:48:03,799 - INFO - ⌛ Esperando mudança visual...
2026-05-19 22:48:04,809 - INFO - ⌛ Esperando mudança visual...
2026-05-19 22:48:05,830 - INFO - ✅ Tela carregada!
2026-05-19 22:48:09,832 - INFO - 
=== rotina desbloquear_os ===
2026-05-19 22:48:36,294 - INFO - ⌛ Aguardando janela de confirmação de desbloqueio...
2026-05-19 22:48:51,686 - INFO - ⌛ Aguardando janela de confirmação de desbloqueio...
2026-05-19 22:49:07,049 - INFO - 🟨 Registros desbloqueados com sucesso
2026-05-19 22:49:11,162 - INFO - 
=== rotina editar_os ===
2026-05-19 22:49:20,569 - INFO - ⌛ Aguardando janela de edição de OS...
2026-05-19 22:49:36,038 - INFO - 🟨 OS programadas detectadas
2026-05-19 22:49:39,139 - INFO - ⌛ Aguardando janela de edição de OS...
2026-05-19 22:49:54,591 - INFO - 🟨 Janela de edição de OS detectada
2026-05-19 22:50:15,956 - INFO - 🟨 Janela de edição de habilidade da turma detectada
2026-05-19 22:51:34,254 - INFO - ⌛ Aguardando detecção do campo de caracteristica 'EQUIPE PRÓPRIA OU EPS' ...
2026-05-19 22:51:53,605 - INFO - 🟨 campo de caracteristica 'EQUIPE PRÓPRIA OU EPS detectado
2026-05-19 22:52:15,374 - INFO - ⌛ Aguardando confirmação 4 - editar OS...
2026-05-19 22:52:30,793 - INFO - ⌛ Aguardando confirmação 4 - editar OS...
2026-05-19 22:52:46,210 - INFO - ⌛ Aguardando confirmação 4 - editar OS...
2026-05-19 22:53:01,640 - INFO - 🟨 Janela de confirmação 4 de edição de OS detectada
2026-05-19 22:53:05,742 - INFO - 
=== rotina programar_os ===
2026-05-19 22:53:32,257 - INFO - ⌛ Aguardando janela de confirmação de programação de OS...
2026-05-19 22:53:57,686 - INFO - 🟨 Janela de confirmação de programação de OS detectada
2026-05-19 22:54:10,959 - INFO - 🟨 Janela de aviso de edição de OS programadas detectada
2026-05-19 22:54:18,168 - INFO - ⌛ aguardando janela de programação de lote de OS...
2026-05-19 22:54:43,670 - INFO - 🟨 Janela de aviso de substituição de lote de OS detectada
2026-05-19 22:55:03,777 - INFO - ⌛ aguardando janela de programação de lote de OS...
2026-05-19 22:55:29,325 - INFO - 🟨 Janela de programação de lote de OS detectada
2026-05-19 22:56:18,816 - INFO - 🟨 Janela de confirmação de programação de lote de OS detectada
2026-05-19 22:56:23,022 - INFO - ⌛ aguardando confirmação final de programação do lote
2026-05-19 22:56:48,472 - INFO - 🟨 programação do lote 5 efetuado com sucesso
2026-05-19 22:56:58,586 - INFO - 
=== Iniciando lote 6/507 [REDES] ===
2026-05-19 22:56:58,586 - INFO - 
=== abrir_janela_selecao ===
2026-05-19 22:57:04,893 - INFO - 
=== rotina abrir_selecao_colar_os ===
2026-05-19 22:57:04,941 - INFO - Janela de seleção aberta
2026-05-19 22:57:09,162 - INFO - DEBUG: idx=5, inicio=125, fim=150
2026-05-19 22:57:09,162 - INFO - ✅ 25 OS copiadas para a área de transferência.
2026-05-19 22:57:09,162 - INFO - 📋 Lote 6 copiado.
2026-05-19 22:57:17,502 - INFO - ⌛ Esperando mudança visual...
2026-05-19 22:57:18,519 - INFO - ⌛ Esperando mudança visual...
2026-05-19 22:57:19,533 - INFO - ⌛ Esperando mudança visual...
2026-05-19 22:57:20,549 - INFO - ⌛ Esperando mudança visual...
2026-05-19 22:57:21,567 - INFO - ⌛ Esperando mudança visual...
2026-05-19 22:57:22,583 - INFO - ⌛ Esperando mudança visual...
2026-05-19 22:57:23,600 - INFO - ⌛ Esperando mudança visual...
2026-05-19 22:57:24,614 - INFO - ⌛ Esperando mudança visual...
2026-05-19 22:57:25,633 - INFO - ⌛ Esperando mudança visual...
2026-05-19 22:57:26,650 - INFO - ⌛ Esperando mudança visual...
2026-05-19 22:57:27,667 - INFO - ⌛ Esperando mudança visual...
2026-05-19 22:57:28,684 - INFO - ⌛ Esperando mudança visual...
2026-05-19 22:57:29,699 - INFO - ⌛ Esperando mudança visual...
2026-05-19 22:57:30,708 - INFO - ✅ Tela carregada!
2026-05-19 22:57:34,718 - INFO - 
=== rotina desbloquear_os ===
2026-05-19 22:58:01,183 - INFO - ⌛ Aguardando janela de confirmação de desbloqueio...
2026-05-19 22:58:16,646 - INFO - 🟨 Registros desbloqueados com sucesso
2026-05-19 22:58:20,751 - INFO - 
=== rotina editar_os ===
2026-05-19 22:58:30,167 - INFO - ⌛ Aguardando janela de edição de OS...
2026-05-19 22:58:45,612 - INFO - 🟨 OS programadas detectadas
2026-05-19 22:58:48,715 - INFO - ⌛ Aguardando janela de edição de OS...
2026-05-19 22:59:04,158 - INFO - 🟨 Janela de edição de OS detectada
2026-05-19 22:59:25,523 - INFO - 🟨 Janela de edição de habilidade da turma detectada
2026-05-19 23:00:43,823 - INFO - ⌛ Aguardando detecção do campo de caracteristica 'EQUIPE PRÓPRIA OU EPS' ...
2026-05-19 23:01:03,168 - INFO - 🟨 campo de caracteristica 'EQUIPE PRÓPRIA OU EPS detectado
2026-05-19 23:01:24,993 - INFO - ⌛ Aguardando confirmação 4 - editar OS...
2026-05-19 23:01:40,465 - INFO - ⌛ Aguardando confirmação 4 - editar OS...
2026-05-19 23:01:55,894 - INFO - ⌛ Aguardando confirmação 4 - editar OS...
2026-05-19 23:02:11,343 - INFO - 🟨 Janela de confirmação 4 de edição de OS detectada
2026-05-19 23:02:15,445 - INFO - 
=== rotina programar_os ===
2026-05-19 23:02:41,961 - INFO - ⌛ Aguardando janela de confirmação de programação de OS...
2026-05-19 23:03:07,406 - INFO - 🟨 Janela de confirmação de programação de OS detectada
2026-05-19 23:03:20,658 - INFO - 🟨 Janela de aviso de edição de OS programadas detectada
2026-05-19 23:03:27,870 - INFO - ⌛ aguardando janela de programação de lote de OS...
2026-05-19 23:03:53,360 - INFO - 🟨 Janela de aviso de substituição de lote de OS detectada
2026-05-19 23:04:13,462 - INFO - ⌛ aguardando janela de programação de lote de OS...
2026-05-19 23:04:38,943 - INFO - 🟨 Janela de programação de lote de OS detectada
2026-05-19 23:05:28,445 - INFO - 🟨 Janela de confirmação de programação de lote de OS detectada
2026-05-19 23:05:32,645 - INFO - ⌛ aguardando confirmação final de programação do lote
2026-05-19 23:05:58,175 - INFO - 🟨 programação do lote 6 efetuado com sucesso
2026-05-19 23:06:08,282 - INFO - 
=== Iniciando lote 7/507 [REDES] ===
2026-05-19 23:06:08,282 - INFO - 
=== abrir_janela_selecao ===
2026-05-19 23:06:14,588 - INFO - 
=== rotina abrir_selecao_colar_os ===
2026-05-19 23:06:14,636 - INFO - Janela de seleção aberta
2026-05-19 23:06:18,864 - INFO - DEBUG: idx=6, inicio=150, fim=175
2026-05-19 23:06:18,864 - INFO - ✅ 25 OS copiadas para a área de transferência.
2026-05-19 23:06:18,864 - INFO - 📋 Lote 7 copiado.
2026-05-19 23:06:27,207 - INFO - ⌛ Esperando mudança visual...
2026-05-19 23:06:28,218 - INFO - ⌛ Esperando mudança visual...
2026-05-19 23:06:29,238 - INFO - ⌛ Esperando mudança visual...
2026-05-19 23:06:30,254 - INFO - ⌛ Esperando mudança visual...
2026-05-19 23:06:31,266 - INFO - ⌛ Esperando mudança visual...
2026-05-19 23:06:32,288 - INFO - ⌛ Esperando mudança visual...
2026-05-19 23:06:33,305 - INFO - ⌛ Esperando mudança visual...
2026-05-19 23:06:34,321 - INFO - ⌛ Esperando mudança visual...
2026-05-19 23:06:35,328 - INFO - ⌛ Esperando mudança visual...
2026-05-19 23:06:36,353 - INFO - ⌛ Esperando mudança visual...
2026-05-19 23:06:37,370 - INFO - ⌛ Esperando mudança visual...
2026-05-19 23:06:38,375 - INFO - ⌛ Esperando mudança visual...
2026-05-19 23:06:39,403 - INFO - ⌛ Esperando mudança visual...
2026-05-19 23:06:40,422 - INFO - ⌛ Esperando mudança visual...
2026-05-19 23:06:41,438 - INFO - ✅ Tela carregada!
2026-05-19 23:06:45,439 - INFO - 
=== rotina desbloquear_os ===
2026-05-19 23:07:11,917 - INFO - ⌛ Aguardando janela de confirmação de desbloqueio...
2026-05-19 23:07:27,316 - INFO - ⌛ Aguardando janela de confirmação de desbloqueio...
2026-05-19 23:07:42,679 - INFO - 🟨 Registros desbloqueados com sucesso
2026-05-19 23:07:46,785 - INFO - 
=== rotina editar_os ===
2026-05-19 23:07:56,190 - INFO - ⌛ Aguardando janela de edição de OS...
2026-05-19 23:08:11,610 - INFO - 🟨 OS programadas detectadas
2026-05-19 23:08:14,713 - INFO - ⌛ Aguardando janela de edição de OS...
2026-05-19 23:08:30,205 - INFO - 🟨 Janela de edição de OS detectada
2026-05-19 23:08:51,577 - INFO - 🟨 Janela de edição de habilidade da turma detectada
2026-05-19 23:10:09,898 - INFO - ⌛ Aguardando detecção do campo de caracteristica 'EQUIPE PRÓPRIA OU EPS' ...
2026-05-19 23:10:29,259 - INFO - 🟨 campo de caracteristica 'EQUIPE PRÓPRIA OU EPS detectado
2026-05-19 23:10:51,063 - INFO - ⌛ Aguardando confirmação 4 - editar OS...
2026-05-19 23:11:06,497 - INFO - ⌛ Aguardando confirmação 4 - editar OS...
2026-05-19 23:11:06,604 - INFO - 🟨 Identificado travamento no EQM, reiniciando contador de espera
2026-05-19 23:11:21,936 - INFO - ⌛ Aguardando confirmação 4 - editar OS...
2026-05-19 23:11:37,367 - INFO - 🟨 Janela de confirmação 4 de edição de OS detectada
2026-05-19 23:11:41,481 - INFO - 
=== rotina programar_os ===
2026-05-19 23:12:07,990 - INFO - ⌛ Aguardando janela de confirmação de programação de OS...
2026-05-19 23:12:33,412 - INFO - 🟨 Janela de confirmação de programação de OS detectada
2026-05-19 23:12:46,665 - INFO - 🟨 Janela de aviso de edição de OS programadas detectada
2026-05-19 23:12:53,881 - INFO - ⌛ aguardando janela de programação de lote de OS...
2026-05-19 23:13:19,467 - INFO - 🟨 Janela de aviso de substituição de lote de OS detectada
2026-05-19 23:13:39,581 - INFO - ⌛ aguardando janela de programação de lote de OS...
2026-05-19 23:14:05,072 - INFO - 🟨 Janela de programação de lote de OS detectada
2026-05-19 23:14:54,574 - INFO - 🟨 Janela de confirmação de programação de lote de OS detectada
2026-05-19 23:14:58,797 - INFO - ⌛ aguardando confirmação final de programação do lote
2026-05-19 23:15:24,226 - INFO - 🟨 programação do lote 7 efetuado com sucesso
2026-05-19 23:15:34,331 - INFO - 
=== Iniciando lote 8/507 [REDES] ===
2026-05-19 23:15:34,331 - INFO - 
=== abrir_janela_selecao ===
2026-05-19 23:15:40,640 - INFO - 
=== rotina abrir_selecao_colar_os ===
2026-05-19 23:15:40,729 - INFO - Janela de seleção aberta
2026-05-19 23:15:44,950 - INFO - DEBUG: idx=7, inicio=175, fim=200
2026-05-19 23:15:44,950 - INFO - ✅ 25 OS copiadas para a área de transferência.
2026-05-19 23:15:44,950 - INFO - 📋 Lote 8 copiado.
2026-05-19 23:15:53,289 - INFO - ⌛ Esperando mudança visual...
2026-05-19 23:15:54,305 - INFO - ⌛ Esperando mudança visual...
2026-05-19 23:15:55,323 - INFO - ⌛ Esperando mudança visual...
2026-05-19 23:15:56,330 - INFO - ⌛ Esperando mudança visual...
2026-05-19 23:15:57,355 - INFO - ⌛ Esperando mudança visual...
2026-05-19 23:15:58,372 - INFO - ⌛ Esperando mudança visual...
2026-05-19 23:15:59,377 - INFO - ⌛ Esperando mudança visual...
2026-05-19 23:16:00,403 - INFO - ⌛ Esperando mudança visual...
2026-05-19 23:16:01,422 - INFO - ⌛ Esperando mudança visual...
2026-05-19 23:16:02,437 - INFO - ⌛ Esperando mudança visual...
2026-05-19 23:16:03,456 - INFO - ⌛ Esperando mudança visual...
2026-05-19 23:16:04,472 - INFO - ⌛ Esperando mudança visual...
2026-05-19 23:16:05,487 - INFO - ⌛ Esperando mudança visual...
2026-05-19 23:16:06,506 - INFO - ✅ Tela carregada!
2026-05-19 23:16:10,508 - INFO - 
=== rotina desbloquear_os ===
2026-05-19 23:16:36,988 - INFO - ⌛ Aguardando janela de confirmação de desbloqueio...
2026-05-19 23:16:52,400 - INFO - 🟨 Registros desbloqueados com sucesso
2026-05-19 23:16:56,503 - INFO - 
=== rotina editar_os ===
2026-05-19 23:17:05,912 - INFO - ⌛ Aguardando janela de edição de OS...
2026-05-19 23:17:21,326 - INFO - 🟨 OS programadas detectadas
2026-05-19 23:17:24,429 - INFO - ⌛ Aguardando janela de edição de OS...
2026-05-19 23:17:39,875 - INFO - 🟨 Janela de edição de OS detectada
2026-05-19 23:18:01,245 - INFO - 🟨 Janela de edição de habilidade da turma detectada
2026-05-19 23:19:19,561 - INFO - ⌛ Aguardando detecção do campo de caracteristica 'EQUIPE PRÓPRIA OU EPS' ...
2026-05-19 23:19:38,910 - INFO - 🟨 campo de caracteristica 'EQUIPE PRÓPRIA OU EPS detectado
2026-05-19 23:20:00,674 - INFO - ⌛ Aguardando confirmação 4 - editar OS...
2026-05-19 23:20:16,098 - INFO - ⌛ Aguardando confirmação 4 - editar OS...
2026-05-19 23:20:31,511 - INFO - ⌛ Aguardando confirmação 4 - editar OS...
2026-05-19 23:20:46,964 - INFO - 🟨 Janela de confirmação 4 de edição de OS detectada
2026-05-19 23:20:51,066 - INFO - 
=== rotina programar_os ===
2026-05-19 23:21:17,576 - INFO - ⌛ Aguardando janela de confirmação de programação de OS...
2026-05-19 23:21:42,998 - INFO - 🟨 Janela de confirmação de programação de OS detectada
2026-05-19 23:21:56,260 - INFO - 🟨 Janela de aviso de edição de OS programadas detectada
2026-05-19 23:22:03,464 - INFO - ⌛ aguardando janela de programação de lote de OS...
2026-05-19 23:22:28,945 - INFO - 🟨 Janela de aviso de substituição de lote de OS detectada
2026-05-19 23:22:49,046 - INFO - ⌛ aguardando janela de programação de lote de OS...
2026-05-19 23:23:14,518 - INFO - 🟨 Janela de programação de lote de OS detectada
2026-05-19 23:24:04,041 - INFO - 🟨 Janela de confirmação de programação de lote de OS detectada
2026-05-19 23:24:08,240 - INFO - ⌛ aguardando confirmação final de programação do lote
2026-05-19 23:24:33,678 - INFO - 🟨 programação do lote 8 efetuado com sucesso
2026-05-19 23:24:43,784 - INFO - 
=== Iniciando lote 9/507 [REDES] ===
2026-05-19 23:24:43,784 - INFO - 
=== abrir_janela_selecao ===
2026-05-19 23:24:50,121 - INFO - 
=== rotina abrir_selecao_colar_os ===
2026-05-19 23:24:50,176 - INFO - Janela de seleção aberta
2026-05-19 23:24:54,397 - INFO - DEBUG: idx=8, inicio=200, fim=225
2026-05-19 23:24:54,397 - INFO - ✅ 25 OS copiadas para a área de transferência.
2026-05-19 23:24:54,397 - INFO - 📋 Lote 9 copiado.
2026-05-19 23:25:02,729 - INFO - ⌛ Esperando mudança visual...
2026-05-19 23:25:03,754 - INFO - ⌛ Esperando mudança visual...
2026-05-19 23:25:04,770 - INFO - ⌛ Esperando mudança visual...
2026-05-19 23:25:05,786 - INFO - ⌛ Esperando mudança visual...
2026-05-19 23:25:06,803 - INFO - ⌛ Esperando mudança visual...
2026-05-19 23:25:07,821 - INFO - ⌛ Esperando mudança visual...
2026-05-19 23:25:08,837 - INFO - ⌛ Esperando mudança visual...
2026-05-19 23:25:09,853 - INFO - ⌛ Esperando mudança visual...
2026-05-19 23:25:10,871 - INFO - ⌛ Esperando mudança visual...
2026-05-19 23:25:11,887 - INFO - ⌛ Esperando mudança visual...
2026-05-19 23:25:12,904 - INFO - ⌛ Esperando mudança visual...
2026-05-19 23:25:13,917 - INFO - ✅ Tela carregada!
2026-05-19 23:25:17,922 - INFO - 
=== rotina desbloquear_os ===
2026-05-19 23:25:44,398 - INFO - ⌛ Aguardando janela de confirmação de desbloqueio...
2026-05-19 23:25:59,765 - INFO - 🟨 Registros desbloqueados com sucesso
2026-05-19 23:26:03,868 - INFO - 
=== rotina editar_os ===
2026-05-19 23:26:13,301 - INFO - ⌛ Aguardando janela de edição de OS...
2026-05-19 23:26:28,795 - INFO - 🟨 OS programadas detectadas
2026-05-19 23:26:31,898 - INFO - ⌛ Aguardando janela de edição de OS...
2026-05-19 23:26:47,347 - INFO - 🟨 Janela de edição de OS detectada
2026-05-19 23:27:08,711 - INFO - 🟨 Janela de edição de habilidade da turma detectada
2026-05-19 23:28:27,024 - INFO - ⌛ Aguardando detecção do campo de caracteristica 'EQUIPE PRÓPRIA OU EPS' ...
2026-05-19 23:28:46,376 - INFO - 🟨 campo de caracteristica 'EQUIPE PRÓPRIA OU EPS detectado
2026-05-19 23:29:08,139 - INFO - ⌛ Aguardando confirmação 4 - editar OS...
2026-05-19 23:29:23,572 - INFO - ⌛ Aguardando confirmação 4 - editar OS...
2026-05-19 23:29:39,014 - INFO - ⌛ Aguardando confirmação 4 - editar OS...
2026-05-19 23:29:54,445 - INFO - 🟨 Janela de confirmação 4 de edição de OS detectada
2026-05-19 23:29:58,547 - INFO - 
=== rotina programar_os ===
2026-05-19 23:30:25,062 - INFO - ⌛ Aguardando janela de confirmação de programação de OS...
2026-05-19 23:30:50,471 - INFO - 🟨 Janela de confirmação de programação de OS detectada
2026-05-19 23:31:03,723 - INFO - 🟨 Janela de aviso de edição de OS programadas detectada
2026-05-19 23:31:10,928 - INFO - ⌛ aguardando janela de programação de lote de OS...
2026-05-19 23:31:36,425 - INFO - 🟨 Janela de aviso de substituição de lote de OS detectada
2026-05-19 23:31:56,536 - INFO - ⌛ aguardando janela de programação de lote de OS...
2026-05-19 23:32:22,023 - INFO - 🟨 Janela de programação de lote de OS detectada
2026-05-19 23:33:11,524 - INFO - 🟨 Janela de confirmação de programação de lote de OS detectada
2026-05-19 23:33:15,723 - INFO - ⌛ aguardando confirmação final de programação do lote
2026-05-19 23:33:41,176 - INFO - 🟨 programação do lote 9 efetuado com sucesso
2026-05-19 23:33:51,283 - INFO - 
=== Iniciando lote 10/507 [REDES] ===
2026-05-19 23:33:51,283 - INFO - 
=== abrir_janela_selecao ===
2026-05-19 23:33:57,589 - INFO - 
=== rotina abrir_selecao_colar_os ===
2026-05-19 23:33:57,642 - INFO - Janela de seleção aberta
2026-05-19 23:34:01,862 - INFO - DEBUG: idx=9, inicio=225, fim=250
2026-05-19 23:34:01,863 - INFO - ✅ 25 OS copiadas para a área de transferência.
2026-05-19 23:34:01,863 - INFO - 📋 Lote 10 copiado.
2026-05-19 23:34:10,200 - INFO - ⌛ Esperando mudança visual...
2026-05-19 23:34:11,218 - INFO - ⌛ Esperando mudança visual...
2026-05-19 23:34:12,221 - INFO - ⌛ Esperando mudança visual...
2026-05-19 23:34:13,252 - INFO - ⌛ Esperando mudança visual...
2026-05-19 23:34:14,268 - INFO - ⌛ Esperando mudança visual...
2026-05-19 23:34:15,283 - INFO - ⌛ Esperando mudança visual...
2026-05-19 23:34:16,301 - INFO - ⌛ Esperando mudança visual...
2026-05-19 23:34:17,316 - INFO - ⌛ Esperando mudança visual...
2026-05-19 23:34:18,331 - INFO - ⌛ Esperando mudança visual...
2026-05-19 23:34:19,351 - INFO - ⌛ Esperando mudança visual...
2026-05-19 23:34:20,367 - INFO - ✅ Tela carregada!
2026-05-19 23:34:24,369 - INFO - 
=== rotina desbloquear_os ===
2026-05-19 23:34:50,839 - INFO - ⌛ Aguardando janela de confirmação de desbloqueio...
2026-05-19 23:35:06,264 - INFO - 🟨 Registros desbloqueados com sucesso
2026-05-19 23:35:10,370 - INFO - 
=== rotina editar_os ===
2026-05-19 23:35:19,771 - INFO - ⌛ Aguardando janela de edição de OS...
2026-05-19 23:35:35,255 - INFO - 🟨 OS programadas detectadas
2026-05-19 23:35:38,372 - INFO - ⌛ Aguardando janela de edição de OS...
2026-05-19 23:35:53,891 - INFO - 🟨 Janela de edição de OS detectada
2026-05-19 23:36:15,265 - INFO - 🟨 Janela de edição de habilidade da turma detectada
2026-05-19 23:37:33,571 - INFO - ⌛ Aguardando detecção do campo de caracteristica 'EQUIPE PRÓPRIA OU EPS' ...
2026-05-19 23:37:52,920 - INFO - 🟨 campo de caracteristica 'EQUIPE PRÓPRIA OU EPS detectado
2026-05-19 23:38:14,715 - INFO - ⌛ Aguardando confirmação 4 - editar OS...
2026-05-19 23:38:30,191 - INFO - ⌛ Aguardando confirmação 4 - editar OS...
2026-05-19 23:38:45,618 - INFO - ⌛ Aguardando confirmação 4 - editar OS...
2026-05-19 23:39:01,069 - INFO - 🟨 Janela de confirmação 4 de edição de OS detectada
2026-05-19 23:39:05,177 - INFO - 
=== rotina programar_os ===
2026-05-19 23:39:31,689 - INFO - ⌛ Aguardando janela de confirmação de programação de OS...
2026-05-19 23:39:57,106 - INFO - 🟨 Janela de confirmação de programação de OS detectada
2026-05-19 23:40:10,368 - INFO - 🟨 Janela de aviso de edição de OS programadas detectada
2026-05-19 23:40:17,581 - INFO - ⌛ aguardando janela de programação de lote de OS...
2026-05-19 23:40:43,069 - INFO - 🟨 Janela de aviso de substituição de lote de OS detectada
2026-05-19 23:41:03,175 - INFO - ⌛ aguardando janela de programação de lote de OS...
2026-05-19 23:41:28,653 - INFO - 🟨 Janela de programação de lote de OS detectada
2026-05-19 23:42:18,155 - INFO - 🟨 Janela de confirmação de programação de lote de OS detectada
2026-05-19 23:42:22,354 - INFO - ⌛ aguardando confirmação final de programação do lote
2026-05-19 23:42:47,821 - INFO - 🟨 programação do lote 10 efetuado com sucesso
2026-05-19 23:42:57,931 - INFO - 
=== Iniciando lote 11/507 [REDES] ===
2026-05-19 23:42:57,931 - INFO - 
=== abrir_janela_selecao ===
2026-05-19 23:43:04,263 - INFO - 
=== rotina abrir_selecao_colar_os ===
2026-05-19 23:43:04,348 - INFO - Janela de seleção aberta
2026-05-19 23:43:08,574 - INFO - DEBUG: idx=10, inicio=250, fim=275
2026-05-19 23:43:08,574 - INFO - ✅ 25 OS copiadas para a área de transferência.
2026-05-19 23:43:08,574 - INFO - 📋 Lote 11 copiado.
2026-05-19 23:43:16,913 - INFO - ⌛ Esperando mudança visual...
2026-05-19 23:43:17,916 - INFO - ⌛ Esperando mudança visual...
2026-05-19 23:43:18,946 - INFO - ⌛ Esperando mudança visual...
2026-05-19 23:43:19,962 - INFO - ⌛ Esperando mudança visual...
2026-05-19 23:43:20,980 - INFO - ⌛ Esperando mudança visual...
2026-05-19 23:43:21,996 - INFO - ⌛ Esperando mudança visual...
2026-05-19 23:43:23,012 - INFO - ⌛ Esperando mudança visual...
2026-05-19 23:43:24,027 - INFO - ⌛ Esperando mudança visual...
2026-05-19 23:43:25,046 - INFO - ⌛ Esperando mudança visual...
2026-05-19 23:43:26,063 - INFO - ⌛ Esperando mudança visual...
2026-05-19 23:43:27,079 - INFO - ⌛ Esperando mudança visual...
2026-05-19 23:43:28,097 - INFO - ⌛ Esperando mudança visual...
2026-05-19 23:43:29,113 - INFO - ✅ Tela carregada!
2026-05-19 23:43:33,114 - INFO - 
=== rotina desbloquear_os ===
2026-05-19 23:43:59,575 - INFO - ⌛ Aguardando janela de confirmação de desbloqueio...
2026-05-19 23:44:14,998 - INFO - 🟨 Registros desbloqueados com sucesso
2026-05-19 23:44:19,100 - INFO - 
=== rotina editar_os ===
2026-05-19 23:44:28,508 - INFO - ⌛ Aguardando janela de edição de OS...
2026-05-19 23:44:43,993 - INFO - 🟨 OS programadas detectadas
2026-05-19 23:44:47,095 - INFO - ⌛ Aguardando janela de edição de OS...
2026-05-19 23:45:02,613 - INFO - 🟨 Janela de edição de OS detectada
2026-05-19 23:45:23,970 - INFO - 🟨 Janela de edição de habilidade da turma detectada
2026-05-19 23:46:42,286 - INFO - ⌛ Aguardando detecção do campo de caracteristica 'EQUIPE PRÓPRIA OU EPS' ...
2026-05-19 23:47:01,635 - INFO - 🟨 campo de caracteristica 'EQUIPE PRÓPRIA OU EPS detectado
2026-05-19 23:47:23,399 - INFO - ⌛ Aguardando confirmação 4 - editar OS...
2026-05-19 23:47:38,826 - INFO - ⌛ Aguardando confirmação 4 - editar OS...
2026-05-19 23:47:54,266 - INFO - ⌛ Aguardando confirmação 4 - editar OS...
2026-05-19 23:48:09,712 - INFO - 🟨 Janela de confirmação 4 de edição de OS detectada
2026-05-19 23:48:13,826 - INFO - 
=== rotina programar_os ===
2026-05-19 23:48:40,359 - INFO - ⌛ Aguardando janela de confirmação de programação de OS...
2026-05-19 23:49:05,841 - INFO - 🟨 Janela de confirmação de programação de OS detectada
2026-05-19 23:49:19,124 - INFO - 🟨 Janela de aviso de edição de OS programadas detectada
2026-05-19 23:49:26,330 - INFO - ⌛ aguardando janela de programação de lote de OS...
2026-05-19 23:49:51,857 - INFO - 🟨 Janela de aviso de substituição de lote de OS detectada
2026-05-19 23:50:11,959 - INFO - ⌛ aguardando janela de programação de lote de OS...
2026-05-19 23:50:37,491 - INFO - 🟨 Janela de programação de lote de OS detectada
2026-05-19 23:51:27,018 - INFO - 🟨 Janela de confirmação de programação de lote de OS detectada
2026-05-19 23:51:31,258 - INFO - ⌛ aguardando confirmação final de programação do lote
2026-05-19 23:51:56,794 - INFO - 🟨 programação do lote 11 efetuado com sucesso
2026-05-19 23:52:06,897 - INFO - 
=== Iniciando lote 12/507 [REDES] ===
2026-05-19 23:52:06,897 - INFO - 
=== abrir_janela_selecao ===
2026-05-19 23:52:13,203 - INFO - 
=== rotina abrir_selecao_colar_os ===
2026-05-19 23:52:13,257 - INFO - Janela de seleção aberta
2026-05-19 23:52:17,468 - INFO - DEBUG: idx=11, inicio=275, fim=300
2026-05-19 23:52:17,468 - INFO - ✅ 25 OS copiadas para a área de transferência.
2026-05-19 23:52:17,468 - INFO - 📋 Lote 12 copiado.
2026-05-19 23:52:25,813 - INFO - ⌛ Esperando mudança visual...
2026-05-19 23:52:26,826 - INFO - ⌛ Esperando mudança visual...
2026-05-19 23:52:27,845 - INFO - ⌛ Esperando mudança visual...
2026-05-19 23:52:28,862 - INFO - ⌛ Esperando mudança visual...
2026-05-19 23:52:29,873 - INFO - ⌛ Esperando mudança visual...
2026-05-19 23:52:30,895 - INFO - ⌛ Esperando mudança visual...
2026-05-19 23:52:31,911 - INFO - ⌛ Esperando mudança visual...
2026-05-19 23:52:32,920 - INFO - ⌛ Esperando mudança visual...
2026-05-19 23:52:33,945 - INFO - ⌛ Esperando mudança visual...
2026-05-19 23:52:34,961 - INFO - ⌛ Esperando mudança visual...
2026-05-19 23:52:35,968 - INFO - ⌛ Esperando mudança visual...
2026-05-19 23:52:36,995 - INFO - ✅ Tela carregada!
2026-05-19 23:52:40,997 - INFO - 
=== rotina desbloquear_os ===
2026-05-19 23:53:07,466 - INFO - ⌛ Aguardando janela de confirmação de desbloqueio...
2026-05-19 23:53:22,894 - INFO - 🟨 Registros desbloqueados com sucesso
2026-05-19 23:53:26,997 - INFO - 
=== rotina editar_os ===
2026-05-19 23:53:36,408 - INFO - ⌛ Aguardando janela de edição de OS...
2026-05-19 23:53:51,897 - INFO - 🟨 OS programadas detectadas
2026-05-19 23:53:55,011 - INFO - ⌛ Aguardando janela de edição de OS...
2026-05-19 23:54:10,474 - INFO - 🟨 Janela de edição de OS detectada
2026-05-19 23:54:31,853 - INFO - 🟨 Janela de edição de habilidade da turma detectada
2026-05-19 23:55:50,169 - INFO - ⌛ Aguardando detecção do campo de caracteristica 'EQUIPE PRÓPRIA OU EPS' ...
2026-05-19 23:56:09,518 - INFO - 🟨 campo de caracteristica 'EQUIPE PRÓPRIA OU EPS detectado
2026-05-19 23:56:31,303 - INFO - ⌛ Aguardando confirmação 4 - editar OS...
2026-05-19 23:56:46,792 - INFO - ⌛ Aguardando confirmação 4 - editar OS...
2026-05-19 23:57:02,259 - INFO - ⌛ Aguardando confirmação 4 - editar OS...
2026-05-19 23:57:17,701 - INFO - 🟨 Janela de confirmação 4 de edição de OS detectada
2026-05-19 23:57:21,802 - INFO - 
=== rotina programar_os ===
2026-05-19 23:57:48,319 - INFO - ⌛ Aguardando janela de confirmação de programação de OS...
2026-05-19 23:58:13,719 - INFO - 🟨 Janela de confirmação de programação de OS detectada
2026-05-19 23:58:27,015 - INFO - 🟨 Janela de aviso de edição de OS programadas detectada
2026-05-19 23:58:34,220 - INFO - ⌛ aguardando janela de programação de lote de OS...
2026-05-19 23:58:59,695 - INFO - 🟨 Janela de aviso de substituição de lote de OS detectada
2026-05-19 23:59:19,803 - INFO - ⌛ aguardando janela de programação de lote de OS...
2026-05-19 23:59:45,282 - INFO - 🟨 Janela de programação de lote de OS detectada
2026-05-20 00:00:34,784 - INFO - 🟨 Janela de confirmação de programação de lote de OS detectada
2026-05-20 00:00:38,976 - INFO - ⌛ aguardando confirmação final de programação do lote
2026-05-20 00:01:04,462 - INFO - 🟨 programação do lote 12 efetuado com sucesso
2026-05-20 00:01:14,566 - INFO - 
=== Iniciando lote 13/507 [REDES] ===
2026-05-20 00:01:14,567 - INFO - 
=== abrir_janela_selecao ===
2026-05-20 00:01:20,873 - INFO - 
=== rotina abrir_selecao_colar_os ===
2026-05-20 00:01:20,919 - INFO - Janela de seleção aberta
2026-05-20 00:01:25,154 - INFO - DEBUG: idx=12, inicio=300, fim=325
2026-05-20 00:01:25,154 - INFO - ✅ 25 OS copiadas para a área de transferência.
2026-05-20 00:01:25,154 - INFO - 📋 Lote 13 copiado.
2026-05-20 00:01:33,493 - INFO - ⌛ Esperando mudança visual...
2026-05-20 00:01:34,509 - INFO - ⌛ Esperando mudança visual...
2026-05-20 00:01:35,521 - INFO - ⌛ Esperando mudança visual...
2026-05-20 00:01:36,542 - INFO - ⌛ Esperando mudança visual...
2026-05-20 00:01:37,558 - INFO - ⌛ Esperando mudança visual...
2026-05-20 00:01:38,574 - INFO - ⌛ Esperando mudança visual...
2026-05-20 00:01:39,590 - INFO - ⌛ Esperando mudança visual...
2026-05-20 00:01:40,607 - INFO - ⌛ Esperando mudança visual...
2026-05-20 00:01:41,614 - INFO - ⌛ Esperando mudança visual...
2026-05-20 00:01:42,640 - INFO - ⌛ Esperando mudança visual...
2026-05-20 00:01:43,658 - INFO - ⌛ Esperando mudança visual...
2026-05-20 00:01:44,661 - INFO - ⌛ Esperando mudança visual...
2026-05-20 00:01:45,677 - INFO - ✅ Tela carregada!
2026-05-20 00:01:49,692 - INFO - 
=== rotina desbloquear_os ===
2026-05-20 00:02:16,205 - INFO - ⌛ Aguardando janela de confirmação de desbloqueio...
2026-05-20 00:02:31,732 - INFO - 🟨 Registros desbloqueados com sucesso
2026-05-20 00:02:35,835 - INFO - 
=== rotina editar_os ===
2026-05-20 00:02:45,254 - INFO - ⌛ Aguardando janela de edição de OS...
2026-05-20 00:03:00,759 - INFO - 🟨 OS programadas detectadas
2026-05-20 00:03:03,862 - INFO - ⌛ Aguardando janela de edição de OS...
2026-05-20 00:03:19,387 - INFO - 🟨 Janela de edição de OS detectada
2026-05-20 00:03:40,754 - INFO - 🟨 Janela de edição de habilidade da turma detectada
2026-05-20 00:04:59,067 - INFO - ⌛ Aguardando detecção do campo de caracteristica 'EQUIPE PRÓPRIA OU EPS' ...
2026-05-20 00:05:18,418 - INFO - 🟨 campo de caracteristica 'EQUIPE PRÓPRIA OU EPS detectado
2026-05-20 00:05:40,198 - INFO - ⌛ Aguardando confirmação 4 - editar OS...
2026-05-20 00:05:55,615 - INFO - ⌛ Aguardando confirmação 4 - editar OS...
2026-05-20 00:06:11,050 - INFO - ⌛ Aguardando confirmação 4 - editar OS...
2026-05-20 00:06:26,497 - INFO - 🟨 Janela de confirmação 4 de edição de OS detectada
2026-05-20 00:06:30,600 - INFO - 
=== rotina programar_os ===
2026-05-20 00:06:57,135 - INFO - ⌛ Aguardando janela de confirmação de programação de OS...
2026-05-20 00:07:22,587 - INFO - 🟨 Janela de confirmação de programação de OS detectada
2026-05-20 00:07:35,885 - INFO - 🟨 Janela de aviso de edição de OS programadas detectada
2026-05-20 00:07:43,089 - INFO - ⌛ aguardando janela de programação de lote de OS...
2026-05-20 00:08:08,568 - INFO - 🟨 Janela de aviso de substituição de lote de OS detectada
2026-05-20 00:08:28,682 - INFO - ⌛ aguardando janela de programação de lote de OS...
2026-05-20 00:08:54,173 - INFO - 🟨 Janela de programação de lote de OS detectada
2026-05-20 00:09:43,701 - INFO - 🟨 Janela de confirmação de programação de lote de OS detectada
2026-05-20 00:09:47,926 - INFO - ⌛ aguardando confirmação final de programação do lote
2026-05-20 00:10:13,417 - INFO - 🟨 programação do lote 13 efetuado com sucesso
2026-05-20 00:10:23,523 - INFO - 
=== Iniciando lote 14/507 [REDES] ===
2026-05-20 00:10:23,523 - INFO - 
=== abrir_janela_selecao ===
2026-05-20 00:10:29,843 - INFO - 
=== rotina abrir_selecao_colar_os ===
2026-05-20 00:10:29,897 - INFO - Janela de seleção aberta
2026-05-20 00:10:34,136 - INFO - DEBUG: idx=13, inicio=325, fim=350
2026-05-20 00:10:34,136 - INFO - ✅ 25 OS copiadas para a área de transferência.
2026-05-20 00:10:34,136 - INFO - 📋 Lote 14 copiado.
2026-05-20 00:10:42,467 - INFO - ⌛ Esperando mudança visual...
2026-05-20 00:10:43,490 - INFO - ⌛ Esperando mudança visual...
2026-05-20 00:10:44,507 - INFO - ⌛ Esperando mudança visual...
2026-05-20 00:10:45,514 - INFO - ⌛ Esperando mudança visual...
2026-05-20 00:10:46,540 - INFO - ⌛ Esperando mudança visual...
2026-05-20 00:10:47,557 - INFO - ⌛ Esperando mudança visual...
2026-05-20 00:10:48,561 - INFO - ⌛ Esperando mudança visual...
2026-05-20 00:10:49,576 - INFO - ⌛ Esperando mudança visual...
2026-05-20 00:10:50,607 - INFO - ⌛ Esperando mudança visual...
2026-05-20 00:10:51,624 - INFO - ⌛ Esperando mudança visual...
2026-05-20 00:10:52,641 - INFO - ⌛ Esperando mudança visual...
2026-05-20 00:10:53,657 - INFO - ✅ Tela carregada!
2026-05-20 00:10:57,659 - INFO - 
=== rotina desbloquear_os ===
2026-05-20 00:11:24,115 - INFO - ⌛ Aguardando janela de confirmação de desbloqueio...
2026-05-20 00:11:39,517 - INFO - 🟨 Registros desbloqueados com sucesso
2026-05-20 00:11:43,619 - INFO - 
=== rotina editar_os ===
2026-05-20 00:11:53,031 - INFO - ⌛ Aguardando janela de edição de OS...
2026-05-20 00:12:08,484 - INFO - 🟨 OS programadas detectadas
2026-05-20 00:12:11,587 - INFO - ⌛ Aguardando janela de edição de OS...
2026-05-20 00:12:27,052 - INFO - 🟨 Janela de edição de OS detectada
2026-05-20 00:12:48,413 - INFO - 🟨 Janela de edição de habilidade da turma detectada
2026-05-20 00:14:06,733 - INFO - ⌛ Aguardando detecção do campo de caracteristica 'EQUIPE PRÓPRIA OU EPS' ...
2026-05-20 00:14:26,097 - INFO - 🟨 campo de caracteristica 'EQUIPE PRÓPRIA OU EPS detectado
2026-05-20 00:14:47,889 - INFO - ⌛ Aguardando confirmação 4 - editar OS...
2026-05-20 00:15:03,377 - INFO - ⌛ Aguardando confirmação 4 - editar OS...
2026-05-20 00:15:18,912 - INFO - ⌛ Aguardando confirmação 4 - editar OS...
2026-05-20 00:15:34,451 - INFO - 🟨 Janela de confirmação 4 de edição de OS detectada
2026-05-20 00:15:38,555 - INFO - 
=== rotina programar_os ===
2026-05-20 00:16:05,087 - INFO - ⌛ Aguardando janela de confirmação de programação de OS...
2026-05-20 00:16:30,568 - INFO - 🟨 Janela de confirmação de programação de OS detectada
2026-05-20 00:16:43,852 - INFO - 🟨 Janela de aviso de edição de OS programadas detectada
2026-05-20 00:16:51,072 - INFO - ⌛ aguardando janela de programação de lote de OS...
2026-05-20 00:17:16,583 - INFO - 🟨 Janela de aviso de substituição de lote de OS detectada
2026-05-20 00:17:36,687 - INFO - ⌛ aguardando janela de programação de lote de OS...
2026-05-20 00:18:02,200 - INFO - 🟨 Janela de programação de lote de OS detectada
2026-05-20 00:18:51,736 - INFO - 🟨 Janela de confirmação de programação de lote de OS detectada
2026-05-20 00:18:55,965 - INFO - ⌛ aguardando confirmação final de programação do lote
2026-05-20 00:19:21,423 - INFO - ⌛ aguardando confirmação final de programação do lote
2026-05-20 00:19:46,950 - INFO - ⌛ aguardando confirmação final de programação do lote
2026-05-20 00:20:12,424 - INFO - ⌛ aguardando confirmação final de programação do lote
2026-05-20 00:20:37,932 - INFO - 🟨 programação do lote 14 efetuado com sucesso
2026-05-20 00:20:48,035 - INFO - 
=== Iniciando lote 15/507 [REDES] ===
2026-05-20 00:20:48,035 - INFO - 
=== abrir_janela_selecao ===
2026-05-20 00:20:54,340 - INFO - 
=== rotina abrir_selecao_colar_os ===
2026-05-20 00:20:54,400 - INFO - Janela de seleção aberta
2026-05-20 00:20:58,635 - INFO - DEBUG: idx=14, inicio=350, fim=375
2026-05-20 00:20:58,635 - INFO - ✅ 25 OS copiadas para a área de transferência.
2026-05-20 00:20:58,635 - INFO - 📋 Lote 15 copiado.
2026-05-20 00:21:06,970 - INFO - ⌛ Esperando mudança visual...
2026-05-20 00:21:07,988 - INFO - ⌛ Esperando mudança visual...
2026-05-20 00:21:09,005 - INFO - ⌛ Esperando mudança visual...
2026-05-20 00:21:10,017 - INFO - ⌛ Esperando mudança visual...
2026-05-20 00:21:11,038 - INFO - ⌛ Esperando mudança visual...
2026-05-20 00:21:12,055 - INFO - ⌛ Esperando mudança visual...
2026-05-20 00:21:13,064 - INFO - ⌛ Esperando mudança visual...
2026-05-20 00:21:14,088 - INFO - ⌛ Esperando mudança visual...
2026-05-20 00:21:15,104 - INFO - ⌛ Esperando mudança visual...
2026-05-20 00:21:16,120 - INFO - ⌛ Esperando mudança visual...
2026-05-20 00:21:17,126 - INFO - ✅ Tela carregada!
2026-05-20 00:21:21,139 - INFO - 
=== rotina desbloquear_os ===
2026-05-20 00:21:47,613 - INFO - ⌛ Aguardando janela de confirmação de desbloqueio...
2026-05-20 00:22:03,053 - INFO - 🟨 Registros desbloqueados com sucesso
2026-05-20 00:22:07,156 - INFO - 
=== rotina editar_os ===
2026-05-20 00:22:16,566 - INFO - ⌛ Aguardando janela de edição de OS...
2026-05-20 00:22:32,016 - INFO - 🟨 OS programadas detectadas
2026-05-20 00:22:35,120 - INFO - ⌛ Aguardando janela de edição de OS...
2026-05-20 00:22:50,573 - INFO - 🟨 Janela de edição de OS detectada
2026-05-20 00:23:11,964 - INFO - 🟨 Janela de edição de habilidade da turma detectada
2026-05-20 00:24:30,270 - INFO - ⌛ Aguardando detecção do campo de caracteristica 'EQUIPE PRÓPRIA OU EPS' ...
2026-05-20 00:24:49,647 - INFO - 🟨 campo de caracteristica 'EQUIPE PRÓPRIA OU EPS detectado
2026-05-20 00:25:11,447 - INFO - ⌛ Aguardando confirmação 4 - editar OS...
2026-05-20 00:25:26,952 - INFO - ⌛ Aguardando confirmação 4 - editar OS...
2026-05-20 00:25:42,450 - INFO - ⌛ Aguardando confirmação 4 - editar OS...
2026-05-20 00:25:57,961 - INFO - 🟨 Janela de confirmação 4 de edição de OS detectada
2026-05-20 00:26:02,062 - INFO - 
=== rotina programar_os ===
2026-05-20 00:26:28,602 - INFO - ⌛ Aguardando janela de confirmação de programação de OS...
2026-05-20 00:26:54,013 - INFO - 🟨 Janela de confirmação de programação de OS detectada
2026-05-20 00:27:07,309 - INFO - 🟨 Janela de aviso de edição de OS programadas detectada
2026-05-20 00:27:14,513 - INFO - ⌛ aguardando janela de programação de lote de OS...
2026-05-20 00:27:40,008 - INFO - 🟨 Janela de aviso de substituição de lote de OS detectada
2026-05-20 00:28:00,121 - INFO - ⌛ aguardando janela de programação de lote de OS...
2026-05-20 00:28:25,672 - INFO - 🟨 Janela de aviso de substituição de lote de OS detectada
2026-05-20 00:28:45,782 - INFO - ⌛ aguardando janela de programação de lote de OS...
2026-05-20 00:29:11,332 - INFO - 🟨 Janela de programação de lote de OS detectada
2026-05-20 00:30:00,812 - INFO - 🟨 Janela de confirmação de programação de lote de OS detectada
2026-05-20 00:30:05,025 - INFO - ⌛ aguardando confirmação final de programação do lote
2026-05-20 00:30:30,459 - INFO - 🟨 programação do lote 15 efetuado com sucesso
2026-05-20 00:30:40,562 - INFO - 
=== Iniciando lote 16/507 [REDES] ===
2026-05-20 00:30:40,562 - INFO - 
=== abrir_janela_selecao ===
2026-05-20 00:30:46,868 - INFO - 
=== rotina abrir_selecao_colar_os ===
2026-05-20 00:30:46,918 - INFO - Janela de seleção aberta
2026-05-20 00:30:51,143 - INFO - DEBUG: idx=15, inicio=375, fim=400
2026-05-20 00:30:51,143 - INFO - ✅ 25 OS copiadas para a área de transferência.
2026-05-20 00:30:51,144 - INFO - 📋 Lote 16 copiado.
2026-05-20 00:30:59,470 - INFO - ⌛ Esperando mudança visual...
2026-05-20 00:31:00,486 - INFO - ⌛ Esperando mudança visual...
2026-05-20 00:31:01,503 - INFO - ⌛ Esperando mudança visual...
2026-05-20 00:31:02,517 - INFO - ⌛ Esperando mudança visual...
2026-05-20 00:31:03,535 - INFO - ⌛ Esperando mudança visual...
2026-05-20 00:31:04,552 - INFO - ⌛ Esperando mudança visual...
2026-05-20 00:31:05,565 - INFO - ⌛ Esperando mudança visual...
2026-05-20 00:31:06,586 - INFO - ⌛ Esperando mudança visual...
2026-05-20 00:31:07,602 - INFO - ⌛ Esperando mudança visual...
2026-05-20 00:31:08,612 - INFO - ⌛ Esperando mudança visual...
2026-05-20 00:31:09,636 - INFO - ⌛ Esperando mudança visual...
2026-05-20 00:31:10,648 - INFO - ✅ Tela carregada!
2026-05-20 00:31:14,654 - INFO - 
=== rotina desbloquear_os ===
2026-05-20 00:31:41,150 - INFO - ⌛ Aguardando janela de confirmação de desbloqueio...
2026-05-20 00:31:56,613 - INFO - 🟨 Registros desbloqueados com sucesso
2026-05-20 00:32:00,716 - INFO - 
=== rotina editar_os ===
2026-05-20 00:32:10,119 - INFO - ⌛ Aguardando janela de edição de OS...
2026-05-20 00:32:25,557 - INFO - 🟨 OS programadas detectadas
2026-05-20 00:32:28,660 - INFO - ⌛ Aguardando janela de edição de OS...
2026-05-20 00:32:44,119 - INFO - 🟨 Janela de edição de OS detectada
2026-05-20 00:33:05,505 - INFO - 🟨 Janela de edição de habilidade da turma detectada
2026-05-20 00:34:23,831 - INFO - ⌛ Aguardando detecção do campo de caracteristica 'EQUIPE PRÓPRIA OU EPS' ...
2026-05-20 00:34:43,189 - INFO - 🟨 campo de caracteristica 'EQUIPE PRÓPRIA OU EPS detectado
2026-05-20 00:35:04,958 - INFO - ⌛ Aguardando confirmação 4 - editar OS...
2026-05-20 00:35:20,365 - INFO - ⌛ Aguardando confirmação 4 - editar OS...
2026-05-20 00:35:35,810 - INFO - ⌛ Aguardando confirmação 4 - editar OS...
2026-05-20 00:35:51,241 - INFO - 🟨 Janela de confirmação 4 de edição de OS detectada
2026-05-20 00:35:55,343 - INFO - 
=== rotina programar_os ===
2026-05-20 00:36:21,860 - INFO - ⌛ Aguardando janela de confirmação de programação de OS...
2026-05-20 00:36:47,274 - INFO - 🟨 Janela de confirmação de programação de OS detectada
2026-05-20 00:37:00,539 - INFO - 🟨 Janela de aviso de edição de OS programadas detectada
2026-05-20 00:37:07,743 - INFO - ⌛ aguardando janela de programação de lote de OS...
2026-05-20 00:37:33,236 - INFO - 🟨 Janela de aviso de substituição de lote de OS detectada
2026-05-20 00:37:53,340 - INFO - ⌛ aguardando janela de programação de lote de OS...
2026-05-20 00:38:18,840 - INFO - 🟨 Janela de programação de lote de OS detectada
2026-05-20 00:39:08,356 - INFO - 🟨 Janela de confirmação de programação de lote de OS detectada
2026-05-20 00:39:12,568 - INFO - ⌛ aguardando confirmação final de programação do lote
2026-05-20 00:39:38,037 - INFO - ⌛ aguardando confirmação final de programação do lote
2026-05-20 00:40:03,490 - INFO - ⌛ aguardando confirmação final de programação do lote
2026-05-20 00:40:28,911 - INFO - ⌛ aguardando confirmação final de programação do lote
2026-05-20 00:40:54,356 - INFO - ⌛ aguardando confirmação final de programação do lote
2026-05-20 00:41:19,785 - INFO - ⌛ aguardando confirmação final de programação do lote
2026-05-20 00:41:45,234 - INFO - ⌛ aguardando confirmação final de programação do lote
2026-05-20 00:42:10,701 - INFO - ⌛ aguardando confirmação final de programação do lote
2026-05-20 00:42:36,181 - INFO - ⌛ aguardando confirmação final de programação do lote
2026-05-20 00:43:01,724 - INFO - ⌛ aguardando confirmação final de programação do lote
2026-05-20 00:43:27,303 - INFO - ⌛ aguardando confirmação final de programação do lote
2026-05-20 00:43:52,803 - INFO - ⌛ aguardando confirmação final de programação do lote
2026-05-20 00:44:18,302 - INFO - ⌛ aguardando confirmação final de programação do lote
2026-05-20 00:44:43,801 - INFO - 🟨 programação do lote 16 efetuado com sucesso
2026-05-20 00:44:53,905 - INFO - 
=== Iniciando lote 17/507 [REDES] ===
2026-05-20 00:44:53,905 - INFO - 
=== abrir_janela_selecao ===
2026-05-20 00:45:00,211 - INFO - 
=== rotina abrir_selecao_colar_os ===
2026-05-20 00:45:00,254 - INFO - Janela de seleção aberta
2026-05-20 00:45:04,484 - INFO - DEBUG: idx=16, inicio=400, fim=425
2026-05-20 00:45:04,484 - INFO - ✅ 25 OS copiadas para a área de transferência.
2026-05-20 00:45:04,484 - INFO - 📋 Lote 17 copiado.
2026-05-20 00:45:12,824 - INFO - ⌛ Esperando mudança visual...
2026-05-20 00:45:13,840 - INFO - ⌛ Esperando mudança visual...
2026-05-20 00:45:14,855 - INFO - ⌛ Esperando mudança visual...
2026-05-20 00:45:15,873 - INFO - ⌛ Esperando mudança visual...
2026-05-20 00:45:16,890 - INFO - ⌛ Esperando mudança visual...
2026-05-20 00:45:17,902 - INFO - ⌛ Esperando mudança visual...
2026-05-20 00:45:18,923 - INFO - ⌛ Esperando mudança visual...
2026-05-20 00:45:19,939 - INFO - ⌛ Esperando mudança visual...
2026-05-20 00:45:20,956 - INFO - ⌛ Esperando mudança visual...
2026-05-20 00:45:21,965 - INFO - ⌛ Esperando mudança visual...
2026-05-20 00:45:22,989 - INFO - ✅ Tela carregada!
2026-05-20 00:45:26,991 - INFO - 
=== rotina desbloquear_os ===
2026-05-20 00:45:53,450 - INFO - ⌛ Aguardando janela de confirmação de desbloqueio...
2026-05-20 00:46:08,886 - INFO - 🟨 Registros desbloqueados com sucesso
2026-05-20 00:46:12,992 - INFO - 
=== rotina editar_os ===
2026-05-20 00:46:22,404 - INFO - ⌛ Aguardando janela de edição de OS...
2026-05-20 00:46:37,907 - INFO - 🟨 OS programadas detectadas
2026-05-20 00:46:41,020 - INFO - ⌛ Aguardando janela de edição de OS...
2026-05-20 00:46:56,483 - INFO - 🟨 Janela de edição de OS detectada
2026-05-20 00:47:17,846 - INFO - 🟨 Janela de edição de habilidade da turma detectada
2026-05-20 00:48:36,143 - INFO - ⌛ Aguardando detecção do campo de caracteristica 'EQUIPE PRÓPRIA OU EPS' ...
2026-05-20 00:48:55,498 - INFO - 🟨 campo de caracteristica 'EQUIPE PRÓPRIA OU EPS detectado
2026-05-20 00:49:17,296 - INFO - ⌛ Aguardando confirmação 4 - editar OS...
2026-05-20 00:49:32,749 - INFO - ⌛ Aguardando confirmação 4 - editar OS...
2026-05-20 00:49:48,254 - INFO - 🟨 Janela de confirmação 4 de edição de OS detectada
2026-05-20 00:49:52,367 - INFO - 
=== rotina programar_os ===
2026-05-20 00:50:18,893 - INFO - ⌛ Aguardando janela de confirmação de programação de OS...
2026-05-20 00:50:44,306 - INFO - 🟨 Janela de confirmação de programação de OS detectada
2026-05-20 00:50:57,589 - INFO - 🟨 Janela de aviso de edição de OS programadas detectada
2026-05-20 00:51:04,793 - INFO - ⌛ aguardando janela de programação de lote de OS...
2026-05-20 00:51:30,269 - INFO - 🟨 Janela de aviso de substituição de lote de OS detectada
2026-05-20 00:51:50,377 - INFO - ⌛ aguardando janela de programação de lote de OS...
2026-05-20 00:52:15,875 - INFO - 🟨 Janela de programação de lote de OS detectada
2026-05-20 00:53:05,404 - INFO - 🟨 Janela de confirmação de programação de lote de OS detectada
2026-05-20 00:53:09,677 - INFO - ⌛ aguardando confirmação final de programação do lote
2026-05-20 00:53:35,208 - INFO - 🟨 programação do lote 17 efetuado com sucesso
2026-05-20 00:53:45,313 - INFO - 
=== Iniciando lote 18/507 [REDES] ===
2026-05-20 00:53:45,313 - INFO - 
=== abrir_janela_selecao ===
2026-05-20 00:53:51,618 - INFO - 
=== rotina abrir_selecao_colar_os ===
2026-05-20 00:53:51,676 - INFO - Janela de seleção aberta
2026-05-20 00:53:55,904 - INFO - DEBUG: idx=17, inicio=425, fim=450
2026-05-20 00:53:55,904 - INFO - ✅ 25 OS copiadas para a área de transferência.
2026-05-20 00:53:55,904 - INFO - 📋 Lote 18 copiado.
2026-05-20 00:54:04,246 - INFO - ⌛ Esperando mudança visual...
2026-05-20 00:54:05,265 - INFO - ⌛ Esperando mudança visual...
2026-05-20 00:54:06,282 - INFO - ⌛ Esperando mudança visual...
2026-05-20 00:54:07,299 - INFO - ⌛ Esperando mudança visual...
2026-05-20 00:54:08,309 - INFO - ⌛ Esperando mudança visual...
2026-05-20 00:54:09,332 - INFO - ⌛ Esperando mudança visual...
2026-05-20 00:54:10,347 - INFO - ⌛ Esperando mudança visual...
2026-05-20 00:54:11,356 - INFO - ⌛ Esperando mudança visual...
2026-05-20 00:54:12,382 - INFO - ⌛ Esperando mudança visual...
2026-05-20 00:54:13,398 - INFO - ⌛ Esperando mudança visual...
2026-05-20 00:54:14,403 - INFO - ✅ Tela carregada!
2026-05-20 00:54:18,417 - INFO - 
=== rotina desbloquear_os ===
2026-05-20 00:54:44,900 - INFO - ⌛ Aguardando janela de confirmação de desbloqueio...
2026-05-20 00:55:00,348 - INFO - 🟨 Registros desbloqueados com sucesso
2026-05-20 00:55:04,451 - INFO - 
=== rotina editar_os ===
2026-05-20 00:55:13,844 - INFO - ⌛ Aguardando janela de edição de OS...
2026-05-20 00:55:29,295 - INFO - 🟨 OS programadas detectadas
2026-05-20 00:55:32,406 - INFO - ⌛ Aguardando janela de edição de OS...
2026-05-20 00:55:47,893 - INFO - 🟨 Janela de edição de OS detectada
2026-05-20 00:56:09,248 - INFO - 🟨 Janela de edição de habilidade da turma detectada
2026-05-20 00:57:27,567 - INFO - ⌛ Aguardando detecção do campo de caracteristica 'EQUIPE PRÓPRIA OU EPS' ...
2026-05-20 00:57:46,918 - INFO - 🟨 campo de caracteristica 'EQUIPE PRÓPRIA OU EPS detectado
2026-05-20 00:58:08,685 - INFO - ⌛ Aguardando confirmação 4 - editar OS...
2026-05-20 00:58:24,138 - INFO - ⌛ Aguardando confirmação 4 - editar OS...
2026-05-20 00:58:39,560 - INFO - ⌛ Aguardando confirmação 4 - editar OS...
2026-05-20 00:58:54,985 - INFO - 🟨 Janela de confirmação 4 de edição de OS detectada
2026-05-20 00:58:59,088 - INFO - 
=== rotina programar_os ===
2026-05-20 00:59:25,596 - INFO - ⌛ Aguardando janela de confirmação de programação de OS...
2026-05-20 00:59:51,003 - INFO - 🟨 Janela de confirmação de programação de OS detectada
2026-05-20 01:00:04,283 - INFO - 🟨 Janela de aviso de edição de OS programadas detectada
2026-05-20 01:00:11,487 - INFO - ⌛ aguardando janela de programação de lote de OS...
2026-05-20 01:00:36,958 - INFO - 🟨 Janela de aviso de substituição de lote de OS detectada
2026-05-20 01:00:57,069 - INFO - ⌛ aguardando janela de programação de lote de OS...
2026-05-20 01:01:22,546 - INFO - 🟨 Janela de programação de lote de OS detectada
2026-05-20 01:02:12,067 - INFO - 🟨 Janela de confirmação de programação de lote de OS detectada
2026-05-20 01:02:16,283 - INFO - ⌛ aguardando confirmação final de programação do lote
2026-05-20 01:02:41,785 - INFO - 🟨 programação do lote 18 efetuado com sucesso
2026-05-20 01:02:51,888 - INFO - 
=== Iniciando lote 19/507 [REDES] ===
2026-05-20 01:02:51,889 - INFO - 
=== abrir_janela_selecao ===
2026-05-20 01:02:58,195 - INFO - 
=== rotina abrir_selecao_colar_os ===
2026-05-20 01:02:58,252 - INFO - Janela de seleção aberta
2026-05-20 01:03:02,483 - INFO - DEBUG: idx=18, inicio=450, fim=475
2026-05-20 01:03:02,483 - INFO - ✅ 25 OS copiadas para a área de transferência.
2026-05-20 01:03:02,483 - INFO - 📋 Lote 19 copiado.
2026-05-20 01:03:10,808 - INFO - ⌛ Esperando mudança visual...
2026-05-20 01:03:11,825 - INFO - ⌛ Esperando mudança visual...
2026-05-20 01:03:12,843 - INFO - ⌛ Esperando mudança visual...
2026-05-20 01:03:13,853 - INFO - ⌛ Esperando mudança visual...
2026-05-20 01:03:14,877 - INFO - ⌛ Esperando mudança visual...
2026-05-20 01:03:15,893 - INFO - ⌛ Esperando mudança visual...
2026-05-20 01:03:16,900 - INFO - ⌛ Esperando mudança visual...
2026-05-20 01:03:17,926 - INFO - ⌛ Esperando mudança visual...
2026-05-20 01:03:18,944 - INFO - ⌛ Esperando mudança visual...
2026-05-20 01:03:19,958 - INFO - ⌛ Esperando mudança visual...
2026-05-20 01:03:20,975 - INFO - ⌛ Esperando mudança visual...
2026-05-20 01:03:21,994 - INFO - ✅ Tela carregada!
2026-05-20 01:03:25,995 - INFO - 
=== rotina desbloquear_os ===
2026-05-20 01:03:52,471 - INFO - ⌛ Aguardando janela de confirmação de desbloqueio...
2026-05-20 01:04:07,850 - INFO - 🟨 Registros desbloqueados com sucesso
2026-05-20 01:04:11,955 - INFO - 
=== rotina editar_os ===
2026-05-20 01:04:21,353 - INFO - ⌛ Aguardando janela de edição de OS...
2026-05-20 01:04:36,781 - INFO - 🟨 OS programadas detectadas
2026-05-20 01:04:39,884 - INFO - ⌛ Aguardando janela de edição de OS...
2026-05-20 01:04:55,303 - INFO - 🟨 Janela de edição de OS detectada
2026-05-20 01:05:16,678 - INFO - 🟨 Janela de edição de habilidade da turma detectada
2026-05-20 01:06:34,983 - INFO - ⌛ Aguardando detecção do campo de caracteristica 'EQUIPE PRÓPRIA OU EPS' ...
2026-05-20 01:06:54,329 - INFO - 🟨 campo de caracteristica 'EQUIPE PRÓPRIA OU EPS detectado
2026-05-20 01:07:16,096 - INFO - ⌛ Aguardando confirmação 4 - editar OS...
2026-05-20 01:07:31,534 - INFO - ⌛ Aguardando confirmação 4 - editar OS...
2026-05-20 01:07:46,990 - INFO - ⌛ Aguardando confirmação 4 - editar OS...
2026-05-20 01:08:02,502 - INFO - 🟨 Janela de confirmação 4 de edição de OS detectada
2026-05-20 01:08:06,604 - INFO - 
=== rotina programar_os ===
2026-05-20 01:08:33,153 - INFO - ⌛ Aguardando janela de confirmação de programação de OS...
2026-05-20 01:08:58,636 - INFO - 🟨 Janela de confirmação de programação de OS detectada
2026-05-20 01:09:11,935 - INFO - 🟨 Janela de aviso de edição de OS programadas detectada
2026-05-20 01:09:19,139 - INFO - ⌛ aguardando janela de programação de lote de OS...
2026-05-20 01:09:44,666 - INFO - 🟨 Janela de aviso de substituição de lote de OS detectada
2026-05-20 01:10:04,769 - INFO - ⌛ aguardando janela de programação de lote de OS...
2026-05-20 01:10:30,278 - INFO - 🟨 Janela de programação de lote de OS detectada
2026-05-20 01:11:19,780 - INFO - 🟨 Janela de confirmação de programação de lote de OS detectada
2026-05-20 01:11:23,997 - INFO - ⌛ aguardando confirmação final de programação do lote
2026-05-20 01:11:49,478 - INFO - 🟨 programação do lote 19 efetuado com sucesso
2026-05-20 01:11:59,581 - INFO - 
=== Iniciando lote 20/507 [REDES] ===
2026-05-20 01:11:59,581 - INFO - 
=== abrir_janela_selecao ===
2026-05-20 01:12:05,888 - INFO - 
=== rotina abrir_selecao_colar_os ===
2026-05-20 01:12:05,946 - INFO - Janela de seleção aberta
2026-05-20 01:12:10,166 - INFO - DEBUG: idx=19, inicio=475, fim=500
2026-05-20 01:12:10,166 - INFO - ✅ 25 OS copiadas para a área de transferência.
2026-05-20 01:12:10,166 - INFO - 📋 Lote 20 copiado.
2026-05-20 01:12:18,500 - INFO - ⌛ Esperando mudança visual...
2026-05-20 01:12:19,522 - INFO - ⌛ Esperando mudança visual...
2026-05-20 01:12:20,539 - INFO - ⌛ Esperando mudança visual...
2026-05-20 01:12:21,547 - INFO - ⌛ Esperando mudança visual...
2026-05-20 01:12:22,571 - INFO - ⌛ Esperando mudança visual...
2026-05-20 01:12:23,587 - INFO - ⌛ Esperando mudança visual...
2026-05-20 01:12:24,601 - INFO - ⌛ Esperando mudança visual...
2026-05-20 01:12:25,621 - INFO - ⌛ Esperando mudança visual...
2026-05-20 01:12:26,638 - INFO - ⌛ Esperando mudança visual...
2026-05-20 01:12:27,641 - INFO - ⌛ Esperando mudança visual...
2026-05-20 01:12:28,671 - INFO - ⌛ Esperando mudança visual...
2026-05-20 01:12:29,687 - INFO - ✅ Tela carregada!
2026-05-20 01:12:33,689 - INFO - 
=== rotina desbloquear_os ===
2026-05-20 01:13:00,163 - INFO - ⌛ Aguardando janela de confirmação de desbloqueio...
2026-05-20 01:13:15,622 - INFO - 🟨 Registros desbloqueados com sucesso
2026-05-20 01:13:19,725 - INFO - 
=== rotina editar_os ===
2026-05-20 01:13:29,133 - INFO - ⌛ Aguardando janela de edição de OS...
2026-05-20 01:13:44,567 - INFO - 🟨 OS programadas detectadas
2026-05-20 01:13:47,668 - INFO - ⌛ Aguardando janela de edição de OS...
2026-05-20 01:14:03,130 - INFO - 🟨 Janela de edição de OS detectada
2026-05-20 01:14:24,494 - INFO - 🟨 Janela de edição de habilidade da turma detectada
2026-05-20 01:15:42,792 - INFO - ⌛ Aguardando detecção do campo de caracteristica 'EQUIPE PRÓPRIA OU EPS' ...
2026-05-20 01:16:02,140 - INFO - 🟨 campo de caracteristica 'EQUIPE PRÓPRIA OU EPS detectado
2026-05-20 01:16:23,928 - INFO - ⌛ Aguardando confirmação 4 - editar OS...
2026-05-20 01:16:39,380 - INFO - ⌛ Aguardando confirmação 4 - editar OS...
2026-05-20 01:16:54,830 - INFO - ⌛ Aguardando confirmação 4 - editar OS...
2026-05-20 01:17:10,246 - INFO - 🟨 Janela de confirmação 4 de edição de OS detectada
2026-05-20 01:17:14,362 - INFO - 
=== rotina programar_os ===
2026-05-20 01:17:40,895 - INFO - ⌛ Aguardando janela de confirmação de programação de OS...
2026-05-20 01:18:06,341 - INFO - 🟨 Janela de confirmação de programação de OS detectada
2026-05-20 01:18:19,592 - INFO - 🟨 Janela de aviso de edição de OS programadas detectada
2026-05-20 01:18:26,797 - INFO - ⌛ aguardando janela de programação de lote de OS...
2026-05-20 01:18:52,272 - INFO - 🟨 Janela de aviso de substituição de lote de OS detectada
2026-05-20 01:19:12,379 - INFO - ⌛ aguardando janela de programação de lote de OS...
2026-05-20 01:19:37,855 - INFO - 🟨 Janela de programação de lote de OS detectada
2026-05-20 01:20:27,355 - INFO - 🟨 Janela de confirmação de programação de lote de OS detectada
2026-05-20 01:20:31,592 - INFO - ⌛ aguardando confirmação final de programação do lote
2026-05-20 01:20:57,068 - INFO - 🟨 programação do lote 20 efetuado com sucesso
2026-05-20 01:21:07,170 - INFO - 
=== Iniciando lote 21/507 [REDES] ===
2026-05-20 01:21:07,170 - INFO - 
=== abrir_janela_selecao ===
2026-05-20 01:21:13,476 - INFO - 
=== rotina abrir_selecao_colar_os ===
2026-05-20 01:21:13,525 - INFO - Janela de seleção aberta
2026-05-20 01:21:17,755 - INFO - DEBUG: idx=20, inicio=500, fim=525
2026-05-20 01:21:17,755 - INFO - ✅ 25 OS copiadas para a área de transferência.
2026-05-20 01:21:17,755 - INFO - 📋 Lote 21 copiado.
2026-05-20 01:21:26,095 - INFO - ⌛ Esperando mudança visual...
2026-05-20 01:21:27,121 - INFO - ⌛ Esperando mudança visual...
2026-05-20 01:21:28,135 - INFO - ⌛ Esperando mudança visual...
2026-05-20 01:21:29,142 - INFO - ⌛ Esperando mudança visual...
2026-05-20 01:21:30,170 - INFO - ⌛ Esperando mudança visual...
2026-05-20 01:21:31,184 - INFO - ⌛ Esperando mudança visual...
2026-05-20 01:21:32,189 - INFO - ⌛ Esperando mudança visual...
2026-05-20 01:21:33,221 - INFO - ⌛ Esperando mudança visual...
2026-05-20 01:21:34,237 - INFO - ⌛ Esperando mudança visual...
2026-05-20 01:21:35,253 - INFO - ⌛ Esperando mudança visual...
2026-05-20 01:21:36,270 - INFO - ⌛ Esperando mudança visual...
2026-05-20 01:21:37,287 - INFO - ⌛ Esperando mudança visual...
2026-05-20 01:21:38,299 - INFO - ✅ Tela carregada!
2026-05-20 01:21:42,305 - INFO - 
=== rotina desbloquear_os ===
2026-05-20 01:22:08,786 - INFO - ⌛ Aguardando janela de confirmação de desbloqueio...
2026-05-20 01:22:24,218 - INFO - 🟨 Registros desbloqueados com sucesso
2026-05-20 01:22:28,322 - INFO - 
=== rotina editar_os ===
2026-05-20 01:22:37,768 - INFO - ⌛ Aguardando janela de edição de OS...
2026-05-20 01:22:53,274 - INFO - 🟨 OS programadas detectadas
2026-05-20 01:22:56,377 - INFO - ⌛ Aguardando janela de edição de OS...
2026-05-20 01:23:11,866 - INFO - 🟨 Janela de edição de OS detectada
2026-05-20 01:23:33,225 - INFO - 🟨 Janela de edição de habilidade da turma detectada
2026-05-20 01:24:51,543 - INFO - ⌛ Aguardando detecção do campo de caracteristica 'EQUIPE PRÓPRIA OU EPS' ...
2026-05-20 01:25:10,912 - INFO - 🟨 campo de caracteristica 'EQUIPE PRÓPRIA OU EPS detectado
2026-05-20 01:25:32,697 - INFO - ⌛ Aguardando confirmação 4 - editar OS...
2026-05-20 01:25:48,201 - INFO - ⌛ Aguardando confirmação 4 - editar OS...
2026-05-20 01:26:03,680 - INFO - 🟨 Janela de confirmação 4 de edição de OS detectada
2026-05-20 01:26:07,784 - INFO - 
=== rotina programar_os ===
2026-05-20 01:26:34,291 - INFO - ⌛ Aguardando janela de confirmação de programação de OS...
2026-05-20 01:26:59,771 - INFO - 🟨 Janela de confirmação de programação de OS detectada
2026-05-20 01:27:13,043 - INFO - 🟨 Janela de aviso de edição de OS programadas detectada
2026-05-20 01:27:20,248 - INFO - ⌛ aguardando janela de programação de lote de OS...
2026-05-20 01:27:45,759 - INFO - 🟨 Janela de aviso de substituição de lote de OS detectada
2026-05-20 01:28:05,868 - INFO - ⌛ aguardando janela de programação de lote de OS...
2026-05-20 01:28:31,439 - INFO - 🟨 Janela de programação de lote de OS detectada
2026-05-20 01:29:20,960 - INFO - 🟨 Janela de confirmação de programação de lote de OS detectada
2026-05-20 01:29:25,157 - INFO - ⌛ aguardando confirmação final de programação do lote
2026-05-20 01:29:50,595 - INFO - 🟨 programação do lote 21 efetuado com sucesso
2026-05-20 01:30:00,699 - INFO - 
=== Iniciando lote 22/507 [REDES] ===
2026-05-20 01:30:00,699 - INFO - 
=== abrir_janela_selecao ===
2026-05-20 01:30:07,006 - INFO - 
=== rotina abrir_selecao_colar_os ===
2026-05-20 01:30:07,059 - INFO - Janela de seleção aberta
2026-05-20 01:30:11,276 - INFO - DEBUG: idx=21, inicio=525, fim=550
2026-05-20 01:30:11,276 - INFO - ✅ 25 OS copiadas para a área de transferência.
2026-05-20 01:30:11,276 - INFO - 📋 Lote 22 copiado.
2026-05-20 01:30:19,618 - INFO - ⌛ Esperando mudança visual...
2026-05-20 01:30:20,635 - INFO - ⌛ Esperando mudança visual...
2026-05-20 01:30:21,652 - INFO - ⌛ Esperando mudança visual...
2026-05-20 01:30:22,668 - INFO - ⌛ Esperando mudança visual...
2026-05-20 01:30:23,685 - INFO - ⌛ Esperando mudança visual...
2026-05-20 01:30:24,698 - INFO - ⌛ Esperando mudança visual...
2026-05-20 01:30:25,717 - INFO - ⌛ Esperando mudança visual...
2026-05-20 01:30:26,730 - INFO - ⌛ Esperando mudança visual...
2026-05-20 01:30:27,749 - INFO - ⌛ Esperando mudança visual...
2026-05-20 01:30:28,766 - INFO - ⌛ Esperando mudança visual...
2026-05-20 01:30:29,784 - INFO - ⌛ Esperando mudança visual...
2026-05-20 01:30:30,793 - INFO - ✅ Tela carregada!
2026-05-20 01:30:34,801 - INFO - 
=== rotina desbloquear_os ===
2026-05-20 01:31:01,264 - INFO - ⌛ Aguardando janela de confirmação de desbloqueio...
2026-05-20 01:31:16,647 - INFO - 🟨 Registros desbloqueados com sucesso
2026-05-20 01:31:20,765 - INFO - 
=== rotina editar_os ===
2026-05-20 01:31:30,176 - INFO - ⌛ Aguardando janela de edição de OS...
2026-05-20 01:31:45,602 - INFO - 🟨 Janela de edição de OS detectada
2026-05-20 01:32:06,976 - INFO - 🟨 Janela de edição de habilidade da turma detectada
2026-05-20 01:33:25,285 - INFO - ⌛ Aguardando detecção do campo de caracteristica 'EQUIPE PRÓPRIA OU EPS' ...
2026-05-20 01:33:44,638 - INFO - 🟨 campo de caracteristica 'EQUIPE PRÓPRIA OU EPS detectado
2026-05-20 01:34:06,397 - INFO - ⌛ Aguardando confirmação 4 - editar OS...
2026-05-20 01:34:21,826 - INFO - ⌛ Aguardando confirmação 4 - editar OS...
2026-05-20 01:34:37,268 - INFO - ⌛ Aguardando confirmação 4 - editar OS...
2026-05-20 01:34:52,752 - INFO - 🟨 Janela de confirmação 4 de edição de OS detectada
2026-05-20 01:34:56,859 - INFO - 
=== rotina programar_os ===
2026-05-20 01:35:23,388 - INFO - ⌛ Aguardando janela de confirmação de programação de OS...
2026-05-20 01:35:48,800 - INFO - 🟨 Janela de confirmação de programação de OS detectada
2026-05-20 01:36:02,051 - INFO - 🟨 Janela de aviso de substituição de lote de OS detectada
2026-05-20 01:36:22,158 - INFO - ⌛ aguardando janela de programação de lote de OS...
2026-05-20 01:36:47,650 - INFO - 🟨 Janela de programação de lote de OS detectada
2026-05-20 01:37:37,156 - INFO - 🟨 Janela de confirmação de programação de lote de OS detectada
2026-05-20 01:37:41,374 - INFO - ⌛ aguardando confirmação final de programação do lote
2026-05-20 01:38:06,829 - INFO - 🟨 programação do lote 22 efetuado com sucesso
2026-05-20 01:38:16,934 - INFO - 
=== Iniciando lote 23/507 [REDES] ===
2026-05-20 01:38:16,935 - INFO - 
=== abrir_janela_selecao ===
2026-05-20 01:38:23,240 - INFO - 
=== rotina abrir_selecao_colar_os ===
2026-05-20 01:38:23,280 - INFO - Janela de seleção aberta
2026-05-20 01:38:27,511 - INFO - DEBUG: idx=22, inicio=550, fim=575
2026-05-20 01:38:27,511 - INFO - ✅ 25 OS copiadas para a área de transferência.
2026-05-20 01:38:27,511 - INFO - 📋 Lote 23 copiado.
2026-05-20 01:38:35,850 - INFO - ⌛ Esperando mudança visual...
2026-05-20 01:38:36,864 - INFO - ⌛ Esperando mudança visual...
2026-05-20 01:38:37,882 - INFO - ⌛ Esperando mudança visual...
2026-05-20 01:38:38,896 - INFO - ⌛ Esperando mudança visual...
2026-05-20 01:38:39,916 - INFO - ⌛ Esperando mudança visual...
2026-05-20 01:38:40,932 - INFO - ⌛ Esperando mudança visual...
2026-05-20 01:38:41,943 - INFO - ⌛ Esperando mudança visual...
2026-05-20 01:38:42,965 - INFO - ⌛ Esperando mudança visual...
2026-05-20 01:38:43,980 - INFO - ⌛ Esperando mudança visual...
2026-05-20 01:38:44,990 - INFO - ⌛ Esperando mudança visual...
2026-05-20 01:38:46,016 - INFO - ✅ Tela carregada!
2026-05-20 01:38:50,018 - INFO - 
=== rotina desbloquear_os ===
2026-05-20 01:39:16,493 - INFO - ⌛ Aguardando janela de confirmação de desbloqueio...
2026-05-20 01:39:31,901 - INFO - 🟨 Registros desbloqueados com sucesso
2026-05-20 01:39:36,014 - INFO - 
=== rotina editar_os ===
2026-05-20 01:39:45,417 - INFO - ⌛ Aguardando janela de edição de OS...
2026-05-20 01:40:00,849 - INFO - 🟨 OS programadas detectadas
2026-05-20 01:40:03,964 - INFO - ⌛ Aguardando janela de edição de OS...
2026-05-20 01:40:19,421 - INFO - 🟨 Janela de edição de OS detectada
2026-05-20 01:40:40,786 - INFO - 🟨 Janela de edição de habilidade da turma detectada
2026-05-20 01:41:59,100 - INFO - ⌛ Aguardando detecção do campo de caracteristica 'EQUIPE PRÓPRIA OU EPS' ...
2026-05-20 01:42:18,447 - INFO - 🟨 campo de caracteristica 'EQUIPE PRÓPRIA OU EPS detectado
2026-05-20 01:42:40,238 - INFO - ⌛ Aguardando confirmação 4 - editar OS...
2026-05-20 01:42:55,682 - INFO - ⌛ Aguardando confirmação 4 - editar OS...
2026-05-20 01:43:11,196 - INFO - 🟨 Janela de confirmação 4 de edição de OS detectada
2026-05-20 01:43:15,307 - INFO - 
=== rotina programar_os ===
2026-05-20 01:43:41,816 - INFO - ⌛ Aguardando janela de confirmação de programação de OS...
2026-05-20 01:44:07,237 - INFO - 🟨 Janela de confirmação de programação de OS detectada
2026-05-20 01:44:20,501 - INFO - 🟨 Janela de aviso de edição de OS programadas detectada
2026-05-20 01:44:27,713 - INFO - ⌛ aguardando janela de programação de lote de OS...
2026-05-20 01:44:53,195 - INFO - 🟨 Janela de aviso de substituição de lote de OS detectada
2026-05-20 01:45:13,313 - INFO - ⌛ aguardando janela de programação de lote de OS...
2026-05-20 01:45:38,819 - INFO - 🟨 Janela de programação de lote de OS detectada
2026-05-20 01:46:28,321 - INFO - 🟨 Janela de confirmação de programação de lote de OS detectada
2026-05-20 01:46:32,541 - INFO - ⌛ aguardando confirmação final de programação do lote
2026-05-20 01:46:58,002 - INFO - 🟨 programação do lote 23 efetuado com sucesso
2026-05-20 01:47:08,106 - INFO - 
=== Iniciando lote 24/507 [REDES] ===
2026-05-20 01:47:08,107 - INFO - 
=== abrir_janela_selecao ===
2026-05-20 01:47:14,413 - INFO - 
=== rotina abrir_selecao_colar_os ===
2026-05-20 01:47:14,467 - INFO - Janela de seleção aberta
2026-05-20 01:47:18,686 - INFO - DEBUG: idx=23, inicio=575, fim=600
2026-05-20 01:47:18,686 - INFO - ✅ 25 OS copiadas para a área de transferência.
2026-05-20 01:47:18,686 - INFO - 📋 Lote 24 copiado.
2026-05-20 01:47:27,012 - INFO - ⌛ Esperando mudança visual...
2026-05-20 01:47:28,025 - INFO - ⌛ Esperando mudança visual...
2026-05-20 01:47:29,043 - INFO - ⌛ Esperando mudança visual...
2026-05-20 01:47:30,059 - INFO - ⌛ Esperando mudança visual...
2026-05-20 01:47:31,076 - INFO - ⌛ Esperando mudança visual...
2026-05-20 01:47:32,087 - INFO - ⌛ Esperando mudança visual...
2026-05-20 01:47:33,110 - INFO - ⌛ Esperando mudança visual...
2026-05-20 01:47:34,127 - INFO - ⌛ Esperando mudança visual...
2026-05-20 01:47:35,133 - INFO - ⌛ Esperando mudança visual...
2026-05-20 01:47:36,159 - INFO - ⌛ Esperando mudança visual...
2026-05-20 01:47:37,177 - INFO - ⌛ Esperando mudança visual...
2026-05-20 01:47:38,194 - INFO - ✅ Tela carregada!
2026-05-20 01:47:42,195 - INFO - 
=== rotina desbloquear_os ===
2026-05-20 01:48:08,671 - INFO - ⌛ Aguardando janela de confirmação de desbloqueio...
2026-05-20 01:48:24,052 - INFO - 🟨 Registros desbloqueados com sucesso
2026-05-20 01:48:28,155 - INFO - 
=== rotina editar_os ===
2026-05-20 01:48:37,566 - INFO - ⌛ Aguardando janela de edição de OS...
2026-05-20 01:48:52,981 - INFO - 🟨 Janela de edição de OS detectada
2026-05-20 01:49:14,334 - INFO - 🟨 Janela de edição de habilidade da turma detectada
2026-05-20 01:50:32,659 - INFO - ⌛ Aguardando detecção do campo de caracteristica 'EQUIPE PRÓPRIA OU EPS' ...
2026-05-20 01:50:52,010 - INFO - 🟨 campo de caracteristica 'EQUIPE PRÓPRIA OU EPS detectado
2026-05-20 01:51:13,778 - INFO - ⌛ Aguardando confirmação 4 - editar OS...
2026-05-20 01:51:29,189 - INFO - ⌛ Aguardando confirmação 4 - editar OS...
2026-05-20 01:51:44,633 - INFO - ⌛ Aguardando confirmação 4 - editar OS...
2026-05-20 01:52:00,083 - INFO - 🟨 Janela de confirmação 4 de edição de OS detectada
2026-05-20 01:52:04,197 - INFO - 
=== rotina programar_os ===
2026-05-20 01:52:30,711 - INFO - ⌛ Aguardando janela de confirmação de programação de OS...
2026-05-20 01:52:56,148 - INFO - 🟨 Janela de confirmação de programação de OS detectada
2026-05-20 01:53:09,405 - INFO - ⌛ aguardando janela de programação de lote de OS...
2026-05-20 01:53:34,928 - INFO - 🟨 Janela de programação de lote de OS detectada
2026-05-20 01:54:24,457 - INFO - 🟨 Janela de confirmação de programação de lote de OS detectada
2026-05-20 01:54:28,673 - INFO - ⌛ aguardando confirmação final de programação do lote
2026-05-20 01:54:54,122 - INFO - 🟨 programação do lote 24 efetuado com sucesso
2026-05-20 01:55:04,225 - INFO - 
=== Iniciando lote 25/507 [REDES] ===
2026-05-20 01:55:04,225 - INFO - 
=== abrir_janela_selecao ===
2026-05-20 01:55:10,552 - INFO - 
=== rotina abrir_selecao_colar_os ===
2026-05-20 01:55:10,598 - INFO - Janela de seleção aberta
2026-05-20 01:55:14,825 - INFO - DEBUG: idx=24, inicio=600, fim=625
2026-05-20 01:55:14,825 - INFO - ✅ 25 OS copiadas para a área de transferência.
2026-05-20 01:55:14,825 - INFO - 📋 Lote 25 copiado.
2026-05-20 01:55:23,148 - INFO - ⌛ Esperando mudança visual...
2026-05-20 01:55:24,164 - INFO - ⌛ Esperando mudança visual...
2026-05-20 01:55:25,179 - INFO - ⌛ Esperando mudança visual...
2026-05-20 01:55:26,198 - INFO - ⌛ Esperando mudança visual...
2026-05-20 01:55:27,215 - INFO - ⌛ Esperando mudança visual...
2026-05-20 01:55:28,231 - INFO - ⌛ Esperando mudança visual...
2026-05-20 01:55:29,248 - INFO - ⌛ Esperando mudança visual...
2026-05-20 01:55:30,266 - INFO - ⌛ Esperando mudança visual...
2026-05-20 01:55:31,283 - INFO - ⌛ Esperando mudança visual...
2026-05-20 01:55:32,298 - INFO - ⌛ Esperando mudança visual...
2026-05-20 01:55:33,314 - INFO - ⌛ Esperando mudança visual...
2026-05-20 01:55:34,332 - INFO - ✅ Tela carregada!
2026-05-20 01:55:38,333 - INFO - 
=== rotina desbloquear_os ===
2026-05-20 01:56:04,808 - INFO - ⌛ Aguardando janela de confirmação de desbloqueio...
2026-05-20 01:56:20,192 - INFO - 🟨 Registros desbloqueados com sucesso
2026-05-20 01:56:24,295 - INFO - 
=== rotina editar_os ===
2026-05-20 01:56:33,704 - INFO - ⌛ Aguardando janela de edição de OS...
2026-05-20 01:56:49,155 - INFO - 🟨 OS programadas detectadas
2026-05-20 01:56:52,257 - INFO - ⌛ Aguardando janela de edição de OS...
2026-05-20 01:57:07,682 - INFO - 🟨 Janela de edição de OS detectada
2026-05-20 01:57:29,054 - INFO - 🟨 Janela de edição de habilidade da turma detectada
2026-05-20 01:58:47,368 - INFO - ⌛ Aguardando detecção do campo de caracteristica 'EQUIPE PRÓPRIA OU EPS' ...
2026-05-20 01:59:06,717 - INFO - 🟨 campo de caracteristica 'EQUIPE PRÓPRIA OU EPS detectado
2026-05-20 01:59:28,485 - INFO - ⌛ Aguardando confirmação 4 - editar OS...
2026-05-20 01:59:43,903 - INFO - ⌛ Aguardando confirmação 4 - editar OS...
2026-05-20 01:59:59,381 - INFO - 🟨 Janela de confirmação 4 de edição de OS detectada
2026-05-20 02:00:03,484 - INFO - 
=== rotina programar_os ===
2026-05-20 02:00:30,003 - INFO - ⌛ Aguardando janela de confirmação de programação de OS...
2026-05-20 02:00:55,416 - INFO - 🟨 Janela de confirmação de programação de OS detectada
2026-05-20 02:01:08,665 - INFO - 🟨 Janela de aviso de edição de OS programadas detectada
2026-05-20 02:01:15,870 - INFO - ⌛ aguardando janela de programação de lote de OS...
2026-05-20 02:01:41,349 - INFO - 🟨 Janela de aviso de substituição de lote de OS detectada
2026-05-20 02:02:01,453 - INFO - ⌛ aguardando janela de programação de lote de OS...
2026-05-20 02:02:26,965 - INFO - 🟨 Janela de programação de lote de OS detectada
2026-05-20 02:03:16,467 - INFO - 🟨 Janela de confirmação de programação de lote de OS detectada
2026-05-20 02:03:20,666 - INFO - ⌛ aguardando confirmação final de programação do lote
2026-05-20 02:03:46,116 - INFO - 🟨 programação do lote 25 efetuado com sucesso
2026-05-20 02:03:56,219 - INFO - 
=== Iniciando lote 26/507 [REDES] ===
2026-05-20 02:03:56,220 - INFO - 
=== abrir_janela_selecao ===
2026-05-20 02:04:02,526 - INFO - 
=== rotina abrir_selecao_colar_os ===
2026-05-20 02:04:02,590 - INFO - Janela de seleção aberta
2026-05-20 02:04:06,819 - INFO - DEBUG: idx=25, inicio=625, fim=650
2026-05-20 02:04:06,819 - INFO - ✅ 25 OS copiadas para a área de transferência.
2026-05-20 02:04:06,819 - INFO - 📋 Lote 26 copiado.
2026-05-20 02:04:15,159 - INFO - ⌛ Esperando mudança visual...
2026-05-20 02:04:16,171 - INFO - ⌛ Esperando mudança visual...
2026-05-20 02:04:17,191 - INFO - ⌛ Esperando mudança visual...
2026-05-20 02:04:18,208 - INFO - ⌛ Esperando mudança visual...
2026-05-20 02:04:19,224 - INFO - ⌛ Esperando mudança visual...
2026-05-20 02:04:20,232 - INFO - ⌛ Esperando mudança visual...
2026-05-20 02:04:21,258 - INFO - ⌛ Esperando mudança visual...
2026-05-20 02:04:22,274 - INFO - ⌛ Esperando mudança visual...
2026-05-20 02:04:23,290 - INFO - ⌛ Esperando mudança visual...
2026-05-20 02:04:24,308 - INFO - ⌛ Esperando mudança visual...
2026-05-20 02:04:25,325 - INFO - ⌛ Esperando mudança visual...
2026-05-20 02:04:26,343 - INFO - ✅ Tela carregada!
2026-05-20 02:04:30,344 - INFO - 
=== rotina desbloquear_os ===
2026-05-20 02:04:56,812 - INFO - ⌛ Aguardando janela de confirmação de desbloqueio...
2026-05-20 02:05:12,198 - INFO - ⌛ Aguardando janela de confirmação de desbloqueio...
2026-05-20 02:05:27,580 - INFO - ⌛ Aguardando janela de confirmação de desbloqueio...
2026-05-20 02:05:42,955 - INFO - ⌛ Aguardando janela de confirmação de desbloqueio...
2026-05-20 02:05:58,334 - INFO - ⌛ Aguardando janela de confirmação de desbloqueio...
2026-05-20 02:06:13,706 - INFO - ⌛ Aguardando janela de confirmação de desbloqueio...
2026-05-20 02:06:29,071 - INFO - ⌛ Aguardando janela de confirmação de desbloqueio...
2026-05-20 02:06:44,466 - INFO - ⌛ Aguardando janela de confirmação de desbloqueio...
2026-05-20 02:06:59,843 - INFO - ⌛ Aguardando janela de confirmação de desbloqueio...
2026-05-20 02:07:15,254 - INFO - ⌛ Aguardando janela de confirmação de desbloqueio...
2026-05-20 02:07:30,650 - INFO - ⌛ Aguardando janela de confirmação de desbloqueio...
2026-05-20 02:07:46,028 - INFO - ⌛ Aguardando janela de confirmação de desbloqueio...
2026-05-20 02:08:01,418 - INFO - ⌛ Aguardando janela de confirmação de desbloqueio...
2026-05-20 02:08:16,820 - INFO - 🟨 Registros desbloqueados com sucesso
2026-05-20 02:08:20,922 - INFO - 
=== rotina editar_os ===
2026-05-20 02:08:30,318 - INFO - ⌛ Aguardando janela de edição de OS...
2026-05-20 02:08:45,769 - INFO - 🟨 OS programadas detectadas
2026-05-20 02:08:48,883 - INFO - ⌛ Aguardando janela de edição de OS...
2026-05-20 02:09:04,341 - INFO - 🟨 Janela de edição de OS detectada
2026-05-20 02:09:25,714 - INFO - 🟨 Janela de edição de habilidade da turma detectada
2026-05-20 02:10:44,023 - INFO - ⌛ Aguardando detecção do campo de caracteristica 'EQUIPE PRÓPRIA OU EPS' ...
2026-05-20 02:11:03,370 - INFO - 🟨 campo de caracteristica 'EQUIPE PRÓPRIA OU EPS detectado
2026-05-20 02:11:25,165 - INFO - ⌛ Aguardando confirmação 4 - editar OS...
2026-05-20 02:11:40,595 - INFO - ⌛ Aguardando confirmação 4 - editar OS...
2026-05-20 02:11:56,031 - INFO - ⌛ Aguardando confirmação 4 - editar OS...
2026-05-20 02:12:11,490 - INFO - 🟨 Janela de confirmação 4 de edição de OS detectada
2026-05-20 02:12:15,593 - INFO - 
=== rotina programar_os ===
2026-05-20 02:12:42,112 - INFO - ⌛ Aguardando janela de confirmação de programação de OS...
2026-05-20 02:13:07,526 - INFO - 🟨 Janela de confirmação de programação de OS detectada
2026-05-20 02:13:20,781 - INFO - 🟨 Janela de aviso de edição de OS programadas detectada
2026-05-20 02:13:27,996 - INFO - ⌛ aguardando janela de programação de lote de OS...
2026-05-20 02:13:53,465 - INFO - 🟨 Janela de aviso de substituição de lote de OS detectada
2026-05-20 02:14:13,578 - INFO - ⌛ aguardando janela de programação de lote de OS...
2026-05-20 02:14:39,057 - INFO - 🟨 Janela de programação de lote de OS detectada
2026-05-20 02:15:28,558 - INFO - 🟨 Janela de confirmação de programação de lote de OS detectada
2026-05-20 02:15:32,760 - INFO - ⌛ aguardando confirmação final de programação do lote
2026-05-20 02:15:58,174 - INFO - 🟨 programação do lote 26 efetuado com sucesso
2026-05-20 02:16:08,279 - INFO - 
=== Iniciando lote 27/507 [REDES] ===
2026-05-20 02:16:08,279 - INFO - 
=== abrir_janela_selecao ===
2026-05-20 02:16:14,586 - INFO - 
=== rotina abrir_selecao_colar_os ===
2026-05-20 02:16:14,627 - INFO - Janela de seleção aberta
2026-05-20 02:16:18,863 - INFO - DEBUG: idx=26, inicio=650, fim=675
2026-05-20 02:16:18,863 - INFO - ✅ 25 OS copiadas para a área de transferência.
2026-05-20 02:16:18,863 - INFO - 📋 Lote 27 copiado.
2026-05-20 02:16:27,202 - INFO - ⌛ Esperando mudança visual...
2026-05-20 02:16:28,219 - INFO - ⌛ Esperando mudança visual...
2026-05-20 02:16:29,228 - INFO - ⌛ Esperando mudança visual...
2026-05-20 02:16:30,252 - INFO - ⌛ Esperando mudança visual...
2026-05-20 02:16:31,268 - INFO - ⌛ Esperando mudança visual...
2026-05-20 02:16:32,284 - INFO - ⌛ Esperando mudança visual...
2026-05-20 02:16:33,302 - INFO - ⌛ Esperando mudança visual...
2026-05-20 02:16:34,319 - INFO - ⌛ Esperando mudança visual...
2026-05-20 02:16:35,323 - INFO - ⌛ Esperando mudança visual...
2026-05-20 02:16:36,351 - INFO - ⌛ Esperando mudança visual...
2026-05-20 02:16:37,367 - INFO - ⌛ Esperando mudança visual...
2026-05-20 02:16:38,386 - INFO - ✅ Tela carregada!
2026-05-20 02:16:42,387 - INFO - 
=== rotina desbloquear_os ===
2026-05-20 02:17:08,865 - INFO - ⌛ Aguardando janela de confirmação de desbloqueio...
2026-05-20 02:17:24,246 - INFO - 🟨 Registros desbloqueados com sucesso
2026-05-20 02:17:28,349 - INFO - 
=== rotina editar_os ===
2026-05-20 02:17:37,759 - INFO - ⌛ Aguardando janela de edição de OS...
2026-05-20 02:17:53,175 - INFO - 🟨 Janela de edição de OS detectada
2026-05-20 02:18:14,547 - INFO - 🟨 Janela de edição de habilidade da turma detectada
2026-05-20 02:19:32,889 - INFO - ⌛ Aguardando detecção do campo de caracteristica 'EQUIPE PRÓPRIA OU EPS' ...
2026-05-20 02:19:52,239 - INFO - 🟨 campo de caracteristica 'EQUIPE PRÓPRIA OU EPS detectado
2026-05-20 02:20:14,008 - INFO - ⌛ Aguardando confirmação 4 - editar OS...
2026-05-20 02:20:29,443 - INFO - ⌛ Aguardando confirmação 4 - editar OS...
2026-05-20 02:20:44,858 - INFO - 🟨 Janela de confirmação 4 de edição de OS detectada
2026-05-20 02:20:48,960 - INFO - 
=== rotina programar_os ===
2026-05-20 02:21:15,513 - INFO - ⌛ Aguardando janela de confirmação de programação de OS...
2026-05-20 02:21:41,021 - INFO - 🟨 Janela de confirmação de programação de OS detectada
2026-05-20 02:21:54,295 - INFO - 🟨 Janela de aviso de substituição de lote de OS detectada
2026-05-20 02:22:14,398 - INFO - ⌛ aguardando janela de programação de lote de OS...
2026-05-20 02:22:39,914 - INFO - 🟨 Janela de programação de lote de OS detectada
2026-05-20 02:23:29,444 - INFO - 🟨 Janela de confirmação de programação de lote de OS detectada
2026-05-20 02:23:33,677 - INFO - ⌛ aguardando confirmação final de programação do lote
2026-05-20 02:23:59,163 - INFO - 🟨 programação do lote 27 efetuado com sucesso
2026-05-20 02:24:09,284 - INFO - 
=== Iniciando lote 28/507 [REDES] ===
2026-05-20 02:24:09,284 - INFO - 
=== abrir_janela_selecao ===
2026-05-20 02:24:15,591 - INFO - 
=== rotina abrir_selecao_colar_os ===
2026-05-20 02:24:15,650 - INFO - Janela de seleção aberta
2026-05-20 02:24:19,869 - INFO - DEBUG: idx=27, inicio=675, fim=700
2026-05-20 02:24:19,869 - INFO - ✅ 25 OS copiadas para a área de transferência.
2026-05-20 02:24:19,869 - INFO - 📋 Lote 28 copiado.
2026-05-20 02:24:28,199 - INFO - ⌛ Esperando mudança visual...
2026-05-20 02:24:29,214 - INFO - ⌛ Esperando mudança visual...
2026-05-20 02:24:30,222 - INFO - ⌛ Esperando mudança visual...
2026-05-20 02:24:31,250 - INFO - ⌛ Esperando mudança visual...
2026-05-20 02:24:32,264 - INFO - ⌛ Esperando mudança visual...
2026-05-20 02:24:33,269 - INFO - ⌛ Esperando mudança visual...
2026-05-20 02:24:34,297 - INFO - ⌛ Esperando mudança visual...
2026-05-20 02:24:35,314 - INFO - ⌛ Esperando mudança visual...
2026-05-20 02:24:36,331 - INFO - ⌛ Esperando mudança visual...
2026-05-20 02:24:37,348 - INFO - ⌛ Esperando mudança visual...
2026-05-20 02:24:38,364 - INFO - ⌛ Esperando mudança visual...
2026-05-20 02:24:39,383 - INFO - ✅ Tela carregada!
2026-05-20 02:24:43,384 - INFO - 
=== rotina desbloquear_os ===
2026-05-20 02:25:09,881 - INFO - ⌛ Aguardando janela de confirmação de desbloqueio...
2026-05-20 02:25:25,315 - INFO - 🟨 Registros desbloqueados com sucesso
2026-05-20 02:25:29,420 - INFO - 
=== rotina editar_os ===
2026-05-20 02:25:38,846 - INFO - ⌛ Aguardando janela de edição de OS...
2026-05-20 02:25:54,321 - INFO - 🟨 Janela de edição de OS detectada
2026-05-20 02:26:15,692 - INFO - 🟨 Janela de edição de habilidade da turma detectada
2026-05-20 02:27:34,003 - INFO - ⌛ Aguardando detecção do campo de caracteristica 'EQUIPE PRÓPRIA OU EPS' ...
2026-05-20 02:27:53,372 - INFO - 🟨 campo de caracteristica 'EQUIPE PRÓPRIA OU EPS detectado
2026-05-20 02:28:15,206 - INFO - ⌛ Aguardando confirmação 4 - editar OS...
2026-05-20 02:28:30,618 - INFO - ⌛ Aguardando confirmação 4 - editar OS...
2026-05-20 02:28:46,070 - INFO - ⌛ Aguardando confirmação 4 - editar OS...
2026-05-20 02:29:01,507 - INFO - 🟨 Janela de confirmação 4 de edição de OS detectada
2026-05-20 02:29:05,609 - INFO - 
=== rotina programar_os ===
2026-05-20 02:29:32,120 - INFO - ⌛ Aguardando janela de confirmação de programação de OS...
2026-05-20 02:29:57,539 - INFO - 🟨 Janela de confirmação de programação de OS detectada
2026-05-20 02:30:10,786 - INFO - 🟨 Janela de aviso de substituição de lote de OS detectada
2026-05-20 02:30:30,888 - INFO - ⌛ aguardando janela de programação de lote de OS...
2026-05-20 02:30:56,370 - INFO - 🟨 Janela de programação de lote de OS detectada
2026-05-20 02:31:45,870 - INFO - 🟨 Janela de confirmação de programação de lote de OS detectada
2026-05-20 02:31:50,072 - INFO - ⌛ aguardando confirmação final de programação do lote
2026-05-20 02:32:15,504 - INFO - 🟨 programação do lote 28 efetuado com sucesso
2026-05-20 02:32:25,608 - INFO - 
=== Iniciando lote 29/507 [REDES] ===
2026-05-20 02:32:25,609 - INFO - 
=== abrir_janela_selecao ===
2026-05-20 02:32:31,916 - INFO - 
=== rotina abrir_selecao_colar_os ===
2026-05-20 02:32:31,965 - INFO - Janela de seleção aberta
2026-05-20 02:32:36,183 - INFO - DEBUG: idx=28, inicio=700, fim=725
2026-05-20 02:32:36,183 - INFO - ✅ 25 OS copiadas para a área de transferência.
2026-05-20 02:32:36,183 - INFO - 📋 Lote 29 copiado.
2026-05-20 02:32:44,519 - INFO - ⌛ Esperando mudança visual...
2026-05-20 02:32:45,545 - INFO - ⌛ Esperando mudança visual...
2026-05-20 02:32:46,563 - INFO - ⌛ Esperando mudança visual...
2026-05-20 02:32:47,566 - INFO - ⌛ Esperando mudança visual...
2026-05-20 02:32:48,597 - INFO - ⌛ Esperando mudança visual...
2026-05-20 02:32:49,614 - INFO - ⌛ Esperando mudança visual...
2026-05-20 02:32:50,628 - INFO - ⌛ Esperando mudança visual...
2026-05-20 02:32:51,646 - INFO - ⌛ Esperando mudança visual...
2026-05-20 02:32:52,662 - INFO - ⌛ Esperando mudança visual...
2026-05-20 02:32:53,676 - INFO - ⌛ Esperando mudança visual...
2026-05-20 02:32:54,695 - INFO - ✅ Tela carregada!
2026-05-20 02:32:58,696 - INFO - 
=== rotina desbloquear_os ===
2026-05-20 02:33:25,171 - INFO - ⌛ Aguardando janela de confirmação de desbloqueio...
2026-05-20 02:33:40,641 - INFO - 🟨 Registros desbloqueados com sucesso
2026-05-20 02:33:44,744 - INFO - 
=== rotina editar_os ===
2026-05-20 02:33:54,155 - INFO - ⌛ Aguardando janela de edição de OS...
2026-05-20 02:34:09,587 - INFO - 🟨 OS programadas detectadas
2026-05-20 02:34:12,690 - INFO - ⌛ Aguardando janela de edição de OS...
2026-05-20 02:34:28,137 - INFO - 🟨 Janela de edição de OS detectada
2026-05-20 02:34:49,496 - INFO - 🟨 Janela de edição de habilidade da turma detectada
2026-05-20 02:36:07,804 - INFO - ⌛ Aguardando detecção do campo de caracteristica 'EQUIPE PRÓPRIA OU EPS' ...
2026-05-20 02:36:27,158 - INFO - 🟨 campo de caracteristica 'EQUIPE PRÓPRIA OU EPS detectado
2026-05-20 02:36:48,953 - INFO - ⌛ Aguardando confirmação 4 - editar OS...
2026-05-20 02:37:04,388 - INFO - ⌛ Aguardando confirmação 4 - editar OS...
2026-05-20 02:37:19,815 - INFO - 🟨 Janela de confirmação 4 de edição de OS detectada
2026-05-20 02:37:23,922 - INFO - 
=== rotina programar_os ===
2026-05-20 02:37:50,436 - INFO - ⌛ Aguardando janela de confirmação de programação de OS...
2026-05-20 02:38:15,880 - INFO - 🟨 Janela de confirmação de programação de OS detectada
2026-05-20 02:38:29,185 - INFO - 🟨 Janela de aviso de edição de OS programadas detectada
2026-05-20 02:38:36,396 - INFO - ⌛ aguardando janela de programação de lote de OS...
2026-05-20 02:39:01,915 - INFO - 🟨 Janela de aviso de substituição de lote de OS detectada
2026-05-20 02:39:22,028 - INFO - ⌛ aguardando janela de programação de lote de OS...
2026-05-20 02:39:47,535 - INFO - 🟨 Janela de programação de lote de OS detectada
2026-05-20 02:40:37,050 - INFO - 🟨 Janela de confirmação de programação de lote de OS detectada
2026-05-20 02:40:41,250 - INFO - ⌛ aguardando confirmação final de programação do lote
2026-05-20 02:41:06,703 - INFO - 🟨 programação do lote 29 efetuado com sucesso
2026-05-20 02:41:16,807 - INFO - 
=== Iniciando lote 30/507 [REDES] ===
2026-05-20 02:41:16,807 - INFO - 
=== abrir_janela_selecao ===
2026-05-20 02:41:23,114 - INFO - 
=== rotina abrir_selecao_colar_os ===
2026-05-20 02:41:23,167 - INFO - Janela de seleção aberta
2026-05-20 02:41:27,388 - INFO - DEBUG: idx=29, inicio=725, fim=750
2026-05-20 02:41:27,388 - INFO - ✅ 25 OS copiadas para a área de transferência.
2026-05-20 02:41:27,388 - INFO - 📋 Lote 30 copiado.
2026-05-20 02:41:35,742 - INFO - ⌛ Esperando mudança visual...
2026-05-20 02:41:36,762 - INFO - ⌛ Esperando mudança visual...
2026-05-20 02:41:37,779 - INFO - ⌛ Esperando mudança visual...
2026-05-20 02:41:38,792 - INFO - ⌛ Esperando mudança visual...
2026-05-20 02:41:39,810 - INFO - ⌛ Esperando mudança visual...
2026-05-20 02:41:40,825 - INFO - ⌛ Esperando mudança visual...
2026-05-20 02:41:41,845 - INFO - ⌛ Esperando mudança visual...
2026-05-20 02:41:42,860 - INFO - ⌛ Esperando mudança visual...
2026-05-20 02:41:43,872 - INFO - ⌛ Esperando mudança visual...
2026-05-20 02:41:44,892 - INFO - ✅ Tela carregada!
2026-05-20 02:41:48,894 - INFO - 
=== rotina desbloquear_os ===
2026-05-20 02:42:15,371 - INFO - ⌛ Aguardando janela de confirmação de desbloqueio...
2026-05-20 02:42:30,767 - INFO - ⌛ Aguardando janela de confirmação de desbloqueio...
2026-05-20 02:42:46,252 - INFO - ⌛ Aguardando janela de confirmação de desbloqueio...
2026-05-20 02:43:01,666 - INFO - ⌛ Aguardando janela de confirmação de desbloqueio...
2026-05-20 02:43:17,103 - INFO - ⌛ Aguardando janela de confirmação de desbloqueio...
2026-05-20 02:43:32,513 - INFO - ⌛ Aguardando janela de confirmação de desbloqueio...
2026-05-20 02:43:47,987 - INFO - ⌛ Aguardando janela de confirmação de desbloqueio...
2026-05-20 02:44:03,367 - INFO - ⌛ Aguardando janela de confirmação de desbloqueio...
2026-05-20 02:44:18,754 - INFO - ⌛ Aguardando janela de confirmação de desbloqueio...
2026-05-20 02:44:34,138 - INFO - ⌛ Aguardando janela de confirmação de desbloqueio...
2026-05-20 02:44:49,523 - INFO - ⌛ Aguardando janela de confirmação de desbloqueio...
2026-05-20 02:45:04,905 - INFO - 🟨 Registros desbloqueados com sucesso
2026-05-20 02:45:09,007 - INFO - 
=== rotina editar_os ===
2026-05-20 02:45:18,434 - INFO - 🟨 OS programadas detectadas
2026-05-20 02:45:21,537 - INFO - ⌛ Aguardando janela de edição de OS...
2026-05-20 02:45:36,965 - INFO - 🟨 Janela de edição de OS detectada
2026-05-20 02:45:58,322 - INFO - 🟨 Janela de edição de habilidade da turma detectada
2026-05-20 02:47:16,650 - INFO - ⌛ Aguardando detecção do campo de caracteristica 'EQUIPE PRÓPRIA OU EPS' ...
2026-05-20 02:47:36,012 - INFO - 🟨 campo de caracteristica 'EQUIPE PRÓPRIA OU EPS detectado
2026-05-20 02:47:57,815 - INFO - ⌛ Aguardando confirmação 4 - editar OS...
2026-05-20 02:48:13,253 - INFO - ⌛ Aguardando confirmação 4 - editar OS...
2026-05-20 02:48:28,668 - INFO - 🟨 Janela de confirmação 4 de edição de OS detectada
2026-05-20 02:48:32,769 - INFO - 
=== rotina programar_os ===
2026-05-20 02:48:59,285 - INFO - ⌛ Aguardando janela de confirmação de programação de OS...
2026-05-20 02:49:24,698 - INFO - 🟨 Janela de confirmação de programação de OS detectada
2026-05-20 02:49:37,947 - INFO - 🟨 Janela de aviso de edição de OS programadas detectada
2026-05-20 02:49:45,152 - INFO - ⌛ aguardando janela de programação de lote de OS...
2026-05-20 02:50:10,648 - INFO - 🟨 Janela de aviso de substituição de lote de OS detectada
2026-05-20 02:50:30,750 - INFO - ⌛ aguardando janela de programação de lote de OS...
2026-05-20 02:50:56,248 - INFO - 🟨 Janela de programação de lote de OS detectada
2026-05-20 02:51:45,763 - INFO - 🟨 Janela de confirmação de programação de lote de OS detectada
2026-05-20 02:51:49,976 - INFO - ⌛ aguardando confirmação final de programação do lote
2026-05-20 02:52:15,414 - INFO - 🟨 programação do lote 30 efetuado com sucesso
2026-05-20 02:52:25,518 - INFO - 
=== Iniciando lote 31/507 [REDES] ===
2026-05-20 02:52:25,519 - INFO - 
=== abrir_janela_selecao ===
2026-05-20 02:52:31,826 - INFO - 
=== rotina abrir_selecao_colar_os ===
2026-05-20 02:52:31,890 - INFO - Janela de seleção aberta
2026-05-20 02:52:36,121 - INFO - DEBUG: idx=30, inicio=750, fim=775
2026-05-20 02:52:36,122 - INFO - ✅ 25 OS copiadas para a área de transferência.
2026-05-20 02:52:36,122 - INFO - 📋 Lote 31 copiado.
2026-05-20 02:52:44,459 - INFO - ⌛ Esperando mudança visual...
2026-05-20 02:52:45,472 - INFO - ⌛ Esperando mudança visual...
2026-05-20 02:52:46,492 - INFO - ⌛ Esperando mudança visual...
2026-05-20 02:52:47,508 - INFO - ⌛ Esperando mudança visual...
2026-05-20 02:52:48,519 - INFO - ⌛ Esperando mudança visual...
2026-05-20 02:52:49,541 - INFO - ⌛ Esperando mudança visual...
2026-05-20 02:52:50,558 - INFO - ⌛ Esperando mudança visual...
2026-05-20 02:52:51,566 - INFO - ⌛ Esperando mudança visual...
2026-05-20 02:52:52,590 - INFO - ⌛ Esperando mudança visual...
2026-05-20 02:52:53,607 - INFO - ⌛ Esperando mudança visual...
2026-05-20 02:52:54,613 - INFO - ✅ Tela carregada!
2026-05-20 02:52:58,624 - INFO - 
=== rotina desbloquear_os ===
2026-05-20 02:53:25,094 - INFO - ⌛ Aguardando janela de confirmação de desbloqueio...
2026-05-20 02:53:40,518 - INFO - 🟨 Registros desbloqueados com sucesso
2026-05-20 02:53:44,625 - INFO - 
=== rotina editar_os ===
2026-05-20 02:53:54,071 - INFO - 🟨 OS programadas detectadas
2026-05-20 02:53:57,175 - INFO - ⌛ Aguardando janela de edição de OS...
2026-05-20 02:54:12,647 - INFO - 🟨 Janela de edição de OS detectada
2026-05-20 02:54:33,996 - INFO - 🟨 Janela de edição de habilidade da turma detectada
2026-05-20 02:55:52,311 - INFO - ⌛ Aguardando detecção do campo de caracteristica 'EQUIPE PRÓPRIA OU EPS' ...
2026-05-20 02:56:11,662 - INFO - 🟨 campo de caracteristica 'EQUIPE PRÓPRIA OU EPS detectado
2026-05-20 02:56:33,421 - INFO - ⌛ Aguardando confirmação 4 - editar OS...
2026-05-20 02:56:48,862 - INFO - ⌛ Aguardando confirmação 4 - editar OS...
2026-05-20 02:57:04,288 - INFO - 🟨 Janela de confirmação 4 de edição de OS detectada
2026-05-20 02:57:08,397 - INFO - 
=== rotina programar_os ===
2026-05-20 02:57:34,908 - INFO - ⌛ Aguardando janela de confirmação de programação de OS...
2026-05-20 02:58:00,325 - INFO - 🟨 Janela de confirmação de programação de OS detectada
2026-05-20 02:58:13,590 - INFO - 🟨 Janela de aviso de edição de OS programadas detectada
2026-05-20 02:58:20,793 - INFO - ⌛ aguardando janela de programação de lote de OS...
2026-05-20 02:58:46,311 - INFO - 🟨 Janela de aviso de substituição de lote de OS detectada
2026-05-20 02:59:06,425 - INFO - ⌛ aguardando janela de programação de lote de OS...
2026-05-20 02:59:31,905 - INFO - 🟨 Janela de programação de lote de OS detectada
2026-05-20 03:00:21,406 - INFO - 🟨 Janela de confirmação de programação de lote de OS detectada
2026-05-20 03:00:25,606 - INFO - ⌛ aguardando confirmação final de programação do lote
2026-05-20 03:00:51,038 - INFO - 🟨 programação do lote 31 efetuado com sucesso
2026-05-20 03:01:01,142 - INFO - 
=== Iniciando lote 32/507 [REDES] ===
2026-05-20 03:01:01,143 - INFO - 
=== abrir_janela_selecao ===
2026-05-20 03:01:07,449 - INFO - 
=== rotina abrir_selecao_colar_os ===
2026-05-20 03:01:07,488 - INFO - Janela de seleção aberta
2026-05-20 03:01:11,741 - INFO - DEBUG: idx=31, inicio=775, fim=800
2026-05-20 03:01:11,741 - INFO - ✅ 25 OS copiadas para a área de transferência.
2026-05-20 03:01:11,741 - INFO - 📋 Lote 32 copiado.
2026-05-20 03:01:20,081 - INFO - ⌛ Esperando mudança visual...
2026-05-20 03:01:21,098 - INFO - ⌛ Esperando mudança visual...
2026-05-20 03:01:22,106 - INFO - ⌛ Esperando mudança visual...
2026-05-20 03:01:23,131 - INFO - ⌛ Esperando mudança visual...
2026-05-20 03:01:24,147 - INFO - ⌛ Esperando mudança visual...
2026-05-20 03:01:25,153 - INFO - ⌛ Esperando mudança visual...
2026-05-20 03:01:26,181 - INFO - ⌛ Esperando mudança visual...
2026-05-20 03:01:27,197 - INFO - ⌛ Esperando mudança visual...
2026-05-20 03:01:28,214 - INFO - ⌛ Esperando mudança visual...
2026-05-20 03:01:29,231 - INFO - ⌛ Esperando mudança visual...
2026-05-20 03:01:30,248 - INFO - ⌛ Esperando mudança visual...
2026-05-20 03:01:31,264 - INFO - ✅ Tela carregada!
2026-05-20 03:01:35,266 - INFO - 
=== rotina desbloquear_os ===
2026-05-20 03:02:01,742 - INFO - ⌛ Aguardando janela de confirmação de desbloqueio...
2026-05-20 03:02:17,124 - INFO - 🟨 Registros desbloqueados com sucesso
2026-05-20 03:02:21,227 - INFO - 
=== rotina editar_os ===
2026-05-20 03:02:30,655 - INFO - ⌛ Aguardando janela de edição de OS...
2026-05-20 03:02:46,102 - INFO - 🟨 OS programadas detectadas
2026-05-20 03:02:49,204 - INFO - ⌛ Aguardando janela de edição de OS...
2026-05-20 03:03:04,688 - INFO - 🟨 Janela de edição de OS detectada
2026-05-20 03:03:26,050 - INFO - 🟨 Janela de edição de habilidade da turma detectada
2026-05-20 03:04:44,356 - INFO - ⌛ Aguardando detecção do campo de caracteristica 'EQUIPE PRÓPRIA OU EPS' ...
2026-05-20 03:05:03,715 - INFO - 🟨 campo de caracteristica 'EQUIPE PRÓPRIA OU EPS detectado
2026-05-20 03:05:25,486 - INFO - ⌛ Aguardando confirmação 4 - editar OS...
2026-05-20 03:05:40,921 - INFO - ⌛ Aguardando confirmação 4 - editar OS...
2026-05-20 03:05:56,385 - INFO - 🟨 Janela de confirmação 4 de edição de OS detectada
2026-05-20 03:06:00,487 - INFO - 
=== rotina programar_os ===
2026-05-20 03:06:27,004 - INFO - ⌛ Aguardando janela de confirmação de programação de OS...
2026-05-20 03:06:52,454 - INFO - 🟨 Janela de confirmação de programação de OS detectada
2026-05-20 03:07:05,737 - INFO - 🟨 Janela de aviso de edição de OS programadas detectada
2026-05-20 03:07:12,942 - INFO - ⌛ aguardando janela de programação de lote de OS...
2026-05-20 03:07:38,491 - INFO - 🟨 Janela de aviso de substituição de lote de OS detectada
2026-05-20 03:07:58,593 - INFO - ⌛ aguardando janela de programação de lote de OS...
2026-05-20 03:08:24,137 - INFO - 🟨 Janela de programação de lote de OS detectada
2026-05-20 03:09:13,648 - INFO - 🟨 Janela de confirmação de programação de lote de OS detectada
2026-05-20 03:09:17,852 - INFO - ⌛ aguardando confirmação final de programação do lote
2026-05-20 03:09:43,297 - INFO - 🟨 programação do lote 32 efetuado com sucesso
2026-05-20 03:09:53,400 - INFO - 
=== Iniciando lote 33/507 [REDES] ===
2026-05-20 03:09:53,400 - INFO - 
=== abrir_janela_selecao ===
2026-05-20 03:09:59,707 - INFO - 
=== rotina abrir_selecao_colar_os ===
2026-05-20 03:09:59,762 - INFO - Janela de seleção aberta
2026-05-20 03:10:03,983 - INFO - DEBUG: idx=32, inicio=800, fim=825
2026-05-20 03:10:03,983 - INFO - ✅ 25 OS copiadas para a área de transferência.
2026-05-20 03:10:03,983 - INFO - 📋 Lote 33 copiado.
2026-05-20 03:10:12,298 - INFO - ⌛ Esperando mudança visual...
2026-05-20 03:10:13,323 - INFO - ⌛ Esperando mudança visual...
2026-05-20 03:10:14,340 - INFO - ⌛ Esperando mudança visual...
2026-05-20 03:10:15,356 - INFO - ⌛ Esperando mudança visual...
2026-05-20 03:10:16,373 - INFO - ⌛ Esperando mudança visual...
2026-05-20 03:10:17,392 - INFO - ⌛ Esperando mudança visual...
2026-05-20 03:10:18,409 - INFO - ⌛ Esperando mudança visual...
2026-05-20 03:10:19,425 - INFO - ⌛ Esperando mudança visual...
2026-05-20 03:10:20,442 - INFO - ⌛ Esperando mudança visual...
2026-05-20 03:10:21,455 - INFO - ⌛ Esperando mudança visual...
2026-05-20 03:10:22,475 - INFO - ⌛ Esperando mudança visual...
2026-05-20 03:10:23,487 - INFO - ✅ Tela carregada!
2026-05-20 03:10:27,493 - INFO - 
=== rotina desbloquear_os ===
2026-05-20 03:10:53,957 - INFO - ⌛ Aguardando janela de confirmação de desbloqueio...
2026-05-20 03:11:09,334 - INFO - 🟨 Registros desbloqueados com sucesso
2026-05-20 03:11:13,437 - INFO - 
=== rotina editar_os ===
2026-05-20 03:11:22,849 - INFO - ⌛ Aguardando janela de edição de OS...
2026-05-20 03:11:38,315 - INFO - 🟨 OS programadas detectadas
2026-05-20 03:11:41,418 - INFO - ⌛ Aguardando janela de edição de OS...
2026-05-20 03:11:56,861 - INFO - 🟨 Janela de edição de OS detectada
2026-05-20 03:12:18,228 - INFO - 🟨 Janela de edição de habilidade da turma detectada
2026-05-20 03:13:36,546 - INFO - ⌛ Aguardando detecção do campo de caracteristica 'EQUIPE PRÓPRIA OU EPS' ...
2026-05-20 03:13:55,894 - INFO - 🟨 campo de caracteristica 'EQUIPE PRÓPRIA OU EPS detectado
2026-05-20 03:14:17,655 - INFO - ⌛ Aguardando confirmação 4 - editar OS...
2026-05-20 03:14:33,083 - INFO - ⌛ Aguardando confirmação 4 - editar OS...
2026-05-20 03:14:48,531 - INFO - 🟨 Janela de confirmação 4 de edição de OS detectada
2026-05-20 03:14:52,633 - INFO - 
=== rotina programar_os ===
2026-05-20 03:15:19,145 - INFO - ⌛ Aguardando janela de confirmação de programação de OS...
2026-05-20 03:15:44,553 - INFO - 🟨 Janela de confirmação de programação de OS detectada
2026-05-20 03:15:57,828 - INFO - 🟨 Janela de aviso de edição de OS programadas detectada
2026-05-20 03:16:05,032 - INFO - ⌛ aguardando janela de programação de lote de OS...
2026-05-20 03:16:30,508 - INFO - 🟨 Janela de aviso de substituição de lote de OS detectada
2026-05-20 03:16:50,616 - INFO - ⌛ aguardando janela de programação de lote de OS...
2026-05-20 03:17:16,296 - INFO - 🟨 Janela de programação de lote de OS detectada
2026-05-20 03:18:05,846 - INFO - 🟨 Janela de confirmação de programação de lote de OS detectada
2026-05-20 03:18:10,058 - INFO - ⌛ aguardando confirmação final de programação do lote
2026-05-20 03:18:35,496 - INFO - 🟨 programação do lote 33 efetuado com sucesso
2026-05-20 03:18:45,599 - INFO - 
=== Iniciando lote 34/507 [REDES] ===
2026-05-20 03:18:45,600 - INFO - 
=== abrir_janela_selecao ===
2026-05-20 03:18:51,906 - INFO - 
=== rotina abrir_selecao_colar_os ===
2026-05-20 03:18:51,954 - INFO - Janela de seleção aberta
2026-05-20 03:18:56,181 - INFO - DEBUG: idx=33, inicio=825, fim=850
2026-05-20 03:18:56,181 - INFO - ✅ 25 OS copiadas para a área de transferência.
2026-05-20 03:18:56,181 - INFO - 📋 Lote 34 copiado.
2026-05-20 03:19:04,518 - INFO - ⌛ Esperando mudança visual...
2026-05-20 03:19:05,537 - INFO - ⌛ Esperando mudança visual...
2026-05-20 03:19:06,554 - INFO - ⌛ Esperando mudança visual...
2026-05-20 03:19:07,570 - INFO - ⌛ Esperando mudança visual...
2026-05-20 03:19:08,585 - INFO - ⌛ Esperando mudança visual...
2026-05-20 03:19:09,601 - INFO - ⌛ Esperando mudança visual...
2026-05-20 03:19:10,620 - INFO - ⌛ Esperando mudança visual...
2026-05-20 03:19:11,636 - INFO - ⌛ Esperando mudança visual...
2026-05-20 03:19:12,646 - INFO - ⌛ Esperando mudança visual...
2026-05-20 03:19:13,669 - INFO - ⌛ Esperando mudança visual...
2026-05-20 03:19:14,686 - INFO - ✅ Tela carregada!
2026-05-20 03:19:18,687 - INFO - 
=== rotina desbloquear_os ===
2026-05-20 03:19:45,147 - INFO - ⌛ Aguardando janela de confirmação de desbloqueio...
2026-05-20 03:20:00,536 - INFO - 🟨 Registros desbloqueados com sucesso
2026-05-20 03:20:04,638 - INFO - 
=== rotina editar_os ===
2026-05-20 03:20:14,096 - INFO - ⌛ Aguardando janela de edição de OS...
2026-05-20 03:20:29,555 - INFO - ⌛ Aguardando janela de edição de OS...
2026-05-20 03:20:44,993 - INFO - ⌛ Aguardando janela de edição de OS...
2026-05-20 03:21:00,458 - INFO - ⌛ Aguardando janela de edição de OS...
2026-05-20 03:21:15,994 - INFO - ⌛ Aguardando janela de edição de OS...
2026-05-20 03:21:31,427 - INFO - ⌛ Aguardando janela de edição de OS...
2026-05-20 03:21:46,876 - INFO - ⌛ Aguardando janela de edição de OS...
2026-05-20 03:22:02,292 - INFO - ⌛ Aguardando janela de edição de OS...
2026-05-20 03:22:17,699 - INFO - ⌛ Aguardando janela de edição de OS...
2026-05-20 03:22:33,121 - INFO - ⌛ Aguardando janela de edição de OS...
2026-05-20 03:22:48,546 - INFO - ⌛ Aguardando janela de edição de OS...
2026-05-20 03:23:03,971 - INFO - ⌛ Aguardando janela de edição de OS...
2026-05-20 03:23:19,492 - INFO - ⌛ Aguardando janela de edição de OS...
2026-05-20 03:23:34,933 - INFO - ⌛ Aguardando janela de edição de OS...
2026-05-20 03:23:50,375 - INFO - ⌛ Aguardando janela de edição de OS...
2026-05-20 03:24:05,839 - INFO - ⌛ Aguardando janela de edição de OS...
2026-05-20 03:24:21,360 - INFO - ⌛ Aguardando janela de edição de OS...
2026-05-20 03:24:36,809 - INFO - ⌛ Aguardando janela de edição de OS...
2026-05-20 03:24:52,222 - INFO - ⌛ Aguardando janela de edição de OS...
2026-05-20 03:25:07,639 - INFO - ⌛ Aguardando janela de edição de OS...
2026-05-20 03:25:23,073 - INFO - ⌛ Aguardando janela de edição de OS...
2026-05-20 03:25:38,490 - INFO - ⌛ Aguardando janela de edição de OS...
2026-05-20 03:25:53,924 - INFO - ⌛ Aguardando janela de edição de OS...
2026-05-20 03:26:09,340 - INFO - ⌛ Aguardando janela de edição de OS...
2026-05-20 03:26:24,755 - INFO - ⌛ Aguardando janela de edição de OS...
2026-05-20 03:26:40,192 - INFO - ⌛ Aguardando janela de edição de OS...
2026-05-20 03:26:55,618 - INFO - ⌛ Aguardando janela de edição de OS...
2026-05-20 03:27:11,038 - INFO - ⌛ Aguardando janela de edição de OS...
2026-05-20 03:27:26,447 - INFO - ⌛ Aguardando janela de edição de OS...
2026-05-20 03:27:41,890 - INFO - ⌛ Aguardando janela de edição de OS...
2026-05-20 03:27:57,368 - INFO - ⌛ Aguardando janela de edição de OS...
2026-05-20 03:28:12,898 - INFO - ⌛ Aguardando janela de edição de OS...
2026-05-20 03:28:28,339 - INFO - ⌛ Aguardando janela de edição de OS...
2026-05-20 03:28:43,790 - INFO - ⌛ Aguardando janela de edição de OS...
2026-05-20 03:28:59,207 - INFO - ⌛ Aguardando janela de edição de OS...
2026-05-20 03:29:14,654 - INFO - ⌛ Aguardando janela de edição de OS...
2026-05-20 03:29:30,090 - INFO - ⌛ Aguardando janela de edição de OS...
2026-05-20 03:29:45,507 - INFO - ⌛ Aguardando janela de edição de OS...
2026-05-20 03:30:00,938 - INFO - ⌛ Aguardando janela de edição de OS...
2026-05-20 03:30:16,350 - INFO - ⌛ Aguardando janela de edição de OS...
2026-05-20 03:30:31,773 - INFO - ⌛ Aguardando janela de edição de OS...
2026-05-20 03:30:47,192 - INFO - ⌛ Aguardando janela de edição de OS...
2026-05-20 03:31:02,667 - INFO - ⌛ Aguardando janela de edição de OS...
2026-05-20 03:31:18,089 - INFO - ⌛ Aguardando janela de edição de OS...
2026-05-20 03:31:33,500 - INFO - ⌛ Aguardando janela de edição de OS...
2026-05-20 03:31:48,982 - INFO - ⌛ Aguardando janela de edição de OS...
2026-05-20 03:32:04,472 - INFO - ⌛ Aguardando janela de edição de OS...
2026-05-20 03:32:19,904 - INFO - ⌛ Aguardando janela de edição de OS...
2026-05-20 03:32:35,338 - INFO - ⌛ Aguardando janela de edição de OS...
2026-05-20 03:32:50,772 - INFO - ⌛ Aguardando janela de edição de OS...
2026-05-20 03:33:06,232 - INFO - ⌛ Aguardando janela de edição de OS...
2026-05-20 03:33:21,737 - INFO - ⌛ Aguardando janela de edição de OS...
2026-05-20 03:33:37,149 - INFO - ⌛ Aguardando janela de edição de OS...
2026-05-20 03:33:52,625 - INFO - ⌛ Aguardando janela de edição de OS...
2026-05-20 03:34:08,037 - INFO - ⌛ Aguardando janela de edição de OS...
2026-05-20 03:34:23,450 - INFO - ⌛ Aguardando janela de edição de OS...
2026-05-20 03:34:38,887 - INFO - ⌛ Aguardando janela de edição de OS...
2026-05-20 03:34:54,302 - INFO - ⌛ Aguardando janela de edição de OS...
2026-05-20 03:35:09,752 - INFO - ⌛ Aguardando janela de edição de OS...
2026-05-20 03:35:25,156 - INFO - ⌛ Aguardando janela de edição de OS...
2026-05-20 03:35:40,620 - INFO - ⌛ Aguardando janela de edição de OS...
2026-05-20 03:35:56,042 - INFO - ⌛ Aguardando janela de edição de OS...
2026-05-20 03:36:11,543 - INFO - ⌛ Aguardando janela de edição de OS...
2026-05-20 03:36:27,036 - INFO - ⌛ Aguardando janela de edição de OS...
2026-05-20 03:36:42,465 - INFO - ⌛ Aguardando janela de edição de OS...
2026-05-20 03:36:57,897 - INFO - ⌛ Aguardando janela de edição de OS...
2026-05-20 03:37:13,337 - INFO - ⌛ Aguardando janela de edição de OS...
2026-05-20 03:37:28,756 - INFO - ⌛ Aguardando janela de edição de OS...
2026-05-20 03:37:44,191 - INFO - ⌛ Aguardando janela de edição de OS...
2026-05-20 03:37:59,636 - INFO - ⌛ Aguardando janela de edição de OS...
2026-05-20 03:38:15,050 - INFO - ⌛ Aguardando janela de edição de OS...
2026-05-20 03:38:30,471 - INFO - ⌛ Aguardando janela de edição de OS...
2026-05-20 03:38:45,886 - INFO - ⌛ Aguardando janela de edição de OS...
2026-05-20 03:39:01,297 - INFO - ⌛ Aguardando janela de edição de OS...
2026-05-20 03:39:16,734 - INFO - ⌛ Aguardando janela de edição de OS...
2026-05-20 03:39:32,146 - INFO - ⌛ Aguardando janela de edição de OS...
2026-05-20 03:39:47,587 - INFO - ⌛ Aguardando janela de edição de OS...
2026-05-20 03:40:02,999 - INFO - ⌛ Aguardando janela de edição de OS...
2026-05-20 03:40:18,444 - INFO - ⌛ Aguardando janela de edição de OS...
2026-05-20 03:40:33,970 - INFO - ⌛ Aguardando janela de edição de OS...
2026-05-20 03:40:49,399 - INFO - ⌛ Aguardando janela de edição de OS...
2026-05-20 03:41:04,812 - INFO - ⌛ Aguardando janela de edição de OS...
2026-05-20 03:41:20,239 - INFO - ⌛ Aguardando janela de edição de OS...
2026-05-20 03:41:35,666 - INFO - ⌛ Aguardando janela de edição de OS...
2026-05-20 03:41:51,095 - INFO - ⌛ Aguardando janela de edição de OS...
2026-05-20 03:42:06,512 - INFO - ⌛ Aguardando janela de edição de OS...
2026-05-20 03:42:21,934 - INFO - ⌛ Aguardando janela de edição de OS...
2026-05-20 03:42:37,368 - INFO - ⌛ Aguardando janela de edição de OS...
2026-05-20 03:42:52,794 - INFO - ⌛ Aguardando janela de edição de OS...
2026-05-20 03:43:08,267 - INFO - ⌛ Aguardando janela de edição de OS...
2026-05-20 03:43:23,699 - INFO - ⌛ Aguardando janela de edição de OS...
2026-05-20 03:43:39,102 - INFO - ⌛ Aguardando janela de edição de OS...
2026-05-20 03:43:54,533 - INFO - ⌛ Aguardando janela de edição de OS...
2026-05-20 03:44:09,949 - INFO - ⌛ Aguardando janela de edição de OS...
2026-05-20 03:44:25,367 - INFO - ⌛ Aguardando janela de edição de OS...
2026-05-20 03:44:40,784 - INFO - ⌛ Aguardando janela de edição de OS...
2026-05-20 03:44:56,194 - INFO - ⌛ Aguardando janela de edição de OS...
2026-05-20 03:45:11,617 - INFO - ⌛ Aguardando janela de edição de OS...
2026-05-20 03:45:27,035 - INFO - ⌛ Aguardando janela de edição de OS...
2026-05-20 03:45:42,448 - INFO - ⌛ Aguardando janela de edição de OS...
2026-05-20 03:45:57,899 - INFO - ⌛ Aguardando janela de edição de OS...
2026-05-20 03:46:13,383 - INFO - ⌛ Aguardando janela de edição de OS...
2026-05-20 03:46:28,810 - INFO - ⌛ Aguardando janela de edição de OS...
2026-05-20 03:46:44,254 - INFO - ⌛ Aguardando janela de edição de OS...
2026-05-20 03:46:59,684 - INFO - ⌛ Aguardando janela de edição de OS...
2026-05-20 03:47:15,115 - INFO - ⌛ Aguardando janela de edição de OS...
2026-05-20 03:47:30,532 - INFO - ⌛ Aguardando janela de edição de OS...
2026-05-20 03:47:45,965 - INFO - ⌛ Aguardando janela de edição de OS...
2026-05-20 03:48:01,381 - INFO - ⌛ Aguardando janela de edição de OS...
2026-05-20 03:48:16,797 - INFO - ⌛ Aguardando janela de edição de OS...
2026-05-20 03:48:32,233 - INFO - ⌛ Aguardando janela de edição de OS...
2026-05-20 03:48:47,649 - INFO - ⌛ Aguardando janela de edição de OS...
2026-05-20 03:49:03,081 - INFO - ⌛ Aguardando janela de edição de OS...
2026-05-20 03:49:18,502 - INFO - ⌛ Aguardando janela de edição de OS...
2026-05-20 03:49:33,972 - INFO - ⌛ Aguardando janela de edição de OS...
2026-05-20 03:49:49,413 - INFO - ⌛ Aguardando janela de edição de OS...
2026-05-20 03:50:04,833 - INFO - verificando janela oculta
2026-05-20 03:50:25,297 - INFO - ⏱️ Tempo limite atingido. Abortando seleção
2026-05-20 03:50:25,298 - INFO - Capturando print...
