2026-04-07 10:13:05,059 - INFO - Data hoje: 07/04/2026
2026-04-07 10:13:05,059 - INFO - Data de referência: 30/04/2026
2026-04-07 10:14:23,127 - INFO - Qtde OS de LINHA VIVA: 595
2026-04-07 10:14:23,127 - INFO - Qtde OS poda de LINHA MORTA: 470
2026-04-07 10:14:23,127 - INFO - Qtde OS estrutural de LINHA MORTA : 17271
2026-04-07 10:14:23,127 - INFO - Qtde OS poda de LINHA MORTA fora carteira: 706
2026-04-07 10:14:23,127 - INFO - Qtde OS para desprogramar: 1204
2026-04-07 10:14:23,127 - INFO - 
 Qtd de lotes de LM: 19
2026-04-07 10:14:23,127 - INFO - 
 Qtd de lotes de LV: 24
2026-04-07 10:14:23,131 - INFO - 
 Qtd de lotes de ESTRUTURAL LM: 691
2026-04-07 10:14:23,131 - INFO - 
 Qtd de lotes de LEVE: 29
2026-04-07 10:14:23,131 - INFO - 
 Qtd de lotes para desprogramar: 49
2026-04-07 11:32:04,500 - INFO - Data hoje: 07/04/2026
2026-04-07 11:32:04,503 - INFO - Data de referência: 30/04/2026
2026-04-07 11:33:17,786 - INFO - Qtde OS de LINHA VIVA: 589
2026-04-07 11:33:17,786 - INFO - Qtde OS poda de LINHA MORTA: 472
2026-04-07 11:33:17,786 - INFO - Qtde OS estrutural de LINHA MORTA : 17271
2026-04-07 11:33:17,786 - INFO - Qtde OS poda de LINHA MORTA fora carteira: 705
2026-04-07 11:33:17,786 - INFO - Qtde OS para desprogramar: 1207
2026-04-07 11:33:17,786 - INFO - 
 Qtd de lotes de LM: 19
2026-04-07 11:33:17,786 - INFO - 
 Qtd de lotes de LV: 24
2026-04-07 11:33:17,786 - INFO - 
 Qtd de lotes de ESTRUTURAL LM: 691
2026-04-07 11:33:17,786 - INFO - 
 Qtd de lotes de LEVE: 29
2026-04-07 11:33:17,786 - INFO - 
 Qtd de lotes para desprogramar: 49
2026-04-07 11:33:17,786 - INFO - 
=== Iniciando lote 1/19 [LM] ===
2026-04-07 11:33:17,786 - INFO - 
=== abrir_janela_selecao ===
2026-04-07 11:33:24,116 - INFO - 
=== rotina abrir_selecao_colar_os ===
2026-04-07 11:33:24,243 - INFO - ⌛ Aguardando janela de seleção...
2026-04-07 11:33:34,722 - INFO - Janela de seleção aberta
2026-04-07 11:33:38,981 - INFO - DEBUG: idx=0, inicio=0, fim=25
2026-04-07 11:33:38,981 - INFO - ✅ 25 OS copiadas para a área de transferência.
2026-04-07 11:33:38,981 - INFO - 📋 Lote 1 copiado.
2026-04-07 11:33:47,323 - INFO - ⌛ Esperando mudança visual...
2026-04-07 11:33:48,325 - INFO - ⌛ Esperando mudança visual...
2026-04-07 11:33:49,345 - INFO - ✅ Tela carregada!
2026-04-07 11:33:53,350 - INFO - 
=== rotina desbloquear_os ===
2026-04-07 11:33:59,838 - INFO - ⌛ Aguardando janela de confirmação de desbloqueio...
2026-04-07 11:34:15,337 - INFO - 🟨 Registros desbloqueados com sucesso
2026-04-07 11:34:19,460 - INFO - 
=== rotina editar_os ===
2026-04-07 11:34:28,912 - INFO - ⌛ Aguardando janela de edição de OS...
2026-04-07 11:34:44,428 - INFO - 🟨 OS programadas detectadas
2026-04-07 11:34:47,533 - INFO - ⌛ Aguardando janela de edição de OS...
2026-04-07 11:35:02,981 - INFO - 🟨 Janela de edição de OS detectada
2026-04-07 11:35:24,379 - INFO - 🟨 Janela de edição de habilidade da turma detectada
2026-04-07 11:36:42,724 - INFO - ⌛ Aguardando detecção do campo de caracteristica 'EQUIPE PRÓPRIA OU EPS' ...
2026-04-07 11:37:02,097 - INFO - 🟨 campo de caracteristica 'EQUIPE PRÓPRIA OU EPS detectado
2026-04-07 11:37:23,905 - INFO - ⌛ Aguardando confirmação 4 - editar OS...
2026-04-07 11:37:39,426 - INFO - ⌛ Aguardando confirmação 4 - editar OS...
2026-04-07 11:37:54,991 - INFO - ⌛ Aguardando confirmação 4 - editar OS...
2026-04-07 11:38:10,497 - INFO - 🟨 Janela de confirmação 4 de edição de OS detectada
2026-04-07 11:38:14,601 - INFO - 
=== rotina programar_os ===
2026-04-07 11:38:41,136 - INFO - ⌛ Aguardando janela de confirmação de programação de OS...
2026-04-07 11:39:01,492 - INFO - 🟨 Janela de confirmação de programação de OS detectada
2026-04-07 11:39:14,833 - INFO - 🟨 Janela de aviso de edição de OS programadas detectada
2026-04-07 11:39:19,048 - INFO - ⌛ aguardando janela de programação de lote de OS...
2026-04-07 11:39:39,568 - INFO - 🟨 Janela de aviso de substituição de lote de OS detectada
2026-04-07 11:39:45,776 - INFO - ⌛ aguardando janela de programação de lote de OS...
2026-04-07 11:40:06,292 - INFO - 🟨 Janela de programação de lote de OS detectada
2026-04-07 11:40:55,815 - INFO - 🟨 Janela de confirmação de programação de lote de OS detectada
2026-04-07 11:41:00,033 - INFO - ⌛ aguardando confirmação final de programação do lote
2026-04-07 11:41:20,537 - INFO - 🟨 programação do lote 1 efetuado com sucesso
2026-04-07 11:41:30,675 - INFO - 
=== Iniciando lote 2/19 [LM] ===
2026-04-07 11:41:30,675 - INFO - 
=== abrir_janela_selecao ===
2026-04-07 11:41:36,997 - INFO - 
=== rotina abrir_selecao_colar_os ===
2026-04-07 11:41:37,053 - INFO - Janela de seleção aberta
2026-04-07 11:41:41,297 - INFO - DEBUG: idx=1, inicio=25, fim=50
2026-04-07 11:41:41,297 - INFO - ✅ 25 OS copiadas para a área de transferência.
2026-04-07 11:41:41,297 - INFO - 📋 Lote 2 copiado.
2026-04-07 11:41:49,619 - INFO - ⌛ Esperando mudança visual...
2026-04-07 11:41:50,640 - INFO - ⌛ Esperando mudança visual...
2026-04-07 11:41:51,654 - INFO - ⌛ Esperando mudança visual...
2026-04-07 11:41:52,670 - INFO - ⌛ Esperando mudança visual...
2026-04-07 11:41:53,676 - INFO - ⌛ Esperando mudança visual...
2026-04-07 11:41:54,699 - INFO - ⌛ Esperando mudança visual...
2026-04-07 11:41:55,715 - INFO - ⌛ Esperando mudança visual...
2026-04-07 11:41:56,731 - INFO - ⌛ Esperando mudança visual...
2026-04-07 11:41:57,757 - INFO - ⌛ Esperando mudança visual...
2026-04-07 11:41:58,765 - INFO - ⌛ Esperando mudança visual...
2026-04-07 11:41:59,779 - INFO - ⌛ Esperando mudança visual...
2026-04-07 11:42:00,797 - INFO - ⌛ Esperando mudança visual...
2026-04-07 11:42:01,810 - INFO - ⌛ Esperando mudança visual...
2026-04-07 11:42:02,817 - INFO - ⌛ Esperando mudança visual...
2026-04-07 11:42:03,826 - INFO - ✅ Tela carregada!
2026-04-07 11:42:07,833 - INFO - 
=== rotina desbloquear_os ===
2026-04-07 11:42:14,286 - INFO - ⌛ Aguardando janela de confirmação de desbloqueio...
2026-04-07 11:42:29,718 - INFO - ⌛ Aguardando janela de confirmação de desbloqueio...
2026-04-07 11:42:45,135 - INFO - 🟨 Registros desbloqueados com sucesso
2026-04-07 11:42:49,240 - INFO - 
=== rotina editar_os ===
2026-04-07 11:42:58,667 - INFO - ⌛ Aguardando janela de edição de OS...
2026-04-07 11:43:14,111 - INFO - 🟨 OS programadas detectadas
2026-04-07 11:43:17,224 - INFO - ⌛ Aguardando janela de edição de OS...
2026-04-07 11:43:32,685 - INFO - 🟨 Janela de edição de OS detectada
2026-04-07 11:43:54,032 - INFO - 🟨 Janela de edição de habilidade da turma detectada
2026-04-07 11:45:12,351 - INFO - ⌛ Aguardando detecção do campo de caracteristica 'EQUIPE PRÓPRIA OU EPS' ...
2026-04-07 11:45:31,702 - INFO - 🟨 campo de caracteristica 'EQUIPE PRÓPRIA OU EPS detectado
2026-04-07 11:45:53,530 - INFO - ⌛ Aguardando confirmação 4 - editar OS...
2026-04-07 11:46:08,954 - INFO - ⌛ Aguardando confirmação 4 - editar OS...
2026-04-07 11:46:24,412 - INFO - ⌛ Aguardando confirmação 4 - editar OS...
2026-04-07 11:46:39,864 - INFO - 🟨 Janela de confirmação 4 de edição de OS detectada
2026-04-07 11:46:43,971 - INFO - 
=== rotina programar_os ===
2026-04-07 11:47:10,484 - INFO - ⌛ Aguardando janela de confirmação de programação de OS...
2026-04-07 11:47:30,829 - INFO - 🟨 Janela de confirmação de programação de OS detectada
2026-04-07 11:47:44,086 - INFO - 🟨 Janela de aviso de edição de OS programadas detectada
2026-04-07 11:47:48,299 - INFO - ⌛ aguardando janela de programação de lote de OS...
2026-04-07 11:48:08,845 - INFO - 🟨 Janela de aviso de substituição de lote de OS detectada
2026-04-07 11:48:15,058 - INFO - ⌛ aguardando janela de programação de lote de OS...
2026-04-07 11:48:35,583 - INFO - 🟨 Janela de aviso de substituição de lote de OS detectada
2026-04-07 11:48:41,793 - INFO - ⌛ aguardando janela de programação de lote de OS...
2026-04-07 11:49:02,457 - INFO - ⌛ aguardando janela de programação de lote de OS...
2026-04-07 11:49:23,021 - INFO - ⌛ aguardando janela de programação de lote de OS...
2026-04-07 11:49:43,592 - INFO - ⌛ aguardando janela de programação de lote de OS...
2026-04-07 11:50:04,110 - INFO - ⌛ aguardando janela de programação de lote de OS...
2026-04-07 11:50:24,583 - INFO - ⌛ aguardando janela de programação de lote de OS...
2026-04-07 11:50:45,160 - INFO - 🟨 Janela de programação de lote de OS detectada
2026-04-07 11:51:34,753 - INFO - 🟨 Janela de confirmação de programação de lote de OS detectada
2026-04-07 11:51:39,015 - INFO - ⌛ aguardando confirmação final de programação do lote
2026-04-07 11:51:59,611 - INFO - 🟨 programação do lote 2 efetuado com sucesso
2026-04-07 11:52:09,724 - INFO - 
=== Iniciando lote 3/19 [LM] ===
2026-04-07 11:52:09,724 - INFO - 
=== abrir_janela_selecao ===
2026-04-07 11:52:16,043 - INFO - 
=== rotina abrir_selecao_colar_os ===
2026-04-07 11:52:16,108 - INFO - Janela de seleção aberta
2026-04-07 11:52:20,322 - INFO - DEBUG: idx=2, inicio=50, fim=75
2026-04-07 11:52:20,322 - INFO - ✅ 25 OS copiadas para a área de transferência.
2026-04-07 11:52:20,322 - INFO - 📋 Lote 3 copiado.
2026-04-07 11:52:28,660 - INFO - ⌛ Esperando mudança visual...
2026-04-07 11:52:29,681 - INFO - ⌛ Esperando mudança visual...
2026-04-07 11:52:30,691 - INFO - ⌛ Esperando mudança visual...
2026-04-07 11:52:31,700 - INFO - ⌛ Esperando mudança visual...
2026-04-07 11:52:32,723 - INFO - ⌛ Esperando mudança visual...
2026-04-07 11:52:33,745 - INFO - ⌛ Esperando mudança visual...
2026-04-07 11:52:34,772 - INFO - ⌛ Esperando mudança visual...
2026-04-07 11:52:35,773 - INFO - ⌛ Esperando mudança visual...
2026-04-07 11:52:36,788 - INFO - ⌛ Esperando mudança visual...
2026-04-07 11:52:37,803 - INFO - ⌛ Esperando mudança visual...
2026-04-07 11:52:38,817 - INFO - ⌛ Esperando mudança visual...
2026-04-07 11:52:39,835 - INFO - ✅ Tela carregada!
2026-04-07 11:52:43,841 - INFO - 
=== rotina desbloquear_os ===
2026-04-07 11:52:50,349 - INFO - ⌛ Aguardando janela de confirmação de desbloqueio...
2026-04-07 11:53:05,784 - INFO - 🟨 Registros desbloqueados com sucesso
2026-04-07 11:53:09,894 - INFO - 
=== rotina editar_os ===
2026-04-07 11:53:19,296 - INFO - ⌛ Aguardando janela de edição de OS...
2026-04-07 11:53:34,738 - INFO - 🟨 OS programadas detectadas
2026-04-07 11:53:37,848 - INFO - ⌛ Aguardando janela de edição de OS...
2026-04-07 11:53:53,293 - INFO - 🟨 Janela de edição de OS detectada
2026-04-07 11:54:14,652 - INFO - 🟨 Janela de edição de habilidade da turma detectada
2026-04-07 11:55:32,952 - INFO - ⌛ Aguardando detecção do campo de caracteristica 'EQUIPE PRÓPRIA OU EPS' ...
2026-04-07 11:55:52,315 - INFO - 🟨 campo de caracteristica 'EQUIPE PRÓPRIA OU EPS detectado
2026-04-07 11:56:14,117 - INFO - ⌛ Aguardando confirmação 4 - editar OS...
2026-04-07 11:56:29,611 - INFO - ⌛ Aguardando confirmação 4 - editar OS...
2026-04-07 11:56:45,110 - INFO - ⌛ Aguardando confirmação 4 - editar OS...
2026-04-07 11:57:00,694 - INFO - 🟨 Janela de confirmação 4 de edição de OS detectada
2026-04-07 11:57:04,802 - INFO - 
=== rotina programar_os ===
2026-04-07 11:57:31,323 - INFO - ⌛ Aguardando janela de confirmação de programação de OS...
2026-04-07 11:57:51,675 - INFO - 🟨 Janela de confirmação de programação de OS detectada
2026-04-07 11:58:04,936 - INFO - 🟨 Janela de aviso de edição de OS programadas detectada
2026-04-07 11:58:09,150 - INFO - ⌛ aguardando janela de programação de lote de OS...
2026-04-07 11:58:29,634 - INFO - 🟨 Janela de aviso de substituição de lote de OS detectada
2026-04-07 11:58:35,846 - INFO - ⌛ aguardando janela de programação de lote de OS...
2026-04-07 11:58:56,325 - INFO - 🟨 Janela de aviso de substituição de lote de OS detectada
2026-04-07 11:59:02,535 - INFO - ⌛ aguardando janela de programação de lote de OS...
2026-04-07 11:59:23,030 - INFO - ⌛ aguardando janela de programação de lote de OS...
2026-04-07 11:59:43,529 - INFO - ⌛ aguardando janela de programação de lote de OS...
2026-04-07 12:00:04,053 - INFO - ⌛ aguardando janela de programação de lote de OS...
2026-04-07 12:00:24,565 - INFO - ⌛ aguardando janela de programação de lote de OS...
2026-04-07 12:00:45,102 - INFO - ⌛ aguardando janela de programação de lote de OS...
2026-04-07 12:01:05,587 - INFO - ⌛ aguardando janela de programação de lote de OS...
2026-04-07 12:01:26,130 - INFO - ⌛ aguardando janela de programação de lote de OS...
2026-04-07 12:01:46,630 - INFO - ⌛ aguardando janela de programação de lote de OS...
2026-04-07 12:02:07,166 - INFO - ⌛ aguardando janela de programação de lote de OS...
2026-04-07 12:02:27,733 - INFO - ⌛ aguardando janela de programação de lote de OS...
2026-04-07 12:02:48,250 - INFO - ⌛ aguardando janela de programação de lote de OS...
2026-04-07 12:03:08,779 - INFO - ⌛ aguardando janela de programação de lote de OS...
2026-04-07 12:03:29,325 - INFO - ⌛ aguardando janela de programação de lote de OS...
2026-04-07 12:03:49,894 - INFO - ⌛ aguardando janela de programação de lote de OS...
2026-04-07 12:04:10,402 - INFO - ⌛ aguardando janela de programação de lote de OS...
2026-04-07 12:04:30,928 - INFO - ⌛ aguardando janela de programação de lote de OS...
2026-04-07 12:04:51,474 - INFO - ⌛ aguardando janela de programação de lote de OS...
2026-04-07 12:05:12,015 - INFO - ⌛ aguardando janela de programação de lote de OS...
2026-04-07 12:05:32,530 - INFO - ⌛ aguardando janela de programação de lote de OS...
2026-04-07 12:05:53,072 - INFO - ⌛ aguardando janela de programação de lote de OS...
2026-04-07 12:06:13,613 - INFO - ⌛ aguardando janela de programação de lote de OS...
2026-04-07 12:06:34,168 - INFO - ⌛ aguardando janela de programação de lote de OS...
2026-04-07 12:06:54,731 - INFO - ⌛ aguardando janela de programação de lote de OS...
2026-04-07 12:07:15,281 - INFO - ⌛ aguardando janela de programação de lote de OS...
2026-04-07 12:07:35,814 - INFO - ⌛ aguardando janela de programação de lote de OS...
2026-04-07 12:07:56,327 - INFO - ⌛ aguardando janela de programação de lote de OS...
2026-04-07 12:08:16,902 - INFO - ⌛ aguardando janela de programação de lote de OS...
2026-04-07 12:08:37,482 - INFO - ⌛ aguardando janela de programação de lote de OS...
2026-04-07 12:08:58,020 - INFO - ⌛ aguardando janela de programação de lote de OS...
2026-04-07 12:09:18,518 - INFO - ⌛ aguardando janela de programação de lote de OS...
2026-04-07 12:09:39,077 - INFO - ⌛ aguardando janela de programação de lote de OS...
2026-04-07 12:09:59,620 - INFO - ⌛ aguardando janela de programação de lote de OS...
2026-04-07 12:10:20,197 - INFO - ⌛ aguardando janela de programação de lote de OS...
2026-04-07 12:10:40,712 - INFO - ⌛ aguardando janela de programação de lote de OS...
2026-04-07 12:11:01,267 - INFO - ⌛ aguardando janela de programação de lote de OS...
2026-04-07 12:11:21,857 - INFO - ⌛ aguardando janela de programação de lote de OS...
2026-04-07 12:11:42,422 - INFO - ⌛ aguardando janela de programação de lote de OS...
2026-04-07 12:12:02,962 - INFO - ⌛ aguardando janela de programação de lote de OS...
2026-04-07 12:12:23,482 - INFO - ⌛ aguardando janela de programação de lote de OS...
2026-04-07 12:12:44,035 - INFO - ⌛ aguardando janela de programação de lote de OS...
2026-04-07 12:13:04,583 - INFO - ⌛ aguardando janela de programação de lote de OS...
2026-04-07 12:13:25,188 - INFO - ⌛ aguardando janela de programação de lote de OS...
2026-04-07 12:13:45,747 - INFO - ⌛ aguardando janela de programação de lote de OS...
2026-04-07 12:14:06,326 - INFO - ⌛ aguardando janela de programação de lote de OS...
2026-04-07 12:14:26,873 - INFO - ⌛ aguardando janela de programação de lote de OS...
2026-04-07 12:14:47,428 - INFO - ⌛ aguardando janela de programação de lote de OS...
2026-04-07 12:15:07,968 - INFO - ⌛ aguardando janela de programação de lote de OS...
2026-04-07 12:15:28,578 - INFO - ⌛ aguardando janela de programação de lote de OS...
2026-04-07 12:15:49,101 - INFO - ⌛ aguardando janela de programação de lote de OS...
2026-04-07 12:16:09,687 - INFO - ⌛ aguardando janela de programação de lote de OS...
2026-04-07 12:16:30,257 - INFO - ⌛ aguardando janela de programação de lote de OS...
2026-04-07 12:16:50,857 - INFO - ⌛ aguardando janela de programação de lote de OS...
2026-04-07 12:17:11,398 - INFO - ⌛ aguardando janela de programação de lote de OS...
2026-04-07 12:17:32,023 - INFO - ⌛ aguardando janela de programação de lote de OS...
2026-04-07 12:17:52,549 - INFO - ⌛ aguardando janela de programação de lote de OS...
2026-04-07 12:18:13,059 - INFO - ⌛ aguardando janela de programação de lote de OS...
2026-04-07 12:18:33,571 - INFO - ⌛ aguardando janela de programação de lote de OS...
2026-04-07 12:18:54,112 - INFO - ⌛ aguardando janela de programação de lote de OS...
2026-04-07 12:19:14,672 - INFO - ⌛ aguardando janela de programação de lote de OS...
2026-04-07 12:19:35,266 - INFO - ⌛ aguardando janela de programação de lote de OS...
2026-04-07 12:19:55,785 - INFO - ⌛ aguardando janela de programação de lote de OS...
2026-04-07 12:20:16,313 - INFO - ⌛ aguardando janela de programação de lote de OS...
2026-04-07 12:20:36,867 - INFO - ⌛ aguardando janela de programação de lote de OS...
2026-04-07 12:20:57,436 - INFO - ⌛ aguardando janela de programação de lote de OS...
2026-04-07 12:21:18,039 - INFO - ⌛ aguardando janela de programação de lote de OS...
2026-04-07 12:21:38,632 - INFO - ⌛ aguardando janela de programação de lote de OS...
2026-04-07 12:21:59,140 - INFO - ⌛ aguardando janela de programação de lote de OS...
2026-04-07 12:22:19,652 - INFO - ⌛ aguardando janela de programação de lote de OS...
2026-04-07 12:22:40,211 - INFO - ⌛ aguardando janela de programação de lote de OS...
2026-04-07 12:23:00,783 - INFO - ⌛ aguardando janela de programação de lote de OS...
2026-04-07 12:23:21,305 - INFO - ⌛ aguardando janela de programação de lote de OS...
2026-04-07 12:23:41,845 - INFO - ⌛ aguardando janela de programação de lote de OS...
2026-04-07 12:24:02,358 - INFO - ⌛ aguardando janela de programação de lote de OS...
2026-04-07 12:24:22,898 - INFO - ⌛ aguardando janela de programação de lote de OS...
2026-04-07 12:24:43,429 - INFO - ⌛ aguardando janela de programação de lote de OS...
2026-04-07 12:25:03,926 - INFO - ⌛ aguardando janela de programação de lote de OS...
2026-04-07 12:25:24,510 - INFO - ⌛ aguardando janela de programação de lote de OS...
2026-04-07 12:25:45,051 - INFO - ⌛ aguardando janela de programação de lote de OS...
2026-04-07 12:26:05,603 - INFO - ⌛ aguardando janela de programação de lote de OS...
2026-04-07 12:26:26,159 - INFO - ⌛ aguardando janela de programação de lote de OS...
2026-04-07 12:26:46,661 - INFO - ⌛ aguardando janela de programação de lote de OS...
2026-04-07 12:27:07,193 - INFO - ⌛ aguardando janela de programação de lote de OS...
2026-04-07 12:27:27,730 - INFO - ⌛ aguardando janela de programação de lote de OS...
2026-04-07 12:27:48,246 - INFO - ⌛ aguardando janela de programação de lote de OS...
2026-04-07 12:28:08,816 - INFO - verificando janela oculta
2026-04-07 12:28:31,278 - INFO - Janela restaurada
2026-04-07 12:28:31,278 - INFO - ⌛ aguardando janela de programação de lote de OS...
2026-04-07 12:28:51,795 - INFO - 🟨 Janela de programação de lote de OS detectada
2026-04-07 12:29:41,325 - INFO - 🟨 Janela de confirmação de programação de lote de OS detectada
2026-04-07 12:29:45,562 - INFO - ⌛ aguardando confirmação final de programação do lote
2026-04-07 12:30:06,027 - INFO - ⌛ aguardando confirmação final de programação do lote
2026-04-07 12:30:26,496 - INFO - 🟨 programação do lote 3 efetuado com sucesso
2026-04-07 12:30:36,612 - INFO - 
=== Iniciando lote 4/19 [LM] ===
2026-04-07 12:30:36,612 - INFO - 
=== abrir_janela_selecao ===
2026-04-07 12:30:42,921 - INFO - 
=== rotina abrir_selecao_colar_os ===
2026-04-07 12:30:42,966 - INFO - Janela de seleção aberta
2026-04-07 12:30:47,209 - INFO - DEBUG: idx=3, inicio=75, fim=100
2026-04-07 12:30:47,209 - INFO - ✅ 25 OS copiadas para a área de transferência.
2026-04-07 12:30:47,209 - INFO - 📋 Lote 4 copiado.
2026-04-07 12:30:55,530 - INFO - ⌛ Esperando mudança visual...
2026-04-07 12:30:56,546 - INFO - ⌛ Esperando mudança visual...
2026-04-07 12:30:57,562 - INFO - ⌛ Esperando mudança visual...
2026-04-07 12:30:58,577 - INFO - ⌛ Esperando mudança visual...
2026-04-07 12:30:59,596 - INFO - ⌛ Esperando mudança visual...
2026-04-07 12:31:00,616 - INFO - ⌛ Esperando mudança visual...
2026-04-07 12:31:01,632 - INFO - ⌛ Esperando mudança visual...
2026-04-07 12:31:02,662 - INFO - ⌛ Esperando mudança visual...
2026-04-07 12:31:03,674 - INFO - ⌛ Esperando mudança visual...
2026-04-07 12:31:04,696 - INFO - ⌛ Esperando mudança visual...
2026-04-07 12:31:05,709 - INFO - ✅ Tela carregada!
2026-04-07 12:31:09,715 - INFO - 
=== rotina desbloquear_os ===
2026-04-07 12:31:16,169 - INFO - ⌛ Aguardando janela de confirmação de desbloqueio...
2026-04-07 12:31:31,595 - INFO - 🟨 Registros desbloqueados com sucesso
2026-04-07 12:31:35,702 - INFO - 
=== rotina editar_os ===
2026-04-07 12:31:45,135 - INFO - ⌛ Aguardando janela de edição de OS...
2026-04-07 12:32:00,561 - INFO - 🟨 OS programadas detectadas
2026-04-07 12:32:03,675 - INFO - ⌛ Aguardando janela de edição de OS...
2026-04-07 12:32:19,113 - INFO - 🟨 Janela de edição de OS detectada
2026-04-07 12:32:40,475 - INFO - 🟨 Janela de edição de habilidade da turma detectada
2026-04-07 12:33:58,807 - INFO - ⌛ Aguardando detecção do campo de caracteristica 'EQUIPE PRÓPRIA OU EPS' ...
2026-04-07 12:34:18,175 - INFO - 🟨 campo de caracteristica 'EQUIPE PRÓPRIA OU EPS detectado
2026-04-07 12:34:39,961 - INFO - ⌛ Aguardando confirmação 4 - editar OS...
2026-04-07 12:34:55,445 - INFO - ⌛ Aguardando confirmação 4 - editar OS...
2026-04-07 12:35:10,951 - INFO - ⌛ Aguardando confirmação 4 - editar OS...
2026-04-07 12:35:26,450 - INFO - 🟨 Janela de confirmação 4 de edição de OS detectada
2026-04-07 12:35:30,554 - INFO - 
=== rotina programar_os ===
2026-04-07 12:35:57,104 - INFO - ⌛ Aguardando janela de confirmação de programação de OS...
2026-04-07 12:36:17,457 - INFO - 🟨 Janela de confirmação de programação de OS detectada
2026-04-07 12:36:30,724 - INFO - 🟨 Janela de aviso de edição de OS programadas detectada
2026-04-07 12:36:34,945 - INFO - ⌛ aguardando janela de programação de lote de OS...
2026-04-07 12:36:55,498 - INFO - 🟨 Janela de aviso de substituição de lote de OS detectada
2026-04-07 12:37:01,719 - INFO - ⌛ aguardando janela de programação de lote de OS...
2026-04-07 12:37:22,236 - INFO - ⌛ aguardando janela de programação de lote de OS...
2026-04-07 12:37:22,503 - INFO - 🟨 Identificado falha no EQM
2026-04-07 12:37:22,503 - INFO - Capturando print...
2026-04-07 12:37:59,200 - INFO - ⌛ Aguardando janela de confirmação de programação de OS...
2026-04-07 12:38:19,527 - INFO - 🟨 Janela de confirmação de programação de OS detectada
2026-04-07 12:38:32,794 - INFO - 🟨 Janela de aviso de edição de OS programadas detectada
2026-04-07 12:38:37,001 - INFO - ⌛ aguardando janela de programação de lote de OS...
2026-04-07 12:38:57,502 - INFO - 🟨 Janela de aviso de substituição de lote de OS detectada
2026-04-07 12:39:03,711 - INFO - ⌛ aguardando janela de programação de lote de OS...
2026-04-07 12:39:24,173 - INFO - 🟨 Janela de programação de lote de OS detectada
2026-04-07 12:40:13,700 - INFO - 🟨 Janela de confirmação de programação de lote de OS detectada
2026-04-07 12:40:17,926 - INFO - ⌛ aguardando confirmação final de programação do lote
2026-04-07 12:40:38,372 - INFO - ⌛ aguardando confirmação final de programação do lote
2026-04-07 12:40:58,812 - INFO - 🟨 programação do lote 4 efetuado com sucesso
2026-04-07 12:41:08,924 - INFO - 
=== Iniciando lote 5/19 [LM] ===
2026-04-07 12:41:08,924 - INFO - 
=== abrir_janela_selecao ===
2026-04-07 12:41:15,235 - INFO - 
=== rotina abrir_selecao_colar_os ===
2026-04-07 12:41:15,288 - INFO - Janela de seleção aberta
2026-04-07 12:41:19,519 - INFO - DEBUG: idx=4, inicio=100, fim=125
2026-04-07 12:41:19,519 - INFO - ✅ 25 OS copiadas para a área de transferência.
2026-04-07 12:41:19,519 - INFO - 📋 Lote 5 copiado.
2026-04-07 12:41:27,866 - INFO - ⌛ Esperando mudança visual...
2026-04-07 12:41:28,877 - INFO - ⌛ Esperando mudança visual...
2026-04-07 12:41:29,891 - INFO - ⌛ Esperando mudança visual...
2026-04-07 12:41:30,912 - INFO - ⌛ Esperando mudança visual...
2026-04-07 12:41:31,924 - INFO - ⌛ Esperando mudança visual...
2026-04-07 12:41:32,940 - INFO - ⌛ Esperando mudança visual...
2026-04-07 12:41:33,953 - INFO - ⌛ Esperando mudança visual...
2026-04-07 12:41:34,970 - INFO - ⌛ Esperando mudança visual...
2026-04-07 12:41:35,996 - INFO - ⌛ Esperando mudança visual...
2026-04-07 12:41:37,016 - INFO - ✅ Tela carregada!
2026-04-07 12:41:41,018 - INFO - 
=== rotina desbloquear_os ===
2026-04-07 12:41:47,507 - INFO - ⌛ Aguardando janela de confirmação de desbloqueio...
2026-04-07 12:42:02,925 - INFO - 🟨 Registros desbloqueados com sucesso
2026-04-07 12:42:07,031 - INFO - 
=== rotina editar_os ===
2026-04-07 12:42:16,439 - INFO - ⌛ Aguardando janela de edição de OS...
2026-04-07 12:42:31,877 - INFO - 🟨 OS programadas detectadas
2026-04-07 12:42:34,985 - INFO - ⌛ Aguardando janela de edição de OS...
2026-04-07 12:42:50,434 - INFO - 🟨 Janela de edição de OS detectada
2026-04-07 12:43:11,799 - INFO - 🟨 Janela de edição de habilidade da turma detectada
2026-04-07 12:44:30,144 - INFO - ⌛ Aguardando detecção do campo de caracteristica 'EQUIPE PRÓPRIA OU EPS' ...
2026-04-07 12:44:49,498 - INFO - 🟨 campo de caracteristica 'EQUIPE PRÓPRIA OU EPS detectado
2026-04-07 12:45:11,277 - INFO - ⌛ Aguardando confirmação 4 - editar OS...
2026-04-07 12:45:26,758 - INFO - ⌛ Aguardando confirmação 4 - editar OS...
2026-04-07 12:45:42,201 - INFO - ⌛ Aguardando confirmação 4 - editar OS...
2026-04-07 12:45:57,642 - INFO - 🟨 Janela de confirmação 4 de edição de OS detectada
2026-04-07 12:46:01,746 - INFO - 
=== rotina programar_os ===
2026-04-07 12:46:28,269 - INFO - ⌛ Aguardando janela de confirmação de programação de OS...
2026-04-07 12:46:48,581 - INFO - 🟨 Janela de confirmação de programação de OS detectada
2026-04-07 12:47:01,835 - INFO - 🟨 Janela de aviso de edição de OS programadas detectada
2026-04-07 12:47:06,050 - INFO - ⌛ aguardando janela de programação de lote de OS...
2026-04-07 12:47:26,543 - INFO - 🟨 Janela de aviso de substituição de lote de OS detectada
2026-04-07 12:47:32,757 - INFO - ⌛ aguardando janela de programação de lote de OS...
2026-04-07 12:47:53,326 - INFO - 🟨 Janela de aviso de substituição de lote de OS detectada
2026-04-07 12:47:59,537 - INFO - ⌛ aguardando janela de programação de lote de OS...
2026-04-07 12:48:20,102 - INFO - 🟨 Janela de aviso de substituição de lote de OS detectada
2026-04-07 12:48:26,309 - INFO - ⌛ aguardando janela de programação de lote de OS...
2026-04-07 12:48:46,810 - INFO - ⌛ aguardando janela de programação de lote de OS...
2026-04-07 12:49:07,318 - INFO - ⌛ aguardando janela de programação de lote de OS...
2026-04-07 12:49:27,816 - INFO - ⌛ aguardando janela de programação de lote de OS...
2026-04-07 12:49:48,321 - INFO - ⌛ aguardando janela de programação de lote de OS...
2026-04-07 12:50:08,941 - INFO - ⌛ aguardando janela de programação de lote de OS...
2026-04-07 12:50:29,573 - INFO - ⌛ aguardando janela de programação de lote de OS...
2026-04-07 12:50:50,090 - INFO - ⌛ aguardando janela de programação de lote de OS...
2026-04-07 12:51:10,601 - INFO - ⌛ aguardando janela de programação de lote de OS...
2026-04-07 12:51:31,100 - INFO - ⌛ aguardando janela de programação de lote de OS...
2026-04-07 12:51:51,619 - INFO - ⌛ aguardando janela de programação de lote de OS...
2026-04-07 12:52:12,139 - INFO - ⌛ aguardando janela de programação de lote de OS...
2026-04-07 12:52:32,714 - INFO - ⌛ aguardando janela de programação de lote de OS...
2026-04-07 12:52:53,292 - INFO - ⌛ aguardando janela de programação de lote de OS...
2026-04-07 12:53:13,807 - INFO - ⌛ aguardando janela de programação de lote de OS...
2026-04-07 12:53:34,314 - INFO - ⌛ aguardando janela de programação de lote de OS...
2026-04-07 12:53:54,794 - INFO - ⌛ aguardando janela de programação de lote de OS...
2026-04-07 12:54:15,331 - INFO - ⌛ aguardando janela de programação de lote de OS...
2026-04-07 12:54:35,882 - INFO - ⌛ aguardando janela de programação de lote de OS...
2026-04-07 12:54:56,428 - INFO - ⌛ aguardando janela de programação de lote de OS...
2026-04-07 12:55:16,983 - INFO - ⌛ aguardando janela de programação de lote de OS...
2026-04-07 12:55:37,595 - INFO - ⌛ aguardando janela de programação de lote de OS...
2026-04-07 12:55:58,176 - INFO - ⌛ aguardando janela de programação de lote de OS...
2026-04-07 12:56:18,771 - INFO - ⌛ aguardando janela de programação de lote de OS...
2026-04-07 12:56:39,385 - INFO - ⌛ aguardando janela de programação de lote de OS...
2026-04-07 12:57:00,087 - INFO - ⌛ aguardando janela de programação de lote de OS...
2026-04-07 12:57:20,731 - INFO - ⌛ aguardando janela de programação de lote de OS...
2026-04-07 12:57:41,264 - INFO - ⌛ aguardando janela de programação de lote de OS...
2026-04-07 12:58:01,782 - INFO - ⌛ aguardando janela de programação de lote de OS...
2026-04-07 12:58:22,295 - INFO - ⌛ aguardando janela de programação de lote de OS...
2026-04-07 12:58:42,778 - INFO - ⌛ aguardando janela de programação de lote de OS...
2026-04-07 12:59:03,261 - INFO - ⌛ aguardando janela de programação de lote de OS...
2026-04-07 12:59:23,775 - INFO - ⌛ aguardando janela de programação de lote de OS...
2026-04-07 12:59:44,273 - INFO - ⌛ aguardando janela de programação de lote de OS...
2026-04-07 13:00:04,791 - INFO - ⌛ aguardando janela de programação de lote de OS...
2026-04-07 13:00:25,282 - INFO - ⌛ aguardando janela de programação de lote de OS...
2026-04-07 13:00:45,767 - INFO - ⌛ aguardando janela de programação de lote de OS...
2026-04-07 13:01:06,317 - INFO - ⌛ aguardando janela de programação de lote de OS...
2026-04-07 13:01:26,820 - INFO - ⌛ aguardando janela de programação de lote de OS...
2026-04-07 13:01:47,341 - INFO - ⌛ aguardando janela de programação de lote de OS...
2026-04-07 13:02:07,852 - INFO - ⌛ aguardando janela de programação de lote de OS...
2026-04-07 13:02:28,388 - INFO - ⌛ aguardando janela de programação de lote de OS...
2026-04-07 13:02:48,859 - INFO - ⌛ aguardando janela de programação de lote de OS...
2026-04-07 13:03:09,351 - INFO - ⌛ aguardando janela de programação de lote de OS...
2026-04-07 13:03:29,829 - INFO - ⌛ aguardando janela de programação de lote de OS...
2026-04-07 13:03:50,313 - INFO - ⌛ aguardando janela de programação de lote de OS...
2026-04-07 13:04:10,836 - INFO - ⌛ aguardando janela de programação de lote de OS...
2026-04-07 13:04:31,347 - INFO - ⌛ aguardando janela de programação de lote de OS...
2026-04-07 13:04:51,837 - INFO - ⌛ aguardando janela de programação de lote de OS...
2026-04-07 13:05:12,314 - INFO - ⌛ aguardando janela de programação de lote de OS...
2026-04-07 13:05:32,837 - INFO - ⌛ aguardando janela de programação de lote de OS...
2026-04-07 13:05:53,327 - INFO - ⌛ aguardando janela de programação de lote de OS...
2026-04-07 13:06:13,805 - INFO - ⌛ aguardando janela de programação de lote de OS...
2026-04-07 13:06:34,307 - INFO - ⌛ aguardando janela de programação de lote de OS...
2026-04-07 13:06:54,835 - INFO - ⌛ aguardando janela de programação de lote de OS...
2026-04-07 13:07:15,374 - INFO - ⌛ aguardando janela de programação de lote de OS...
2026-04-07 13:07:35,875 - INFO - ⌛ aguardando janela de programação de lote de OS...
2026-04-07 13:07:56,360 - INFO - ⌛ aguardando janela de programação de lote de OS...
2026-04-07 13:08:16,852 - INFO - ⌛ aguardando janela de programação de lote de OS...
2026-04-07 13:08:37,394 - INFO - ⌛ aguardando janela de programação de lote de OS...
2026-04-07 13:08:57,889 - INFO - ⌛ aguardando janela de programação de lote de OS...
2026-04-07 13:09:18,420 - INFO - ⌛ aguardando janela de programação de lote de OS...
2026-04-07 13:09:38,913 - INFO - ⌛ aguardando janela de programação de lote de OS...
2026-04-07 13:09:59,399 - INFO - ⌛ aguardando janela de programação de lote de OS...
2026-04-07 13:10:19,902 - INFO - ⌛ aguardando janela de programação de lote de OS...
2026-04-07 13:10:40,421 - INFO - ⌛ aguardando janela de programação de lote de OS...
2026-04-07 13:11:00,935 - INFO - ⌛ aguardando janela de programação de lote de OS...
2026-04-07 13:11:21,449 - INFO - ⌛ aguardando janela de programação de lote de OS...
2026-04-07 13:11:41,942 - INFO - ⌛ aguardando janela de programação de lote de OS...
2026-04-07 13:12:02,450 - INFO - ⌛ aguardando janela de programação de lote de OS...
2026-04-07 13:12:22,988 - INFO - ⌛ aguardando janela de programação de lote de OS...
2026-04-07 13:12:43,458 - INFO - ⌛ aguardando janela de programação de lote de OS...
2026-04-07 13:13:03,960 - INFO - ⌛ aguardando janela de programação de lote de OS...
2026-04-07 13:13:24,446 - INFO - ⌛ aguardando janela de programação de lote de OS...
2026-04-07 13:13:44,960 - INFO - ⌛ aguardando janela de programação de lote de OS...
2026-04-07 13:14:05,479 - INFO - ⌛ aguardando janela de programação de lote de OS...
2026-04-07 13:14:26,005 - INFO - ⌛ aguardando janela de programação de lote de OS...
2026-04-07 13:14:46,487 - INFO - ⌛ aguardando janela de programação de lote de OS...
2026-04-07 13:15:06,978 - INFO - ⌛ aguardando janela de programação de lote de OS...
2026-04-07 13:15:27,480 - INFO - ⌛ aguardando janela de programação de lote de OS...
2026-04-07 13:15:48,012 - INFO - ⌛ aguardando janela de programação de lote de OS...
2026-04-07 13:16:08,555 - INFO - ⌛ aguardando janela de programação de lote de OS...
2026-04-07 13:16:29,100 - INFO - ⌛ aguardando janela de programação de lote de OS...
2026-04-07 13:16:49,600 - INFO - ⌛ aguardando janela de programação de lote de OS...
2026-04-07 13:17:10,109 - INFO - verificando janela oculta
2026-04-07 13:17:30,569 - INFO - ⏱️ Tempo limite atingido. Abortando seleção
2026-04-07 13:17:30,569 - INFO - Capturando print...
2026-04-07 15:26:48,031 - INFO - Data hoje: 07/04/2026
2026-04-07 15:26:48,031 - INFO - Data de referência: 30/04/2026
2026-04-07 15:27:43,716 - INFO - Data hoje: 07/04/2026
2026-04-07 15:27:43,716 - INFO - Data de referência: 30/04/2026
2026-04-07 15:28:19,735 - INFO - Data hoje: 07/04/2026
2026-04-07 15:28:19,735 - INFO - Data de referência: 30/04/2026
2026-04-07 15:28:44,407 - INFO - Qtde OS de LINHA VIVA: 6
2026-04-07 15:28:44,407 - INFO - Qtde OS poda de LINHA MORTA: 15
2026-04-07 15:28:44,407 - INFO - Qtde OS estrutural de LINHA MORTA : 90
2026-04-07 15:28:44,407 - INFO - Qtde OS poda de LINHA MORTA fora carteira: 0
2026-04-07 15:28:44,407 - INFO - Qtde OS para desprogramar: 4
2026-04-07 15:28:44,422 - INFO - 
 Qtd de lotes de LM: 1
2026-04-07 15:28:44,422 - INFO - 
 Qtd de lotes de LV: 1
2026-04-07 15:28:44,422 - INFO - 
 Qtd de lotes de ESTRUTURAL LM: 4
2026-04-07 15:28:44,422 - INFO - 
 Qtd de lotes de LEVE: 0
2026-04-07 15:28:44,422 - INFO - 
 Qtd de lotes para desprogramar: 1
2026-04-07 15:28:44,423 - INFO - 
=== Iniciando lote 1/1 [LM] ===
2026-04-07 15:28:44,424 - INFO - 
=== abrir_janela_selecao ===
2026-04-07 15:28:50,752 - INFO - 
=== rotina abrir_selecao_colar_os ===
2026-04-07 15:28:50,860 - INFO - ⌛ Aguardando janela de seleção...
2026-04-07 15:29:01,290 - INFO - Janela de seleção aberta
2026-04-07 15:29:05,522 - INFO - DEBUG: idx=0, inicio=0, fim=25
2026-04-07 15:29:05,522 - INFO - ✅ 15 OS copiadas para a área de transferência.
2026-04-07 15:29:05,522 - INFO - 📋 Lote 1 copiado.
2026-04-07 15:29:13,851 - INFO - ⌛ Esperando mudança visual...
2026-04-07 15:29:14,867 - INFO - ⌛ Esperando mudança visual...
2026-04-07 15:29:15,882 - INFO - ✅ Tela carregada!
2026-04-07 15:29:19,891 - INFO - 
=== rotina desbloquear_os ===
2026-04-07 15:29:26,370 - INFO - ⌛ Aguardando janela de confirmação de desbloqueio...
2026-04-07 15:29:41,811 - INFO - 🟨 Registros desbloqueados com sucesso
2026-04-07 15:29:45,916 - INFO - 
=== rotina editar_os ===
2026-04-07 15:29:55,352 - INFO - 🟨 OS programadas detectadas
2026-04-07 15:29:58,460 - INFO - ⌛ Aguardando janela de edição de OS...
2026-04-07 15:30:13,902 - INFO - 🟨 Janela de edição de OS detectada
2026-04-07 15:30:35,259 - INFO - 🟨 Janela de edição de habilidade da turma detectada
2026-04-07 15:31:53,594 - INFO - ⌛ Aguardando detecção do campo de caracteristica 'EQUIPE PRÓPRIA OU EPS' ...
2026-04-07 15:32:12,937 - INFO - 🟨 campo de caracteristica 'EQUIPE PRÓPRIA OU EPS detectado
2026-04-07 15:32:34,763 - INFO - ⌛ Aguardando confirmação 4 - editar OS...
2026-04-07 15:32:50,308 - INFO - ⌛ Aguardando confirmação 4 - editar OS...
2026-04-07 15:33:05,812 - INFO - 🟨 Janela de confirmação 4 de edição de OS detectada
2026-04-07 15:33:09,922 - INFO - 
=== rotina programar_os ===
2026-04-07 15:33:36,534 - INFO - ⌛ Aguardando janela de confirmação de programação de OS...
2026-04-07 15:46:09,422 - INFO - Data hoje: 07/04/2026
2026-04-07 15:46:09,422 - INFO - Data de referência: 30/04/2026
2026-04-07 15:46:44,177 - INFO - Qtde OS de LINHA VIVA: 6
2026-04-07 15:46:44,177 - INFO - Qtde OS poda de LINHA MORTA: 15
2026-04-07 15:46:44,177 - INFO - Qtde OS estrutural de LINHA MORTA : 90
2026-04-07 15:46:44,177 - INFO - Qtde OS poda de LINHA MORTA fora carteira: 0
2026-04-07 15:46:44,177 - INFO - Qtde OS para desprogramar: 4
2026-04-07 15:46:44,177 - INFO - 
 Qtd de lotes de LM: 1
2026-04-07 15:46:44,177 - INFO - 
 Qtd de lotes de LV: 1
2026-04-07 15:46:44,177 - INFO - 
 Qtd de lotes de ESTRUTURAL LM: 4
2026-04-07 15:46:44,177 - INFO - 
 Qtd de lotes de LEVE: 0
2026-04-07 15:46:44,177 - INFO - 
 Qtd de lotes para desprogramar: 1
2026-04-07 15:46:44,177 - INFO - 
=== Iniciando lote 1/1 [LV] ===
2026-04-07 15:46:44,177 - INFO - 
=== abrir_janela_selecao ===
2026-04-07 15:46:50,507 - INFO - 
=== rotina abrir_selecao_colar_os ===
2026-04-07 15:46:50,570 - INFO - Janela de seleção aberta
2026-04-07 15:46:54,815 - INFO - DEBUG: idx=0, inicio=0, fim=25
2026-04-07 15:46:54,815 - INFO - ✅ 6 OS copiadas para a área de transferência.
2026-04-07 15:46:54,815 - INFO - 📋 Lote 1 copiado.
2026-04-07 15:47:03,140 - INFO - ⌛ Esperando mudança visual...
2026-04-07 15:47:04,151 - INFO - ⌛ Esperando mudança visual...
2026-04-07 15:47:05,167 - INFO - ⌛ Esperando mudança visual...
2026-04-07 15:47:06,187 - INFO - ⌛ Esperando mudança visual...
2026-04-07 15:47:07,207 - INFO - ⌛ Esperando mudança visual...
2026-04-07 15:47:08,226 - INFO - ⌛ Esperando mudança visual...
2026-04-07 15:47:09,230 - INFO - ⌛ Esperando mudança visual...
2026-04-07 15:47:10,256 - INFO - ⌛ Esperando mudança visual...
2026-04-07 15:47:11,261 - INFO - ⌛ Esperando mudança visual...
2026-04-07 15:47:12,293 - INFO - ⌛ Esperando mudança visual...
2026-04-07 15:47:13,310 - INFO - ⌛ Esperando mudança visual...
2026-04-07 15:47:14,325 - INFO - ⌛ Esperando mudança visual...
2026-04-07 15:47:15,341 - INFO - ✅ Tela carregada!
2026-04-07 15:47:19,345 - INFO - 
=== rotina desbloquear_os ===
2026-04-07 15:47:25,815 - INFO - ⌛ Aguardando janela de confirmação de desbloqueio...
2026-04-07 15:47:41,254 - INFO - 🟨 Registros desbloqueados com sucesso
2026-04-07 15:47:45,375 - INFO - 
=== rotina editar_os ===
2026-04-07 15:47:54,810 - INFO - 🟨 OS programadas detectadas
2026-04-07 15:47:57,913 - INFO - ⌛ Aguardando janela de edição de OS...
2026-04-07 15:48:13,351 - INFO - 🟨 Janela de edição de OS detectada
2026-04-07 15:48:34,735 - INFO - 🟨 Janela de edição de habilidade da turma detectada
2026-04-07 15:49:53,061 - INFO - ⌛ Aguardando detecção do campo de caracteristica 'EQUIPE PRÓPRIA OU EPS' ...
2026-04-07 15:50:12,419 - INFO - 🟨 campo de caracteristica 'EQUIPE PRÓPRIA OU EPS detectado
2026-04-07 15:50:34,200 - INFO - ⌛ Aguardando confirmação 4 - editar OS...
2026-04-07 15:50:49,634 - INFO - 🟨 Janela de confirmação 4 de edição de OS detectada
2026-04-07 15:50:53,745 - INFO - 
=== rotina programar_os ===
2026-04-07 15:51:20,272 - INFO - ⌛ Aguardando janela de confirmação de programação de OS...
2026-04-07 15:51:40,605 - INFO - 🟨 Janela de confirmação de programação de OS detectada
2026-04-07 15:51:53,947 - INFO - 🟨 Janela de aviso de edição de OS programadas detectada
2026-04-07 15:51:58,159 - INFO - ⌛ aguardando janela de programação de lote de OS...
2026-04-07 15:52:18,642 - INFO - 🟨 Janela de aviso de substituição de lote de OS detectada
2026-04-07 15:52:24,860 - INFO - ⌛ aguardando janela de programação de lote de OS...
2026-04-07 15:52:45,363 - INFO - 🟨 Janela de programação de lote de OS detectada
2026-04-07 15:53:34,911 - INFO - 🟨 Janela de confirmação de programação de lote de OS detectada
2026-04-07 15:53:39,118 - INFO - ⌛ aguardando confirmação final de programação do lote
2026-04-07 15:53:59,575 - INFO - 🟨 programação do lote 1 efetuado com sucesso
2026-04-07 15:54:09,685 - INFO - 
=== Iniciando lote 1/4 [REDES] ===
2026-04-07 15:54:09,685 - INFO - 
=== abrir_janela_selecao ===
2026-04-07 15:54:16,013 - INFO - 
=== rotina abrir_selecao_colar_os ===
2026-04-07 15:54:16,079 - INFO - Janela de seleção aberta
2026-04-07 15:54:20,327 - INFO - DEBUG: idx=0, inicio=0, fim=25
2026-04-07 15:54:20,327 - INFO - ✅ 25 OS copiadas para a área de transferência.
2026-04-07 15:54:20,327 - INFO - 📋 Lote 1 copiado.
2026-04-07 15:54:28,652 - INFO - ⌛ Esperando mudança visual...
2026-04-07 15:54:29,665 - INFO - ⌛ Esperando mudança visual...
2026-04-07 15:54:30,682 - INFO - ⌛ Esperando mudança visual...
2026-04-07 15:54:31,683 - INFO - ⌛ Esperando mudança visual...
2026-04-07 15:54:32,695 - INFO - ⌛ Esperando mudança visual...
2026-04-07 15:54:33,711 - INFO - ⌛ Esperando mudança visual...
2026-04-07 15:54:34,742 - INFO - ⌛ Esperando mudança visual...
2026-04-07 15:54:35,762 - INFO - ⌛ Esperando mudança visual...
2026-04-07 15:54:36,775 - INFO - ⌛ Esperando mudança visual...
2026-04-07 15:54:37,793 - INFO - ⌛ Esperando mudança visual...
2026-04-07 15:54:38,806 - INFO - ⌛ Esperando mudança visual...
2026-04-07 15:54:39,822 - INFO - ⌛ Esperando mudança visual...
2026-04-07 15:54:40,837 - INFO - ⌛ Esperando mudança visual...
2026-04-07 15:54:41,853 - INFO - ⌛ Esperando mudança visual...
2026-04-07 15:54:42,868 - INFO - ⌛ Esperando mudança visual...
2026-04-07 15:54:43,892 - INFO - ✅ Tela carregada!
2026-04-07 15:54:47,895 - INFO - 
=== rotina desbloquear_os ===
2026-04-07 15:54:54,379 - INFO - ⌛ Aguardando janela de confirmação de desbloqueio...
2026-04-07 15:55:09,876 - INFO - ⌛ Aguardando janela de confirmação de desbloqueio...
2026-04-07 15:55:25,352 - INFO - 🟨 Registros desbloqueados com sucesso
2026-04-07 15:55:29,457 - INFO - 
=== rotina editar_os ===
2026-04-07 15:55:38,881 - INFO - ⌛ Aguardando janela de edição de OS...
2026-04-07 15:55:54,326 - INFO - 🟨 OS programadas detectadas
2026-04-07 15:55:57,449 - INFO - ⌛ Aguardando janela de edição de OS...
2026-04-07 15:56:12,901 - INFO - 🟨 Janela de edição de OS detectada
2026-04-07 15:56:34,265 - INFO - 🟨 Janela de edição de habilidade da turma detectada
2026-04-07 15:57:52,605 - INFO - ⌛ Aguardando detecção do campo de caracteristica 'EQUIPE PRÓPRIA OU EPS' ...
2026-04-07 15:58:11,947 - INFO - 🟨 campo de caracteristica 'EQUIPE PRÓPRIA OU EPS detectado
2026-04-07 15:58:33,727 - INFO - ⌛ Aguardando confirmação 4 - editar OS...
2026-04-07 15:58:49,201 - INFO - ⌛ Aguardando confirmação 4 - editar OS...
2026-04-07 15:58:49,381 - INFO - 🟨 Identificado travamento no EQM, reiniciando contador de espera
2026-04-07 15:59:04,803 - INFO - ⌛ Aguardando confirmação 4 - editar OS...
2026-04-07 15:59:20,308 - INFO - 🟨 Janela de confirmação 4 de edição de OS detectada
2026-04-07 15:59:24,440 - INFO - 
=== rotina programar_os ===
2026-04-07 15:59:50,985 - INFO - ⌛ Aguardando janela de confirmação de programação de OS...
2026-04-07 16:00:11,319 - INFO - 🟨 Janela de confirmação de programação de OS detectada
2026-04-07 16:00:24,572 - INFO - 🟨 Janela de aviso de edição de OS programadas detectada
2026-04-07 16:00:28,787 - INFO - ⌛ aguardando janela de programação de lote de OS...
2026-04-07 16:00:49,282 - INFO - 🟨 Janela de aviso de substituição de lote de OS detectada
2026-04-07 16:00:55,491 - INFO - ⌛ aguardando janela de programação de lote de OS...
2026-04-07 16:01:16,004 - INFO - 🟨 Janela de aviso de substituição de lote de OS detectada
2026-04-07 16:01:22,220 - INFO - ⌛ aguardando janela de programação de lote de OS...
2026-04-07 16:01:42,712 - INFO - 🟨 Janela de programação de lote de OS detectada
2026-04-07 16:02:32,268 - INFO - 🟨 Janela de confirmação de programação de lote de OS detectada
2026-04-07 16:02:36,542 - INFO - ⌛ aguardando confirmação final de programação do lote
2026-04-07 16:02:57,218 - INFO - 🟨 programação do lote 1 efetuado com sucesso
2026-04-07 16:03:07,336 - INFO - 
=== Iniciando lote 2/4 [REDES] ===
2026-04-07 16:03:07,336 - INFO - 
=== abrir_janela_selecao ===
2026-04-07 16:03:13,693 - INFO - 
=== rotina abrir_selecao_colar_os ===
2026-04-07 16:03:13,751 - INFO - Janela de seleção aberta
2026-04-07 16:03:17,995 - INFO - DEBUG: idx=1, inicio=25, fim=50
2026-04-07 16:03:17,995 - INFO - ✅ 25 OS copiadas para a área de transferência.
2026-04-07 16:03:17,995 - INFO - 📋 Lote 2 copiado.
2026-04-07 16:03:26,345 - INFO - ⌛ Esperando mudança visual...
2026-04-07 16:03:27,371 - INFO - ⌛ Esperando mudança visual...
2026-04-07 16:03:28,389 - INFO - ⌛ Esperando mudança visual...
2026-04-07 16:03:29,402 - INFO - ⌛ Esperando mudança visual...
2026-04-07 16:03:30,418 - INFO - ⌛ Esperando mudança visual...
2026-04-07 16:03:31,434 - INFO - ⌛ Esperando mudança visual...
2026-04-07 16:03:32,452 - INFO - ⌛ Esperando mudança visual...
2026-04-07 16:03:33,465 - INFO - ⌛ Esperando mudança visual...
2026-04-07 16:03:34,480 - INFO - ⌛ Esperando mudança visual...
2026-04-07 16:03:35,498 - INFO - ⌛ Esperando mudança visual...
2026-04-07 16:03:36,512 - INFO - ⌛ Esperando mudança visual...
2026-04-07 16:03:37,528 - INFO - ✅ Tela carregada!
2026-04-07 16:03:41,532 - INFO - 
=== rotina desbloquear_os ===
2026-04-07 16:03:48,006 - INFO - ⌛ Aguardando janela de confirmação de desbloqueio...
2026-04-07 16:04:03,465 - INFO - 🟨 Registros desbloqueados com sucesso
2026-04-07 16:04:07,570 - INFO - 
=== rotina editar_os ===
2026-04-07 16:04:16,973 - INFO - ⌛ Aguardando janela de edição de OS...
2026-04-07 16:04:32,493 - INFO - 🟨 OS programadas detectadas
2026-04-07 16:04:35,625 - INFO - ⌛ Aguardando janela de edição de OS...
2026-04-07 16:04:51,082 - INFO - 🟨 Janela de edição de OS detectada
2026-04-07 16:05:12,461 - INFO - 🟨 Janela de edição de habilidade da turma detectada
2026-04-07 16:06:30,793 - INFO - ⌛ Aguardando detecção do campo de caracteristica 'EQUIPE PRÓPRIA OU EPS' ...
2026-04-07 16:06:50,152 - INFO - 🟨 campo de caracteristica 'EQUIPE PRÓPRIA OU EPS detectado
2026-04-07 16:07:11,966 - INFO - 🟨 Janela de atenção de OS com contrato não vigente, pulando lote
2026-04-07 16:07:24,174 - INFO - 
=== Iniciando lote 3/4 [REDES] ===
2026-04-07 16:07:24,174 - INFO - 
=== abrir_janela_selecao ===
2026-04-07 16:07:30,483 - INFO - 
=== rotina abrir_selecao_colar_os ===
2026-04-07 16:07:30,539 - INFO - ⌛ Aguardando janela de seleção...
2026-04-07 16:07:40,900 - INFO - Janela de seleção aberta
2026-04-07 16:07:45,164 - INFO - DEBUG: idx=2, inicio=50, fim=75
2026-04-07 16:07:45,164 - INFO - ✅ 25 OS copiadas para a área de transferência.
2026-04-07 16:07:45,164 - INFO - 📋 Lote 3 copiado.
2026-04-07 16:07:53,486 - INFO - ⌛ Esperando mudança visual...
2026-04-07 16:07:54,512 - INFO - ⌛ Esperando mudança visual...
2026-04-07 16:07:55,525 - INFO - ⌛ Esperando mudança visual...
2026-04-07 16:07:56,540 - INFO - ⌛ Esperando mudança visual...
2026-04-07 16:07:57,556 - INFO - ⌛ Esperando mudança visual...
2026-04-07 16:07:58,572 - INFO - ⌛ Esperando mudança visual...
2026-04-07 16:07:59,587 - INFO - ⌛ Esperando mudança visual...
2026-04-07 16:08:00,605 - INFO - ⌛ Esperando mudança visual...
2026-04-07 16:08:01,618 - INFO - ⌛ Esperando mudança visual...
2026-04-07 16:08:02,635 - INFO - ⌛ Esperando mudança visual...
2026-04-07 16:08:03,650 - INFO - ⌛ Esperando mudança visual...
2026-04-07 16:08:04,665 - INFO - ⌛ Esperando mudança visual...
2026-04-07 16:08:05,681 - INFO - ✅ Tela carregada!
2026-04-07 16:08:09,685 - INFO - 
=== rotina desbloquear_os ===
2026-04-07 16:08:16,159 - INFO - ⌛ Aguardando janela de confirmação de desbloqueio...
2026-04-07 16:08:31,559 - INFO - ⌛ Aguardando janela de confirmação de desbloqueio...
2026-04-07 16:08:46,981 - INFO - 🟨 Registros desbloqueados com sucesso
2026-04-07 16:08:51,085 - INFO - 
=== rotina editar_os ===
2026-04-07 16:09:00,501 - INFO - ⌛ Aguardando janela de edição de OS...
2026-04-07 16:09:15,955 - INFO - 🟨 OS programadas detectadas
2026-04-07 16:09:19,062 - INFO - ⌛ Aguardando janela de edição de OS...
2026-04-07 16:09:34,511 - INFO - 🟨 Janela de edição de OS detectada
2026-04-07 16:09:55,860 - INFO - 🟨 Janela de edição de habilidade da turma detectada
2026-04-07 16:11:14,186 - INFO - ⌛ Aguardando detecção do campo de caracteristica 'EQUIPE PRÓPRIA OU EPS' ...
2026-04-07 16:11:33,533 - INFO - 🟨 campo de caracteristica 'EQUIPE PRÓPRIA OU EPS detectado
2026-04-07 16:11:55,326 - INFO - ⌛ Aguardando confirmação 4 - editar OS...
2026-04-07 16:12:10,796 - INFO - ⌛ Aguardando confirmação 4 - editar OS...
2026-04-07 16:12:10,924 - INFO - 🟨 Identificado travamento no EQM, reiniciando contador de espera
2026-04-07 16:12:26,272 - INFO - ⌛ Aguardando confirmação 4 - editar OS...
2026-04-07 16:12:41,821 - INFO - 🟨 Janela de confirmação 4 de edição de OS detectada
2026-04-07 16:12:45,936 - INFO - 
=== rotina programar_os ===
2026-04-07 16:13:12,471 - INFO - ⌛ Aguardando janela de confirmação de programação de OS...
2026-04-07 16:13:32,861 - INFO - 🟨 Janela de confirmação de programação de OS detectada
2026-04-07 16:13:46,145 - INFO - 🟨 Janela de aviso de edição de OS programadas detectada
2026-04-07 16:13:50,380 - INFO - ⌛ aguardando janela de programação de lote de OS...
2026-04-07 16:14:10,935 - INFO - 🟨 Janela de aviso de substituição de lote de OS detectada
2026-04-07 16:14:17,144 - INFO - ⌛ aguardando janela de programação de lote de OS...
2026-04-07 16:14:37,736 - INFO - 🟨 Janela de aviso de substituição de lote de OS detectada
2026-04-07 16:14:43,968 - INFO - ⌛ aguardando janela de programação de lote de OS...
2026-04-07 16:15:05,468 - INFO - 🟨 Janela de programação de lote de OS detectada
2026-04-07 16:15:55,420 - INFO - 🟨 Janela de confirmação de programação de lote de OS detectada
2026-04-07 16:15:59,960 - INFO - ⌛ aguardando confirmação final de programação do lote
2026-04-07 16:16:21,393 - INFO - ⌛ aguardando confirmação final de programação do lote
2026-04-07 16:16:42,658 - INFO - 🟨 programação do lote 3 efetuado com sucesso
2026-04-07 16:16:52,764 - INFO - 
=== Iniciando lote 4/4 [REDES] ===
2026-04-07 16:16:52,764 - INFO - 
=== abrir_janela_selecao ===
2026-04-07 16:16:59,105 - INFO - 
=== rotina abrir_selecao_colar_os ===
2026-04-07 16:16:59,285 - INFO - Janela de seleção aberta
2026-04-07 16:17:03,630 - INFO - DEBUG: idx=3, inicio=75, fim=100
2026-04-07 16:17:03,630 - INFO - ✅ 15 OS copiadas para a área de transferência.
2026-04-07 16:17:03,630 - INFO - 📋 Lote 4 copiado.
2026-04-07 16:17:11,976 - INFO - ⌛ Esperando mudança visual...
2026-04-07 16:17:12,989 - INFO - ⌛ Esperando mudança visual...
2026-04-07 16:17:14,006 - INFO - ⌛ Esperando mudança visual...
2026-04-07 16:17:15,032 - INFO - ⌛ Esperando mudança visual...
2026-04-07 16:17:16,046 - INFO - ⌛ Esperando mudança visual...
2026-04-07 16:17:17,061 - INFO - ⌛ Esperando mudança visual...
2026-04-07 16:17:18,083 - INFO - ⌛ Esperando mudança visual...
2026-04-07 16:17:19,099 - INFO - ⌛ Esperando mudança visual...
2026-04-07 16:17:20,113 - INFO - ⌛ Esperando mudança visual...
2026-04-07 16:17:21,135 - INFO - ⌛ Esperando mudança visual...
2026-04-07 16:17:22,146 - INFO - ⌛ Esperando mudança visual...
2026-04-07 16:17:23,160 - INFO - ✅ Tela carregada!
2026-04-07 16:17:27,167 - INFO - 
=== rotina desbloquear_os ===
2026-04-07 16:17:33,850 - INFO - ⌛ Aguardando janela de confirmação de desbloqueio...
2026-04-07 16:17:50,089 - INFO - 🟨 Registros desbloqueados com sucesso
2026-04-07 16:17:54,194 - INFO - 
=== rotina editar_os ===
2026-04-07 16:18:03,885 - INFO - 🟨 OS programadas detectadas
2026-04-07 16:18:07,014 - INFO - ⌛ Aguardando janela de edição de OS...
2026-04-07 16:18:23,303 - INFO - 🟨 Janela de edição de OS detectada
2026-04-07 16:18:44,796 - INFO - 🟨 Janela de edição de habilidade da turma detectada
2026-04-07 16:20:03,289 - INFO - ⌛ Aguardando detecção do campo de caracteristica 'EQUIPE PRÓPRIA OU EPS' ...
2026-04-07 16:20:22,779 - INFO - 🟨 campo de caracteristica 'EQUIPE PRÓPRIA OU EPS detectado
2026-04-07 16:20:44,945 - INFO - ⌛ Aguardando confirmação 4 - editar OS...
2026-04-07 16:21:01,290 - INFO - ⌛ Aguardando confirmação 4 - editar OS...
2026-04-07 16:21:17,735 - INFO - 🟨 Janela de confirmação 4 de edição de OS detectada
2026-04-07 16:21:21,840 - INFO - 
=== rotina programar_os ===
2026-04-07 16:21:48,656 - INFO - ⌛ Aguardando janela de confirmação de programação de OS...
2026-04-07 16:22:09,919 - INFO - 🟨 Janela de confirmação de programação de OS detectada
2026-04-07 16:22:23,558 - INFO - 🟨 Janela de aviso de edição de OS programadas detectada
2026-04-07 16:22:27,768 - INFO - ⌛ aguardando janela de programação de lote de OS...
2026-04-07 16:22:49,358 - INFO - 🟨 Janela de aviso de substituição de lote de OS detectada
2026-04-07 16:22:55,571 - INFO - ⌛ aguardando janela de programação de lote de OS...
2026-04-07 16:23:17,161 - INFO - 🟨 Janela de programação de lote de OS detectada
2026-04-07 16:24:06,985 - INFO - 🟨 Janela de confirmação de programação de lote de OS detectada
2026-04-07 16:24:11,426 - INFO - ⌛ aguardando confirmação final de programação do lote
2026-04-07 16:24:32,546 - INFO - 🟨 programação do lote 4 efetuado com sucesso
2026-04-07 16:27:13,371 - INFO - Data hoje: 07/04/2026
2026-04-07 16:27:13,371 - INFO - Data de referência: 30/04/2026
2026-04-07 16:30:08,171 - INFO - Qtde OS de LINHA VIVA: 589
2026-04-07 16:30:08,171 - INFO - Qtde OS poda de LINHA MORTA: 473
2026-04-07 16:30:08,171 - INFO - Qtde OS estrutural de LINHA MORTA : 17129
2026-04-07 16:30:08,171 - INFO - Qtde OS poda de LINHA MORTA fora carteira: 696
2026-04-07 16:30:08,171 - INFO - Qtde OS para desprogramar: 1216
2026-04-07 16:30:08,171 - INFO - 
 Qtd de lotes de LM: 19
2026-04-07 16:30:08,171 - INFO - 
 Qtd de lotes de LV: 24
2026-04-07 16:30:08,171 - INFO - 
 Qtd de lotes de ESTRUTURAL LM: 686
2026-04-07 16:30:08,171 - INFO - 
 Qtd de lotes de LEVE: 28
2026-04-07 16:30:08,171 - INFO - 
 Qtd de lotes para desprogramar: 49
2026-04-07 17:04:14,002 - INFO - Data hoje: 07/04/2026
2026-04-07 17:04:14,002 - INFO - Data de referência: 30/04/2026
2026-04-07 17:05:24,852 - INFO - Qtde OS de LINHA VIVA: 4
2026-04-07 17:05:24,852 - INFO - Qtde OS poda de LINHA MORTA: 0
2026-04-07 17:05:24,852 - INFO - Qtde OS estrutural de LINHA MORTA : 77
2026-04-07 17:05:24,852 - INFO - Qtde OS poda de LINHA MORTA fora carteira: 5
2026-04-07 17:05:24,852 - INFO - Qtde OS para desprogramar: 15
2026-04-07 17:05:24,853 - INFO - 
 Qtd de lotes de LM: 0
2026-04-07 17:05:24,853 - INFO - 
 Qtd de lotes de LV: 1
2026-04-07 17:05:24,853 - INFO - 
 Qtd de lotes de ESTRUTURAL LM: 4
2026-04-07 17:05:24,853 - INFO - 
 Qtd de lotes de LEVE: 1
2026-04-07 17:05:24,853 - INFO - 
 Qtd de lotes para desprogramar: 1
2026-04-07 17:05:24,853 - INFO - 
=== Iniciando lote 1/1 [LV] ===
2026-04-07 17:05:24,853 - INFO - 
=== abrir_janela_selecao ===
2026-04-07 17:05:31,182 - INFO - 
=== rotina abrir_selecao_colar_os ===
2026-04-07 17:05:31,260 - INFO - Janela de seleção aberta
2026-04-07 17:05:35,509 - INFO - DEBUG: idx=0, inicio=0, fim=25
2026-04-07 17:05:35,509 - INFO - ✅ 4 OS copiadas para a área de transferência.
2026-04-07 17:05:35,509 - INFO - 📋 Lote 1 copiado.
2026-04-07 17:05:43,839 - INFO - ⌛ Esperando mudança visual...
2026-04-07 17:05:44,867 - INFO - ⌛ Esperando mudança visual...
2026-04-07 17:05:45,876 - INFO - ⌛ Esperando mudança visual...
2026-04-07 17:05:46,891 - INFO - ⌛ Esperando mudança visual...
2026-04-07 17:05:47,907 - INFO - ⌛ Esperando mudança visual...
2026-04-07 17:05:48,927 - INFO - ⌛ Esperando mudança visual...
2026-04-07 17:05:49,950 - INFO - ⌛ Esperando mudança visual...
2026-04-07 17:05:50,954 - INFO - ⌛ Esperando mudança visual...
2026-04-07 17:05:51,987 - INFO - ⌛ Esperando mudança visual...
2026-04-07 17:05:53,002 - INFO - ⌛ Esperando mudança visual...
2026-04-07 17:05:54,018 - INFO - ⌛ Esperando mudança visual...
2026-04-07 17:05:55,033 - INFO - ⌛ Esperando mudança visual...
2026-04-07 17:05:56,049 - INFO - ✅ Tela carregada!
2026-04-07 17:06:00,054 - INFO - 
=== rotina desbloquear_os ===
2026-04-07 17:06:06,551 - INFO - ⌛ Aguardando janela de confirmação de desbloqueio...
2026-04-07 17:06:21,970 - INFO - 🟨 Registros desbloqueados com sucesso
2026-04-07 17:06:26,077 - INFO - 
=== rotina editar_os ===
2026-04-07 17:06:35,487 - INFO - 🟨 OS programadas detectadas
2026-04-07 17:06:38,594 - INFO - ⌛ Aguardando janela de edição de OS...
2026-04-07 17:06:54,027 - INFO - 🟨 Janela de edição de OS detectada
2026-04-07 17:07:15,406 - INFO - 🟨 Janela de edição de habilidade da turma detectada
2026-04-07 17:08:33,755 - INFO - ⌛ Aguardando detecção do campo de caracteristica 'EQUIPE PRÓPRIA OU EPS' ...
2026-04-07 17:08:53,112 - INFO - 🟨 campo de caracteristica 'EQUIPE PRÓPRIA OU EPS detectado
2026-04-07 17:09:14,919 - INFO - ⌛ Aguardando confirmação 4 - editar OS...
2026-04-07 17:09:30,363 - INFO - 🟨 Janela de confirmação 4 de edição de OS detectada
2026-04-07 17:09:34,467 - INFO - 
=== rotina programar_os ===
2026-04-07 17:10:01,007 - INFO - ⌛ Aguardando janela de confirmação de programação de OS...
2026-04-07 17:10:21,389 - INFO - 🟨 Janela de confirmação de programação de OS detectada
2026-04-07 17:10:34,678 - INFO - 🟨 Janela de aviso de edição de OS programadas detectada
2026-04-07 17:10:38,889 - INFO - ⌛ aguardando janela de programação de lote de OS...
2026-04-07 17:10:59,371 - INFO - 🟨 Janela de aviso de substituição de lote de OS detectada
2026-04-07 17:11:05,583 - INFO - ⌛ aguardando janela de programação de lote de OS...
2026-04-07 17:11:26,092 - INFO - 🟨 Janela de programação de lote de OS detectada
2026-04-07 17:12:15,650 - INFO - 🟨 Janela de confirmação de programação de lote de OS detectada
2026-04-07 17:12:19,865 - INFO - ⌛ aguardando confirmação final de programação do lote
2026-04-07 17:12:40,325 - INFO - 🟨 programação do lote 1 efetuado com sucesso
2026-04-07 17:12:50,435 - INFO - 
=== Iniciando lote 1/1 [LEVE] ===
2026-04-07 17:12:50,435 - INFO - 
=== abrir_janela_selecao ===
2026-04-07 17:12:56,746 - INFO - 
=== rotina abrir_selecao_colar_os ===
2026-04-07 17:12:56,803 - INFO - Janela de seleção aberta
2026-04-07 17:13:01,045 - INFO - DEBUG: idx=0, inicio=0, fim=25
2026-04-07 17:13:01,045 - INFO - ✅ 5 OS copiadas para a área de transferência.
2026-04-07 17:13:01,045 - INFO - 📋 Lote 1 copiado.
2026-04-07 17:13:09,369 - INFO - ⌛ Esperando mudança visual...
2026-04-07 17:13:10,393 - INFO - ⌛ Esperando mudança visual...
2026-04-07 17:13:11,406 - INFO - ⌛ Esperando mudança visual...
2026-04-07 17:13:12,421 - INFO - ⌛ Esperando mudança visual...
2026-04-07 17:13:13,436 - INFO - ⌛ Esperando mudança visual...
2026-04-07 17:13:14,451 - INFO - ⌛ Esperando mudança visual...
2026-04-07 17:13:15,468 - INFO - ⌛ Esperando mudança visual...
2026-04-07 17:13:16,484 - INFO - ⌛ Esperando mudança visual...
2026-04-07 17:13:17,500 - INFO - ⌛ Esperando mudança visual...
2026-04-07 17:13:18,515 - INFO - ⌛ Esperando mudança visual...
2026-04-07 17:13:19,534 - INFO - ✅ Tela carregada!
2026-04-07 17:13:23,535 - INFO - 
=== rotina desbloquear_os ===
2026-04-07 17:13:30,011 - INFO - ⌛ Aguardando janela de confirmação de desbloqueio...
2026-04-07 17:13:45,452 - INFO - 🟨 Registros desbloqueados com sucesso
2026-04-07 17:13:49,565 - INFO - 
=== rotina editar_os ===
2026-04-07 17:13:58,973 - INFO - ⌛ Aguardando janela de edição de OS...
2026-04-07 17:14:14,428 - INFO - 🟨 Janela de edição de OS detectada
2026-04-07 17:14:35,787 - INFO - 🟨 Janela de edição de habilidade da turma detectada
2026-04-07 17:15:54,115 - INFO - ⌛ Aguardando detecção do campo de caracteristica 'EQUIPE PRÓPRIA OU EPS' ...
2026-04-07 17:16:13,466 - INFO - 🟨 campo de caracteristica 'EQUIPE PRÓPRIA OU EPS detectado
2026-04-07 17:16:35,324 - INFO - ⌛ Aguardando confirmação 4 - editar OS...
2026-04-07 17:16:50,907 - INFO - 🟨 Janela de confirmação 4 de edição de OS detectada
2026-04-07 17:16:55,016 - INFO - 
=== rotina programar_os ===
2026-04-07 17:17:21,579 - INFO - ⌛ Aguardando janela de confirmação de programação de OS...
2026-04-07 17:17:41,960 - INFO - 🟨 Janela de confirmação de programação de OS detectada
2026-04-07 17:17:55,228 - INFO - 🟨 Janela de aviso de substituição de lote de OS detectada
2026-04-07 17:18:01,446 - INFO - ⌛ aguardando janela de programação de lote de OS...
2026-04-07 17:18:22,004 - INFO - 🟨 Janela de programação de lote de OS detectada
2026-04-07 17:19:11,536 - INFO - 🟨 Janela de confirmação de programação de lote de OS detectada
2026-04-07 17:19:15,831 - INFO - ⌛ aguardando confirmação final de programação do lote
2026-04-07 17:19:36,420 - INFO - 🟨 programação do lote 1 efetuado com sucesso
2026-04-07 17:19:46,527 - INFO - 
=== Iniciando lote 1/4 [REDES] ===
2026-04-07 17:19:46,527 - INFO - 
=== abrir_janela_selecao ===
2026-04-07 17:19:52,840 - INFO - 
=== rotina abrir_selecao_colar_os ===
2026-04-07 17:19:52,887 - INFO - Janela de seleção aberta
2026-04-07 17:19:57,111 - INFO - DEBUG: idx=0, inicio=0, fim=25
2026-04-07 17:19:57,111 - INFO - ✅ 25 OS copiadas para a área de transferência.
2026-04-07 17:19:57,111 - INFO - 📋 Lote 1 copiado.
2026-04-07 17:20:05,453 - INFO - ⌛ Esperando mudança visual...
2026-04-07 17:20:06,466 - INFO - ⌛ Esperando mudança visual...
2026-04-07 17:20:07,482 - INFO - ⌛ Esperando mudança visual...
2026-04-07 17:20:08,497 - INFO - ⌛ Esperando mudança visual...
2026-04-07 17:20:09,517 - INFO - ⌛ Esperando mudança visual...
2026-04-07 17:20:10,528 - INFO - ⌛ Esperando mudança visual...
2026-04-07 17:20:11,544 - INFO - ⌛ Esperando mudança visual...
2026-04-07 17:20:12,562 - INFO - ⌛ Esperando mudança visual...
2026-04-07 17:20:13,575 - INFO - ⌛ Esperando mudança visual...
2026-04-07 17:20:14,591 - INFO - ⌛ Esperando mudança visual...
2026-04-07 17:20:15,607 - INFO - ⌛ Esperando mudança visual...
2026-04-07 17:20:16,622 - INFO - ✅ Tela carregada!
2026-04-07 17:20:20,628 - INFO - 
=== rotina desbloquear_os ===
2026-04-07 17:20:27,088 - INFO - ⌛ Aguardando janela de confirmação de desbloqueio...
2026-04-07 17:20:42,494 - INFO - 🟨 Registros desbloqueados com sucesso
2026-04-07 17:20:46,599 - INFO - 
=== rotina editar_os ===
2026-04-07 17:20:56,000 - INFO - ⌛ Aguardando janela de edição de OS...
2026-04-07 17:21:11,442 - INFO - 🟨 OS programadas detectadas
2026-04-07 17:21:14,559 - INFO - ⌛ Aguardando janela de edição de OS...
2026-04-07 17:21:29,986 - INFO - 🟨 Janela de edição de OS detectada
2026-04-07 17:21:51,343 - INFO - 🟨 Janela de edição de habilidade da turma detectada
2026-04-07 17:23:09,671 - INFO - ⌛ Aguardando detecção do campo de caracteristica 'EQUIPE PRÓPRIA OU EPS' ...
2026-04-07 17:23:29,018 - INFO - 🟨 campo de caracteristica 'EQUIPE PRÓPRIA OU EPS detectado
2026-04-07 17:23:50,807 - INFO - ⌛ Aguardando confirmação 4 - editar OS...
2026-04-07 17:24:06,319 - INFO - ⌛ Aguardando confirmação 4 - editar OS...
2026-04-07 17:24:06,440 - INFO - 🟨 Identificado travamento no EQM, reiniciando contador de espera
2026-04-07 17:24:21,804 - INFO - ⌛ Aguardando confirmação 4 - editar OS...
2026-04-07 17:24:37,347 - INFO - 🟨 Janela de confirmação 4 de edição de OS detectada
2026-04-07 17:24:41,462 - INFO - 
=== rotina programar_os ===
2026-04-07 17:25:08,022 - INFO - ⌛ Aguardando janela de confirmação de programação de OS...
2026-04-07 17:25:28,410 - INFO - 🟨 Janela de confirmação de programação de OS detectada
2026-04-07 17:25:41,669 - INFO - 🟨 Janela de aviso de edição de OS programadas detectada
2026-04-07 17:25:45,892 - INFO - ⌛ aguardando janela de programação de lote de OS...
2026-04-07 17:26:06,404 - INFO - 🟨 Janela de aviso de substituição de lote de OS detectada
2026-04-07 17:26:12,617 - INFO - ⌛ aguardando janela de programação de lote de OS...
2026-04-07 17:26:33,122 - INFO - 🟨 Janela de programação de lote de OS detectada
2026-04-07 17:27:22,683 - INFO - 🟨 Janela de confirmação de programação de lote de OS detectada
2026-04-07 17:27:26,898 - INFO - ⌛ aguardando confirmação final de programação do lote
2026-04-07 17:27:47,411 - INFO - 🟨 programação do lote 1 efetuado com sucesso
2026-04-07 17:27:57,529 - INFO - 
=== Iniciando lote 2/4 [REDES] ===
2026-04-07 17:27:57,530 - INFO - 
=== abrir_janela_selecao ===
2026-04-07 17:28:03,854 - INFO - 
=== rotina abrir_selecao_colar_os ===
2026-04-07 17:28:03,909 - INFO - Janela de seleção aberta
2026-04-07 17:28:08,162 - INFO - DEBUG: idx=1, inicio=25, fim=50
2026-04-07 17:28:08,162 - INFO - ✅ 25 OS copiadas para a área de transferência.
2026-04-07 17:28:08,162 - INFO - 📋 Lote 2 copiado.
2026-04-07 17:28:16,484 - INFO - ⌛ Esperando mudança visual...
2026-04-07 17:28:17,507 - INFO - ✅ Tela carregada!
2026-04-07 17:28:21,508 - INFO - 
=== rotina desbloquear_os ===
2026-04-07 17:28:28,002 - INFO - ⌛ Aguardando janela de confirmação de desbloqueio...
2026-04-07 17:28:43,488 - INFO - ⌛ Aguardando janela de confirmação de desbloqueio...
2026-04-07 17:28:58,945 - INFO - 🟨 Registros desbloqueados com sucesso
2026-04-07 17:29:03,061 - INFO - 
=== rotina editar_os ===
2026-04-07 17:29:12,466 - INFO - ⌛ Aguardando janela de edição de OS...
2026-04-07 17:29:27,935 - INFO - 🟨 OS programadas detectadas
2026-04-07 17:29:31,040 - INFO - ⌛ Aguardando janela de edição de OS...
2026-04-07 17:29:46,533 - INFO - 🟨 Janela de edição de OS detectada
2026-04-07 17:30:07,914 - INFO - 🟨 Janela de edição de habilidade da turma detectada
2026-04-07 17:31:26,244 - INFO - ⌛ Aguardando detecção do campo de caracteristica 'EQUIPE PRÓPRIA OU EPS' ...
2026-04-07 17:31:45,617 - INFO - 🟨 campo de caracteristica 'EQUIPE PRÓPRIA OU EPS detectado
2026-04-07 17:32:07,427 - INFO - ⌛ Aguardando confirmação 4 - editar OS...
2026-04-07 17:32:22,888 - INFO - ⌛ Aguardando confirmação 4 - editar OS...
2026-04-07 17:32:38,404 - INFO - ⌛ Aguardando confirmação 4 - editar OS...
2026-04-07 17:32:53,982 - INFO - 🟨 Janela de confirmação 4 de edição de OS detectada
2026-04-07 17:32:58,101 - INFO - 
=== rotina programar_os ===
2026-04-07 17:33:24,626 - INFO - ⌛ Aguardando janela de confirmação de programação de OS...
2026-04-07 17:33:44,948 - INFO - 🟨 Janela de confirmação de programação de OS detectada
2026-04-07 17:33:58,222 - INFO - 🟨 Janela de aviso de edição de OS programadas detectada
2026-04-07 17:34:02,441 - INFO - ⌛ aguardando janela de programação de lote de OS...
2026-04-07 17:34:22,951 - INFO - 🟨 Janela de aviso de substituição de lote de OS detectada
2026-04-07 17:34:29,157 - INFO - ⌛ aguardando janela de programação de lote de OS...
2026-04-07 17:34:49,640 - INFO - ⌛ aguardando janela de programação de lote de OS...
2026-04-07 17:34:49,880 - INFO - 🟨 Identificado falha no EQM
2026-04-07 17:34:49,880 - INFO - Capturando print...
2026-04-07 17:35:26,538 - INFO - ⌛ Aguardando janela de confirmação de programação de OS...
2026-04-07 17:35:46,973 - INFO - 🟨 Janela de confirmação de programação de OS detectada
2026-04-07 17:36:00,273 - INFO - 🟨 Janela de aviso de edição de OS programadas detectada
2026-04-07 17:36:04,482 - INFO - ⌛ aguardando janela de programação de lote de OS...
2026-04-07 17:36:25,010 - INFO - 🟨 Janela de aviso de substituição de lote de OS detectada
2026-04-07 17:36:31,228 - INFO - ⌛ aguardando janela de programação de lote de OS...
2026-04-07 17:36:51,757 - INFO - 🟨 Janela de programação de lote de OS detectada
2026-04-07 17:37:41,297 - INFO - 🟨 Janela de confirmação de programação de lote de OS detectada
2026-04-07 17:37:45,544 - INFO - ⌛ aguardando confirmação final de programação do lote
2026-04-07 17:38:06,067 - INFO - 🟨 programação do lote 2 efetuado com sucesso
2026-04-07 17:38:16,173 - INFO - 
=== Iniciando lote 3/4 [REDES] ===
2026-04-07 17:38:16,173 - INFO - 
=== abrir_janela_selecao ===
2026-04-07 17:38:22,484 - INFO - 
=== rotina abrir_selecao_colar_os ===
2026-04-07 17:38:22,537 - INFO - Janela de seleção aberta
2026-04-07 17:38:26,776 - INFO - DEBUG: idx=2, inicio=50, fim=75
2026-04-07 17:38:26,776 - INFO - ✅ 25 OS copiadas para a área de transferência.
2026-04-07 17:38:26,776 - INFO - 📋 Lote 3 copiado.
2026-04-07 17:38:35,112 - INFO - ⌛ Esperando mudança visual...
2026-04-07 17:38:36,124 - INFO - ⌛ Esperando mudança visual...
2026-04-07 17:38:37,139 - INFO - ⌛ Esperando mudança visual...
2026-04-07 17:38:38,155 - INFO - ⌛ Esperando mudança visual...
2026-04-07 17:38:39,171 - INFO - ⌛ Esperando mudança visual...
2026-04-07 17:38:40,187 - INFO - ⌛ Esperando mudança visual...
2026-04-07 17:38:41,202 - INFO - ⌛ Esperando mudança visual...
2026-04-07 17:38:42,218 - INFO - ⌛ Esperando mudança visual...
2026-04-07 17:38:43,237 - INFO - ⌛ Esperando mudança visual...
2026-04-07 17:38:44,252 - INFO - ⌛ Esperando mudança visual...
2026-04-07 17:38:45,265 - INFO - ✅ Tela carregada!
2026-04-07 17:38:49,272 - INFO - 
=== rotina desbloquear_os ===
2026-04-07 17:38:55,746 - INFO - ⌛ Aguardando janela de confirmação de desbloqueio...
2026-04-07 17:39:11,146 - INFO - 🟨 Registros desbloqueados com sucesso
2026-04-07 17:39:15,249 - INFO - 
=== rotina editar_os ===
2026-04-07 17:39:24,666 - INFO - ⌛ Aguardando janela de edição de OS...
2026-04-07 17:39:40,129 - INFO - 🟨 OS programadas detectadas
2026-04-07 17:39:43,239 - INFO - ⌛ Aguardando janela de edição de OS...
2026-04-07 17:39:58,694 - INFO - 🟨 Janela de edição de OS detectada
2026-04-07 17:40:20,072 - INFO - 🟨 Janela de edição de habilidade da turma detectada
2026-04-07 17:41:38,414 - INFO - ⌛ Aguardando detecção do campo de caracteristica 'EQUIPE PRÓPRIA OU EPS' ...
2026-04-07 17:41:57,762 - INFO - 🟨 campo de caracteristica 'EQUIPE PRÓPRIA OU EPS detectado
2026-04-07 17:42:19,579 - INFO - ⌛ Aguardando confirmação 4 - editar OS...
2026-04-07 17:42:35,063 - INFO - ⌛ Aguardando confirmação 4 - editar OS...
2026-04-07 17:42:50,598 - INFO - ⌛ Aguardando confirmação 4 - editar OS...
2026-04-07 17:43:06,073 - INFO - 🟨 Janela de confirmação 4 de edição de OS detectada
2026-04-07 17:43:10,208 - INFO - 
=== rotina programar_os ===
2026-04-07 17:43:36,777 - INFO - ⌛ Aguardando janela de confirmação de programação de OS...
2026-04-07 17:43:57,194 - INFO - 🟨 Janela de confirmação de programação de OS detectada
2026-04-07 17:44:10,534 - INFO - 🟨 Janela de aviso de edição de OS programadas detectada
2026-04-07 17:44:14,740 - INFO - ⌛ aguardando janela de programação de lote de OS...
2026-04-07 17:44:35,321 - INFO - 🟨 Janela de aviso de substituição de lote de OS detectada
2026-04-07 17:44:41,530 - INFO - ⌛ aguardando janela de programação de lote de OS...
2026-04-07 17:45:02,056 - INFO - ⌛ aguardando janela de programação de lote de OS...
2026-04-07 17:45:22,633 - INFO - 🟨 Janela de programação de lote de OS detectada
2026-04-07 17:46:12,160 - INFO - 🟨 Janela de confirmação de programação de lote de OS detectada
2026-04-07 17:46:16,373 - INFO - ⌛ aguardando confirmação final de programação do lote
2026-04-07 17:48:00,545 - INFO - Data hoje: 07/04/2026
2026-04-07 17:48:00,546 - INFO - Data de referência: 30/04/2026
2026-04-07 17:49:18,032 - INFO - Qtde OS de LINHA VIVA: 699
2026-04-07 17:49:18,032 - INFO - Qtde OS poda de LINHA MORTA: 473
2026-04-07 17:49:18,032 - INFO - Qtde OS estrutural de LINHA MORTA : 17128
2026-04-07 17:49:18,032 - INFO - Qtde OS poda de LINHA MORTA fora carteira: 696
2026-04-07 17:49:18,032 - INFO - Qtde OS para desprogramar: 1220
2026-04-07 17:49:18,034 - INFO - 
 Qtd de lotes de LM: 19
2026-04-07 17:49:18,034 - INFO - 
 Qtd de lotes de LV: 28
2026-04-07 17:49:18,034 - INFO - 
 Qtd de lotes de ESTRUTURAL LM: 686
2026-04-07 17:49:18,034 - INFO - 
 Qtd de lotes de LEVE: 28
2026-04-07 17:49:18,034 - INFO - 
 Qtd de lotes para desprogramar: 49
2026-04-07 17:49:18,034 - INFO - 
=== Iniciando lote 1/19 [LM] ===
2026-04-07 17:49:18,034 - INFO - 
=== abrir_janela_selecao ===
2026-04-07 17:49:24,383 - INFO - 
=== rotina abrir_selecao_colar_os ===
2026-04-07 17:49:24,463 - INFO - Janela de seleção aberta
2026-04-07 17:49:28,720 - INFO - DEBUG: idx=0, inicio=0, fim=25
2026-04-07 17:49:28,720 - INFO - ✅ 25 OS copiadas para a área de transferência.
2026-04-07 17:49:28,720 - INFO - 📋 Lote 1 copiado.
2026-04-07 17:49:37,052 - INFO - ⌛ Esperando mudança visual...
2026-04-07 17:49:38,065 - INFO - ⌛ Esperando mudança visual...
2026-04-07 17:49:39,075 - INFO - ⌛ Esperando mudança visual...
2026-04-07 17:49:40,097 - INFO - ⌛ Esperando mudança visual...
2026-04-07 17:49:41,117 - INFO - ⌛ Esperando mudança visual...
2026-04-07 17:49:42,128 - INFO - ⌛ Esperando mudança visual...
2026-04-07 17:49:43,144 - INFO - ⌛ Esperando mudança visual...
2026-04-07 17:49:44,165 - INFO - ⌛ Esperando mudança visual...
2026-04-07 17:49:45,182 - INFO - ⌛ Esperando mudança visual...
2026-04-07 17:49:46,196 - INFO - ✅ Tela carregada!
2026-04-07 17:49:50,200 - INFO - 
=== rotina desbloquear_os ===
2026-04-07 17:49:56,664 - INFO - ⌛ Aguardando janela de confirmação de desbloqueio...
2026-04-07 17:50:12,096 - INFO - 🟨 Registros desbloqueados com sucesso
2026-04-07 17:50:16,201 - INFO - 
=== rotina editar_os ===
2026-04-07 17:50:25,601 - INFO - 🟨 OS programadas detectadas
2026-04-07 17:50:28,715 - INFO - ⌛ Aguardando janela de edição de OS...
2026-04-07 17:50:44,159 - INFO - 🟨 Janela de edição de OS detectada
2026-04-07 17:51:05,510 - INFO - 🟨 Janela de edição de habilidade da turma detectada
2026-04-07 17:52:23,853 - INFO - ⌛ Aguardando detecção do campo de caracteristica 'EQUIPE PRÓPRIA OU EPS' ...
2026-04-07 17:52:43,201 - INFO - 🟨 campo de caracteristica 'EQUIPE PRÓPRIA OU EPS detectado
2026-04-07 17:53:04,993 - INFO - ⌛ Aguardando confirmação 4 - editar OS...
2026-04-07 17:53:20,425 - INFO - 🟨 Janela de confirmação 4 de edição de OS detectada
2026-04-07 17:53:24,530 - INFO - 
=== rotina programar_os ===
2026-04-07 17:53:51,101 - INFO - ⌛ Aguardando janela de confirmação de programação de OS...
2026-04-07 17:54:11,582 - INFO - 🟨 Janela de confirmação de programação de OS detectada
2026-04-07 17:54:24,875 - INFO - 🟨 Janela de aviso de edição de OS programadas detectada
2026-04-07 17:54:29,090 - INFO - ⌛ aguardando janela de programação de lote de OS...
2026-04-07 17:54:49,639 - INFO - 🟨 Janela de aviso de substituição de lote de OS detectada
2026-04-07 17:54:55,873 - INFO - ⌛ aguardando janela de programação de lote de OS...
2026-04-07 17:55:16,460 - INFO - 🟨 Janela de programação de lote de OS detectada
2026-04-07 17:56:06,012 - INFO - 🟨 Janela de confirmação de programação de lote de OS detectada
2026-04-07 17:56:10,288 - INFO - ⌛ aguardando confirmação final de programação do lote
2026-04-07 17:56:30,881 - INFO - 🟨 programação do lote 1 efetuado com sucesso
2026-04-07 17:56:40,997 - INFO - 
=== Iniciando lote 2/19 [LM] ===
2026-04-07 17:56:40,997 - INFO - 
=== abrir_janela_selecao ===
2026-04-07 17:56:47,340 - INFO - 
=== rotina abrir_selecao_colar_os ===
2026-04-07 17:56:47,409 - INFO - Janela de seleção aberta
2026-04-07 17:56:51,653 - INFO - DEBUG: idx=1, inicio=25, fim=50
2026-04-07 17:56:51,653 - INFO - ✅ 25 OS copiadas para a área de transferência.
2026-04-07 17:56:51,653 - INFO - 📋 Lote 2 copiado.
2026-04-07 17:56:59,981 - INFO - ⌛ Esperando mudança visual...
2026-04-07 17:57:00,995 - INFO - ⌛ Esperando mudança visual...
2026-04-07 17:57:02,011 - INFO - ⌛ Esperando mudança visual...
2026-04-07 17:57:03,026 - INFO - ⌛ Esperando mudança visual...
2026-04-07 17:57:04,046 - INFO - ⌛ Esperando mudança visual...
2026-04-07 17:57:05,058 - INFO - ⌛ Esperando mudança visual...
2026-04-07 17:57:06,073 - INFO - ⌛ Esperando mudança visual...
2026-04-07 17:57:07,089 - INFO - ⌛ Esperando mudança visual...
2026-04-07 17:57:08,105 - INFO - ⌛ Esperando mudança visual...
2026-04-07 17:57:09,109 - INFO - ✅ Tela carregada!
2026-04-07 17:57:13,115 - INFO - 
=== rotina desbloquear_os ===
2026-04-07 17:57:19,612 - INFO - ⌛ Aguardando janela de confirmação de desbloqueio...
2026-04-07 17:57:35,040 - INFO - 🟨 Registros desbloqueados com sucesso
2026-04-07 17:57:39,149 - INFO - 
=== rotina editar_os ===
2026-04-07 17:57:48,562 - INFO - ⌛ Aguardando janela de edição de OS...
2026-04-07 17:58:04,047 - INFO - 🟨 OS programadas detectadas
2026-04-07 17:58:07,150 - INFO - ⌛ Aguardando janela de edição de OS...
2026-04-07 17:58:22,599 - INFO - 🟨 Janela de edição de OS detectada
2026-04-07 17:58:43,998 - INFO - 🟨 Janela de edição de habilidade da turma detectada
2026-04-07 18:00:02,326 - INFO - ⌛ Aguardando detecção do campo de caracteristica 'EQUIPE PRÓPRIA OU EPS' ...
2026-04-07 18:00:21,689 - INFO - 🟨 campo de caracteristica 'EQUIPE PRÓPRIA OU EPS detectado
2026-04-07 18:00:43,452 - INFO - ⌛ Aguardando confirmação 4 - editar OS...
2026-04-07 18:00:58,935 - INFO - ⌛ Aguardando confirmação 4 - editar OS...
2026-04-07 18:00:59,063 - INFO - 🟨 Identificado travamento no EQM, reiniciando contador de espera
2026-04-07 18:01:14,381 - INFO - ⌛ Aguardando confirmação 4 - editar OS...
2026-04-07 18:01:29,868 - INFO - 🟨 Janela de confirmação 4 de edição de OS detectada
2026-04-07 18:01:33,971 - INFO - 
=== rotina programar_os ===
2026-04-07 18:02:00,533 - INFO - ⌛ Aguardando janela de confirmação de programação de OS...
2026-04-07 18:02:20,933 - INFO - 🟨 Janela de confirmação de programação de OS detectada
2026-04-07 18:02:34,257 - INFO - 🟨 Janela de aviso de edição de OS programadas detectada
2026-04-07 18:02:38,479 - INFO - ⌛ aguardando janela de programação de lote de OS...
2026-04-07 18:02:59,115 - INFO - 🟨 Janela de aviso de substituição de lote de OS detectada
2026-04-07 18:03:05,332 - INFO - ⌛ aguardando janela de programação de lote de OS...
2026-04-07 18:03:25,892 - INFO - ⌛ aguardando janela de programação de lote de OS...
2026-04-07 18:03:26,163 - INFO - 🟨 Identificado falha no EQM
2026-04-07 18:03:26,163 - INFO - Capturando print...
2026-04-07 18:04:02,783 - INFO - ⌛ Aguardando janela de confirmação de programação de OS...
2026-04-07 18:04:23,182 - INFO - 🟨 Janela de confirmação de programação de OS detectada
2026-04-07 18:04:36,476 - INFO - 🟨 Janela de aviso de edição de OS programadas detectada
2026-04-07 18:04:40,683 - INFO - ⌛ aguardando janela de programação de lote de OS...
2026-04-07 18:05:01,212 - INFO - 🟨 Janela de aviso de substituição de lote de OS detectada
2026-04-07 18:05:07,423 - INFO - ⌛ aguardando janela de programação de lote de OS...
2026-04-07 18:05:27,938 - INFO - 🟨 Janela de aviso de substituição de lote de OS detectada
2026-04-07 18:05:34,162 - INFO - ⌛ aguardando janela de programação de lote de OS...
2026-04-07 18:05:54,639 - INFO - 🟨 Janela de programação de lote de OS detectada
2026-04-07 18:06:44,168 - INFO - 🟨 Janela de confirmação de programação de lote de OS detectada
2026-04-07 18:06:48,387 - INFO - ⌛ aguardando confirmação final de programação do lote
2026-04-07 18:07:08,927 - INFO - 🟨 programação do lote 2 efetuado com sucesso
2026-04-07 18:07:19,034 - INFO - 
=== Iniciando lote 3/19 [LM] ===
2026-04-07 18:07:19,034 - INFO - 
=== abrir_janela_selecao ===
2026-04-07 18:07:25,345 - INFO - 
=== rotina abrir_selecao_colar_os ===
2026-04-07 18:07:25,397 - INFO - Janela de seleção aberta
2026-04-07 18:07:29,641 - INFO - DEBUG: idx=2, inicio=50, fim=75
2026-04-07 18:07:29,641 - INFO - ✅ 25 OS copiadas para a área de transferência.
2026-04-07 18:07:29,641 - INFO - 📋 Lote 3 copiado.
2026-04-07 18:07:37,970 - INFO - ⌛ Esperando mudança visual...
2026-04-07 18:07:38,985 - INFO - ⌛ Esperando mudança visual...
2026-04-07 18:07:40,008 - INFO - ⌛ Esperando mudança visual...
2026-04-07 18:07:41,015 - INFO - ⌛ Esperando mudança visual...
2026-04-07 18:07:42,031 - INFO - ⌛ Esperando mudança visual...
2026-04-07 18:07:43,041 - INFO - ⌛ Esperando mudança visual...
2026-04-07 18:07:44,047 - INFO - ⌛ Esperando mudança visual...
2026-04-07 18:07:45,050 - INFO - ⌛ Esperando mudança visual...
2026-04-07 18:07:46,060 - INFO - ⌛ Esperando mudança visual...
2026-04-07 18:07:47,076 - INFO - ✅ Tela carregada!
2026-04-07 18:07:51,080 - INFO - 
=== rotina desbloquear_os ===
2026-04-07 18:07:57,549 - INFO - ⌛ Aguardando janela de confirmação de desbloqueio...
2026-04-07 18:08:12,987 - INFO - 🟨 Registros desbloqueados com sucesso
2026-04-07 18:08:17,090 - INFO - 
=== rotina editar_os ===
2026-04-07 18:08:26,493 - INFO - 🟨 OS programadas detectadas
2026-04-07 18:08:29,600 - INFO - ⌛ Aguardando janela de edição de OS...
2026-04-07 18:08:45,062 - INFO - 🟨 Janela de edição de OS detectada
2026-04-07 18:09:06,430 - INFO - 🟨 Janela de edição de habilidade da turma detectada
2026-04-07 18:10:24,748 - INFO - ⌛ Aguardando detecção do campo de caracteristica 'EQUIPE PRÓPRIA OU EPS' ...
2026-04-07 18:10:44,107 - INFO - 🟨 campo de caracteristica 'EQUIPE PRÓPRIA OU EPS detectado
2026-04-07 18:11:05,905 - INFO - ⌛ Aguardando confirmação 4 - editar OS...
2026-04-07 18:11:21,407 - INFO - ⌛ Aguardando confirmação 4 - editar OS...
2026-04-07 18:11:36,866 - INFO - 🟨 Janela de confirmação 4 de edição de OS detectada
2026-04-07 18:11:40,983 - INFO - 
=== rotina programar_os ===
2026-04-07 18:12:07,501 - INFO - ⌛ Aguardando janela de confirmação de programação de OS...
2026-04-07 18:12:27,833 - INFO - 🟨 Janela de confirmação de programação de OS detectada
2026-04-07 18:12:41,109 - INFO - 🟨 Janela de aviso de edição de OS programadas detectada
2026-04-07 18:12:45,321 - INFO - ⌛ aguardando janela de programação de lote de OS...
2026-04-07 18:13:05,819 - INFO - 🟨 Janela de aviso de substituição de lote de OS detectada
2026-04-07 18:13:12,027 - INFO - ⌛ aguardando janela de programação de lote de OS...
2026-04-07 18:13:32,600 - INFO - 🟨 Janela de programação de lote de OS detectada
2026-04-07 18:14:22,153 - INFO - 🟨 Janela de confirmação de programação de lote de OS detectada
2026-04-07 18:14:26,378 - INFO - ⌛ aguardando confirmação final de programação do lote
2026-04-07 18:14:46,895 - INFO - 🟨 programação do lote 3 efetuado com sucesso
2026-04-07 18:14:56,999 - INFO - 
=== Iniciando lote 4/19 [LM] ===
2026-04-07 18:14:56,999 - INFO - 
=== abrir_janela_selecao ===
2026-04-07 18:15:03,311 - INFO - 
=== rotina abrir_selecao_colar_os ===
2026-04-07 18:15:03,364 - INFO - Janela de seleção aberta
2026-04-07 18:15:07,596 - INFO - DEBUG: idx=3, inicio=75, fim=100
2026-04-07 18:15:07,596 - INFO - ✅ 25 OS copiadas para a área de transferência.
2026-04-07 18:15:07,596 - INFO - 📋 Lote 4 copiado.
2026-04-07 18:15:15,930 - INFO - ⌛ Esperando mudança visual...
2026-04-07 18:15:16,952 - INFO - ⌛ Esperando mudança visual...
2026-04-07 18:15:17,969 - INFO - ⌛ Esperando mudança visual...
2026-04-07 18:15:18,983 - INFO - ⌛ Esperando mudança visual...
2026-04-07 18:15:19,998 - INFO - ⌛ Esperando mudança visual...
2026-04-07 18:15:21,003 - INFO - ⌛ Esperando mudança visual...
2026-04-07 18:15:22,013 - INFO - ⌛ Esperando mudança visual...
2026-04-07 18:15:23,028 - INFO - ⌛ Esperando mudança visual...
2026-04-07 18:15:24,044 - INFO - ⌛ Esperando mudança visual...
2026-04-07 18:15:25,060 - INFO - ⌛ Esperando mudança visual...
2026-04-07 18:15:26,075 - INFO - ✅ Tela carregada!
2026-04-07 18:15:30,079 - INFO - 
=== rotina desbloquear_os ===
2026-04-07 18:15:36,567 - INFO - ⌛ Aguardando janela de confirmação de desbloqueio...
2026-04-07 18:15:52,001 - INFO - 🟨 Registros desbloqueados com sucesso
2026-04-07 18:15:56,111 - INFO - 
=== rotina editar_os ===
2026-04-07 18:16:05,527 - INFO - ⌛ Aguardando janela de edição de OS...
2026-04-07 18:16:20,999 - INFO - 🟨 OS programadas detectadas
2026-04-07 18:16:24,105 - INFO - ⌛ Aguardando janela de edição de OS...
2026-04-07 18:16:39,608 - INFO - 🟨 Janela de edição de OS detectada
2026-04-07 18:17:00,974 - INFO - 🟨 Janela de edição de habilidade da turma detectada
2026-04-07 18:18:19,294 - INFO - ⌛ Aguardando detecção do campo de caracteristica 'EQUIPE PRÓPRIA OU EPS' ...
2026-04-07 18:18:38,665 - INFO - 🟨 campo de caracteristica 'EQUIPE PRÓPRIA OU EPS detectado
2026-04-07 18:19:00,464 - INFO - ⌛ Aguardando confirmação 4 - editar OS...
2026-04-07 18:19:15,959 - INFO - ⌛ Aguardando confirmação 4 - editar OS...
2026-04-07 18:19:31,472 - INFO - ⌛ Aguardando confirmação 4 - editar OS...
2026-04-07 18:19:46,989 - INFO - 🟨 Janela de confirmação 4 de edição de OS detectada
2026-04-07 18:19:51,105 - INFO - 
=== rotina programar_os ===
2026-04-07 18:20:17,621 - INFO - ⌛ Aguardando janela de confirmação de programação de OS...
2026-04-07 18:20:38,020 - INFO - 🟨 Janela de confirmação de programação de OS detectada
2026-04-07 18:20:51,301 - INFO - 🟨 Janela de aviso de edição de OS programadas detectada
2026-04-07 18:20:55,510 - INFO - ⌛ aguardando janela de programação de lote de OS...
2026-04-07 18:21:16,027 - INFO - 🟨 Janela de aviso de substituição de lote de OS detectada
2026-04-07 18:21:22,236 - INFO - ⌛ aguardando janela de programação de lote de OS...
2026-04-07 18:21:42,762 - INFO - 🟨 Janela de aviso de substituição de lote de OS detectada
2026-04-07 18:21:48,975 - INFO - ⌛ aguardando janela de programação de lote de OS...
2026-04-07 18:21:49,102 - INFO - 🟨 Identificado travamento no EQM, reiniciando contador de espera
2026-04-07 18:22:09,508 - INFO - 🟨 Janela de programação de lote de OS detectada
2026-04-07 18:22:59,027 - INFO - 🟨 Janela de confirmação de programação de lote de OS detectada
2026-04-07 18:23:03,278 - INFO - ⌛ aguardando confirmação final de programação do lote
2026-04-07 18:23:23,770 - INFO - ⌛ aguardando confirmação final de programação do lote
2026-04-07 18:23:44,293 - INFO - 🟨 programação do lote 4 efetuado com sucesso
2026-04-07 18:23:54,406 - INFO - 
=== Iniciando lote 5/19 [LM] ===
2026-04-07 18:23:54,406 - INFO - 
=== abrir_janela_selecao ===
2026-04-07 18:24:00,731 - INFO - 
=== rotina abrir_selecao_colar_os ===
2026-04-07 18:24:00,787 - INFO - Janela de seleção aberta
2026-04-07 18:24:05,037 - INFO - DEBUG: idx=4, inicio=100, fim=125
2026-04-07 18:24:05,037 - INFO - ✅ 25 OS copiadas para a área de transferência.
2026-04-07 18:24:05,037 - INFO - 📋 Lote 5 copiado.
2026-04-07 18:24:13,418 - INFO - ⌛ Esperando mudança visual...
2026-04-07 18:24:14,439 - INFO - ⌛ Esperando mudança visual...
2026-04-07 18:24:15,456 - INFO - ⌛ Esperando mudança visual...
2026-04-07 18:24:16,473 - INFO - ⌛ Esperando mudança visual...
2026-04-07 18:24:17,491 - INFO - ⌛ Esperando mudança visual...
2026-04-07 18:24:18,504 - INFO - ⌛ Esperando mudança visual...
2026-04-07 18:24:19,519 - INFO - ⌛ Esperando mudança visual...
2026-04-07 18:24:20,534 - INFO - ⌛ Esperando mudança visual...
2026-04-07 18:24:21,551 - INFO - ⌛ Esperando mudança visual...
2026-04-07 18:24:22,569 - INFO - ✅ Tela carregada!
2026-04-07 18:24:26,571 - INFO - 
=== rotina desbloquear_os ===
2026-04-07 18:24:33,074 - INFO - ⌛ Aguardando janela de confirmação de desbloqueio...
2026-04-07 18:24:48,526 - INFO - 🟨 Registros desbloqueados com sucesso
2026-04-07 18:24:52,629 - INFO - 
=== rotina editar_os ===
2026-04-07 18:25:02,040 - INFO - 🟨 OS programadas detectadas
2026-04-07 18:25:05,145 - INFO - ⌛ Aguardando janela de edição de OS...
2026-04-07 18:25:20,621 - INFO - 🟨 Janela de edição de OS detectada
2026-04-07 18:25:42,005 - INFO - 🟨 Janela de edição de habilidade da turma detectada
2026-04-07 18:27:00,340 - INFO - ⌛ Aguardando detecção do campo de caracteristica 'EQUIPE PRÓPRIA OU EPS' ...
2026-04-07 18:27:19,704 - INFO - 🟨 campo de caracteristica 'EQUIPE PRÓPRIA OU EPS detectado
2026-04-07 18:27:41,508 - INFO - ⌛ Aguardando confirmação 4 - editar OS...
2026-04-07 18:27:56,985 - INFO - 🟨 Janela de confirmação 4 de edição de OS detectada
2026-04-07 18:28:01,089 - INFO - 
=== rotina programar_os ===
2026-04-07 18:28:27,619 - INFO - ⌛ Aguardando janela de confirmação de programação de OS...
2026-04-07 18:28:48,125 - INFO - 🟨 Janela de confirmação de programação de OS detectada
2026-04-07 18:29:01,411 - INFO - 🟨 Janela de aviso de edição de OS programadas detectada
2026-04-07 18:29:05,629 - INFO - ⌛ aguardando janela de programação de lote de OS...
2026-04-07 18:29:26,165 - INFO - 🟨 Janela de aviso de substituição de lote de OS detectada
2026-04-07 18:29:32,387 - INFO - ⌛ aguardando janela de programação de lote de OS...
2026-04-07 18:29:52,923 - INFO - 🟨 Janela de aviso de substituição de lote de OS detectada
2026-04-07 18:29:59,139 - INFO - ⌛ aguardando janela de programação de lote de OS...
2026-04-07 18:29:59,272 - INFO - 🟨 Identificado travamento no EQM, reiniciando contador de espera
2026-04-07 18:30:19,677 - INFO - 🟨 Janela de programação de lote de OS detectada
2026-04-07 18:31:09,211 - INFO - 🟨 Janela de confirmação de programação de lote de OS detectada
2026-04-07 18:31:13,440 - INFO - ⌛ aguardando confirmação final de programação do lote
2026-04-07 18:31:33,966 - INFO - 🟨 programação do lote 5 efetuado com sucesso
2026-04-07 18:31:44,078 - INFO - 
=== Iniciando lote 6/19 [LM] ===
2026-04-07 18:31:44,078 - INFO - 
=== abrir_janela_selecao ===
2026-04-07 18:31:50,394 - INFO - 
=== rotina abrir_selecao_colar_os ===
2026-04-07 18:31:50,460 - INFO - Janela de seleção aberta
2026-04-07 18:31:54,701 - INFO - DEBUG: idx=5, inicio=125, fim=150
2026-04-07 18:31:54,701 - INFO - ✅ 25 OS copiadas para a área de transferência.
2026-04-07 18:31:54,701 - INFO - 📋 Lote 6 copiado.
2026-04-07 18:32:03,024 - INFO - ⌛ Esperando mudança visual...
2026-04-07 18:32:04,047 - INFO - ⌛ Esperando mudança visual...
2026-04-07 18:32:05,061 - INFO - ⌛ Esperando mudança visual...
2026-04-07 18:32:06,076 - INFO - ⌛ Esperando mudança visual...
2026-04-07 18:32:07,092 - INFO - ⌛ Esperando mudança visual...
2026-04-07 18:32:08,108 - INFO - ⌛ Esperando mudança visual...
2026-04-07 18:32:09,123 - INFO - ⌛ Esperando mudança visual...
2026-04-07 18:32:10,137 - INFO - ⌛ Esperando mudança visual...
2026-04-07 18:32:11,157 - INFO - ⌛ Esperando mudança visual...
2026-04-07 18:32:12,168 - INFO - ✅ Tela carregada!
2026-04-07 18:32:16,170 - INFO - 
=== rotina desbloquear_os ===
2026-04-07 18:32:22,659 - INFO - ⌛ Aguardando janela de confirmação de desbloqueio...
2026-04-07 18:32:38,113 - INFO - 🟨 Registros desbloqueados com sucesso
2026-04-07 18:32:42,217 - INFO - 
=== rotina editar_os ===
2026-04-07 18:32:51,643 - INFO - ⌛ Aguardando janela de edição de OS...
2026-04-07 18:33:07,094 - INFO - 🟨 OS programadas detectadas
2026-04-07 18:33:10,198 - INFO - ⌛ Aguardando janela de edição de OS...
2026-04-07 18:33:25,643 - INFO - 🟨 Janela de edição de OS detectada
2026-04-07 18:33:47,001 - INFO - 🟨 Janela de edição de habilidade da turma detectada
2026-04-07 18:35:05,319 - INFO - ⌛ Aguardando detecção do campo de caracteristica 'EQUIPE PRÓPRIA OU EPS' ...
2026-04-07 18:35:24,682 - INFO - 🟨 campo de caracteristica 'EQUIPE PRÓPRIA OU EPS detectado
2026-04-07 18:35:46,518 - INFO - ⌛ Aguardando confirmação 4 - editar OS...
2026-04-07 18:36:01,975 - INFO - ⌛ Aguardando confirmação 4 - editar OS...
2026-04-07 18:36:17,477 - INFO - 🟨 Janela de confirmação 4 de edição de OS detectada
2026-04-07 18:36:21,593 - INFO - 
=== rotina programar_os ===
2026-04-07 18:36:48,124 - INFO - ⌛ Aguardando janela de confirmação de programação de OS...
2026-04-07 18:37:08,471 - INFO - 🟨 Janela de confirmação de programação de OS detectada
2026-04-07 18:37:21,725 - INFO - 🟨 Janela de aviso de edição de OS programadas detectada
2026-04-07 18:37:25,945 - INFO - ⌛ aguardando janela de programação de lote de OS...
2026-04-07 18:37:46,427 - INFO - 🟨 Janela de aviso de substituição de lote de OS detectada
2026-04-07 18:37:52,636 - INFO - ⌛ aguardando janela de programação de lote de OS...
2026-04-07 18:38:13,125 - INFO - ⌛ aguardando janela de programação de lote de OS...
2026-04-07 18:38:13,373 - INFO - 🟨 Identificado falha no EQM
2026-04-07 18:38:13,373 - INFO - Capturando print...
2026-04-07 18:38:49,959 - INFO - ⌛ Aguardando janela de confirmação de programação de OS...
2026-04-07 18:39:10,296 - INFO - 🟨 Janela de confirmação de programação de OS detectada
2026-04-07 18:39:23,563 - INFO - 🟨 Janela de aviso de edição de OS programadas detectada
2026-04-07 18:39:27,773 - INFO - ⌛ aguardando janela de programação de lote de OS...
2026-04-07 18:39:48,261 - INFO - 🟨 Janela de aviso de substituição de lote de OS detectada
2026-04-07 18:39:54,481 - INFO - ⌛ aguardando janela de programação de lote de OS...
2026-04-07 18:40:14,997 - INFO - 🟨 Janela de programação de lote de OS detectada
2026-04-07 18:41:04,492 - INFO - 🟨 Janela de confirmação de programação de lote de OS detectada
2026-04-07 18:41:08,712 - INFO - ⌛ aguardando confirmação final de programação do lote
2026-04-07 18:41:29,190 - INFO - ⌛ aguardando confirmação final de programação do lote
2026-04-07 18:41:49,649 - INFO - 🟨 programação do lote 6 efetuado com sucesso
2026-04-07 18:41:59,761 - INFO - 
=== Iniciando lote 7/19 [LM] ===
2026-04-07 18:41:59,761 - INFO - 
=== abrir_janela_selecao ===
2026-04-07 18:42:06,072 - INFO - 
=== rotina abrir_selecao_colar_os ===
2026-04-07 18:42:06,128 - INFO - Janela de seleção aberta
2026-04-07 18:42:10,378 - INFO - DEBUG: idx=6, inicio=150, fim=175
2026-04-07 18:42:10,378 - INFO - ✅ 25 OS copiadas para a área de transferência.
2026-04-07 18:42:10,378 - INFO - 📋 Lote 7 copiado.
2026-04-07 18:42:18,702 - INFO - ⌛ Esperando mudança visual...
2026-04-07 18:42:19,728 - INFO - ⌛ Esperando mudança visual...
2026-04-07 18:42:20,734 - INFO - ⌛ Esperando mudança visual...
2026-04-07 18:42:21,765 - INFO - ⌛ Esperando mudança visual...
2026-04-07 18:42:22,781 - INFO - ⌛ Esperando mudança visual...
2026-04-07 18:42:23,798 - INFO - ⌛ Esperando mudança visual...
2026-04-07 18:42:24,814 - INFO - ⌛ Esperando mudança visual...
2026-04-07 18:42:25,829 - INFO - ⌛ Esperando mudança visual...
2026-04-07 18:42:26,845 - INFO - ✅ Tela carregada!
2026-04-07 18:42:30,851 - INFO - 
=== rotina desbloquear_os ===
2026-04-07 18:42:37,316 - INFO - ⌛ Aguardando janela de confirmação de desbloqueio...
2026-04-07 18:42:52,798 - INFO - 🟨 Registros desbloqueados com sucesso
2026-04-07 18:42:56,905 - INFO - 
=== rotina editar_os ===
2026-04-07 18:43:06,302 - INFO - ⌛ Aguardando janela de edição de OS...
2026-04-07 18:43:21,756 - INFO - 🟨 OS programadas detectadas
2026-04-07 18:43:24,861 - INFO - ⌛ Aguardando janela de edição de OS...
2026-04-07 18:43:40,296 - INFO - 🟨 Janela de edição de OS detectada
2026-04-07 18:44:01,675 - INFO - 🟨 Janela de edição de habilidade da turma detectada
2026-04-07 18:45:19,999 - INFO - ⌛ Aguardando detecção do campo de caracteristica 'EQUIPE PRÓPRIA OU EPS' ...
2026-04-07 18:45:39,366 - INFO - 🟨 campo de caracteristica 'EQUIPE PRÓPRIA OU EPS detectado
2026-04-07 18:46:01,128 - INFO - ⌛ Aguardando confirmação 4 - editar OS...
2026-04-07 18:46:16,607 - INFO - ⌛ Aguardando confirmação 4 - editar OS...
2026-04-07 18:46:32,056 - INFO - ⌛ Aguardando confirmação 4 - editar OS...
2026-04-07 18:46:47,523 - INFO - 🟨 Janela de confirmação 4 de edição de OS detectada
2026-04-07 18:46:51,633 - INFO - 
=== rotina programar_os ===
2026-04-07 18:47:18,187 - INFO - ⌛ Aguardando janela de confirmação de programação de OS...
2026-04-07 18:47:38,554 - INFO - 🟨 Janela de confirmação de programação de OS detectada
2026-04-07 18:47:51,847 - INFO - 🟨 Janela de aviso de edição de OS programadas detectada
2026-04-07 18:47:56,062 - INFO - ⌛ aguardando janela de programação de lote de OS...
2026-04-07 18:48:16,596 - INFO - 🟨 Janela de aviso de substituição de lote de OS detectada
2026-04-07 18:48:22,815 - INFO - ⌛ aguardando janela de programação de lote de OS...
2026-04-07 18:48:43,304 - INFO - 🟨 Janela de programação de lote de OS detectada
2026-04-07 18:49:32,822 - INFO - 🟨 Janela de confirmação de programação de lote de OS detectada
2026-04-07 18:49:37,031 - INFO - ⌛ aguardando confirmação final de programação do lote
2026-04-07 18:49:57,472 - INFO - ⌛ aguardando confirmação final de programação do lote
2026-04-07 18:50:17,937 - INFO - 🟨 programação do lote 7 efetuado com sucesso
2026-04-07 18:50:28,044 - INFO - 
=== Iniciando lote 8/19 [LM] ===
2026-04-07 18:50:28,044 - INFO - 
=== abrir_janela_selecao ===
2026-04-07 18:50:34,353 - INFO - 
=== rotina abrir_selecao_colar_os ===
2026-04-07 18:50:34,415 - INFO - Janela de seleção aberta
2026-04-07 18:50:38,662 - INFO - DEBUG: idx=7, inicio=175, fim=200
2026-04-07 18:50:38,662 - INFO - ✅ 25 OS copiadas para a área de transferência.
2026-04-07 18:50:38,662 - INFO - 📋 Lote 8 copiado.
2026-04-07 18:50:46,985 - INFO - ⌛ Esperando mudança visual...
2026-04-07 18:50:48,001 - INFO - ⌛ Esperando mudança visual...
2026-04-07 18:50:49,017 - INFO - ⌛ Esperando mudança visual...
2026-04-07 18:50:50,021 - INFO - ⌛ Esperando mudança visual...
2026-04-07 18:50:51,031 - INFO - ⌛ Esperando mudança visual...
2026-04-07 18:50:52,037 - INFO - ⌛ Esperando mudança visual...
2026-04-07 18:50:53,058 - INFO - ⌛ Esperando mudança visual...
2026-04-07 18:50:54,081 - INFO - ⌛ Esperando mudança visual...
2026-04-07 18:50:55,093 - INFO - ✅ Tela carregada!
2026-04-07 18:50:59,094 - INFO - 
=== rotina desbloquear_os ===
2026-04-07 18:51:05,564 - INFO - ⌛ Aguardando janela de confirmação de desbloqueio...
2026-04-07 18:51:20,984 - INFO - 🟨 Registros desbloqueados com sucesso
2026-04-07 18:51:25,093 - INFO - 
=== rotina editar_os ===
2026-04-07 18:51:34,493 - INFO - ⌛ Aguardando janela de edição de OS...
2026-04-07 18:51:49,971 - INFO - 🟨 OS programadas detectadas
2026-04-07 18:51:53,077 - INFO - ⌛ Aguardando janela de edição de OS...
2026-04-07 18:52:08,530 - INFO - 🟨 Janela de edição de OS detectada
2026-04-07 18:52:29,886 - INFO - 🟨 Janela de edição de habilidade da turma detectada
2026-04-07 18:53:48,185 - INFO - ⌛ Aguardando detecção do campo de caracteristica 'EQUIPE PRÓPRIA OU EPS' ...
2026-04-07 18:54:07,551 - INFO - 🟨 campo de caracteristica 'EQUIPE PRÓPRIA OU EPS detectado
2026-04-07 18:54:29,356 - INFO - ⌛ Aguardando confirmação 4 - editar OS...
2026-04-07 18:54:44,783 - INFO - ⌛ Aguardando confirmação 4 - editar OS...
2026-04-07 18:55:00,241 - INFO - 🟨 Janela de confirmação 4 de edição de OS detectada
2026-04-07 18:55:04,356 - INFO - 
=== rotina programar_os ===
2026-04-07 18:55:30,886 - INFO - ⌛ Aguardando janela de confirmação de programação de OS...
2026-04-07 18:55:51,274 - INFO - 🟨 Janela de confirmação de programação de OS detectada
2026-04-07 18:56:04,573 - INFO - 🟨 Janela de aviso de edição de OS programadas detectada
2026-04-07 18:56:08,789 - INFO - ⌛ aguardando janela de programação de lote de OS...
2026-04-07 18:56:29,296 - INFO - 🟨 Janela de aviso de substituição de lote de OS detectada
2026-04-07 18:56:35,517 - INFO - ⌛ aguardando janela de programação de lote de OS...
2026-04-07 18:56:56,040 - INFO - 🟨 Janela de programação de lote de OS detectada
2026-04-07 18:57:45,638 - INFO - 🟨 Janela de confirmação de programação de lote de OS detectada
2026-04-07 18:57:49,843 - INFO - ⌛ aguardando confirmação final de programação do lote
2026-04-07 18:58:10,281 - INFO - 🟨 programação do lote 8 efetuado com sucesso
2026-04-07 18:58:20,393 - INFO - 
=== Iniciando lote 9/19 [LM] ===
2026-04-07 18:58:20,393 - INFO - 
=== abrir_janela_selecao ===
2026-04-07 18:58:26,705 - INFO - 
=== rotina abrir_selecao_colar_os ===
2026-04-07 18:58:26,762 - INFO - Janela de seleção aberta
2026-04-07 18:58:30,991 - INFO - DEBUG: idx=8, inicio=200, fim=225
2026-04-07 18:58:30,991 - INFO - ✅ 25 OS copiadas para a área de transferência.
2026-04-07 18:58:30,991 - INFO - 📋 Lote 9 copiado.
2026-04-07 18:58:39,348 - INFO - ⌛ Esperando mudança visual...
2026-04-07 18:58:40,369 - INFO - ⌛ Esperando mudança visual...
2026-04-07 18:58:41,382 - INFO - ⌛ Esperando mudança visual...
2026-04-07 18:58:42,411 - INFO - ⌛ Esperando mudança visual...
2026-04-07 18:58:43,433 - INFO - ⌛ Esperando mudança visual...
2026-04-07 18:58:44,445 - INFO - ⌛ Esperando mudança visual...
2026-04-07 18:58:45,489 - INFO - ⌛ Esperando mudança visual...
2026-04-07 18:58:46,508 - INFO - ⌛ Esperando mudança visual...
2026-04-07 18:58:47,517 - INFO - ⌛ Esperando mudança visual...
2026-04-07 18:58:48,530 - INFO - ✅ Tela carregada!
2026-04-07 18:58:52,533 - INFO - 
=== rotina desbloquear_os ===
2026-04-07 18:58:58,992 - INFO - ⌛ Aguardando janela de confirmação de desbloqueio...
2026-04-07 18:59:14,455 - INFO - 🟨 Registros desbloqueados com sucesso
2026-04-07 18:59:18,560 - INFO - 
=== rotina editar_os ===
2026-04-07 18:59:27,964 - INFO - ⌛ Aguardando janela de edição de OS...
2026-04-07 18:59:43,408 - INFO - 🟨 OS programadas detectadas
2026-04-07 18:59:46,526 - INFO - ⌛ Aguardando janela de edição de OS...
2026-04-07 19:00:01,994 - INFO - 🟨 Janela de edição de OS detectada
2026-04-07 19:00:23,359 - INFO - 🟨 Janela de edição de habilidade da turma detectada
2026-04-07 19:01:41,709 - INFO - ⌛ Aguardando detecção do campo de caracteristica 'EQUIPE PRÓPRIA OU EPS' ...
2026-04-07 19:02:01,057 - INFO - 🟨 campo de caracteristica 'EQUIPE PRÓPRIA OU EPS detectado
2026-04-07 19:02:22,838 - INFO - ⌛ Aguardando confirmação 4 - editar OS...
2026-04-07 19:02:38,338 - INFO - ⌛ Aguardando confirmação 4 - editar OS...
2026-04-07 19:02:53,879 - INFO - ⌛ Aguardando confirmação 4 - editar OS...
2026-04-07 19:03:09,342 - INFO - 🟨 Janela de confirmação 4 de edição de OS detectada
2026-04-07 19:03:13,452 - INFO - 
=== rotina programar_os ===
2026-04-07 19:03:39,965 - INFO - ⌛ Aguardando janela de confirmação de programação de OS...
2026-04-07 19:04:00,317 - INFO - 🟨 Janela de confirmação de programação de OS detectada
2026-04-07 19:04:13,595 - INFO - 🟨 Janela de aviso de edição de OS programadas detectada
2026-04-07 19:04:17,804 - INFO - ⌛ aguardando janela de programação de lote de OS...
2026-04-07 19:04:38,329 - INFO - 🟨 Janela de aviso de substituição de lote de OS detectada
2026-04-07 19:04:44,538 - INFO - ⌛ aguardando janela de programação de lote de OS...
2026-04-07 19:05:05,042 - INFO - 🟨 Janela de programação de lote de OS detectada
2026-04-07 19:05:54,581 - INFO - 🟨 Janela de confirmação de programação de lote de OS detectada
2026-04-07 19:05:58,807 - INFO - ⌛ aguardando confirmação final de programação do lote
2026-04-07 19:06:19,298 - INFO - 🟨 programação do lote 9 efetuado com sucesso
2026-04-07 19:06:29,408 - INFO - 
=== Iniciando lote 10/19 [LM] ===
2026-04-07 19:06:29,408 - INFO - 
=== abrir_janela_selecao ===
2026-04-07 19:06:35,719 - INFO - 
=== rotina abrir_selecao_colar_os ===
2026-04-07 19:06:35,782 - INFO - Janela de seleção aberta
2026-04-07 19:06:40,024 - INFO - DEBUG: idx=9, inicio=225, fim=250
2026-04-07 19:06:40,024 - INFO - ✅ 25 OS copiadas para a área de transferência.
2026-04-07 19:06:40,024 - INFO - 📋 Lote 10 copiado.
2026-04-07 19:06:48,360 - INFO - ⌛ Esperando mudança visual...
2026-04-07 19:06:49,385 - INFO - ⌛ Esperando mudança visual...
2026-04-07 19:06:50,403 - INFO - ⌛ Esperando mudança visual...
2026-04-07 19:06:51,415 - INFO - ⌛ Esperando mudança visual...
2026-04-07 19:06:52,436 - INFO - ⌛ Esperando mudança visual...
2026-04-07 19:06:53,451 - INFO - ⌛ Esperando mudança visual...
2026-04-07 19:06:54,467 - INFO - ⌛ Esperando mudança visual...
2026-04-07 19:06:55,493 - INFO - ⌛ Esperando mudança visual...
2026-04-07 19:06:56,508 - INFO - ⌛ Esperando mudança visual...
2026-04-07 19:06:57,526 - INFO - ✅ Tela carregada!
2026-04-07 19:07:01,536 - INFO - 
=== rotina desbloquear_os ===
2026-04-07 19:07:08,021 - INFO - ⌛ Aguardando janela de confirmação de desbloqueio...
2026-04-07 19:07:23,470 - INFO - 🟨 Registros desbloqueados com sucesso
2026-04-07 19:07:27,578 - INFO - 
=== rotina editar_os ===
2026-04-07 19:07:37,002 - INFO - ⌛ Aguardando janela de edição de OS...
2026-04-07 19:07:52,478 - INFO - 🟨 OS programadas detectadas
2026-04-07 19:07:55,587 - INFO - ⌛ Aguardando janela de edição de OS...
2026-04-07 19:08:11,048 - INFO - 🟨 Janela de edição de OS detectada
2026-04-07 19:08:32,411 - INFO - 🟨 Janela de edição de habilidade da turma detectada
2026-04-07 19:09:50,716 - INFO - ⌛ Aguardando detecção do campo de caracteristica 'EQUIPE PRÓPRIA OU EPS' ...
2026-04-07 19:10:10,071 - INFO - 🟨 campo de caracteristica 'EQUIPE PRÓPRIA OU EPS detectado
2026-04-07 19:10:31,907 - INFO - ⌛ Aguardando confirmação 4 - editar OS...
2026-04-07 19:10:47,373 - INFO - ⌛ Aguardando confirmação 4 - editar OS...
2026-04-07 19:11:02,931 - INFO - ⌛ Aguardando confirmação 4 - editar OS...
2026-04-07 19:11:18,461 - INFO - 🟨 Janela de confirmação 4 de edição de OS detectada
2026-04-07 19:11:22,569 - INFO - 
=== rotina programar_os ===
2026-04-07 19:11:49,155 - INFO - ⌛ Aguardando janela de confirmação de programação de OS...
2026-04-07 19:12:09,594 - INFO - 🟨 Janela de confirmação de programação de OS detectada
2026-04-07 19:12:22,866 - INFO - 🟨 Janela de aviso de edição de OS programadas detectada
2026-04-07 19:12:27,083 - INFO - ⌛ aguardando janela de programação de lote de OS...
2026-04-07 19:12:47,617 - INFO - 🟨 Janela de aviso de substituição de lote de OS detectada
2026-04-07 19:12:53,826 - INFO - ⌛ aguardando janela de programação de lote de OS...
2026-04-07 19:13:14,346 - INFO - 🟨 Janela de programação de lote de OS detectada
2026-04-07 19:14:03,908 - INFO - 🟨 Janela de confirmação de programação de lote de OS detectada
2026-04-07 19:14:08,139 - INFO - ⌛ aguardando confirmação final de programação do lote
2026-04-07 19:14:28,639 - INFO - 🟨 programação do lote 10 efetuado com sucesso
2026-04-07 19:14:38,746 - INFO - 
=== Iniciando lote 11/19 [LM] ===
2026-04-07 19:14:38,746 - INFO - 
=== abrir_janela_selecao ===
2026-04-07 19:14:45,055 - INFO - 
=== rotina abrir_selecao_colar_os ===
2026-04-07 19:14:45,117 - INFO - Janela de seleção aberta
2026-04-07 19:14:49,344 - INFO - DEBUG: idx=10, inicio=250, fim=275
2026-04-07 19:14:49,344 - INFO - ✅ 25 OS copiadas para a área de transferência.
2026-04-07 19:14:49,344 - INFO - 📋 Lote 11 copiado.
2026-04-07 19:14:57,684 - INFO - ⌛ Esperando mudança visual...
2026-04-07 19:14:58,704 - INFO - ⌛ Esperando mudança visual...
2026-04-07 19:14:59,716 - INFO - ⌛ Esperando mudança visual...
2026-04-07 19:15:00,733 - INFO - ⌛ Esperando mudança visual...
2026-04-07 19:15:01,757 - INFO - ⌛ Esperando mudança visual...
2026-04-07 19:15:02,768 - INFO - ⌛ Esperando mudança visual...
2026-04-07 19:15:03,781 - INFO - ⌛ Esperando mudança visual...
2026-04-07 19:15:04,804 - INFO - ⌛ Esperando mudança visual...
2026-04-07 19:15:05,812 - INFO - ⌛ Esperando mudança visual...
2026-04-07 19:15:06,828 - INFO - ✅ Tela carregada!
2026-04-07 19:15:10,839 - INFO - 
=== rotina desbloquear_os ===
2026-04-07 19:15:17,303 - INFO - ⌛ Aguardando janela de confirmação de desbloqueio...
2026-04-07 19:15:32,719 - INFO - 🟨 Registros desbloqueados com sucesso
2026-04-07 19:15:36,826 - INFO - 
=== rotina editar_os ===
2026-04-07 19:15:46,234 - INFO - ⌛ Aguardando janela de edição de OS...
2026-04-07 19:16:01,686 - INFO - 🟨 OS programadas detectadas
2026-04-07 19:16:04,794 - INFO - ⌛ Aguardando janela de edição de OS...
2026-04-07 19:16:20,286 - INFO - 🟨 Janela de edição de OS detectada
2026-04-07 19:16:41,638 - INFO - 🟨 Janela de edição de habilidade da turma detectada
2026-04-07 19:17:59,975 - INFO - ⌛ Aguardando detecção do campo de caracteristica 'EQUIPE PRÓPRIA OU EPS' ...
2026-04-07 19:18:19,323 - INFO - 🟨 campo de caracteristica 'EQUIPE PRÓPRIA OU EPS detectado
2026-04-07 19:18:41,113 - INFO - ⌛ Aguardando confirmação 4 - editar OS...
2026-04-07 19:18:56,596 - INFO - ⌛ Aguardando confirmação 4 - editar OS...
2026-04-07 19:19:12,069 - INFO - ⌛ Aguardando confirmação 4 - editar OS...
2026-04-07 19:19:27,516 - INFO - 🟨 Janela de confirmação 4 de edição de OS detectada
2026-04-07 19:19:31,623 - INFO - 
=== rotina programar_os ===
2026-04-07 19:19:58,140 - INFO - ⌛ Aguardando janela de confirmação de programação de OS...
2026-04-07 19:20:18,479 - INFO - 🟨 Janela de confirmação de programação de OS detectada
2026-04-07 19:20:31,734 - INFO - 🟨 Janela de aviso de edição de OS programadas detectada
2026-04-07 19:20:35,947 - INFO - ⌛ aguardando janela de programação de lote de OS...
2026-04-07 19:20:56,479 - INFO - 🟨 Janela de aviso de substituição de lote de OS detectada
2026-04-07 19:21:02,689 - INFO - ⌛ aguardando janela de programação de lote de OS...
2026-04-07 19:21:23,188 - INFO - 🟨 Janela de programação de lote de OS detectada
2026-04-07 19:22:12,731 - INFO - 🟨 Janela de confirmação de programação de lote de OS detectada
2026-04-07 19:22:16,939 - INFO - ⌛ aguardando confirmação final de programação do lote
2026-04-07 19:22:37,397 - INFO - 🟨 programação do lote 11 efetuado com sucesso
2026-04-07 19:22:47,505 - INFO - 
=== Iniciando lote 12/19 [LM] ===
2026-04-07 19:22:47,505 - INFO - 
=== abrir_janela_selecao ===
2026-04-07 19:22:53,819 - INFO - 
=== rotina abrir_selecao_colar_os ===
2026-04-07 19:22:53,869 - INFO - Janela de seleção aberta
2026-04-07 19:22:58,112 - INFO - DEBUG: idx=11, inicio=275, fim=300
2026-04-07 19:22:58,112 - INFO - ✅ 25 OS copiadas para a área de transferência.
2026-04-07 19:22:58,112 - INFO - 📋 Lote 12 copiado.
2026-04-07 19:23:06,439 - INFO - ⌛ Esperando mudança visual...
2026-04-07 19:23:07,459 - INFO - ⌛ Esperando mudança visual...
2026-04-07 19:23:08,474 - INFO - ⌛ Esperando mudança visual...
2026-04-07 19:23:09,491 - INFO - ⌛ Esperando mudança visual...
2026-04-07 19:23:10,509 - INFO - ⌛ Esperando mudança visual...
2026-04-07 19:23:11,533 - INFO - ⌛ Esperando mudança visual...
2026-04-07 19:23:12,534 - INFO - ⌛ Esperando mudança visual...
2026-04-07 19:23:13,543 - INFO - ⌛ Esperando mudança visual...
2026-04-07 19:23:14,551 - INFO - ⌛ Esperando mudança visual...
2026-04-07 19:23:15,566 - INFO - ✅ Tela carregada!
2026-04-07 19:23:19,576 - INFO - 
=== rotina desbloquear_os ===
2026-04-07 19:23:26,049 - INFO - ⌛ Aguardando janela de confirmação de desbloqueio...
2026-04-07 19:23:41,455 - INFO - 🟨 Registros desbloqueados com sucesso
2026-04-07 19:23:45,564 - INFO - 
=== rotina editar_os ===
2026-04-07 19:23:54,968 - INFO - ⌛ Aguardando janela de edição de OS...
2026-04-07 19:24:10,430 - INFO - 🟨 OS programadas detectadas
2026-04-07 19:24:13,544 - INFO - ⌛ Aguardando janela de edição de OS...
2026-04-07 19:24:29,105 - INFO - 🟨 Janela de edição de OS detectada
2026-04-07 19:24:50,450 - INFO - 🟨 Janela de edição de habilidade da turma detectada
2026-04-07 19:26:08,756 - INFO - ⌛ Aguardando detecção do campo de caracteristica 'EQUIPE PRÓPRIA OU EPS' ...
2026-04-07 19:26:28,117 - INFO - 🟨 campo de caracteristica 'EQUIPE PRÓPRIA OU EPS detectado
2026-04-07 19:26:49,908 - INFO - ⌛ Aguardando confirmação 4 - editar OS...
2026-04-07 19:27:05,346 - INFO - ⌛ Aguardando confirmação 4 - editar OS...
2026-04-07 19:27:20,821 - INFO - ⌛ Aguardando confirmação 4 - editar OS...
2026-04-07 19:27:36,314 - INFO - 🟨 Janela de confirmação 4 de edição de OS detectada
2026-04-07 19:27:40,426 - INFO - 
=== rotina programar_os ===
2026-04-07 19:28:06,932 - INFO - ⌛ Aguardando janela de confirmação de programação de OS...
2026-04-07 19:28:27,256 - INFO - 🟨 Janela de confirmação de programação de OS detectada
2026-04-07 19:28:40,524 - INFO - 🟨 Janela de aviso de edição de OS programadas detectada
2026-04-07 19:28:44,732 - INFO - ⌛ aguardando janela de programação de lote de OS...
2026-04-07 19:29:05,211 - INFO - 🟨 Janela de aviso de substituição de lote de OS detectada
2026-04-07 19:29:11,427 - INFO - ⌛ aguardando janela de programação de lote de OS...
2026-04-07 19:29:31,962 - INFO - 🟨 Janela de programação de lote de OS detectada
2026-04-07 19:30:21,498 - INFO - 🟨 Janela de confirmação de programação de lote de OS detectada
2026-04-07 19:30:25,720 - INFO - ⌛ aguardando confirmação final de programação do lote
2026-04-07 19:30:46,188 - INFO - 🟨 programação do lote 12 efetuado com sucesso
2026-04-07 19:30:56,297 - INFO - 
=== Iniciando lote 13/19 [LM] ===
2026-04-07 19:30:56,297 - INFO - 
=== abrir_janela_selecao ===
2026-04-07 19:31:02,608 - INFO - 
=== rotina abrir_selecao_colar_os ===
2026-04-07 19:31:02,658 - INFO - Janela de seleção aberta
2026-04-07 19:31:06,886 - INFO - DEBUG: idx=12, inicio=300, fim=325
2026-04-07 19:31:06,886 - INFO - ✅ 25 OS copiadas para a área de transferência.
2026-04-07 19:31:06,886 - INFO - 📋 Lote 13 copiado.
2026-04-07 19:31:15,211 - INFO - ⌛ Esperando mudança visual...
2026-04-07 19:31:16,250 - INFO - ⌛ Esperando mudança visual...
2026-04-07 19:31:17,268 - INFO - ⌛ Esperando mudança visual...
2026-04-07 19:31:18,275 - INFO - ⌛ Esperando mudança visual...
2026-04-07 19:31:19,317 - INFO - ⌛ Esperando mudança visual...
2026-04-07 19:31:20,330 - INFO - ⌛ Esperando mudança visual...
2026-04-07 19:31:21,345 - INFO - ⌛ Esperando mudança visual...
2026-04-07 19:31:22,349 - INFO - ⌛ Esperando mudança visual...
2026-04-07 19:31:23,358 - INFO - ✅ Tela carregada!
2026-04-07 19:31:27,366 - INFO - 
=== rotina desbloquear_os ===
2026-04-07 19:31:33,855 - INFO - ⌛ Aguardando janela de confirmação de desbloqueio...
2026-04-07 19:31:49,301 - INFO - 🟨 Registros desbloqueados com sucesso
2026-04-07 19:31:53,406 - INFO - 
=== rotina editar_os ===
2026-04-07 19:32:02,828 - INFO - ⌛ Aguardando janela de edição de OS...
2026-04-07 19:32:18,304 - INFO - 🟨 OS programadas detectadas
2026-04-07 19:32:21,407 - INFO - ⌛ Aguardando janela de edição de OS...
2026-04-07 19:32:36,914 - INFO - 🟨 Janela de edição de OS detectada
2026-04-07 19:32:58,260 - INFO - 🟨 Janela de edição de habilidade da turma detectada
2026-04-07 19:34:16,591 - INFO - ⌛ Aguardando detecção do campo de caracteristica 'EQUIPE PRÓPRIA OU EPS' ...
2026-04-07 19:34:35,944 - INFO - 🟨 campo de caracteristica 'EQUIPE PRÓPRIA OU EPS detectado
2026-04-07 19:34:57,725 - INFO - ⌛ Aguardando confirmação 4 - editar OS...
2026-04-07 19:35:13,177 - INFO - ⌛ Aguardando confirmação 4 - editar OS...
2026-04-07 19:35:28,627 - INFO - ⌛ Aguardando confirmação 4 - editar OS...
2026-04-07 19:35:44,104 - INFO - 🟨 Janela de confirmação 4 de edição de OS detectada
2026-04-07 19:35:48,207 - INFO - 
=== rotina programar_os ===
2026-04-07 19:36:14,729 - INFO - ⌛ Aguardando janela de confirmação de programação de OS...
2026-04-07 19:36:35,083 - INFO - 🟨 Janela de confirmação de programação de OS detectada
2026-04-07 19:36:48,391 - INFO - 🟨 Janela de aviso de edição de OS programadas detectada
2026-04-07 19:36:52,598 - INFO - ⌛ aguardando janela de programação de lote de OS...
2026-04-07 19:37:13,083 - INFO - 🟨 Janela de aviso de substituição de lote de OS detectada
2026-04-07 19:37:19,296 - INFO - ⌛ aguardando janela de programação de lote de OS...
2026-04-07 19:37:39,834 - INFO - 🟨 Janela de programação de lote de OS detectada
2026-04-07 19:38:29,392 - INFO - 🟨 Janela de confirmação de programação de lote de OS detectada
2026-04-07 19:38:33,655 - INFO - ⌛ aguardando confirmação final de programação do lote
2026-04-07 19:38:54,281 - INFO - 🟨 programação do lote 13 efetuado com sucesso
2026-04-07 19:39:04,385 - INFO - 
=== Iniciando lote 14/19 [LM] ===
2026-04-07 19:39:04,385 - INFO - 
=== abrir_janela_selecao ===
2026-04-07 19:39:10,701 - INFO - 
=== rotina abrir_selecao_colar_os ===
2026-04-07 19:39:10,773 - INFO - Janela de seleção aberta
2026-04-07 19:39:15,001 - INFO - DEBUG: idx=13, inicio=325, fim=350
2026-04-07 19:39:15,001 - INFO - ✅ 25 OS copiadas para a área de transferência.
2026-04-07 19:39:15,001 - INFO - 📋 Lote 14 copiado.
2026-04-07 19:39:23,355 - INFO - ⌛ Esperando mudança visual...
2026-04-07 19:39:24,366 - INFO - ⌛ Esperando mudança visual...
2026-04-07 19:39:25,372 - INFO - ⌛ Esperando mudança visual...
2026-04-07 19:39:26,393 - INFO - ⌛ Esperando mudança visual...
2026-04-07 19:39:27,404 - INFO - ⌛ Esperando mudança visual...
2026-04-07 19:39:28,430 - INFO - ⌛ Esperando mudança visual...
2026-04-07 19:39:29,450 - INFO - ⌛ Esperando mudança visual...
2026-04-07 19:39:30,458 - INFO - ⌛ Esperando mudança visual...
2026-04-07 19:39:31,468 - INFO - ⌛ Esperando mudança visual...
2026-04-07 19:39:32,491 - INFO - ✅ Tela carregada!
2026-04-07 19:39:36,498 - INFO - 
=== rotina desbloquear_os ===
2026-04-07 19:39:42,970 - INFO - ⌛ Aguardando janela de confirmação de desbloqueio...
2026-04-07 19:39:58,435 - INFO - 🟨 Registros desbloqueados com sucesso
2026-04-07 19:40:02,541 - INFO - 
=== rotina editar_os ===
2026-04-07 19:40:11,949 - INFO - ⌛ Aguardando janela de edição de OS...
2026-04-07 19:40:27,417 - INFO - 🟨 OS programadas detectadas
2026-04-07 19:40:30,524 - INFO - ⌛ Aguardando janela de edição de OS...
2026-04-07 19:40:46,048 - INFO - 🟨 Janela de edição de OS detectada
2026-04-07 19:41:07,405 - INFO - 🟨 Janela de edição de habilidade da turma detectada
2026-04-07 19:42:25,722 - INFO - ⌛ Aguardando detecção do campo de caracteristica 'EQUIPE PRÓPRIA OU EPS' ...
2026-04-07 19:42:45,077 - INFO - 🟨 campo de caracteristica 'EQUIPE PRÓPRIA OU EPS detectado
2026-04-07 19:43:06,855 - INFO - ⌛ Aguardando confirmação 4 - editar OS...
2026-04-07 19:43:22,279 - INFO - ⌛ Aguardando confirmação 4 - editar OS...
2026-04-07 19:43:37,718 - INFO - 🟨 Janela de confirmação 4 de edição de OS detectada
2026-04-07 19:43:41,829 - INFO - 
=== rotina programar_os ===
2026-04-07 19:44:08,336 - INFO - ⌛ Aguardando janela de confirmação de programação de OS...
2026-04-07 19:44:28,721 - INFO - 🟨 Janela de confirmação de programação de OS detectada
2026-04-07 19:44:41,985 - INFO - 🟨 Janela de aviso de edição de OS programadas detectada
2026-04-07 19:44:46,202 - INFO - ⌛ aguardando janela de programação de lote de OS...
2026-04-07 19:45:06,676 - INFO - 🟨 Janela de aviso de substituição de lote de OS detectada
2026-04-07 19:45:12,891 - INFO - ⌛ aguardando janela de programação de lote de OS...
2026-04-07 19:45:33,409 - INFO - 🟨 Janela de programação de lote de OS detectada
2026-04-07 19:46:22,933 - INFO - 🟨 Janela de confirmação de programação de lote de OS detectada
2026-04-07 19:46:27,141 - INFO - ⌛ aguardando confirmação final de programação do lote
2026-04-07 19:46:47,603 - INFO - 🟨 programação do lote 14 efetuado com sucesso
2026-04-07 19:46:57,710 - INFO - 
=== Iniciando lote 15/19 [LM] ===
2026-04-07 19:46:57,710 - INFO - 
=== abrir_janela_selecao ===
2026-04-07 19:47:04,021 - INFO - 
=== rotina abrir_selecao_colar_os ===
2026-04-07 19:47:04,074 - INFO - Janela de seleção aberta
2026-04-07 19:47:08,299 - INFO - DEBUG: idx=14, inicio=350, fim=375
2026-04-07 19:47:08,299 - INFO - ✅ 25 OS copiadas para a área de transferência.
2026-04-07 19:47:08,299 - INFO - 📋 Lote 15 copiado.
2026-04-07 19:47:16,642 - INFO - ⌛ Esperando mudança visual...
2026-04-07 19:47:17,650 - INFO - ⌛ Esperando mudança visual...
2026-04-07 19:47:18,659 - INFO - ⌛ Esperando mudança visual...
2026-04-07 19:47:19,667 - INFO - ⌛ Esperando mudança visual...
2026-04-07 19:47:20,676 - INFO - ⌛ Esperando mudança visual...
2026-04-07 19:47:21,684 - INFO - ⌛ Esperando mudança visual...
2026-04-07 19:47:22,703 - INFO - ⌛ Esperando mudança visual...
2026-04-07 19:47:23,730 - INFO - ⌛ Esperando mudança visual...
2026-04-07 19:47:24,743 - INFO - ✅ Tela carregada!
2026-04-07 19:47:28,748 - INFO - 
=== rotina desbloquear_os ===
2026-04-07 19:47:35,226 - INFO - ⌛ Aguardando janela de confirmação de desbloqueio...
2026-04-07 19:47:50,630 - INFO - 🟨 Registros desbloqueados com sucesso
2026-04-07 19:47:54,748 - INFO - 
=== rotina editar_os ===
2026-04-07 19:48:04,150 - INFO - ⌛ Aguardando janela de edição de OS...
2026-04-07 19:48:19,589 - INFO - 🟨 OS programadas detectadas
2026-04-07 19:48:22,700 - INFO - ⌛ Aguardando janela de edição de OS...
2026-04-07 19:48:38,139 - INFO - 🟨 Janela de edição de OS detectada
2026-04-07 19:48:59,495 - INFO - 🟨 Janela de edição de habilidade da turma detectada
2026-04-07 19:50:17,818 - INFO - ⌛ Aguardando detecção do campo de caracteristica 'EQUIPE PRÓPRIA OU EPS' ...
2026-04-07 19:50:37,176 - INFO - 🟨 campo de caracteristica 'EQUIPE PRÓPRIA OU EPS detectado
2026-04-07 19:50:58,946 - INFO - ⌛ Aguardando confirmação 4 - editar OS...
2026-04-07 19:51:14,389 - INFO - ⌛ Aguardando confirmação 4 - editar OS...
2026-04-07 19:51:14,497 - INFO - 🟨 Identificado travamento no EQM, reiniciando contador de espera
2026-04-07 19:51:29,826 - INFO - ⌛ Aguardando confirmação 4 - editar OS...
2026-04-07 19:51:45,322 - INFO - 🟨 Janela de confirmação 4 de edição de OS detectada
2026-04-07 19:51:49,429 - INFO - 
=== rotina programar_os ===
2026-04-07 19:52:15,943 - INFO - ⌛ Aguardando janela de confirmação de programação de OS...
2026-04-07 19:52:36,310 - INFO - 🟨 Janela de confirmação de programação de OS detectada
2026-04-07 19:52:49,562 - INFO - 🟨 Janela de aviso de edição de OS programadas detectada
2026-04-07 19:52:53,785 - INFO - ⌛ aguardando janela de programação de lote de OS...
2026-04-07 19:53:14,256 - INFO - 🟨 Janela de aviso de substituição de lote de OS detectada
2026-04-07 19:53:20,474 - INFO - ⌛ aguardando janela de programação de lote de OS...
2026-04-07 19:53:40,972 - INFO - 🟨 Janela de programação de lote de OS detectada
2026-04-07 19:54:30,491 - INFO - 🟨 Janela de confirmação de programação de lote de OS detectada
2026-04-07 19:54:34,734 - INFO - ⌛ aguardando confirmação final de programação do lote
2026-04-07 19:54:55,185 - INFO - 🟨 programação do lote 15 efetuado com sucesso
2026-04-07 19:55:05,295 - INFO - 
=== Iniciando lote 16/19 [LM] ===
2026-04-07 19:55:05,295 - INFO - 
=== abrir_janela_selecao ===
2026-04-07 19:55:11,607 - INFO - 
=== rotina abrir_selecao_colar_os ===
2026-04-07 19:55:11,654 - INFO - Janela de seleção aberta
2026-04-07 19:55:15,887 - INFO - DEBUG: idx=15, inicio=375, fim=400
2026-04-07 19:55:15,887 - INFO - ✅ 25 OS copiadas para a área de transferência.
2026-04-07 19:55:15,887 - INFO - 📋 Lote 16 copiado.
2026-04-07 19:55:24,233 - INFO - ⌛ Esperando mudança visual...
2026-04-07 19:55:25,248 - INFO - ⌛ Esperando mudança visual...
2026-04-07 19:55:26,260 - INFO - ⌛ Esperando mudança visual...
2026-04-07 19:55:27,276 - INFO - ⌛ Esperando mudança visual...
2026-04-07 19:55:28,292 - INFO - ⌛ Esperando mudança visual...
2026-04-07 19:55:29,313 - INFO - ⌛ Esperando mudança visual...
2026-04-07 19:55:30,320 - INFO - ⌛ Esperando mudança visual...
2026-04-07 19:55:31,339 - INFO - ⌛ Esperando mudança visual...
2026-04-07 19:55:32,353 - INFO - ⌛ Esperando mudança visual...
2026-04-07 19:55:33,370 - INFO - ✅ Tela carregada!
2026-04-07 19:55:37,379 - INFO - 
=== rotina desbloquear_os ===
2026-04-07 19:55:43,854 - INFO - ⌛ Aguardando janela de confirmação de desbloqueio...
2026-04-07 19:55:59,253 - INFO - 🟨 Registros desbloqueados com sucesso
2026-04-07 19:56:03,366 - INFO - 
=== rotina editar_os ===
2026-04-07 19:56:12,767 - INFO - ⌛ Aguardando janela de edição de OS...
2026-04-07 19:56:28,217 - INFO - 🟨 OS programadas detectadas
2026-04-07 19:56:31,332 - INFO - ⌛ Aguardando janela de edição de OS...
2026-04-07 19:56:46,797 - INFO - 🟨 Janela de edição de OS detectada
2026-04-07 19:57:08,203 - INFO - 🟨 Janela de edição de habilidade da turma detectada
2026-04-07 19:58:26,500 - INFO - ⌛ Aguardando detecção do campo de caracteristica 'EQUIPE PRÓPRIA OU EPS' ...
2026-04-07 19:58:45,864 - INFO - 🟨 campo de caracteristica 'EQUIPE PRÓPRIA OU EPS detectado
2026-04-07 19:59:07,626 - INFO - ⌛ Aguardando confirmação 4 - editar OS...
2026-04-07 19:59:23,090 - INFO - ⌛ Aguardando confirmação 4 - editar OS...
2026-04-07 19:59:38,539 - INFO - 🟨 Janela de confirmação 4 de edição de OS detectada
2026-04-07 19:59:42,643 - INFO - 
=== rotina programar_os ===
2026-04-07 20:00:09,201 - INFO - ⌛ Aguardando janela de confirmação de programação de OS...
2026-04-07 20:00:29,640 - INFO - 🟨 Janela de confirmação de programação de OS detectada
2026-04-07 20:00:42,888 - INFO - 🟨 Janela de aviso de edição de OS programadas detectada
2026-04-07 20:00:47,100 - INFO - ⌛ aguardando janela de programação de lote de OS...
2026-04-07 20:01:07,586 - INFO - 🟨 Janela de aviso de substituição de lote de OS detectada
2026-04-07 20:01:13,794 - INFO - ⌛ aguardando janela de programação de lote de OS...
2026-04-07 20:01:34,268 - INFO - 🟨 Janela de programação de lote de OS detectada
2026-04-07 20:02:23,801 - INFO - 🟨 Janela de confirmação de programação de lote de OS detectada
2026-04-07 20:02:28,021 - INFO - ⌛ aguardando confirmação final de programação do lote
2026-04-07 20:02:48,502 - INFO - ⌛ aguardando confirmação final de programação do lote
2026-04-07 20:03:09,004 - INFO - 🟨 programação do lote 16 efetuado com sucesso
2026-04-07 20:03:19,111 - INFO - 
=== Iniciando lote 17/19 [LM] ===
2026-04-07 20:03:19,111 - INFO - 
=== abrir_janela_selecao ===
2026-04-07 20:03:25,429 - INFO - 
=== rotina abrir_selecao_colar_os ===
2026-04-07 20:03:25,497 - INFO - Janela de seleção aberta
2026-04-07 20:03:29,760 - INFO - DEBUG: idx=16, inicio=400, fim=425
2026-04-07 20:03:29,760 - INFO - ✅ 25 OS copiadas para a área de transferência.
2026-04-07 20:03:29,760 - INFO - 📋 Lote 17 copiado.
2026-04-07 20:03:38,095 - INFO - ⌛ Esperando mudança visual...
2026-04-07 20:03:39,103 - INFO - ⌛ Esperando mudança visual...
2026-04-07 20:03:40,123 - INFO - ⌛ Esperando mudança visual...
2026-04-07 20:03:41,138 - INFO - ⌛ Esperando mudança visual...
2026-04-07 20:03:42,158 - INFO - ⌛ Esperando mudança visual...
2026-04-07 20:03:43,190 - INFO - ⌛ Esperando mudança visual...
2026-04-07 20:03:44,201 - INFO - ⌛ Esperando mudança visual...
2026-04-07 20:03:45,215 - INFO - ⌛ Esperando mudança visual...
2026-04-07 20:03:46,246 - INFO - ⌛ Esperando mudança visual...
2026-04-07 20:03:47,264 - INFO - ✅ Tela carregada!
2026-04-07 20:03:51,266 - INFO - 
=== rotina desbloquear_os ===
2026-04-07 20:03:57,742 - INFO - ⌛ Aguardando janela de confirmação de desbloqueio...
2026-04-07 20:04:13,152 - INFO - ⌛ Aguardando janela de confirmação de desbloqueio...
2026-04-07 20:04:28,605 - INFO - 🟨 Registros desbloqueados com sucesso
2026-04-07 20:04:32,714 - INFO - 
=== rotina editar_os ===
2026-04-07 20:04:42,132 - INFO - ⌛ Aguardando janela de edição de OS...
2026-04-07 20:04:57,597 - INFO - 🟨 OS programadas detectadas
2026-04-07 20:05:00,701 - INFO - ⌛ Aguardando janela de edição de OS...
2026-04-07 20:05:16,139 - INFO - 🟨 Janela de edição de OS detectada
2026-04-07 20:05:37,536 - INFO - 🟨 Janela de edição de habilidade da turma detectada
2026-04-07 20:06:55,871 - INFO - ⌛ Aguardando detecção do campo de caracteristica 'EQUIPE PRÓPRIA OU EPS' ...
2026-04-07 20:07:15,235 - INFO - 🟨 campo de caracteristica 'EQUIPE PRÓPRIA OU EPS detectado
2026-04-07 20:07:37,055 - INFO - ⌛ Aguardando confirmação 4 - editar OS...
2026-04-07 20:07:52,515 - INFO - ⌛ Aguardando confirmação 4 - editar OS...
2026-04-07 20:08:08,003 - INFO - ⌛ Aguardando confirmação 4 - editar OS...
2026-04-07 20:08:23,509 - INFO - 🟨 Janela de confirmação 4 de edição de OS detectada
2026-04-07 20:08:27,613 - INFO - 
=== rotina programar_os ===
2026-04-07 20:08:54,152 - INFO - ⌛ Aguardando janela de confirmação de programação de OS...
2026-04-07 20:09:14,575 - INFO - 🟨 Janela de confirmação de programação de OS detectada
2026-04-07 20:09:27,852 - INFO - 🟨 Janela de aviso de edição de OS programadas detectada
2026-04-07 20:09:32,059 - INFO - ⌛ aguardando janela de programação de lote de OS...
2026-04-07 20:09:52,593 - INFO - 🟨 Janela de aviso de substituição de lote de OS detectada
2026-04-07 20:09:58,812 - INFO - ⌛ aguardando janela de programação de lote de OS...
2026-04-07 20:10:19,307 - INFO - 🟨 Janela de aviso de substituição de lote de OS detectada
2026-04-07 20:10:25,526 - INFO - ⌛ aguardando janela de programação de lote de OS...
2026-04-07 20:10:25,664 - INFO - 🟨 Identificado travamento no EQM, reiniciando contador de espera
2026-04-07 20:10:46,087 - INFO - ⌛ aguardando janela de programação de lote de OS...
2026-04-07 20:10:46,316 - INFO - 🟨 Identificado falha no EQM
2026-04-07 20:10:46,316 - INFO - Capturando print...
2026-04-07 20:11:22,902 - INFO - ⌛ Aguardando janela de confirmação de programação de OS...
2026-04-07 20:11:43,282 - INFO - 🟨 Janela de confirmação de programação de OS detectada
2026-04-07 20:11:56,570 - INFO - 🟨 Janela de aviso de edição de OS programadas detectada
2026-04-07 20:12:00,792 - INFO - ⌛ aguardando janela de programação de lote de OS...
2026-04-07 20:12:21,358 - INFO - 🟨 Janela de aviso de substituição de lote de OS detectada
2026-04-07 20:12:27,584 - INFO - ⌛ aguardando janela de programação de lote de OS...
2026-04-07 20:12:48,073 - INFO - 🟨 Janela de aviso de substituição de lote de OS detectada
2026-04-07 20:12:54,292 - INFO - ⌛ aguardando janela de programação de lote de OS...
2026-04-07 20:13:14,813 - INFO - 🟨 Janela de programação de lote de OS detectada
2026-04-07 20:14:04,360 - INFO - 🟨 Janela de confirmação de programação de lote de OS detectada
2026-04-07 20:14:08,616 - INFO - ⌛ aguardando confirmação final de programação do lote
2026-04-07 20:14:29,132 - INFO - 🟨 programação do lote 17 efetuado com sucesso
2026-04-07 20:14:39,243 - INFO - 
=== Iniciando lote 18/19 [LM] ===
2026-04-07 20:14:39,243 - INFO - 
=== abrir_janela_selecao ===
2026-04-07 20:14:45,556 - INFO - 
=== rotina abrir_selecao_colar_os ===
2026-04-07 20:14:45,624 - INFO - Janela de seleção aberta
2026-04-07 20:14:49,855 - INFO - DEBUG: idx=17, inicio=425, fim=450
2026-04-07 20:14:49,855 - INFO - ✅ 25 OS copiadas para a área de transferência.
2026-04-07 20:14:49,855 - INFO - 📋 Lote 18 copiado.
2026-04-07 20:14:58,200 - INFO - ⌛ Esperando mudança visual...
2026-04-07 20:14:59,221 - INFO - ⌛ Esperando mudança visual...
2026-04-07 20:15:00,235 - INFO - ⌛ Esperando mudança visual...
2026-04-07 20:15:01,245 - INFO - ⌛ Esperando mudança visual...
2026-04-07 20:15:02,282 - INFO - ⌛ Esperando mudança visual...
2026-04-07 20:15:03,298 - INFO - ⌛ Esperando mudança visual...
2026-04-07 20:15:04,314 - INFO - ⌛ Esperando mudança visual...
2026-04-07 20:15:05,331 - INFO - ⌛ Esperando mudança visual...
2026-04-07 20:15:06,345 - INFO - ⌛ Esperando mudança visual...
2026-04-07 20:15:07,361 - INFO - ⌛ Esperando mudança visual...
2026-04-07 20:15:08,387 - INFO - ✅ Tela carregada!
2026-04-07 20:15:12,391 - INFO - 
=== rotina desbloquear_os ===
2026-04-07 20:15:18,874 - INFO - ⌛ Aguardando janela de confirmação de desbloqueio...
2026-04-07 20:15:34,294 - INFO - 🟨 Registros desbloqueados com sucesso
2026-04-07 20:15:38,408 - INFO - 
=== rotina editar_os ===
2026-04-07 20:15:47,813 - INFO - ⌛ Aguardando janela de edição de OS...
2026-04-07 20:16:03,302 - INFO - 🟨 OS programadas detectadas
2026-04-07 20:16:06,412 - INFO - ⌛ Aguardando janela de edição de OS...
2026-04-07 20:16:21,888 - INFO - 🟨 Janela de edição de OS detectada
2026-04-07 20:16:43,262 - INFO - 🟨 Janela de edição de habilidade da turma detectada
2026-04-07 20:18:01,559 - INFO - ⌛ Aguardando detecção do campo de caracteristica 'EQUIPE PRÓPRIA OU EPS' ...
2026-04-07 20:18:20,914 - INFO - 🟨 campo de caracteristica 'EQUIPE PRÓPRIA OU EPS detectado
2026-04-07 20:18:42,715 - INFO - ⌛ Aguardando confirmação 4 - editar OS...
2026-04-07 20:18:58,209 - INFO - ⌛ Aguardando confirmação 4 - editar OS...
2026-04-07 20:19:13,744 - INFO - ⌛ Aguardando confirmação 4 - editar OS...
2026-04-07 20:19:29,317 - INFO - 🟨 Janela de confirmação 4 de edição de OS detectada
2026-04-07 20:19:33,425 - INFO - 
=== rotina programar_os ===
2026-04-07 20:19:59,982 - INFO - ⌛ Aguardando janela de confirmação de programação de OS...
2026-04-07 20:20:20,351 - INFO - 🟨 Janela de confirmação de programação de OS detectada
2026-04-07 20:20:33,617 - INFO - 🟨 Janela de aviso de edição de OS programadas detectada
2026-04-07 20:20:37,830 - INFO - ⌛ aguardando janela de programação de lote de OS...
2026-04-07 20:20:58,323 - INFO - 🟨 Janela de aviso de substituição de lote de OS detectada
2026-04-07 20:21:04,551 - INFO - ⌛ aguardando janela de programação de lote de OS...
2026-04-07 20:21:25,070 - INFO - ⌛ aguardando janela de programação de lote de OS...
2026-04-07 20:21:25,375 - INFO - 🟨 Identificado falha no EQM
2026-04-07 20:21:25,375 - INFO - Capturando print...
2026-04-07 20:22:01,977 - INFO - ⌛ Aguardando janela de confirmação de programação de OS...
2026-04-07 20:22:22,316 - INFO - 🟨 Janela de confirmação de programação de OS detectada
2026-04-07 20:22:35,640 - INFO - 🟨 Janela de aviso de edição de OS programadas detectada
2026-04-07 20:22:39,846 - INFO - ⌛ aguardando janela de programação de lote de OS...
2026-04-07 20:23:00,429 - INFO - 🟨 Janela de aviso de substituição de lote de OS detectada
2026-04-07 20:23:06,650 - INFO - ⌛ aguardando janela de programação de lote de OS...
2026-04-07 20:23:27,160 - INFO - 🟨 Janela de aviso de substituição de lote de OS detectada
2026-04-07 20:23:33,372 - INFO - ⌛ aguardando janela de programação de lote de OS...
2026-04-07 20:23:53,927 - INFO - ⌛ aguardando janela de programação de lote de OS...
2026-04-07 20:24:14,461 - INFO - ⌛ aguardando janela de programação de lote de OS...
2026-04-07 20:24:34,981 - INFO - ⌛ aguardando janela de programação de lote de OS...
2026-04-07 20:24:55,468 - INFO - ⌛ aguardando janela de programação de lote de OS...
2026-04-07 20:25:15,994 - INFO - ⌛ aguardando janela de programação de lote de OS...
2026-04-07 20:25:36,522 - INFO - ⌛ aguardando janela de programação de lote de OS...
2026-04-07 20:25:57,047 - INFO - ⌛ aguardando janela de programação de lote de OS...
2026-04-07 20:26:17,574 - INFO - ⌛ aguardando janela de programação de lote de OS...
2026-04-07 20:26:38,112 - INFO - ⌛ aguardando janela de programação de lote de OS...
2026-04-07 20:26:58,728 - INFO - ⌛ aguardando janela de programação de lote de OS...
2026-04-07 20:27:19,308 - INFO - ⌛ aguardando janela de programação de lote de OS...
2026-04-07 20:27:39,848 - INFO - ⌛ aguardando janela de programação de lote de OS...
2026-04-07 20:28:00,408 - INFO - ⌛ aguardando janela de programação de lote de OS...
2026-04-07 20:28:20,961 - INFO - ⌛ aguardando janela de programação de lote de OS...
2026-04-07 20:28:41,460 - INFO - ⌛ aguardando janela de programação de lote de OS...
2026-04-07 20:29:01,990 - INFO - ⌛ aguardando janela de programação de lote de OS...
2026-04-07 20:29:22,488 - INFO - ⌛ aguardando janela de programação de lote de OS...
2026-04-07 20:29:42,981 - INFO - ⌛ aguardando janela de programação de lote de OS...
2026-04-07 20:30:03,484 - INFO - ⌛ aguardando janela de programação de lote de OS...
2026-04-07 20:30:23,995 - INFO - ⌛ aguardando janela de programação de lote de OS...
2026-04-07 20:30:44,523 - INFO - ⌛ aguardando janela de programação de lote de OS...
2026-04-07 20:31:05,031 - INFO - ⌛ aguardando janela de programação de lote de OS...
2026-04-07 20:31:25,603 - INFO - ⌛ aguardando janela de programação de lote de OS...
2026-04-07 20:31:46,154 - INFO - ⌛ aguardando janela de programação de lote de OS...
2026-04-07 20:32:06,649 - INFO - ⌛ aguardando janela de programação de lote de OS...
2026-04-07 20:32:27,159 - INFO - ⌛ aguardando janela de programação de lote de OS...
2026-04-07 20:32:47,711 - INFO - ⌛ aguardando janela de programação de lote de OS...
2026-04-07 20:33:08,216 - INFO - ⌛ aguardando janela de programação de lote de OS...
2026-04-07 20:33:28,746 - INFO - ⌛ aguardando janela de programação de lote de OS...
2026-04-07 20:33:49,311 - INFO - ⌛ aguardando janela de programação de lote de OS...
2026-04-07 20:34:09,858 - INFO - ⌛ aguardando janela de programação de lote de OS...
2026-04-07 20:34:30,406 - INFO - ⌛ aguardando janela de programação de lote de OS...
2026-04-07 20:34:50,959 - INFO - ⌛ aguardando janela de programação de lote de OS...
2026-04-07 20:35:11,477 - INFO - ⌛ aguardando janela de programação de lote de OS...
2026-04-07 20:35:32,057 - INFO - ⌛ aguardando janela de programação de lote de OS...
2026-04-07 20:35:52,609 - INFO - ⌛ aguardando janela de programação de lote de OS...
2026-04-07 20:36:13,149 - INFO - ⌛ aguardando janela de programação de lote de OS...
2026-04-07 20:36:33,697 - INFO - ⌛ aguardando janela de programação de lote de OS...
2026-04-07 20:36:54,224 - INFO - ⌛ aguardando janela de programação de lote de OS...
2026-04-07 20:37:14,803 - INFO - ⌛ aguardando janela de programação de lote de OS...
2026-04-07 20:37:35,302 - INFO - ⌛ aguardando janela de programação de lote de OS...
2026-04-07 20:37:55,843 - INFO - ⌛ aguardando janela de programação de lote de OS...
2026-04-07 20:38:16,379 - INFO - ⌛ aguardando janela de programação de lote de OS...
2026-04-07 20:38:36,925 - INFO - ⌛ aguardando janela de programação de lote de OS...
2026-04-07 20:38:57,440 - INFO - ⌛ aguardando janela de programação de lote de OS...
2026-04-07 20:39:17,927 - INFO - ⌛ aguardando janela de programação de lote de OS...
2026-04-07 20:39:38,454 - INFO - ⌛ aguardando janela de programação de lote de OS...
2026-04-07 20:39:58,973 - INFO - ⌛ aguardando janela de programação de lote de OS...
2026-04-07 20:40:19,496 - INFO - ⌛ aguardando janela de programação de lote de OS...
2026-04-07 20:40:40,053 - INFO - ⌛ aguardando janela de programação de lote de OS...
2026-04-07 20:41:00,594 - INFO - ⌛ aguardando janela de programação de lote de OS...
2026-04-07 20:41:21,144 - INFO - ⌛ aguardando janela de programação de lote de OS...
2026-04-07 20:41:41,681 - INFO - ⌛ aguardando janela de programação de lote de OS...
2026-04-07 20:42:02,230 - INFO - ⌛ aguardando janela de programação de lote de OS...
2026-04-07 20:42:22,766 - INFO - ⌛ aguardando janela de programação de lote de OS...
2026-04-07 20:42:43,338 - INFO - ⌛ aguardando janela de programação de lote de OS...
2026-04-07 20:43:03,863 - INFO - ⌛ aguardando janela de programação de lote de OS...
2026-04-07 20:43:24,415 - INFO - ⌛ aguardando janela de programação de lote de OS...
2026-04-07 20:43:44,940 - INFO - ⌛ aguardando janela de programação de lote de OS...
2026-04-07 20:44:05,462 - INFO - ⌛ aguardando janela de programação de lote de OS...
2026-04-07 20:44:25,999 - INFO - ⌛ aguardando janela de programação de lote de OS...
2026-04-07 20:44:46,564 - INFO - ⌛ aguardando janela de programação de lote de OS...
2026-04-07 20:45:07,085 - INFO - ⌛ aguardando janela de programação de lote de OS...
2026-04-07 20:45:27,670 - INFO - ⌛ aguardando janela de programação de lote de OS...
2026-04-07 20:45:48,197 - INFO - ⌛ aguardando janela de programação de lote de OS...
2026-04-07 20:46:08,719 - INFO - ⌛ aguardando janela de programação de lote de OS...
2026-04-07 20:46:29,255 - INFO - ⌛ aguardando janela de programação de lote de OS...
2026-04-07 20:46:49,839 - INFO - ⌛ aguardando janela de programação de lote de OS...
2026-04-07 20:47:10,364 - INFO - ⌛ aguardando janela de programação de lote de OS...
2026-04-07 20:47:30,922 - INFO - ⌛ aguardando janela de programação de lote de OS...
2026-04-07 20:47:51,457 - INFO - ⌛ aguardando janela de programação de lote de OS...
2026-04-07 20:48:11,957 - INFO - ⌛ aguardando janela de programação de lote de OS...
2026-04-07 20:48:32,518 - INFO - ⌛ aguardando janela de programação de lote de OS...
2026-04-07 20:48:53,049 - INFO - ⌛ aguardando janela de programação de lote de OS...
2026-04-07 20:49:13,574 - INFO - ⌛ aguardando janela de programação de lote de OS...
2026-04-07 20:49:34,112 - INFO - ⌛ aguardando janela de programação de lote de OS...
2026-04-07 20:49:54,640 - INFO - ⌛ aguardando janela de programação de lote de OS...
2026-04-07 20:50:15,240 - INFO - ⌛ aguardando janela de programação de lote de OS...
2026-04-07 20:50:35,899 - INFO - ⌛ aguardando janela de programação de lote de OS...
2026-04-07 20:50:56,409 - INFO - ⌛ aguardando janela de programação de lote de OS...
2026-04-07 20:51:16,990 - INFO - ⌛ aguardando janela de programação de lote de OS...
2026-04-07 20:51:37,489 - INFO - ⌛ aguardando janela de programação de lote de OS...
2026-04-07 20:51:57,966 - INFO - ⌛ aguardando janela de programação de lote de OS...
2026-04-07 20:52:18,494 - INFO - ⌛ aguardando janela de programação de lote de OS...
2026-04-07 20:52:39,065 - INFO - verificando janela oculta
2026-04-07 20:52:59,524 - INFO - ⏱️ Tempo limite atingido. Abortando seleção
2026-04-07 20:52:59,524 - INFO - Capturando print...
