2026-05-21 18:39:12,167 - INFO - Data hoje: 21/05/2026
2026-05-21 18:39:12,168 - INFO - Data de referência: 31/05/2026
2026-05-21 18:40:42,198 - INFO - Qtde OS de LINHA VIVA: 3566
2026-05-21 18:40:42,198 - INFO - Qtde OS poda de LINHA MORTA: 1895
2026-05-21 18:40:42,198 - INFO - Qtde OS estrutural de LINHA MORTA : 16910
2026-05-21 18:40:42,198 - INFO - Qtde OS poda de LINHA MORTA fora carteira: 50
2026-05-21 18:40:42,198 - INFO - Qtde OS para desprogramar: 2699
2026-05-21 18:40:42,200 - INFO - 
 Qtd de lotes de LM: 38
2026-05-21 18:40:42,200 - INFO - 
 Qtd de lotes de LV: 72
2026-05-21 18:40:42,211 - INFO - 
 Qtd de lotes de ESTRUTURAL LM: 339
2026-05-21 18:40:42,211 - INFO - 
 Qtd de lotes de LEVE: 1
2026-05-21 18:40:42,211 - INFO - 
 Qtd de lotes para desprogramar: 54
2026-05-21 18:40:42,211 - INFO - 
=== Iniciando lote 1/38 [LM] ===
2026-05-21 18:40:42,211 - INFO - 
=== abrir_janela_selecao ===
2026-05-21 18:40:48,537 - INFO - 
=== rotina abrir_selecao_colar_os ===
2026-05-21 18:40:48,629 - INFO - ⌛ Aguardando janela de seleção...
2026-05-21 18:40:59,119 - INFO - Janela de seleção aberta
2026-05-21 18:41:03,354 - INFO - DEBUG: idx=0, inicio=0, fim=50
2026-05-21 18:41:03,354 - INFO - ✅ 50 OS copiadas para a área de transferência.
2026-05-21 18:41:03,354 - INFO - 📋 Lote 1 copiado.
2026-05-21 18:41:11,677 - INFO - ⌛ Esperando mudança visual...
2026-05-21 18:41:12,691 - INFO - ⌛ Esperando mudança visual...
2026-05-21 18:41:13,707 - INFO - ⌛ Esperando mudança visual...
2026-05-21 18:44:06,518 - INFO - Data hoje: 21/05/2026
2026-05-21 18:44:06,518 - INFO - Data de referência: 31/05/2026
2026-05-21 18:44:47,970 - INFO - Data hoje: 21/05/2026
2026-05-21 18:44:47,970 - INFO - Data de referência: 31/05/2026
2026-05-21 18:46:20,734 - INFO - Qtde OS de LINHA VIVA: 449
2026-05-21 18:46:20,734 - INFO - Qtde OS poda de LINHA MORTA: 185
2026-05-21 18:46:20,734 - INFO - Qtde OS estrutural de LINHA MORTA : 12436
2026-05-21 18:46:20,734 - INFO - Qtde OS poda de LINHA MORTA fora carteira: 57
2026-05-21 18:46:20,734 - INFO - Qtde OS para desprogramar: 1737
2026-05-21 18:46:20,734 - INFO - 
 Qtd de lotes de LM: 8
2026-05-21 18:46:20,734 - INFO - 
 Qtd de lotes de LV: 18
2026-05-21 18:46:20,734 - INFO - 
 Qtd de lotes de ESTRUTURAL LM: 498
2026-05-21 18:46:20,734 - INFO - 
 Qtd de lotes de LEVE: 3
2026-05-21 18:46:20,734 - INFO - 
 Qtd de lotes para desprogramar: 70
2026-05-21 18:46:20,749 - INFO - 
=== Iniciando lote 1/18 [LV] ===
2026-05-21 18:46:20,749 - INFO - 
=== abrir_janela_selecao ===
2026-05-21 18:46:27,075 - INFO - 
=== rotina abrir_selecao_colar_os ===
2026-05-21 18:46:27,151 - INFO - Janela de seleção aberta
2026-05-21 18:46:31,380 - INFO - DEBUG: idx=0, inicio=0, fim=25
2026-05-21 18:46:31,380 - INFO - ✅ 25 OS copiadas para a área de transferência.
2026-05-21 18:46:31,380 - INFO - 📋 Lote 1 copiado.
2026-05-21 18:46:39,702 - INFO - ⌛ Esperando mudança visual...
2026-05-21 18:46:40,722 - INFO - ⌛ Esperando mudança visual...
2026-05-21 18:46:41,738 - INFO - ⌛ Esperando mudança visual...
2026-05-21 18:46:42,754 - INFO - ⌛ Esperando mudança visual...
2026-05-21 18:46:43,769 - INFO - ⌛ Esperando mudança visual...
2026-05-21 18:46:44,785 - INFO - ✅ Tela carregada!
2026-05-21 18:46:48,790 - INFO - 
=== rotina desbloquear_os ===
2026-05-21 18:47:15,261 - INFO - ⌛ Aguardando janela de confirmação de desbloqueio...
2026-05-21 18:47:30,806 - INFO - 🟨 Registros desbloqueados com sucesso
2026-05-21 18:47:34,912 - INFO - 
=== rotina editar_os ===
2026-05-21 18:47:44,371 - INFO - ⌛ Aguardando janela de edição de OS...
2026-05-21 18:48:00,033 - INFO - 🟨 OS programadas detectadas
2026-05-21 18:48:03,137 - INFO - ⌛ Aguardando janela de edição de OS...
2026-05-21 18:48:18,638 - INFO - 🟨 Janela de edição de OS detectada
2026-05-21 18:48:40,019 - INFO - 🟨 Janela de edição de habilidade da turma detectada
2026-05-21 18:49:58,327 - INFO - ⌛ Aguardando detecção do campo de caracteristica 'EQUIPE PRÓPRIA OU EPS' ...
2026-05-21 18:50:17,686 - INFO - 🟨 campo de caracteristica 'EQUIPE PRÓPRIA OU EPS detectado
2026-05-21 18:50:39,473 - INFO - ⌛ Aguardando confirmação 4 - editar OS...
2026-05-21 18:50:54,941 - INFO - ⌛ Aguardando confirmação 4 - editar OS...
2026-05-21 18:51:10,377 - INFO - 🟨 Janela de confirmação 4 de edição de OS detectada
2026-05-21 18:51:14,495 - INFO - 
=== rotina programar_os ===
2026-05-21 18:51:41,028 - INFO - ⌛ Aguardando janela de confirmação de programação de OS...
2026-05-21 18:52:06,451 - INFO - 🟨 Janela de confirmação de programação de OS detectada
2026-05-21 18:52:19,715 - INFO - 🟨 Janela de aviso de edição de OS programadas detectada
2026-05-21 18:52:26,929 - INFO - ⌛ aguardando janela de programação de lote de OS...
2026-05-21 18:52:52,421 - INFO - 🟨 Janela de aviso de substituição de lote de OS detectada
2026-05-21 18:53:12,525 - INFO - ⌛ aguardando janela de programação de lote de OS...
2026-05-21 18:53:38,020 - INFO - 🟨 Janela de programação de lote de OS detectada
2026-05-21 18:54:27,549 - INFO - 🟨 Janela de confirmação de programação de lote de OS detectada
2026-05-21 18:54:31,763 - INFO - ⌛ aguardando confirmação final de programação do lote
2026-05-21 18:54:57,213 - INFO - 🟨 programação do lote 1 efetuado com sucesso
2026-05-21 18:55:07,322 - INFO - 
=== Iniciando lote 2/18 [LV] ===
2026-05-21 18:55:07,322 - INFO - 
=== abrir_janela_selecao ===
2026-05-21 18:55:13,629 - INFO - 
=== rotina abrir_selecao_colar_os ===
2026-05-21 18:55:13,677 - INFO - Janela de seleção aberta
2026-05-21 18:55:17,904 - INFO - DEBUG: idx=1, inicio=25, fim=50
2026-05-21 18:55:17,904 - INFO - ✅ 25 OS copiadas para a área de transferência.
2026-05-21 18:55:17,904 - INFO - 📋 Lote 2 copiado.
2026-05-21 18:55:26,229 - INFO - ⌛ Esperando mudança visual...
2026-05-21 18:55:27,251 - INFO - ⌛ Esperando mudança visual...
2026-05-21 18:55:28,264 - INFO - ⌛ Esperando mudança visual...
2026-05-21 18:55:29,269 - INFO - ⌛ Esperando mudança visual...
2026-05-21 18:55:30,278 - INFO - ⌛ Esperando mudança visual...
2026-05-21 18:55:31,294 - INFO - ⌛ Esperando mudança visual...
2026-05-21 18:55:32,326 - INFO - ⌛ Esperando mudança visual...
2026-05-21 18:55:33,342 - INFO - ⌛ Esperando mudança visual...
2026-05-21 18:55:34,358 - INFO - ⌛ Esperando mudança visual...
2026-05-21 18:55:35,373 - INFO - ⌛ Esperando mudança visual...
2026-05-21 18:55:36,388 - INFO - ✅ Tela carregada!
2026-05-21 18:55:40,393 - INFO - 
=== rotina desbloquear_os ===
2026-05-21 18:56:06,857 - INFO - ⌛ Aguardando janela de confirmação de desbloqueio...
2026-05-21 18:56:22,284 - INFO - 🟨 Registros desbloqueados com sucesso
2026-05-21 18:56:26,391 - INFO - 
=== rotina editar_os ===
2026-05-21 18:56:35,782 - INFO - 🟨 OS programadas detectadas
2026-05-21 18:56:38,912 - INFO - ⌛ Aguardando janela de edição de OS...
2026-05-21 18:56:54,469 - INFO - 🟨 Janela de edição de OS detectada
2026-05-21 18:57:15,826 - INFO - 🟨 Janela de edição de habilidade da turma detectada
2026-05-21 18:58:34,114 - INFO - ⌛ Aguardando detecção do campo de caracteristica 'EQUIPE PRÓPRIA OU EPS' ...
2026-05-21 18:58:53,476 - INFO - 🟨 campo de caracteristica 'EQUIPE PRÓPRIA OU EPS detectado
2026-05-21 18:59:15,290 - INFO - ⌛ Aguardando confirmação 4 - editar OS...
2026-05-21 18:59:30,765 - INFO - ⌛ Aguardando confirmação 4 - editar OS...
2026-05-21 18:59:46,260 - INFO - 🟨 Janela de confirmação 4 de edição de OS detectada
2026-05-21 18:59:50,364 - INFO - 
=== rotina programar_os ===
2026-05-21 19:00:16,884 - INFO - ⌛ Aguardando janela de confirmação de programação de OS...
2026-05-21 19:00:42,333 - INFO - 🟨 Janela de confirmação de programação de OS detectada
2026-05-21 19:00:55,613 - INFO - 🟨 Janela de aviso de edição de OS programadas detectada
2026-05-21 19:01:02,826 - INFO - ⌛ aguardando janela de programação de lote de OS...
2026-05-21 19:01:28,366 - INFO - 🟨 Janela de aviso de substituição de lote de OS detectada
2026-05-21 19:01:48,481 - INFO - ⌛ aguardando janela de programação de lote de OS...
2026-05-21 19:02:13,988 - INFO - 🟨 Janela de programação de lote de OS detectada
2026-05-21 19:03:03,482 - INFO - 🟨 Janela de confirmação de programação de lote de OS detectada
2026-05-21 19:03:07,674 - INFO - ⌛ aguardando confirmação final de programação do lote
2026-05-21 19:03:33,160 - INFO - 🟨 programação do lote 2 efetuado com sucesso
2026-05-21 19:03:43,263 - INFO - 
=== Iniciando lote 3/18 [LV] ===
2026-05-21 19:03:43,263 - INFO - 
=== abrir_janela_selecao ===
2026-05-21 19:03:49,571 - INFO - 
=== rotina abrir_selecao_colar_os ===
2026-05-21 19:03:49,620 - INFO - Janela de seleção aberta
2026-05-21 19:03:53,851 - INFO - DEBUG: idx=2, inicio=50, fim=75
2026-05-21 19:03:53,851 - INFO - ✅ 25 OS copiadas para a área de transferência.
2026-05-21 19:03:53,851 - INFO - 📋 Lote 3 copiado.
2026-05-21 19:04:02,187 - INFO - ⌛ Esperando mudança visual...
2026-05-21 19:04:03,207 - INFO - ⌛ Esperando mudança visual...
2026-05-21 19:04:04,225 - INFO - ⌛ Esperando mudança visual...
2026-05-21 19:04:05,238 - INFO - ⌛ Esperando mudança visual...
2026-05-21 19:04:06,255 - INFO - ⌛ Esperando mudança visual...
2026-05-21 19:04:07,270 - INFO - ⌛ Esperando mudança visual...
2026-05-21 19:04:08,285 - INFO - ⌛ Esperando mudança visual...
2026-05-21 19:04:09,302 - INFO - ⌛ Esperando mudança visual...
2026-05-21 19:04:10,316 - INFO - ⌛ Esperando mudança visual...
2026-05-21 19:04:11,332 - INFO - ⌛ Esperando mudança visual...
2026-05-21 19:04:12,347 - INFO - ⌛ Esperando mudança visual...
2026-05-21 19:04:13,363 - INFO - ✅ Tela carregada!
2026-05-21 19:04:17,375 - INFO - 
=== rotina desbloquear_os ===
2026-05-21 19:04:43,833 - INFO - ⌛ Aguardando janela de confirmação de desbloqueio...
2026-05-21 19:04:59,241 - INFO - 🟨 Registros desbloqueados com sucesso
2026-05-21 19:05:03,350 - INFO - 
=== rotina editar_os ===
2026-05-21 19:05:12,764 - INFO - 🟨 OS programadas detectadas
2026-05-21 19:05:15,867 - INFO - ⌛ Aguardando janela de edição de OS...
2026-05-21 19:05:31,294 - INFO - 🟨 Janela de edição de OS detectada
2026-05-21 19:05:52,668 - INFO - 🟨 Janela de edição de habilidade da turma detectada
2026-05-21 19:07:10,975 - INFO - ⌛ Aguardando detecção do campo de caracteristica 'EQUIPE PRÓPRIA OU EPS' ...
2026-05-21 19:07:30,346 - INFO - 🟨 campo de caracteristica 'EQUIPE PRÓPRIA OU EPS detectado
2026-05-21 19:07:52,140 - INFO - ⌛ Aguardando confirmação 4 - editar OS...
2026-05-21 19:08:07,590 - INFO - ⌛ Aguardando confirmação 4 - editar OS...
2026-05-21 19:08:23,108 - INFO - 🟨 Janela de confirmação 4 de edição de OS detectada
2026-05-21 19:08:27,213 - INFO - 
=== rotina programar_os ===
2026-05-21 19:08:53,778 - INFO - ⌛ Aguardando janela de confirmação de programação de OS...
2026-05-21 19:09:19,248 - INFO - 🟨 Janela de confirmação de programação de OS detectada
2026-05-21 19:09:32,590 - INFO - 🟨 Janela de aviso de edição de OS programadas detectada
2026-05-21 19:09:39,795 - INFO - ⌛ aguardando janela de programação de lote de OS...
2026-05-21 19:10:05,292 - INFO - 🟨 Janela de aviso de substituição de lote de OS detectada
2026-05-21 19:10:25,395 - INFO - ⌛ aguardando janela de programação de lote de OS...
2026-05-21 19:10:50,965 - INFO - 🟨 Janela de programação de lote de OS detectada
2026-05-21 19:11:40,494 - INFO - 🟨 Janela de confirmação de programação de lote de OS detectada
2026-05-21 19:11:44,744 - INFO - ⌛ aguardando confirmação final de programação do lote
2026-05-21 19:12:10,230 - INFO - 🟨 programação do lote 3 efetuado com sucesso
2026-05-21 19:12:20,341 - INFO - 
=== Iniciando lote 4/18 [LV] ===
2026-05-21 19:12:20,341 - INFO - 
=== abrir_janela_selecao ===
2026-05-21 19:12:26,649 - INFO - 
=== rotina abrir_selecao_colar_os ===
2026-05-21 19:12:26,708 - INFO - Janela de seleção aberta
2026-05-21 19:12:30,935 - INFO - DEBUG: idx=3, inicio=75, fim=100
2026-05-21 19:12:30,935 - INFO - ✅ 25 OS copiadas para a área de transferência.
2026-05-21 19:12:30,935 - INFO - 📋 Lote 4 copiado.
2026-05-21 19:12:39,254 - INFO - ⌛ Esperando mudança visual...
2026-05-21 19:12:40,278 - INFO - ⌛ Esperando mudança visual...
2026-05-21 19:12:41,295 - INFO - ⌛ Esperando mudança visual...
2026-05-21 19:12:42,309 - INFO - ⌛ Esperando mudança visual...
2026-05-21 19:12:43,325 - INFO - ⌛ Esperando mudança visual...
2026-05-21 19:12:44,341 - INFO - ⌛ Esperando mudança visual...
2026-05-21 19:12:45,343 - INFO - ⌛ Esperando mudança visual...
2026-05-21 19:12:46,355 - INFO - ⌛ Esperando mudança visual...
2026-05-21 19:12:47,357 - INFO - ⌛ Esperando mudança visual...
2026-05-21 19:12:48,370 - INFO - ⌛ Esperando mudança visual...
2026-05-21 19:12:49,386 - INFO - ✅ Tela carregada!
2026-05-21 19:12:53,402 - INFO - 
=== rotina desbloquear_os ===
2026-05-21 19:13:19,858 - INFO - ⌛ Aguardando janela de confirmação de desbloqueio...
2026-05-21 19:13:35,294 - INFO - 🟨 Registros desbloqueados com sucesso
2026-05-21 19:13:39,398 - INFO - 
=== rotina editar_os ===
2026-05-21 19:13:48,794 - INFO - 🟨 OS programadas detectadas
2026-05-21 19:13:51,906 - INFO - ⌛ Aguardando janela de edição de OS...
2026-05-21 19:14:07,329 - INFO - 🟨 Janela de edição de OS detectada
2026-05-21 19:14:28,697 - INFO - 🟨 Janela de edição de habilidade da turma detectada
2026-05-21 19:15:47,002 - INFO - ⌛ Aguardando detecção do campo de caracteristica 'EQUIPE PRÓPRIA OU EPS' ...
2026-05-21 19:16:06,363 - INFO - 🟨 campo de caracteristica 'EQUIPE PRÓPRIA OU EPS detectado
2026-05-21 19:16:28,185 - INFO - ⌛ Aguardando confirmação 4 - editar OS...
2026-05-21 19:16:43,672 - INFO - ⌛ Aguardando confirmação 4 - editar OS...
2026-05-21 19:16:59,131 - INFO - 🟨 Janela de confirmação 4 de edição de OS detectada
2026-05-21 19:17:03,234 - INFO - 
=== rotina programar_os ===
2026-05-21 19:17:29,752 - INFO - ⌛ Aguardando janela de confirmação de programação de OS...
2026-05-21 19:17:55,250 - INFO - 🟨 Janela de confirmação de programação de OS detectada
2026-05-21 19:18:08,569 - INFO - 🟨 Janela de aviso de edição de OS programadas detectada
2026-05-21 19:18:15,781 - INFO - ⌛ aguardando janela de programação de lote de OS...
2026-05-21 19:18:41,293 - INFO - 🟨 Janela de aviso de substituição de lote de OS detectada
2026-05-21 19:19:01,401 - INFO - ⌛ aguardando janela de programação de lote de OS...
2026-05-21 19:19:27,011 - INFO - 🟨 Janela de programação de lote de OS detectada
2026-05-21 19:20:16,517 - INFO - 🟨 Janela de confirmação de programação de lote de OS detectada
2026-05-21 19:20:20,719 - INFO - ⌛ aguardando confirmação final de programação do lote
2026-05-21 19:20:46,166 - INFO - 🟨 programação do lote 4 efetuado com sucesso
2026-05-21 19:20:56,277 - INFO - 
=== Iniciando lote 5/18 [LV] ===
2026-05-21 19:20:56,277 - INFO - 
=== abrir_janela_selecao ===
2026-05-21 19:21:02,582 - INFO - 
=== rotina abrir_selecao_colar_os ===
2026-05-21 19:21:02,641 - INFO - Janela de seleção aberta
2026-05-21 19:21:06,860 - INFO - DEBUG: idx=4, inicio=100, fim=125
2026-05-21 19:21:06,860 - INFO - ✅ 25 OS copiadas para a área de transferência.
2026-05-21 19:21:06,860 - INFO - 📋 Lote 5 copiado.
2026-05-21 19:21:15,181 - INFO - ⌛ Esperando mudança visual...
2026-05-21 19:21:16,191 - INFO - ⌛ Esperando mudança visual...
2026-05-21 19:21:17,203 - INFO - ⌛ Esperando mudança visual...
2026-05-21 19:21:18,218 - INFO - ⌛ Esperando mudança visual...
2026-05-21 19:21:19,223 - INFO - ⌛ Esperando mudança visual...
2026-05-21 19:21:20,233 - INFO - ⌛ Esperando mudança visual...
2026-05-21 19:21:21,235 - INFO - ⌛ Esperando mudança visual...
2026-05-21 19:21:22,248 - INFO - ⌛ Esperando mudança visual...
2026-05-21 19:21:23,263 - INFO - ⌛ Esperando mudança visual...
2026-05-21 19:21:24,279 - INFO - ⌛ Esperando mudança visual...
2026-05-21 19:21:25,295 - INFO - ✅ Tela carregada!
2026-05-21 19:21:29,299 - INFO - 
=== rotina desbloquear_os ===
2026-05-21 19:21:55,771 - INFO - ⌛ Aguardando janela de confirmação de desbloqueio...
2026-05-21 19:22:11,177 - INFO - 🟨 Registros desbloqueados com sucesso
2026-05-21 19:22:15,280 - INFO - 
=== rotina editar_os ===
2026-05-21 19:22:24,711 - INFO - 🟨 OS programadas detectadas
2026-05-21 19:22:27,816 - INFO - ⌛ Aguardando janela de edição de OS...
2026-05-21 19:22:43,318 - INFO - 🟨 Janela de edição de OS detectada
2026-05-21 19:23:04,687 - INFO - 🟨 Janela de edição de habilidade da turma detectada
2026-05-21 19:24:22,992 - INFO - ⌛ Aguardando detecção do campo de caracteristica 'EQUIPE PRÓPRIA OU EPS' ...
2026-05-21 19:24:42,370 - INFO - 🟨 campo de caracteristica 'EQUIPE PRÓPRIA OU EPS detectado
2026-05-21 19:25:04,181 - INFO - ⌛ Aguardando confirmação 4 - editar OS...
2026-05-21 19:25:19,669 - INFO - ⌛ Aguardando confirmação 4 - editar OS...
2026-05-21 19:25:35,126 - INFO - 🟨 Janela de confirmação 4 de edição de OS detectada
2026-05-21 19:25:39,239 - INFO - 
=== rotina programar_os ===
2026-05-21 19:26:05,772 - INFO - ⌛ Aguardando janela de confirmação de programação de OS...
2026-05-21 19:26:31,195 - INFO - 🟨 Janela de confirmação de programação de OS detectada
2026-05-21 19:26:44,466 - INFO - 🟨 Janela de aviso de edição de OS programadas detectada
2026-05-21 19:26:51,692 - INFO - ⌛ aguardando janela de programação de lote de OS...
2026-05-21 19:27:17,166 - INFO - 🟨 Janela de aviso de substituição de lote de OS detectada
2026-05-21 19:27:37,281 - INFO - ⌛ aguardando janela de programação de lote de OS...
2026-05-21 19:28:02,798 - INFO - 🟨 Janela de programação de lote de OS detectada
2026-05-21 19:28:52,325 - INFO - 🟨 Janela de confirmação de programação de lote de OS detectada
2026-05-21 19:28:56,514 - INFO - ⌛ aguardando confirmação final de programação do lote
2026-05-21 19:29:21,970 - INFO - 🟨 programação do lote 5 efetuado com sucesso
2026-05-21 19:29:32,084 - INFO - 
=== Iniciando lote 6/18 [LV] ===
2026-05-21 19:29:32,084 - INFO - 
=== abrir_janela_selecao ===
2026-05-21 19:29:38,392 - INFO - 
=== rotina abrir_selecao_colar_os ===
2026-05-21 19:29:38,440 - INFO - Janela de seleção aberta
2026-05-21 19:29:42,673 - INFO - DEBUG: idx=5, inicio=125, fim=150
2026-05-21 19:29:42,673 - INFO - ✅ 25 OS copiadas para a área de transferência.
2026-05-21 19:29:42,673 - INFO - 📋 Lote 6 copiado.
2026-05-21 19:29:50,988 - INFO - ⌛ Esperando mudança visual...
2026-05-21 19:29:51,999 - INFO - ⌛ Esperando mudança visual...
2026-05-21 19:29:53,024 - INFO - ⌛ Esperando mudança visual...
2026-05-21 19:29:54,041 - INFO - ⌛ Esperando mudança visual...
2026-05-21 19:29:55,057 - INFO - ⌛ Esperando mudança visual...
2026-05-21 19:29:56,073 - INFO - ⌛ Esperando mudança visual...
2026-05-21 19:29:57,089 - INFO - ⌛ Esperando mudança visual...
2026-05-21 19:29:58,105 - INFO - ⌛ Esperando mudança visual...
2026-05-21 19:29:59,120 - INFO - ⌛ Esperando mudança visual...
2026-05-21 19:30:00,135 - INFO - ⌛ Esperando mudança visual...
2026-05-21 19:30:01,151 - INFO - ⌛ Esperando mudança visual...
2026-05-21 19:30:02,153 - INFO - ✅ Tela carregada!
2026-05-21 19:30:06,159 - INFO - 
=== rotina desbloquear_os ===
2026-05-21 19:30:32,634 - INFO - ⌛ Aguardando janela de confirmação de desbloqueio...
2026-05-21 19:30:48,047 - INFO - 🟨 Registros desbloqueados com sucesso
2026-05-21 19:30:52,154 - INFO - 
=== rotina editar_os ===
2026-05-21 19:31:01,556 - INFO - ⌛ Aguardando janela de edição de OS...
2026-05-21 19:31:17,017 - INFO - 🟨 OS programadas detectadas
2026-05-21 19:31:20,120 - INFO - ⌛ Aguardando janela de edição de OS...
2026-05-21 19:31:35,567 - INFO - 🟨 Janela de edição de OS detectada
2026-05-21 19:31:56,942 - INFO - 🟨 Janela de edição de habilidade da turma detectada
2026-05-21 19:33:15,234 - INFO - ⌛ Aguardando detecção do campo de caracteristica 'EQUIPE PRÓPRIA OU EPS' ...
2026-05-21 19:33:34,595 - INFO - 🟨 campo de caracteristica 'EQUIPE PRÓPRIA OU EPS detectado
2026-05-21 19:33:56,360 - INFO - ⌛ Aguardando confirmação 4 - editar OS...
2026-05-21 19:34:11,811 - INFO - ⌛ Aguardando confirmação 4 - editar OS...
2026-05-21 19:34:27,302 - INFO - ⌛ Aguardando confirmação 4 - editar OS...
2026-05-21 19:34:42,800 - INFO - 🟨 Janela de confirmação 4 de edição de OS detectada
2026-05-21 19:34:46,907 - INFO - 
=== rotina programar_os ===
2026-05-21 19:35:13,422 - INFO - ⌛ Aguardando janela de confirmação de programação de OS...
2026-05-21 19:35:38,903 - INFO - 🟨 Janela de confirmação de programação de OS detectada
2026-05-21 19:35:52,181 - INFO - 🟨 Janela de aviso de edição de OS programadas detectada
2026-05-21 19:35:59,389 - INFO - ⌛ aguardando janela de programação de lote de OS...
2026-05-21 19:36:24,940 - INFO - 🟨 Janela de aviso de substituição de lote de OS detectada
2026-05-21 19:36:45,047 - INFO - ⌛ aguardando janela de programação de lote de OS...
2026-05-21 19:37:10,538 - INFO - 🟨 Janela de programação de lote de OS detectada
2026-05-21 19:38:00,048 - INFO - 🟨 Janela de confirmação de programação de lote de OS detectada
2026-05-21 19:38:04,239 - INFO - ⌛ aguardando confirmação final de programação do lote
2026-05-21 19:38:29,724 - INFO - 🟨 programação do lote 6 efetuado com sucesso
2026-05-21 19:38:39,829 - INFO - 
=== Iniciando lote 7/18 [LV] ===
2026-05-21 19:38:39,829 - INFO - 
=== abrir_janela_selecao ===
2026-05-21 19:38:46,135 - INFO - 
=== rotina abrir_selecao_colar_os ===
2026-05-21 19:38:46,184 - INFO - Janela de seleção aberta
2026-05-21 19:38:50,412 - INFO - DEBUG: idx=6, inicio=150, fim=175
2026-05-21 19:38:50,412 - INFO - ✅ 25 OS copiadas para a área de transferência.
2026-05-21 19:38:50,412 - INFO - 📋 Lote 7 copiado.
2026-05-21 19:38:58,731 - INFO - ⌛ Esperando mudança visual...
2026-05-21 19:38:59,742 - INFO - ⌛ Esperando mudança visual...
2026-05-21 19:39:00,770 - INFO - ⌛ Esperando mudança visual...
2026-05-21 19:39:01,786 - INFO - ⌛ Esperando mudança visual...
2026-05-21 19:39:02,801 - INFO - ⌛ Esperando mudança visual...
2026-05-21 19:39:03,817 - INFO - ⌛ Esperando mudança visual...
2026-05-21 19:39:04,833 - INFO - ⌛ Esperando mudança visual...
2026-05-21 19:39:05,848 - INFO - ⌛ Esperando mudança visual...
2026-05-21 19:39:06,866 - INFO - ⌛ Esperando mudança visual...
2026-05-21 19:39:07,879 - INFO - ⌛ Esperando mudança visual...
2026-05-21 19:39:08,882 - INFO - ⌛ Esperando mudança visual...
2026-05-21 19:39:09,897 - INFO - ✅ Tela carregada!
2026-05-21 19:39:13,905 - INFO - 
=== rotina desbloquear_os ===
2026-05-21 19:39:40,372 - INFO - ⌛ Aguardando janela de confirmação de desbloqueio...
2026-05-21 19:39:55,760 - INFO - 🟨 Registros desbloqueados com sucesso
2026-05-21 19:39:59,866 - INFO - 
=== rotina editar_os ===
2026-05-21 19:40:09,291 - INFO - ⌛ Aguardando janela de edição de OS...
2026-05-21 19:40:24,740 - INFO - 🟨 OS programadas detectadas
2026-05-21 19:40:27,847 - INFO - ⌛ Aguardando janela de edição de OS...
2026-05-21 19:40:43,284 - INFO - 🟨 Janela de edição de OS detectada
2026-05-21 19:41:04,667 - INFO - 🟨 Janela de edição de habilidade da turma detectada
2026-05-21 19:42:22,946 - INFO - ⌛ Aguardando detecção do campo de caracteristica 'EQUIPE PRÓPRIA OU EPS' ...
2026-05-21 19:42:42,290 - INFO - 🟨 campo de caracteristica 'EQUIPE PRÓPRIA OU EPS detectado
2026-05-21 19:43:04,065 - INFO - ⌛ Aguardando confirmação 4 - editar OS...
2026-05-21 19:43:19,527 - INFO - ⌛ Aguardando confirmação 4 - editar OS...
2026-05-21 19:43:35,002 - INFO - 🟨 Janela de confirmação 4 de edição de OS detectada
2026-05-21 19:43:39,108 - INFO - 
=== rotina programar_os ===
2026-05-21 19:44:05,627 - INFO - ⌛ Aguardando janela de confirmação de programação de OS...
2026-05-21 19:44:31,063 - INFO - 🟨 Janela de confirmação de programação de OS detectada
2026-05-21 19:44:44,321 - INFO - 🟨 Janela de aviso de edição de OS programadas detectada
2026-05-21 19:44:51,539 - INFO - ⌛ aguardando janela de programação de lote de OS...
2026-05-21 19:45:17,038 - INFO - 🟨 Janela de aviso de substituição de lote de OS detectada
2026-05-21 19:45:37,155 - INFO - ⌛ aguardando janela de programação de lote de OS...
2026-05-21 19:46:02,631 - INFO - 🟨 Janela de programação de lote de OS detectada
2026-05-21 19:46:52,155 - INFO - 🟨 Janela de confirmação de programação de lote de OS detectada
2026-05-21 19:46:56,373 - INFO - ⌛ aguardando confirmação final de programação do lote
2026-05-21 19:47:21,868 - INFO - 🟨 programação do lote 7 efetuado com sucesso
2026-05-21 19:47:31,973 - INFO - 
=== Iniciando lote 8/18 [LV] ===
2026-05-21 19:47:31,973 - INFO - 
=== abrir_janela_selecao ===
2026-05-21 19:47:38,279 - INFO - 
=== rotina abrir_selecao_colar_os ===
2026-05-21 19:47:38,351 - INFO - Janela de seleção aberta
2026-05-21 19:47:42,565 - INFO - DEBUG: idx=7, inicio=175, fim=200
2026-05-21 19:47:42,565 - INFO - ✅ 25 OS copiadas para a área de transferência.
2026-05-21 19:47:42,565 - INFO - 📋 Lote 8 copiado.
2026-05-21 19:47:50,896 - INFO - ⌛ Esperando mudança visual...
2026-05-21 19:47:51,911 - INFO - ⌛ Esperando mudança visual...
2026-05-21 19:47:52,927 - INFO - ⌛ Esperando mudança visual...
2026-05-21 19:47:53,942 - INFO - ⌛ Esperando mudança visual...
2026-05-21 19:47:54,958 - INFO - ⌛ Esperando mudança visual...
2026-05-21 19:47:55,982 - INFO - ⌛ Esperando mudança visual...
2026-05-21 19:47:56,990 - INFO - ⌛ Esperando mudança visual...
2026-05-21 19:47:58,005 - INFO - ⌛ Esperando mudança visual...
2026-05-21 19:47:59,023 - INFO - ⌛ Esperando mudança visual...
2026-05-21 19:48:00,024 - INFO - ⌛ Esperando mudança visual...
2026-05-21 19:48:01,035 - INFO - ✅ Tela carregada!
2026-05-21 19:48:05,050 - INFO - 
=== rotina desbloquear_os ===
2026-05-21 19:48:31,505 - INFO - ⌛ Aguardando janela de confirmação de desbloqueio...
2026-05-21 19:48:46,895 - INFO - 🟨 Registros desbloqueados com sucesso
2026-05-21 19:48:51,008 - INFO - 
=== rotina editar_os ===
2026-05-21 19:49:00,412 - INFO - 🟨 OS programadas detectadas
2026-05-21 19:49:03,527 - INFO - ⌛ Aguardando janela de edição de OS...
2026-05-21 19:49:18,991 - INFO - 🟨 Janela de edição de OS detectada
2026-05-21 19:49:40,340 - INFO - 🟨 Janela de edição de habilidade da turma detectada
2026-05-21 19:50:58,659 - INFO - ⌛ Aguardando detecção do campo de caracteristica 'EQUIPE PRÓPRIA OU EPS' ...
2026-05-21 19:51:18,015 - INFO - 🟨 campo de caracteristica 'EQUIPE PRÓPRIA OU EPS detectado
2026-05-21 19:51:39,811 - INFO - ⌛ Aguardando confirmação 4 - editar OS...
2026-05-21 19:51:55,303 - INFO - ⌛ Aguardando confirmação 4 - editar OS...
2026-05-21 19:52:10,721 - INFO - 🟨 Janela de confirmação 4 de edição de OS detectada
2026-05-21 19:52:14,838 - INFO - 
=== rotina programar_os ===
2026-05-21 19:52:41,346 - INFO - ⌛ Aguardando janela de confirmação de programação de OS...
2026-05-21 19:53:06,753 - INFO - 🟨 Janela de confirmação de programação de OS detectada
2026-05-21 19:53:20,010 - INFO - 🟨 Janela de aviso de edição de OS programadas detectada
2026-05-21 19:53:27,216 - INFO - ⌛ aguardando janela de programação de lote de OS...
2026-05-21 19:53:52,711 - INFO - 🟨 Janela de aviso de substituição de lote de OS detectada
2026-05-21 19:54:12,815 - INFO - ⌛ aguardando janela de programação de lote de OS...
2026-05-21 19:54:38,288 - INFO - 🟨 Janela de programação de lote de OS detectada
2026-05-21 19:55:27,770 - INFO - 🟨 Janela de confirmação de programação de lote de OS detectada
2026-05-21 19:55:31,998 - INFO - ⌛ aguardando confirmação final de programação do lote
2026-05-21 19:55:57,468 - INFO - 🟨 programação do lote 8 efetuado com sucesso
2026-05-21 19:56:07,574 - INFO - 
=== Iniciando lote 9/18 [LV] ===
2026-05-21 19:56:07,574 - INFO - 
=== abrir_janela_selecao ===
2026-05-21 19:56:13,882 - INFO - 
=== rotina abrir_selecao_colar_os ===
2026-05-21 19:56:13,949 - INFO - Janela de seleção aberta
2026-05-21 19:56:18,173 - INFO - DEBUG: idx=8, inicio=200, fim=225
2026-05-21 19:56:18,173 - INFO - ✅ 25 OS copiadas para a área de transferência.
2026-05-21 19:56:18,173 - INFO - 📋 Lote 9 copiado.
2026-05-21 19:56:26,495 - INFO - ⌛ Esperando mudança visual...
2026-05-21 19:56:27,518 - INFO - ⌛ Esperando mudança visual...
2026-05-21 19:56:28,523 - INFO - ⌛ Esperando mudança visual...
2026-05-21 19:56:29,534 - INFO - ⌛ Esperando mudança visual...
2026-05-21 19:56:30,549 - INFO - ⌛ Esperando mudança visual...
2026-05-21 19:56:31,565 - INFO - ⌛ Esperando mudança visual...
2026-05-21 19:56:32,581 - INFO - ⌛ Esperando mudança visual...
2026-05-21 19:56:33,595 - INFO - ⌛ Esperando mudança visual...
2026-05-21 19:56:34,611 - INFO - ⌛ Esperando mudança visual...
2026-05-21 19:56:35,628 - INFO - ⌛ Esperando mudança visual...
2026-05-21 19:56:36,643 - INFO - ✅ Tela carregada!
2026-05-21 19:56:40,646 - INFO - 
=== rotina desbloquear_os ===
2026-05-21 19:57:07,130 - INFO - ⌛ Aguardando janela de confirmação de desbloqueio...
2026-05-21 19:57:22,566 - INFO - 🟨 Registros desbloqueados com sucesso
2026-05-21 19:57:26,671 - INFO - 
=== rotina editar_os ===
2026-05-21 19:57:36,085 - INFO - ⌛ Aguardando janela de edição de OS...
2026-05-21 19:57:51,517 - INFO - 🟨 OS programadas detectadas
2026-05-21 19:57:54,633 - INFO - ⌛ Aguardando janela de edição de OS...
2026-05-21 19:58:10,088 - INFO - 🟨 Janela de edição de OS detectada
2026-05-21 19:58:31,440 - INFO - 🟨 Janela de edição de habilidade da turma detectada
2026-05-21 19:59:49,760 - INFO - ⌛ Aguardando detecção do campo de caracteristica 'EQUIPE PRÓPRIA OU EPS' ...
2026-05-21 20:00:09,118 - INFO - 🟨 campo de caracteristica 'EQUIPE PRÓPRIA OU EPS detectado
2026-05-21 20:00:30,902 - INFO - ⌛ Aguardando confirmação 4 - editar OS...
2026-05-21 20:00:46,373 - INFO - ⌛ Aguardando confirmação 4 - editar OS...
2026-05-21 20:01:01,831 - INFO - 🟨 Janela de confirmação 4 de edição de OS detectada
2026-05-21 20:01:05,941 - INFO - 
=== rotina programar_os ===
2026-05-21 20:01:32,456 - INFO - ⌛ Aguardando janela de confirmação de programação de OS...
2026-05-21 20:01:57,860 - INFO - 🟨 Janela de confirmação de programação de OS detectada
2026-05-21 20:02:11,155 - INFO - 🟨 Janela de aviso de edição de OS programadas detectada
2026-05-21 20:02:18,360 - INFO - ⌛ aguardando janela de programação de lote de OS...
2026-05-21 20:02:43,850 - INFO - 🟨 Janela de aviso de substituição de lote de OS detectada
2026-05-21 20:03:03,955 - INFO - ⌛ aguardando janela de programação de lote de OS...
2026-05-21 20:03:29,463 - INFO - 🟨 Janela de programação de lote de OS detectada
2026-05-21 20:04:18,987 - INFO - 🟨 Janela de confirmação de programação de lote de OS detectada
2026-05-21 20:04:23,209 - INFO - ⌛ aguardando confirmação final de programação do lote
2026-05-21 20:04:48,694 - INFO - 🟨 programação do lote 9 efetuado com sucesso
2026-05-21 20:04:58,800 - INFO - 
=== Iniciando lote 10/18 [LV] ===
2026-05-21 20:04:58,800 - INFO - 
=== abrir_janela_selecao ===
2026-05-21 20:05:05,108 - INFO - 
=== rotina abrir_selecao_colar_os ===
2026-05-21 20:05:05,157 - INFO - Janela de seleção aberta
2026-05-21 20:05:09,385 - INFO - DEBUG: idx=9, inicio=225, fim=250
2026-05-21 20:05:09,385 - INFO - ✅ 25 OS copiadas para a área de transferência.
2026-05-21 20:05:09,385 - INFO - 📋 Lote 10 copiado.
2026-05-21 20:05:17,716 - INFO - ⌛ Esperando mudança visual...
2026-05-21 20:05:18,726 - INFO - ⌛ Esperando mudança visual...
2026-05-21 20:05:19,742 - INFO - ⌛ Esperando mudança visual...
2026-05-21 20:05:20,748 - INFO - ⌛ Esperando mudança visual...
2026-05-21 20:05:21,771 - INFO - ⌛ Esperando mudança visual...
2026-05-21 20:05:22,787 - INFO - ⌛ Esperando mudança visual...
2026-05-21 20:05:23,803 - INFO - ⌛ Esperando mudança visual...
2026-05-21 20:05:24,820 - INFO - ⌛ Esperando mudança visual...
2026-05-21 20:05:25,836 - INFO - ⌛ Esperando mudança visual...
2026-05-21 20:05:26,851 - INFO - ⌛ Esperando mudança visual...
2026-05-21 20:05:27,867 - INFO - ⌛ Esperando mudança visual...
2026-05-21 20:05:28,883 - INFO - ⌛ Esperando mudança visual...
2026-05-21 20:05:29,898 - INFO - ✅ Tela carregada!
2026-05-21 20:05:33,900 - INFO - 
=== rotina desbloquear_os ===
2026-05-21 20:06:00,366 - INFO - ⌛ Aguardando janela de confirmação de desbloqueio...
2026-05-21 20:06:15,800 - INFO - ⌛ Aguardando janela de confirmação de desbloqueio...
2026-05-21 20:06:31,214 - INFO - ⌛ Aguardando janela de confirmação de desbloqueio...
2026-05-21 20:06:46,622 - INFO - ⌛ Aguardando janela de confirmação de desbloqueio...
2026-05-21 20:07:02,060 - INFO - ⌛ Aguardando janela de confirmação de desbloqueio...
2026-05-21 20:07:17,435 - INFO - ⌛ Aguardando janela de confirmação de desbloqueio...
2026-05-21 20:07:32,820 - INFO - ⌛ Aguardando janela de confirmação de desbloqueio...
2026-05-21 20:07:48,273 - INFO - ⌛ Aguardando janela de confirmação de desbloqueio...
2026-05-21 20:08:03,659 - INFO - ⌛ Aguardando janela de confirmação de desbloqueio...
2026-05-21 20:08:19,080 - INFO - 🟨 Registros desbloqueados com sucesso
2026-05-21 20:08:23,184 - INFO - 
=== rotina editar_os ===
2026-05-21 20:08:32,587 - INFO - ⌛ Aguardando janela de edição de OS...
2026-05-21 20:08:48,054 - INFO - 🟨 OS programadas detectadas
2026-05-21 20:08:51,162 - INFO - ⌛ Aguardando janela de edição de OS...
2026-05-21 20:09:06,580 - INFO - 🟨 Janela de edição de OS detectada
2026-05-21 20:09:27,947 - INFO - 🟨 Janela de edição de habilidade da turma detectada
2026-05-21 20:10:46,237 - INFO - ⌛ Aguardando detecção do campo de caracteristica 'EQUIPE PRÓPRIA OU EPS' ...
2026-05-21 20:11:05,582 - INFO - 🟨 campo de caracteristica 'EQUIPE PRÓPRIA OU EPS detectado
2026-05-21 20:11:27,353 - INFO - ⌛ Aguardando confirmação 4 - editar OS...
2026-05-21 20:11:42,821 - INFO - ⌛ Aguardando confirmação 4 - editar OS...
2026-05-21 20:11:58,286 - INFO - ⌛ Aguardando confirmação 4 - editar OS...
2026-05-21 20:12:13,728 - INFO - 🟨 Janela de confirmação 4 de edição de OS detectada
2026-05-21 20:12:17,844 - INFO - 
=== rotina programar_os ===
2026-05-21 20:12:44,382 - INFO - ⌛ Aguardando janela de confirmação de programação de OS...
2026-05-21 20:13:09,832 - INFO - 🟨 Janela de confirmação de programação de OS detectada
2026-05-21 20:13:23,103 - INFO - 🟨 Janela de aviso de edição de OS programadas detectada
2026-05-21 20:13:30,309 - INFO - ⌛ aguardando janela de programação de lote de OS...
2026-05-21 20:13:55,814 - INFO - 🟨 Janela de aviso de substituição de lote de OS detectada
2026-05-21 20:14:15,927 - INFO - ⌛ aguardando janela de programação de lote de OS...
2026-05-21 20:14:41,442 - INFO - 🟨 Janela de programação de lote de OS detectada
2026-05-21 20:15:30,976 - INFO - 🟨 Janela de confirmação de programação de lote de OS detectada
2026-05-21 20:15:35,193 - INFO - ⌛ aguardando confirmação final de programação do lote
2026-05-21 20:16:00,665 - INFO - 🟨 programação do lote 10 efetuado com sucesso
2026-05-21 20:16:10,769 - INFO - 
=== Iniciando lote 11/18 [LV] ===
2026-05-21 20:16:10,769 - INFO - 
=== abrir_janela_selecao ===
2026-05-21 20:16:17,074 - INFO - 
=== rotina abrir_selecao_colar_os ===
2026-05-21 20:16:17,126 - INFO - Janela de seleção aberta
2026-05-21 20:16:21,353 - INFO - DEBUG: idx=10, inicio=250, fim=275
2026-05-21 20:16:21,353 - INFO - ✅ 25 OS copiadas para a área de transferência.
2026-05-21 20:16:21,353 - INFO - 📋 Lote 11 copiado.
2026-05-21 20:16:29,673 - INFO - ⌛ Esperando mudança visual...
2026-05-21 20:16:30,695 - INFO - ⌛ Esperando mudança visual...
2026-05-21 20:16:31,714 - INFO - ⌛ Esperando mudança visual...
2026-05-21 20:16:32,729 - INFO - ⌛ Esperando mudança visual...
2026-05-21 20:16:33,743 - INFO - ⌛ Esperando mudança visual...
2026-05-21 20:16:34,758 - INFO - ⌛ Esperando mudança visual...
2026-05-21 20:16:35,775 - INFO - ⌛ Esperando mudança visual...
2026-05-21 20:16:36,789 - INFO - ⌛ Esperando mudança visual...
2026-05-21 20:16:37,806 - INFO - ⌛ Esperando mudança visual...
2026-05-21 20:16:38,821 - INFO - ⌛ Esperando mudança visual...
2026-05-21 20:16:39,837 - INFO - ⌛ Esperando mudança visual...
2026-05-21 20:16:40,853 - INFO - ✅ Tela carregada!
2026-05-21 20:16:44,857 - INFO - 
=== rotina desbloquear_os ===
2026-05-21 20:17:11,340 - INFO - ⌛ Aguardando janela de confirmação de desbloqueio...
2026-05-21 20:17:26,750 - INFO - 🟨 Registros desbloqueados com sucesso
2026-05-21 20:17:30,854 - INFO - 
=== rotina editar_os ===
2026-05-21 20:17:40,270 - INFO - 🟨 OS programadas detectadas
2026-05-21 20:17:43,376 - INFO - ⌛ Aguardando janela de edição de OS...
2026-05-21 20:17:58,826 - INFO - 🟨 Janela de edição de OS detectada
2026-05-21 20:18:20,189 - INFO - 🟨 Janela de edição de habilidade da turma detectada
2026-05-21 20:19:38,500 - INFO - ⌛ Aguardando detecção do campo de caracteristica 'EQUIPE PRÓPRIA OU EPS' ...
2026-05-21 20:19:57,846 - INFO - 🟨 campo de caracteristica 'EQUIPE PRÓPRIA OU EPS detectado
2026-05-21 20:20:19,610 - INFO - ⌛ Aguardando confirmação 4 - editar OS...
2026-05-21 20:20:35,062 - INFO - ⌛ Aguardando confirmação 4 - editar OS...
2026-05-21 20:20:50,514 - INFO - ⌛ Aguardando confirmação 4 - editar OS...
2026-05-21 20:21:05,971 - INFO - ⌛ Aguardando confirmação 4 - editar OS...
2026-05-21 20:21:21,423 - INFO - 🟨 Janela de confirmação 4 de edição de OS detectada
2026-05-21 20:21:25,536 - INFO - 
=== rotina programar_os ===
2026-05-21 20:21:52,059 - INFO - ⌛ Aguardando janela de confirmação de programação de OS...
2026-05-21 20:22:17,528 - INFO - 🟨 Janela de confirmação de programação de OS detectada
2026-05-21 20:22:30,794 - INFO - 🟨 Janela de aviso de edição de OS programadas detectada
2026-05-21 20:22:38,004 - INFO - ⌛ aguardando janela de programação de lote de OS...
2026-05-21 20:23:03,468 - INFO - 🟨 Janela de aviso de substituição de lote de OS detectada
2026-05-21 20:23:23,584 - INFO - ⌛ aguardando janela de programação de lote de OS...
2026-05-21 20:23:49,086 - INFO - 🟨 Janela de programação de lote de OS detectada
2026-05-21 20:24:38,575 - INFO - 🟨 Janela de confirmação de programação de lote de OS detectada
2026-05-21 20:24:42,785 - INFO - ⌛ aguardando confirmação final de programação do lote
2026-05-21 20:25:08,257 - INFO - 🟨 programação do lote 11 efetuado com sucesso
2026-05-21 20:25:18,362 - INFO - 
=== Iniciando lote 12/18 [LV] ===
2026-05-21 20:25:18,362 - INFO - 
=== abrir_janela_selecao ===
2026-05-21 20:25:24,670 - INFO - 
=== rotina abrir_selecao_colar_os ===
2026-05-21 20:25:24,719 - INFO - Janela de seleção aberta
2026-05-21 20:25:28,952 - INFO - DEBUG: idx=11, inicio=275, fim=300
2026-05-21 20:25:28,952 - INFO - ✅ 25 OS copiadas para a área de transferência.
2026-05-21 20:25:28,952 - INFO - 📋 Lote 12 copiado.
2026-05-21 20:25:37,266 - INFO - ⌛ Esperando mudança visual...
2026-05-21 20:25:38,293 - INFO - ⌛ Esperando mudança visual...
2026-05-21 20:25:39,308 - INFO - ⌛ Esperando mudança visual...
2026-05-21 20:25:40,321 - INFO - ⌛ Esperando mudança visual...
2026-05-21 20:25:41,337 - INFO - ⌛ Esperando mudança visual...
2026-05-21 20:25:42,353 - INFO - ⌛ Esperando mudança visual...
2026-05-21 20:25:43,356 - INFO - ⌛ Esperando mudança visual...
2026-05-21 20:25:44,369 - INFO - ⌛ Esperando mudança visual...
2026-05-21 20:25:45,383 - INFO - ⌛ Esperando mudança visual...
2026-05-21 20:25:46,399 - INFO - ⌛ Esperando mudança visual...
2026-05-21 20:25:47,414 - INFO - ⌛ Esperando mudança visual...
2026-05-21 20:25:48,430 - INFO - ✅ Tela carregada!
2026-05-21 20:25:52,435 - INFO - 
=== rotina desbloquear_os ===
2026-05-21 20:26:18,890 - INFO - ⌛ Aguardando janela de confirmação de desbloqueio...
2026-05-21 20:26:34,328 - INFO - 🟨 Registros desbloqueados com sucesso
2026-05-21 20:26:38,433 - INFO - 
=== rotina editar_os ===
2026-05-21 20:26:47,838 - INFO - 🟨 OS programadas detectadas
2026-05-21 20:26:50,953 - INFO - ⌛ Aguardando janela de edição de OS...
2026-05-21 20:27:06,390 - INFO - 🟨 Janela de edição de OS detectada
2026-05-21 20:27:27,750 - INFO - 🟨 Janela de edição de habilidade da turma detectada
2026-05-21 20:28:46,036 - INFO - ⌛ Aguardando detecção do campo de caracteristica 'EQUIPE PRÓPRIA OU EPS' ...
2026-05-21 20:29:05,378 - INFO - 🟨 campo de caracteristica 'EQUIPE PRÓPRIA OU EPS detectado
2026-05-21 20:29:27,161 - INFO - ⌛ Aguardando confirmação 4 - editar OS...
2026-05-21 20:29:42,629 - INFO - ⌛ Aguardando confirmação 4 - editar OS...
2026-05-21 20:29:58,077 - INFO - 🟨 Janela de confirmação 4 de edição de OS detectada
2026-05-21 20:30:02,193 - INFO - 
=== rotina programar_os ===
2026-05-21 20:30:28,721 - INFO - ⌛ Aguardando janela de confirmação de programação de OS...
2026-05-21 20:30:54,150 - INFO - 🟨 Janela de confirmação de programação de OS detectada
2026-05-21 20:31:07,419 - INFO - 🟨 Janela de aviso de edição de OS programadas detectada
2026-05-21 20:31:14,629 - INFO - ⌛ aguardando janela de programação de lote de OS...
2026-05-21 20:31:40,154 - INFO - 🟨 Janela de aviso de substituição de lote de OS detectada
2026-05-21 20:32:00,257 - INFO - ⌛ aguardando janela de programação de lote de OS...
2026-05-21 20:32:25,744 - INFO - 🟨 Janela de programação de lote de OS detectada
2026-05-21 20:33:15,266 - INFO - 🟨 Janela de confirmação de programação de lote de OS detectada
2026-05-21 20:33:19,479 - INFO - ⌛ aguardando confirmação final de programação do lote
2026-05-21 20:33:44,944 - INFO - 🟨 programação do lote 12 efetuado com sucesso
2026-05-21 20:33:55,051 - INFO - 
=== Iniciando lote 13/18 [LV] ===
2026-05-21 20:33:55,051 - INFO - 
=== abrir_janela_selecao ===
2026-05-21 20:34:01,357 - INFO - 
=== rotina abrir_selecao_colar_os ===
2026-05-21 20:34:01,431 - INFO - Janela de seleção aberta
2026-05-21 20:34:05,683 - INFO - DEBUG: idx=12, inicio=300, fim=325
2026-05-21 20:34:05,683 - INFO - ✅ 25 OS copiadas para a área de transferência.
2026-05-21 20:34:05,683 - INFO - 📋 Lote 13 copiado.
2026-05-21 20:34:14,009 - INFO - ⌛ Esperando mudança visual...
2026-05-21 20:34:15,029 - INFO - ⌛ Esperando mudança visual...
2026-05-21 20:34:16,043 - INFO - ⌛ Esperando mudança visual...
2026-05-21 20:34:17,059 - INFO - ⌛ Esperando mudança visual...
2026-05-21 20:34:18,075 - INFO - ⌛ Esperando mudança visual...
2026-05-21 20:34:19,091 - INFO - ⌛ Esperando mudança visual...
2026-05-21 20:34:20,123 - INFO - ⌛ Esperando mudança visual...
2026-05-21 20:34:21,138 - INFO - ⌛ Esperando mudança visual...
2026-05-21 20:34:22,154 - INFO - ⌛ Esperando mudança visual...
2026-05-21 20:34:23,169 - INFO - ⌛ Esperando mudança visual...
2026-05-21 20:34:24,186 - INFO - ⌛ Esperando mudança visual...
2026-05-21 20:34:25,201 - INFO - ✅ Tela carregada!
2026-05-21 20:34:29,206 - INFO - 
=== rotina desbloquear_os ===
2026-05-21 20:34:55,670 - INFO - ⌛ Aguardando janela de confirmação de desbloqueio...
2026-05-21 20:35:11,081 - INFO - 🟨 Registros desbloqueados com sucesso
2026-05-21 20:35:15,187 - INFO - 
=== rotina editar_os ===
2026-05-21 20:35:24,592 - INFO - ⌛ Aguardando janela de edição de OS...
2026-05-21 20:35:40,034 - INFO - 🟨 OS programadas detectadas
2026-05-21 20:35:43,139 - INFO - ⌛ Aguardando janela de edição de OS...
2026-05-21 20:35:58,578 - INFO - 🟨 Janela de edição de OS detectada
2026-05-21 20:36:19,960 - INFO - 🟨 Janela de edição de habilidade da turma detectada
2026-05-21 20:37:38,260 - INFO - ⌛ Aguardando detecção do campo de caracteristica 'EQUIPE PRÓPRIA OU EPS' ...
2026-05-21 20:37:57,621 - INFO - 🟨 campo de caracteristica 'EQUIPE PRÓPRIA OU EPS detectado
2026-05-21 20:38:19,396 - INFO - ⌛ Aguardando confirmação 4 - editar OS...
2026-05-21 20:38:34,850 - INFO - ⌛ Aguardando confirmação 4 - editar OS...
2026-05-21 20:38:50,362 - INFO - 🟨 Janela de confirmação 4 de edição de OS detectada
2026-05-21 20:38:54,464 - INFO - 
=== rotina programar_os ===
2026-05-21 20:39:20,981 - INFO - ⌛ Aguardando janela de confirmação de programação de OS...
2026-05-21 20:39:46,437 - INFO - 🟨 Janela de confirmação de programação de OS detectada
2026-05-21 20:39:59,679 - INFO - 🟨 Janela de aviso de edição de OS programadas detectada
2026-05-21 20:40:06,897 - INFO - ⌛ aguardando janela de programação de lote de OS...
2026-05-21 20:40:32,386 - INFO - 🟨 Janela de aviso de substituição de lote de OS detectada
2026-05-21 20:40:52,501 - INFO - ⌛ aguardando janela de programação de lote de OS...
2026-05-21 20:41:17,986 - INFO - 🟨 Janela de programação de lote de OS detectada
2026-05-21 20:42:07,483 - INFO - 🟨 Janela de confirmação de programação de lote de OS detectada
2026-05-21 20:42:11,680 - INFO - ⌛ aguardando confirmação final de programação do lote
2026-05-21 20:42:37,117 - INFO - ⌛ aguardando confirmação final de programação do lote
2026-05-21 20:42:37,346 - INFO - 🟨 Identificado falha no EQM
2026-05-21 20:42:37,346 - INFO - Capturando print...
2026-05-21 20:43:07,572 - INFO - ⌛ aguardando janela de programação de lote de OS...
2026-05-21 20:43:33,070 - INFO - 🟨 Janela de programação de lote de OS detectada
2026-05-21 20:44:22,583 - INFO - 🟨 Janela de confirmação de programação de lote de OS detectada
2026-05-21 20:44:26,782 - INFO - ⌛ aguardando confirmação final de programação do lote
2026-05-21 20:44:52,238 - INFO - 🟨 programação do lote 13 efetuado com sucesso
2026-05-21 20:45:02,347 - INFO - 
=== Iniciando lote 14/18 [LV] ===
2026-05-21 20:45:02,347 - INFO - 
=== abrir_janela_selecao ===
2026-05-21 20:45:08,653 - INFO - 
=== rotina abrir_selecao_colar_os ===
2026-05-21 20:45:08,721 - INFO - Janela de seleção aberta
2026-05-21 20:45:12,945 - INFO - DEBUG: idx=13, inicio=325, fim=350
2026-05-21 20:45:12,945 - INFO - ✅ 25 OS copiadas para a área de transferência.
2026-05-21 20:45:12,945 - INFO - 📋 Lote 14 copiado.
2026-05-21 20:45:21,275 - INFO - ⌛ Esperando mudança visual...
2026-05-21 20:45:22,304 - INFO - ⌛ Esperando mudança visual...
2026-05-21 20:45:23,321 - INFO - ⌛ Esperando mudança visual...
2026-05-21 20:45:24,334 - INFO - ⌛ Esperando mudança visual...
2026-05-21 20:45:25,351 - INFO - ⌛ Esperando mudança visual...
2026-05-21 20:45:26,366 - INFO - ⌛ Esperando mudança visual...
2026-05-21 20:45:27,383 - INFO - ⌛ Esperando mudança visual...
2026-05-21 20:45:28,398 - INFO - ⌛ Esperando mudança visual...
2026-05-21 20:45:29,414 - INFO - ⌛ Esperando mudança visual...
2026-05-21 20:45:30,428 - INFO - ⌛ Esperando mudança visual...
2026-05-21 20:45:31,448 - INFO - ✅ Tela carregada!
2026-05-21 20:45:35,452 - INFO - 
=== rotina desbloquear_os ===
2026-05-21 20:46:01,926 - INFO - ⌛ Aguardando janela de confirmação de desbloqueio...
2026-05-21 20:46:17,322 - INFO - 🟨 Registros desbloqueados com sucesso
2026-05-21 20:46:21,427 - INFO - 
=== rotina editar_os ===
2026-05-21 20:46:30,866 - INFO - ⌛ Aguardando janela de edição de OS...
2026-05-21 20:46:46,400 - INFO - 🟨 OS programadas detectadas
2026-05-21 20:46:49,514 - INFO - ⌛ Aguardando janela de edição de OS...
2026-05-21 20:47:04,952 - INFO - 🟨 Janela de edição de OS detectada
2026-05-21 20:47:26,308 - INFO - 🟨 Janela de edição de habilidade da turma detectada
2026-05-21 20:48:44,580 - INFO - ⌛ Aguardando detecção do campo de caracteristica 'EQUIPE PRÓPRIA OU EPS' ...
2026-05-21 20:49:03,926 - INFO - 🟨 campo de caracteristica 'EQUIPE PRÓPRIA OU EPS detectado
2026-05-21 20:49:25,706 - INFO - ⌛ Aguardando confirmação 4 - editar OS...
2026-05-21 20:49:41,147 - INFO - ⌛ Aguardando confirmação 4 - editar OS...
2026-05-21 20:49:56,591 - INFO - 🟨 Janela de confirmação 4 de edição de OS detectada
2026-05-21 20:50:00,701 - INFO - 
=== rotina programar_os ===
2026-05-21 20:50:27,221 - INFO - ⌛ Aguardando janela de confirmação de programação de OS...
2026-05-21 20:50:52,669 - INFO - 🟨 Janela de confirmação de programação de OS detectada
2026-05-21 20:51:05,923 - INFO - 🟨 Janela de aviso de edição de OS programadas detectada
2026-05-21 20:51:13,140 - INFO - ⌛ aguardando janela de programação de lote de OS...
2026-05-21 20:51:38,622 - INFO - 🟨 Janela de aviso de substituição de lote de OS detectada
2026-05-21 20:51:58,740 - INFO - ⌛ aguardando janela de programação de lote de OS...
2026-05-21 20:52:24,222 - INFO - 🟨 Janela de programação de lote de OS detectada
2026-05-21 20:53:13,729 - INFO - 🟨 Janela de confirmação de programação de lote de OS detectada
2026-05-21 20:53:17,941 - INFO - ⌛ aguardando confirmação final de programação do lote
2026-05-21 20:53:43,397 - INFO - 🟨 programação do lote 14 efetuado com sucesso
2026-05-21 20:53:53,504 - INFO - 
=== Iniciando lote 15/18 [LV] ===
2026-05-21 20:53:53,504 - INFO - 
=== abrir_janela_selecao ===
2026-05-21 20:53:59,811 - INFO - 
=== rotina abrir_selecao_colar_os ===
2026-05-21 20:53:59,858 - INFO - Janela de seleção aberta
2026-05-21 20:54:04,089 - INFO - DEBUG: idx=14, inicio=350, fim=375
2026-05-21 20:54:04,089 - INFO - ✅ 25 OS copiadas para a área de transferência.
2026-05-21 20:54:04,089 - INFO - 📋 Lote 15 copiado.
2026-05-21 20:54:12,411 - INFO - ⌛ Esperando mudança visual...
2026-05-21 20:54:13,429 - INFO - ⌛ Esperando mudança visual...
2026-05-21 20:54:14,447 - INFO - ⌛ Esperando mudança visual...
2026-05-21 20:54:15,460 - INFO - ⌛ Esperando mudança visual...
2026-05-21 20:54:16,475 - INFO - ⌛ Esperando mudança visual...
2026-05-21 20:54:17,491 - INFO - ⌛ Esperando mudança visual...
2026-05-21 20:54:18,507 - INFO - ⌛ Esperando mudança visual...
2026-05-21 20:54:19,523 - INFO - ⌛ Esperando mudança visual...
2026-05-21 20:54:20,538 - INFO - ⌛ Esperando mudança visual...
2026-05-21 20:54:21,554 - INFO - ⌛ Esperando mudança visual...
2026-05-21 20:54:22,570 - INFO - ✅ Tela carregada!
2026-05-21 20:54:26,580 - INFO - 
=== rotina desbloquear_os ===
2026-05-21 20:54:53,053 - INFO - ⌛ Aguardando janela de confirmação de desbloqueio...
2026-05-21 20:55:08,453 - INFO - 🟨 Registros desbloqueados com sucesso
2026-05-21 20:55:12,558 - INFO - 
=== rotina editar_os ===
2026-05-21 20:55:21,961 - INFO - ⌛ Aguardando janela de edição de OS...
2026-05-21 20:55:37,432 - INFO - 🟨 OS programadas detectadas
2026-05-21 20:55:40,536 - INFO - ⌛ Aguardando janela de edição de OS...
2026-05-21 20:55:55,983 - INFO - 🟨 Janela de edição de OS detectada
2026-05-21 20:56:17,377 - INFO - 🟨 Janela de edição de habilidade da turma detectada
2026-05-21 20:57:35,669 - INFO - ⌛ Aguardando detecção do campo de caracteristica 'EQUIPE PRÓPRIA OU EPS' ...
2026-05-21 20:57:55,019 - INFO - 🟨 campo de caracteristica 'EQUIPE PRÓPRIA OU EPS detectado
2026-05-21 20:58:16,791 - INFO - ⌛ Aguardando confirmação 4 - editar OS...
2026-05-21 20:58:32,252 - INFO - ⌛ Aguardando confirmação 4 - editar OS...
2026-05-21 20:58:47,718 - INFO - ⌛ Aguardando confirmação 4 - editar OS...
2026-05-21 20:59:03,155 - INFO - 🟨 Janela de confirmação 4 de edição de OS detectada
2026-05-21 20:59:07,272 - INFO - 
=== rotina programar_os ===
2026-05-21 20:59:33,795 - INFO - ⌛ Aguardando janela de confirmação de programação de OS...
2026-05-21 20:59:59,225 - INFO - 🟨 Janela de confirmação de programação de OS detectada
2026-05-21 21:00:12,482 - INFO - 🟨 Janela de aviso de edição de OS programadas detectada
2026-05-21 21:00:19,702 - INFO - ⌛ aguardando janela de programação de lote de OS...
2026-05-21 21:00:45,223 - INFO - 🟨 Janela de aviso de substituição de lote de OS detectada
2026-05-21 21:01:05,339 - INFO - ⌛ aguardando janela de programação de lote de OS...
2026-05-21 21:01:30,833 - INFO - 🟨 Janela de programação de lote de OS detectada
2026-05-21 21:02:20,345 - INFO - 🟨 Janela de confirmação de programação de lote de OS detectada
2026-05-21 21:02:24,543 - INFO - ⌛ aguardando confirmação final de programação do lote
2026-05-21 21:02:49,987 - INFO - 🟨 programação do lote 15 efetuado com sucesso
2026-05-21 21:03:00,095 - INFO - 
=== Iniciando lote 16/18 [LV] ===
2026-05-21 21:03:00,095 - INFO - 
=== abrir_janela_selecao ===
2026-05-21 21:03:06,402 - INFO - 
=== rotina abrir_selecao_colar_os ===
2026-05-21 21:03:06,463 - INFO - Janela de seleção aberta
2026-05-21 21:03:10,686 - INFO - DEBUG: idx=15, inicio=375, fim=400
2026-05-21 21:03:10,686 - INFO - ✅ 25 OS copiadas para a área de transferência.
2026-05-21 21:03:10,686 - INFO - 📋 Lote 16 copiado.
2026-05-21 21:03:19,009 - INFO - ⌛ Esperando mudança visual...
2026-05-21 21:03:20,026 - INFO - ⌛ Esperando mudança visual...
2026-05-21 21:03:21,039 - INFO - ⌛ Esperando mudança visual...
2026-05-21 21:03:22,055 - INFO - ⌛ Esperando mudança visual...
2026-05-21 21:03:23,070 - INFO - ⌛ Esperando mudança visual...
2026-05-21 21:03:24,086 - INFO - ⌛ Esperando mudança visual...
2026-05-21 21:03:25,102 - INFO - ⌛ Esperando mudança visual...
2026-05-21 21:03:26,117 - INFO - ⌛ Esperando mudança visual...
2026-05-21 21:03:27,133 - INFO - ⌛ Esperando mudança visual...
2026-05-21 21:03:28,149 - INFO - ⌛ Esperando mudança visual...
2026-05-21 21:03:29,164 - INFO - ⌛ Esperando mudança visual...
2026-05-21 21:03:30,180 - INFO - ⌛ Esperando mudança visual...
2026-05-21 21:03:31,183 - INFO - ⌛ Esperando mudança visual...
2026-05-21 21:03:32,195 - INFO - ⌛ Esperando mudança visual...
2026-05-21 21:03:33,227 - INFO - ⌛ Esperando mudança visual...
2026-05-21 21:03:34,232 - INFO - ✅ Tela carregada!
2026-05-21 21:03:38,242 - INFO - 
=== rotina desbloquear_os ===
2026-05-21 21:04:04,710 - INFO - ⌛ Aguardando janela de confirmação de desbloqueio...
2026-05-21 21:04:20,100 - INFO - ⌛ Aguardando janela de confirmação de desbloqueio...
2026-05-21 21:04:35,473 - INFO - 🟨 Registros desbloqueados com sucesso
2026-05-21 21:04:39,585 - INFO - 
=== rotina editar_os ===
2026-05-21 21:04:48,988 - INFO - ⌛ Aguardando janela de edição de OS...
2026-05-21 21:05:04,483 - INFO - 🟨 OS programadas detectadas
2026-05-21 21:05:07,599 - INFO - ⌛ Aguardando janela de edição de OS...
2026-05-21 21:05:23,058 - INFO - 🟨 Janela de edição de OS detectada
2026-05-21 21:05:44,424 - INFO - 🟨 Janela de edição de habilidade da turma detectada
2026-05-21 21:07:02,759 - INFO - ⌛ Aguardando detecção do campo de caracteristica 'EQUIPE PRÓPRIA OU EPS' ...
2026-05-21 21:07:22,110 - INFO - 🟨 campo de caracteristica 'EQUIPE PRÓPRIA OU EPS detectado
2026-05-21 21:07:43,932 - INFO - ⌛ Aguardando confirmação 4 - editar OS...
2026-05-21 21:07:59,453 - INFO - ⌛ Aguardando confirmação 4 - editar OS...
2026-05-21 21:08:14,894 - INFO - ⌛ Aguardando confirmação 4 - editar OS...
2026-05-21 21:08:30,369 - INFO - 🟨 Janela de confirmação 4 de edição de OS detectada
2026-05-21 21:08:34,474 - INFO - 
=== rotina programar_os ===
2026-05-21 21:09:01,007 - INFO - ⌛ Aguardando janela de confirmação de programação de OS...
2026-05-21 21:09:26,418 - INFO - 🟨 Janela de confirmação de programação de OS detectada
2026-05-21 21:09:39,701 - INFO - 🟨 Janela de aviso de edição de OS programadas detectada
2026-05-21 21:09:46,907 - INFO - ⌛ aguardando janela de programação de lote de OS...
2026-05-21 21:10:12,466 - INFO - 🟨 Janela de aviso de substituição de lote de OS detectada
2026-05-21 21:10:32,573 - INFO - ⌛ aguardando janela de programação de lote de OS...
2026-05-21 21:10:58,073 - INFO - 🟨 Janela de aviso de substituição de lote de OS detectada
2026-05-21 21:11:18,176 - INFO - ⌛ aguardando janela de programação de lote de OS...
2026-05-21 21:11:18,302 - INFO - 🟨 Identificado travamento no EQM, reiniciando contador de espera
2026-05-21 21:11:43,657 - INFO - 🟨 Janela de aviso de substituição de lote de OS detectada
2026-05-21 21:12:03,765 - INFO - ⌛ aguardando janela de programação de lote de OS...
2026-05-21 21:12:29,265 - INFO - 🟨 Janela de programação de lote de OS detectada
2026-05-21 21:13:18,770 - INFO - 🟨 Janela de confirmação de programação de lote de OS detectada
2026-05-21 21:13:22,970 - INFO - ⌛ aguardando confirmação final de programação do lote
2026-05-21 21:13:48,414 - INFO - 🟨 programação do lote 16 efetuado com sucesso
2026-05-21 21:13:58,527 - INFO - 
=== Iniciando lote 17/18 [LV] ===
2026-05-21 21:13:58,527 - INFO - 
=== abrir_janela_selecao ===
2026-05-21 21:14:04,834 - INFO - 
=== rotina abrir_selecao_colar_os ===
2026-05-21 21:14:04,884 - INFO - Janela de seleção aberta
2026-05-21 21:14:09,117 - INFO - DEBUG: idx=16, inicio=400, fim=425
2026-05-21 21:14:09,117 - INFO - ✅ 25 OS copiadas para a área de transferência.
2026-05-21 21:14:09,117 - INFO - 📋 Lote 17 copiado.
2026-05-21 21:14:17,451 - INFO - ⌛ Esperando mudança visual...
2026-05-21 21:14:18,471 - INFO - ⌛ Esperando mudança visual...
2026-05-21 21:14:19,487 - INFO - ⌛ Esperando mudança visual...
2026-05-21 21:14:20,517 - INFO - ⌛ Esperando mudança visual...
2026-05-21 21:14:21,534 - INFO - ⌛ Esperando mudança visual...
2026-05-21 21:14:22,549 - INFO - ⌛ Esperando mudança visual...
2026-05-21 21:14:23,550 - INFO - ⌛ Esperando mudança visual...
2026-05-21 21:14:24,583 - INFO - ⌛ Esperando mudança visual...
2026-05-21 21:14:25,598 - INFO - ⌛ Esperando mudança visual...
2026-05-21 21:14:26,615 - INFO - ⌛ Esperando mudança visual...
2026-05-21 21:14:27,628 - INFO - ⌛ Esperando mudança visual...
2026-05-21 21:14:28,645 - INFO - ⌛ Esperando mudança visual...
2026-05-21 21:14:29,659 - INFO - ⌛ Esperando mudança visual...
2026-05-21 21:14:30,675 - INFO - ⌛ Esperando mudança visual...
2026-05-21 21:14:31,691 - INFO - ⌛ Esperando mudança visual...
2026-05-21 21:14:32,707 - INFO - ⌛ Esperando mudança visual...
2026-05-21 21:14:33,723 - INFO - ⌛ Esperando mudança visual...
2026-05-21 21:14:34,738 - INFO - ⌛ Esperando mudança visual...
2026-05-21 21:14:35,754 - INFO - ⌛ Esperando mudança visual...
2026-05-21 21:14:36,770 - INFO - ✅ Tela carregada!
2026-05-21 21:14:40,774 - INFO - 
=== rotina desbloquear_os ===
2026-05-21 21:15:07,223 - INFO - ⌛ Aguardando janela de confirmação de desbloqueio...
2026-05-21 21:15:22,642 - INFO - 🟨 Registros desbloqueados com sucesso
2026-05-21 21:15:26,749 - INFO - 
=== rotina editar_os ===
2026-05-21 21:15:36,151 - INFO - 🟨 OS programadas detectadas
2026-05-21 21:15:39,254 - INFO - ⌛ Aguardando janela de edição de OS...
2026-05-21 21:15:54,684 - INFO - 🟨 Janela de edição de OS detectada
2026-05-21 21:16:16,070 - INFO - 🟨 Janela de edição de habilidade da turma detectada
2026-05-21 21:17:34,413 - INFO - ⌛ Aguardando detecção do campo de caracteristica 'EQUIPE PRÓPRIA OU EPS' ...
2026-05-21 21:17:53,751 - INFO - 🟨 campo de caracteristica 'EQUIPE PRÓPRIA OU EPS detectado
2026-05-21 21:18:15,541 - INFO - ⌛ Aguardando confirmação 4 - editar OS...
2026-05-21 21:18:30,993 - INFO - ⌛ Aguardando confirmação 4 - editar OS...
2026-05-21 21:18:46,433 - INFO - ⌛ Aguardando confirmação 4 - editar OS...
2026-05-21 21:19:01,900 - INFO - 🟨 Janela de confirmação 4 de edição de OS detectada
2026-05-21 21:19:06,002 - INFO - 
=== rotina programar_os ===
2026-05-21 21:19:32,515 - INFO - ⌛ Aguardando janela de confirmação de programação de OS...
2026-05-21 21:19:57,943 - INFO - 🟨 Janela de confirmação de programação de OS detectada
2026-05-21 21:20:11,199 - INFO - 🟨 Janela de aviso de edição de OS programadas detectada
2026-05-21 21:20:18,402 - INFO - ⌛ aguardando janela de programação de lote de OS...
2026-05-21 21:20:43,889 - INFO - 🟨 Janela de aviso de substituição de lote de OS detectada
2026-05-21 21:21:03,989 - INFO - ⌛ aguardando janela de programação de lote de OS...
2026-05-21 21:21:29,468 - INFO - 🟨 Janela de programação de lote de OS detectada
2026-05-21 21:22:18,983 - INFO - 🟨 Janela de confirmação de programação de lote de OS detectada
2026-05-21 21:22:23,183 - INFO - ⌛ aguardando confirmação final de programação do lote
2026-05-21 21:22:48,633 - INFO - 🟨 programação do lote 17 efetuado com sucesso
2026-05-21 21:22:58,735 - INFO - 
=== Iniciando lote 18/18 [LV] ===
2026-05-21 21:22:58,735 - INFO - 
=== abrir_janela_selecao ===
2026-05-21 21:23:05,042 - INFO - 
=== rotina abrir_selecao_colar_os ===
2026-05-21 21:23:05,091 - INFO - Janela de seleção aberta
2026-05-21 21:23:09,318 - INFO - DEBUG: idx=17, inicio=425, fim=450
2026-05-21 21:23:09,318 - INFO - ✅ 24 OS copiadas para a área de transferência.
2026-05-21 21:23:09,318 - INFO - 📋 Lote 18 copiado.
2026-05-21 21:23:17,641 - INFO - ⌛ Esperando mudança visual...
2026-05-21 21:23:18,658 - INFO - ⌛ Esperando mudança visual...
2026-05-21 21:23:19,673 - INFO - ⌛ Esperando mudança visual...
2026-05-21 21:23:20,690 - INFO - ⌛ Esperando mudança visual...
2026-05-21 21:23:21,704 - INFO - ⌛ Esperando mudança visual...
2026-05-21 21:23:22,719 - INFO - ⌛ Esperando mudança visual...
2026-05-21 21:23:23,734 - INFO - ⌛ Esperando mudança visual...
2026-05-21 21:23:24,751 - INFO - ⌛ Esperando mudança visual...
2026-05-21 21:23:25,765 - INFO - ⌛ Esperando mudança visual...
2026-05-21 21:23:26,780 - INFO - ⌛ Esperando mudança visual...
2026-05-21 21:23:27,796 - INFO - ⌛ Esperando mudança visual...
2026-05-21 21:23:28,811 - INFO - ⌛ Esperando mudança visual...
2026-05-21 21:23:29,827 - INFO - ⌛ Esperando mudança visual...
2026-05-21 21:23:30,842 - INFO - ⌛ Esperando mudança visual...
2026-05-21 21:23:31,858 - INFO - ⌛ Esperando mudança visual...
2026-05-21 21:23:32,873 - INFO - ⌛ Esperando mudança visual...
2026-05-21 21:23:33,888 - INFO - ⌛ Esperando mudança visual...
2026-05-21 21:23:34,904 - INFO - ✅ Tela carregada!
2026-05-21 21:23:38,905 - INFO - 
=== rotina desbloquear_os ===
2026-05-21 21:24:05,350 - INFO - ⌛ Aguardando janela de confirmação de desbloqueio...
2026-05-21 21:24:20,770 - INFO - 🟨 Registros desbloqueados com sucesso
2026-05-21 21:24:24,874 - INFO - 
=== rotina editar_os ===
2026-05-21 21:24:34,300 - INFO - ⌛ Aguardando janela de edição de OS...
2026-05-21 21:24:49,747 - INFO - 🟨 OS programadas detectadas
2026-05-21 21:24:52,857 - INFO - ⌛ Aguardando janela de edição de OS...
2026-05-21 21:25:08,276 - INFO - 🟨 Janela de edição de OS detectada
2026-05-21 21:25:29,632 - INFO - 🟨 Janela de edição de habilidade da turma detectada
2026-05-21 21:26:47,933 - INFO - ⌛ Aguardando detecção do campo de caracteristica 'EQUIPE PRÓPRIA OU EPS' ...
2026-05-21 21:27:07,276 - INFO - 🟨 campo de caracteristica 'EQUIPE PRÓPRIA OU EPS detectado
2026-05-21 21:27:29,046 - INFO - ⌛ Aguardando confirmação 4 - editar OS...
2026-05-21 21:27:44,523 - INFO - ⌛ Aguardando confirmação 4 - editar OS...
2026-05-21 21:28:00,078 - INFO - ⌛ Aguardando confirmação 4 - editar OS...
2026-05-21 21:28:15,646 - INFO - 🟨 Janela de confirmação 4 de edição de OS detectada
2026-05-21 21:28:19,748 - INFO - 
=== rotina programar_os ===
2026-05-21 21:28:46,262 - INFO - ⌛ Aguardando janela de confirmação de programação de OS...
2026-05-21 21:29:11,693 - INFO - 🟨 Janela de confirmação de programação de OS detectada
2026-05-21 21:29:24,942 - INFO - 🟨 Janela de aviso de edição de OS programadas detectada
2026-05-21 21:29:32,157 - INFO - ⌛ aguardando janela de programação de lote de OS...
2026-05-21 21:29:57,665 - INFO - 🟨 Janela de aviso de substituição de lote de OS detectada
2026-05-21 21:30:17,772 - INFO - ⌛ aguardando janela de programação de lote de OS...
2026-05-21 21:30:43,244 - INFO - 🟨 Janela de programação de lote de OS detectada
2026-05-21 21:31:32,762 - INFO - 🟨 Janela de confirmação de programação de lote de OS detectada
2026-05-21 21:31:36,982 - INFO - ⌛ aguardando confirmação final de programação do lote
2026-05-21 21:32:02,454 - INFO - 🟨 programação do lote 18 efetuado com sucesso
2026-05-21 21:32:12,562 - INFO - 
=== Iniciando lote 1/8 [LM] ===
2026-05-21 21:32:12,562 - INFO - 
=== abrir_janela_selecao ===
2026-05-21 21:32:18,869 - INFO - 
=== rotina abrir_selecao_colar_os ===
2026-05-21 21:32:18,917 - INFO - Janela de seleção aberta
2026-05-21 21:32:23,145 - INFO - DEBUG: idx=0, inicio=0, fim=25
2026-05-21 21:32:23,145 - INFO - ✅ 25 OS copiadas para a área de transferência.
2026-05-21 21:32:23,145 - INFO - 📋 Lote 1 copiado.
2026-05-21 21:32:31,468 - INFO - ⌛ Esperando mudança visual...
2026-05-21 21:32:32,482 - INFO - ⌛ Esperando mudança visual...
2026-05-21 21:32:33,497 - INFO - ⌛ Esperando mudança visual...
2026-05-21 21:32:34,517 - INFO - ⌛ Esperando mudança visual...
2026-05-21 21:32:35,528 - INFO - ⌛ Esperando mudança visual...
2026-05-21 21:32:36,550 - INFO - ⌛ Esperando mudança visual...
2026-05-21 21:32:37,576 - INFO - ⌛ Esperando mudança visual...
2026-05-21 21:32:38,582 - INFO - ⌛ Esperando mudança visual...
2026-05-21 21:32:39,592 - INFO - ⌛ Esperando mudança visual...
2026-05-21 21:32:40,607 - INFO - ⌛ Esperando mudança visual...
2026-05-21 21:32:41,629 - INFO - ⌛ Esperando mudança visual...
2026-05-21 21:32:42,640 - INFO - ⌛ Esperando mudança visual...
2026-05-21 21:32:43,654 - INFO - ⌛ Esperando mudança visual...
2026-05-21 21:32:44,669 - INFO - ⌛ Esperando mudança visual...
2026-05-21 21:32:45,702 - INFO - ⌛ Esperando mudança visual...
2026-05-21 21:32:46,717 - INFO - ⌛ Esperando mudança visual...
2026-05-21 21:32:47,733 - INFO - ⌛ Esperando mudança visual...
2026-05-21 21:32:48,750 - INFO - ⌛ Esperando mudança visual...
2026-05-21 21:32:49,764 - INFO - ⌛ Esperando mudança visual...
2026-05-21 21:32:50,780 - INFO - ⌛ Esperando mudança visual...
2026-05-21 21:32:51,793 - INFO - ⌛ Esperando mudança visual...
2026-05-21 21:32:52,808 - INFO - ✅ Tela carregada!
2026-05-21 21:32:56,819 - INFO - 
=== rotina desbloquear_os ===
2026-05-21 21:33:23,293 - INFO - ⌛ Aguardando janela de confirmação de desbloqueio...
2026-05-21 21:33:38,663 - INFO - ⌛ Aguardando janela de confirmação de desbloqueio...
2026-05-21 21:33:54,069 - INFO - 🟨 Registros desbloqueados com sucesso
2026-05-21 21:33:58,178 - INFO - 
=== rotina editar_os ===
2026-05-21 21:34:07,607 - INFO - ⌛ Aguardando janela de edição de OS...
2026-05-21 21:34:23,054 - INFO - 🟨 OS programadas detectadas
2026-05-21 21:34:26,171 - INFO - ⌛ Aguardando janela de edição de OS...
2026-05-21 21:34:41,604 - INFO - 🟨 Janela de edição de OS detectada
2026-05-21 21:35:02,970 - INFO - 🟨 Janela de edição de habilidade da turma detectada
2026-05-21 21:36:21,288 - INFO - ⌛ Aguardando detecção do campo de caracteristica 'EQUIPE PRÓPRIA OU EPS' ...
2026-05-21 21:36:40,659 - INFO - 🟨 campo de caracteristica 'EQUIPE PRÓPRIA OU EPS detectado
2026-05-21 21:37:02,439 - INFO - ⌛ Aguardando confirmação 4 - editar OS...
2026-05-21 21:37:17,856 - INFO - ⌛ Aguardando confirmação 4 - editar OS...
2026-05-21 21:37:33,299 - INFO - ⌛ Aguardando confirmação 4 - editar OS...
2026-05-21 21:37:48,747 - INFO - 🟨 Janela de confirmação 4 de edição de OS detectada
2026-05-21 21:37:52,849 - INFO - 
=== rotina programar_os ===
2026-05-21 21:38:19,364 - INFO - ⌛ Aguardando janela de confirmação de programação de OS...
2026-05-21 21:38:44,809 - INFO - 🟨 Janela de confirmação de programação de OS detectada
2026-05-21 21:38:58,068 - INFO - 🟨 Janela de aviso de edição de OS programadas detectada
2026-05-21 21:39:05,275 - INFO - ⌛ aguardando janela de programação de lote de OS...
2026-05-21 21:39:30,771 - INFO - 🟨 Janela de aviso de substituição de lote de OS detectada
2026-05-21 21:39:50,880 - INFO - ⌛ aguardando janela de programação de lote de OS...
2026-05-21 21:40:16,428 - INFO - 🟨 Janela de programação de lote de OS detectada
2026-05-21 21:41:05,938 - INFO - 🟨 Janela de confirmação de programação de lote de OS detectada
2026-05-21 21:41:10,150 - INFO - ⌛ aguardando confirmação final de programação do lote
2026-05-21 21:41:35,628 - INFO - 🟨 programação do lote 1 efetuado com sucesso
2026-05-21 21:41:45,760 - INFO - 
=== Iniciando lote 2/8 [LM] ===
2026-05-21 21:41:45,760 - INFO - 
=== abrir_janela_selecao ===
2026-05-21 21:41:52,068 - INFO - 
=== rotina abrir_selecao_colar_os ===
2026-05-21 21:41:52,121 - INFO - Janela de seleção aberta
2026-05-21 21:41:56,337 - INFO - DEBUG: idx=1, inicio=25, fim=50
2026-05-21 21:41:56,337 - INFO - ✅ 25 OS copiadas para a área de transferência.
2026-05-21 21:41:56,337 - INFO - 📋 Lote 2 copiado.
2026-05-21 21:42:04,669 - INFO - ⌛ Esperando mudança visual...
2026-05-21 21:42:05,672 - INFO - ⌛ Esperando mudança visual...
2026-05-21 21:42:06,690 - INFO - ⌛ Esperando mudança visual...
2026-05-21 21:42:07,721 - INFO - ⌛ Esperando mudança visual...
2026-05-21 21:42:08,738 - INFO - ⌛ Esperando mudança visual...
2026-05-21 21:42:09,752 - INFO - ⌛ Esperando mudança visual...
2026-05-21 21:42:10,771 - INFO - ⌛ Esperando mudança visual...
2026-05-21 21:42:11,786 - INFO - ⌛ Esperando mudança visual...
2026-05-21 21:42:12,798 - INFO - ⌛ Esperando mudança visual...
2026-05-21 21:42:13,817 - INFO - ⌛ Esperando mudança visual...
2026-05-21 21:42:14,833 - INFO - ⌛ Esperando mudança visual...
2026-05-21 21:42:15,849 - INFO - ⌛ Esperando mudança visual...
2026-05-21 21:42:16,864 - INFO - ⌛ Esperando mudança visual...
2026-05-21 21:42:17,882 - INFO - ⌛ Esperando mudança visual...
2026-05-21 21:42:18,898 - INFO - ⌛ Esperando mudança visual...
2026-05-21 21:42:19,909 - INFO - ✅ Tela carregada!
2026-05-21 21:42:23,919 - INFO - 
=== rotina desbloquear_os ===
2026-05-21 21:42:50,376 - INFO - ⌛ Aguardando janela de confirmação de desbloqueio...
2026-05-21 21:43:05,796 - INFO - 🟨 Registros desbloqueados com sucesso
2026-05-21 21:43:09,899 - INFO - 
=== rotina editar_os ===
2026-05-21 21:43:19,299 - INFO - 🟨 OS programadas detectadas
2026-05-21 21:43:22,415 - INFO - ⌛ Aguardando janela de edição de OS...
2026-05-21 21:43:37,872 - INFO - 🟨 Janela de edição de OS detectada
2026-05-21 21:43:59,223 - INFO - 🟨 Janela de edição de habilidade da turma detectada
2026-05-21 21:45:17,528 - INFO - ⌛ Aguardando detecção do campo de caracteristica 'EQUIPE PRÓPRIA OU EPS' ...
2026-05-21 21:45:36,876 - INFO - 🟨 campo de caracteristica 'EQUIPE PRÓPRIA OU EPS detectado
2026-05-21 21:45:58,658 - INFO - ⌛ Aguardando confirmação 4 - editar OS...
2026-05-21 21:46:14,122 - INFO - ⌛ Aguardando confirmação 4 - editar OS...
2026-05-21 21:46:29,569 - INFO - 🟨 Janela de confirmação 4 de edição de OS detectada
2026-05-21 21:46:33,677 - INFO - 
=== rotina programar_os ===
2026-05-21 21:47:00,212 - INFO - ⌛ Aguardando janela de confirmação de programação de OS...
2026-05-21 21:47:25,701 - INFO - 🟨 Janela de confirmação de programação de OS detectada
2026-05-21 21:47:38,985 - INFO - 🟨 Janela de aviso de edição de OS programadas detectada
2026-05-21 21:47:46,196 - INFO - ⌛ aguardando janela de programação de lote de OS...
2026-05-21 21:48:11,715 - INFO - 🟨 Janela de aviso de substituição de lote de OS detectada
2026-05-21 21:48:31,826 - INFO - ⌛ aguardando janela de programação de lote de OS...
2026-05-21 21:48:57,300 - INFO - 🟨 Janela de programação de lote de OS detectada
2026-05-21 21:49:46,859 - INFO - 🟨 Janela de confirmação de programação de lote de OS detectada
2026-05-21 21:49:51,066 - INFO - ⌛ aguardando confirmação final de programação do lote
2026-05-21 21:50:16,510 - INFO - 🟨 programação do lote 2 efetuado com sucesso
2026-05-21 21:50:26,621 - INFO - 
=== Iniciando lote 3/8 [LM] ===
2026-05-21 21:50:26,621 - INFO - 
=== abrir_janela_selecao ===
2026-05-21 21:50:32,928 - INFO - 
=== rotina abrir_selecao_colar_os ===
2026-05-21 21:50:32,986 - INFO - Janela de seleção aberta
2026-05-21 21:50:37,203 - INFO - DEBUG: idx=2, inicio=50, fim=75
2026-05-21 21:50:37,203 - INFO - ✅ 25 OS copiadas para a área de transferência.
2026-05-21 21:50:37,203 - INFO - 📋 Lote 3 copiado.
2026-05-21 21:50:45,526 - INFO - ⌛ Esperando mudança visual...
2026-05-21 21:50:46,543 - INFO - ⌛ Esperando mudança visual...
2026-05-21 21:50:47,559 - INFO - ⌛ Esperando mudança visual...
2026-05-21 21:50:48,580 - INFO - ⌛ Esperando mudança visual...
2026-05-21 21:50:49,588 - INFO - ⌛ Esperando mudança visual...
2026-05-21 21:50:50,608 - INFO - ⌛ Esperando mudança visual...
2026-05-21 21:50:51,622 - INFO - ⌛ Esperando mudança visual...
2026-05-21 21:50:52,638 - INFO - ⌛ Esperando mudança visual...
2026-05-21 21:50:53,658 - INFO - ⌛ Esperando mudança visual...
2026-05-21 21:50:54,666 - INFO - ⌛ Esperando mudança visual...
2026-05-21 21:50:55,684 - INFO - ⌛ Esperando mudança visual...
2026-05-21 21:50:56,699 - INFO - ⌛ Esperando mudança visual...
2026-05-21 21:50:57,706 - INFO - ✅ Tela carregada!
2026-05-21 21:51:01,716 - INFO - 
=== rotina desbloquear_os ===
2026-05-21 21:51:28,176 - INFO - ⌛ Aguardando janela de confirmação de desbloqueio...
2026-05-21 21:51:43,603 - INFO - 🟨 Registros desbloqueados com sucesso
2026-05-21 21:51:47,708 - INFO - 
=== rotina editar_os ===
2026-05-21 21:51:57,119 - INFO - 🟨 OS programadas detectadas
2026-05-21 21:52:00,223 - INFO - ⌛ Aguardando janela de edição de OS...
2026-05-21 21:52:15,672 - INFO - 🟨 Janela de edição de OS detectada
2026-05-21 21:52:37,044 - INFO - 🟨 Janela de edição de habilidade da turma detectada
2026-05-21 21:53:55,357 - INFO - ⌛ Aguardando detecção do campo de caracteristica 'EQUIPE PRÓPRIA OU EPS' ...
2026-05-21 21:54:14,708 - INFO - 🟨 campo de caracteristica 'EQUIPE PRÓPRIA OU EPS detectado
2026-05-21 21:54:36,474 - INFO - ⌛ Aguardando confirmação 4 - editar OS...
2026-05-21 21:54:51,883 - INFO - ⌛ Aguardando confirmação 4 - editar OS...
2026-05-21 21:55:07,312 - INFO - 🟨 Janela de confirmação 4 de edição de OS detectada
2026-05-21 21:55:11,416 - INFO - 
=== rotina programar_os ===
2026-05-21 21:55:37,922 - INFO - ⌛ Aguardando janela de confirmação de programação de OS...
2026-05-21 21:56:03,375 - INFO - 🟨 Janela de confirmação de programação de OS detectada
2026-05-21 21:56:16,625 - INFO - 🟨 Janela de aviso de edição de OS programadas detectada
2026-05-21 21:56:23,848 - INFO - ⌛ aguardando janela de programação de lote de OS...
2026-05-21 21:56:49,352 - INFO - 🟨 Janela de aviso de substituição de lote de OS detectada
2026-05-21 21:57:09,465 - INFO - ⌛ aguardando janela de programação de lote de OS...
2026-05-21 21:57:34,943 - INFO - 🟨 Janela de programação de lote de OS detectada
2026-05-21 21:58:24,467 - INFO - 🟨 Janela de confirmação de programação de lote de OS detectada
2026-05-21 21:58:28,665 - INFO - ⌛ aguardando confirmação final de programação do lote
2026-05-21 21:58:54,106 - INFO - 🟨 programação do lote 3 efetuado com sucesso
2026-05-21 21:59:04,223 - INFO - 
=== Iniciando lote 4/8 [LM] ===
2026-05-21 21:59:04,223 - INFO - 
=== abrir_janela_selecao ===
2026-05-21 21:59:10,546 - INFO - 
=== rotina abrir_selecao_colar_os ===
2026-05-21 21:59:10,593 - INFO - Janela de seleção aberta
2026-05-21 21:59:14,808 - INFO - DEBUG: idx=3, inicio=75, fim=100
2026-05-21 21:59:14,808 - INFO - ✅ 25 OS copiadas para a área de transferência.
2026-05-21 21:59:14,808 - INFO - 📋 Lote 4 copiado.
2026-05-21 21:59:23,127 - INFO - ⌛ Esperando mudança visual...
2026-05-21 21:59:24,146 - INFO - ⌛ Esperando mudança visual...
2026-05-21 21:59:25,168 - INFO - ⌛ Esperando mudança visual...
2026-05-21 21:59:26,183 - INFO - ⌛ Esperando mudança visual...
2026-05-21 21:59:27,192 - INFO - ⌛ Esperando mudança visual...
2026-05-21 21:59:28,208 - INFO - ⌛ Esperando mudança visual...
2026-05-21 21:59:29,222 - INFO - ⌛ Esperando mudança visual...
2026-05-21 21:59:30,255 - INFO - ⌛ Esperando mudança visual...
2026-05-21 21:59:31,272 - INFO - ⌛ Esperando mudança visual...
2026-05-21 21:59:32,291 - INFO - ⌛ Esperando mudança visual...
2026-05-21 21:59:33,304 - INFO - ⌛ Esperando mudança visual...
2026-05-21 21:59:34,324 - INFO - ⌛ Esperando mudança visual...
2026-05-21 21:59:35,339 - INFO - ⌛ Esperando mudança visual...
2026-05-21 21:59:36,351 - INFO - ⌛ Esperando mudança visual...
2026-05-21 21:59:37,367 - INFO - ⌛ Esperando mudança visual...
2026-05-21 21:59:38,384 - INFO - ✅ Tela carregada!
2026-05-21 21:59:42,392 - INFO - 
=== rotina desbloquear_os ===
2026-05-21 22:00:08,847 - INFO - ⌛ Aguardando janela de confirmação de desbloqueio...
2026-05-21 22:00:24,254 - INFO - 🟨 Registros desbloqueados com sucesso
2026-05-21 22:00:28,378 - INFO - 
=== rotina editar_os ===
2026-05-21 22:00:37,792 - INFO - 🟨 OS programadas detectadas
2026-05-21 22:00:40,908 - INFO - ⌛ Aguardando janela de edição de OS...
2026-05-21 22:00:56,357 - INFO - 🟨 Janela de edição de OS detectada
2026-05-21 22:01:17,730 - INFO - 🟨 Janela de edição de habilidade da turma detectada
2026-05-21 22:02:36,041 - INFO - ⌛ Aguardando detecção do campo de caracteristica 'EQUIPE PRÓPRIA OU EPS' ...
2026-05-21 22:02:55,387 - INFO - 🟨 campo de caracteristica 'EQUIPE PRÓPRIA OU EPS detectado
2026-05-21 22:03:17,139 - INFO - ⌛ Aguardando confirmação 4 - editar OS...
2026-05-21 22:03:32,580 - INFO - ⌛ Aguardando confirmação 4 - editar OS...
2026-05-21 22:03:48,013 - INFO - 🟨 Janela de confirmação 4 de edição de OS detectada
2026-05-21 22:03:52,126 - INFO - 
=== rotina programar_os ===
2026-05-21 22:04:18,633 - INFO - ⌛ Aguardando janela de confirmação de programação de OS...
2026-05-21 22:04:44,077 - INFO - 🟨 Janela de confirmação de programação de OS detectada
2026-05-21 22:04:57,334 - INFO - 🟨 Janela de aviso de edição de OS programadas detectada
2026-05-21 22:05:04,544 - INFO - ⌛ aguardando janela de programação de lote de OS...
2026-05-21 22:05:30,038 - INFO - 🟨 Janela de aviso de substituição de lote de OS detectada
2026-05-21 22:05:50,145 - INFO - ⌛ aguardando janela de programação de lote de OS...
2026-05-21 22:06:15,625 - INFO - 🟨 Janela de programação de lote de OS detectada
2026-05-21 22:07:05,120 - INFO - 🟨 Janela de confirmação de programação de lote de OS detectada
2026-05-21 22:07:09,315 - INFO - ⌛ aguardando confirmação final de programação do lote
2026-05-21 22:07:34,772 - INFO - ⌛ aguardando confirmação final de programação do lote
2026-05-21 22:08:00,230 - INFO - ⌛ aguardando confirmação final de programação do lote
2026-05-21 22:08:25,652 - INFO - ⌛ aguardando confirmação final de programação do lote
2026-05-21 22:08:51,097 - INFO - ⌛ aguardando confirmação final de programação do lote
2026-05-21 22:09:16,529 - INFO - ⌛ aguardando confirmação final de programação do lote
2026-05-21 22:09:42,019 - INFO - ⌛ aguardando confirmação final de programação do lote
2026-05-21 22:10:07,476 - INFO - ⌛ aguardando confirmação final de programação do lote
2026-05-21 22:10:32,910 - INFO - ⌛ aguardando confirmação final de programação do lote
2026-05-21 22:10:58,374 - INFO - 🟨 programação do lote 4 efetuado com sucesso
2026-05-21 22:11:08,481 - INFO - 
=== Iniciando lote 5/8 [LM] ===
2026-05-21 22:11:08,481 - INFO - 
=== abrir_janela_selecao ===
2026-05-21 22:11:14,789 - INFO - 
=== rotina abrir_selecao_colar_os ===
2026-05-21 22:11:14,845 - INFO - Janela de seleção aberta
2026-05-21 22:11:19,075 - INFO - DEBUG: idx=4, inicio=100, fim=125
2026-05-21 22:11:19,075 - INFO - ✅ 25 OS copiadas para a área de transferência.
2026-05-21 22:11:19,075 - INFO - 📋 Lote 5 copiado.
2026-05-21 22:11:27,408 - INFO - ⌛ Esperando mudança visual...
2026-05-21 22:11:28,419 - INFO - ⌛ Esperando mudança visual...
2026-05-21 22:11:29,432 - INFO - ⌛ Esperando mudança visual...
2026-05-21 22:11:30,446 - INFO - ⌛ Esperando mudança visual...
2026-05-21 22:11:31,464 - INFO - ⌛ Esperando mudança visual...
2026-05-21 22:11:32,478 - INFO - ⌛ Esperando mudança visual...
2026-05-21 22:11:33,502 - INFO - ⌛ Esperando mudança visual...
2026-05-21 22:11:34,518 - INFO - ⌛ Esperando mudança visual...
2026-05-21 22:11:35,526 - INFO - ⌛ Esperando mudança visual...
2026-05-21 22:11:36,558 - INFO - ⌛ Esperando mudança visual...
2026-05-21 22:11:37,567 - INFO - ⌛ Esperando mudança visual...
2026-05-21 22:11:38,579 - INFO - ⌛ Esperando mudança visual...
2026-05-21 22:11:39,584 - INFO - ⌛ Esperando mudança visual...
2026-05-21 22:11:40,608 - INFO - ⌛ Esperando mudança visual...
2026-05-21 22:11:41,624 - INFO - ⌛ Esperando mudança visual...
2026-05-21 22:11:42,639 - INFO - ✅ Tela carregada!
2026-05-21 22:11:46,646 - INFO - 
=== rotina desbloquear_os ===
2026-05-21 22:12:13,114 - INFO - ⌛ Aguardando janela de confirmação de desbloqueio...
2026-05-21 22:12:28,520 - INFO - 🟨 Registros desbloqueados com sucesso
2026-05-21 22:12:32,629 - INFO - 
=== rotina editar_os ===
2026-05-21 22:12:42,031 - INFO - ⌛ Aguardando janela de edição de OS...
2026-05-21 22:12:57,485 - INFO - 🟨 OS programadas detectadas
2026-05-21 22:13:00,599 - INFO - ⌛ Aguardando janela de edição de OS...
2026-05-21 22:13:16,015 - INFO - 🟨 Janela de edição de OS detectada
2026-05-21 22:13:37,382 - INFO - 🟨 Janela de edição de habilidade da turma detectada
2026-05-21 22:14:55,685 - INFO - ⌛ Aguardando detecção do campo de caracteristica 'EQUIPE PRÓPRIA OU EPS' ...
2026-05-21 22:15:15,029 - INFO - 🟨 campo de caracteristica 'EQUIPE PRÓPRIA OU EPS detectado
2026-05-21 22:15:36,815 - INFO - ⌛ Aguardando confirmação 4 - editar OS...
2026-05-21 22:15:52,269 - INFO - ⌛ Aguardando confirmação 4 - editar OS...
2026-05-21 22:16:07,721 - INFO - 🟨 Janela de confirmação 4 de edição de OS detectada
2026-05-21 22:16:11,829 - INFO - 
=== rotina programar_os ===
2026-05-21 22:16:38,356 - INFO - ⌛ Aguardando janela de confirmação de programação de OS...
2026-05-21 22:17:03,795 - INFO - 🟨 Janela de confirmação de programação de OS detectada
2026-05-21 22:17:17,057 - INFO - 🟨 Janela de aviso de edição de OS programadas detectada
2026-05-21 22:17:24,262 - INFO - ⌛ aguardando janela de programação de lote de OS...
2026-05-21 22:17:49,772 - INFO - 🟨 Janela de aviso de substituição de lote de OS detectada
2026-05-21 22:18:09,879 - INFO - ⌛ aguardando janela de programação de lote de OS...
2026-05-21 22:18:35,407 - INFO - 🟨 Janela de programação de lote de OS detectada
2026-05-21 22:19:24,947 - INFO - 🟨 Janela de confirmação de programação de lote de OS detectada
2026-05-21 22:19:29,146 - INFO - ⌛ aguardando confirmação final de programação do lote
2026-05-21 22:19:54,602 - INFO - 🟨 programação do lote 5 efetuado com sucesso
2026-05-21 22:20:04,709 - INFO - 
=== Iniciando lote 6/8 [LM] ===
2026-05-21 22:20:04,709 - INFO - 
=== abrir_janela_selecao ===
2026-05-21 22:20:11,017 - INFO - 
=== rotina abrir_selecao_colar_os ===
2026-05-21 22:20:11,068 - INFO - Janela de seleção aberta
2026-05-21 22:20:15,287 - INFO - DEBUG: idx=5, inicio=125, fim=150
2026-05-21 22:20:15,287 - INFO - ✅ 25 OS copiadas para a área de transferência.
2026-05-21 22:20:15,287 - INFO - 📋 Lote 6 copiado.
2026-05-21 22:20:23,611 - INFO - ⌛ Esperando mudança visual...
2026-05-21 22:20:24,630 - INFO - ⌛ Esperando mudança visual...
2026-05-21 22:20:25,646 - INFO - ⌛ Esperando mudança visual...
2026-05-21 22:20:26,668 - INFO - ⌛ Esperando mudança visual...
2026-05-21 22:20:27,677 - INFO - ⌛ Esperando mudança visual...
2026-05-21 22:20:28,694 - INFO - ⌛ Esperando mudança visual...
2026-05-21 22:20:29,710 - INFO - ⌛ Esperando mudança visual...
2026-05-21 22:20:30,729 - INFO - ⌛ Esperando mudança visual...
2026-05-21 22:20:31,742 - INFO - ⌛ Esperando mudança visual...
2026-05-21 22:20:32,757 - INFO - ⌛ Esperando mudança visual...
2026-05-21 22:20:33,773 - INFO - ⌛ Esperando mudança visual...
2026-05-21 22:20:34,791 - INFO - ⌛ Esperando mudança visual...
2026-05-21 22:20:35,804 - INFO - ⌛ Esperando mudança visual...
2026-05-21 22:20:36,817 - INFO - ⌛ Esperando mudança visual...
2026-05-21 22:20:37,842 - INFO - ✅ Tela carregada!
2026-05-21 22:20:41,847 - INFO - 
=== rotina desbloquear_os ===
2026-05-21 22:21:08,300 - INFO - ⌛ Aguardando janela de confirmação de desbloqueio...
2026-05-21 22:21:23,689 - INFO - 🟨 Registros desbloqueados com sucesso
2026-05-21 22:21:27,794 - INFO - 
=== rotina editar_os ===
2026-05-21 22:21:37,191 - INFO - ⌛ Aguardando janela de edição de OS...
2026-05-21 22:21:52,666 - INFO - 🟨 OS programadas detectadas
2026-05-21 22:21:55,777 - INFO - ⌛ Aguardando janela de edição de OS...
2026-05-21 22:22:11,191 - INFO - 🟨 Janela de edição de OS detectada
2026-05-21 22:22:32,565 - INFO - 🟨 Janela de edição de habilidade da turma detectada
2026-05-21 22:23:50,851 - INFO - ⌛ Aguardando detecção do campo de caracteristica 'EQUIPE PRÓPRIA OU EPS' ...
2026-05-21 22:24:10,195 - INFO - 🟨 campo de caracteristica 'EQUIPE PRÓPRIA OU EPS detectado
2026-05-21 22:24:31,985 - INFO - ⌛ Aguardando confirmação 4 - editar OS...
2026-05-21 22:24:47,459 - INFO - ⌛ Aguardando confirmação 4 - editar OS...
2026-05-21 22:25:02,969 - INFO - ⌛ Aguardando confirmação 4 - editar OS...
2026-05-21 22:25:18,404 - INFO - 🟨 Janela de confirmação 4 de edição de OS detectada
2026-05-21 22:25:22,510 - INFO - 
=== rotina programar_os ===
2026-05-21 22:25:49,034 - INFO - ⌛ Aguardando janela de confirmação de programação de OS...
2026-05-21 22:26:14,487 - INFO - 🟨 Janela de confirmação de programação de OS detectada
2026-05-21 22:26:27,753 - INFO - 🟨 Janela de aviso de edição de OS programadas detectada
2026-05-21 22:26:34,959 - INFO - ⌛ aguardando janela de programação de lote de OS...
2026-05-21 22:27:00,447 - INFO - 🟨 Janela de aviso de substituição de lote de OS detectada
2026-05-21 22:27:20,559 - INFO - ⌛ aguardando janela de programação de lote de OS...
2026-05-21 22:27:46,111 - INFO - 🟨 Janela de programação de lote de OS detectada
2026-05-21 22:28:35,642 - INFO - 🟨 Janela de confirmação de programação de lote de OS detectada
2026-05-21 22:28:39,857 - INFO - ⌛ aguardando confirmação final de programação do lote
2026-05-21 22:29:05,318 - INFO - 🟨 programação do lote 6 efetuado com sucesso
2026-05-21 22:29:15,423 - INFO - 
=== Iniciando lote 7/8 [LM] ===
2026-05-21 22:29:15,423 - INFO - 
=== abrir_janela_selecao ===
2026-05-21 22:29:21,731 - INFO - 
=== rotina abrir_selecao_colar_os ===
2026-05-21 22:29:21,789 - INFO - Janela de seleção aberta
2026-05-21 22:29:26,008 - INFO - DEBUG: idx=6, inicio=150, fim=175
2026-05-21 22:29:26,008 - INFO - ✅ 25 OS copiadas para a área de transferência.
2026-05-21 22:29:26,008 - INFO - 📋 Lote 7 copiado.
2026-05-21 22:29:34,327 - INFO - ⌛ Esperando mudança visual...
2026-05-21 22:29:35,350 - INFO - ⌛ Esperando mudança visual...
2026-05-21 22:29:36,361 - INFO - ⌛ Esperando mudança visual...
2026-05-21 22:29:37,376 - INFO - ⌛ Esperando mudança visual...
2026-05-21 22:29:38,398 - INFO - ⌛ Esperando mudança visual...
2026-05-21 22:29:39,408 - INFO - ⌛ Esperando mudança visual...
2026-05-21 22:29:40,424 - INFO - ⌛ Esperando mudança visual...
2026-05-21 22:29:41,440 - INFO - ⌛ Esperando mudança visual...
2026-05-21 22:29:42,454 - INFO - ⌛ Esperando mudança visual...
2026-05-21 22:29:43,472 - INFO - ⌛ Esperando mudança visual...
2026-05-21 22:29:44,489 - INFO - ⌛ Esperando mudança visual...
2026-05-21 22:29:45,503 - INFO - ⌛ Esperando mudança visual...
2026-05-21 22:29:46,546 - INFO - ⌛ Esperando mudança visual...
2026-05-21 22:29:47,561 - INFO - ✅ Tela carregada!
2026-05-21 22:29:51,564 - INFO - 
=== rotina desbloquear_os ===
2026-05-21 22:30:18,047 - INFO - ⌛ Aguardando janela de confirmação de desbloqueio...
2026-05-21 22:30:33,473 - INFO - 🟨 Registros desbloqueados com sucesso
2026-05-21 22:30:37,578 - INFO - 
=== rotina editar_os ===
2026-05-21 22:30:47,021 - INFO - ⌛ Aguardando janela de edição de OS...
2026-05-21 22:31:02,447 - INFO - 🟨 OS programadas detectadas
2026-05-21 22:31:05,561 - INFO - ⌛ Aguardando janela de edição de OS...
2026-05-21 22:31:21,019 - INFO - 🟨 Janela de edição de OS detectada
2026-05-21 22:31:42,407 - INFO - 🟨 Janela de edição de habilidade da turma detectada
2026-05-21 22:33:00,719 - INFO - ⌛ Aguardando detecção do campo de caracteristica 'EQUIPE PRÓPRIA OU EPS' ...
2026-05-21 22:33:20,060 - INFO - 🟨 campo de caracteristica 'EQUIPE PRÓPRIA OU EPS detectado
2026-05-21 22:33:41,838 - INFO - ⌛ Aguardando confirmação 4 - editar OS...
2026-05-21 22:33:57,307 - INFO - ⌛ Aguardando confirmação 4 - editar OS...
2026-05-21 22:34:12,764 - INFO - ⌛ Aguardando confirmação 4 - editar OS...
2026-05-21 22:34:28,216 - INFO - 🟨 Janela de confirmação 4 de edição de OS detectada
2026-05-21 22:34:32,331 - INFO - 
=== rotina programar_os ===
2026-05-21 22:34:58,862 - INFO - ⌛ Aguardando janela de confirmação de programação de OS...
2026-05-21 22:35:24,273 - INFO - 🟨 Janela de confirmação de programação de OS detectada
2026-05-21 22:35:37,538 - INFO - 🟨 Janela de aviso de edição de OS programadas detectada
2026-05-21 22:35:44,751 - INFO - ⌛ aguardando janela de programação de lote de OS...
2026-05-21 22:36:10,277 - INFO - 🟨 Janela de aviso de substituição de lote de OS detectada
2026-05-21 22:36:30,385 - INFO - ⌛ aguardando janela de programação de lote de OS...
2026-05-21 22:36:55,890 - INFO - 🟨 Janela de aviso de substituição de lote de OS detectada
2026-05-21 22:37:15,995 - INFO - ⌛ aguardando janela de programação de lote de OS...
2026-05-21 22:37:16,124 - INFO - 🟨 Identificado travamento no EQM, reiniciando contador de espera
2026-05-21 22:37:41,519 - INFO - 🟨 Janela de aviso de substituição de lote de OS detectada
2026-05-21 22:38:01,635 - INFO - ⌛ aguardando janela de programação de lote de OS...
2026-05-21 22:38:27,115 - INFO - 🟨 Janela de programação de lote de OS detectada
2026-05-21 22:39:16,627 - INFO - 🟨 Janela de confirmação de programação de lote de OS detectada
2026-05-21 22:39:20,813 - INFO - ⌛ aguardando confirmação final de programação do lote
2026-05-21 22:39:46,298 - INFO - 🟨 programação do lote 7 efetuado com sucesso
2026-05-21 22:39:56,404 - INFO - 
=== Iniciando lote 8/8 [LM] ===
2026-05-21 22:39:56,404 - INFO - 
=== abrir_janela_selecao ===
2026-05-21 22:40:02,712 - INFO - 
=== rotina abrir_selecao_colar_os ===
2026-05-21 22:40:02,772 - INFO - Janela de seleção aberta
2026-05-21 22:40:06,995 - INFO - DEBUG: idx=7, inicio=175, fim=200
2026-05-21 22:40:06,995 - INFO - ✅ 10 OS copiadas para a área de transferência.
2026-05-21 22:40:06,995 - INFO - 📋 Lote 8 copiado.
2026-05-21 22:40:15,310 - INFO - ⌛ Esperando mudança visual...
2026-05-21 22:40:16,329 - INFO - ⌛ Esperando mudança visual...
2026-05-21 22:40:17,350 - INFO - ⌛ Esperando mudança visual...
2026-05-21 22:40:18,363 - INFO - ⌛ Esperando mudança visual...
2026-05-21 22:40:19,376 - INFO - ⌛ Esperando mudança visual...
2026-05-21 22:40:20,392 - INFO - ⌛ Esperando mudança visual...
2026-05-21 22:40:21,396 - INFO - ⌛ Esperando mudança visual...
2026-05-21 22:40:22,402 - INFO - ⌛ Esperando mudança visual...
2026-05-21 22:40:23,419 - INFO - ⌛ Esperando mudança visual...
2026-05-21 22:40:24,440 - INFO - ⌛ Esperando mudança visual...
2026-05-21 22:40:25,468 - INFO - ⌛ Esperando mudança visual...
2026-05-21 22:40:26,484 - INFO - ⌛ Esperando mudança visual...
2026-05-21 22:40:27,499 - INFO - ⌛ Esperando mudança visual...
2026-05-21 22:40:28,515 - INFO - ✅ Tela carregada!
2026-05-21 22:40:32,526 - INFO - 
=== rotina desbloquear_os ===
2026-05-21 22:40:58,976 - INFO - ⌛ Aguardando janela de confirmação de desbloqueio...
2026-05-21 22:41:14,375 - INFO - 🟨 Registros desbloqueados com sucesso
2026-05-21 22:41:18,479 - INFO - 
=== rotina editar_os ===
2026-05-21 22:41:27,888 - INFO - ⌛ Aguardando janela de edição de OS...
2026-05-21 22:41:43,339 - INFO - 🟨 OS programadas detectadas
2026-05-21 22:41:46,442 - INFO - ⌛ Aguardando janela de edição de OS...
2026-05-21 22:42:01,868 - INFO - 🟨 Janela de edição de OS detectada
2026-05-21 22:42:23,232 - INFO - 🟨 Janela de edição de habilidade da turma detectada
2026-05-21 22:43:41,531 - INFO - ⌛ Aguardando detecção do campo de caracteristica 'EQUIPE PRÓPRIA OU EPS' ...
2026-05-21 22:44:00,880 - INFO - 🟨 campo de caracteristica 'EQUIPE PRÓPRIA OU EPS detectado
2026-05-21 22:44:22,666 - INFO - ⌛ Aguardando confirmação 4 - editar OS...
2026-05-21 22:44:38,113 - INFO - 🟨 Janela de confirmação 4 de edição de OS detectada
2026-05-21 22:44:42,222 - INFO - 
=== rotina programar_os ===
2026-05-21 22:45:08,738 - INFO - ⌛ Aguardando janela de confirmação de programação de OS...
2026-05-21 22:45:34,182 - INFO - 🟨 Janela de confirmação de programação de OS detectada
2026-05-21 22:45:47,430 - INFO - 🟨 Janela de aviso de edição de OS programadas detectada
2026-05-21 22:45:54,639 - INFO - ⌛ aguardando janela de programação de lote de OS...
2026-05-21 22:46:20,174 - INFO - 🟨 Janela de aviso de substituição de lote de OS detectada
2026-05-21 22:46:40,288 - INFO - ⌛ aguardando janela de programação de lote de OS...
2026-05-21 22:47:05,775 - INFO - 🟨 Janela de programação de lote de OS detectada
2026-05-21 22:47:55,273 - INFO - 🟨 Janela de confirmação de programação de lote de OS detectada
2026-05-21 22:47:59,469 - INFO - ⌛ aguardando confirmação final de programação do lote
2026-05-21 22:48:24,908 - INFO - 🟨 programação do lote 8 efetuado com sucesso
2026-05-21 22:48:35,019 - INFO - 
=== Iniciando lote 1/498 [REDES] ===
2026-05-21 22:48:35,019 - INFO - 
=== abrir_janela_selecao ===
2026-05-21 22:48:41,327 - INFO - 
=== rotina abrir_selecao_colar_os ===
2026-05-21 22:48:41,385 - INFO - Janela de seleção aberta
2026-05-21 22:48:45,606 - INFO - DEBUG: idx=0, inicio=0, fim=25
2026-05-21 22:48:45,606 - INFO - ✅ 25 OS copiadas para a área de transferência.
2026-05-21 22:48:45,606 - INFO - 📋 Lote 1 copiado.
2026-05-21 22:48:53,925 - INFO - ⌛ Esperando mudança visual...
2026-05-21 22:48:54,942 - INFO - ⌛ Esperando mudança visual...
2026-05-21 22:48:55,957 - INFO - ⌛ Esperando mudança visual...
2026-05-21 22:48:56,971 - INFO - ⌛ Esperando mudança visual...
2026-05-21 22:48:57,983 - INFO - ⌛ Esperando mudança visual...
2026-05-21 22:48:59,005 - INFO - ⌛ Esperando mudança visual...
2026-05-21 22:49:00,020 - INFO - ⌛ Esperando mudança visual...
2026-05-21 22:49:01,035 - INFO - ⌛ Esperando mudança visual...
2026-05-21 22:49:02,067 - INFO - ⌛ Esperando mudança visual...
2026-05-21 22:49:03,082 - INFO - ⌛ Esperando mudança visual...
2026-05-21 22:49:04,099 - INFO - ⌛ Esperando mudança visual...
2026-05-21 22:49:05,114 - INFO - ⌛ Esperando mudança visual...
2026-05-21 22:49:06,129 - INFO - ✅ Tela carregada!
2026-05-21 22:49:10,144 - INFO - 
=== rotina desbloquear_os ===
2026-05-21 22:49:36,629 - INFO - ⌛ Aguardando janela de confirmação de desbloqueio...
2026-05-21 22:49:52,033 - INFO - 🟨 Registros desbloqueados com sucesso
2026-05-21 22:49:56,137 - INFO - 
=== rotina editar_os ===
2026-05-21 22:50:05,535 - INFO - ⌛ Aguardando janela de edição de OS...
2026-05-21 22:50:20,998 - INFO - 🟨 OS programadas detectadas
2026-05-21 22:50:24,107 - INFO - ⌛ Aguardando janela de edição de OS...
2026-05-21 22:50:39,554 - INFO - 🟨 Janela de edição de OS detectada
2026-05-21 22:51:00,928 - INFO - 🟨 Janela de edição de habilidade da turma detectada
2026-05-21 22:52:19,231 - INFO - ⌛ Aguardando detecção do campo de caracteristica 'EQUIPE PRÓPRIA OU EPS' ...
2026-05-21 22:52:38,567 - INFO - 🟨 campo de caracteristica 'EQUIPE PRÓPRIA OU EPS detectado
2026-05-21 22:53:00,368 - INFO - ⌛ Aguardando confirmação 4 - editar OS...
2026-05-21 22:53:15,800 - INFO - ⌛ Aguardando confirmação 4 - editar OS...
2026-05-21 22:53:31,262 - INFO - ⌛ Aguardando confirmação 4 - editar OS...
2026-05-21 22:53:46,717 - INFO - 🟨 Janela de confirmação 4 de edição de OS detectada
2026-05-21 22:53:50,823 - INFO - 
=== rotina programar_os ===
2026-05-21 22:54:17,366 - INFO - ⌛ Aguardando janela de confirmação de programação de OS...
2026-05-21 22:54:42,758 - INFO - 🟨 Janela de confirmação de programação de OS detectada
2026-05-21 22:54:56,001 - INFO - 🟨 Janela de aviso de edição de OS programadas detectada
2026-05-21 22:55:03,220 - INFO - ⌛ aguardando janela de programação de lote de OS...
2026-05-21 22:55:28,711 - INFO - 🟨 Janela de aviso de substituição de lote de OS detectada
2026-05-21 22:55:48,820 - INFO - ⌛ aguardando janela de programação de lote de OS...
2026-05-21 22:56:14,301 - INFO - 🟨 Janela de programação de lote de OS detectada
2026-05-21 22:57:03,837 - INFO - 🟨 Janela de confirmação de programação de lote de OS detectada
2026-05-21 22:57:08,037 - INFO - ⌛ aguardando confirmação final de programação do lote
2026-05-21 22:57:33,553 - INFO - 🟨 programação do lote 1 efetuado com sucesso
2026-05-21 22:57:43,658 - INFO - 
=== Iniciando lote 2/498 [REDES] ===
2026-05-21 22:57:43,658 - INFO - 
=== abrir_janela_selecao ===
2026-05-21 22:57:49,963 - INFO - 
=== rotina abrir_selecao_colar_os ===
2026-05-21 22:57:50,039 - INFO - Janela de seleção aberta
2026-05-21 22:57:54,248 - INFO - DEBUG: idx=1, inicio=25, fim=50
2026-05-21 22:57:54,248 - INFO - ✅ 25 OS copiadas para a área de transferência.
2026-05-21 22:57:54,248 - INFO - 📋 Lote 2 copiado.
2026-05-21 22:58:02,575 - INFO - ⌛ Esperando mudança visual...
2026-05-21 22:58:09,904 - INFO - ⌛ Esperando mudança visual...
2026-05-21 22:58:10,906 - INFO - ⌛ Esperando mudança visual...
2026-05-21 22:58:11,916 - INFO - ⌛ Esperando mudança visual...
2026-05-21 22:58:13,372 - INFO - ⌛ Esperando mudança visual...
2026-05-21 22:58:14,412 - INFO - ⌛ Esperando mudança visual...
2026-05-21 22:58:15,428 - INFO - ⌛ Esperando mudança visual...
2026-05-21 22:58:16,442 - INFO - ⌛ Esperando mudança visual...
2026-05-21 22:58:17,464 - INFO - ⌛ Esperando mudança visual...
2026-05-21 22:58:18,748 - INFO - ⌛ Esperando mudança visual...
2026-05-21 22:58:28,281 - INFO - ✅ Tela carregada!
2026-05-21 22:58:32,288 - INFO - 
=== rotina desbloquear_os ===
2026-05-21 22:58:58,764 - INFO - ⌛ Aguardando janela de confirmação de desbloqueio...
2026-05-21 22:59:14,182 - INFO - 🟨 Registros desbloqueados com sucesso
2026-05-21 22:59:18,294 - INFO - 
=== rotina editar_os ===
2026-05-21 22:59:27,695 - INFO - ⌛ Aguardando janela de edição de OS...
2026-05-21 22:59:43,138 - INFO - 🟨 OS programadas detectadas
2026-05-21 22:59:46,240 - INFO - ⌛ Aguardando janela de edição de OS...
2026-05-21 23:00:01,674 - INFO - 🟨 Janela de edição de OS detectada
2026-05-21 23:00:23,037 - INFO - 🟨 Janela de edição de habilidade da turma detectada
2026-05-21 23:01:41,360 - INFO - ⌛ Aguardando detecção do campo de caracteristica 'EQUIPE PRÓPRIA OU EPS' ...
2026-05-21 23:02:00,721 - INFO - 🟨 campo de caracteristica 'EQUIPE PRÓPRIA OU EPS detectado
2026-05-21 23:02:22,495 - INFO - ⌛ Aguardando confirmação 4 - editar OS...
2026-05-21 23:02:37,951 - INFO - ⌛ Aguardando confirmação 4 - editar OS...
2026-05-21 23:02:53,385 - INFO - ⌛ Aguardando confirmação 4 - editar OS...
2026-05-21 23:03:08,813 - INFO - 🟨 Janela de confirmação 4 de edição de OS detectada
2026-05-21 23:03:12,920 - INFO - 
=== rotina programar_os ===
2026-05-21 23:03:39,440 - INFO - ⌛ Aguardando janela de confirmação de programação de OS...
2026-05-21 23:04:04,859 - INFO - 🟨 Janela de confirmação de programação de OS detectada
2026-05-21 23:04:18,106 - INFO - 🟨 Janela de aviso de edição de OS programadas detectada
2026-05-21 23:04:25,322 - INFO - ⌛ aguardando janela de programação de lote de OS...
2026-05-21 23:04:50,813 - INFO - 🟨 Janela de aviso de substituição de lote de OS detectada
2026-05-21 23:05:10,921 - INFO - ⌛ aguardando janela de programação de lote de OS...
2026-05-21 23:05:36,455 - INFO - 🟨 Janela de programação de lote de OS detectada
2026-05-21 23:06:25,949 - INFO - 🟨 Janela de confirmação de programação de lote de OS detectada
2026-05-21 23:06:30,170 - INFO - ⌛ aguardando confirmação final de programação do lote
2026-05-21 23:06:55,644 - INFO - 🟨 programação do lote 2 efetuado com sucesso
2026-05-21 23:07:05,750 - INFO - 
=== Iniciando lote 3/498 [REDES] ===
2026-05-21 23:07:05,750 - INFO - 
=== abrir_janela_selecao ===
2026-05-21 23:07:12,058 - INFO - 
=== rotina abrir_selecao_colar_os ===
2026-05-21 23:07:12,115 - INFO - Janela de seleção aberta
2026-05-21 23:07:16,333 - INFO - DEBUG: idx=2, inicio=50, fim=75
2026-05-21 23:07:16,333 - INFO - ✅ 25 OS copiadas para a área de transferência.
2026-05-21 23:07:16,333 - INFO - 📋 Lote 3 copiado.
2026-05-21 23:07:24,662 - INFO - ⌛ Esperando mudança visual...
2026-05-21 23:07:25,677 - INFO - ⌛ Esperando mudança visual...
2026-05-21 23:07:26,687 - INFO - ⌛ Esperando mudança visual...
2026-05-21 23:07:27,706 - INFO - ⌛ Esperando mudança visual...
2026-05-21 23:07:28,718 - INFO - ⌛ Esperando mudança visual...
2026-05-21 23:07:29,736 - INFO - ⌛ Esperando mudança visual...
2026-05-21 23:07:30,747 - INFO - ⌛ Esperando mudança visual...
2026-05-21 23:07:31,766 - INFO - ⌛ Esperando mudança visual...
2026-05-21 23:07:32,787 - INFO - ⌛ Esperando mudança visual...
2026-05-21 23:07:33,790 - INFO - ⌛ Esperando mudança visual...
2026-05-21 23:07:34,795 - INFO - ⌛ Esperando mudança visual...
2026-05-21 23:07:35,808 - INFO - ⌛ Esperando mudança visual...
2026-05-21 23:07:36,842 - INFO - ⌛ Esperando mudança visual...
2026-05-21 23:07:37,844 - INFO - ⌛ Esperando mudança visual...
2026-05-21 23:07:38,857 - INFO - ⌛ Esperando mudança visual...
2026-05-21 23:07:39,860 - INFO - ⌛ Esperando mudança visual...
2026-05-21 23:07:40,879 - INFO - ⌛ Esperando mudança visual...
2026-05-21 23:07:41,895 - INFO - ⌛ Esperando mudança visual...
2026-05-21 23:07:42,902 - INFO - ✅ Tela carregada!
2026-05-21 23:07:46,911 - INFO - 
=== rotina desbloquear_os ===
2026-05-21 23:08:13,363 - INFO - ⌛ Aguardando janela de confirmação de desbloqueio...
2026-05-21 23:08:28,786 - INFO - 🟨 Registros desbloqueados com sucesso
2026-05-21 23:08:32,890 - INFO - 
=== rotina editar_os ===
2026-05-21 23:08:42,292 - INFO - ⌛ Aguardando janela de edição de OS...
2026-05-21 23:08:57,765 - INFO - 🟨 OS programadas detectadas
2026-05-21 23:09:00,870 - INFO - ⌛ Aguardando janela de edição de OS...
2026-05-21 23:09:16,314 - INFO - 🟨 Janela de edição de OS detectada
2026-05-21 23:09:37,681 - INFO - 🟨 Janela de edição de habilidade da turma detectada
2026-05-21 23:10:55,994 - INFO - ⌛ Aguardando detecção do campo de caracteristica 'EQUIPE PRÓPRIA OU EPS' ...
2026-05-21 23:11:15,340 - INFO - 🟨 campo de caracteristica 'EQUIPE PRÓPRIA OU EPS detectado
2026-05-21 23:11:37,105 - INFO - ⌛ Aguardando confirmação 4 - editar OS...
2026-05-21 23:11:52,573 - INFO - ⌛ Aguardando confirmação 4 - editar OS...
2026-05-21 23:12:08,001 - INFO - ⌛ Aguardando confirmação 4 - editar OS...
2026-05-21 23:12:23,433 - INFO - 🟨 Janela de confirmação 4 de edição de OS detectada
2026-05-21 23:12:27,551 - INFO - 
=== rotina programar_os ===
2026-05-21 23:12:54,059 - INFO - ⌛ Aguardando janela de confirmação de programação de OS...
2026-05-21 23:13:19,484 - INFO - 🟨 Janela de confirmação de programação de OS detectada
2026-05-21 23:13:32,744 - INFO - 🟨 Janela de aviso de edição de OS programadas detectada
2026-05-21 23:13:39,962 - INFO - ⌛ aguardando janela de programação de lote de OS...
2026-05-21 23:14:05,466 - INFO - 🟨 Janela de aviso de substituição de lote de OS detectada
2026-05-21 23:14:25,578 - INFO - ⌛ aguardando janela de programação de lote de OS...
2026-05-21 23:14:51,074 - INFO - 🟨 Janela de programação de lote de OS detectada
2026-05-21 23:15:40,593 - INFO - 🟨 Janela de confirmação de programação de lote de OS detectada
2026-05-21 23:15:44,801 - INFO - ⌛ aguardando confirmação final de programação do lote
2026-05-21 23:16:10,280 - INFO - 🟨 programação do lote 3 efetuado com sucesso
2026-05-21 23:16:20,385 - INFO - 
=== Iniciando lote 4/498 [REDES] ===
2026-05-21 23:16:20,385 - INFO - 
=== abrir_janela_selecao ===
2026-05-21 23:16:26,698 - INFO - 
=== rotina abrir_selecao_colar_os ===
2026-05-21 23:16:26,756 - INFO - Janela de seleção aberta
2026-05-21 23:16:30,974 - INFO - DEBUG: idx=3, inicio=75, fim=100
2026-05-21 23:16:30,974 - INFO - ✅ 25 OS copiadas para a área de transferência.
2026-05-21 23:16:30,974 - INFO - 📋 Lote 4 copiado.
2026-05-21 23:16:39,317 - INFO - ⌛ Esperando mudança visual...
2026-05-21 23:16:40,328 - INFO - ⌛ Esperando mudança visual...
2026-05-21 23:16:41,349 - INFO - ⌛ Esperando mudança visual...
2026-05-21 23:16:42,358 - INFO - ⌛ Esperando mudança visual...
2026-05-21 23:16:43,375 - INFO - ⌛ Esperando mudança visual...
2026-05-21 23:16:44,394 - INFO - ⌛ Esperando mudança visual...
2026-05-21 23:16:45,409 - INFO - ⌛ Esperando mudança visual...
2026-05-21 23:16:46,424 - INFO - ⌛ Esperando mudança visual...
2026-05-21 23:16:47,438 - INFO - ⌛ Esperando mudança visual...
2026-05-21 23:16:48,453 - INFO - ⌛ Esperando mudança visual...
2026-05-21 23:16:49,470 - INFO - ⌛ Esperando mudança visual...
2026-05-21 23:16:50,484 - INFO - ⌛ Esperando mudança visual...
2026-05-21 23:16:51,498 - INFO - ⌛ Esperando mudança visual...
2026-05-21 23:16:52,517 - INFO - ⌛ Esperando mudança visual...
2026-05-21 23:16:53,531 - INFO - ✅ Tela carregada!
2026-05-21 23:16:57,540 - INFO - 
=== rotina desbloquear_os ===
2026-05-21 23:17:24,017 - INFO - ⌛ Aguardando janela de confirmação de desbloqueio...
2026-05-21 23:17:39,408 - INFO - 🟨 Registros desbloqueados com sucesso
2026-05-21 23:17:43,511 - INFO - 
=== rotina editar_os ===
2026-05-21 23:17:52,905 - INFO - ⌛ Aguardando janela de edição de OS...
2026-05-21 23:18:08,367 - INFO - 🟨 OS programadas detectadas
2026-05-21 23:18:11,477 - INFO - ⌛ Aguardando janela de edição de OS...
2026-05-21 23:18:26,891 - INFO - 🟨 Janela de edição de OS detectada
2026-05-21 23:18:48,250 - INFO - 🟨 Janela de edição de habilidade da turma detectada
2026-05-21 23:20:06,570 - INFO - ⌛ Aguardando detecção do campo de caracteristica 'EQUIPE PRÓPRIA OU EPS' ...
2026-05-21 23:20:25,937 - INFO - 🟨 campo de caracteristica 'EQUIPE PRÓPRIA OU EPS detectado
2026-05-21 23:20:47,708 - INFO - ⌛ Aguardando confirmação 4 - editar OS...
2026-05-21 23:21:03,169 - INFO - ⌛ Aguardando confirmação 4 - editar OS...
2026-05-21 23:21:18,600 - INFO - ⌛ Aguardando confirmação 4 - editar OS...
2026-05-21 23:21:34,046 - INFO - 🟨 Janela de confirmação 4 de edição de OS detectada
2026-05-21 23:21:38,156 - INFO - 
=== rotina programar_os ===
2026-05-21 23:22:04,695 - INFO - ⌛ Aguardando janela de confirmação de programação de OS...
2026-05-21 23:22:30,131 - INFO - 🟨 Janela de confirmação de programação de OS detectada
2026-05-21 23:22:43,384 - INFO - 🟨 Janela de aviso de edição de OS programadas detectada
2026-05-21 23:22:50,589 - INFO - ⌛ aguardando janela de programação de lote de OS...
2026-05-21 23:23:16,071 - INFO - 🟨 Janela de aviso de substituição de lote de OS detectada
2026-05-21 23:23:36,188 - INFO - ⌛ aguardando janela de programação de lote de OS...
2026-05-21 23:24:01,684 - INFO - 🟨 Janela de programação de lote de OS detectada
2026-05-21 23:24:51,185 - INFO - 🟨 Janela de confirmação de programação de lote de OS detectada
2026-05-21 23:24:55,377 - INFO - ⌛ aguardando confirmação final de programação do lote
2026-05-21 23:25:20,828 - INFO - 🟨 programação do lote 4 efetuado com sucesso
2026-05-21 23:25:30,934 - INFO - 
=== Iniciando lote 5/498 [REDES] ===
2026-05-21 23:25:30,934 - INFO - 
=== abrir_janela_selecao ===
2026-05-21 23:25:37,242 - INFO - 
=== rotina abrir_selecao_colar_os ===
2026-05-21 23:25:37,290 - INFO - Janela de seleção aberta
2026-05-21 23:25:41,514 - INFO - DEBUG: idx=4, inicio=100, fim=125
2026-05-21 23:25:41,514 - INFO - ✅ 25 OS copiadas para a área de transferência.
2026-05-21 23:25:41,514 - INFO - 📋 Lote 5 copiado.
2026-05-21 23:25:49,835 - INFO - ⌛ Esperando mudança visual...
2026-05-21 23:25:50,859 - INFO - ⌛ Esperando mudança visual...
2026-05-21 23:25:51,871 - INFO - ⌛ Esperando mudança visual...
2026-05-21 23:25:52,886 - INFO - ⌛ Esperando mudança visual...
2026-05-21 23:25:53,902 - INFO - ⌛ Esperando mudança visual...
2026-05-21 23:25:54,922 - INFO - ⌛ Esperando mudança visual...
2026-05-21 23:25:55,933 - INFO - ⌛ Esperando mudança visual...
2026-05-21 23:25:56,955 - INFO - ⌛ Esperando mudança visual...
2026-05-21 23:25:57,969 - INFO - ⌛ Esperando mudança visual...
2026-05-21 23:25:58,980 - INFO - ⌛ Esperando mudança visual...
2026-05-21 23:25:59,999 - INFO - ⌛ Esperando mudança visual...
2026-05-21 23:26:01,012 - INFO - ⌛ Esperando mudança visual...
2026-05-21 23:26:02,027 - INFO - ✅ Tela carregada!
2026-05-21 23:26:06,034 - INFO - 
=== rotina desbloquear_os ===
2026-05-21 23:26:32,516 - INFO - ⌛ Aguardando janela de confirmação de desbloqueio...
2026-05-21 23:26:47,933 - INFO - 🟨 Registros desbloqueados com sucesso
2026-05-21 23:26:52,038 - INFO - 
=== rotina editar_os ===
2026-05-21 23:27:01,439 - INFO - ⌛ Aguardando janela de edição de OS...
2026-05-21 23:27:16,869 - INFO - 🟨 OS programadas detectadas
2026-05-21 23:27:19,986 - INFO - ⌛ Aguardando janela de edição de OS...
2026-05-21 23:27:35,406 - INFO - 🟨 Janela de edição de OS detectada
2026-05-21 23:27:56,772 - INFO - 🟨 Janela de edição de habilidade da turma detectada
2026-05-21 23:29:15,072 - INFO - ⌛ Aguardando detecção do campo de caracteristica 'EQUIPE PRÓPRIA OU EPS' ...
2026-05-21 23:29:34,430 - INFO - 🟨 campo de caracteristica 'EQUIPE PRÓPRIA OU EPS detectado
2026-05-21 23:29:56,211 - INFO - ⌛ Aguardando confirmação 4 - editar OS...
2026-05-21 23:30:11,640 - INFO - ⌛ Aguardando confirmação 4 - editar OS...
2026-05-21 23:30:27,082 - INFO - ⌛ Aguardando confirmação 4 - editar OS...
2026-05-21 23:30:42,574 - INFO - 🟨 Janela de confirmação 4 de edição de OS detectada
2026-05-21 23:30:46,684 - INFO - 
=== rotina programar_os ===
2026-05-21 23:31:13,193 - INFO - ⌛ Aguardando janela de confirmação de programação de OS...
2026-05-21 23:31:38,625 - INFO - 🟨 Janela de confirmação de programação de OS detectada
2026-05-21 23:31:51,871 - INFO - 🟨 Janela de aviso de edição de OS programadas detectada
2026-05-21 23:31:59,084 - INFO - ⌛ aguardando janela de programação de lote de OS...
2026-05-21 23:32:24,675 - INFO - 🟨 Janela de aviso de substituição de lote de OS detectada
2026-05-21 23:32:44,781 - INFO - ⌛ aguardando janela de programação de lote de OS...
2026-05-21 23:33:10,258 - INFO - 🟨 Janela de programação de lote de OS detectada
2026-05-21 23:33:59,764 - INFO - 🟨 Janela de confirmação de programação de lote de OS detectada
2026-05-21 23:34:03,971 - INFO - ⌛ aguardando confirmação final de programação do lote
2026-05-21 23:34:29,438 - INFO - 🟨 programação do lote 5 efetuado com sucesso
2026-05-21 23:34:39,553 - INFO - 
=== Iniciando lote 6/498 [REDES] ===
2026-05-21 23:34:39,553 - INFO - 
=== abrir_janela_selecao ===
2026-05-21 23:34:45,876 - INFO - 
=== rotina abrir_selecao_colar_os ===
2026-05-21 23:34:45,935 - INFO - Janela de seleção aberta
2026-05-21 23:34:50,159 - INFO - DEBUG: idx=5, inicio=125, fim=150
2026-05-21 23:34:50,159 - INFO - ✅ 25 OS copiadas para a área de transferência.
2026-05-21 23:34:50,159 - INFO - 📋 Lote 6 copiado.
2026-05-21 23:34:58,481 - INFO - ⌛ Esperando mudança visual...
2026-05-21 23:34:59,506 - INFO - ⌛ Esperando mudança visual...
2026-05-21 23:35:00,516 - INFO - ⌛ Esperando mudança visual...
2026-05-21 23:35:01,531 - INFO - ⌛ Esperando mudança visual...
2026-05-21 23:35:02,546 - INFO - ⌛ Esperando mudança visual...
2026-05-21 23:35:03,565 - INFO - ⌛ Esperando mudança visual...
2026-05-21 23:35:04,577 - INFO - ⌛ Esperando mudança visual...
2026-05-21 23:35:05,586 - INFO - ⌛ Esperando mudança visual...
2026-05-21 23:35:06,608 - INFO - ⌛ Esperando mudança visual...
2026-05-21 23:35:07,610 - INFO - ⌛ Esperando mudança visual...
2026-05-21 23:35:08,642 - INFO - ⌛ Esperando mudança visual...
2026-05-21 23:35:09,658 - INFO - ✅ Tela carregada!
2026-05-21 23:35:13,660 - INFO - 
=== rotina desbloquear_os ===
2026-05-21 23:35:40,136 - INFO - ⌛ Aguardando janela de confirmação de desbloqueio...
2026-05-21 23:35:55,528 - INFO - 🟨 Registros desbloqueados com sucesso
2026-05-21 23:35:59,631 - INFO - 
=== rotina editar_os ===
2026-05-21 23:36:09,062 - INFO - ⌛ Aguardando janela de edição de OS...
2026-05-21 23:36:24,500 - INFO - 🟨 OS programadas detectadas
2026-05-21 23:36:27,615 - INFO - ⌛ Aguardando janela de edição de OS...
2026-05-21 23:36:43,050 - INFO - 🟨 Janela de edição de OS detectada
2026-05-21 23:37:04,431 - INFO - 🟨 Janela de edição de habilidade da turma detectada
2026-05-21 23:38:22,747 - INFO - ⌛ Aguardando detecção do campo de caracteristica 'EQUIPE PRÓPRIA OU EPS' ...
2026-05-21 23:38:42,096 - INFO - 🟨 campo de caracteristica 'EQUIPE PRÓPRIA OU EPS detectado
2026-05-21 23:39:03,896 - INFO - ⌛ Aguardando confirmação 4 - editar OS...
2026-05-21 23:39:19,365 - INFO - ⌛ Aguardando confirmação 4 - editar OS...
2026-05-21 23:39:34,826 - INFO - ⌛ Aguardando confirmação 4 - editar OS...
2026-05-21 23:39:50,279 - INFO - 🟨 Janela de confirmação 4 de edição de OS detectada
2026-05-21 23:39:54,392 - INFO - 
=== rotina programar_os ===
2026-05-21 23:40:20,908 - INFO - ⌛ Aguardando janela de confirmação de programação de OS...
2026-05-21 23:40:46,334 - INFO - 🟨 Janela de confirmação de programação de OS detectada
2026-05-21 23:40:59,606 - INFO - 🟨 Janela de aviso de edição de OS programadas detectada
2026-05-21 23:41:06,813 - INFO - ⌛ aguardando janela de programação de lote de OS...
2026-05-21 23:41:32,303 - INFO - 🟨 Janela de aviso de substituição de lote de OS detectada
2026-05-21 23:41:52,411 - INFO - ⌛ aguardando janela de programação de lote de OS...
2026-05-21 23:42:17,896 - INFO - 🟨 Janela de programação de lote de OS detectada
2026-05-21 23:43:07,409 - INFO - 🟨 Janela de confirmação de programação de lote de OS detectada
2026-05-21 23:43:11,652 - INFO - ⌛ aguardando confirmação final de programação do lote
2026-05-21 23:43:37,163 - INFO - 🟨 programação do lote 6 efetuado com sucesso
2026-05-21 23:43:47,268 - INFO - 
=== Iniciando lote 7/498 [REDES] ===
2026-05-21 23:43:47,268 - INFO - 
=== abrir_janela_selecao ===
2026-05-21 23:43:53,576 - INFO - 
=== rotina abrir_selecao_colar_os ===
2026-05-21 23:43:53,634 - INFO - Janela de seleção aberta
2026-05-21 23:43:57,850 - INFO - DEBUG: idx=6, inicio=150, fim=175
2026-05-21 23:43:57,850 - INFO - ✅ 25 OS copiadas para a área de transferência.
2026-05-21 23:43:57,850 - INFO - 📋 Lote 7 copiado.
2026-05-21 23:44:06,176 - INFO - ⌛ Esperando mudança visual...
2026-05-21 23:44:07,189 - INFO - ⌛ Esperando mudança visual...
2026-05-21 23:44:08,208 - INFO - ⌛ Esperando mudança visual...
2026-05-21 23:44:09,218 - INFO - ⌛ Esperando mudança visual...
2026-05-21 23:44:10,242 - INFO - ⌛ Esperando mudança visual...
2026-05-21 23:44:11,254 - INFO - ⌛ Esperando mudança visual...
2026-05-21 23:44:12,270 - INFO - ⌛ Esperando mudança visual...
2026-05-21 23:44:13,286 - INFO - ⌛ Esperando mudança visual...
2026-05-21 23:44:14,313 - INFO - ⌛ Esperando mudança visual...
2026-05-21 23:44:15,332 - INFO - ⌛ Esperando mudança visual...
2026-05-21 23:44:16,348 - INFO - ✅ Tela carregada!
2026-05-21 23:44:20,350 - INFO - 
=== rotina desbloquear_os ===
2026-05-21 23:44:46,833 - INFO - ⌛ Aguardando janela de confirmação de desbloqueio...
2026-05-21 23:45:02,316 - INFO - 🟨 Registros desbloqueados com sucesso
2026-05-21 23:45:06,424 - INFO - 
=== rotina editar_os ===
2026-05-21 23:45:15,833 - INFO - ⌛ Aguardando janela de edição de OS...
2026-05-21 23:45:31,277 - INFO - 🟨 OS programadas detectadas
2026-05-21 23:45:34,393 - INFO - ⌛ Aguardando janela de edição de OS...
2026-05-21 23:45:49,865 - INFO - 🟨 Janela de edição de OS detectada
2026-05-21 23:46:11,215 - INFO - 🟨 Janela de edição de habilidade da turma detectada
2026-05-21 23:47:29,533 - INFO - ⌛ Aguardando detecção do campo de caracteristica 'EQUIPE PRÓPRIA OU EPS' ...
2026-05-21 23:47:48,892 - INFO - 🟨 campo de caracteristica 'EQUIPE PRÓPRIA OU EPS detectado
2026-05-21 23:48:10,656 - INFO - ⌛ Aguardando confirmação 4 - editar OS...
2026-05-21 23:48:26,134 - INFO - ⌛ Aguardando confirmação 4 - editar OS...
2026-05-21 23:48:41,595 - INFO - ⌛ Aguardando confirmação 4 - editar OS...
2026-05-21 23:48:57,021 - INFO - 🟨 Janela de confirmação 4 de edição de OS detectada
2026-05-21 23:49:01,134 - INFO - 
=== rotina programar_os ===
2026-05-21 23:49:27,668 - INFO - ⌛ Aguardando janela de confirmação de programação de OS...
2026-05-21 23:49:53,102 - INFO - 🟨 Janela de confirmação de programação de OS detectada
2026-05-21 23:50:06,359 - INFO - 🟨 Janela de aviso de edição de OS programadas detectada
2026-05-21 23:50:13,570 - INFO - ⌛ aguardando janela de programação de lote de OS...
2026-05-21 23:50:39,061 - INFO - 🟨 Janela de aviso de substituição de lote de OS detectada
2026-05-21 23:50:59,165 - INFO - ⌛ aguardando janela de programação de lote de OS...
2026-05-21 23:51:24,649 - INFO - 🟨 Janela de programação de lote de OS detectada
2026-05-21 23:52:14,142 - INFO - 🟨 Janela de confirmação de programação de lote de OS detectada
2026-05-21 23:52:18,348 - INFO - ⌛ aguardando confirmação final de programação do lote
2026-05-21 23:52:43,816 - INFO - 🟨 programação do lote 7 efetuado com sucesso
2026-05-21 23:52:53,927 - INFO - 
=== Iniciando lote 8/498 [REDES] ===
2026-05-21 23:52:53,927 - INFO - 
=== abrir_janela_selecao ===
2026-05-21 23:53:00,235 - INFO - 
=== rotina abrir_selecao_colar_os ===
2026-05-21 23:53:00,292 - INFO - Janela de seleção aberta
2026-05-21 23:53:04,505 - INFO - DEBUG: idx=7, inicio=175, fim=200
2026-05-21 23:53:04,505 - INFO - ✅ 25 OS copiadas para a área de transferência.
2026-05-21 23:53:04,505 - INFO - 📋 Lote 8 copiado.
2026-05-21 23:53:12,838 - INFO - ⌛ Esperando mudança visual...
2026-05-21 23:53:13,864 - INFO - ⌛ Esperando mudança visual...
2026-05-21 23:53:14,880 - INFO - ⌛ Esperando mudança visual...
2026-05-21 23:53:15,888 - INFO - ⌛ Esperando mudança visual...
2026-05-21 23:53:16,896 - INFO - ⌛ Esperando mudança visual...
2026-05-21 23:53:17,933 - INFO - ⌛ Esperando mudança visual...
2026-05-21 23:53:18,937 - INFO - ⌛ Esperando mudança visual...
2026-05-21 23:53:19,958 - INFO - ⌛ Esperando mudança visual...
2026-05-21 23:53:20,992 - INFO - ⌛ Esperando mudança visual...
2026-05-21 23:53:21,995 - INFO - ⌛ Esperando mudança visual...
2026-05-21 23:53:23,008 - INFO - ⌛ Esperando mudança visual...
2026-05-21 23:53:24,024 - INFO - ✅ Tela carregada!
2026-05-21 23:53:28,028 - INFO - 
=== rotina desbloquear_os ===
2026-05-21 23:53:54,489 - INFO - ⌛ Aguardando janela de confirmação de desbloqueio...
2026-05-21 23:54:09,874 - INFO - 🟨 Registros desbloqueados com sucesso
2026-05-21 23:54:13,979 - INFO - 
=== rotina editar_os ===
2026-05-21 23:54:23,383 - INFO - ⌛ Aguardando janela de edição de OS...
2026-05-21 23:54:38,860 - INFO - 🟨 OS programadas detectadas
2026-05-21 23:54:41,963 - INFO - ⌛ Aguardando janela de edição de OS...
2026-05-21 23:54:57,407 - INFO - 🟨 Janela de edição de OS detectada
2026-05-21 23:55:18,762 - INFO - 🟨 Janela de edição de habilidade da turma detectada
2026-05-21 23:56:37,067 - INFO - ⌛ Aguardando detecção do campo de caracteristica 'EQUIPE PRÓPRIA OU EPS' ...
2026-05-21 23:56:56,411 - INFO - 🟨 campo de caracteristica 'EQUIPE PRÓPRIA OU EPS detectado
2026-05-21 23:57:18,201 - INFO - ⌛ Aguardando confirmação 4 - editar OS...
2026-05-21 23:57:33,680 - INFO - ⌛ Aguardando confirmação 4 - editar OS...
2026-05-21 23:57:49,139 - INFO - 🟨 Janela de confirmação 4 de edição de OS detectada
2026-05-21 23:57:53,242 - INFO - 
=== rotina programar_os ===
2026-05-21 23:58:19,757 - INFO - ⌛ Aguardando janela de confirmação de programação de OS...
2026-05-21 23:58:45,174 - INFO - 🟨 Janela de confirmação de programação de OS detectada
2026-05-21 23:58:58,455 - INFO - 🟨 Janela de aviso de edição de OS programadas detectada
2026-05-21 23:59:05,661 - INFO - ⌛ aguardando janela de programação de lote de OS...
2026-05-21 23:59:31,196 - INFO - 🟨 Janela de aviso de substituição de lote de OS detectada
2026-05-21 23:59:51,307 - INFO - ⌛ aguardando janela de programação de lote de OS...
2026-05-22 00:00:16,781 - INFO - 🟨 Janela de programação de lote de OS detectada
2026-05-22 00:01:06,310 - INFO - 🟨 Janela de confirmação de programação de lote de OS detectada
2026-05-22 00:01:10,523 - INFO - ⌛ aguardando confirmação final de programação do lote
2026-05-22 00:01:35,979 - INFO - 🟨 programação do lote 8 efetuado com sucesso
2026-05-22 00:01:46,093 - INFO - 
=== Iniciando lote 9/498 [REDES] ===
2026-05-22 00:01:46,093 - INFO - 
=== abrir_janela_selecao ===
2026-05-22 00:01:52,402 - INFO - 
=== rotina abrir_selecao_colar_os ===
2026-05-22 00:01:52,453 - INFO - Janela de seleção aberta
2026-05-22 00:01:56,702 - INFO - DEBUG: idx=8, inicio=200, fim=225
2026-05-22 00:01:56,702 - INFO - ✅ 25 OS copiadas para a área de transferência.
2026-05-22 00:01:56,702 - INFO - 📋 Lote 9 copiado.
2026-05-22 00:02:05,021 - INFO - ⌛ Esperando mudança visual...
2026-05-22 00:02:06,046 - INFO - ⌛ Esperando mudança visual...
2026-05-22 00:02:07,046 - INFO - ⌛ Esperando mudança visual...
2026-05-22 00:02:08,058 - INFO - ⌛ Esperando mudança visual...
2026-05-22 00:02:09,069 - INFO - ⌛ Esperando mudança visual...
2026-05-22 00:02:10,085 - INFO - ⌛ Esperando mudança visual...
2026-05-22 00:02:11,101 - INFO - ⌛ Esperando mudança visual...
2026-05-22 00:02:12,120 - INFO - ⌛ Esperando mudança visual...
2026-05-22 00:02:13,133 - INFO - ⌛ Esperando mudança visual...
2026-05-22 00:02:14,148 - INFO - ⌛ Esperando mudança visual...
2026-05-22 00:02:15,165 - INFO - ⌛ Esperando mudança visual...
2026-05-22 00:02:16,200 - INFO - ⌛ Esperando mudança visual...
2026-05-22 00:02:17,213 - INFO - ✅ Tela carregada!
2026-05-22 00:02:21,221 - INFO - 
=== rotina desbloquear_os ===
2026-05-22 00:02:47,682 - INFO - ⌛ Aguardando janela de confirmação de desbloqueio...
2026-05-22 00:03:03,065 - INFO - 🟨 Registros desbloqueados com sucesso
2026-05-22 00:03:07,171 - INFO - 
=== rotina editar_os ===
2026-05-22 00:03:16,578 - INFO - ⌛ Aguardando janela de edição de OS...
2026-05-22 00:03:32,032 - INFO - 🟨 OS programadas detectadas
2026-05-22 00:03:35,138 - INFO - ⌛ Aguardando janela de edição de OS...
2026-05-22 00:03:50,579 - INFO - 🟨 Janela de edição de OS detectada
2026-05-22 00:04:11,934 - INFO - 🟨 Janela de edição de habilidade da turma detectada
2026-05-22 00:05:30,252 - INFO - ⌛ Aguardando detecção do campo de caracteristica 'EQUIPE PRÓPRIA OU EPS' ...
2026-05-22 00:05:49,613 - INFO - 🟨 campo de caracteristica 'EQUIPE PRÓPRIA OU EPS detectado
2026-05-22 00:06:11,388 - INFO - ⌛ Aguardando confirmação 4 - editar OS...
2026-05-22 00:06:26,839 - INFO - ⌛ Aguardando confirmação 4 - editar OS...
2026-05-22 00:06:42,318 - INFO - ⌛ Aguardando confirmação 4 - editar OS...
2026-05-22 00:06:57,741 - INFO - 🟨 Janela de confirmação 4 de edição de OS detectada
2026-05-22 00:07:01,852 - INFO - 
=== rotina programar_os ===
2026-05-22 00:07:28,368 - INFO - ⌛ Aguardando janela de confirmação de programação de OS...
2026-05-22 00:07:53,813 - INFO - 🟨 Janela de confirmação de programação de OS detectada
2026-05-22 00:08:07,077 - INFO - 🟨 Janela de aviso de edição de OS programadas detectada
2026-05-22 00:08:14,284 - INFO - ⌛ aguardando janela de programação de lote de OS...
2026-05-22 00:08:39,797 - INFO - 🟨 Janela de aviso de substituição de lote de OS detectada
2026-05-22 00:08:59,900 - INFO - ⌛ aguardando janela de programação de lote de OS...
2026-05-22 00:09:25,383 - INFO - 🟨 Janela de programação de lote de OS detectada
2026-05-22 00:10:14,904 - INFO - 🟨 Janela de confirmação de programação de lote de OS detectada
2026-05-22 00:10:19,101 - INFO - ⌛ aguardando confirmação final de programação do lote
2026-05-22 00:10:44,556 - INFO - 🟨 programação do lote 9 efetuado com sucesso
2026-05-22 00:10:54,662 - INFO - 
=== Iniciando lote 10/498 [REDES] ===
2026-05-22 00:10:54,662 - INFO - 
=== abrir_janela_selecao ===
2026-05-22 00:11:00,970 - INFO - 
=== rotina abrir_selecao_colar_os ===
2026-05-22 00:11:01,018 - INFO - Janela de seleção aberta
2026-05-22 00:11:05,245 - INFO - DEBUG: idx=9, inicio=225, fim=250
2026-05-22 00:11:05,245 - INFO - ✅ 25 OS copiadas para a área de transferência.
2026-05-22 00:11:05,245 - INFO - 📋 Lote 10 copiado.
2026-05-22 00:11:13,564 - INFO - ⌛ Esperando mudança visual...
2026-05-22 00:11:14,592 - INFO - ⌛ Esperando mudança visual...
2026-05-22 00:11:15,599 - INFO - ⌛ Esperando mudança visual...
2026-05-22 00:11:16,615 - INFO - ⌛ Esperando mudança visual...
2026-05-22 00:11:17,629 - INFO - ⌛ Esperando mudança visual...
2026-05-22 00:11:18,645 - INFO - ⌛ Esperando mudança visual...
2026-05-22 00:11:19,668 - INFO - ⌛ Esperando mudança visual...
2026-05-22 00:11:20,683 - INFO - ⌛ Esperando mudança visual...
2026-05-22 00:11:21,699 - INFO - ⌛ Esperando mudança visual...
2026-05-22 00:11:22,715 - INFO - ⌛ Esperando mudança visual...
2026-05-22 00:11:23,725 - INFO - ⌛ Esperando mudança visual...
2026-05-22 00:11:24,744 - INFO - ⌛ Esperando mudança visual...
2026-05-22 00:11:25,755 - INFO - ✅ Tela carregada!
2026-05-22 00:11:29,768 - INFO - 
=== rotina desbloquear_os ===
2026-05-22 00:11:56,233 - INFO - ⌛ Aguardando janela de confirmação de desbloqueio...
2026-05-22 00:12:11,614 - INFO - 🟨 Registros desbloqueados com sucesso
2026-05-22 00:12:15,719 - INFO - 
=== rotina editar_os ===
2026-05-22 00:12:25,117 - INFO - ⌛ Aguardando janela de edição de OS...
2026-05-22 00:12:40,549 - INFO - 🟨 OS programadas detectadas
2026-05-22 00:12:43,664 - INFO - ⌛ Aguardando janela de edição de OS...
2026-05-22 00:12:59,143 - INFO - 🟨 Janela de edição de OS detectada
2026-05-22 00:13:20,512 - INFO - 🟨 Janela de edição de habilidade da turma detectada
2026-05-22 00:14:38,822 - INFO - ⌛ Aguardando detecção do campo de caracteristica 'EQUIPE PRÓPRIA OU EPS' ...
2026-05-22 00:14:58,166 - INFO - 🟨 campo de caracteristica 'EQUIPE PRÓPRIA OU EPS detectado
2026-05-22 00:15:19,953 - INFO - ⌛ Aguardando confirmação 4 - editar OS...
2026-05-22 00:15:35,437 - INFO - ⌛ Aguardando confirmação 4 - editar OS...
2026-05-22 00:15:50,944 - INFO - ⌛ Aguardando confirmação 4 - editar OS...
2026-05-22 00:16:06,387 - INFO - 🟨 Janela de confirmação 4 de edição de OS detectada
2026-05-22 00:16:10,496 - INFO - 
=== rotina programar_os ===
2026-05-22 00:16:37,026 - INFO - ⌛ Aguardando janela de confirmação de programação de OS...
2026-05-22 00:17:02,472 - INFO - 🟨 Janela de confirmação de programação de OS detectada
2026-05-22 00:17:15,715 - INFO - 🟨 Janela de aviso de edição de OS programadas detectada
2026-05-22 00:17:22,928 - INFO - ⌛ aguardando janela de programação de lote de OS...
2026-05-22 00:17:48,440 - INFO - 🟨 Janela de aviso de substituição de lote de OS detectada
2026-05-22 00:18:08,544 - INFO - ⌛ aguardando janela de programação de lote de OS...
2026-05-22 00:18:34,102 - INFO - 🟨 Janela de programação de lote de OS detectada
2026-05-22 00:19:23,602 - INFO - 🟨 Janela de confirmação de programação de lote de OS detectada
2026-05-22 00:19:27,826 - INFO - ⌛ aguardando confirmação final de programação do lote
2026-05-22 00:19:53,279 - INFO - 🟨 programação do lote 10 efetuado com sucesso
2026-05-22 00:20:03,389 - INFO - 
=== Iniciando lote 11/498 [REDES] ===
2026-05-22 00:20:03,389 - INFO - 
=== abrir_janela_selecao ===
2026-05-22 00:20:09,696 - INFO - 
=== rotina abrir_selecao_colar_os ===
2026-05-22 00:20:09,752 - INFO - Janela de seleção aberta
2026-05-22 00:20:13,974 - INFO - DEBUG: idx=10, inicio=250, fim=275
2026-05-22 00:20:13,974 - INFO - ✅ 25 OS copiadas para a área de transferência.
2026-05-22 00:20:13,974 - INFO - 📋 Lote 11 copiado.
2026-05-22 00:20:22,296 - INFO - ⌛ Esperando mudança visual...
2026-05-22 00:20:23,312 - INFO - ⌛ Esperando mudança visual...
2026-05-22 00:20:24,326 - INFO - ⌛ Esperando mudança visual...
2026-05-22 00:20:25,342 - INFO - ⌛ Esperando mudança visual...
2026-05-22 00:20:26,358 - INFO - ⌛ Esperando mudança visual...
2026-05-22 00:20:27,373 - INFO - ⌛ Esperando mudança visual...
2026-05-22 00:20:28,406 - INFO - ⌛ Esperando mudança visual...
2026-05-22 00:20:29,431 - INFO - ⌛ Esperando mudança visual...
2026-05-22 00:20:30,441 - INFO - ⌛ Esperando mudança visual...
2026-05-22 00:20:31,457 - INFO - ⌛ Esperando mudança visual...
2026-05-22 00:20:32,473 - INFO - ⌛ Esperando mudança visual...
2026-05-22 00:20:33,483 - INFO - ✅ Tela carregada!
2026-05-22 00:20:37,485 - INFO - 
=== rotina desbloquear_os ===
2026-05-22 00:21:03,955 - INFO - ⌛ Aguardando janela de confirmação de desbloqueio...
2026-05-22 00:21:19,358 - INFO - 🟨 Registros desbloqueados com sucesso
2026-05-22 00:21:23,463 - INFO - 
=== rotina editar_os ===
2026-05-22 00:21:32,876 - INFO - ⌛ Aguardando janela de edição de OS...
2026-05-22 00:21:48,371 - INFO - 🟨 OS programadas detectadas
2026-05-22 00:21:51,478 - INFO - ⌛ Aguardando janela de edição de OS...
2026-05-22 00:22:06,961 - INFO - 🟨 Janela de edição de OS detectada
2026-05-22 00:22:28,326 - INFO - 🟨 Janela de edição de habilidade da turma detectada
2026-05-22 00:23:46,640 - INFO - ⌛ Aguardando detecção do campo de caracteristica 'EQUIPE PRÓPRIA OU EPS' ...
2026-05-22 00:24:05,986 - INFO - 🟨 campo de caracteristica 'EQUIPE PRÓPRIA OU EPS detectado
2026-05-22 00:24:27,772 - INFO - ⌛ Aguardando confirmação 4 - editar OS...
2026-05-22 00:24:43,288 - INFO - ⌛ Aguardando confirmação 4 - editar OS...
2026-05-22 00:24:58,770 - INFO - ⌛ Aguardando confirmação 4 - editar OS...
2026-05-22 00:25:14,224 - INFO - 🟨 Janela de confirmação 4 de edição de OS detectada
2026-05-22 00:25:18,340 - INFO - 
=== rotina programar_os ===
2026-05-22 00:25:44,853 - INFO - ⌛ Aguardando janela de confirmação de programação de OS...
2026-05-22 00:26:10,274 - INFO - 🟨 Janela de confirmação de programação de OS detectada
2026-05-22 00:26:23,561 - INFO - 🟨 Janela de aviso de edição de OS programadas detectada
2026-05-22 00:26:30,776 - INFO - ⌛ aguardando janela de programação de lote de OS...
2026-05-22 00:26:56,277 - INFO - 🟨 Janela de aviso de substituição de lote de OS detectada
2026-05-22 00:27:16,389 - INFO - ⌛ aguardando janela de programação de lote de OS...
2026-05-22 00:27:41,875 - INFO - 🟨 Janela de aviso de substituição de lote de OS detectada
2026-05-22 00:28:01,991 - INFO - ⌛ aguardando janela de programação de lote de OS...
2026-05-22 00:28:27,485 - INFO - ⌛ aguardando janela de programação de lote de OS...
2026-05-22 00:28:53,003 - INFO - ⌛ aguardando janela de programação de lote de OS...
2026-05-22 00:29:18,514 - INFO - ⌛ aguardando janela de programação de lote de OS...
2026-05-22 00:29:44,034 - INFO - ⌛ aguardando janela de programação de lote de OS...
2026-05-22 00:30:09,584 - INFO - ⌛ aguardando janela de programação de lote de OS...
2026-05-22 00:30:35,056 - INFO - ⌛ aguardando janela de programação de lote de OS...
2026-05-22 00:31:00,557 - INFO - ⌛ aguardando janela de programação de lote de OS...
2026-05-22 00:31:26,063 - INFO - ⌛ aguardando janela de programação de lote de OS...
2026-05-22 00:31:51,563 - INFO - ⌛ aguardando janela de programação de lote de OS...
2026-05-22 00:32:17,099 - INFO - ⌛ aguardando janela de programação de lote de OS...
2026-05-22 00:32:42,648 - INFO - ⌛ aguardando janela de programação de lote de OS...
2026-05-22 00:33:08,154 - INFO - ⌛ aguardando janela de programação de lote de OS...
2026-05-22 00:33:33,696 - INFO - ⌛ aguardando janela de programação de lote de OS...
2026-05-22 00:33:59,182 - INFO - ⌛ aguardando janela de programação de lote de OS...
2026-05-22 00:34:24,700 - INFO - ⌛ aguardando janela de programação de lote de OS...
2026-05-22 00:34:50,227 - INFO - ⌛ aguardando janela de programação de lote de OS...
2026-05-22 00:35:15,729 - INFO - ⌛ aguardando janela de programação de lote de OS...
2026-05-22 00:35:41,186 - INFO - ⌛ aguardando janela de programação de lote de OS...
2026-05-22 00:36:06,693 - INFO - ⌛ aguardando janela de programação de lote de OS...
2026-05-22 00:36:32,186 - INFO - ⌛ aguardando janela de programação de lote de OS...
2026-05-22 00:36:57,699 - INFO - ⌛ aguardando janela de programação de lote de OS...
2026-05-22 00:37:23,171 - INFO - ⌛ aguardando janela de programação de lote de OS...
2026-05-22 00:37:48,702 - INFO - ⌛ aguardando janela de programação de lote de OS...
2026-05-22 00:38:14,218 - INFO - ⌛ aguardando janela de programação de lote de OS...
2026-05-22 00:38:39,726 - INFO - ⌛ aguardando janela de programação de lote de OS...
2026-05-22 00:39:05,249 - INFO - ⌛ aguardando janela de programação de lote de OS...
2026-05-22 00:39:30,740 - INFO - ⌛ aguardando janela de programação de lote de OS...
2026-05-22 00:39:56,224 - INFO - ⌛ aguardando janela de programação de lote de OS...
2026-05-22 00:40:21,720 - INFO - ⌛ aguardando janela de programação de lote de OS...
2026-05-22 00:40:47,225 - INFO - ⌛ aguardando janela de programação de lote de OS...
2026-05-22 00:41:12,699 - INFO - ⌛ aguardando janela de programação de lote de OS...
2026-05-22 00:41:38,210 - INFO - ⌛ aguardando janela de programação de lote de OS...
2026-05-22 00:42:03,684 - INFO - ⌛ aguardando janela de programação de lote de OS...
2026-05-22 00:42:29,233 - INFO - ⌛ aguardando janela de programação de lote de OS...
2026-05-22 00:42:54,778 - INFO - ⌛ aguardando janela de programação de lote de OS...
2026-05-22 00:43:20,269 - INFO - ⌛ aguardando janela de programação de lote de OS...
2026-05-22 00:43:45,761 - INFO - ⌛ aguardando janela de programação de lote de OS...
2026-05-22 00:44:11,258 - INFO - ⌛ aguardando janela de programação de lote de OS...
2026-05-22 00:44:36,761 - INFO - ⌛ aguardando janela de programação de lote de OS...
2026-05-22 00:45:02,296 - INFO - ⌛ aguardando janela de programação de lote de OS...
2026-05-22 00:45:27,754 - INFO - ⌛ aguardando janela de programação de lote de OS...
2026-05-22 00:45:53,246 - INFO - ⌛ aguardando janela de programação de lote de OS...
2026-05-22 00:46:18,752 - INFO - ⌛ aguardando janela de programação de lote de OS...
2026-05-22 00:46:44,264 - INFO - ⌛ aguardando janela de programação de lote de OS...
2026-05-22 00:47:09,753 - INFO - ⌛ aguardando janela de programação de lote de OS...
2026-05-22 00:47:35,245 - INFO - ⌛ aguardando janela de programação de lote de OS...
2026-05-22 00:48:00,731 - INFO - ⌛ aguardando janela de programação de lote de OS...
2026-05-22 00:48:26,239 - INFO - ⌛ aguardando janela de programação de lote de OS...
2026-05-22 00:48:51,703 - INFO - ⌛ aguardando janela de programação de lote de OS...
2026-05-22 00:49:17,198 - INFO - ⌛ aguardando janela de programação de lote de OS...
2026-05-22 00:49:42,691 - INFO - ⌛ aguardando janela de programação de lote de OS...
2026-05-22 00:50:08,182 - INFO - ⌛ aguardando janela de programação de lote de OS...
2026-05-22 00:50:33,658 - INFO - ⌛ aguardando janela de programação de lote de OS...
2026-05-22 00:50:59,127 - INFO - ⌛ aguardando janela de programação de lote de OS...
2026-05-22 00:51:24,631 - INFO - ⌛ aguardando janela de programação de lote de OS...
2026-05-22 00:51:50,170 - INFO - ⌛ aguardando janela de programação de lote de OS...
2026-05-22 00:52:15,753 - INFO - ⌛ aguardando janela de programação de lote de OS...
2026-05-22 00:52:41,285 - INFO - ⌛ aguardando janela de programação de lote de OS...
2026-05-22 00:53:06,789 - INFO - ⌛ aguardando janela de programação de lote de OS...
2026-05-22 00:53:32,307 - INFO - ⌛ aguardando janela de programação de lote de OS...
2026-05-22 00:53:57,805 - INFO - ⌛ aguardando janela de programação de lote de OS...
2026-05-22 00:54:23,308 - INFO - ⌛ aguardando janela de programação de lote de OS...
2026-05-22 00:54:48,825 - INFO - ⌛ aguardando janela de programação de lote de OS...
2026-05-22 00:55:14,285 - INFO - ⌛ aguardando janela de programação de lote de OS...
2026-05-22 00:55:39,799 - INFO - ⌛ aguardando janela de programação de lote de OS...
2026-05-22 00:56:05,279 - INFO - ⌛ aguardando janela de programação de lote de OS...
2026-05-22 00:56:30,756 - INFO - ⌛ aguardando janela de programação de lote de OS...
2026-05-22 00:56:56,264 - INFO - ⌛ aguardando janela de programação de lote de OS...
2026-05-22 00:57:21,802 - INFO - ⌛ aguardando janela de programação de lote de OS...
2026-05-22 00:57:47,328 - INFO - ⌛ aguardando janela de programação de lote de OS...
2026-05-22 00:58:12,853 - INFO - ⌛ aguardando janela de programação de lote de OS...
2026-05-22 00:58:38,335 - INFO - ⌛ aguardando janela de programação de lote de OS...
2026-05-22 00:59:03,888 - INFO - ⌛ aguardando janela de programação de lote de OS...
2026-05-22 00:59:29,375 - INFO - ⌛ aguardando janela de programação de lote de OS...
2026-05-22 00:59:54,877 - INFO - ⌛ aguardando janela de programação de lote de OS...
2026-05-22 01:00:20,358 - INFO - ⌛ aguardando janela de programação de lote de OS...
2026-05-22 01:00:45,906 - INFO - ⌛ aguardando janela de programação de lote de OS...
2026-05-22 01:01:11,393 - INFO - ⌛ aguardando janela de programação de lote de OS...
2026-05-22 01:01:36,948 - INFO - ⌛ aguardando janela de programação de lote de OS...
2026-05-22 01:02:02,451 - INFO - ⌛ aguardando janela de programação de lote de OS...
2026-05-22 01:02:27,951 - INFO - ⌛ aguardando janela de programação de lote de OS...
2026-05-22 01:02:53,457 - INFO - ⌛ aguardando janela de programação de lote de OS...
2026-05-22 01:03:18,970 - INFO - ⌛ aguardando janela de programação de lote de OS...
2026-05-22 01:03:44,489 - INFO - ⌛ aguardando janela de programação de lote de OS...
2026-05-22 01:04:09,987 - INFO - ⌛ aguardando janela de programação de lote de OS...
2026-05-22 01:04:35,494 - INFO - ⌛ aguardando janela de programação de lote de OS...
2026-05-22 01:05:00,999 - INFO - ⌛ aguardando janela de programação de lote de OS...
2026-05-22 01:05:26,499 - INFO - ⌛ aguardando janela de programação de lote de OS...
2026-05-22 01:05:52,046 - INFO - ⌛ aguardando janela de programação de lote de OS...
2026-05-22 01:06:17,654 - INFO - verificando janela oculta
2026-05-22 01:06:38,104 - INFO - ⏱️ Tempo limite atingido. Abortando seleção
2026-05-22 01:06:38,120 - INFO - Capturando print...
