2026-06-18 09:11:05,774 - INFO - Data hoje: 18/06/2026
2026-06-18 09:11:05,774 - INFO - Data de referência: 30/06/2026
2026-06-18 09:12:36,068 - INFO - Qtde OS de LINHA VIVA: 304
2026-06-18 09:12:36,068 - INFO - Qtde OS poda de LINHA MORTA: 205
2026-06-18 09:12:36,068 - INFO - Qtde OS estrutural de LINHA MORTA : 11782
2026-06-18 09:12:36,068 - INFO - Qtde OS poda de LINHA MORTA fora carteira: 41
2026-06-18 09:12:36,068 - INFO - Qtde OS para desprogramar: 5344
2026-06-18 09:12:36,068 - INFO - 
 Qtd de lotes de LM: 9
2026-06-18 09:12:36,068 - INFO - 
 Qtd de lotes de LV: 13
2026-06-18 09:12:36,068 - INFO - 
 Qtd de lotes de ESTRUTURAL LM: 472
2026-06-18 09:12:36,068 - INFO - 
 Qtd de lotes de LEVE: 2
2026-06-18 09:12:36,068 - INFO - 
 Qtd de lotes para desprogramar: 214
2026-06-18 09:12:36,068 - INFO - 
=== Iniciando lote 1/214  ===
2026-06-18 09:12:42,552 - INFO - Janela de seleção aberta
2026-06-18 09:12:46,777 - INFO - DEBUG: idx=0, inicio=0, fim=25
2026-06-18 09:12:46,777 - INFO - ✅ 25 OS copiadas para a área de transferência.
2026-06-18 09:12:46,777 - INFO - 📋 Lote 1 copiado.
2026-06-18 09:12:55,103 - INFO - ⌛ Esperando mudança visual...
2026-06-18 09:12:56,116 - INFO - ✅ Tela carregada!
2026-06-18 09:13:26,607 - INFO - ⌛ Aguardando janela de confirmação de desbloqueio...
2026-06-18 09:13:42,003 - INFO - 🟨 Registros desbloqueados com sucesso
2026-06-18 09:22:44,053 - INFO - Data hoje: 18/06/2026
2026-06-18 09:22:44,054 - INFO - Data de referência: 30/06/2026
2026-06-18 09:24:18,734 - INFO - Qtde OS de LINHA VIVA: 304
2026-06-18 09:24:18,734 - INFO - Qtde OS poda de LINHA MORTA: 205
2026-06-18 09:24:18,734 - INFO - Qtde OS estrutural de LINHA MORTA : 11782
2026-06-18 09:24:18,734 - INFO - Qtde OS poda de LINHA MORTA fora carteira: 41
2026-06-18 09:24:18,734 - INFO - Qtde OS para desprogramar: 5344
2026-06-18 09:24:18,736 - INFO - 
 Qtd de lotes de LM: 9
2026-06-18 09:24:18,736 - INFO - 
 Qtd de lotes de LV: 13
2026-06-18 09:24:18,736 - INFO - 
 Qtd de lotes de ESTRUTURAL LM: 472
2026-06-18 09:24:18,736 - INFO - 
 Qtd de lotes de LEVE: 2
2026-06-18 09:24:18,736 - INFO - 
 Qtd de lotes para desprogramar: 214
2026-06-18 09:24:18,736 - INFO - 
=== Iniciando lote 1/214  ===
2026-06-18 09:24:25,118 - INFO - Janela de seleção aberta
2026-06-18 09:24:29,350 - INFO - DEBUG: idx=0, inicio=0, fim=25
2026-06-18 09:24:29,350 - INFO - ✅ 25 OS copiadas para a área de transferência.
2026-06-18 09:24:29,350 - INFO - 📋 Lote 1 copiado.
2026-06-18 09:24:37,677 - INFO - ⌛ Esperando mudança visual...
2026-06-18 09:24:38,692 - INFO - ⌛ Esperando mudança visual...
2026-06-18 09:24:39,702 - INFO - ⌛ Esperando mudança visual...
2026-06-18 09:24:40,719 - INFO - ⌛ Esperando mudança visual...
2026-06-18 09:24:41,738 - INFO - ⌛ Esperando mudança visual...
2026-06-18 09:24:42,754 - INFO - ⌛ Esperando mudança visual...
2026-06-18 09:24:43,769 - INFO - ⌛ Esperando mudança visual...
2026-06-18 09:24:44,785 - INFO - ⌛ Esperando mudança visual...
2026-06-18 09:24:45,801 - INFO - ⌛ Esperando mudança visual...
2026-06-18 09:24:46,813 - INFO - ✅ Tela carregada!
2026-06-18 09:25:17,303 - INFO - ⌛ Aguardando janela de confirmação de desbloqueio...
2026-06-18 09:25:32,715 - INFO - 🟨 Registros desbloqueados com sucesso
2026-06-18 09:25:45,282 - INFO - ⌛ Aguardando janela de confirmação de desprogramação ...
2026-06-18 09:26:00,651 - INFO - 🟨 Janela de confirmação de desprogramação detectada
2026-06-18 09:26:03,915 - INFO - ⌛ Aguardando janela de confirmação de desprogramação ...
2026-06-18 09:26:19,330 - INFO - 🟨 Janela de aviso de desprogramação detectada
2026-06-18 09:26:21,483 - INFO - ⌛ Aguardando janela de confirmação de desprogramação 2 ...
2026-06-18 09:26:36,869 - INFO - 🟨 Janela de confirmação 2 de desprogramação detectada
2026-06-18 09:26:44,095 - INFO - ⌛ Aguardando janela de sucesso ...
2026-06-18 09:26:59,459 - INFO - 🟨 lote desprogramado com sucesso
2026-06-18 09:27:01,615 - INFO - 
=== Iniciando lote 2/214  ===
2026-06-18 09:27:07,957 - INFO - Janela de seleção aberta
2026-06-18 09:27:12,184 - INFO - DEBUG: idx=1, inicio=25, fim=50
2026-06-18 09:27:12,185 - INFO - ✅ 25 OS copiadas para a área de transferência.
2026-06-18 09:27:12,185 - INFO - 📋 Lote 2 copiado.
2026-06-18 09:27:20,511 - INFO - ⌛ Esperando mudança visual...
2026-06-18 09:27:21,531 - INFO - ⌛ Esperando mudança visual...
2026-06-18 09:27:22,545 - INFO - ⌛ Esperando mudança visual...
2026-06-18 09:27:23,557 - INFO - ⌛ Esperando mudança visual...
2026-06-18 09:27:24,577 - INFO - ⌛ Esperando mudança visual...
2026-06-18 09:27:25,594 - INFO - ⌛ Esperando mudança visual...
2026-06-18 09:27:26,605 - INFO - ⌛ Esperando mudança visual...
2026-06-18 09:27:27,625 - INFO - ⌛ Esperando mudança visual...
2026-06-18 09:27:28,640 - INFO - ⌛ Esperando mudança visual...
2026-06-18 09:27:29,651 - INFO - ✅ Tela carregada!
2026-06-18 09:28:00,123 - INFO - ⌛ Aguardando janela de confirmação de desbloqueio...
2026-06-18 09:28:15,506 - INFO - 🟨 Registros desbloqueados com sucesso
2026-06-18 09:28:28,068 - INFO - ⌛ Aguardando janela de confirmação de desprogramação ...
2026-06-18 09:28:43,439 - INFO - 🟨 Janela de confirmação de desprogramação detectada
2026-06-18 09:28:46,705 - INFO - 🟨 Janela de aviso de desprogramação detectada
2026-06-18 09:28:48,857 - INFO - ⌛ Aguardando janela de confirmação de desprogramação 2 ...
2026-06-18 09:29:04,252 - INFO - 🟨 Janela de confirmação 2 de desprogramação detectada
2026-06-18 09:29:11,459 - INFO - ⌛ Aguardando janela de sucesso ...
2026-06-18 09:29:26,835 - INFO - 🟨 lote desprogramado com sucesso
2026-06-18 09:29:29,015 - INFO - 
=== Iniciando lote 3/214  ===
2026-06-18 09:29:35,362 - INFO - Janela de seleção aberta
2026-06-18 09:29:39,591 - INFO - DEBUG: idx=2, inicio=50, fim=75
2026-06-18 09:29:39,591 - INFO - ✅ 25 OS copiadas para a área de transferência.
2026-06-18 09:29:39,591 - INFO - 📋 Lote 3 copiado.
2026-06-18 09:29:47,916 - INFO - ⌛ Esperando mudança visual...
2026-06-18 09:29:48,933 - INFO - ⌛ Esperando mudança visual...
2026-06-18 09:29:49,950 - INFO - ⌛ Esperando mudança visual...
2026-06-18 09:29:50,961 - INFO - ⌛ Esperando mudança visual...
2026-06-18 09:29:51,980 - INFO - ⌛ Esperando mudança visual...
2026-06-18 09:29:52,997 - INFO - ⌛ Esperando mudança visual...
2026-06-18 09:29:54,013 - INFO - ⌛ Esperando mudança visual...
2026-06-18 09:29:55,028 - INFO - ⌛ Esperando mudança visual...
2026-06-18 09:29:56,042 - INFO - ⌛ Esperando mudança visual...
2026-06-18 09:29:57,057 - INFO - ⌛ Esperando mudança visual...
2026-06-18 09:29:58,076 - INFO - ⌛ Esperando mudança visual...
2026-06-18 09:29:59,092 - INFO - ✅ Tela carregada!
2026-06-18 09:30:29,563 - INFO - ⌛ Aguardando janela de confirmação de desbloqueio...
2026-06-18 09:30:44,964 - INFO - 🟨 Registros desbloqueados com sucesso
2026-06-18 09:30:57,542 - INFO - ⌛ Aguardando janela de confirmação de desprogramação ...
2026-06-18 09:31:12,913 - INFO - 🟨 Janela de confirmação de desprogramação detectada
2026-06-18 09:31:16,220 - INFO - ⌛ Aguardando janela de confirmação de desprogramação ...
2026-06-18 09:31:31,668 - INFO - 🟨 Janela de aviso de desprogramação detectada
2026-06-18 09:31:33,819 - INFO - ⌛ Aguardando janela de confirmação de desprogramação 2 ...
2026-06-18 09:31:49,208 - INFO - 🟨 Janela de confirmação 2 de desprogramação detectada
2026-06-18 09:31:56,406 - INFO - ⌛ Aguardando janela de sucesso ...
2026-06-18 09:32:11,814 - INFO - 🟨 lote desprogramado com sucesso
2026-06-18 09:32:13,968 - INFO - 
=== Iniciando lote 4/214  ===
2026-06-18 09:32:20,315 - INFO - Janela de seleção aberta
2026-06-18 09:32:24,555 - INFO - DEBUG: idx=3, inicio=75, fim=100
2026-06-18 09:32:24,556 - INFO - ✅ 25 OS copiadas para a área de transferência.
2026-06-18 09:32:24,556 - INFO - 📋 Lote 4 copiado.
2026-06-18 09:32:32,888 - INFO - ⌛ Esperando mudança visual...
2026-06-18 09:32:33,902 - INFO - ⌛ Esperando mudança visual...
2026-06-18 09:32:34,922 - INFO - ⌛ Esperando mudança visual...
2026-06-18 09:32:35,935 - INFO - ⌛ Esperando mudança visual...
2026-06-18 09:32:36,952 - INFO - ⌛ Esperando mudança visual...
2026-06-18 09:32:37,965 - INFO - ⌛ Esperando mudança visual...
2026-06-18 09:32:38,982 - INFO - ⌛ Esperando mudança visual...
2026-06-18 09:32:39,996 - INFO - ⌛ Esperando mudança visual...
2026-06-18 09:32:41,012 - INFO - ⌛ Esperando mudança visual...
2026-06-18 09:32:42,029 - INFO - ✅ Tela carregada!
2026-06-18 09:33:12,514 - INFO - ⌛ Aguardando janela de confirmação de desbloqueio...
2026-06-18 09:33:28,000 - INFO - 🟨 Registros desbloqueados com sucesso
2026-06-18 09:33:40,588 - INFO - ⌛ Aguardando janela de confirmação de desprogramação ...
2026-06-18 09:33:55,959 - INFO - 🟨 Janela de confirmação de desprogramação detectada
2026-06-18 09:33:59,223 - INFO - 🟨 Janela de aviso de desprogramação detectada
2026-06-18 09:34:01,376 - INFO - ⌛ Aguardando janela de confirmação de desprogramação 2 ...
2026-06-18 09:34:16,761 - INFO - 🟨 Janela de confirmação 2 de desprogramação detectada
2026-06-18 09:34:23,968 - INFO - ⌛ Aguardando janela de sucesso ...
2026-06-18 09:34:39,359 - INFO - 🟨 lote desprogramado com sucesso
2026-06-18 09:34:41,507 - INFO - 
=== Iniciando lote 5/214  ===
2026-06-18 09:34:47,853 - INFO - Janela de seleção aberta
2026-06-18 09:34:52,087 - INFO - DEBUG: idx=4, inicio=100, fim=125
2026-06-18 09:34:52,087 - INFO - ✅ 25 OS copiadas para a área de transferência.
2026-06-18 09:34:52,087 - INFO - 📋 Lote 5 copiado.
2026-06-18 09:35:00,426 - INFO - ⌛ Esperando mudança visual...
2026-06-18 09:35:01,441 - INFO - ⌛ Esperando mudança visual...
2026-06-18 09:35:02,455 - INFO - ⌛ Esperando mudança visual...
2026-06-18 09:35:03,473 - INFO - ⌛ Esperando mudança visual...
2026-06-18 09:35:04,489 - INFO - ⌛ Esperando mudança visual...
2026-06-18 09:35:05,502 - INFO - ⌛ Esperando mudança visual...
2026-06-18 09:35:06,519 - INFO - ⌛ Esperando mudança visual...
2026-06-18 09:35:07,536 - INFO - ⌛ Esperando mudança visual...
2026-06-18 09:35:08,551 - INFO - ⌛ Esperando mudança visual...
2026-06-18 09:35:09,568 - INFO - ⌛ Esperando mudança visual...
2026-06-18 09:35:10,583 - INFO - ✅ Tela carregada!
2026-06-18 09:35:41,050 - INFO - ⌛ Aguardando janela de confirmação de desbloqueio...
2026-06-18 09:35:56,431 - INFO - 🟨 Registros desbloqueados com sucesso
2026-06-18 09:36:08,999 - INFO - 🟨 Janela de confirmação de desprogramação detectada
2026-06-18 09:36:12,253 - INFO - 🟨 Janela de aviso de desprogramação detectada
2026-06-18 09:36:14,411 - INFO - ⌛ Aguardando janela de confirmação de desprogramação 2 ...
2026-06-18 09:36:29,797 - INFO - 🟨 Janela de confirmação 2 de desprogramação detectada
2026-06-18 09:36:37,012 - INFO - 🟨 lote desprogramado com sucesso
2026-06-18 09:36:39,197 - INFO - 
=== Iniciando lote 6/214  ===
2026-06-18 09:36:45,576 - INFO - Janela de seleção aberta
2026-06-18 09:36:49,819 - INFO - DEBUG: idx=5, inicio=125, fim=150
2026-06-18 09:36:49,819 - INFO - ✅ 25 OS copiadas para a área de transferência.
2026-06-18 09:36:49,819 - INFO - 📋 Lote 6 copiado.
2026-06-18 09:36:58,145 - INFO - ⌛ Esperando mudança visual...
2026-06-18 09:36:59,157 - INFO - ⌛ Esperando mudança visual...
2026-06-18 09:37:00,175 - INFO - ⌛ Esperando mudança visual...
2026-06-18 09:37:01,191 - INFO - ⌛ Esperando mudança visual...
2026-06-18 09:37:02,204 - INFO - ⌛ Esperando mudança visual...
2026-06-18 09:37:03,223 - INFO - ⌛ Esperando mudança visual...
2026-06-18 09:37:04,237 - INFO - ⌛ Esperando mudança visual...
2026-06-18 09:37:05,251 - INFO - ⌛ Esperando mudança visual...
2026-06-18 09:37:06,269 - INFO - ⌛ Esperando mudança visual...
2026-06-18 09:37:07,283 - INFO - ⌛ Esperando mudança visual...
2026-06-18 09:37:08,298 - INFO - ✅ Tela carregada!
2026-06-18 09:37:38,785 - INFO - ⌛ Aguardando janela de confirmação de desbloqueio...
2026-06-18 09:37:54,183 - INFO - 🟨 Registros desbloqueados com sucesso
2026-06-18 09:38:06,753 - INFO - ⌛ Aguardando janela de confirmação de desprogramação ...
2026-06-18 09:38:22,108 - INFO - 🟨 Janela de confirmação de desprogramação detectada
2026-06-18 09:38:25,382 - INFO - ⌛ Aguardando janela de confirmação de desprogramação ...
2026-06-18 09:38:40,799 - INFO - 🟨 Janela de aviso de desprogramação detectada
2026-06-18 09:38:42,948 - INFO - ⌛ Aguardando janela de confirmação de desprogramação 2 ...
2026-06-18 09:38:58,316 - INFO - 🟨 Janela de confirmação 2 de desprogramação detectada
2026-06-18 09:39:05,543 - INFO - ⌛ Aguardando janela de sucesso ...
2026-06-18 09:39:20,929 - INFO - 🟨 lote desprogramado com sucesso
2026-06-18 09:39:23,079 - INFO - 
=== Iniciando lote 7/214  ===
2026-06-18 09:39:29,432 - INFO - Janela de seleção aberta
2026-06-18 09:39:33,654 - INFO - DEBUG: idx=6, inicio=150, fim=175
2026-06-18 09:39:33,654 - INFO - ✅ 25 OS copiadas para a área de transferência.
2026-06-18 09:39:33,654 - INFO - 📋 Lote 7 copiado.
2026-06-18 09:39:41,983 - INFO - ⌛ Esperando mudança visual...
2026-06-18 09:39:43,000 - INFO - ⌛ Esperando mudança visual...
2026-06-18 09:39:44,011 - INFO - ⌛ Esperando mudança visual...
2026-06-18 09:39:45,030 - INFO - ⌛ Esperando mudança visual...
2026-06-18 09:39:46,045 - INFO - ⌛ Esperando mudança visual...
2026-06-18 09:39:47,058 - INFO - ⌛ Esperando mudança visual...
2026-06-18 09:39:48,075 - INFO - ⌛ Esperando mudança visual...
2026-06-18 09:39:49,093 - INFO - ⌛ Esperando mudança visual...
2026-06-18 09:39:50,105 - INFO - ⌛ Esperando mudança visual...
2026-06-18 09:39:51,125 - INFO - ⌛ Esperando mudança visual...
2026-06-18 09:39:52,141 - INFO - ⌛ Esperando mudança visual...
2026-06-18 09:39:53,152 - INFO - ✅ Tela carregada!
2026-06-18 09:40:23,622 - INFO - ⌛ Aguardando janela de confirmação de desbloqueio...
2026-06-18 09:40:39,001 - INFO - 🟨 Registros desbloqueados com sucesso
2026-06-18 09:40:51,571 - INFO - ⌛ Aguardando janela de confirmação de desprogramação ...
2026-06-18 09:41:06,974 - INFO - 🟨 Janela de confirmação de desprogramação detectada
2026-06-18 09:41:10,231 - INFO - ⌛ Aguardando janela de confirmação de desprogramação ...
2026-06-18 09:41:25,665 - INFO - 🟨 Janela de aviso de desprogramação detectada
2026-06-18 09:41:27,834 - INFO - ⌛ Aguardando janela de confirmação de desprogramação 2 ...
2026-06-18 09:41:43,221 - INFO - 🟨 Janela de confirmação 2 de desprogramação detectada
2026-06-18 09:41:50,447 - INFO - ⌛ Aguardando janela de sucesso ...
2026-06-18 09:42:05,804 - INFO - 🟨 lote desprogramado com sucesso
2026-06-18 09:42:07,963 - INFO - 
=== Iniciando lote 8/214  ===
2026-06-18 09:42:14,319 - INFO - Janela de seleção aberta
2026-06-18 09:42:18,548 - INFO - DEBUG: idx=7, inicio=175, fim=200
2026-06-18 09:42:18,548 - INFO - ✅ 25 OS copiadas para a área de transferência.
2026-06-18 09:42:18,548 - INFO - 📋 Lote 8 copiado.
2026-06-18 09:42:26,869 - INFO - ⌛ Esperando mudança visual...
2026-06-18 09:42:27,887 - INFO - ⌛ Esperando mudança visual...
2026-06-18 09:42:28,896 - INFO - ⌛ Esperando mudança visual...
2026-06-18 09:42:29,917 - INFO - ⌛ Esperando mudança visual...
2026-06-18 09:42:30,931 - INFO - ⌛ Esperando mudança visual...
2026-06-18 09:42:31,949 - INFO - ⌛ Esperando mudança visual...
2026-06-18 09:42:32,961 - INFO - ⌛ Esperando mudança visual...
2026-06-18 09:42:33,981 - INFO - ⌛ Esperando mudança visual...
2026-06-18 09:42:34,992 - INFO - ⌛ Esperando mudança visual...
2026-06-18 09:42:36,008 - INFO - ✅ Tela carregada!
2026-06-18 09:43:06,468 - INFO - ⌛ Aguardando janela de confirmação de desbloqueio...
2026-06-18 09:43:21,843 - INFO - 🟨 Registros desbloqueados com sucesso
2026-06-18 09:43:34,419 - INFO - ⌛ Aguardando janela de confirmação de desprogramação ...
2026-06-18 09:43:49,802 - INFO - 🟨 Janela de confirmação de desprogramação detectada
2026-06-18 09:43:53,071 - INFO - ⌛ Aguardando janela de confirmação de desprogramação ...
2026-06-18 09:44:08,504 - INFO - 🟨 Janela de aviso de desprogramação detectada
2026-06-18 09:44:10,654 - INFO - ⌛ Aguardando janela de confirmação de desprogramação 2 ...
2026-06-18 09:44:26,021 - INFO - 🟨 Janela de confirmação 2 de desprogramação detectada
2026-06-18 09:44:33,235 - INFO - ⌛ Aguardando janela de sucesso ...
2026-06-18 09:44:48,606 - INFO - 🟨 lote desprogramado com sucesso
2026-06-18 09:44:50,760 - INFO - 
=== Iniciando lote 9/214  ===
2026-06-18 09:44:57,127 - INFO - Janela de seleção aberta
2026-06-18 09:45:01,346 - INFO - DEBUG: idx=8, inicio=200, fim=225
2026-06-18 09:45:01,346 - INFO - ✅ 25 OS copiadas para a área de transferência.
2026-06-18 09:45:01,346 - INFO - 📋 Lote 9 copiado.
2026-06-18 09:45:09,676 - INFO - ⌛ Esperando mudança visual...
2026-06-18 09:45:10,693 - INFO - ⌛ Esperando mudança visual...
2026-06-18 09:45:11,704 - INFO - ⌛ Esperando mudança visual...
2026-06-18 09:45:12,723 - INFO - ⌛ Esperando mudança visual...
2026-06-18 09:45:13,735 - INFO - ⌛ Esperando mudança visual...
2026-06-18 09:45:14,751 - INFO - ⌛ Esperando mudança visual...
2026-06-18 09:45:15,768 - INFO - ⌛ Esperando mudança visual...
2026-06-18 09:45:16,784 - INFO - ⌛ Esperando mudança visual...
2026-06-18 09:45:17,801 - INFO - ⌛ Esperando mudança visual...
2026-06-18 09:45:18,816 - INFO - ✅ Tela carregada!
2026-06-18 09:45:49,287 - INFO - ⌛ Aguardando janela de confirmação de desbloqueio...
2026-06-18 09:46:04,722 - INFO - 🟨 Registros desbloqueados com sucesso
2026-06-18 09:46:17,292 - INFO - ⌛ Aguardando janela de confirmação de desprogramação ...
2026-06-18 09:46:32,727 - INFO - 🟨 Janela de confirmação de desprogramação detectada
2026-06-18 09:46:36,027 - INFO - ⌛ Aguardando janela de confirmação de desprogramação ...
2026-06-18 09:46:51,604 - INFO - 🟨 Janela de aviso de desprogramação detectada
2026-06-18 09:46:53,754 - INFO - ⌛ Aguardando janela de confirmação de desprogramação 2 ...
2026-06-18 09:47:09,154 - INFO - 🟨 Janela de confirmação 2 de desprogramação detectada
2026-06-18 09:47:16,381 - INFO - ⌛ Aguardando janela de sucesso ...
2026-06-18 09:47:31,803 - INFO - 🟨 lote desprogramado com sucesso
2026-06-18 09:47:33,971 - INFO - 
=== Iniciando lote 10/214  ===
2026-06-18 09:47:40,341 - INFO - Janela de seleção aberta
2026-06-18 09:47:44,577 - INFO - DEBUG: idx=9, inicio=225, fim=250
2026-06-18 09:47:44,578 - INFO - ✅ 25 OS copiadas para a área de transferência.
2026-06-18 09:47:44,578 - INFO - 📋 Lote 10 copiado.
2026-06-18 09:47:52,897 - INFO - ⌛ Esperando mudança visual...
2026-06-18 09:47:53,915 - INFO - ⌛ Esperando mudança visual...
2026-06-18 09:47:54,929 - INFO - ⌛ Esperando mudança visual...
2026-06-18 09:47:55,946 - INFO - ⌛ Esperando mudança visual...
2026-06-18 09:47:56,958 - INFO - ⌛ Esperando mudança visual...
2026-06-18 09:47:57,978 - INFO - ⌛ Esperando mudança visual...
2026-06-18 09:47:58,991 - INFO - ⌛ Esperando mudança visual...
2026-06-18 09:48:00,010 - INFO - ⌛ Esperando mudança visual...
2026-06-18 09:48:01,025 - INFO - ⌛ Esperando mudança visual...
2026-06-18 09:48:02,041 - INFO - ✅ Tela carregada!
2026-06-18 09:48:32,503 - INFO - ⌛ Aguardando janela de confirmação de desbloqueio...
2026-06-18 09:48:47,890 - INFO - 🟨 Registros desbloqueados com sucesso
2026-06-18 09:49:00,445 - INFO - ⌛ Aguardando janela de confirmação de desprogramação ...
2026-06-18 09:49:15,825 - INFO - 🟨 Janela de confirmação de desprogramação detectada
2026-06-18 09:49:19,099 - INFO - ⌛ Aguardando janela de confirmação de desprogramação ...
2026-06-18 09:49:34,538 - INFO - 🟨 Janela de aviso de desprogramação detectada
2026-06-18 09:49:36,691 - INFO - ⌛ Aguardando janela de confirmação de desprogramação 2 ...
2026-06-18 09:49:52,060 - INFO - 🟨 Janela de confirmação 2 de desprogramação detectada
2026-06-18 09:49:59,280 - INFO - ⌛ Aguardando janela de sucesso ...
2026-06-18 09:50:14,688 - INFO - 🟨 lote desprogramado com sucesso
2026-06-18 09:50:16,860 - INFO - 
=== Iniciando lote 11/214  ===
2026-06-18 09:50:23,225 - INFO - Janela de seleção aberta
2026-06-18 09:50:27,446 - INFO - DEBUG: idx=10, inicio=250, fim=275
2026-06-18 09:50:27,446 - INFO - ✅ 25 OS copiadas para a área de transferência.
2026-06-18 09:50:27,446 - INFO - 📋 Lote 11 copiado.
2026-06-18 09:50:35,771 - INFO - ⌛ Esperando mudança visual...
2026-06-18 09:50:36,788 - INFO - ⌛ Esperando mudança visual...
2026-06-18 09:50:37,804 - INFO - ⌛ Esperando mudança visual...
2026-06-18 09:50:38,818 - INFO - ⌛ Esperando mudança visual...
2026-06-18 09:50:39,834 - INFO - ⌛ Esperando mudança visual...
2026-06-18 09:50:40,850 - INFO - ⌛ Esperando mudança visual...
2026-06-18 09:50:41,864 - INFO - ⌛ Esperando mudança visual...
2026-06-18 09:50:42,882 - INFO - ⌛ Esperando mudança visual...
2026-06-18 09:50:43,893 - INFO - ⌛ Esperando mudança visual...
2026-06-18 09:50:44,912 - INFO - ⌛ Esperando mudança visual...
2026-06-18 09:50:45,928 - INFO - ✅ Tela carregada!
2026-06-18 09:51:16,432 - INFO - ⌛ Aguardando janela de confirmação de desbloqueio...
2026-06-18 09:51:31,866 - INFO - 🟨 Registros desbloqueados com sucesso
2026-06-18 09:51:44,449 - INFO - ⌛ Aguardando janela de confirmação de desprogramação ...
2026-06-18 09:51:59,935 - INFO - 🟨 Janela de confirmação de desprogramação detectada
2026-06-18 09:52:03,234 - INFO - ⌛ Aguardando janela de confirmação de desprogramação ...
2026-06-18 09:52:18,734 - INFO - 🟨 Janela de aviso de desprogramação detectada
2026-06-18 09:52:20,897 - INFO - ⌛ Aguardando janela de confirmação de desprogramação 2 ...
2026-06-18 09:52:36,298 - INFO - 🟨 Janela de confirmação 2 de desprogramação detectada
2026-06-18 09:52:43,539 - INFO - ⌛ Aguardando janela de sucesso ...
2026-06-18 09:52:58,943 - INFO - 🟨 lote desprogramado com sucesso
2026-06-18 09:53:01,113 - INFO - 
=== Iniciando lote 12/214  ===
2026-06-18 09:53:07,477 - INFO - Janela de seleção aberta
2026-06-18 09:53:11,713 - INFO - DEBUG: idx=11, inicio=275, fim=300
2026-06-18 09:53:11,713 - INFO - ✅ 25 OS copiadas para a área de transferência.
2026-06-18 09:53:11,713 - INFO - 📋 Lote 12 copiado.
2026-06-18 09:53:20,041 - INFO - ⌛ Esperando mudança visual...
2026-06-18 09:53:21,055 - INFO - ⌛ Esperando mudança visual...
2026-06-18 09:53:22,075 - INFO - ⌛ Esperando mudança visual...
2026-06-18 09:53:23,091 - INFO - ⌛ Esperando mudança visual...
2026-06-18 09:53:24,102 - INFO - ⌛ Esperando mudança visual...
2026-06-18 09:53:25,123 - INFO - ⌛ Esperando mudança visual...
2026-06-18 09:53:26,136 - INFO - ⌛ Esperando mudança visual...
2026-06-18 09:53:27,149 - INFO - ⌛ Esperando mudança visual...
2026-06-18 09:53:28,169 - INFO - ⌛ Esperando mudança visual...
2026-06-18 09:53:29,185 - INFO - ✅ Tela carregada!
2026-06-18 09:53:59,648 - INFO - ⌛ Aguardando janela de confirmação de desbloqueio...
2026-06-18 09:54:15,016 - INFO - 🟨 Registros desbloqueados com sucesso
2026-06-18 09:54:27,587 - INFO - ⌛ Aguardando janela de confirmação de desprogramação ...
2026-06-18 09:54:42,965 - INFO - 🟨 Janela de confirmação de desprogramação detectada
2026-06-18 09:54:46,226 - INFO - ⌛ Aguardando janela de confirmação de desprogramação ...
2026-06-18 09:55:01,706 - INFO - 🟨 Janela de aviso de desprogramação detectada
2026-06-18 09:55:03,874 - INFO - ⌛ Aguardando janela de confirmação de desprogramação 2 ...
2026-06-18 09:55:19,289 - INFO - 🟨 Janela de confirmação 2 de desprogramação detectada
2026-06-18 09:55:26,503 - INFO - ⌛ Aguardando janela de sucesso ...
2026-06-18 09:55:41,900 - INFO - 🟨 lote desprogramado com sucesso
2026-06-18 09:55:44,075 - INFO - 
=== Iniciando lote 13/214  ===
2026-06-18 09:55:50,435 - INFO - Janela de seleção aberta
2026-06-18 09:55:54,653 - INFO - DEBUG: idx=12, inicio=300, fim=325
2026-06-18 09:55:54,653 - INFO - ✅ 25 OS copiadas para a área de transferência.
2026-06-18 09:55:54,653 - INFO - 📋 Lote 13 copiado.
2026-06-18 09:56:02,984 - INFO - ⌛ Esperando mudança visual...
2026-06-18 09:56:03,996 - INFO - ⌛ Esperando mudança visual...
2026-06-18 09:56:05,015 - INFO - ⌛ Esperando mudança visual...
2026-06-18 09:56:06,032 - INFO - ⌛ Esperando mudança visual...
2026-06-18 09:56:07,042 - INFO - ⌛ Esperando mudança visual...
2026-06-18 09:56:08,057 - INFO - ⌛ Esperando mudança visual...
2026-06-18 09:56:09,075 - INFO - ⌛ Esperando mudança visual...
2026-06-18 09:56:10,091 - INFO - ⌛ Esperando mudança visual...
2026-06-18 09:56:11,104 - INFO - ⌛ Esperando mudança visual...
2026-06-18 09:56:12,122 - INFO - ✅ Tela carregada!
2026-06-18 09:56:42,607 - INFO - ⌛ Aguardando janela de confirmação de desbloqueio...
2026-06-18 09:56:58,027 - INFO - 🟨 Registros desbloqueados com sucesso
2026-06-18 09:57:10,596 - INFO - ⌛ Aguardando janela de confirmação de desprogramação ...
2026-06-18 09:57:26,015 - INFO - 🟨 Janela de confirmação de desprogramação detectada
2026-06-18 09:57:29,312 - INFO - ⌛ Aguardando janela de confirmação de desprogramação ...
2026-06-18 09:57:44,789 - INFO - 🟨 Janela de aviso de desprogramação detectada
2026-06-18 09:57:46,944 - INFO - ⌛ Aguardando janela de confirmação de desprogramação 2 ...
2026-06-18 09:58:02,363 - INFO - 🟨 Janela de confirmação 2 de desprogramação detectada
2026-06-18 09:58:09,585 - INFO - ⌛ Aguardando janela de sucesso ...
2026-06-18 09:58:24,979 - INFO - 🟨 lote desprogramado com sucesso
2026-06-18 09:58:27,135 - INFO - 
=== Iniciando lote 14/214  ===
2026-06-18 09:58:33,488 - INFO - Janela de seleção aberta
2026-06-18 09:58:37,711 - INFO - DEBUG: idx=13, inicio=325, fim=350
2026-06-18 09:58:37,712 - INFO - ✅ 25 OS copiadas para a área de transferência.
2026-06-18 09:58:37,712 - INFO - 📋 Lote 14 copiado.
2026-06-18 09:58:46,039 - INFO - ⌛ Esperando mudança visual...
2026-06-18 09:58:47,051 - INFO - ⌛ Esperando mudança visual...
2026-06-18 09:58:48,071 - INFO - ⌛ Esperando mudança visual...
2026-06-18 09:58:49,084 - INFO - ⌛ Esperando mudança visual...
2026-06-18 09:58:50,098 - INFO - ⌛ Esperando mudança visual...
2026-06-18 09:58:51,117 - INFO - ⌛ Esperando mudança visual...
2026-06-18 09:58:52,131 - INFO - ⌛ Esperando mudança visual...
2026-06-18 09:58:53,144 - INFO - ⌛ Esperando mudança visual...
2026-06-18 09:58:54,164 - INFO - ⌛ Esperando mudança visual...
2026-06-18 09:58:55,178 - INFO - ⌛ Esperando mudança visual...
2026-06-18 09:58:56,190 - INFO - ✅ Tela carregada!
2026-06-18 09:59:26,660 - INFO - ⌛ Aguardando janela de confirmação de desbloqueio...
2026-06-18 09:59:42,044 - INFO - 🟨 Registros desbloqueados com sucesso
2026-06-18 09:59:54,607 - INFO - ⌛ Aguardando janela de confirmação de desprogramação ...
2026-06-18 10:00:09,986 - INFO - 🟨 Janela de confirmação de desprogramação detectada
2026-06-18 10:00:13,284 - INFO - ⌛ Aguardando janela de confirmação de desprogramação ...
2026-06-18 10:00:28,748 - INFO - 🟨 Janela de aviso de desprogramação detectada
2026-06-18 10:00:30,922 - INFO - ⌛ Aguardando janela de confirmação de desprogramação 2 ...
2026-06-18 10:00:46,348 - INFO - 🟨 Janela de confirmação 2 de desprogramação detectada
2026-06-18 10:00:53,577 - INFO - ⌛ Aguardando janela de sucesso ...
2026-06-18 10:01:08,975 - INFO - 🟨 lote desprogramado com sucesso
2026-06-18 10:01:11,129 - INFO - 
=== Iniciando lote 15/214  ===
2026-06-18 10:01:17,495 - INFO - Janela de seleção aberta
2026-06-18 10:01:21,728 - INFO - DEBUG: idx=14, inicio=350, fim=375
2026-06-18 10:01:21,728 - INFO - ✅ 25 OS copiadas para a área de transferência.
2026-06-18 10:01:21,728 - INFO - 📋 Lote 15 copiado.
2026-06-18 10:01:30,058 - INFO - ⌛ Esperando mudança visual...
2026-06-18 10:01:31,075 - INFO - ⌛ Esperando mudança visual...
2026-06-18 10:01:32,090 - INFO - ⌛ Esperando mudança visual...
2026-06-18 10:01:33,107 - INFO - ⌛ Esperando mudança visual...
2026-06-18 10:01:34,122 - INFO - ⌛ Esperando mudança visual...
2026-06-18 10:01:35,137 - INFO - ⌛ Esperando mudança visual...
2026-06-18 10:01:36,153 - INFO - ⌛ Esperando mudança visual...
2026-06-18 10:01:37,168 - INFO - ⌛ Esperando mudança visual...
2026-06-18 10:01:38,184 - INFO - ⌛ Esperando mudança visual...
2026-06-18 10:01:39,200 - INFO - ⌛ Esperando mudança visual...
2026-06-18 10:01:40,215 - INFO - ✅ Tela carregada!
2026-06-18 10:02:10,692 - INFO - ⌛ Aguardando janela de confirmação de desbloqueio...
2026-06-18 10:02:26,075 - INFO - 🟨 Registros desbloqueados com sucesso
2026-06-18 10:02:38,639 - INFO - ⌛ Aguardando janela de confirmação de desprogramação ...
2026-06-18 10:02:54,020 - INFO - 🟨 Janela de confirmação de desprogramação detectada
2026-06-18 10:02:57,285 - INFO - ⌛ Aguardando janela de confirmação de desprogramação ...
2026-06-18 10:03:12,731 - INFO - 🟨 Janela de aviso de desprogramação detectada
2026-06-18 10:03:14,877 - INFO - ⌛ Aguardando janela de confirmação de desprogramação 2 ...
2026-06-18 10:03:30,265 - INFO - 🟨 Janela de confirmação 2 de desprogramação detectada
2026-06-18 10:03:37,472 - INFO - ⌛ Aguardando janela de sucesso ...
2026-06-18 10:03:52,844 - INFO - 🟨 lote desprogramado com sucesso
2026-06-18 10:03:54,995 - INFO - 
=== Iniciando lote 16/214  ===
2026-06-18 10:04:01,341 - INFO - Janela de seleção aberta
2026-06-18 10:04:05,574 - INFO - DEBUG: idx=15, inicio=375, fim=400
2026-06-18 10:04:05,575 - INFO - ✅ 25 OS copiadas para a área de transferência.
2026-06-18 10:04:05,575 - INFO - 📋 Lote 16 copiado.
2026-06-18 10:04:13,895 - INFO - ⌛ Esperando mudança visual...
2026-06-18 10:04:14,915 - INFO - ⌛ Esperando mudança visual...
2026-06-18 10:04:15,931 - INFO - ⌛ Esperando mudança visual...
2026-06-18 10:04:16,943 - INFO - ⌛ Esperando mudança visual...
2026-06-18 10:04:17,961 - INFO - ⌛ Esperando mudança visual...
2026-06-18 10:04:18,977 - INFO - ⌛ Esperando mudança visual...
2026-06-18 10:04:19,989 - INFO - ⌛ Esperando mudança visual...
2026-06-18 10:04:21,005 - INFO - ⌛ Esperando mudança visual...
2026-06-18 10:04:22,024 - INFO - ⌛ Esperando mudança visual...
2026-06-18 10:04:23,040 - INFO - ⌛ Esperando mudança visual...
2026-06-18 10:04:24,052 - INFO - ✅ Tela carregada!
2026-06-18 10:04:54,531 - INFO - ⌛ Aguardando janela de confirmação de desbloqueio...
2026-06-18 10:05:09,935 - INFO - 🟨 Registros desbloqueados com sucesso
2026-06-18 10:05:22,495 - INFO - ⌛ Aguardando janela de confirmação de desprogramação ...
2026-06-18 10:05:37,876 - INFO - 🟨 Janela de confirmação de desprogramação detectada
2026-06-18 10:05:41,134 - INFO - ⌛ Aguardando janela de confirmação de desprogramação ...
2026-06-18 10:05:56,549 - INFO - 🟨 Janela de aviso de desprogramação detectada
2026-06-18 10:05:58,692 - INFO - ⌛ Aguardando janela de confirmação de desprogramação 2 ...
2026-06-18 10:06:14,091 - INFO - 🟨 Janela de confirmação 2 de desprogramação detectada
2026-06-18 10:06:21,311 - INFO - ⌛ Aguardando janela de sucesso ...
2026-06-18 10:06:36,694 - INFO - 🟨 lote desprogramado com sucesso
2026-06-18 10:06:38,851 - INFO - 
=== Iniciando lote 17/214  ===
2026-06-18 10:06:45,221 - INFO - Janela de seleção aberta
2026-06-18 10:06:49,457 - INFO - DEBUG: idx=16, inicio=400, fim=425
2026-06-18 10:06:49,457 - INFO - ✅ 25 OS copiadas para a área de transferência.
2026-06-18 10:06:49,457 - INFO - 📋 Lote 17 copiado.
2026-06-18 10:06:57,788 - INFO - ⌛ Esperando mudança visual...
2026-06-18 10:06:58,800 - INFO - ⌛ Esperando mudança visual...
2026-06-18 10:06:59,818 - INFO - ⌛ Esperando mudança visual...
2026-06-18 10:07:00,835 - INFO - ⌛ Esperando mudança visual...
2026-06-18 10:07:01,847 - INFO - ⌛ Esperando mudança visual...
2026-06-18 10:07:02,864 - INFO - ⌛ Esperando mudança visual...
2026-06-18 10:07:03,879 - INFO - ⌛ Esperando mudança visual...
2026-06-18 10:07:04,894 - INFO - ⌛ Esperando mudança visual...
2026-06-18 10:07:05,911 - INFO - ⌛ Esperando mudança visual...
2026-06-18 10:07:06,927 - INFO - ⌛ Esperando mudança visual...
2026-06-18 10:07:07,941 - INFO - ✅ Tela carregada!
2026-06-18 10:07:38,394 - INFO - ⌛ Aguardando janela de confirmação de desbloqueio...
2026-06-18 10:07:53,777 - INFO - 🟨 Registros desbloqueados com sucesso
2026-06-18 10:08:06,342 - INFO - ⌛ Aguardando janela de confirmação de desprogramação ...
2026-06-18 10:08:21,706 - INFO - 🟨 Janela de confirmação de desprogramação detectada
2026-06-18 10:08:24,975 - INFO - ⌛ Aguardando janela de confirmação de desprogramação ...
2026-06-18 10:08:40,392 - INFO - 🟨 Janela de aviso de desprogramação detectada
2026-06-18 10:08:42,541 - INFO - ⌛ Aguardando janela de confirmação de desprogramação 2 ...
2026-06-18 10:08:57,916 - INFO - 🟨 Janela de confirmação 2 de desprogramação detectada
2026-06-18 10:09:05,135 - INFO - ⌛ Aguardando janela de sucesso ...
2026-06-18 10:09:20,493 - INFO - 🟨 lote desprogramado com sucesso
2026-06-18 10:09:22,655 - INFO - 
=== Iniciando lote 18/214  ===
2026-06-18 10:09:29,008 - INFO - Janela de seleção aberta
2026-06-18 10:09:33,235 - INFO - DEBUG: idx=17, inicio=425, fim=450
2026-06-18 10:09:33,235 - INFO - ✅ 25 OS copiadas para a área de transferência.
2026-06-18 10:09:33,235 - INFO - 📋 Lote 18 copiado.
2026-06-18 10:09:41,560 - INFO - ⌛ Esperando mudança visual...
2026-06-18 10:09:42,576 - INFO - ⌛ Esperando mudança visual...
2026-06-18 10:09:43,588 - INFO - ⌛ Esperando mudança visual...
2026-06-18 10:09:44,606 - INFO - ⌛ Esperando mudança visual...
2026-06-18 10:09:45,623 - INFO - ⌛ Esperando mudança visual...
2026-06-18 10:09:46,639 - INFO - ⌛ Esperando mudança visual...
2026-06-18 10:09:47,650 - INFO - ⌛ Esperando mudança visual...
2026-06-18 10:09:48,670 - INFO - ⌛ Esperando mudança visual...
2026-06-18 10:09:49,685 - INFO - ⌛ Esperando mudança visual...
2026-06-18 10:09:50,697 - INFO - ⌛ Esperando mudança visual...
2026-06-18 10:09:51,718 - INFO - ⌛ Esperando mudança visual...
2026-06-18 10:09:52,732 - INFO - ✅ Tela carregada!
2026-06-18 10:10:23,198 - INFO - ⌛ Aguardando janela de confirmação de desbloqueio...
2026-06-18 10:10:38,617 - INFO - 🟨 Registros desbloqueados com sucesso
2026-06-18 10:10:51,183 - INFO - ⌛ Aguardando janela de confirmação de desprogramação ...
2026-06-18 10:11:06,568 - INFO - 🟨 Janela de confirmação de desprogramação detectada
2026-06-18 10:11:09,825 - INFO - ⌛ Aguardando janela de confirmação de desprogramação ...
2026-06-18 10:11:25,242 - INFO - 🟨 Janela de aviso de desprogramação detectada
2026-06-18 10:11:27,396 - INFO - ⌛ Aguardando janela de confirmação de desprogramação 2 ...
2026-06-18 10:11:42,781 - INFO - 🟨 Janela de confirmação 2 de desprogramação detectada
2026-06-18 10:11:49,990 - INFO - ⌛ Aguardando janela de sucesso ...
2026-06-18 10:12:05,354 - INFO - 🟨 lote desprogramado com sucesso
2026-06-18 10:12:07,510 - INFO - 
=== Iniciando lote 19/214  ===
2026-06-18 10:12:13,881 - INFO - Janela de seleção aberta
2026-06-18 10:12:18,102 - INFO - DEBUG: idx=18, inicio=450, fim=475
2026-06-18 10:12:18,102 - INFO - ✅ 25 OS copiadas para a área de transferência.
2026-06-18 10:12:18,102 - INFO - 📋 Lote 19 copiado.
2026-06-18 10:12:26,430 - INFO - ⌛ Esperando mudança visual...
2026-06-18 10:12:27,441 - INFO - ⌛ Esperando mudança visual...
2026-06-18 10:12:28,463 - INFO - ⌛ Esperando mudança visual...
2026-06-18 10:12:29,478 - INFO - ⌛ Esperando mudança visual...
2026-06-18 10:12:30,490 - INFO - ⌛ Esperando mudança visual...
2026-06-18 10:12:31,509 - INFO - ⌛ Esperando mudança visual...
2026-06-18 10:12:32,523 - INFO - ⌛ Esperando mudança visual...
2026-06-18 10:12:33,537 - INFO - ⌛ Esperando mudança visual...
2026-06-18 10:12:34,552 - INFO - ⌛ Esperando mudança visual...
2026-06-18 10:12:35,572 - INFO - ⌛ Esperando mudança visual...
2026-06-18 10:12:36,587 - INFO - ⌛ Esperando mudança visual...
2026-06-18 10:12:37,598 - INFO - ⌛ Esperando mudança visual...
2026-06-18 10:12:38,617 - INFO - ✅ Tela carregada!
2026-06-18 10:13:09,100 - INFO - ⌛ Aguardando janela de confirmação de desbloqueio...
2026-06-18 10:13:24,487 - INFO - 🟨 Registros desbloqueados com sucesso
2026-06-18 10:13:37,041 - INFO - ⌛ Aguardando janela de confirmação de desprogramação ...
2026-06-18 10:13:52,420 - INFO - 🟨 Janela de confirmação de desprogramação detectada
2026-06-18 10:13:55,681 - INFO - ⌛ Aguardando janela de confirmação de desprogramação ...
2026-06-18 10:14:11,095 - INFO - 🟨 Janela de aviso de desprogramação detectada
2026-06-18 10:14:13,244 - INFO - ⌛ Aguardando janela de confirmação de desprogramação 2 ...
2026-06-18 10:14:28,619 - INFO - 🟨 Janela de confirmação 2 de desprogramação detectada
2026-06-18 10:14:35,843 - INFO - ⌛ Aguardando janela de sucesso ...
2026-06-18 10:14:51,201 - INFO - 🟨 lote desprogramado com sucesso
2026-06-18 10:14:53,366 - INFO - 
=== Iniciando lote 20/214  ===
2026-06-18 10:14:59,718 - INFO - Janela de seleção aberta
2026-06-18 10:15:03,942 - INFO - DEBUG: idx=19, inicio=475, fim=500
2026-06-18 10:15:03,942 - INFO - ✅ 25 OS copiadas para a área de transferência.
2026-06-18 10:15:03,942 - INFO - 📋 Lote 20 copiado.
2026-06-18 10:15:12,268 - INFO - ⌛ Esperando mudança visual...
2026-06-18 10:15:13,283 - INFO - ⌛ Esperando mudança visual...
2026-06-18 10:15:14,296 - INFO - ⌛ Esperando mudança visual...
2026-06-18 10:15:15,314 - INFO - ⌛ Esperando mudança visual...
2026-06-18 10:15:16,328 - INFO - ⌛ Esperando mudança visual...
2026-06-18 10:15:17,342 - INFO - ⌛ Esperando mudança visual...
2026-06-18 10:15:18,360 - INFO - ⌛ Esperando mudança visual...
2026-06-18 10:15:19,375 - INFO - ⌛ Esperando mudança visual...
2026-06-18 10:15:20,389 - INFO - ⌛ Esperando mudança visual...
2026-06-18 10:15:21,408 - INFO - ⌛ Esperando mudança visual...
2026-06-18 10:15:22,420 - INFO - ⌛ Esperando mudança visual...
2026-06-18 10:15:23,435 - INFO - ✅ Tela carregada!
2026-06-18 10:15:53,896 - INFO - ⌛ Aguardando janela de confirmação de desbloqueio...
2026-06-18 10:16:09,274 - INFO - 🟨 Registros desbloqueados com sucesso
2026-06-18 10:16:21,840 - INFO - ⌛ Aguardando janela de confirmação de desprogramação ...
2026-06-18 10:16:37,238 - INFO - 🟨 Janela de confirmação de desprogramação detectada
2026-06-18 10:16:40,493 - INFO - ⌛ Aguardando janela de confirmação de desprogramação ...
2026-06-18 10:16:55,945 - INFO - 🟨 Janela de aviso de desprogramação detectada
2026-06-18 10:16:58,099 - INFO - ⌛ Aguardando janela de confirmação de desprogramação 2 ...
2026-06-18 10:17:13,475 - INFO - 🟨 Janela de confirmação 2 de desprogramação detectada
2026-06-18 10:17:20,687 - INFO - ⌛ Aguardando janela de sucesso ...
2026-06-18 10:17:36,068 - INFO - 🟨 lote desprogramado com sucesso
2026-06-18 10:17:38,218 - INFO - 
=== Iniciando lote 21/214  ===
2026-06-18 10:17:44,571 - INFO - ⌛ Aguardando janela de seleção...
2026-06-18 10:17:54,961 - INFO - Janela de seleção aberta
2026-06-18 10:17:59,181 - INFO - DEBUG: idx=20, inicio=500, fim=525
2026-06-18 10:17:59,182 - INFO - ✅ 25 OS copiadas para a área de transferência.
2026-06-18 10:17:59,182 - INFO - 📋 Lote 21 copiado.
2026-06-18 10:18:07,511 - INFO - ⌛ Esperando mudança visual...
2026-06-18 10:18:08,524 - INFO - ⌛ Esperando mudança visual...
2026-06-18 10:18:09,540 - INFO - ⌛ Esperando mudança visual...
2026-06-18 10:18:10,558 - INFO - ⌛ Esperando mudança visual...
2026-06-18 10:18:11,575 - INFO - ⌛ Esperando mudança visual...
2026-06-18 10:18:12,586 - INFO - ⌛ Esperando mudança visual...
2026-06-18 10:18:13,604 - INFO - ⌛ Esperando mudança visual...
2026-06-18 10:18:14,621 - INFO - ⌛ Esperando mudança visual...
2026-06-18 10:18:15,637 - INFO - ⌛ Esperando mudança visual...
2026-06-18 10:18:16,649 - INFO - ⌛ Esperando mudança visual...
2026-06-18 10:18:17,668 - INFO - ⌛ Esperando mudança visual...
2026-06-18 10:18:18,682 - INFO - ✅ Tela carregada!
2026-06-18 10:18:49,147 - INFO - ⌛ Aguardando janela de confirmação de desbloqueio...
2026-06-18 10:19:04,508 - INFO - 🟨 Registros desbloqueados com sucesso
2026-06-18 10:19:17,084 - INFO - ⌛ Aguardando janela de confirmação de desprogramação ...
2026-06-18 10:19:32,446 - INFO - 🟨 Janela de confirmação de desprogramação detectada
2026-06-18 10:19:35,734 - INFO - ⌛ Aguardando janela de confirmação de desprogramação ...
2026-06-18 10:19:51,144 - INFO - 🟨 Janela de aviso de desprogramação detectada
2026-06-18 10:19:53,287 - INFO - ⌛ Aguardando janela de confirmação de desprogramação 2 ...
2026-06-18 10:20:08,668 - INFO - 🟨 Janela de confirmação 2 de desprogramação detectada
2026-06-18 10:20:15,891 - INFO - ⌛ Aguardando janela de sucesso ...
2026-06-18 10:20:31,322 - INFO - 🟨 lote desprogramado com sucesso
2026-06-18 10:20:33,479 - INFO - 
=== Iniciando lote 22/214  ===
2026-06-18 10:20:39,843 - INFO - Janela de seleção aberta
2026-06-18 10:20:44,070 - INFO - DEBUG: idx=21, inicio=525, fim=550
2026-06-18 10:20:44,070 - INFO - ✅ 25 OS copiadas para a área de transferência.
2026-06-18 10:20:44,070 - INFO - 📋 Lote 22 copiado.
2026-06-18 10:20:52,396 - INFO - ⌛ Esperando mudança visual...
2026-06-18 10:20:53,415 - INFO - ⌛ Esperando mudança visual...
2026-06-18 10:20:54,430 - INFO - ⌛ Esperando mudança visual...
2026-06-18 10:20:55,443 - INFO - ⌛ Esperando mudança visual...
2026-06-18 10:20:56,462 - INFO - ⌛ Esperando mudança visual...
2026-06-18 10:20:57,479 - INFO - ⌛ Esperando mudança visual...
2026-06-18 10:20:58,490 - INFO - ⌛ Esperando mudança visual...
2026-06-18 10:20:59,510 - INFO - ⌛ Esperando mudança visual...
2026-06-18 10:21:00,525 - INFO - ⌛ Esperando mudança visual...
2026-06-18 10:21:01,537 - INFO - ⌛ Esperando mudança visual...
2026-06-18 10:21:02,556 - INFO - ⌛ Esperando mudança visual...
2026-06-18 10:21:03,571 - INFO - ✅ Tela carregada!
2026-06-18 10:21:34,021 - INFO - ⌛ Aguardando janela de confirmação de desbloqueio...
2026-06-18 10:21:49,426 - INFO - 🟨 Registros desbloqueados com sucesso
2026-06-18 10:22:01,990 - INFO - ⌛ Aguardando janela de confirmação de desprogramação ...
2026-06-18 10:22:17,394 - INFO - 🟨 Janela de confirmação de desprogramação detectada
2026-06-18 10:22:20,707 - INFO - ⌛ Aguardando janela de confirmação de desprogramação ...
2026-06-18 10:22:36,190 - INFO - 🟨 Janela de aviso de desprogramação detectada
2026-06-18 10:22:38,360 - INFO - ⌛ Aguardando janela de confirmação de desprogramação 2 ...
2026-06-18 10:22:53,763 - INFO - ⌛ Aguardando janela de confirmação de desprogramação 2 ...
2026-06-18 10:22:53,893 - INFO - 🟨 Identificado travamento no EQM, reiniciando contador de espera
2026-06-18 10:23:09,168 - INFO - 🟨 Janela de confirmação 2 de desprogramação detectada
2026-06-18 10:23:16,394 - INFO - ⌛ Aguardando janela de sucesso ...
2026-06-18 10:23:31,786 - INFO - 🟨 lote desprogramado com sucesso
2026-06-18 10:23:33,942 - INFO - 
=== Iniciando lote 23/214  ===
2026-06-18 10:23:40,302 - INFO - Janela de seleção aberta
2026-06-18 10:23:44,527 - INFO - DEBUG: idx=22, inicio=550, fim=575
2026-06-18 10:23:44,527 - INFO - ✅ 25 OS copiadas para a área de transferência.
2026-06-18 10:23:44,527 - INFO - 📋 Lote 23 copiado.
2026-06-18 10:23:52,855 - INFO - ⌛ Esperando mudança visual...
2026-06-18 10:23:53,869 - INFO - ⌛ Esperando mudança visual...
2026-06-18 10:23:54,886 - INFO - ⌛ Esperando mudança visual...
2026-06-18 10:23:55,898 - INFO - ⌛ Esperando mudança visual...
2026-06-18 10:23:56,918 - INFO - ⌛ Esperando mudança visual...
2026-06-18 10:23:57,933 - INFO - ⌛ Esperando mudança visual...
2026-06-18 10:23:58,946 - INFO - ⌛ Esperando mudança visual...
2026-06-18 10:23:59,964 - INFO - ⌛ Esperando mudança visual...
2026-06-18 10:24:00,981 - INFO - ⌛ Esperando mudança visual...
2026-06-18 10:24:01,992 - INFO - ⌛ Esperando mudança visual...
2026-06-18 10:24:03,011 - INFO - ⌛ Esperando mudança visual...
2026-06-18 10:24:04,027 - INFO - ✅ Tela carregada!
2026-06-18 10:24:34,490 - INFO - ⌛ Aguardando janela de confirmação de desbloqueio...
2026-06-18 10:24:49,844 - INFO - 🟨 Registros desbloqueados com sucesso
2026-06-18 10:25:02,425 - INFO - ⌛ Aguardando janela de confirmação de desprogramação ...
2026-06-18 10:25:17,820 - INFO - 🟨 Janela de confirmação de desprogramação detectada
2026-06-18 10:25:21,119 - INFO - ⌛ Aguardando janela de confirmação de desprogramação ...
2026-06-18 10:25:36,596 - INFO - 🟨 Janela de aviso de desprogramação detectada
2026-06-18 10:25:38,763 - INFO - ⌛ Aguardando janela de confirmação de desprogramação 2 ...
2026-06-18 10:25:54,166 - INFO - 🟨 Janela de confirmação 2 de desprogramação detectada
2026-06-18 10:26:01,388 - INFO - ⌛ Aguardando janela de sucesso ...
2026-06-18 10:26:16,771 - INFO - 🟨 lote desprogramado com sucesso
2026-06-18 10:26:18,921 - INFO - 
=== Iniciando lote 24/214  ===
2026-06-18 10:26:25,271 - INFO - Janela de seleção aberta
2026-06-18 10:26:29,513 - INFO - DEBUG: idx=23, inicio=575, fim=600
2026-06-18 10:26:29,513 - INFO - ✅ 25 OS copiadas para a área de transferência.
2026-06-18 10:26:29,513 - INFO - 📋 Lote 24 copiado.
2026-06-18 10:26:37,856 - INFO - ⌛ Esperando mudança visual...
2026-06-18 10:26:38,869 - INFO - ⌛ Esperando mudança visual...
2026-06-18 10:26:39,887 - INFO - ⌛ Esperando mudança visual...
2026-06-18 10:26:40,903 - INFO - ⌛ Esperando mudança visual...
2026-06-18 10:26:41,917 - INFO - ⌛ Esperando mudança visual...
2026-06-18 10:26:42,934 - INFO - ⌛ Esperando mudança visual...
2026-06-18 10:26:43,946 - INFO - ⌛ Esperando mudança visual...
2026-06-18 10:26:44,965 - INFO - ⌛ Esperando mudança visual...
2026-06-18 10:26:45,983 - INFO - ⌛ Esperando mudança visual...
2026-06-18 10:26:46,994 - INFO - ⌛ Esperando mudança visual...
2026-06-18 10:26:48,013 - INFO - ⌛ Esperando mudança visual...
2026-06-18 10:26:49,027 - INFO - ✅ Tela carregada!
2026-06-18 10:27:19,500 - INFO - ⌛ Aguardando janela de confirmação de desbloqueio...
2026-06-18 10:27:34,894 - INFO - 🟨 Registros desbloqueados com sucesso
2026-06-18 10:27:47,459 - INFO - ⌛ Aguardando janela de confirmação de desprogramação ...
2026-06-18 10:28:02,835 - INFO - 🟨 Janela de confirmação de desprogramação detectada
2026-06-18 10:28:06,128 - INFO - ⌛ Aguardando janela de confirmação de desprogramação ...
2026-06-18 10:28:21,578 - INFO - 🟨 Janela de aviso de desprogramação detectada
2026-06-18 10:28:23,731 - INFO - ⌛ Aguardando janela de confirmação de desprogramação 2 ...
2026-06-18 10:28:39,113 - INFO - 🟨 Janela de confirmação 2 de desprogramação detectada
2026-06-18 10:28:46,341 - INFO - ⌛ Aguardando janela de sucesso ...
2026-06-18 10:29:01,769 - INFO - 🟨 lote desprogramado com sucesso
2026-06-18 10:29:03,945 - INFO - 
=== Iniciando lote 25/214  ===
2026-06-18 10:29:10,320 - INFO - Janela de seleção aberta
2026-06-18 10:29:14,552 - INFO - DEBUG: idx=24, inicio=600, fim=625
2026-06-18 10:29:14,552 - INFO - ✅ 25 OS copiadas para a área de transferência.
2026-06-18 10:29:14,553 - INFO - 📋 Lote 25 copiado.
2026-06-18 10:29:22,874 - INFO - ⌛ Esperando mudança visual...
2026-06-18 10:29:23,887 - INFO - ⌛ Esperando mudança visual...
2026-06-18 10:29:24,905 - INFO - ⌛ Esperando mudança visual...
2026-06-18 10:29:25,922 - INFO - ⌛ Esperando mudança visual...
2026-06-18 10:29:26,934 - INFO - ⌛ Esperando mudança visual...
2026-06-18 10:29:27,953 - INFO - ⌛ Esperando mudança visual...
2026-06-18 10:29:28,968 - INFO - ⌛ Esperando mudança visual...
2026-06-18 10:29:29,981 - INFO - ⌛ Esperando mudança visual...
2026-06-18 10:29:31,001 - INFO - ⌛ Esperando mudança visual...
2026-06-18 10:29:32,016 - INFO - ⌛ Esperando mudança visual...
2026-06-18 10:29:33,028 - INFO - ✅ Tela carregada!
2026-06-18 10:30:03,496 - INFO - ⌛ Aguardando janela de confirmação de desbloqueio...
2026-06-18 10:30:18,880 - INFO - 🟨 Registros desbloqueados com sucesso
2026-06-18 10:30:31,443 - INFO - ⌛ Aguardando janela de confirmação de desprogramação ...
2026-06-18 10:30:46,828 - INFO - 🟨 Janela de confirmação de desprogramação detectada
2026-06-18 10:30:50,135 - INFO - ⌛ Aguardando janela de confirmação de desprogramação ...
2026-06-18 10:31:05,667 - INFO - 🟨 Janela de aviso de desprogramação detectada
2026-06-18 10:31:07,834 - INFO - ⌛ Aguardando janela de confirmação de desprogramação 2 ...
2026-06-18 10:31:23,285 - INFO - 🟨 Janela de confirmação 2 de desprogramação detectada
2026-06-18 10:31:30,500 - INFO - ⌛ Aguardando janela de sucesso ...
2026-06-18 10:31:45,915 - INFO - 🟨 lote desprogramado com sucesso
2026-06-18 10:31:48,078 - INFO - 
=== Iniciando lote 26/214  ===
2026-06-18 10:31:54,432 - INFO - Janela de seleção aberta
2026-06-18 10:31:58,654 - INFO - DEBUG: idx=25, inicio=625, fim=650
2026-06-18 10:31:58,655 - INFO - ✅ 25 OS copiadas para a área de transferência.
2026-06-18 10:31:58,655 - INFO - 📋 Lote 26 copiado.
2026-06-18 10:32:06,975 - INFO - ⌛ Esperando mudança visual...
2026-06-18 10:32:07,996 - INFO - ⌛ Esperando mudança visual...
2026-06-18 10:32:09,009 - INFO - ⌛ Esperando mudança visual...
2026-06-18 10:32:10,022 - INFO - ⌛ Esperando mudança visual...
2026-06-18 10:32:11,037 - INFO - ⌛ Esperando mudança visual...
2026-06-18 10:32:12,057 - INFO - ⌛ Esperando mudança visual...
2026-06-18 10:32:13,069 - INFO - ⌛ Esperando mudança visual...
2026-06-18 10:32:14,084 - INFO - ⌛ Esperando mudança visual...
2026-06-18 10:32:15,103 - INFO - ⌛ Esperando mudança visual...
2026-06-18 10:32:16,120 - INFO - ⌛ Esperando mudança visual...
2026-06-18 10:32:17,131 - INFO - ✅ Tela carregada!
2026-06-18 10:32:47,603 - INFO - ⌛ Aguardando janela de confirmação de desbloqueio...
2026-06-18 10:33:03,057 - INFO - 🟨 Registros desbloqueados com sucesso
2026-06-18 10:33:15,620 - INFO - ⌛ Aguardando janela de confirmação de desprogramação ...
2026-06-18 10:33:30,974 - INFO - 🟨 Janela de confirmação de desprogramação detectada
2026-06-18 10:33:34,286 - INFO - ⌛ Aguardando janela de confirmação de desprogramação ...
2026-06-18 10:33:49,789 - INFO - 🟨 Janela de aviso de desprogramação detectada
2026-06-18 10:33:51,952 - INFO - ⌛ Aguardando janela de confirmação de desprogramação 2 ...
2026-06-18 10:34:07,333 - INFO - 🟨 Janela de confirmação 2 de desprogramação detectada
2026-06-18 10:34:14,537 - INFO - ⌛ Aguardando janela de sucesso ...
2026-06-18 10:34:29,961 - INFO - 🟨 lote desprogramado com sucesso
2026-06-18 10:34:32,109 - INFO - 
=== Iniciando lote 27/214  ===
2026-06-18 10:34:38,465 - INFO - Janela de seleção aberta
2026-06-18 10:34:42,686 - INFO - DEBUG: idx=26, inicio=650, fim=675
2026-06-18 10:34:42,686 - INFO - ✅ 25 OS copiadas para a área de transferência.
2026-06-18 10:34:42,686 - INFO - 📋 Lote 27 copiado.
2026-06-18 10:34:51,013 - INFO - ⌛ Esperando mudança visual...
2026-06-18 10:34:52,027 - INFO - ⌛ Esperando mudança visual...
2026-06-18 10:34:53,045 - INFO - ⌛ Esperando mudança visual...
2026-06-18 10:34:54,062 - INFO - ⌛ Esperando mudança visual...
2026-06-18 10:34:55,074 - INFO - ⌛ Esperando mudança visual...
2026-06-18 10:34:56,094 - INFO - ⌛ Esperando mudança visual...
2026-06-18 10:34:57,107 - INFO - ⌛ Esperando mudança visual...
2026-06-18 10:34:58,124 - INFO - ⌛ Esperando mudança visual...
2026-06-18 10:34:59,136 - INFO - ⌛ Esperando mudança visual...
2026-06-18 10:35:00,154 - INFO - ⌛ Esperando mudança visual...
2026-06-18 10:35:01,170 - INFO - ✅ Tela carregada!
2026-06-18 10:35:31,621 - INFO - ⌛ Aguardando janela de confirmação de desbloqueio...
2026-06-18 10:35:47,006 - INFO - 🟨 Registros desbloqueados com sucesso
2026-06-18 10:35:59,571 - INFO - ⌛ Aguardando janela de confirmação de desprogramação ...
2026-06-18 10:36:14,951 - INFO - 🟨 Janela de confirmação de desprogramação detectada
2026-06-18 10:36:18,217 - INFO - ⌛ Aguardando janela de confirmação de desprogramação ...
2026-06-18 10:36:33,654 - INFO - 🟨 Janela de aviso de desprogramação detectada
2026-06-18 10:36:35,798 - INFO - ⌛ Aguardando janela de confirmação de desprogramação 2 ...
2026-06-18 10:36:51,192 - INFO - 🟨 Janela de confirmação 2 de desprogramação detectada
2026-06-18 10:36:58,417 - INFO - ⌛ Aguardando janela de sucesso ...
2026-06-18 10:37:13,836 - INFO - 🟨 lote desprogramado com sucesso
2026-06-18 10:37:16,005 - INFO - 
=== Iniciando lote 28/214  ===
2026-06-18 10:37:22,372 - INFO - Janela de seleção aberta
2026-06-18 10:37:26,604 - INFO - DEBUG: idx=27, inicio=675, fim=700
2026-06-18 10:37:26,604 - INFO - ✅ 25 OS copiadas para a área de transferência.
2026-06-18 10:37:26,604 - INFO - 📋 Lote 28 copiado.
2026-06-18 10:37:34,931 - INFO - ⌛ Esperando mudança visual...
2026-06-18 10:37:35,950 - INFO - ⌛ Esperando mudança visual...
2026-06-18 10:37:36,966 - INFO - ⌛ Esperando mudança visual...
2026-06-18 10:37:37,981 - INFO - ⌛ Esperando mudança visual...
2026-06-18 10:37:38,997 - INFO - ⌛ Esperando mudança visual...
2026-06-18 10:37:40,012 - INFO - ⌛ Esperando mudança visual...
2026-06-18 10:37:41,025 - INFO - ⌛ Esperando mudança visual...
2026-06-18 10:37:42,044 - INFO - ⌛ Esperando mudança visual...
2026-06-18 10:37:43,061 - INFO - ⌛ Esperando mudança visual...
2026-06-18 10:37:44,072 - INFO - ⌛ Esperando mudança visual...
2026-06-18 10:37:45,090 - INFO - ✅ Tela carregada!
2026-06-18 10:38:15,562 - INFO - ⌛ Aguardando janela de confirmação de desbloqueio...
2026-06-18 10:38:30,955 - INFO - 🟨 Registros desbloqueados com sucesso
2026-06-18 10:38:43,525 - INFO - ⌛ Aguardando janela de confirmação de desprogramação ...
2026-06-18 10:38:58,910 - INFO - 🟨 Janela de confirmação de desprogramação detectada
2026-06-18 10:39:02,193 - INFO - ⌛ Aguardando janela de confirmação de desprogramação ...
2026-06-18 10:39:17,621 - INFO - 🟨 Janela de aviso de desprogramação detectada
2026-06-18 10:39:19,769 - INFO - ⌛ Aguardando janela de confirmação de desprogramação 2 ...
2026-06-18 10:39:35,160 - INFO - 🟨 Janela de confirmação 2 de desprogramação detectada
2026-06-18 10:39:42,371 - INFO - ⌛ Aguardando janela de sucesso ...
2026-06-18 10:39:57,751 - INFO - 🟨 lote desprogramado com sucesso
2026-06-18 10:39:59,901 - INFO - 
=== Iniciando lote 29/214  ===
2026-06-18 10:40:06,253 - INFO - Janela de seleção aberta
2026-06-18 10:40:10,477 - INFO - DEBUG: idx=28, inicio=700, fim=725
2026-06-18 10:40:10,477 - INFO - ✅ 25 OS copiadas para a área de transferência.
2026-06-18 10:40:10,477 - INFO - 📋 Lote 29 copiado.
2026-06-18 10:40:18,806 - INFO - ⌛ Esperando mudança visual...
2026-06-18 10:40:19,817 - INFO - ⌛ Esperando mudança visual...
2026-06-18 10:40:20,833 - INFO - ⌛ Esperando mudança visual...
2026-06-18 10:40:21,851 - INFO - ⌛ Esperando mudança visual...
2026-06-18 10:40:22,868 - INFO - ⌛ Esperando mudança visual...
2026-06-18 10:40:23,880 - INFO - ⌛ Esperando mudança visual...
2026-06-18 10:40:24,897 - INFO - ⌛ Esperando mudança visual...
2026-06-18 10:40:25,916 - INFO - ⌛ Esperando mudança visual...
2026-06-18 10:40:26,927 - INFO - ⌛ Esperando mudança visual...
2026-06-18 10:40:27,947 - INFO - ⌛ Esperando mudança visual...
2026-06-18 10:40:28,961 - INFO - ⌛ Esperando mudança visual...
2026-06-18 10:40:29,974 - INFO - ⌛ Esperando mudança visual...
2026-06-18 10:40:30,993 - INFO - ✅ Tela carregada!
2026-06-18 10:41:01,458 - INFO - ⌛ Aguardando janela de confirmação de desbloqueio...
2026-06-18 10:41:16,826 - INFO - 🟨 Registros desbloqueados com sucesso
2026-06-18 10:41:29,381 - INFO - ⌛ Aguardando janela de confirmação de desprogramação ...
2026-06-18 10:41:44,769 - INFO - 🟨 Janela de confirmação de desprogramação detectada
2026-06-18 10:41:48,034 - INFO - ⌛ Aguardando janela de confirmação de desprogramação ...
2026-06-18 10:42:03,481 - INFO - 🟨 Janela de aviso de desprogramação detectada
2026-06-18 10:42:05,646 - INFO - ⌛ Aguardando janela de confirmação de desprogramação 2 ...
2026-06-18 10:42:21,070 - INFO - 🟨 Janela de confirmação 2 de desprogramação detectada
2026-06-18 10:42:28,280 - INFO - ⌛ Aguardando janela de sucesso ...
2026-06-18 10:42:43,678 - INFO - 🟨 lote desprogramado com sucesso
2026-06-18 10:42:45,848 - INFO - 
=== Iniciando lote 30/214  ===
2026-06-18 10:42:52,207 - INFO - Janela de seleção aberta
2026-06-18 10:42:56,427 - INFO - DEBUG: idx=29, inicio=725, fim=750
2026-06-18 10:42:56,428 - INFO - ✅ 25 OS copiadas para a área de transferência.
2026-06-18 10:42:56,428 - INFO - 📋 Lote 30 copiado.
2026-06-18 10:43:04,758 - INFO - ⌛ Esperando mudança visual...
2026-06-18 10:43:05,769 - INFO - ⌛ Esperando mudança visual...
2026-06-18 10:43:06,788 - INFO - ⌛ Esperando mudança visual...
2026-06-18 10:43:07,804 - INFO - ⌛ Esperando mudança visual...
2026-06-18 10:43:08,816 - INFO - ⌛ Esperando mudança visual...
2026-06-18 10:43:09,833 - INFO - ⌛ Esperando mudança visual...
2026-06-18 10:43:10,849 - INFO - ⌛ Esperando mudança visual...
2026-06-18 10:43:11,866 - INFO - ⌛ Esperando mudança visual...
2026-06-18 10:43:12,880 - INFO - ⌛ Esperando mudança visual...
2026-06-18 10:43:13,899 - INFO - ⌛ Esperando mudança visual...
2026-06-18 10:43:14,913 - INFO - ⌛ Esperando mudança visual...
2026-06-18 10:43:15,929 - INFO - ✅ Tela carregada!
2026-06-18 10:43:46,378 - INFO - ⌛ Aguardando janela de confirmação de desbloqueio...
2026-06-18 10:44:01,797 - INFO - 🟨 Registros desbloqueados com sucesso
2026-06-18 10:44:14,367 - INFO - ⌛ Aguardando janela de confirmação de desprogramação ...
2026-06-18 10:44:29,772 - INFO - 🟨 Janela de confirmação de desprogramação detectada
2026-06-18 10:44:33,094 - INFO - ⌛ Aguardando janela de confirmação de desprogramação ...
2026-06-18 10:44:48,620 - INFO - 🟨 Janela de aviso de desprogramação detectada
2026-06-18 10:44:50,791 - INFO - ⌛ Aguardando janela de confirmação de desprogramação 2 ...
2026-06-18 10:45:06,297 - INFO - 🟨 Janela de confirmação 2 de desprogramação detectada
2026-06-18 10:45:13,561 - INFO - ⌛ Aguardando janela de sucesso ...
2026-06-18 10:45:28,982 - INFO - 🟨 lote desprogramado com sucesso
2026-06-18 10:45:31,143 - INFO - 
=== Iniciando lote 31/214  ===
2026-06-18 10:45:37,515 - INFO - Janela de seleção aberta
2026-06-18 10:45:41,730 - INFO - DEBUG: idx=30, inicio=750, fim=775
2026-06-18 10:45:41,730 - INFO - ✅ 25 OS copiadas para a área de transferência.
2026-06-18 10:45:41,730 - INFO - 📋 Lote 31 copiado.
2026-06-18 10:45:50,059 - INFO - ⌛ Esperando mudança visual...
2026-06-18 10:45:51,075 - INFO - ⌛ Esperando mudança visual...
2026-06-18 10:45:52,090 - INFO - ⌛ Esperando mudança visual...
2026-06-18 10:45:53,106 - INFO - ⌛ Esperando mudança visual...
2026-06-18 10:45:54,118 - INFO - ⌛ Esperando mudança visual...
2026-06-18 10:45:55,138 - INFO - ⌛ Esperando mudança visual...
2026-06-18 10:45:56,151 - INFO - ⌛ Esperando mudança visual...
2026-06-18 10:45:57,165 - INFO - ⌛ Esperando mudança visual...
2026-06-18 10:45:58,184 - INFO - ⌛ Esperando mudança visual...
2026-06-18 10:45:59,198 - INFO - ⌛ Esperando mudança visual...
2026-06-18 10:46:00,215 - INFO - ✅ Tela carregada!
2026-06-18 10:46:30,699 - INFO - ⌛ Aguardando janela de confirmação de desbloqueio...
2026-06-18 10:46:46,103 - INFO - 🟨 Registros desbloqueados com sucesso
2026-06-18 10:46:58,667 - INFO - ⌛ Aguardando janela de confirmação de desprogramação ...
2026-06-18 10:47:14,045 - INFO - 🟨 Janela de confirmação de desprogramação detectada
2026-06-18 10:47:17,312 - INFO - 🟨 Janela de aviso de desprogramação detectada
2026-06-18 10:47:19,464 - INFO - ⌛ Aguardando janela de confirmação de desprogramação 2 ...
2026-06-18 10:47:34,820 - INFO - 🟨 Janela de confirmação 2 de desprogramação detectada
2026-06-18 10:47:42,057 - INFO - ⌛ Aguardando janela de sucesso ...
2026-06-18 10:47:57,412 - INFO - 🟨 lote desprogramado com sucesso
2026-06-18 10:47:59,577 - INFO - 
=== Iniciando lote 32/214  ===
2026-06-18 10:48:05,943 - INFO - Janela de seleção aberta
2026-06-18 10:48:10,165 - INFO - DEBUG: idx=31, inicio=775, fim=800
2026-06-18 10:48:10,165 - INFO - ✅ 25 OS copiadas para a área de transferência.
2026-06-18 10:48:10,165 - INFO - 📋 Lote 32 copiado.
2026-06-18 10:48:18,492 - INFO - ⌛ Esperando mudança visual...
2026-06-18 10:48:19,508 - INFO - ⌛ Esperando mudança visual...
2026-06-18 10:48:20,525 - INFO - ⌛ Esperando mudança visual...
2026-06-18 10:48:21,542 - INFO - ⌛ Esperando mudança visual...
2026-06-18 10:48:22,555 - INFO - ⌛ Esperando mudança visual...
2026-06-18 10:48:23,569 - INFO - ⌛ Esperando mudança visual...
2026-06-18 10:48:24,588 - INFO - ⌛ Esperando mudança visual...
2026-06-18 10:48:25,601 - INFO - ⌛ Esperando mudança visual...
2026-06-18 10:48:26,616 - INFO - ⌛ Esperando mudança visual...
2026-06-18 10:48:27,635 - INFO - ⌛ Esperando mudança visual...
2026-06-18 10:48:28,652 - INFO - ✅ Tela carregada!
2026-06-18 10:48:59,113 - INFO - ⌛ Aguardando janela de confirmação de desbloqueio...
2026-06-18 10:49:14,483 - INFO - 🟨 Registros desbloqueados com sucesso
2026-06-18 10:49:27,053 - INFO - ⌛ Aguardando janela de confirmação de desprogramação ...
2026-06-18 10:49:42,431 - INFO - 🟨 Janela de confirmação de desprogramação detectada
2026-06-18 10:49:45,693 - INFO - ⌛ Aguardando janela de confirmação de desprogramação ...
2026-06-18 10:50:01,114 - INFO - 🟨 Janela de aviso de desprogramação detectada
2026-06-18 10:50:03,265 - INFO - ⌛ Aguardando janela de confirmação de desprogramação 2 ...
2026-06-18 10:50:18,672 - INFO - 🟨 Janela de confirmação 2 de desprogramação detectada
2026-06-18 10:50:25,890 - INFO - ⌛ Aguardando janela de sucesso ...
2026-06-18 10:50:41,299 - INFO - 🟨 lote desprogramado com sucesso
2026-06-18 10:50:43,469 - INFO - 
=== Iniciando lote 33/214  ===
2026-06-18 10:50:49,824 - INFO - Janela de seleção aberta
2026-06-18 10:50:54,056 - INFO - DEBUG: idx=32, inicio=800, fim=825
2026-06-18 10:50:54,057 - INFO - ✅ 25 OS copiadas para a área de transferência.
2026-06-18 10:50:54,057 - INFO - 📋 Lote 33 copiado.
2026-06-18 10:51:02,382 - INFO - ⌛ Esperando mudança visual...
2026-06-18 10:51:03,398 - INFO - ⌛ Esperando mudança visual...
2026-06-18 10:51:04,410 - INFO - ⌛ Esperando mudança visual...
2026-06-18 10:51:05,429 - INFO - ⌛ Esperando mudança visual...
2026-06-18 10:51:06,444 - INFO - ⌛ Esperando mudança visual...
2026-06-18 10:51:07,461 - INFO - ⌛ Esperando mudança visual...
2026-06-18 10:51:08,472 - INFO - ⌛ Esperando mudança visual...
2026-06-18 10:51:09,491 - INFO - ⌛ Esperando mudança visual...
2026-06-18 10:51:10,507 - INFO - ⌛ Esperando mudança visual...
2026-06-18 10:51:11,522 - INFO - ⌛ Esperando mudança visual...
2026-06-18 10:51:12,539 - INFO - ✅ Tela carregada!
2026-06-18 10:51:43,021 - INFO - ⌛ Aguardando janela de confirmação de desbloqueio...
2026-06-18 10:51:58,432 - INFO - 🟨 Registros desbloqueados com sucesso
2026-06-18 10:52:11,006 - INFO - ⌛ Aguardando janela de confirmação de desprogramação ...
2026-06-18 10:52:26,389 - INFO - 🟨 Janela de confirmação de desprogramação detectada
2026-06-18 10:52:29,664 - INFO - ⌛ Aguardando janela de confirmação de desprogramação ...
2026-06-18 10:52:45,064 - INFO - 🟨 Janela de aviso de desprogramação detectada
2026-06-18 10:52:47,208 - INFO - ⌛ Aguardando janela de confirmação de desprogramação 2 ...
2026-06-18 10:53:02,581 - INFO - 🟨 Janela de confirmação 2 de desprogramação detectada
2026-06-18 10:53:09,809 - INFO - ⌛ Aguardando janela de sucesso ...
2026-06-18 10:53:25,215 - INFO - 🟨 lote desprogramado com sucesso
2026-06-18 10:53:27,370 - INFO - 
=== Iniciando lote 34/214  ===
2026-06-18 10:53:33,737 - INFO - Janela de seleção aberta
2026-06-18 10:53:37,957 - INFO - DEBUG: idx=33, inicio=825, fim=850
2026-06-18 10:53:37,957 - INFO - ✅ 25 OS copiadas para a área de transferência.
2026-06-18 10:53:37,957 - INFO - 📋 Lote 34 copiado.
2026-06-18 10:53:46,285 - INFO - ⌛ Esperando mudança visual...
2026-06-18 10:53:47,301 - INFO - ⌛ Esperando mudança visual...
2026-06-18 10:53:48,314 - INFO - ⌛ Esperando mudança visual...
2026-06-18 10:53:49,333 - INFO - ⌛ Esperando mudança visual...
2026-06-18 10:53:50,346 - INFO - ⌛ Esperando mudança visual...
2026-06-18 10:53:51,360 - INFO - ⌛ Esperando mudança visual...
2026-06-18 10:53:52,378 - INFO - ⌛ Esperando mudança visual...
2026-06-18 10:53:53,393 - INFO - ⌛ Esperando mudança visual...
2026-06-18 10:53:54,408 - INFO - ⌛ Esperando mudança visual...
2026-06-18 10:53:55,425 - INFO - ✅ Tela carregada!
2026-06-18 10:54:25,893 - INFO - ⌛ Aguardando janela de confirmação de desbloqueio...
2026-06-18 10:54:41,283 - INFO - 🟨 Registros desbloqueados com sucesso
2026-06-18 10:54:53,856 - INFO - ⌛ Aguardando janela de confirmação de desprogramação ...
2026-06-18 10:55:09,217 - INFO - 🟨 Janela de confirmação de desprogramação detectada
2026-06-18 10:55:12,487 - INFO - ⌛ Aguardando janela de confirmação de desprogramação ...
2026-06-18 10:55:27,910 - INFO - 🟨 Janela de aviso de desprogramação detectada
2026-06-18 10:55:30,071 - INFO - ⌛ Aguardando janela de confirmação de desprogramação 2 ...
2026-06-18 10:55:45,447 - INFO - 🟨 Janela de confirmação 2 de desprogramação detectada
2026-06-18 10:55:52,652 - INFO - ⌛ Aguardando janela de sucesso ...
2026-06-18 10:56:08,053 - INFO - 🟨 lote desprogramado com sucesso
2026-06-18 10:56:10,206 - INFO - 
=== Iniciando lote 35/214  ===
2026-06-18 10:56:16,558 - INFO - Janela de seleção aberta
2026-06-18 10:56:20,783 - INFO - DEBUG: idx=34, inicio=850, fim=875
2026-06-18 10:56:20,783 - INFO - ✅ 25 OS copiadas para a área de transferência.
2026-06-18 10:56:20,783 - INFO - 📋 Lote 35 copiado.
2026-06-18 10:56:29,108 - INFO - ⌛ Esperando mudança visual...
2026-06-18 10:56:30,123 - INFO - ⌛ Esperando mudança visual...
2026-06-18 10:56:31,140 - INFO - ⌛ Esperando mudança visual...
2026-06-18 10:56:32,154 - INFO - ⌛ Esperando mudança visual...
2026-06-18 10:56:33,167 - INFO - ⌛ Esperando mudança visual...
2026-06-18 10:56:34,186 - INFO - ⌛ Esperando mudança visual...
2026-06-18 10:56:35,200 - INFO - ⌛ Esperando mudança visual...
2026-06-18 10:56:36,214 - INFO - ⌛ Esperando mudança visual...
2026-06-18 10:56:37,233 - INFO - ⌛ Esperando mudança visual...
2026-06-18 10:56:38,248 - INFO - ⌛ Esperando mudança visual...
2026-06-18 10:56:39,261 - INFO - ✅ Tela carregada!
2026-06-18 10:57:09,764 - INFO - ⌛ Aguardando janela de confirmação de desbloqueio...
2026-06-18 10:57:25,183 - INFO - 🟨 Registros desbloqueados com sucesso
2026-06-18 10:57:37,742 - INFO - ⌛ Aguardando janela de confirmação de desprogramação ...
2026-06-18 10:57:53,151 - INFO - 🟨 Janela de confirmação de desprogramação detectada
2026-06-18 10:57:56,414 - INFO - ⌛ Aguardando janela de confirmação de desprogramação ...
2026-06-18 10:58:11,873 - INFO - 🟨 Janela de aviso de desprogramação detectada
2026-06-18 10:58:14,052 - INFO - ⌛ Aguardando janela de confirmação de desprogramação 2 ...
2026-06-18 10:58:29,465 - INFO - 🟨 Janela de confirmação 2 de desprogramação detectada
2026-06-18 10:58:36,688 - INFO - ⌛ Aguardando janela de sucesso ...
2026-06-18 10:58:52,072 - INFO - 🟨 lote desprogramado com sucesso
2026-06-18 10:58:54,223 - INFO - 
=== Iniciando lote 36/214  ===
2026-06-18 10:59:00,577 - INFO - Janela de seleção aberta
2026-06-18 10:59:04,814 - INFO - DEBUG: idx=35, inicio=875, fim=900
2026-06-18 10:59:04,815 - INFO - ✅ 25 OS copiadas para a área de transferência.
2026-06-18 10:59:04,815 - INFO - 📋 Lote 36 copiado.
2026-06-18 10:59:13,144 - INFO - ⌛ Esperando mudança visual...
2026-06-18 10:59:14,157 - INFO - ⌛ Esperando mudança visual...
2026-06-18 10:59:15,174 - INFO - ⌛ Esperando mudança visual...
2026-06-18 10:59:16,191 - INFO - ⌛ Esperando mudança visual...
2026-06-18 10:59:17,204 - INFO - ⌛ Esperando mudança visual...
2026-06-18 10:59:18,222 - INFO - ⌛ Esperando mudança visual...
2026-06-18 10:59:19,238 - INFO - ⌛ Esperando mudança visual...
2026-06-18 10:59:20,252 - INFO - ⌛ Esperando mudança visual...
2026-06-18 10:59:21,266 - INFO - ⌛ Esperando mudança visual...
2026-06-18 10:59:22,284 - INFO - ⌛ Esperando mudança visual...
2026-06-18 10:59:23,299 - INFO - ✅ Tela carregada!
2026-06-18 10:59:53,785 - INFO - ⌛ Aguardando janela de confirmação de desbloqueio...
2026-06-18 11:00:09,186 - INFO - 🟨 Registros desbloqueados com sucesso
2026-06-18 11:00:21,748 - INFO - ⌛ Aguardando janela de confirmação de desprogramação ...
2026-06-18 11:00:37,116 - INFO - 🟨 Janela de confirmação de desprogramação detectada
2026-06-18 11:00:40,409 - INFO - 🟨 Janela de aviso de desprogramação detectada
2026-06-18 11:00:42,557 - INFO - ⌛ Aguardando janela de confirmação de desprogramação 2 ...
2026-06-18 11:00:57,981 - INFO - 🟨 Janela de confirmação 2 de desprogramação detectada
2026-06-18 11:01:05,189 - INFO - ⌛ Aguardando janela de sucesso ...
2026-06-18 11:01:20,575 - INFO - 🟨 lote desprogramado com sucesso
2026-06-18 11:01:22,726 - INFO - 
=== Iniciando lote 37/214  ===
2026-06-18 11:01:29,080 - INFO - Janela de seleção aberta
2026-06-18 11:01:33,305 - INFO - DEBUG: idx=36, inicio=900, fim=925
2026-06-18 11:01:33,305 - INFO - ✅ 25 OS copiadas para a área de transferência.
2026-06-18 11:01:33,305 - INFO - 📋 Lote 37 copiado.
2026-06-18 11:01:41,629 - INFO - ⌛ Esperando mudança visual...
2026-06-18 11:01:42,645 - INFO - ⌛ Esperando mudança visual...
2026-06-18 11:01:43,659 - INFO - ⌛ Esperando mudança visual...
2026-06-18 11:01:44,676 - INFO - ⌛ Esperando mudança visual...
2026-06-18 11:01:45,692 - INFO - ⌛ Esperando mudança visual...
2026-06-18 11:01:46,706 - INFO - ⌛ Esperando mudança visual...
2026-06-18 11:01:47,723 - INFO - ⌛ Esperando mudança visual...
2026-06-18 11:01:48,739 - INFO - ⌛ Esperando mudança visual...
2026-06-18 11:01:49,756 - INFO - ⌛ Esperando mudança visual...
2026-06-18 11:01:50,770 - INFO - ⌛ Esperando mudança visual...
2026-06-18 11:01:51,786 - INFO - ✅ Tela carregada!
2026-06-18 11:02:22,254 - INFO - ⌛ Aguardando janela de confirmação de desbloqueio...
2026-06-18 11:02:37,689 - INFO - 🟨 Registros desbloqueados com sucesso
2026-06-18 11:02:50,288 - INFO - ⌛ Aguardando janela de confirmação de desprogramação ...
2026-06-18 11:03:05,661 - INFO - 🟨 Janela de confirmação de desprogramação detectada
2026-06-18 11:03:08,933 - INFO - ⌛ Aguardando janela de confirmação de desprogramação ...
2026-06-18 11:03:24,381 - INFO - 🟨 Janela de aviso de desprogramação detectada
2026-06-18 11:03:26,540 - INFO - ⌛ Aguardando janela de confirmação de desprogramação 2 ...
2026-06-18 11:03:41,925 - INFO - 🟨 Janela de confirmação 2 de desprogramação detectada
2026-06-18 11:03:49,126 - INFO - ⌛ Aguardando janela de sucesso ...
2026-06-18 11:04:04,499 - INFO - 🟨 lote desprogramado com sucesso
2026-06-18 11:04:06,647 - INFO - 
=== Iniciando lote 38/214  ===
2026-06-18 11:04:12,999 - INFO - Janela de seleção aberta
2026-06-18 11:04:17,227 - INFO - DEBUG: idx=37, inicio=925, fim=950
2026-06-18 11:04:17,227 - INFO - ✅ 25 OS copiadas para a área de transferência.
2026-06-18 11:04:17,227 - INFO - 📋 Lote 38 copiado.
2026-06-18 11:04:25,553 - INFO - ⌛ Esperando mudança visual...
2026-06-18 11:04:26,564 - INFO - ⌛ Esperando mudança visual...
2026-06-18 11:04:27,582 - INFO - ⌛ Esperando mudança visual...
2026-06-18 11:04:28,597 - INFO - ⌛ Esperando mudança visual...
2026-06-18 11:04:29,611 - INFO - ⌛ Esperando mudança visual...
2026-06-18 11:04:30,630 - INFO - ⌛ Esperando mudança visual...
2026-06-18 11:04:31,644 - INFO - ⌛ Esperando mudança visual...
2026-06-18 11:04:32,660 - INFO - ⌛ Esperando mudança visual...
2026-06-18 11:04:33,677 - INFO - ⌛ Esperando mudança visual...
2026-06-18 11:04:34,692 - INFO - ⌛ Esperando mudança visual...
2026-06-18 11:04:35,705 - INFO - ✅ Tela carregada!
2026-06-18 11:05:06,184 - INFO - ⌛ Aguardando janela de confirmação de desbloqueio...
2026-06-18 11:05:21,606 - INFO - 🟨 Registros desbloqueados com sucesso
2026-06-18 11:05:34,183 - INFO - ⌛ Aguardando janela de confirmação de desprogramação ...
2026-06-18 11:05:49,615 - INFO - 🟨 Janela de confirmação de desprogramação detectada
2026-06-18 11:05:52,910 - INFO - ⌛ Aguardando janela de confirmação de desprogramação ...
2026-06-18 11:06:08,383 - INFO - 🟨 Janela de aviso de desprogramação detectada
2026-06-18 11:06:10,541 - INFO - ⌛ Aguardando janela de confirmação de desprogramação 2 ...
2026-06-18 11:06:25,919 - INFO - 🟨 Janela de confirmação 2 de desprogramação detectada
2026-06-18 11:06:33,155 - INFO - ⌛ Aguardando janela de sucesso ...
2026-06-18 11:06:48,634 - INFO - 🟨 lote desprogramado com sucesso
2026-06-18 11:06:50,801 - INFO - 
=== Iniciando lote 39/214  ===
2026-06-18 11:06:57,190 - INFO - Janela de seleção aberta
2026-06-18 11:07:01,427 - INFO - DEBUG: idx=38, inicio=950, fim=975
2026-06-18 11:07:01,427 - INFO - ✅ 25 OS copiadas para a área de transferência.
2026-06-18 11:07:01,427 - INFO - 📋 Lote 39 copiado.
2026-06-18 11:07:09,752 - INFO - ⌛ Esperando mudança visual...
2026-06-18 11:07:10,771 - INFO - ⌛ Esperando mudança visual...
2026-06-18 11:07:11,785 - INFO - ⌛ Esperando mudança visual...
2026-06-18 11:07:12,799 - INFO - ⌛ Esperando mudança visual...
2026-06-18 11:07:13,819 - INFO - ⌛ Esperando mudança visual...
2026-06-18 11:07:14,832 - INFO - ⌛ Esperando mudança visual...
2026-06-18 11:07:15,847 - INFO - ⌛ Esperando mudança visual...
2026-06-18 11:07:16,862 - INFO - ⌛ Esperando mudança visual...
2026-06-18 11:07:17,880 - INFO - ⌛ Esperando mudança visual...
2026-06-18 11:07:18,894 - INFO - ⌛ Esperando mudança visual...
2026-06-18 11:07:19,909 - INFO - ⌛ Esperando mudança visual...
2026-06-18 11:07:20,928 - INFO - ✅ Tela carregada!
2026-06-18 11:07:51,398 - INFO - ⌛ Aguardando janela de confirmação de desbloqueio...
2026-06-18 11:08:06,832 - INFO - 🟨 Registros desbloqueados com sucesso
2026-06-18 11:08:19,398 - INFO - ⌛ Aguardando janela de confirmação de desprogramação ...
2026-06-18 11:08:34,798 - INFO - 🟨 Janela de confirmação de desprogramação detectada
2026-06-18 11:08:38,085 - INFO - ⌛ Aguardando janela de confirmação de desprogramação ...
2026-06-18 11:08:53,533 - INFO - 🟨 Janela de aviso de desprogramação detectada
2026-06-18 11:08:55,681 - INFO - ⌛ Aguardando janela de confirmação de desprogramação 2 ...
2026-06-18 11:09:11,085 - INFO - ⌛ Aguardando janela de confirmação de desprogramação 2 ...
2026-06-18 11:09:11,219 - INFO - 🟨 Identificado travamento no EQM, reiniciando contador de espera
2026-06-18 11:09:26,498 - INFO - 🟨 Janela de confirmação 2 de desprogramação detectada
2026-06-18 11:09:33,725 - INFO - ⌛ Aguardando janela de sucesso ...
2026-06-18 11:09:49,128 - INFO - 🟨 lote desprogramado com sucesso
2026-06-18 11:09:51,302 - INFO - 
=== Iniciando lote 40/214  ===
2026-06-18 11:09:57,654 - INFO - Janela de seleção aberta
2026-06-18 11:10:01,883 - INFO - DEBUG: idx=39, inicio=975, fim=1000
2026-06-18 11:10:01,883 - INFO - ✅ 25 OS copiadas para a área de transferência.
2026-06-18 11:10:01,883 - INFO - 📋 Lote 40 copiado.
2026-06-18 11:10:10,208 - INFO - ⌛ Esperando mudança visual...
2026-06-18 11:10:11,224 - INFO - ⌛ Esperando mudança visual...
2026-06-18 11:10:12,240 - INFO - ⌛ Esperando mudança visual...
2026-06-18 11:10:13,256 - INFO - ⌛ Esperando mudança visual...
2026-06-18 11:10:14,271 - INFO - ⌛ Esperando mudança visual...
2026-06-18 11:10:15,288 - INFO - ⌛ Esperando mudança visual...
2026-06-18 11:10:16,302 - INFO - ⌛ Esperando mudança visual...
2026-06-18 11:10:17,318 - INFO - ⌛ Esperando mudança visual...
2026-06-18 11:10:18,334 - INFO - ⌛ Esperando mudança visual...
2026-06-18 11:10:19,351 - INFO - ⌛ Esperando mudança visual...
2026-06-18 11:10:20,365 - INFO - ⌛ Esperando mudança visual...
2026-06-18 11:10:21,380 - INFO - ✅ Tela carregada!
2026-06-18 11:10:51,849 - INFO - ⌛ Aguardando janela de confirmação de desbloqueio...
2026-06-18 11:11:07,296 - INFO - 🟨 Registros desbloqueados com sucesso
2026-06-18 11:11:19,854 - INFO - 🟨 Janela de confirmação de desprogramação detectada
2026-06-18 11:11:23,126 - INFO - 🟨 Janela de aviso de desprogramação detectada
2026-06-18 11:11:25,275 - INFO - ⌛ Aguardando janela de confirmação de desprogramação 2 ...
2026-06-18 11:11:40,668 - INFO - 🟨 Janela de confirmação 2 de desprogramação detectada
2026-06-18 11:11:47,884 - INFO - ⌛ Aguardando janela de sucesso ...
2026-06-18 11:12:03,254 - INFO - 🟨 lote desprogramado com sucesso
2026-06-18 11:12:05,406 - INFO - 
=== Iniciando lote 41/214  ===
2026-06-18 11:12:11,760 - INFO - Janela de seleção aberta
2026-06-18 11:12:15,984 - INFO - DEBUG: idx=40, inicio=1000, fim=1025
2026-06-18 11:12:15,984 - INFO - ✅ 25 OS copiadas para a área de transferência.
2026-06-18 11:12:15,984 - INFO - 📋 Lote 41 copiado.
2026-06-18 11:12:24,311 - INFO - ⌛ Esperando mudança visual...
2026-06-18 11:12:25,324 - INFO - ⌛ Esperando mudança visual...
2026-06-18 11:12:26,340 - INFO - ⌛ Esperando mudança visual...
2026-06-18 11:12:27,354 - INFO - ⌛ Esperando mudança visual...
2026-06-18 11:12:28,374 - INFO - ⌛ Esperando mudança visual...
2026-06-18 11:12:29,386 - INFO - ⌛ Esperando mudança visual...
2026-06-18 11:12:30,401 - INFO - ⌛ Esperando mudança visual...
2026-06-18 11:12:31,419 - INFO - ⌛ Esperando mudança visual...
2026-06-18 11:12:32,435 - INFO - ⌛ Esperando mudança visual...
2026-06-18 11:12:33,448 - INFO - ⌛ Esperando mudança visual...
2026-06-18 11:12:34,468 - INFO - ⌛ Esperando mudança visual...
2026-06-18 11:12:35,483 - INFO - ✅ Tela carregada!
2026-06-18 11:13:05,957 - INFO - ⌛ Aguardando janela de confirmação de desbloqueio...
2026-06-18 11:13:21,365 - INFO - 🟨 Registros desbloqueados com sucesso
2026-06-18 11:13:33,963 - INFO - ⌛ Aguardando janela de confirmação de desprogramação ...
2026-06-18 11:13:49,383 - INFO - 🟨 Janela de confirmação de desprogramação detectada
2026-06-18 11:13:52,645 - INFO - ⌛ Aguardando janela de confirmação de desprogramação ...
2026-06-18 11:14:08,080 - INFO - 🟨 Janela de aviso de desprogramação detectada
2026-06-18 11:14:10,231 - INFO - ⌛ Aguardando janela de confirmação de desprogramação 2 ...
2026-06-18 11:14:25,587 - INFO - ⌛ Aguardando janela de confirmação de desprogramação 2 ...
2026-06-18 11:14:25,704 - INFO - 🟨 Identificado travamento no EQM, reiniciando contador de espera
2026-06-18 11:14:40,985 - INFO - 🟨 Janela de confirmação 2 de desprogramação detectada
2026-06-18 11:14:48,178 - INFO - ⌛ Aguardando janela de sucesso ...
2026-06-18 11:15:03,563 - INFO - 🟨 lote desprogramado com sucesso
2026-06-18 11:15:05,711 - INFO - 
=== Iniciando lote 42/214  ===
2026-06-18 11:15:12,063 - INFO - Janela de seleção aberta
2026-06-18 11:15:16,297 - INFO - DEBUG: idx=41, inicio=1025, fim=1050
2026-06-18 11:15:16,297 - INFO - ✅ 25 OS copiadas para a área de transferência.
2026-06-18 11:15:16,298 - INFO - 📋 Lote 42 copiado.
2026-06-18 11:15:24,632 - INFO - ⌛ Esperando mudança visual...
2026-06-18 11:15:25,644 - INFO - ⌛ Esperando mudança visual...
2026-06-18 11:15:26,664 - INFO - ⌛ Esperando mudança visual...
2026-06-18 11:15:27,679 - INFO - ⌛ Esperando mudança visual...
2026-06-18 11:15:28,694 - INFO - ⌛ Esperando mudança visual...
2026-06-18 11:15:29,707 - INFO - ⌛ Esperando mudança visual...
2026-06-18 11:15:30,725 - INFO - ⌛ Esperando mudança visual...
2026-06-18 11:15:31,741 - INFO - ⌛ Esperando mudança visual...
2026-06-18 11:15:32,754 - INFO - ⌛ Esperando mudança visual...
2026-06-18 11:15:33,773 - INFO - ⌛ Esperando mudança visual...
2026-06-18 11:15:34,789 - INFO - ⌛ Esperando mudança visual...
2026-06-18 11:15:35,801 - INFO - ✅ Tela carregada!
2026-06-18 11:16:06,269 - INFO - ⌛ Aguardando janela de confirmação de desbloqueio...
2026-06-18 11:16:21,666 - INFO - ⌛ Aguardando janela de confirmação de desbloqueio...
2026-06-18 11:16:37,122 - INFO - 🟨 Registros desbloqueados com sucesso
2026-06-18 11:16:49,689 - INFO - ⌛ Aguardando janela de confirmação de desprogramação ...
2026-06-18 11:17:05,066 - INFO - 🟨 Janela de confirmação de desprogramação detectada
2026-06-18 11:17:08,360 - INFO - ⌛ Aguardando janela de confirmação de desprogramação ...
2026-06-18 11:17:23,837 - INFO - 🟨 Janela de aviso de desprogramação detectada
2026-06-18 11:17:25,988 - INFO - ⌛ Aguardando janela de confirmação de desprogramação 2 ...
2026-06-18 11:17:41,354 - INFO - ⌛ Aguardando janela de confirmação de desprogramação 2 ...
2026-06-18 11:17:41,448 - INFO - 🟨 Identificado travamento no EQM, reiniciando contador de espera
2026-06-18 11:17:56,721 - INFO - 🟨 Janela de confirmação 2 de desprogramação detectada
2026-06-18 11:18:03,939 - INFO - ⌛ Aguardando janela de sucesso ...
2026-06-18 11:18:19,317 - INFO - 🟨 lote desprogramado com sucesso
2026-06-18 11:18:21,464 - INFO - 
=== Iniciando lote 43/214  ===
2026-06-18 11:18:27,821 - INFO - Janela de seleção aberta
2026-06-18 11:18:32,042 - INFO - DEBUG: idx=42, inicio=1050, fim=1075
2026-06-18 11:18:32,042 - INFO - ✅ 25 OS copiadas para a área de transferência.
2026-06-18 11:18:32,042 - INFO - 📋 Lote 43 copiado.
2026-06-18 11:18:40,370 - INFO - ⌛ Esperando mudança visual...
2026-06-18 11:18:41,387 - INFO - ⌛ Esperando mudança visual...
2026-06-18 11:18:42,400 - INFO - ⌛ Esperando mudança visual...
2026-06-18 11:18:43,418 - INFO - ⌛ Esperando mudança visual...
2026-06-18 11:18:44,435 - INFO - ⌛ Esperando mudança visual...
2026-06-18 11:18:45,447 - INFO - ⌛ Esperando mudança visual...
2026-06-18 11:18:46,465 - INFO - ⌛ Esperando mudança visual...
2026-06-18 11:18:47,481 - INFO - ⌛ Esperando mudança visual...
2026-06-18 11:18:48,494 - INFO - ⌛ Esperando mudança visual...
2026-06-18 11:18:49,514 - INFO - ⌛ Esperando mudança visual...
2026-06-18 11:18:50,529 - INFO - ⌛ Esperando mudança visual...
2026-06-18 11:18:51,541 - INFO - ⌛ Esperando mudança visual...
2026-06-18 11:18:52,557 - INFO - ✅ Tela carregada!
2026-06-18 11:19:23,028 - INFO - ⌛ Aguardando janela de confirmação de desbloqueio...
2026-06-18 11:19:38,400 - INFO - ⌛ Aguardando janela de confirmação de desbloqueio...
2026-06-18 11:19:53,769 - INFO - 🟨 Registros desbloqueados com sucesso
2026-06-18 11:20:06,344 - INFO - ⌛ Aguardando janela de confirmação de desprogramação ...
2026-06-18 11:20:21,709 - INFO - 🟨 Janela de confirmação de desprogramação detectada
2026-06-18 11:20:25,005 - INFO - ⌛ Aguardando janela de confirmação de desprogramação ...
2026-06-18 11:20:40,472 - INFO - 🟨 Janela de aviso de desprogramação detectada
2026-06-18 11:20:42,620 - INFO - ⌛ Aguardando janela de confirmação de desprogramação 2 ...
2026-06-18 11:20:57,995 - INFO - ⌛ Aguardando janela de confirmação de desprogramação 2 ...
2026-06-18 11:20:58,099 - INFO - 🟨 Identificado travamento no EQM, reiniciando contador de espera
2026-06-18 11:21:13,351 - INFO - 🟨 Janela de confirmação 2 de desprogramação detectada
2026-06-18 11:21:20,585 - INFO - ⌛ Aguardando janela de sucesso ...
2026-06-18 11:21:35,945 - INFO - 🟨 lote desprogramado com sucesso
2026-06-18 11:21:38,105 - INFO - 
=== Iniciando lote 44/214  ===
2026-06-18 11:21:44,460 - INFO - Janela de seleção aberta
2026-06-18 11:21:48,683 - INFO - DEBUG: idx=43, inicio=1075, fim=1100
2026-06-18 11:21:48,683 - INFO - ✅ 25 OS copiadas para a área de transferência.
2026-06-18 11:21:48,683 - INFO - 📋 Lote 44 copiado.
2026-06-18 11:21:57,027 - INFO - ⌛ Esperando mudança visual...
2026-06-18 11:21:58,040 - INFO - ⌛ Esperando mudança visual...
2026-06-18 11:21:59,059 - INFO - ⌛ Esperando mudança visual...
2026-06-18 11:22:00,073 - INFO - ⌛ Esperando mudança visual...
2026-06-18 11:22:01,090 - INFO - ⌛ Esperando mudança visual...
2026-06-18 11:22:02,102 - INFO - ⌛ Esperando mudança visual...
2026-06-18 11:22:03,120 - INFO - ⌛ Esperando mudança visual...
2026-06-18 11:22:04,138 - INFO - ⌛ Esperando mudança visual...
2026-06-18 11:22:05,149 - INFO - ⌛ Esperando mudança visual...
2026-06-18 11:22:06,168 - INFO - ⌛ Esperando mudança visual...
2026-06-18 11:22:07,185 - INFO - ⌛ Esperando mudança visual...
2026-06-18 11:22:08,196 - INFO - ✅ Tela carregada!
2026-06-18 11:22:38,680 - INFO - ⌛ Aguardando janela de confirmação de desbloqueio...
2026-06-18 11:22:54,093 - INFO - 🟨 Registros desbloqueados com sucesso
2026-06-18 11:23:06,663 - INFO - ⌛ Aguardando janela de confirmação de desprogramação ...
2026-06-18 11:23:22,090 - INFO - 🟨 Janela de confirmação de desprogramação detectada
2026-06-18 11:23:25,370 - INFO - 🟨 Janela de aviso de desprogramação detectada
2026-06-18 11:23:27,537 - INFO - ⌛ Aguardando janela de confirmação de desprogramação 2 ...
2026-06-18 11:23:42,996 - INFO - 🟨 Janela de confirmação 2 de desprogramação detectada
2026-06-18 11:23:50,195 - INFO - ⌛ Aguardando janela de sucesso ...
2026-06-18 11:24:05,589 - INFO - 🟨 lote desprogramado com sucesso
2026-06-18 11:24:07,757 - INFO - 
=== Iniciando lote 45/214  ===
2026-06-18 11:24:14,119 - INFO - Janela de seleção aberta
2026-06-18 11:24:18,334 - INFO - DEBUG: idx=44, inicio=1100, fim=1125
2026-06-18 11:24:18,334 - INFO - ✅ 25 OS copiadas para a área de transferência.
2026-06-18 11:24:18,334 - INFO - 📋 Lote 45 copiado.
2026-06-18 11:24:26,661 - INFO - ⌛ Esperando mudança visual...
2026-06-18 11:24:27,676 - INFO - ⌛ Esperando mudança visual...
2026-06-18 11:24:28,691 - INFO - ⌛ Esperando mudança visual...
2026-06-18 11:24:29,708 - INFO - ⌛ Esperando mudança visual...
2026-06-18 11:24:30,724 - INFO - ⌛ Esperando mudança visual...
2026-06-18 11:24:31,738 - INFO - ⌛ Esperando mudança visual...
2026-06-18 11:24:32,756 - INFO - ⌛ Esperando mudança visual...
2026-06-18 11:24:33,771 - INFO - ⌛ Esperando mudança visual...
2026-06-18 11:24:34,786 - INFO - ⌛ Esperando mudança visual...
2026-06-18 11:24:35,800 - INFO - ⌛ Esperando mudança visual...
2026-06-18 11:24:36,817 - INFO - ⌛ Esperando mudança visual...
2026-06-18 11:24:37,833 - INFO - ✅ Tela carregada!
2026-06-18 11:25:08,307 - INFO - ⌛ Aguardando janela de confirmação de desbloqueio...
2026-06-18 11:25:23,687 - INFO - ⌛ Aguardando janela de confirmação de desbloqueio...
2026-06-18 11:25:39,121 - INFO - ⌛ Aguardando janela de confirmação de desbloqueio...
2026-06-18 11:25:54,518 - INFO - 🟨 Registros desbloqueados com sucesso
2026-06-18 11:26:07,089 - INFO - ⌛ Aguardando janela de confirmação de desprogramação ...
2026-06-18 11:26:22,468 - INFO - 🟨 Janela de confirmação de desprogramação detectada
2026-06-18 11:26:25,746 - INFO - ⌛ Aguardando janela de confirmação de desprogramação ...
2026-06-18 11:26:41,186 - INFO - 🟨 Janela de aviso de desprogramação detectada
2026-06-18 11:26:43,336 - INFO - ⌛ Aguardando janela de confirmação de desprogramação 2 ...
2026-06-18 11:26:58,692 - INFO - 🟨 Janela de confirmação 2 de desprogramação detectada
2026-06-18 11:27:05,928 - INFO - ⌛ Aguardando janela de sucesso ...
2026-06-18 11:27:21,309 - INFO - 🟨 lote desprogramado com sucesso
2026-06-18 11:27:23,467 - INFO - 
=== Iniciando lote 46/214  ===
2026-06-18 11:27:29,816 - INFO - Janela de seleção aberta
2026-06-18 11:27:34,046 - INFO - DEBUG: idx=45, inicio=1125, fim=1150
2026-06-18 11:27:34,046 - INFO - ✅ 25 OS copiadas para a área de transferência.
2026-06-18 11:27:34,046 - INFO - 📋 Lote 46 copiado.
2026-06-18 11:27:42,368 - INFO - ⌛ Esperando mudança visual...
2026-06-18 11:27:43,383 - INFO - ⌛ Esperando mudança visual...
2026-06-18 11:27:44,397 - INFO - ⌛ Esperando mudança visual...
2026-06-18 11:27:45,414 - INFO - ⌛ Esperando mudança visual...
2026-06-18 11:27:46,430 - INFO - ⌛ Esperando mudança visual...
2026-06-18 11:27:47,444 - INFO - ⌛ Esperando mudança visual...
2026-06-18 11:27:48,461 - INFO - ⌛ Esperando mudança visual...
2026-06-18 11:27:49,477 - INFO - ⌛ Esperando mudança visual...
2026-06-18 11:27:50,491 - INFO - ⌛ Esperando mudança visual...
2026-06-18 11:27:51,509 - INFO - ⌛ Esperando mudança visual...
2026-06-18 11:27:52,524 - INFO - ⌛ Esperando mudança visual...
2026-06-18 11:27:53,541 - INFO - ✅ Tela carregada!
2026-06-18 11:28:24,018 - INFO - ⌛ Aguardando janela de confirmação de desbloqueio...
2026-06-18 11:28:39,450 - INFO - 🟨 Registros desbloqueados com sucesso
2026-06-18 11:28:52,021 - INFO - ⌛ Aguardando janela de confirmação de desprogramação ...
2026-06-18 11:29:07,479 - INFO - 🟨 Janela de confirmação de desprogramação detectada
2026-06-18 11:29:10,740 - INFO - ⌛ Aguardando janela de confirmação de desprogramação ...
2026-06-18 11:29:26,151 - INFO - 🟨 Janela de aviso de desprogramação detectada
2026-06-18 11:29:28,295 - INFO - ⌛ Aguardando janela de confirmação de desprogramação 2 ...
2026-06-18 11:29:43,671 - INFO - ⌛ Aguardando janela de confirmação de desprogramação 2 ...
2026-06-18 11:29:59,061 - INFO - 🟨 Janela de confirmação 2 de desprogramação detectada
2026-06-18 11:30:06,288 - INFO - ⌛ Aguardando janela de sucesso ...
2026-06-18 11:30:21,654 - INFO - 🟨 lote desprogramado com sucesso
2026-06-18 11:30:23,804 - INFO - 
=== Iniciando lote 47/214  ===
2026-06-18 11:30:30,156 - INFO - Janela de seleção aberta
2026-06-18 11:30:34,383 - INFO - DEBUG: idx=46, inicio=1150, fim=1175
2026-06-18 11:30:34,383 - INFO - ✅ 25 OS copiadas para a área de transferência.
2026-06-18 11:30:34,383 - INFO - 📋 Lote 47 copiado.
2026-06-18 11:30:42,708 - INFO - ⌛ Esperando mudança visual...
2026-06-18 11:30:43,724 - INFO - ⌛ Esperando mudança visual...
2026-06-18 11:30:44,738 - INFO - ⌛ Esperando mudança visual...
2026-06-18 11:30:45,755 - INFO - ⌛ Esperando mudança visual...
2026-06-18 11:30:46,769 - INFO - ⌛ Esperando mudança visual...
2026-06-18 11:30:47,785 - INFO - ⌛ Esperando mudança visual...
2026-06-18 11:30:48,798 - INFO - ⌛ Esperando mudança visual...
2026-06-18 11:30:49,817 - INFO - ⌛ Esperando mudança visual...
2026-06-18 11:30:50,833 - INFO - ⌛ Esperando mudança visual...
2026-06-18 11:30:51,848 - INFO - ⌛ Esperando mudança visual...
2026-06-18 11:30:52,863 - INFO - ⌛ Esperando mudança visual...
2026-06-18 11:30:53,881 - INFO - ✅ Tela carregada!
2026-06-18 11:31:24,343 - INFO - ⌛ Aguardando janela de confirmação de desbloqueio...
2026-06-18 11:31:39,731 - INFO - ⌛ Aguardando janela de confirmação de desbloqueio...
2026-06-18 11:31:55,107 - INFO - 🟨 Registros desbloqueados com sucesso
2026-06-18 11:32:07,681 - INFO - ⌛ Aguardando janela de confirmação de desprogramação ...
2026-06-18 11:32:23,057 - INFO - 🟨 Janela de confirmação de desprogramação detectada
2026-06-18 11:32:26,328 - INFO - ⌛ Aguardando janela de confirmação de desprogramação ...
2026-06-18 11:32:41,742 - INFO - 🟨 Janela de aviso de desprogramação detectada
2026-06-18 11:32:43,893 - INFO - ⌛ Aguardando janela de confirmação de desprogramação 2 ...
2026-06-18 11:32:59,266 - INFO - 🟨 Janela de confirmação 2 de desprogramação detectada
2026-06-18 11:33:06,491 - INFO - ⌛ Aguardando janela de sucesso ...
2026-06-18 11:33:21,869 - INFO - 🟨 lote desprogramado com sucesso
2026-06-18 11:33:24,026 - INFO - 
=== Iniciando lote 48/214  ===
2026-06-18 11:33:30,376 - INFO - Janela de seleção aberta
2026-06-18 11:33:34,600 - INFO - DEBUG: idx=47, inicio=1175, fim=1200
2026-06-18 11:33:34,600 - INFO - ✅ 25 OS copiadas para a área de transferência.
2026-06-18 11:33:34,600 - INFO - 📋 Lote 48 copiado.
2026-06-18 11:33:42,929 - INFO - ⌛ Esperando mudança visual...
2026-06-18 11:33:43,942 - INFO - ⌛ Esperando mudança visual...
2026-06-18 11:33:44,960 - INFO - ⌛ Esperando mudança visual...
2026-06-18 11:33:45,976 - INFO - ⌛ Esperando mudança visual...
2026-06-18 11:33:46,989 - INFO - ⌛ Esperando mudança visual...
2026-06-18 11:33:48,009 - INFO - ⌛ Esperando mudança visual...
2026-06-18 11:33:49,022 - INFO - ⌛ Esperando mudança visual...
2026-06-18 11:33:50,036 - INFO - ⌛ Esperando mudança visual...
2026-06-18 11:33:51,055 - INFO - ⌛ Esperando mudança visual...
2026-06-18 11:33:52,071 - INFO - ⌛ Esperando mudança visual...
2026-06-18 11:33:53,083 - INFO - ✅ Tela carregada!
2026-06-18 11:34:23,544 - INFO - ⌛ Aguardando janela de confirmação de desbloqueio...
2026-06-18 11:34:38,915 - INFO - 🟨 Registros desbloqueados com sucesso
2026-06-18 11:34:51,487 - INFO - ⌛ Aguardando janela de confirmação de desprogramação ...
2026-06-18 11:35:06,861 - INFO - 🟨 Janela de confirmação de desprogramação detectada
2026-06-18 11:35:10,132 - INFO - 🟨 Janela de aviso de desprogramação detectada
2026-06-18 11:35:12,284 - INFO - ⌛ Aguardando janela de confirmação de desprogramação 2 ...
2026-06-18 11:35:27,651 - INFO - 🟨 Janela de confirmação 2 de desprogramação detectada
2026-06-18 11:35:34,857 - INFO - ⌛ Aguardando janela de sucesso ...
2026-06-18 11:35:50,228 - INFO - 🟨 lote desprogramado com sucesso
2026-06-18 11:35:52,381 - INFO - 
=== Iniciando lote 49/214  ===
2026-06-18 11:35:58,731 - INFO - Janela de seleção aberta
2026-06-18 11:36:02,958 - INFO - DEBUG: idx=48, inicio=1200, fim=1225
2026-06-18 11:36:02,958 - INFO - ✅ 25 OS copiadas para a área de transferência.
2026-06-18 11:36:02,959 - INFO - 📋 Lote 49 copiado.
2026-06-18 11:36:11,283 - INFO - ⌛ Esperando mudança visual...
2026-06-18 11:36:12,299 - INFO - ⌛ Esperando mudança visual...
2026-06-18 11:36:13,314 - INFO - ⌛ Esperando mudança visual...
2026-06-18 11:36:14,329 - INFO - ⌛ Esperando mudança visual...
2026-06-18 11:36:15,342 - INFO - ⌛ Esperando mudança visual...
2026-06-18 11:36:16,360 - INFO - ⌛ Esperando mudança visual...
2026-06-18 11:36:17,375 - INFO - ⌛ Esperando mudança visual...
2026-06-18 11:36:18,392 - INFO - ⌛ Esperando mudança visual...
2026-06-18 11:36:19,409 - INFO - ⌛ Esperando mudança visual...
2026-06-18 11:36:20,424 - INFO - ✅ Tela carregada!
2026-06-18 11:36:50,911 - INFO - ⌛ Aguardando janela de confirmação de desbloqueio...
2026-06-18 11:37:06,316 - INFO - 🟨 Registros desbloqueados com sucesso
2026-06-18 11:37:18,877 - INFO - ⌛ Aguardando janela de confirmação de desprogramação ...
2026-06-18 11:37:34,256 - INFO - 🟨 Janela de confirmação de desprogramação detectada
2026-06-18 11:37:37,539 - INFO - ⌛ Aguardando janela de confirmação de desprogramação ...
2026-06-18 11:37:53,018 - INFO - 🟨 Janela de aviso de desprogramação detectada
2026-06-18 11:37:55,166 - INFO - ⌛ Aguardando janela de confirmação de desprogramação 2 ...
2026-06-18 11:38:10,539 - INFO - 🟨 Janela de confirmação 2 de desprogramação detectada
2026-06-18 11:38:17,737 - INFO - ⌛ Aguardando janela de sucesso ...
2026-06-18 11:38:33,169 - INFO - 🟨 lote desprogramado com sucesso
2026-06-18 11:38:35,321 - INFO - 
=== Iniciando lote 50/214  ===
2026-06-18 11:38:41,671 - INFO - Janela de seleção aberta
2026-06-18 11:38:45,894 - INFO - DEBUG: idx=49, inicio=1225, fim=1250
2026-06-18 11:38:45,894 - INFO - ✅ 25 OS copiadas para a área de transferência.
2026-06-18 11:38:45,894 - INFO - 📋 Lote 50 copiado.
2026-06-18 11:38:54,221 - INFO - ⌛ Esperando mudança visual...
2026-06-18 11:38:55,239 - INFO - ⌛ Esperando mudança visual...
2026-06-18 11:38:56,254 - INFO - ⌛ Esperando mudança visual...
2026-06-18 11:38:57,270 - INFO - ⌛ Esperando mudança visual...
2026-06-18 11:38:58,282 - INFO - ⌛ Esperando mudança visual...
2026-06-18 11:38:59,300 - INFO - ⌛ Esperando mudança visual...
2026-06-18 11:39:00,314 - INFO - ⌛ Esperando mudança visual...
2026-06-18 11:39:01,332 - INFO - ⌛ Esperando mudança visual...
2026-06-18 11:39:02,344 - INFO - ⌛ Esperando mudança visual...
2026-06-18 11:39:03,361 - INFO - ⌛ Esperando mudança visual...
2026-06-18 11:39:04,380 - INFO - ✅ Tela carregada!
2026-06-18 11:39:34,853 - INFO - ⌛ Aguardando janela de confirmação de desbloqueio...
2026-06-18 11:39:50,280 - INFO - 🟨 Registros desbloqueados com sucesso
2026-06-18 11:40:02,843 - INFO - ⌛ Aguardando janela de confirmação de desprogramação ...
2026-06-18 11:40:18,221 - INFO - 🟨 Janela de confirmação de desprogramação detectada
2026-06-18 11:40:21,531 - INFO - ⌛ Aguardando janela de confirmação de desprogramação ...
2026-06-18 11:40:36,999 - INFO - 🟨 Janela de aviso de desprogramação detectada
2026-06-18 11:40:39,167 - INFO - ⌛ Aguardando janela de confirmação de desprogramação 2 ...
2026-06-18 11:40:54,567 - INFO - 🟨 Janela de confirmação 2 de desprogramação detectada
2026-06-18 11:41:01,791 - INFO - ⌛ Aguardando janela de sucesso ...
2026-06-18 11:41:17,175 - INFO - 🟨 lote desprogramado com sucesso
2026-06-18 11:41:19,329 - INFO - 
=== Iniciando lote 51/214  ===
2026-06-18 11:41:25,695 - INFO - Janela de seleção aberta
2026-06-18 11:41:29,919 - INFO - DEBUG: idx=50, inicio=1250, fim=1275
2026-06-18 11:41:29,920 - INFO - ✅ 25 OS copiadas para a área de transferência.
2026-06-18 11:41:29,920 - INFO - 📋 Lote 51 copiado.
2026-06-18 11:41:38,241 - INFO - ⌛ Esperando mudança visual...
2026-06-18 11:41:39,260 - INFO - ⌛ Esperando mudança visual...
2026-06-18 11:41:40,276 - INFO - ⌛ Esperando mudança visual...
2026-06-18 11:41:41,289 - INFO - ⌛ Esperando mudança visual...
2026-06-18 11:41:42,306 - INFO - ⌛ Esperando mudança visual...
2026-06-18 11:41:43,319 - INFO - ⌛ Esperando mudança visual...
2026-06-18 11:41:44,336 - INFO - ⌛ Esperando mudança visual...
2026-06-18 11:41:45,351 - INFO - ⌛ Esperando mudança visual...
2026-06-18 11:41:46,370 - INFO - ⌛ Esperando mudança visual...
2026-06-18 11:41:47,381 - INFO - ⌛ Esperando mudança visual...
2026-06-18 11:41:48,400 - INFO - ✅ Tela carregada!
2026-06-18 11:42:18,884 - INFO - ⌛ Aguardando janela de confirmação de desbloqueio...
2026-06-18 11:42:34,296 - INFO - 🟨 Registros desbloqueados com sucesso
2026-06-18 11:42:46,867 - INFO - ⌛ Aguardando janela de confirmação de desprogramação ...
2026-06-18 11:43:02,246 - INFO - 🟨 Janela de confirmação de desprogramação detectada
2026-06-18 11:43:05,514 - INFO - ⌛ Aguardando janela de confirmação de desprogramação ...
2026-06-18 11:43:20,939 - INFO - 🟨 Janela de aviso de desprogramação detectada
2026-06-18 11:43:23,093 - INFO - ⌛ Aguardando janela de confirmação de desprogramação 2 ...
2026-06-18 11:43:38,475 - INFO - 🟨 Janela de confirmação 2 de desprogramação detectada
2026-06-18 11:43:45,674 - INFO - ⌛ Aguardando janela de sucesso ...
2026-06-18 11:44:01,033 - INFO - 🟨 lote desprogramado com sucesso
2026-06-18 11:44:03,195 - INFO - 
=== Iniciando lote 52/214  ===
2026-06-18 11:44:09,547 - INFO - Janela de seleção aberta
2026-06-18 11:44:13,771 - INFO - DEBUG: idx=51, inicio=1275, fim=1300
2026-06-18 11:44:13,771 - INFO - ✅ 25 OS copiadas para a área de transferência.
2026-06-18 11:44:13,771 - INFO - 📋 Lote 52 copiado.
2026-06-18 11:44:22,099 - INFO - ⌛ Esperando mudança visual...
2026-06-18 11:44:23,115 - INFO - ⌛ Esperando mudança visual...
2026-06-18 11:44:24,130 - INFO - ⌛ Esperando mudança visual...
2026-06-18 11:44:25,142 - INFO - ⌛ Esperando mudança visual...
2026-06-18 11:44:26,162 - INFO - ⌛ Esperando mudança visual...
2026-06-18 11:44:27,177 - INFO - ⌛ Esperando mudança visual...
2026-06-18 11:44:28,189 - INFO - ⌛ Esperando mudança visual...
2026-06-18 11:44:29,209 - INFO - ⌛ Esperando mudança visual...
2026-06-18 11:44:30,224 - INFO - ⌛ Esperando mudança visual...
2026-06-18 11:44:31,236 - INFO - ⌛ Esperando mudança visual...
2026-06-18 11:44:32,255 - INFO - ✅ Tela carregada!
2026-06-18 11:45:02,712 - INFO - ⌛ Aguardando janela de confirmação de desbloqueio...
2026-06-18 11:45:18,097 - INFO - 🟨 Registros desbloqueados com sucesso
2026-06-18 11:45:30,675 - INFO - ⌛ Aguardando janela de confirmação de desprogramação ...
2026-06-18 11:45:46,079 - INFO - 🟨 Janela de confirmação de desprogramação detectada
2026-06-18 11:45:49,359 - INFO - ⌛ Aguardando janela de confirmação de desprogramação ...
2026-06-18 11:46:04,816 - INFO - 🟨 Janela de aviso de desprogramação detectada
2026-06-18 11:46:06,991 - INFO - ⌛ Aguardando janela de confirmação de desprogramação 2 ...
2026-06-18 11:46:22,411 - INFO - 🟨 Janela de confirmação 2 de desprogramação detectada
2026-06-18 11:46:29,636 - INFO - ⌛ Aguardando janela de sucesso ...
2026-06-18 11:46:45,056 - INFO - 🟨 lote desprogramado com sucesso
2026-06-18 11:46:47,220 - INFO - 
=== Iniciando lote 53/214  ===
2026-06-18 11:46:53,571 - INFO - Janela de seleção aberta
2026-06-18 11:46:57,792 - INFO - DEBUG: idx=52, inicio=1300, fim=1325
2026-06-18 11:46:57,792 - INFO - ✅ 25 OS copiadas para a área de transferência.
2026-06-18 11:46:57,792 - INFO - 📋 Lote 53 copiado.
2026-06-18 11:47:06,118 - INFO - ⌛ Esperando mudança visual...
2026-06-18 11:47:07,134 - INFO - ⌛ Esperando mudança visual...
2026-06-18 11:47:08,150 - INFO - ⌛ Esperando mudança visual...
2026-06-18 11:47:09,164 - INFO - ⌛ Esperando mudança visual...
2026-06-18 11:47:10,180 - INFO - ⌛ Esperando mudança visual...
2026-06-18 11:47:11,199 - INFO - ⌛ Esperando mudança visual...
2026-06-18 11:47:12,211 - INFO - ⌛ Esperando mudança visual...
2026-06-18 11:47:13,230 - INFO - ⌛ Esperando mudança visual...
2026-06-18 11:47:14,242 - INFO - ⌛ Esperando mudança visual...
2026-06-18 11:47:15,260 - INFO - ⌛ Esperando mudança visual...
2026-06-18 11:47:16,278 - INFO - ⌛ Esperando mudança visual...
2026-06-18 11:47:17,293 - INFO - ✅ Tela carregada!
2026-06-18 11:47:47,764 - INFO - ⌛ Aguardando janela de confirmação de desbloqueio...
2026-06-18 11:48:03,176 - INFO - 🟨 Registros desbloqueados com sucesso
2026-06-18 11:48:15,750 - INFO - ⌛ Aguardando janela de confirmação de desprogramação ...
2026-06-18 11:48:31,183 - INFO - 🟨 Janela de confirmação de desprogramação detectada
2026-06-18 11:48:34,477 - INFO - ⌛ Aguardando janela de confirmação de desprogramação ...
2026-06-18 11:48:49,923 - INFO - 🟨 Janela de aviso de desprogramação detectada
2026-06-18 11:48:52,072 - INFO - ⌛ Aguardando janela de confirmação de desprogramação 2 ...
2026-06-18 11:49:07,450 - INFO - 🟨 Janela de confirmação 2 de desprogramação detectada
2026-06-18 11:49:14,647 - INFO - ⌛ Aguardando janela de sucesso ...
2026-06-18 11:49:29,992 - INFO - 🟨 lote desprogramado com sucesso
2026-06-18 11:49:32,152 - INFO - 
=== Iniciando lote 54/214  ===
2026-06-18 11:49:38,508 - INFO - Janela de seleção aberta
2026-06-18 11:49:42,732 - INFO - DEBUG: idx=53, inicio=1325, fim=1350
2026-06-18 11:49:42,732 - INFO - ✅ 25 OS copiadas para a área de transferência.
2026-06-18 11:49:42,732 - INFO - 📋 Lote 54 copiado.
2026-06-18 11:49:51,059 - INFO - ⌛ Esperando mudança visual...
2026-06-18 11:49:52,074 - INFO - ⌛ Esperando mudança visual...
2026-06-18 11:49:53,086 - INFO - ⌛ Esperando mudança visual...
2026-06-18 11:49:54,106 - INFO - ⌛ Esperando mudança visual...
2026-06-18 11:49:55,118 - INFO - ⌛ Esperando mudança visual...
2026-06-18 11:49:56,133 - INFO - ⌛ Esperando mudança visual...
2026-06-18 11:49:57,151 - INFO - ⌛ Esperando mudança visual...
2026-06-18 11:49:58,167 - INFO - ⌛ Esperando mudança visual...
2026-06-18 11:49:59,182 - INFO - ⌛ Esperando mudança visual...
2026-06-18 11:50:00,197 - INFO - ⌛ Esperando mudança visual...
2026-06-18 11:50:01,215 - INFO - ⌛ Esperando mudança visual...
2026-06-18 11:50:02,229 - INFO - ✅ Tela carregada!
2026-06-18 11:50:32,700 - INFO - ⌛ Aguardando janela de confirmação de desbloqueio...
2026-06-18 11:50:48,106 - INFO - 🟨 Registros desbloqueados com sucesso
2026-06-18 11:51:00,666 - INFO - ⌛ Aguardando janela de confirmação de desprogramação ...
2026-06-18 11:51:16,052 - INFO - 🟨 Janela de confirmação de desprogramação detectada
2026-06-18 11:51:19,331 - INFO - ⌛ Aguardando janela de confirmação de desprogramação ...
2026-06-18 11:51:34,801 - INFO - 🟨 Janela de aviso de desprogramação detectada
2026-06-18 11:51:36,975 - INFO - ⌛ Aguardando janela de confirmação de desprogramação 2 ...
2026-06-18 11:51:52,401 - INFO - 🟨 Janela de confirmação 2 de desprogramação detectada
2026-06-18 11:51:59,627 - INFO - ⌛ Aguardando janela de sucesso ...
2026-06-18 11:52:15,041 - INFO - 🟨 lote desprogramado com sucesso
2026-06-18 11:52:17,212 - INFO - 
=== Iniciando lote 55/214  ===
2026-06-18 11:52:23,566 - INFO - Janela de seleção aberta
2026-06-18 11:52:27,788 - INFO - DEBUG: idx=54, inicio=1350, fim=1375
2026-06-18 11:52:27,797 - INFO - ✅ 25 OS copiadas para a área de transferência.
2026-06-18 11:52:27,797 - INFO - 📋 Lote 55 copiado.
2026-06-18 11:52:36,126 - INFO - ⌛ Esperando mudança visual...
2026-06-18 11:52:37,140 - INFO - ⌛ Esperando mudança visual...
2026-06-18 11:52:38,159 - INFO - ⌛ Esperando mudança visual...
2026-06-18 11:52:39,175 - INFO - ⌛ Esperando mudança visual...
2026-06-18 11:52:40,187 - INFO - ⌛ Esperando mudança visual...
2026-06-18 11:52:41,206 - INFO - ⌛ Esperando mudança visual...
2026-06-18 11:52:42,218 - INFO - ⌛ Esperando mudança visual...
2026-06-18 11:52:43,234 - INFO - ⌛ Esperando mudança visual...
2026-06-18 11:52:44,254 - INFO - ⌛ Esperando mudança visual...
2026-06-18 11:52:45,267 - INFO - ⌛ Esperando mudança visual...
2026-06-18 11:52:46,281 - INFO - ✅ Tela carregada!
2026-06-18 11:53:16,760 - INFO - ⌛ Aguardando janela de confirmação de desbloqueio...
2026-06-18 11:53:32,169 - INFO - 🟨 Registros desbloqueados com sucesso
2026-06-18 11:53:44,732 - INFO - ⌛ Aguardando janela de confirmação de desprogramação ...
2026-06-18 11:54:00,097 - INFO - 🟨 Janela de confirmação de desprogramação detectada
2026-06-18 11:54:03,367 - INFO - 🟨 Janela de aviso de desprogramação detectada
2026-06-18 11:54:05,531 - INFO - ⌛ Aguardando janela de confirmação de desprogramação 2 ...
2026-06-18 11:54:20,902 - INFO - 🟨 Janela de confirmação 2 de desprogramação detectada
2026-06-18 11:54:28,125 - INFO - ⌛ Aguardando janela de sucesso ...
2026-06-18 11:54:43,487 - INFO - 🟨 lote desprogramado com sucesso
2026-06-18 11:54:45,644 - INFO - 
=== Iniciando lote 56/214  ===
2026-06-18 11:54:51,998 - INFO - Janela de seleção aberta
2026-06-18 11:54:56,218 - INFO - DEBUG: idx=55, inicio=1375, fim=1400
2026-06-18 11:54:56,218 - INFO - ✅ 25 OS copiadas para a área de transferência.
2026-06-18 11:54:56,218 - INFO - 📋 Lote 56 copiado.
2026-06-18 11:55:04,550 - INFO - ⌛ Esperando mudança visual...
2026-06-18 11:55:05,565 - INFO - ⌛ Esperando mudança visual...
2026-06-18 11:55:06,577 - INFO - ⌛ Esperando mudança visual...
2026-06-18 11:55:07,594 - INFO - ⌛ Esperando mudança visual...
2026-06-18 11:55:08,612 - INFO - ⌛ Esperando mudança visual...
2026-06-18 11:55:09,627 - INFO - ⌛ Esperando mudança visual...
2026-06-18 11:55:10,642 - INFO - ⌛ Esperando mudança visual...
2026-06-18 11:55:11,658 - INFO - ⌛ Esperando mudança visual...
2026-06-18 11:55:12,674 - INFO - ⌛ Esperando mudança visual...
2026-06-18 11:55:13,686 - INFO - ⌛ Esperando mudança visual...
2026-06-18 11:55:14,703 - INFO - ✅ Tela carregada!
2026-06-18 11:55:45,188 - INFO - ⌛ Aguardando janela de confirmação de desbloqueio...
2026-06-18 11:56:00,626 - INFO - 🟨 Registros desbloqueados com sucesso
2026-06-18 11:56:13,196 - INFO - ⌛ Aguardando janela de confirmação de desprogramação ...
2026-06-18 11:56:28,612 - INFO - 🟨 Janela de confirmação de desprogramação detectada
2026-06-18 11:56:31,923 - INFO - ⌛ Aguardando janela de confirmação de desprogramação ...
2026-06-18 11:56:47,408 - INFO - 🟨 Janela de aviso de desprogramação detectada
2026-06-18 11:56:49,574 - INFO - ⌛ Aguardando janela de confirmação de desprogramação 2 ...
2026-06-18 11:57:04,990 - INFO - 🟨 Janela de confirmação 2 de desprogramação detectada
2026-06-18 11:57:12,219 - INFO - ⌛ Aguardando janela de sucesso ...
2026-06-18 11:57:27,622 - INFO - 🟨 lote desprogramado com sucesso
2026-06-18 11:57:29,786 - INFO - 
=== Iniciando lote 57/214  ===
2026-06-18 11:57:36,129 - INFO - Janela de seleção aberta
2026-06-18 11:57:40,358 - INFO - DEBUG: idx=56, inicio=1400, fim=1425
2026-06-18 11:57:40,358 - INFO - ✅ 25 OS copiadas para a área de transferência.
2026-06-18 11:57:40,358 - INFO - 📋 Lote 57 copiado.
2026-06-18 11:57:48,688 - INFO - ⌛ Esperando mudança visual...
2026-06-18 11:57:49,703 - INFO - ⌛ Esperando mudança visual...
2026-06-18 11:57:50,719 - INFO - ⌛ Esperando mudança visual...
2026-06-18 11:57:51,729 - INFO - ⌛ Esperando mudança visual...
2026-06-18 11:57:52,747 - INFO - ⌛ Esperando mudança visual...
2026-06-18 11:57:53,766 - INFO - ⌛ Esperando mudança visual...
2026-06-18 11:57:54,780 - INFO - ⌛ Esperando mudança visual...
2026-06-18 11:57:55,796 - INFO - ⌛ Esperando mudança visual...
2026-06-18 11:57:56,812 - INFO - ⌛ Esperando mudança visual...
2026-06-18 11:57:57,828 - INFO - ✅ Tela carregada!
2026-06-18 11:58:28,299 - INFO - ⌛ Aguardando janela de confirmação de desbloqueio...
2026-06-18 11:58:43,715 - INFO - 🟨 Registros desbloqueados com sucesso
2026-06-18 11:58:56,281 - INFO - ⌛ Aguardando janela de confirmação de desprogramação ...
2026-06-18 11:59:11,680 - INFO - 🟨 Janela de confirmação de desprogramação detectada
2026-06-18 11:59:14,937 - INFO - ⌛ Aguardando janela de confirmação de desprogramação ...
2026-06-18 11:59:30,376 - INFO - 🟨 Janela de aviso de desprogramação detectada
2026-06-18 11:59:32,525 - INFO - ⌛ Aguardando janela de confirmação de desprogramação 2 ...
2026-06-18 11:59:47,882 - INFO - 🟨 Janela de confirmação 2 de desprogramação detectada
2026-06-18 11:59:55,120 - INFO - ⌛ Aguardando janela de sucesso ...
2026-06-18 12:00:10,481 - INFO - 🟨 lote desprogramado com sucesso
2026-06-18 12:00:12,640 - INFO - 
=== Iniciando lote 58/214  ===
2026-06-18 12:00:18,991 - INFO - Janela de seleção aberta
2026-06-18 12:00:23,217 - INFO - DEBUG: idx=57, inicio=1425, fim=1450
2026-06-18 12:00:23,217 - INFO - ✅ 25 OS copiadas para a área de transferência.
2026-06-18 12:00:23,217 - INFO - 📋 Lote 58 copiado.
2026-06-18 12:00:31,544 - INFO - ⌛ Esperando mudança visual...
2026-06-18 12:00:32,558 - INFO - ⌛ Esperando mudança visual...
2026-06-18 12:00:33,575 - INFO - ⌛ Esperando mudança visual...
2026-06-18 12:00:34,586 - INFO - ⌛ Esperando mudança visual...
2026-06-18 12:00:35,605 - INFO - ⌛ Esperando mudança visual...
2026-06-18 12:00:36,622 - INFO - ⌛ Esperando mudança visual...
2026-06-18 12:00:37,635 - INFO - ⌛ Esperando mudança visual...
2026-06-18 12:00:38,652 - INFO - ⌛ Esperando mudança visual...
2026-06-18 12:00:39,669 - INFO - ⌛ Esperando mudança visual...
2026-06-18 12:00:40,679 - INFO - ⌛ Esperando mudança visual...
2026-06-18 12:00:41,698 - INFO - ✅ Tela carregada!
2026-06-18 12:01:12,166 - INFO - ⌛ Aguardando janela de confirmação de desbloqueio...
2026-06-18 12:01:27,602 - INFO - 🟨 Registros desbloqueados com sucesso
2026-06-18 12:01:40,184 - INFO - ⌛ Aguardando janela de confirmação de desprogramação ...
2026-06-18 12:01:55,561 - INFO - 🟨 Janela de confirmação de desprogramação detectada
2026-06-18 12:01:58,829 - INFO - ⌛ Aguardando janela de confirmação de desprogramação ...
2026-06-18 12:02:14,280 - INFO - 🟨 Janela de aviso de desprogramação detectada
2026-06-18 12:02:16,429 - INFO - ⌛ Aguardando janela de confirmação de desprogramação 2 ...
2026-06-18 12:02:31,814 - INFO - ⌛ Aguardando janela de confirmação de desprogramação 2 ...
2026-06-18 12:02:47,195 - INFO - 🟨 Janela de confirmação 2 de desprogramação detectada
2026-06-18 12:02:54,382 - INFO - ⌛ Aguardando janela de sucesso ...
2026-06-18 12:03:09,762 - INFO - 🟨 lote desprogramado com sucesso
2026-06-18 12:03:11,912 - INFO - 
=== Iniciando lote 59/214  ===
2026-06-18 12:03:18,267 - INFO - Janela de seleção aberta
2026-06-18 12:03:22,496 - INFO - DEBUG: idx=58, inicio=1450, fim=1475
2026-06-18 12:03:22,496 - INFO - ✅ 25 OS copiadas para a área de transferência.
2026-06-18 12:03:22,496 - INFO - 📋 Lote 59 copiado.
2026-06-18 12:03:30,834 - INFO - ⌛ Esperando mudança visual...
2026-06-18 12:03:31,848 - INFO - ⌛ Esperando mudança visual...
2026-06-18 12:03:32,864 - INFO - ⌛ Esperando mudança visual...
2026-06-18 12:03:33,876 - INFO - ⌛ Esperando mudança visual...
2026-06-18 12:03:34,896 - INFO - ⌛ Esperando mudança visual...
2026-06-18 12:03:35,908 - INFO - ⌛ Esperando mudança visual...
2026-06-18 12:03:36,923 - INFO - ⌛ Esperando mudança visual...
2026-06-18 12:03:37,942 - INFO - ⌛ Esperando mudança visual...
2026-06-18 12:03:38,958 - INFO - ⌛ Esperando mudança visual...
2026-06-18 12:03:39,975 - INFO - ⌛ Esperando mudança visual...
2026-06-18 12:03:40,986 - INFO - ✅ Tela carregada!
2026-06-18 12:04:11,445 - INFO - ⌛ Aguardando janela de confirmação de desbloqueio...
2026-06-18 12:04:26,820 - INFO - ⌛ Aguardando janela de confirmação de desbloqueio...
2026-06-18 12:04:42,221 - INFO - 🟨 Registros desbloqueados com sucesso
2026-06-18 12:04:54,805 - INFO - ⌛ Aguardando janela de confirmação de desprogramação ...
2026-06-18 12:05:10,176 - INFO - 🟨 Janela de confirmação de desprogramação detectada
2026-06-18 12:05:13,428 - INFO - ⌛ Aguardando janela de confirmação de desprogramação ...
2026-06-18 12:05:28,872 - INFO - 🟨 Janela de aviso de desprogramação detectada
2026-06-18 12:05:31,022 - INFO - ⌛ Aguardando janela de confirmação de desprogramação 2 ...
2026-06-18 12:05:46,379 - INFO - ⌛ Aguardando janela de confirmação de desprogramação 2 ...
2026-06-18 12:05:46,504 - INFO - 🟨 Identificado travamento no EQM, reiniciando contador de espera
2026-06-18 12:06:01,774 - INFO - 🟨 Janela de confirmação 2 de desprogramação detectada
2026-06-18 12:06:08,979 - INFO - ⌛ Aguardando janela de sucesso ...
2026-06-18 12:06:24,408 - INFO - 🟨 lote desprogramado com sucesso
2026-06-18 12:06:26,578 - INFO - 
=== Iniciando lote 60/214  ===
2026-06-18 12:06:32,936 - INFO - Janela de seleção aberta
2026-06-18 12:06:37,179 - INFO - DEBUG: idx=59, inicio=1475, fim=1500
2026-06-18 12:06:37,179 - INFO - ✅ 25 OS copiadas para a área de transferência.
2026-06-18 12:06:37,179 - INFO - 📋 Lote 60 copiado.
2026-06-18 12:06:45,521 - INFO - ⌛ Esperando mudança visual...
2026-06-18 12:06:46,536 - INFO - ⌛ Esperando mudança visual...
2026-06-18 12:06:47,554 - INFO - ⌛ Esperando mudança visual...
2026-06-18 12:06:48,569 - INFO - ⌛ Esperando mudança visual...
2026-06-18 12:06:49,583 - INFO - ⌛ Esperando mudança visual...
2026-06-18 12:06:50,602 - INFO - ⌛ Esperando mudança visual...
2026-06-18 12:06:51,617 - INFO - ⌛ Esperando mudança visual...
2026-06-18 12:06:52,634 - INFO - ⌛ Esperando mudança visual...
2026-06-18 12:06:53,649 - INFO - ⌛ Esperando mudança visual...
2026-06-18 12:06:54,666 - INFO - ⌛ Esperando mudança visual...
2026-06-18 12:06:55,678 - INFO - ✅ Tela carregada!
2026-06-18 12:07:26,165 - INFO - ⌛ Aguardando janela de confirmação de desbloqueio...
2026-06-18 12:07:41,568 - INFO - 🟨 Registros desbloqueados com sucesso
2026-06-18 12:07:54,129 - INFO - ⌛ Aguardando janela de confirmação de desprogramação ...
2026-06-18 12:08:09,503 - INFO - 🟨 Janela de confirmação de desprogramação detectada
2026-06-18 12:08:12,778 - INFO - ⌛ Aguardando janela de confirmação de desprogramação ...
2026-06-18 12:08:28,233 - INFO - 🟨 Janela de aviso de desprogramação detectada
2026-06-18 12:08:30,388 - INFO - ⌛ Aguardando janela de confirmação de desprogramação 2 ...
2026-06-18 12:08:45,786 - INFO - 🟨 Janela de confirmação 2 de desprogramação detectada
2026-06-18 12:08:53,006 - INFO - ⌛ Aguardando janela de sucesso ...
2026-06-18 12:09:08,399 - INFO - 🟨 lote desprogramado com sucesso
2026-06-18 12:09:10,561 - INFO - 
=== Iniciando lote 61/214  ===
2026-06-18 12:09:16,912 - INFO - Janela de seleção aberta
2026-06-18 12:09:21,134 - INFO - DEBUG: idx=60, inicio=1500, fim=1525
2026-06-18 12:09:21,134 - INFO - ✅ 25 OS copiadas para a área de transferência.
2026-06-18 12:09:21,134 - INFO - 📋 Lote 61 copiado.
2026-06-18 12:09:29,476 - INFO - ⌛ Esperando mudança visual...
2026-06-18 12:09:30,494 - INFO - ⌛ Esperando mudança visual...
2026-06-18 12:09:31,511 - INFO - ⌛ Esperando mudança visual...
2026-06-18 12:09:32,523 - INFO - ⌛ Esperando mudança visual...
2026-06-18 12:09:33,542 - INFO - ⌛ Esperando mudança visual...
2026-06-18 12:09:34,558 - INFO - ⌛ Esperando mudança visual...
2026-06-18 12:09:35,573 - INFO - ⌛ Esperando mudança visual...
2026-06-18 12:09:36,586 - INFO - ⌛ Esperando mudança visual...
2026-06-18 12:09:37,605 - INFO - ⌛ Esperando mudança visual...
2026-06-18 12:09:38,621 - INFO - ✅ Tela carregada!
2026-06-18 12:10:09,077 - INFO - ⌛ Aguardando janela de confirmação de desbloqueio...
2026-06-18 12:10:24,454 - INFO - ⌛ Aguardando janela de confirmação de desbloqueio...
2026-06-18 12:10:39,848 - INFO - 🟨 Registros desbloqueados com sucesso
2026-06-18 12:10:52,422 - INFO - ⌛ Aguardando janela de confirmação de desprogramação ...
2026-06-18 12:11:07,792 - INFO - 🟨 Janela de confirmação de desprogramação detectada
2026-06-18 12:11:11,068 - INFO - ⌛ Aguardando janela de confirmação de desprogramação ...
2026-06-18 12:11:26,477 - INFO - 🟨 Janela de aviso de desprogramação detectada
2026-06-18 12:11:28,633 - INFO - ⌛ Aguardando janela de confirmação de desprogramação 2 ...
2026-06-18 12:11:44,022 - INFO - 🟨 Janela de confirmação 2 de desprogramação detectada
2026-06-18 12:11:51,227 - INFO - ⌛ Aguardando janela de sucesso ...
2026-06-18 12:12:06,604 - INFO - 🟨 lote desprogramado com sucesso
2026-06-18 12:12:08,766 - INFO - 
=== Iniciando lote 62/214  ===
2026-06-18 12:12:15,135 - INFO - Janela de seleção aberta
2026-06-18 12:12:19,363 - INFO - DEBUG: idx=61, inicio=1525, fim=1550
2026-06-18 12:12:19,363 - INFO - ✅ 25 OS copiadas para a área de transferência.
2026-06-18 12:12:19,363 - INFO - 📋 Lote 62 copiado.
2026-06-18 12:12:27,683 - INFO - ⌛ Esperando mudança visual...
2026-06-18 12:12:28,702 - INFO - ⌛ Esperando mudança visual...
2026-06-18 12:12:29,719 - INFO - ⌛ Esperando mudança visual...
2026-06-18 12:12:30,736 - INFO - ⌛ Esperando mudança visual...
2026-06-18 12:12:31,749 - INFO - ⌛ Esperando mudança visual...
2026-06-18 12:12:32,762 - INFO - ⌛ Esperando mudança visual...
2026-06-18 12:12:33,781 - INFO - ⌛ Esperando mudança visual...
2026-06-18 12:12:34,796 - INFO - ⌛ Esperando mudança visual...
2026-06-18 12:12:35,812 - INFO - ⌛ Esperando mudança visual...
2026-06-18 12:12:36,827 - INFO - ✅ Tela carregada!
2026-06-18 12:13:07,315 - INFO - ⌛ Aguardando janela de confirmação de desbloqueio...
2026-06-18 12:13:22,717 - INFO - 🟨 Registros desbloqueados com sucesso
2026-06-18 12:13:35,282 - INFO - ⌛ Aguardando janela de confirmação de desprogramação ...
2026-06-18 12:13:50,714 - INFO - 🟨 Janela de confirmação de desprogramação detectada
2026-06-18 12:13:53,973 - INFO - 🟨 Janela de aviso de desprogramação detectada
2026-06-18 12:13:56,122 - INFO - ⌛ Aguardando janela de confirmação de desprogramação 2 ...
2026-06-18 12:14:11,508 - INFO - 🟨 Janela de confirmação 2 de desprogramação detectada
2026-06-18 12:14:18,719 - INFO - ⌛ Aguardando janela de sucesso ...
2026-06-18 12:14:34,080 - INFO - 🟨 lote desprogramado com sucesso
2026-06-18 12:14:36,237 - INFO - 
=== Iniciando lote 63/214  ===
2026-06-18 12:14:42,591 - INFO - Janela de seleção aberta
2026-06-18 12:14:46,814 - INFO - DEBUG: idx=62, inicio=1550, fim=1575
2026-06-18 12:14:46,814 - INFO - ✅ 25 OS copiadas para a área de transferência.
2026-06-18 12:14:46,814 - INFO - 📋 Lote 63 copiado.
2026-06-18 12:14:55,142 - INFO - ⌛ Esperando mudança visual...
2026-06-18 12:14:56,158 - INFO - ⌛ Esperando mudança visual...
2026-06-18 12:14:57,170 - INFO - ⌛ Esperando mudança visual...
2026-06-18 12:14:58,189 - INFO - ⌛ Esperando mudança visual...
2026-06-18 12:14:59,204 - INFO - ⌛ Esperando mudança visual...
2026-06-18 12:15:00,220 - INFO - ⌛ Esperando mudança visual...
2026-06-18 12:15:01,236 - INFO - ⌛ Esperando mudança visual...
2026-06-18 12:15:02,251 - INFO - ⌛ Esperando mudança visual...
2026-06-18 12:15:03,266 - INFO - ⌛ Esperando mudança visual...
2026-06-18 12:15:04,279 - INFO - ⌛ Esperando mudança visual...
2026-06-18 12:15:05,297 - INFO - ⌛ Esperando mudança visual...
2026-06-18 12:15:06,315 - INFO - ✅ Tela carregada!
2026-06-18 12:15:36,779 - INFO - ⌛ Aguardando janela de confirmação de desbloqueio...
2026-06-18 12:15:52,145 - INFO - 🟨 Registros desbloqueados com sucesso
2026-06-18 12:16:04,714 - INFO - ⌛ Aguardando janela de confirmação de desprogramação ...
2026-06-18 12:16:20,078 - INFO - 🟨 Janela de confirmação de desprogramação detectada
2026-06-18 12:16:23,340 - INFO - ⌛ Aguardando janela de confirmação de desprogramação ...
2026-06-18 12:16:38,774 - INFO - 🟨 Janela de aviso de desprogramação detectada
2026-06-18 12:16:40,929 - INFO - ⌛ Aguardando janela de confirmação de desprogramação 2 ...
2026-06-18 12:16:56,299 - INFO - 🟨 Janela de confirmação 2 de desprogramação detectada
2026-06-18 12:17:03,529 - INFO - ⌛ Aguardando janela de sucesso ...
2026-06-18 12:17:18,975 - INFO - 🟨 lote desprogramado com sucesso
2026-06-18 12:17:21,125 - INFO - 
=== Iniciando lote 64/214  ===
2026-06-18 12:17:27,475 - INFO - Janela de seleção aberta
2026-06-18 12:17:31,702 - INFO - DEBUG: idx=63, inicio=1575, fim=1600
2026-06-18 12:17:31,702 - INFO - ✅ 25 OS copiadas para a área de transferência.
2026-06-18 12:17:31,702 - INFO - 📋 Lote 64 copiado.
2026-06-18 12:17:40,026 - INFO - ⌛ Esperando mudança visual...
2026-06-18 12:17:41,044 - INFO - ⌛ Esperando mudança visual...
2026-06-18 12:17:42,060 - INFO - ⌛ Esperando mudança visual...
2026-06-18 12:17:43,073 - INFO - ⌛ Esperando mudança visual...
2026-06-18 12:17:44,090 - INFO - ⌛ Esperando mudança visual...
2026-06-18 12:17:45,107 - INFO - ⌛ Esperando mudança visual...
2026-06-18 12:17:46,119 - INFO - ⌛ Esperando mudança visual...
2026-06-18 12:17:47,140 - INFO - ⌛ Esperando mudança visual...
2026-06-18 12:17:48,154 - INFO - ⌛ Esperando mudança visual...
2026-06-18 12:17:49,167 - INFO - ✅ Tela carregada!
2026-06-18 12:18:19,637 - INFO - ⌛ Aguardando janela de confirmação de desbloqueio...
2026-06-18 12:18:35,035 - INFO - 🟨 Registros desbloqueados com sucesso
2026-06-18 12:18:47,601 - INFO - ⌛ Aguardando janela de confirmação de desprogramação ...
2026-06-18 12:19:02,971 - INFO - 🟨 Janela de confirmação de desprogramação detectada
2026-06-18 12:19:06,246 - INFO - ⌛ Aguardando janela de confirmação de desprogramação ...
2026-06-18 12:19:21,713 - INFO - 🟨 Janela de aviso de desprogramação detectada
2026-06-18 12:19:23,878 - INFO - ⌛ Aguardando janela de confirmação de desprogramação 2 ...
2026-06-18 12:19:39,270 - INFO - 🟨 Janela de confirmação 2 de desprogramação detectada
2026-06-18 12:19:46,476 - INFO - ⌛ Aguardando janela de sucesso ...
2026-06-18 12:20:01,864 - INFO - 🟨 lote desprogramado com sucesso
2026-06-18 12:20:04,015 - INFO - 
=== Iniciando lote 65/214  ===
2026-06-18 12:20:10,368 - INFO - Janela de seleção aberta
2026-06-18 12:20:14,591 - INFO - DEBUG: idx=64, inicio=1600, fim=1625
2026-06-18 12:20:14,592 - INFO - ✅ 25 OS copiadas para a área de transferência.
2026-06-18 12:20:14,592 - INFO - 📋 Lote 65 copiado.
2026-06-18 12:20:22,919 - INFO - ⌛ Esperando mudança visual...
2026-06-18 12:20:23,934 - INFO - ⌛ Esperando mudança visual...
2026-06-18 12:20:24,951 - INFO - ⌛ Esperando mudança visual...
2026-06-18 12:20:25,963 - INFO - ⌛ Esperando mudança visual...
2026-06-18 12:20:26,978 - INFO - ⌛ Esperando mudança visual...
2026-06-18 12:20:27,998 - INFO - ⌛ Esperando mudança visual...
2026-06-18 12:20:29,011 - INFO - ⌛ Esperando mudança visual...
2026-06-18 12:20:30,024 - INFO - ⌛ Esperando mudança visual...
2026-06-18 12:20:31,045 - INFO - ⌛ Esperando mudança visual...
2026-06-18 12:20:32,058 - INFO - ⌛ Esperando mudança visual...
2026-06-18 12:20:33,072 - INFO - ✅ Tela carregada!
2026-06-18 12:21:03,525 - INFO - ⌛ Aguardando janela de confirmação de desbloqueio...
2026-06-18 12:21:18,910 - INFO - ⌛ Aguardando janela de confirmação de desbloqueio...
2026-06-18 12:21:34,324 - INFO - 🟨 Registros desbloqueados com sucesso
2026-06-18 12:21:46,911 - INFO - ⌛ Aguardando janela de confirmação de desprogramação ...
2026-06-18 12:22:02,311 - INFO - 🟨 Janela de confirmação de desprogramação detectada
2026-06-18 12:22:05,573 - INFO - ⌛ Aguardando janela de confirmação de desprogramação ...
2026-06-18 12:22:21,007 - INFO - 🟨 Janela de aviso de desprogramação detectada
2026-06-18 12:22:23,157 - INFO - ⌛ Aguardando janela de confirmação de desprogramação 2 ...
2026-06-18 12:22:38,532 - INFO - 🟨 Janela de confirmação 2 de desprogramação detectada
2026-06-18 12:22:45,758 - INFO - ⌛ Aguardando janela de sucesso ...
2026-06-18 12:23:01,136 - INFO - 🟨 lote desprogramado com sucesso
2026-06-18 12:23:03,288 - INFO - 
=== Iniciando lote 66/214  ===
2026-06-18 12:23:09,645 - INFO - Janela de seleção aberta
2026-06-18 12:23:13,865 - INFO - DEBUG: idx=65, inicio=1625, fim=1650
2026-06-18 12:23:13,865 - INFO - ✅ 25 OS copiadas para a área de transferência.
2026-06-18 12:23:13,865 - INFO - 📋 Lote 66 copiado.
2026-06-18 12:23:22,193 - INFO - ⌛ Esperando mudança visual...
2026-06-18 12:23:23,208 - INFO - ⌛ Esperando mudança visual...
2026-06-18 12:23:24,222 - INFO - ⌛ Esperando mudança visual...
2026-06-18 12:23:25,239 - INFO - ⌛ Esperando mudança visual...
2026-06-18 12:23:26,254 - INFO - ⌛ Esperando mudança visual...
2026-06-18 12:23:27,266 - INFO - ⌛ Esperando mudança visual...
2026-06-18 12:23:28,285 - INFO - ⌛ Esperando mudança visual...
2026-06-18 12:23:29,301 - INFO - ⌛ Esperando mudança visual...
2026-06-18 12:23:30,317 - INFO - ⌛ Esperando mudança visual...
2026-06-18 12:23:31,330 - INFO - ✅ Tela carregada!
2026-06-18 12:24:01,802 - INFO - ⌛ Aguardando janela de confirmação de desbloqueio...
2026-06-18 12:24:17,169 - INFO - 🟨 Registros desbloqueados com sucesso
2026-06-18 12:24:29,761 - INFO - ⌛ Aguardando janela de confirmação de desprogramação ...
2026-06-18 12:24:45,156 - INFO - 🟨 Janela de confirmação de desprogramação detectada
2026-06-18 12:24:48,450 - INFO - 🟨 Janela de aviso de desprogramação detectada
2026-06-18 12:24:50,614 - INFO - ⌛ Aguardando janela de confirmação de desprogramação 2 ...
2026-06-18 12:25:06,006 - INFO - 🟨 Janela de confirmação 2 de desprogramação detectada
2026-06-18 12:25:13,224 - INFO - ⌛ Aguardando janela de sucesso ...
2026-06-18 12:25:28,609 - INFO - 🟨 lote desprogramado com sucesso
2026-06-18 12:25:30,758 - INFO - 
=== Iniciando lote 67/214  ===
2026-06-18 12:25:37,112 - INFO - Janela de seleção aberta
2026-06-18 12:25:41,339 - INFO - DEBUG: idx=66, inicio=1650, fim=1675
2026-06-18 12:25:41,340 - INFO - ✅ 25 OS copiadas para a área de transferência.
2026-06-18 12:25:41,340 - INFO - 📋 Lote 67 copiado.
2026-06-18 12:25:49,665 - INFO - ⌛ Esperando mudança visual...
2026-06-18 12:25:50,676 - INFO - ⌛ Esperando mudança visual...
2026-06-18 12:25:51,695 - INFO - ⌛ Esperando mudança visual...
2026-06-18 12:25:52,710 - INFO - ⌛ Esperando mudança visual...
2026-06-18 12:25:53,723 - INFO - ⌛ Esperando mudança visual...
2026-06-18 12:25:54,743 - INFO - ⌛ Esperando mudança visual...
2026-06-18 12:25:55,756 - INFO - ⌛ Esperando mudança visual...
2026-06-18 12:25:56,770 - INFO - ⌛ Esperando mudança visual...
2026-06-18 12:25:57,790 - INFO - ⌛ Esperando mudança visual...
2026-06-18 12:25:58,805 - INFO - ✅ Tela carregada!
2026-06-18 12:26:29,289 - INFO - ⌛ Aguardando janela de confirmação de desbloqueio...
2026-06-18 12:26:44,693 - INFO - 🟨 Registros desbloqueados com sucesso
2026-06-18 12:26:57,253 - INFO - ⌛ Aguardando janela de confirmação de desprogramação ...
2026-06-18 12:27:12,658 - INFO - 🟨 Janela de confirmação de desprogramação detectada
2026-06-18 12:27:15,948 - INFO - 🟨 Janela de aviso de desprogramação detectada
2026-06-18 12:27:18,104 - INFO - ⌛ Aguardando janela de confirmação de desprogramação 2 ...
2026-06-18 12:27:33,486 - INFO - 🟨 Janela de confirmação 2 de desprogramação detectada
2026-06-18 12:27:40,712 - INFO - ⌛ Aguardando janela de sucesso ...
2026-06-18 12:27:56,100 - INFO - 🟨 lote desprogramado com sucesso
2026-06-18 12:27:58,249 - INFO - 
=== Iniciando lote 68/214  ===
2026-06-18 12:28:04,604 - INFO - Janela de seleção aberta
2026-06-18 12:28:08,823 - INFO - DEBUG: idx=67, inicio=1675, fim=1700
2026-06-18 12:28:08,823 - INFO - ✅ 25 OS copiadas para a área de transferência.
2026-06-18 12:28:08,823 - INFO - 📋 Lote 68 copiado.
2026-06-18 12:28:17,152 - INFO - ⌛ Esperando mudança visual...
2026-06-18 12:28:18,164 - INFO - ⌛ Esperando mudança visual...
2026-06-18 12:28:19,180 - INFO - ⌛ Esperando mudança visual...
2026-06-18 12:28:20,198 - INFO - ⌛ Esperando mudança visual...
2026-06-18 12:28:21,212 - INFO - ⌛ Esperando mudança visual...
2026-06-18 12:28:22,227 - INFO - ⌛ Esperando mudança visual...
2026-06-18 12:28:23,245 - INFO - ⌛ Esperando mudança visual...
2026-06-18 12:28:24,262 - INFO - ⌛ Esperando mudança visual...
2026-06-18 12:28:25,274 - INFO - ⌛ Esperando mudança visual...
2026-06-18 12:28:26,292 - INFO - ⌛ Esperando mudança visual...
2026-06-18 12:28:27,308 - INFO - ✅ Tela carregada!
2026-06-18 12:28:57,782 - INFO - ⌛ Aguardando janela de confirmação de desbloqueio...
2026-06-18 12:29:13,195 - INFO - 🟨 Registros desbloqueados com sucesso
2026-06-18 12:29:25,758 - INFO - ⌛ Aguardando janela de confirmação de desprogramação ...
2026-06-18 12:29:41,157 - INFO - 🟨 Janela de confirmação de desprogramação detectada
2026-06-18 12:29:44,421 - INFO - ⌛ Aguardando janela de confirmação de desprogramação ...
2026-06-18 12:29:59,855 - INFO - 🟨 Janela de aviso de desprogramação detectada
2026-06-18 12:30:02,007 - INFO - ⌛ Aguardando janela de confirmação de desprogramação 2 ...
2026-06-18 12:30:17,383 - INFO - ⌛ Aguardando janela de confirmação de desprogramação 2 ...
2026-06-18 12:30:17,516 - INFO - 🟨 Identificado travamento no EQM, reiniciando contador de espera
2026-06-18 12:30:32,788 - INFO - 🟨 Janela de confirmação 2 de desprogramação detectada
2026-06-18 12:30:39,982 - INFO - ⌛ Aguardando janela de sucesso ...
2026-06-18 12:30:55,353 - INFO - 🟨 lote desprogramado com sucesso
2026-06-18 12:30:57,504 - INFO - 
=== Iniciando lote 69/214  ===
2026-06-18 12:31:03,857 - INFO - Janela de seleção aberta
2026-06-18 12:31:08,086 - INFO - DEBUG: idx=68, inicio=1700, fim=1725
2026-06-18 12:31:08,086 - INFO - ✅ 25 OS copiadas para a área de transferência.
2026-06-18 12:31:08,086 - INFO - 📋 Lote 69 copiado.
2026-06-18 12:31:16,410 - INFO - ⌛ Esperando mudança visual...
2026-06-18 12:31:17,423 - INFO - ⌛ Esperando mudança visual...
2026-06-18 12:31:18,441 - INFO - ⌛ Esperando mudança visual...
2026-06-18 12:31:19,455 - INFO - ⌛ Esperando mudança visual...
2026-06-18 12:31:20,470 - INFO - ⌛ Esperando mudança visual...
2026-06-18 12:31:21,488 - INFO - ⌛ Esperando mudança visual...
2026-06-18 12:31:22,502 - INFO - ⌛ Esperando mudança visual...
2026-06-18 12:31:23,515 - INFO - ⌛ Esperando mudança visual...
2026-06-18 12:31:24,533 - INFO - ⌛ Esperando mudança visual...
2026-06-18 12:31:25,549 - INFO - ⌛ Esperando mudança visual...
2026-06-18 12:31:26,564 - INFO - ✅ Tela carregada!
2026-06-18 12:31:57,068 - INFO - ⌛ Aguardando janela de confirmação de desbloqueio...
2026-06-18 12:32:12,466 - INFO - ⌛ Aguardando janela de confirmação de desbloqueio...
2026-06-18 12:32:27,875 - INFO - 🟨 Registros desbloqueados com sucesso
2026-06-18 12:32:40,449 - INFO - ⌛ Aguardando janela de confirmação de desprogramação ...
2026-06-18 12:32:55,819 - INFO - 🟨 Janela de confirmação de desprogramação detectada
2026-06-18 12:32:59,080 - INFO - ⌛ Aguardando janela de confirmação de desprogramação ...
2026-06-18 12:33:14,515 - INFO - 🟨 Janela de aviso de desprogramação detectada
2026-06-18 12:33:16,665 - INFO - ⌛ Aguardando janela de confirmação de desprogramação 2 ...
2026-06-18 12:33:32,034 - INFO - 🟨 Janela de confirmação 2 de desprogramação detectada
2026-06-18 12:33:39,271 - INFO - ⌛ Aguardando janela de sucesso ...
2026-06-18 12:33:54,662 - INFO - 🟨 lote desprogramado com sucesso
2026-06-18 12:33:56,811 - INFO - 
=== Iniciando lote 70/214  ===
2026-06-18 12:34:03,166 - INFO - Janela de seleção aberta
2026-06-18 12:34:07,393 - INFO - DEBUG: idx=69, inicio=1725, fim=1750
2026-06-18 12:34:07,393 - INFO - ✅ 25 OS copiadas para a área de transferência.
2026-06-18 12:34:07,393 - INFO - 📋 Lote 70 copiado.
2026-06-18 12:34:15,715 - INFO - ⌛ Esperando mudança visual...
2026-06-18 12:34:16,728 - INFO - ⌛ Esperando mudança visual...
2026-06-18 12:34:17,745 - INFO - ⌛ Esperando mudança visual...
2026-06-18 12:34:18,760 - INFO - ⌛ Esperando mudança visual...
2026-06-18 12:34:19,775 - INFO - ⌛ Esperando mudança visual...
2026-06-18 12:34:20,795 - INFO - ⌛ Esperando mudança visual...
2026-06-18 12:34:21,808 - INFO - ⌛ Esperando mudança visual...
2026-06-18 12:34:22,822 - INFO - ⌛ Esperando mudança visual...
2026-06-18 12:34:23,841 - INFO - ⌛ Esperando mudança visual...
2026-06-18 12:34:24,857 - INFO - ✅ Tela carregada!
2026-06-18 12:34:55,317 - INFO - ⌛ Aguardando janela de confirmação de desbloqueio...
2026-06-18 12:35:10,692 - INFO - ⌛ Aguardando janela de confirmação de desbloqueio...
2026-06-18 12:35:26,083 - INFO - 🟨 Registros desbloqueados com sucesso
2026-06-18 12:35:38,658 - INFO - ⌛ Aguardando janela de confirmação de desprogramação ...
2026-06-18 12:35:54,016 - INFO - 🟨 Janela de confirmação de desprogramação detectada
2026-06-18 12:35:57,304 - INFO - ⌛ Aguardando janela de confirmação de desprogramação ...
2026-06-18 12:36:12,719 - INFO - 🟨 Janela de aviso de desprogramação detectada
2026-06-18 12:36:14,874 - INFO - ⌛ Aguardando janela de confirmação de desprogramação 2 ...
2026-06-18 12:36:30,260 - INFO - 🟨 Janela de confirmação 2 de desprogramação detectada
2026-06-18 12:36:37,480 - INFO - ⌛ Aguardando janela de sucesso ...
2026-06-18 12:36:52,884 - INFO - 🟨 lote desprogramado com sucesso
2026-06-18 12:36:55,036 - INFO - 
=== Iniciando lote 71/214  ===
2026-06-18 12:37:01,407 - INFO - Janela de seleção aberta
2026-06-18 12:37:05,643 - INFO - DEBUG: idx=70, inicio=1750, fim=1775
2026-06-18 12:37:05,643 - INFO - ✅ 25 OS copiadas para a área de transferência.
2026-06-18 12:37:05,643 - INFO - 📋 Lote 71 copiado.
2026-06-18 12:37:13,970 - INFO - ⌛ Esperando mudança visual...
2026-06-18 12:37:14,989 - INFO - ⌛ Esperando mudança visual...
2026-06-18 12:37:16,005 - INFO - ⌛ Esperando mudança visual...
2026-06-18 12:37:17,019 - INFO - ⌛ Esperando mudança visual...
2026-06-18 12:37:18,036 - INFO - ⌛ Esperando mudança visual...
2026-06-18 12:37:19,053 - INFO - ⌛ Esperando mudança visual...
2026-06-18 12:37:20,064 - INFO - ⌛ Esperando mudança visual...
2026-06-18 12:37:21,082 - INFO - ⌛ Esperando mudança visual...
2026-06-18 12:37:22,097 - INFO - ⌛ Esperando mudança visual...
2026-06-18 12:37:23,115 - INFO - ✅ Tela carregada!
2026-06-18 12:37:53,583 - INFO - ⌛ Aguardando janela de confirmação de desbloqueio...
2026-06-18 12:38:09,014 - INFO - ⌛ Aguardando janela de confirmação de desbloqueio...
2026-06-18 12:38:24,390 - INFO - 🟨 Registros desbloqueados com sucesso
2026-06-18 12:38:36,965 - INFO - ⌛ Aguardando janela de confirmação de desprogramação ...
2026-06-18 12:38:52,330 - INFO - 🟨 Janela de confirmação de desprogramação detectada
2026-06-18 12:38:55,613 - INFO - ⌛ Aguardando janela de confirmação de desprogramação ...
2026-06-18 12:39:11,026 - INFO - 🟨 Janela de aviso de desprogramação detectada
2026-06-18 12:39:13,194 - INFO - ⌛ Aguardando janela de confirmação de desprogramação 2 ...
2026-06-18 12:39:28,568 - INFO - 🟨 Janela de confirmação 2 de desprogramação detectada
2026-06-18 12:39:35,794 - INFO - ⌛ Aguardando janela de sucesso ...
2026-06-18 12:39:51,159 - INFO - 🟨 lote desprogramado com sucesso
2026-06-18 12:39:53,313 - INFO - 
=== Iniciando lote 72/214  ===
2026-06-18 12:39:59,663 - INFO - Janela de seleção aberta
2026-06-18 12:40:03,886 - INFO - DEBUG: idx=71, inicio=1775, fim=1800
2026-06-18 12:40:03,886 - INFO - ✅ 25 OS copiadas para a área de transferência.
2026-06-18 12:40:03,886 - INFO - 📋 Lote 72 copiado.
2026-06-18 12:40:12,211 - INFO - ⌛ Esperando mudança visual...
2026-06-18 12:40:13,227 - INFO - ⌛ Esperando mudança visual...
2026-06-18 12:40:14,244 - INFO - ⌛ Esperando mudança visual...
2026-06-18 12:40:15,259 - INFO - ⌛ Esperando mudança visual...
2026-06-18 12:40:16,275 - INFO - ⌛ Esperando mudança visual...
2026-06-18 12:40:17,291 - INFO - ⌛ Esperando mudança visual...
2026-06-18 12:40:18,308 - INFO - ⌛ Esperando mudança visual...
2026-06-18 12:40:19,324 - INFO - ⌛ Esperando mudança visual...
2026-06-18 12:40:20,341 - INFO - ⌛ Esperando mudança visual...
2026-06-18 12:40:21,357 - INFO - ✅ Tela carregada!
2026-06-18 12:40:51,819 - INFO - ⌛ Aguardando janela de confirmação de desbloqueio...
2026-06-18 12:41:07,191 - INFO - 🟨 Registros desbloqueados com sucesso
2026-06-18 12:41:19,756 - INFO - ⌛ Aguardando janela de confirmação de desprogramação ...
2026-06-18 12:41:35,119 - INFO - 🟨 Janela de confirmação de desprogramação detectada
2026-06-18 12:41:38,397 - INFO - ⌛ Aguardando janela de confirmação de desprogramação ...
2026-06-18 12:41:53,833 - INFO - 🟨 Janela de aviso de desprogramação detectada
2026-06-18 12:41:55,982 - INFO - ⌛ Aguardando janela de confirmação de desprogramação 2 ...
2026-06-18 12:42:11,357 - INFO - 🟨 Janela de confirmação 2 de desprogramação detectada
2026-06-18 12:42:18,570 - INFO - ⌛ Aguardando janela de sucesso ...
2026-06-18 12:42:33,965 - INFO - 🟨 lote desprogramado com sucesso
2026-06-18 12:42:36,118 - INFO - 
=== Iniciando lote 73/214  ===
2026-06-18 12:42:42,464 - INFO - Janela de seleção aberta
2026-06-18 12:42:46,695 - INFO - DEBUG: idx=72, inicio=1800, fim=1825
2026-06-18 12:42:46,696 - INFO - ✅ 25 OS copiadas para a área de transferência.
2026-06-18 12:42:46,696 - INFO - 📋 Lote 73 copiado.
2026-06-18 12:42:55,018 - INFO - ⌛ Esperando mudança visual...
2026-06-18 12:42:56,038 - INFO - ⌛ Esperando mudança visual...
2026-06-18 12:42:57,054 - INFO - ⌛ Esperando mudança visual...
2026-06-18 12:42:58,065 - INFO - ⌛ Esperando mudança visual...
2026-06-18 12:42:59,084 - INFO - ⌛ Esperando mudança visual...
2026-06-18 12:43:00,097 - INFO - ⌛ Esperando mudança visual...
2026-06-18 12:43:01,113 - INFO - ⌛ Esperando mudança visual...
2026-06-18 12:43:02,132 - INFO - ⌛ Esperando mudança visual...
2026-06-18 12:43:03,148 - INFO - ⌛ Esperando mudança visual...
2026-06-18 12:43:04,163 - INFO - ✅ Tela carregada!
2026-06-18 12:43:34,630 - INFO - ⌛ Aguardando janela de confirmação de desbloqueio...
2026-06-18 12:43:50,011 - INFO - 🟨 Registros desbloqueados com sucesso
2026-06-18 12:44:02,591 - INFO - ⌛ Aguardando janela de confirmação de desprogramação ...
2026-06-18 12:44:18,052 - INFO - 🟨 Janela de confirmação de desprogramação detectada
2026-06-18 12:44:21,332 - INFO - ⌛ Aguardando janela de confirmação de desprogramação ...
2026-06-18 12:44:36,761 - INFO - 🟨 Janela de aviso de desprogramação detectada
2026-06-18 12:44:38,910 - INFO - ⌛ Aguardando janela de confirmação de desprogramação 2 ...
2026-06-18 12:44:54,272 - INFO - 🟨 Janela de confirmação 2 de desprogramação detectada
2026-06-18 12:45:01,460 - INFO - ⌛ Aguardando janela de sucesso ...
2026-06-18 12:45:16,855 - INFO - 🟨 lote desprogramado com sucesso
2026-06-18 12:45:19,017 - INFO - 
=== Iniciando lote 74/214  ===
2026-06-18 12:45:25,375 - INFO - Janela de seleção aberta
2026-06-18 12:45:29,600 - INFO - DEBUG: idx=73, inicio=1825, fim=1850
2026-06-18 12:45:29,600 - INFO - ✅ 25 OS copiadas para a área de transferência.
2026-06-18 12:45:29,600 - INFO - 📋 Lote 74 copiado.
2026-06-18 12:45:37,924 - INFO - ⌛ Esperando mudança visual...
2026-06-18 12:45:38,944 - INFO - ⌛ Esperando mudança visual...
2026-06-18 12:45:39,960 - INFO - ⌛ Esperando mudança visual...
2026-06-18 12:45:40,976 - INFO - ⌛ Esperando mudança visual...
2026-06-18 12:45:41,990 - INFO - ⌛ Esperando mudança visual...
2026-06-18 12:45:43,005 - INFO - ⌛ Esperando mudança visual...
2026-06-18 12:45:44,018 - INFO - ⌛ Esperando mudança visual...
2026-06-18 12:45:45,036 - INFO - ⌛ Esperando mudança visual...
2026-06-18 12:45:46,054 - INFO - ⌛ Esperando mudança visual...
2026-06-18 12:45:47,066 - INFO - ✅ Tela carregada!
2026-06-18 12:46:17,535 - INFO - ⌛ Aguardando janela de confirmação de desbloqueio...
2026-06-18 12:46:32,985 - INFO - 🟨 Registros desbloqueados com sucesso
2026-06-18 12:46:45,567 - INFO - ⌛ Aguardando janela de confirmação de desprogramação ...
2026-06-18 12:47:00,926 - INFO - 🟨 Janela de confirmação de desprogramação detectada
2026-06-18 12:47:04,223 - INFO - ⌛ Aguardando janela de confirmação de desprogramação ...
2026-06-18 12:47:19,650 - INFO - 🟨 Janela de aviso de desprogramação detectada
2026-06-18 12:47:21,798 - INFO - ⌛ Aguardando janela de confirmação de desprogramação 2 ...
2026-06-18 12:47:37,172 - INFO - 🟨 Janela de confirmação 2 de desprogramação detectada
2026-06-18 12:47:44,392 - INFO - ⌛ Aguardando janela de sucesso ...
2026-06-18 12:47:59,773 - INFO - 🟨 lote desprogramado com sucesso
2026-06-18 12:48:01,930 - INFO - 
=== Iniciando lote 75/214  ===
2026-06-18 12:48:08,284 - INFO - Janela de seleção aberta
2026-06-18 12:48:12,506 - INFO - DEBUG: idx=74, inicio=1850, fim=1875
2026-06-18 12:48:12,507 - INFO - ✅ 25 OS copiadas para a área de transferência.
2026-06-18 12:48:12,507 - INFO - 📋 Lote 75 copiado.
2026-06-18 12:48:20,834 - INFO - ⌛ Esperando mudança visual...
2026-06-18 12:48:21,849 - INFO - ⌛ Esperando mudança visual...
2026-06-18 12:48:22,862 - INFO - ⌛ Esperando mudança visual...
2026-06-18 12:48:23,880 - INFO - ⌛ Esperando mudança visual...
2026-06-18 12:48:24,896 - INFO - ⌛ Esperando mudança visual...
2026-06-18 12:48:25,914 - INFO - ⌛ Esperando mudança visual...
2026-06-18 12:48:26,924 - INFO - ⌛ Esperando mudança visual...
2026-06-18 12:48:27,942 - INFO - ⌛ Esperando mudança visual...
2026-06-18 12:48:28,958 - INFO - ⌛ Esperando mudança visual...
2026-06-18 12:48:29,971 - INFO - ⌛ Esperando mudança visual...
2026-06-18 12:48:30,991 - INFO - ✅ Tela carregada!
2026-06-18 12:49:01,449 - INFO - ⌛ Aguardando janela de confirmação de desbloqueio...
2026-06-18 12:49:16,823 - INFO - 🟨 Registros desbloqueados com sucesso
2026-06-18 12:49:29,386 - INFO - ⌛ Aguardando janela de confirmação de desprogramação ...
2026-06-18 12:49:44,759 - INFO - 🟨 Janela de confirmação de desprogramação detectada
2026-06-18 12:49:48,016 - INFO - ⌛ Aguardando janela de confirmação de desprogramação ...
2026-06-18 12:50:03,459 - INFO - 🟨 Janela de aviso de desprogramação detectada
2026-06-18 12:50:05,619 - INFO - ⌛ Aguardando janela de confirmação de desprogramação 2 ...
2026-06-18 12:50:21,011 - INFO - 🟨 Janela de confirmação 2 de desprogramação detectada
2026-06-18 12:50:28,244 - INFO - ⌛ Aguardando janela de sucesso ...
2026-06-18 12:50:43,667 - INFO - 🟨 lote desprogramado com sucesso
2026-06-18 12:50:45,819 - INFO - 
=== Iniciando lote 76/214  ===
2026-06-18 12:50:52,172 - INFO - Janela de seleção aberta
2026-06-18 12:50:56,409 - INFO - DEBUG: idx=75, inicio=1875, fim=1900
2026-06-18 12:50:56,409 - INFO - ✅ 25 OS copiadas para a área de transferência.
2026-06-18 12:50:56,409 - INFO - 📋 Lote 76 copiado.
2026-06-18 12:51:04,739 - INFO - ⌛ Esperando mudança visual...
2026-06-18 12:51:05,755 - INFO - ⌛ Esperando mudança visual...
2026-06-18 12:51:06,772 - INFO - ⌛ Esperando mudança visual...
2026-06-18 12:51:07,787 - INFO - ⌛ Esperando mudança visual...
2026-06-18 12:51:08,801 - INFO - ⌛ Esperando mudança visual...
2026-06-18 12:51:09,817 - INFO - ⌛ Esperando mudança visual...
2026-06-18 12:51:10,837 - INFO - ⌛ Esperando mudança visual...
2026-06-18 12:51:11,850 - INFO - ⌛ Esperando mudança visual...
2026-06-18 12:51:12,862 - INFO - ⌛ Esperando mudança visual...
2026-06-18 12:51:13,881 - INFO - ⌛ Esperando mudança visual...
2026-06-18 12:51:14,897 - INFO - ✅ Tela carregada!
2026-06-18 12:51:45,381 - INFO - ⌛ Aguardando janela de confirmação de desbloqueio...
2026-06-18 12:52:00,807 - INFO - 🟨 Registros desbloqueados com sucesso
2026-06-18 12:52:13,396 - INFO - ⌛ Aguardando janela de confirmação de desprogramação ...
2026-06-18 12:52:28,763 - INFO - 🟨 Janela de confirmação de desprogramação detectada
2026-06-18 12:52:32,017 - INFO - ⌛ Aguardando janela de confirmação de desprogramação ...
2026-06-18 12:52:47,460 - INFO - 🟨 Janela de aviso de desprogramação detectada
2026-06-18 12:52:49,611 - INFO - ⌛ Aguardando janela de confirmação de desprogramação 2 ...
2026-06-18 12:53:04,979 - INFO - 🟨 Janela de confirmação 2 de desprogramação detectada
2026-06-18 12:53:12,204 - INFO - ⌛ Aguardando janela de sucesso ...
2026-06-18 12:53:27,575 - INFO - 🟨 lote desprogramado com sucesso
2026-06-18 12:53:29,723 - INFO - 
=== Iniciando lote 77/214  ===
2026-06-18 12:53:36,078 - INFO - Janela de seleção aberta
2026-06-18 12:53:40,304 - INFO - DEBUG: idx=76, inicio=1900, fim=1925
2026-06-18 12:53:40,304 - INFO - ✅ 25 OS copiadas para a área de transferência.
2026-06-18 12:53:40,304 - INFO - 📋 Lote 77 copiado.
2026-06-18 12:53:48,629 - INFO - ⌛ Esperando mudança visual...
2026-06-18 12:53:49,644 - INFO - ⌛ Esperando mudança visual...
2026-06-18 12:53:50,659 - INFO - ⌛ Esperando mudança visual...
2026-06-18 12:53:51,672 - INFO - ⌛ Esperando mudança visual...
2026-06-18 12:53:52,692 - INFO - ⌛ Esperando mudança visual...
2026-06-18 12:53:53,705 - INFO - ⌛ Esperando mudança visual...
2026-06-18 12:53:54,719 - INFO - ⌛ Esperando mudança visual...
2026-06-18 12:53:55,738 - INFO - ⌛ Esperando mudança visual...
2026-06-18 12:53:56,753 - INFO - ⌛ Esperando mudança visual...
2026-06-18 12:53:57,771 - INFO - ✅ Tela carregada!
2026-06-18 12:54:28,230 - INFO - ⌛ Aguardando janela de confirmação de desbloqueio...
2026-06-18 12:54:43,617 - INFO - 🟨 Registros desbloqueados com sucesso
2026-06-18 12:54:56,188 - INFO - ⌛ Aguardando janela de confirmação de desprogramação ...
2026-06-18 12:55:11,556 - INFO - 🟨 Janela de confirmação de desprogramação detectada
2026-06-18 12:55:14,845 - INFO - ⌛ Aguardando janela de confirmação de desprogramação ...
2026-06-18 12:55:30,330 - INFO - 🟨 Janela de aviso de desprogramação detectada
2026-06-18 12:55:32,473 - INFO - ⌛ Aguardando janela de confirmação de desprogramação 2 ...
2026-06-18 12:55:47,854 - INFO - 🟨 Janela de confirmação 2 de desprogramação detectada
2026-06-18 12:55:55,074 - INFO - ⌛ Aguardando janela de sucesso ...
2026-06-18 12:56:10,441 - INFO - 🟨 lote desprogramado com sucesso
2026-06-18 12:56:12,596 - INFO - 
=== Iniciando lote 78/214  ===
2026-06-18 12:56:18,944 - INFO - Janela de seleção aberta
2026-06-18 12:56:23,176 - INFO - DEBUG: idx=77, inicio=1925, fim=1950
2026-06-18 12:56:23,176 - INFO - ✅ 25 OS copiadas para a área de transferência.
2026-06-18 12:56:23,177 - INFO - 📋 Lote 78 copiado.
2026-06-18 12:56:31,500 - INFO - ⌛ Esperando mudança visual...
2026-06-18 12:56:32,514 - INFO - ⌛ Esperando mudança visual...
2026-06-18 12:56:33,532 - INFO - ⌛ Esperando mudança visual...
2026-06-18 12:56:34,548 - INFO - ⌛ Esperando mudança visual...
2026-06-18 12:56:35,564 - INFO - ⌛ Esperando mudança visual...
2026-06-18 12:56:36,580 - INFO - ⌛ Esperando mudança visual...
2026-06-18 12:56:37,594 - INFO - ⌛ Esperando mudança visual...
2026-06-18 12:56:38,608 - INFO - ⌛ Esperando mudança visual...
2026-06-18 12:56:39,623 - INFO - ⌛ Esperando mudança visual...
2026-06-18 12:56:40,642 - INFO - ⌛ Esperando mudança visual...
2026-06-18 12:56:41,659 - INFO - ✅ Tela carregada!
2026-06-18 12:57:12,125 - INFO - ⌛ Aguardando janela de confirmação de desbloqueio...
2026-06-18 12:57:27,510 - INFO - 🟨 Registros desbloqueados com sucesso
2026-06-18 12:57:40,093 - INFO - ⌛ Aguardando janela de confirmação de desprogramação ...
2026-06-18 12:57:55,459 - INFO - 🟨 Janela de confirmação de desprogramação detectada
2026-06-18 12:57:58,721 - INFO - ⌛ Aguardando janela de confirmação de desprogramação ...
2026-06-18 12:58:14,138 - INFO - 🟨 Janela de aviso de desprogramação detectada
2026-06-18 12:58:16,292 - INFO - ⌛ Aguardando janela de confirmação de desprogramação 2 ...
2026-06-18 12:58:31,658 - INFO - 🟨 Janela de confirmação 2 de desprogramação detectada
2026-06-18 12:58:38,850 - INFO - ⌛ Aguardando janela de sucesso ...
2026-06-18 12:58:54,213 - INFO - 🟨 lote desprogramado com sucesso
2026-06-18 12:58:56,368 - INFO - 
=== Iniciando lote 79/214  ===
2026-06-18 12:59:02,716 - INFO - Janela de seleção aberta
2026-06-18 12:59:06,965 - INFO - DEBUG: idx=78, inicio=1950, fim=1975
2026-06-18 12:59:06,965 - INFO - ✅ 25 OS copiadas para a área de transferência.
2026-06-18 12:59:06,965 - INFO - 📋 Lote 79 copiado.
2026-06-18 12:59:15,290 - INFO - ⌛ Esperando mudança visual...
2026-06-18 12:59:16,304 - INFO - ⌛ Esperando mudança visual...
2026-06-18 12:59:17,318 - INFO - ⌛ Esperando mudança visual...
2026-06-18 12:59:18,336 - INFO - ⌛ Esperando mudança visual...
2026-06-18 12:59:19,351 - INFO - ⌛ Esperando mudança visual...
2026-06-18 12:59:20,365 - INFO - ⌛ Esperando mudança visual...
2026-06-18 12:59:21,383 - INFO - ⌛ Esperando mudança visual...
2026-06-18 12:59:22,399 - INFO - ⌛ Esperando mudança visual...
2026-06-18 12:59:23,412 - INFO - ⌛ Esperando mudança visual...
2026-06-18 12:59:24,430 - INFO - ✅ Tela carregada!
2026-06-18 12:59:54,901 - INFO - ⌛ Aguardando janela de confirmação de desbloqueio...
2026-06-18 13:00:10,271 - INFO - ⌛ Aguardando janela de confirmação de desbloqueio...
2026-06-18 13:00:25,669 - INFO - 🟨 Registros desbloqueados com sucesso
2026-06-18 13:00:38,227 - INFO - ⌛ Aguardando janela de confirmação de desprogramação ...
2026-06-18 13:00:53,601 - INFO - 🟨 Janela de confirmação de desprogramação detectada
2026-06-18 13:00:56,865 - INFO - ⌛ Aguardando janela de confirmação de desprogramação ...
2026-06-18 13:01:12,279 - INFO - 🟨 Janela de aviso de desprogramação detectada
2026-06-18 13:01:14,426 - INFO - ⌛ Aguardando janela de confirmação de desprogramação 2 ...
2026-06-18 13:01:29,797 - INFO - ⌛ Aguardando janela de confirmação de desprogramação 2 ...
2026-06-18 13:01:29,905 - INFO - 🟨 Identificado travamento no EQM, reiniciando contador de espera
2026-06-18 13:01:45,183 - INFO - 🟨 Janela de confirmação 2 de desprogramação detectada
2026-06-18 13:01:52,412 - INFO - ⌛ Aguardando janela de sucesso ...
2026-06-18 13:02:07,775 - INFO - 🟨 lote desprogramado com sucesso
2026-06-18 13:02:09,926 - INFO - 
=== Iniciando lote 80/214  ===
2026-06-18 13:02:16,301 - INFO - Janela de seleção aberta
2026-06-18 13:02:20,521 - INFO - DEBUG: idx=79, inicio=1975, fim=2000
2026-06-18 13:02:20,521 - INFO - ✅ 25 OS copiadas para a área de transferência.
2026-06-18 13:02:20,521 - INFO - 📋 Lote 80 copiado.
2026-06-18 13:02:28,850 - INFO - ⌛ Esperando mudança visual...
2026-06-18 13:02:29,862 - INFO - ⌛ Esperando mudança visual...
2026-06-18 13:02:30,881 - INFO - ⌛ Esperando mudança visual...
2026-06-18 13:02:31,898 - INFO - ⌛ Esperando mudança visual...
2026-06-18 13:02:32,909 - INFO - ⌛ Esperando mudança visual...
2026-06-18 13:02:33,930 - INFO - ⌛ Esperando mudança visual...
2026-06-18 13:02:34,942 - INFO - ⌛ Esperando mudança visual...
2026-06-18 13:02:35,959 - INFO - ⌛ Esperando mudança visual...
2026-06-18 13:02:36,975 - INFO - ⌛ Esperando mudança visual...
2026-06-18 13:02:37,992 - INFO - ✅ Tela carregada!
2026-06-18 13:03:08,483 - INFO - ⌛ Aguardando janela de confirmação de desbloqueio...
2026-06-18 13:03:23,882 - INFO - ⌛ Aguardando janela de confirmação de desbloqueio...
2026-06-18 13:03:39,267 - INFO - 🟨 Registros desbloqueados com sucesso
2026-06-18 13:03:51,840 - INFO - ⌛ Aguardando janela de confirmação de desprogramação ...
2026-06-18 13:04:07,248 - INFO - 🟨 Janela de confirmação de desprogramação detectada
2026-06-18 13:04:10,536 - INFO - ⌛ Aguardando janela de confirmação de desprogramação ...
2026-06-18 13:04:26,015 - INFO - 🟨 Janela de aviso de desprogramação detectada
2026-06-18 13:04:28,206 - INFO - ⌛ Aguardando janela de confirmação de desprogramação 2 ...
2026-06-18 13:04:43,613 - INFO - ⌛ Aguardando janela de confirmação de desprogramação 2 ...
2026-06-18 13:04:59,045 - INFO - 🟨 Janela de confirmação 2 de desprogramação detectada
2026-06-18 13:05:06,266 - INFO - ⌛ Aguardando janela de sucesso ...
2026-06-18 13:05:21,660 - INFO - 🟨 lote desprogramado com sucesso
2026-06-18 13:05:23,828 - INFO - 
=== Iniciando lote 81/214  ===
2026-06-18 13:05:30,218 - INFO - Janela de seleção aberta
2026-06-18 13:05:34,462 - INFO - DEBUG: idx=80, inicio=2000, fim=2025
2026-06-18 13:05:34,462 - INFO - ✅ 25 OS copiadas para a área de transferência.
2026-06-18 13:05:34,462 - INFO - 📋 Lote 81 copiado.
2026-06-18 13:05:42,792 - INFO - ⌛ Esperando mudança visual...
2026-06-18 13:05:43,810 - INFO - ⌛ Esperando mudança visual...
2026-06-18 13:05:44,823 - INFO - ⌛ Esperando mudança visual...
2026-06-18 13:05:45,839 - INFO - ⌛ Esperando mudança visual...
2026-06-18 13:05:46,857 - INFO - ⌛ Esperando mudança visual...
2026-06-18 13:05:47,868 - INFO - ⌛ Esperando mudança visual...
2026-06-18 13:05:48,886 - INFO - ⌛ Esperando mudança visual...
2026-06-18 13:05:49,904 - INFO - ⌛ Esperando mudança visual...
2026-06-18 13:05:50,920 - INFO - ⌛ Esperando mudança visual...
2026-06-18 13:05:51,935 - INFO - ✅ Tela carregada!
2026-06-18 13:06:22,417 - INFO - ⌛ Aguardando janela de confirmação de desbloqueio...
2026-06-18 13:06:37,826 - INFO - 🟨 Registros desbloqueados com sucesso
2026-06-18 13:06:50,399 - INFO - ⌛ Aguardando janela de confirmação de desprogramação ...
2026-06-18 13:07:05,790 - INFO - 🟨 Janela de confirmação de desprogramação detectada
2026-06-18 13:07:09,065 - INFO - ⌛ Aguardando janela de confirmação de desprogramação ...
2026-06-18 13:07:24,481 - INFO - 🟨 Janela de aviso de desprogramação detectada
2026-06-18 13:07:26,628 - INFO - ⌛ Aguardando janela de confirmação de desprogramação 2 ...
2026-06-18 13:07:42,017 - INFO - ⌛ Aguardando janela de confirmação de desprogramação 2 ...
2026-06-18 13:07:57,407 - INFO - 🟨 Janela de confirmação 2 de desprogramação detectada
2026-06-18 13:08:04,641 - INFO - ⌛ Aguardando janela de sucesso ...
2026-06-18 13:08:20,011 - INFO - 🟨 lote desprogramado com sucesso
2026-06-18 13:08:22,164 - INFO - 
=== Iniciando lote 82/214  ===
2026-06-18 13:08:28,523 - INFO - Janela de seleção aberta
2026-06-18 13:08:32,739 - INFO - DEBUG: idx=81, inicio=2025, fim=2050
2026-06-18 13:08:32,739 - INFO - ✅ 25 OS copiadas para a área de transferência.
2026-06-18 13:08:32,739 - INFO - 📋 Lote 82 copiado.
2026-06-18 13:08:41,064 - INFO - ⌛ Esperando mudança visual...
2026-06-18 13:08:42,081 - INFO - ⌛ Esperando mudança visual...
2026-06-18 13:08:43,098 - INFO - ⌛ Esperando mudança visual...
2026-06-18 13:08:44,111 - INFO - ⌛ Esperando mudança visual...
2026-06-18 13:08:45,130 - INFO - ⌛ Esperando mudança visual...
2026-06-18 13:08:46,146 - INFO - ⌛ Esperando mudança visual...
2026-06-18 13:08:47,162 - INFO - ⌛ Esperando mudança visual...
2026-06-18 13:08:48,178 - INFO - ⌛ Esperando mudança visual...
2026-06-18 13:08:49,194 - INFO - ⌛ Esperando mudança visual...
2026-06-18 13:08:50,208 - INFO - ✅ Tela carregada!
2026-06-18 13:09:20,666 - INFO - ⌛ Aguardando janela de confirmação de desbloqueio...
2026-06-18 13:09:36,040 - INFO - 🟨 Registros desbloqueados com sucesso
2026-06-18 13:09:48,611 - INFO - ⌛ Aguardando janela de confirmação de desprogramação ...
2026-06-18 13:10:03,983 - INFO - 🟨 Janela de confirmação de desprogramação detectada
2026-06-18 13:10:07,258 - INFO - ⌛ Aguardando janela de confirmação de desprogramação ...
2026-06-18 13:10:22,686 - INFO - 🟨 Janela de aviso de desprogramação detectada
2026-06-18 13:10:24,861 - INFO - ⌛ Aguardando janela de confirmação de desprogramação 2 ...
2026-06-18 13:10:40,263 - INFO - 🟨 Janela de confirmação 2 de desprogramação detectada
2026-06-18 13:10:47,490 - INFO - ⌛ Aguardando janela de sucesso ...
2026-06-18 13:11:02,908 - INFO - 🟨 lote desprogramado com sucesso
2026-06-18 13:11:05,074 - INFO - 
=== Iniciando lote 83/214  ===
2026-06-18 13:11:11,421 - INFO - Janela de seleção aberta
2026-06-18 13:11:15,648 - INFO - DEBUG: idx=82, inicio=2050, fim=2075
2026-06-18 13:11:15,648 - INFO - ✅ 25 OS copiadas para a área de transferência.
2026-06-18 13:11:15,649 - INFO - 📋 Lote 83 copiado.
2026-06-18 13:11:23,971 - INFO - ⌛ Esperando mudança visual...
2026-06-18 13:11:24,989 - INFO - ⌛ Esperando mudança visual...
2026-06-18 13:11:26,006 - INFO - ⌛ Esperando mudança visual...
2026-06-18 13:11:27,017 - INFO - ⌛ Esperando mudança visual...
2026-06-18 13:11:28,037 - INFO - ⌛ Esperando mudança visual...
2026-06-18 13:11:29,051 - INFO - ⌛ Esperando mudança visual...
2026-06-18 13:11:30,064 - INFO - ⌛ Esperando mudança visual...
2026-06-18 13:11:31,083 - INFO - ⌛ Esperando mudança visual...
2026-06-18 13:11:32,098 - INFO - ⌛ Esperando mudança visual...
2026-06-18 13:11:33,111 - INFO - ⌛ Esperando mudança visual...
2026-06-18 13:11:34,131 - INFO - ✅ Tela carregada!
2026-06-18 13:12:04,614 - INFO - ⌛ Aguardando janela de confirmação de desbloqueio...
2026-06-18 13:12:19,994 - INFO - 🟨 Registros desbloqueados com sucesso
2026-06-18 13:12:32,565 - INFO - ⌛ Aguardando janela de confirmação de desprogramação ...
2026-06-18 13:12:47,961 - INFO - 🟨 Janela de confirmação de desprogramação detectada
2026-06-18 13:12:51,218 - INFO - ⌛ Aguardando janela de confirmação de desprogramação ...
2026-06-18 13:13:06,644 - INFO - 🟨 Janela de aviso de desprogramação detectada
2026-06-18 13:13:08,797 - INFO - ⌛ Aguardando janela de confirmação de desprogramação 2 ...
2026-06-18 13:13:24,164 - INFO - 🟨 Janela de confirmação 2 de desprogramação detectada
2026-06-18 13:13:31,376 - INFO - ⌛ Aguardando janela de sucesso ...
2026-06-18 13:13:46,757 - INFO - 🟨 lote desprogramado com sucesso
2026-06-18 13:13:48,909 - INFO - 
=== Iniciando lote 84/214  ===
2026-06-18 13:13:55,261 - INFO - Janela de seleção aberta
2026-06-18 13:13:59,511 - INFO - DEBUG: idx=83, inicio=2075, fim=2100
2026-06-18 13:13:59,511 - INFO - ✅ 25 OS copiadas para a área de transferência.
2026-06-18 13:13:59,511 - INFO - 📋 Lote 84 copiado.
2026-06-18 13:14:07,846 - INFO - ⌛ Esperando mudança visual...
2026-06-18 13:14:08,858 - INFO - ⌛ Esperando mudança visual...
2026-06-18 13:14:09,878 - INFO - ⌛ Esperando mudança visual...
2026-06-18 13:14:10,893 - INFO - ⌛ Esperando mudança visual...
2026-06-18 13:14:11,906 - INFO - ⌛ Esperando mudança visual...
2026-06-18 13:14:12,921 - INFO - ⌛ Esperando mudança visual...
2026-06-18 13:14:13,939 - INFO - ⌛ Esperando mudança visual...
2026-06-18 13:14:14,956 - INFO - ⌛ Esperando mudança visual...
2026-06-18 13:14:15,968 - INFO - ⌛ Esperando mudança visual...
2026-06-18 13:14:16,987 - INFO - ✅ Tela carregada!
2026-06-18 13:14:47,451 - INFO - ⌛ Aguardando janela de confirmação de desbloqueio...
2026-06-18 13:15:02,805 - INFO - 🟨 Registros desbloqueados com sucesso
2026-06-18 13:15:15,399 - INFO - ⌛ Aguardando janela de confirmação de desprogramação ...
2026-06-18 13:15:30,811 - INFO - 🟨 Janela de confirmação de desprogramação detectada
2026-06-18 13:15:34,100 - INFO - ⌛ Aguardando janela de confirmação de desprogramação ...
2026-06-18 13:15:49,543 - INFO - 🟨 Janela de aviso de desprogramação detectada
2026-06-18 13:15:51,702 - INFO - ⌛ Aguardando janela de confirmação de desprogramação 2 ...
2026-06-18 13:16:07,104 - INFO - 🟨 Janela de confirmação 2 de desprogramação detectada
2026-06-18 13:16:14,312 - INFO - ⌛ Aguardando janela de sucesso ...
2026-06-18 13:16:29,706 - INFO - 🟨 lote desprogramado com sucesso
2026-06-18 13:16:31,872 - INFO - 
=== Iniciando lote 85/214  ===
2026-06-18 13:16:38,252 - INFO - Janela de seleção aberta
2026-06-18 13:16:42,491 - INFO - DEBUG: idx=84, inicio=2100, fim=2125
2026-06-18 13:16:42,491 - INFO - ✅ 25 OS copiadas para a área de transferência.
2026-06-18 13:16:42,491 - INFO - 📋 Lote 85 copiado.
2026-06-18 13:16:50,816 - INFO - ⌛ Esperando mudança visual...
2026-06-18 13:16:51,835 - INFO - ⌛ Esperando mudança visual...
2026-06-18 13:16:52,851 - INFO - ⌛ Esperando mudança visual...
2026-06-18 13:16:53,863 - INFO - ⌛ Esperando mudança visual...
2026-06-18 13:16:54,883 - INFO - ⌛ Esperando mudança visual...
2026-06-18 13:16:55,897 - INFO - ⌛ Esperando mudança visual...
2026-06-18 13:16:56,910 - INFO - ⌛ Esperando mudança visual...
2026-06-18 13:16:57,929 - INFO - ⌛ Esperando mudança visual...
2026-06-18 13:16:58,946 - INFO - ⌛ Esperando mudança visual...
2026-06-18 13:16:59,957 - INFO - ⌛ Esperando mudança visual...
2026-06-18 13:17:00,976 - INFO - ✅ Tela carregada!
2026-06-18 13:17:31,440 - INFO - ⌛ Aguardando janela de confirmação de desbloqueio...
2026-06-18 13:17:46,806 - INFO - 🟨 Registros desbloqueados com sucesso
2026-06-18 13:17:59,365 - INFO - ⌛ Aguardando janela de confirmação de desprogramação ...
2026-06-18 13:18:14,744 - INFO - 🟨 Janela de confirmação de desprogramação detectada
2026-06-18 13:18:18,006 - INFO - ⌛ Aguardando janela de confirmação de desprogramação ...
2026-06-18 13:18:33,459 - INFO - 🟨 Janela de aviso de desprogramação detectada
2026-06-18 13:18:35,615 - INFO - ⌛ Aguardando janela de confirmação de desprogramação 2 ...
2026-06-18 13:18:51,041 - INFO - 🟨 Janela de confirmação 2 de desprogramação detectada
2026-06-18 13:18:58,250 - INFO - ⌛ Aguardando janela de sucesso ...
2026-06-18 13:19:13,613 - INFO - 🟨 lote desprogramado com sucesso
2026-06-18 13:19:15,767 - INFO - 
=== Iniciando lote 86/214  ===
2026-06-18 13:19:22,117 - INFO - Janela de seleção aberta
2026-06-18 13:19:26,352 - INFO - DEBUG: idx=85, inicio=2125, fim=2150
2026-06-18 13:19:26,352 - INFO - ✅ 25 OS copiadas para a área de transferência.
2026-06-18 13:19:26,352 - INFO - 📋 Lote 86 copiado.
2026-06-18 13:19:34,674 - INFO - ⌛ Esperando mudança visual...
2026-06-18 13:19:35,691 - INFO - ⌛ Esperando mudança visual...
2026-06-18 13:19:36,706 - INFO - ⌛ Esperando mudança visual...
2026-06-18 13:19:37,718 - INFO - ⌛ Esperando mudança visual...
2026-06-18 13:19:38,737 - INFO - ⌛ Esperando mudança visual...
2026-06-18 13:19:39,754 - INFO - ⌛ Esperando mudança visual...
2026-06-18 13:19:40,765 - INFO - ⌛ Esperando mudança visual...
2026-06-18 13:19:41,785 - INFO - ⌛ Esperando mudança visual...
2026-06-18 13:19:42,800 - INFO - ⌛ Esperando mudança visual...
2026-06-18 13:19:43,813 - INFO - ✅ Tela carregada!
2026-06-18 13:20:14,293 - INFO - ⌛ Aguardando janela de confirmação de desbloqueio...
2026-06-18 13:20:29,718 - INFO - 🟨 Registros desbloqueados com sucesso
2026-06-18 13:20:42,279 - INFO - ⌛ Aguardando janela de confirmação de desprogramação ...
2026-06-18 13:20:57,651 - INFO - 🟨 Janela de confirmação de desprogramação detectada
2026-06-18 13:21:00,912 - INFO - ⌛ Aguardando janela de confirmação de desprogramação ...
2026-06-18 13:21:16,327 - INFO - 🟨 Janela de aviso de desprogramação detectada
2026-06-18 13:21:18,475 - INFO - ⌛ Aguardando janela de confirmação de desprogramação 2 ...
2026-06-18 13:21:33,852 - INFO - 🟨 Janela de confirmação 2 de desprogramação detectada
2026-06-18 13:21:41,069 - INFO - ⌛ Aguardando janela de sucesso ...
2026-06-18 13:21:56,460 - INFO - 🟨 lote desprogramado com sucesso
2026-06-18 13:21:58,611 - INFO - 
=== Iniciando lote 87/214  ===
2026-06-18 13:22:04,982 - INFO - Janela de seleção aberta
2026-06-18 13:22:09,234 - INFO - DEBUG: idx=86, inicio=2150, fim=2175
2026-06-18 13:22:09,234 - INFO - ✅ 25 OS copiadas para a área de transferência.
2026-06-18 13:22:09,234 - INFO - 📋 Lote 87 copiado.
2026-06-18 13:22:17,561 - INFO - ⌛ Esperando mudança visual...
2026-06-18 13:22:18,580 - INFO - ⌛ Esperando mudança visual...
2026-06-18 13:22:19,593 - INFO - ⌛ Esperando mudança visual...
2026-06-18 13:22:20,611 - INFO - ⌛ Esperando mudança visual...
2026-06-18 13:22:21,628 - INFO - ⌛ Esperando mudança visual...
2026-06-18 13:22:22,643 - INFO - ⌛ Esperando mudança visual...
2026-06-18 13:22:23,655 - INFO - ⌛ Esperando mudança visual...
2026-06-18 13:22:24,673 - INFO - ⌛ Esperando mudança visual...
2026-06-18 13:22:25,691 - INFO - ⌛ Esperando mudança visual...
2026-06-18 13:22:26,705 - INFO - ✅ Tela carregada!
2026-06-18 13:22:57,189 - INFO - ⌛ Aguardando janela de confirmação de desbloqueio...
2026-06-18 13:23:12,565 - INFO - ⌛ Aguardando janela de confirmação de desbloqueio...
2026-06-18 13:23:27,938 - INFO - 🟨 Registros desbloqueados com sucesso
2026-06-18 13:23:40,508 - INFO - ⌛ Aguardando janela de confirmação de desprogramação ...
2026-06-18 13:23:55,883 - INFO - 🟨 Janela de confirmação de desprogramação detectada
2026-06-18 13:23:59,145 - INFO - ⌛ Aguardando janela de confirmação de desprogramação ...
2026-06-18 13:24:14,585 - INFO - 🟨 Janela de aviso de desprogramação detectada
2026-06-18 13:24:16,732 - INFO - ⌛ Aguardando janela de confirmação de desprogramação 2 ...
2026-06-18 13:24:32,139 - INFO - 🟨 Janela de confirmação 2 de desprogramação detectada
2026-06-18 13:24:39,335 - INFO - ⌛ Aguardando janela de sucesso ...
2026-06-18 13:24:54,701 - INFO - 🟨 lote desprogramado com sucesso
2026-06-18 13:24:56,853 - INFO - 
=== Iniciando lote 88/214  ===
2026-06-18 13:25:03,206 - INFO - Janela de seleção aberta
2026-06-18 13:25:07,435 - INFO - DEBUG: idx=87, inicio=2175, fim=2200
2026-06-18 13:25:07,435 - INFO - ✅ 25 OS copiadas para a área de transferência.
2026-06-18 13:25:07,435 - INFO - 📋 Lote 88 copiado.
2026-06-18 13:25:15,755 - INFO - ⌛ Esperando mudança visual...
2026-06-18 13:25:16,768 - INFO - ⌛ Esperando mudança visual...
2026-06-18 13:25:17,786 - INFO - ⌛ Esperando mudança visual...
2026-06-18 13:25:18,802 - INFO - ⌛ Esperando mudança visual...
2026-06-18 13:25:19,820 - INFO - ⌛ Esperando mudança visual...
2026-06-18 13:25:20,833 - INFO - ⌛ Esperando mudança visual...
2026-06-18 13:25:21,848 - INFO - ⌛ Esperando mudança visual...
2026-06-18 13:25:22,863 - INFO - ⌛ Esperando mudança visual...
2026-06-18 13:25:23,881 - INFO - ⌛ Esperando mudança visual...
2026-06-18 13:25:24,897 - INFO - ✅ Tela carregada!
2026-06-18 13:25:55,384 - INFO - ⌛ Aguardando janela de confirmação de desbloqueio...
2026-06-18 13:26:10,765 - INFO - 🟨 Registros desbloqueados com sucesso
2026-06-18 13:26:23,328 - INFO - ⌛ Aguardando janela de confirmação de desprogramação ...
2026-06-18 13:26:38,710 - INFO - 🟨 Janela de confirmação de desprogramação detectada
2026-06-18 13:26:41,968 - INFO - ⌛ Aguardando janela de confirmação de desprogramação ...
2026-06-18 13:26:57,397 - INFO - 🟨 Janela de aviso de desprogramação detectada
2026-06-18 13:26:59,550 - INFO - ⌛ Aguardando janela de confirmação de desprogramação 2 ...
2026-06-18 13:27:14,947 - INFO - 🟨 Janela de confirmação 2 de desprogramação detectada
2026-06-18 13:27:22,141 - INFO - ⌛ Aguardando janela de sucesso ...
2026-06-18 13:27:37,524 - INFO - 🟨 lote desprogramado com sucesso
2026-06-18 13:27:39,675 - INFO - 
=== Iniciando lote 89/214  ===
2026-06-18 13:27:46,030 - INFO - Janela de seleção aberta
2026-06-18 13:27:50,254 - INFO - DEBUG: idx=88, inicio=2200, fim=2225
2026-06-18 13:27:50,254 - INFO - ✅ 25 OS copiadas para a área de transferência.
2026-06-18 13:27:50,254 - INFO - 📋 Lote 89 copiado.
2026-06-18 13:27:58,577 - INFO - ⌛ Esperando mudança visual...
2026-06-18 13:27:59,594 - INFO - ⌛ Esperando mudança visual...
2026-06-18 13:28:00,608 - INFO - ⌛ Esperando mudança visual...
2026-06-18 13:28:01,626 - INFO - ⌛ Esperando mudança visual...
2026-06-18 13:28:02,640 - INFO - ⌛ Esperando mudança visual...
2026-06-18 13:28:03,655 - INFO - ⌛ Esperando mudança visual...
2026-06-18 13:28:04,672 - INFO - ⌛ Esperando mudança visual...
2026-06-18 13:28:05,687 - INFO - ⌛ Esperando mudança visual...
2026-06-18 13:28:06,706 - INFO - ⌛ Esperando mudança visual...
2026-06-18 13:28:07,717 - INFO - ✅ Tela carregada!
2026-06-18 13:28:38,176 - INFO - ⌛ Aguardando janela de confirmação de desbloqueio...
2026-06-18 13:28:53,555 - INFO - 🟨 Registros desbloqueados com sucesso
2026-06-18 13:29:06,135 - INFO - ⌛ Aguardando janela de confirmação de desprogramação ...
2026-06-18 13:29:21,519 - INFO - 🟨 Janela de confirmação de desprogramação detectada
2026-06-18 13:29:24,780 - INFO - ⌛ Aguardando janela de confirmação de desprogramação ...
2026-06-18 13:29:40,236 - INFO - 🟨 Janela de aviso de desprogramação detectada
2026-06-18 13:29:42,381 - INFO - ⌛ Aguardando janela de confirmação de desprogramação 2 ...
2026-06-18 13:29:57,756 - INFO - 🟨 Janela de confirmação 2 de desprogramação detectada
2026-06-18 13:30:04,980 - INFO - ⌛ Aguardando janela de sucesso ...
2026-06-18 13:30:20,363 - INFO - 🟨 lote desprogramado com sucesso
2026-06-18 13:30:22,511 - INFO - 
=== Iniciando lote 90/214  ===
2026-06-18 13:30:28,862 - INFO - Janela de seleção aberta
2026-06-18 13:30:33,094 - INFO - DEBUG: idx=89, inicio=2225, fim=2250
2026-06-18 13:30:33,094 - INFO - ✅ 25 OS copiadas para a área de transferência.
2026-06-18 13:30:33,094 - INFO - 📋 Lote 90 copiado.
2026-06-18 13:30:41,415 - INFO - ⌛ Esperando mudança visual...
2026-06-18 13:30:42,433 - INFO - ⌛ Esperando mudança visual...
2026-06-18 13:30:43,451 - INFO - ⌛ Esperando mudança visual...
2026-06-18 13:30:44,463 - INFO - ⌛ Esperando mudança visual...
2026-06-18 13:30:45,481 - INFO - ⌛ Esperando mudança visual...
2026-06-18 13:30:46,499 - INFO - ⌛ Esperando mudança visual...
2026-06-18 13:30:47,510 - INFO - ⌛ Esperando mudança visual...
2026-06-18 13:30:48,529 - INFO - ⌛ Esperando mudança visual...
2026-06-18 13:30:49,546 - INFO - ⌛ Esperando mudança visual...
2026-06-18 13:30:50,557 - INFO - ✅ Tela carregada!
2026-06-18 13:31:21,035 - INFO - ⌛ Aguardando janela de confirmação de desbloqueio...
2026-06-18 13:31:36,440 - INFO - 🟨 Registros desbloqueados com sucesso
2026-06-18 13:31:49,011 - INFO - ⌛ Aguardando janela de confirmação de desprogramação ...
2026-06-18 13:32:04,375 - INFO - 🟨 Janela de confirmação de desprogramação detectada
2026-06-18 13:32:07,637 - INFO - ⌛ Aguardando janela de confirmação de desprogramação ...
2026-06-18 13:32:23,060 - INFO - 🟨 Janela de aviso de desprogramação detectada
2026-06-18 13:32:25,208 - INFO - ⌛ Aguardando janela de confirmação de desprogramação 2 ...
2026-06-18 13:32:40,580 - INFO - 🟨 Janela de confirmação 2 de desprogramação detectada
2026-06-18 13:32:47,781 - INFO - ⌛ Aguardando janela de sucesso ...
2026-06-18 13:33:03,184 - INFO - 🟨 lote desprogramado com sucesso
2026-06-18 13:33:05,356 - INFO - 
=== Iniciando lote 91/214  ===
2026-06-18 13:33:11,725 - INFO - Janela de seleção aberta
2026-06-18 13:33:15,970 - INFO - DEBUG: idx=90, inicio=2250, fim=2275
2026-06-18 13:33:15,970 - INFO - ✅ 25 OS copiadas para a área de transferência.
2026-06-18 13:33:15,970 - INFO - 📋 Lote 91 copiado.
2026-06-18 13:33:24,306 - INFO - ⌛ Esperando mudança visual...
2026-06-18 13:33:25,323 - INFO - ⌛ Esperando mudança visual...
2026-06-18 13:33:26,341 - INFO - ⌛ Esperando mudança visual...
2026-06-18 13:33:27,353 - INFO - ⌛ Esperando mudança visual...
2026-06-18 13:33:28,370 - INFO - ⌛ Esperando mudança visual...
2026-06-18 13:33:29,388 - INFO - ⌛ Esperando mudança visual...
2026-06-18 13:33:30,402 - INFO - ⌛ Esperando mudança visual...
2026-06-18 13:33:31,416 - INFO - ⌛ Esperando mudança visual...
2026-06-18 13:33:32,434 - INFO - ⌛ Esperando mudança visual...
2026-06-18 13:33:33,451 - INFO - ⌛ Esperando mudança visual...
2026-06-18 13:33:34,462 - INFO - ✅ Tela carregada!
2026-06-18 13:34:04,932 - INFO - ⌛ Aguardando janela de confirmação de desbloqueio...
2026-06-18 13:34:20,310 - INFO - 🟨 Registros desbloqueados com sucesso
2026-06-18 13:34:32,880 - INFO - ⌛ Aguardando janela de confirmação de desprogramação ...
2026-06-18 13:34:48,263 - INFO - 🟨 Janela de confirmação de desprogramação detectada
2026-06-18 13:34:51,548 - INFO - ⌛ Aguardando janela de confirmação de desprogramação ...
2026-06-18 13:35:06,960 - INFO - 🟨 Janela de aviso de desprogramação detectada
2026-06-18 13:35:09,115 - INFO - ⌛ Aguardando janela de confirmação de desprogramação 2 ...
2026-06-18 13:35:24,505 - INFO - 🟨 Janela de confirmação 2 de desprogramação detectada
2026-06-18 13:35:31,714 - INFO - ⌛ Aguardando janela de sucesso ...
2026-06-18 13:35:47,094 - INFO - 🟨 lote desprogramado com sucesso
2026-06-18 13:35:49,245 - INFO - 
=== Iniciando lote 92/214  ===
2026-06-18 13:35:55,597 - INFO - Janela de seleção aberta
2026-06-18 13:35:59,826 - INFO - DEBUG: idx=91, inicio=2275, fim=2300
2026-06-18 13:35:59,826 - INFO - ✅ 25 OS copiadas para a área de transferência.
2026-06-18 13:35:59,826 - INFO - 📋 Lote 92 copiado.
2026-06-18 13:36:08,149 - INFO - ⌛ Esperando mudança visual...
2026-06-18 13:36:09,161 - INFO - ⌛ Esperando mudança visual...
2026-06-18 13:36:10,180 - INFO - ⌛ Esperando mudança visual...
2026-06-18 13:36:11,195 - INFO - ⌛ Esperando mudança visual...
2026-06-18 13:36:12,207 - INFO - ⌛ Esperando mudança visual...
2026-06-18 13:36:13,228 - INFO - ⌛ Esperando mudança visual...
2026-06-18 13:36:14,242 - INFO - ⌛ Esperando mudança visual...
2026-06-18 13:36:15,254 - INFO - ⌛ Esperando mudança visual...
2026-06-18 13:36:16,274 - INFO - ⌛ Esperando mudança visual...
2026-06-18 13:36:17,289 - INFO - ⌛ Esperando mudança visual...
2026-06-18 13:36:18,302 - INFO - ✅ Tela carregada!
2026-06-18 13:36:48,780 - INFO - ⌛ Aguardando janela de confirmação de desbloqueio...
2026-06-18 13:37:04,182 - INFO - 🟨 Registros desbloqueados com sucesso
2026-06-18 13:37:16,761 - INFO - ⌛ Aguardando janela de confirmação de desprogramação ...
2026-06-18 13:37:32,141 - INFO - 🟨 Janela de confirmação de desprogramação detectada
2026-06-18 13:37:35,403 - INFO - ⌛ Aguardando janela de confirmação de desprogramação ...
2026-06-18 13:37:50,839 - INFO - 🟨 Janela de aviso de desprogramação detectada
2026-06-18 13:37:53,016 - INFO - ⌛ Aguardando janela de confirmação de desprogramação 2 ...
2026-06-18 13:38:08,389 - INFO - 🟨 Janela de confirmação 2 de desprogramação detectada
2026-06-18 13:38:15,598 - INFO - ⌛ Aguardando janela de sucesso ...
2026-06-18 13:38:30,954 - INFO - 🟨 lote desprogramado com sucesso
2026-06-18 13:38:33,118 - INFO - 
=== Iniciando lote 93/214  ===
2026-06-18 13:38:39,469 - INFO - Janela de seleção aberta
2026-06-18 13:38:43,693 - INFO - DEBUG: idx=92, inicio=2300, fim=2325
2026-06-18 13:38:43,693 - INFO - ✅ 25 OS copiadas para a área de transferência.
2026-06-18 13:38:43,694 - INFO - 📋 Lote 93 copiado.
2026-06-18 13:38:52,017 - INFO - ⌛ Esperando mudança visual...
2026-06-18 13:38:53,035 - INFO - ⌛ Esperando mudança visual...
2026-06-18 13:38:54,048 - INFO - ⌛ Esperando mudança visual...
2026-06-18 13:38:55,064 - INFO - ⌛ Esperando mudança visual...
2026-06-18 13:38:56,082 - INFO - ⌛ Esperando mudança visual...
2026-06-18 13:38:57,100 - INFO - ⌛ Esperando mudança visual...
2026-06-18 13:38:58,110 - INFO - ⌛ Esperando mudança visual...
2026-06-18 13:38:59,131 - INFO - ⌛ Esperando mudança visual...
2026-06-18 13:39:00,146 - INFO - ⌛ Esperando mudança visual...
2026-06-18 13:39:01,158 - INFO - ✅ Tela carregada!
2026-06-18 13:39:31,612 - INFO - ⌛ Aguardando janela de confirmação de desbloqueio...
2026-06-18 13:39:46,995 - INFO - 🟨 Registros desbloqueados com sucesso
2026-06-18 13:39:59,559 - INFO - ⌛ Aguardando janela de confirmação de desprogramação ...
2026-06-18 13:40:14,942 - INFO - 🟨 Janela de confirmação de desprogramação detectada
2026-06-18 13:40:18,207 - INFO - ⌛ Aguardando janela de confirmação de desprogramação ...
2026-06-18 13:40:33,605 - INFO - 🟨 Janela de aviso de desprogramação detectada
2026-06-18 13:40:35,765 - INFO - ⌛ Aguardando janela de confirmação de desprogramação 2 ...
2026-06-18 13:40:51,147 - INFO - 🟨 Janela de confirmação 2 de desprogramação detectada
2026-06-18 13:40:58,368 - INFO - ⌛ Aguardando janela de sucesso ...
2026-06-18 13:41:13,738 - INFO - 🟨 lote desprogramado com sucesso
2026-06-18 13:41:15,888 - INFO - 
=== Iniciando lote 94/214  ===
2026-06-18 13:41:22,246 - INFO - Janela de seleção aberta
2026-06-18 13:41:26,465 - INFO - DEBUG: idx=93, inicio=2325, fim=2350
2026-06-18 13:41:26,465 - INFO - ✅ 25 OS copiadas para a área de transferência.
2026-06-18 13:41:26,465 - INFO - 📋 Lote 94 copiado.
2026-06-18 13:41:34,794 - INFO - ⌛ Esperando mudança visual...
2026-06-18 13:41:35,806 - INFO - ⌛ Esperando mudança visual...
2026-06-18 13:41:36,825 - INFO - ⌛ Esperando mudança visual...
2026-06-18 13:41:37,840 - INFO - ⌛ Esperando mudança visual...
2026-06-18 13:41:38,853 - INFO - ⌛ Esperando mudança visual...
2026-06-18 13:41:39,871 - INFO - ⌛ Esperando mudança visual...
2026-06-18 13:41:40,887 - INFO - ⌛ Esperando mudança visual...
2026-06-18 13:41:41,900 - INFO - ⌛ Esperando mudança visual...
2026-06-18 13:41:42,916 - INFO - ⌛ Esperando mudança visual...
2026-06-18 13:41:43,936 - INFO - ✅ Tela carregada!
2026-06-18 13:42:14,421 - INFO - ⌛ Aguardando janela de confirmação de desbloqueio...
2026-06-18 13:42:29,787 - INFO - 🟨 Registros desbloqueados com sucesso
2026-06-18 13:42:42,357 - INFO - ⌛ Aguardando janela de confirmação de desprogramação ...
2026-06-18 13:42:57,736 - INFO - 🟨 Janela de confirmação de desprogramação detectada
2026-06-18 13:43:00,998 - INFO - ⌛ Aguardando janela de confirmação de desprogramação ...
2026-06-18 13:43:16,412 - INFO - 🟨 Janela de aviso de desprogramação detectada
2026-06-18 13:43:18,562 - INFO - ⌛ Aguardando janela de confirmação de desprogramação 2 ...
2026-06-18 13:43:33,931 - INFO - ⌛ Aguardando janela de confirmação de desprogramação 2 ...
2026-06-18 13:43:34,045 - INFO - 🟨 Identificado travamento no EQM, reiniciando contador de espera
2026-06-18 13:43:49,303 - INFO - 🟨 Janela de confirmação 2 de desprogramação detectada
2026-06-18 13:43:56,508 - INFO - ⌛ Aguardando janela de sucesso ...
2026-06-18 13:44:11,898 - INFO - 🟨 lote desprogramado com sucesso
2026-06-18 13:44:14,049 - INFO - 
=== Iniciando lote 95/214  ===
2026-06-18 13:44:20,404 - INFO - Janela de seleção aberta
2026-06-18 13:44:24,624 - INFO - DEBUG: idx=94, inicio=2350, fim=2375
2026-06-18 13:44:24,624 - INFO - ✅ 25 OS copiadas para a área de transferência.
2026-06-18 13:44:24,624 - INFO - 📋 Lote 95 copiado.
2026-06-18 13:44:32,952 - INFO - ⌛ Esperando mudança visual...
2026-06-18 13:44:33,965 - INFO - ⌛ Esperando mudança visual...
2026-06-18 13:44:34,984 - INFO - ⌛ Esperando mudança visual...
2026-06-18 13:44:36,000 - INFO - ⌛ Esperando mudança visual...
2026-06-18 13:44:37,014 - INFO - ⌛ Esperando mudança visual...
2026-06-18 13:44:38,032 - INFO - ⌛ Esperando mudança visual...
2026-06-18 13:44:39,045 - INFO - ⌛ Esperando mudança visual...
2026-06-18 13:44:40,059 - INFO - ⌛ Esperando mudança visual...
2026-06-18 13:44:41,078 - INFO - ⌛ Esperando mudança visual...
2026-06-18 13:44:42,093 - INFO - ✅ Tela carregada!
2026-06-18 13:45:12,560 - INFO - ⌛ Aguardando janela de confirmação de desbloqueio...
2026-06-18 13:45:27,934 - INFO - 🟨 Registros desbloqueados com sucesso
2026-06-18 13:45:40,514 - INFO - ⌛ Aguardando janela de confirmação de desprogramação ...
2026-06-18 13:45:55,876 - INFO - 🟨 Janela de confirmação de desprogramação detectada
2026-06-18 13:45:59,157 - INFO - ⌛ Aguardando janela de confirmação de desprogramação ...
2026-06-18 13:46:14,570 - INFO - 🟨 Janela de aviso de desprogramação detectada
2026-06-18 13:46:16,713 - INFO - ⌛ Aguardando janela de confirmação de desprogramação 2 ...
2026-06-18 13:46:32,111 - INFO - 🟨 Janela de confirmação 2 de desprogramação detectada
2026-06-18 13:46:39,300 - INFO - ⌛ Aguardando janela de sucesso ...
2026-06-18 13:46:54,689 - INFO - 🟨 lote desprogramado com sucesso
2026-06-18 13:46:56,839 - INFO - 
=== Iniciando lote 96/214  ===
2026-06-18 13:47:03,201 - INFO - Janela de seleção aberta
2026-06-18 13:47:07,428 - INFO - DEBUG: idx=95, inicio=2375, fim=2400
2026-06-18 13:47:07,428 - INFO - ✅ 25 OS copiadas para a área de transferência.
2026-06-18 13:47:07,428 - INFO - 📋 Lote 96 copiado.
2026-06-18 13:47:15,756 - INFO - ⌛ Esperando mudança visual...
2026-06-18 13:47:16,775 - INFO - ⌛ Esperando mudança visual...
2026-06-18 13:47:17,790 - INFO - ⌛ Esperando mudança visual...
2026-06-18 13:47:18,807 - INFO - ⌛ Esperando mudança visual...
2026-06-18 13:47:19,822 - INFO - ⌛ Esperando mudança visual...
2026-06-18 13:47:20,837 - INFO - ⌛ Esperando mudança visual...
2026-06-18 13:47:21,851 - INFO - ⌛ Esperando mudança visual...
2026-06-18 13:47:22,869 - INFO - ⌛ Esperando mudança visual...
2026-06-18 13:47:23,884 - INFO - ⌛ Esperando mudança visual...
2026-06-18 13:47:24,901 - INFO - ⌛ Esperando mudança visual...
2026-06-18 13:47:25,912 - INFO - ✅ Tela carregada!
2026-06-18 13:47:56,365 - INFO - ⌛ Aguardando janela de confirmação de desbloqueio...
2026-06-18 13:48:11,742 - INFO - 🟨 Registros desbloqueados com sucesso
2026-06-18 13:48:24,311 - INFO - ⌛ Aguardando janela de confirmação de desprogramação ...
2026-06-18 13:48:39,751 - INFO - 🟨 Janela de confirmação de desprogramação detectada
2026-06-18 13:48:43,003 - INFO - ⌛ Aguardando janela de confirmação de desprogramação ...
2026-06-18 13:48:58,453 - INFO - 🟨 Janela de aviso de desprogramação detectada
2026-06-18 13:49:00,610 - INFO - ⌛ Aguardando janela de confirmação de desprogramação 2 ...
2026-06-18 13:49:15,980 - INFO - 🟨 Janela de confirmação 2 de desprogramação detectada
2026-06-18 13:49:23,189 - INFO - ⌛ Aguardando janela de sucesso ...
2026-06-18 13:49:38,570 - INFO - 🟨 lote desprogramado com sucesso
2026-06-18 13:49:40,732 - INFO - 
=== Iniciando lote 97/214  ===
2026-06-18 13:49:47,082 - INFO - Janela de seleção aberta
2026-06-18 13:49:51,303 - INFO - DEBUG: idx=96, inicio=2400, fim=2425
2026-06-18 13:49:51,303 - INFO - ✅ 25 OS copiadas para a área de transferência.
2026-06-18 13:49:51,303 - INFO - 📋 Lote 97 copiado.
2026-06-18 13:49:59,631 - INFO - ⌛ Esperando mudança visual...
2026-06-18 13:50:00,646 - INFO - ⌛ Esperando mudança visual...
2026-06-18 13:50:01,659 - INFO - ⌛ Esperando mudança visual...
2026-06-18 13:50:02,679 - INFO - ⌛ Esperando mudança visual...
2026-06-18 13:50:03,695 - INFO - ⌛ Esperando mudança visual...
2026-06-18 13:50:04,710 - INFO - ⌛ Esperando mudança visual...
2026-06-18 13:50:05,724 - INFO - ⌛ Esperando mudança visual...
2026-06-18 13:50:06,742 - INFO - ⌛ Esperando mudança visual...
2026-06-18 13:50:07,753 - INFO - ⌛ Esperando mudança visual...
2026-06-18 13:50:08,771 - INFO - ✅ Tela carregada!
2026-06-18 13:50:39,244 - INFO - ⌛ Aguardando janela de confirmação de desbloqueio...
2026-06-18 13:50:54,640 - INFO - 🟨 Registros desbloqueados com sucesso
2026-06-18 13:51:07,220 - INFO - ⌛ Aguardando janela de confirmação de desprogramação ...
2026-06-18 13:51:22,608 - INFO - 🟨 Janela de confirmação de desprogramação detectada
2026-06-18 13:51:25,866 - INFO - ⌛ Aguardando janela de confirmação de desprogramação ...
2026-06-18 13:51:41,304 - INFO - 🟨 Janela de aviso de desprogramação detectada
2026-06-18 13:51:43,453 - INFO - ⌛ Aguardando janela de confirmação de desprogramação 2 ...
2026-06-18 13:51:58,839 - INFO - 🟨 Janela de confirmação 2 de desprogramação detectada
2026-06-18 13:52:06,049 - INFO - ⌛ Aguardando janela de sucesso ...
2026-06-18 13:52:21,434 - INFO - 🟨 lote desprogramado com sucesso
2026-06-18 13:52:23,580 - INFO - 
=== Iniciando lote 98/214  ===
2026-06-18 13:52:29,937 - INFO - Janela de seleção aberta
2026-06-18 13:52:34,159 - INFO - DEBUG: idx=97, inicio=2425, fim=2450
2026-06-18 13:52:34,159 - INFO - ✅ 25 OS copiadas para a área de transferência.
2026-06-18 13:52:34,159 - INFO - 📋 Lote 98 copiado.
2026-06-18 13:52:42,506 - INFO - ⌛ Esperando mudança visual...
2026-06-18 13:52:43,520 - INFO - ⌛ Esperando mudança visual...
2026-06-18 13:52:44,537 - INFO - ⌛ Esperando mudança visual...
2026-06-18 13:52:45,552 - INFO - ⌛ Esperando mudança visual...
2026-06-18 13:52:46,564 - INFO - ⌛ Esperando mudança visual...
2026-06-18 13:52:47,583 - INFO - ⌛ Esperando mudança visual...
2026-06-18 13:52:48,597 - INFO - ⌛ Esperando mudança visual...
2026-06-18 13:52:49,611 - INFO - ⌛ Esperando mudança visual...
2026-06-18 13:52:50,631 - INFO - ⌛ Esperando mudança visual...
2026-06-18 13:52:51,646 - INFO - ⌛ Esperando mudança visual...
2026-06-18 13:52:52,658 - INFO - ✅ Tela carregada!
2026-06-18 13:53:23,129 - INFO - ⌛ Aguardando janela de confirmação de desbloqueio...
2026-06-18 13:53:38,511 - INFO - 🟨 Registros desbloqueados com sucesso
2026-06-18 13:53:51,077 - INFO - ⌛ Aguardando janela de confirmação de desprogramação ...
2026-06-18 13:54:06,447 - INFO - 🟨 Janela de confirmação de desprogramação detectada
2026-06-18 13:54:09,706 - INFO - ⌛ Aguardando janela de confirmação de desprogramação ...
2026-06-18 13:54:25,123 - INFO - 🟨 Janela de aviso de desprogramação detectada
2026-06-18 13:54:27,273 - INFO - ⌛ Aguardando janela de confirmação de desprogramação 2 ...
2026-06-18 13:54:42,645 - INFO - 🟨 Janela de confirmação 2 de desprogramação detectada
2026-06-18 13:54:49,855 - INFO - ⌛ Aguardando janela de sucesso ...
2026-06-18 13:55:05,223 - INFO - 🟨 lote desprogramado com sucesso
2026-06-18 13:55:07,373 - INFO - 
=== Iniciando lote 99/214  ===
2026-06-18 13:55:13,726 - INFO - Janela de seleção aberta
2026-06-18 13:55:17,953 - INFO - DEBUG: idx=98, inicio=2450, fim=2475
2026-06-18 13:55:17,953 - INFO - ✅ 25 OS copiadas para a área de transferência.
2026-06-18 13:55:17,953 - INFO - 📋 Lote 99 copiado.
2026-06-18 13:55:26,278 - INFO - ⌛ Esperando mudança visual...
2026-06-18 13:55:27,293 - INFO - ⌛ Esperando mudança visual...
2026-06-18 13:55:28,305 - INFO - ⌛ Esperando mudança visual...
2026-06-18 13:55:29,323 - INFO - ⌛ Esperando mudança visual...
2026-06-18 13:55:30,338 - INFO - ⌛ Esperando mudança visual...
2026-06-18 13:55:31,353 - INFO - ⌛ Esperando mudança visual...
2026-06-18 13:55:32,370 - INFO - ⌛ Esperando mudança visual...
2026-06-18 13:55:33,386 - INFO - ⌛ Esperando mudança visual...
2026-06-18 13:55:34,399 - INFO - ⌛ Esperando mudança visual...
2026-06-18 13:55:35,416 - INFO - ⌛ Esperando mudança visual...
2026-06-18 13:55:36,435 - INFO - ✅ Tela carregada!
2026-06-18 13:56:06,898 - INFO - ⌛ Aguardando janela de confirmação de desbloqueio...
2026-06-18 13:56:22,275 - INFO - 🟨 Registros desbloqueados com sucesso
2026-06-18 13:56:34,839 - INFO - ⌛ Aguardando janela de confirmação de desprogramação ...
2026-06-18 13:56:50,234 - INFO - 🟨 Janela de confirmação de desprogramação detectada
2026-06-18 13:56:53,509 - INFO - ⌛ Aguardando janela de confirmação de desprogramação ...
2026-06-18 13:57:08,956 - INFO - 🟨 Janela de aviso de desprogramação detectada
2026-06-18 13:57:11,104 - INFO - ⌛ Aguardando janela de confirmação de desprogramação 2 ...
2026-06-18 13:57:26,477 - INFO - 🟨 Janela de confirmação 2 de desprogramação detectada
2026-06-18 13:57:33,674 - INFO - ⌛ Aguardando janela de sucesso ...
2026-06-18 13:57:49,060 - INFO - 🟨 lote desprogramado com sucesso
2026-06-18 13:57:51,210 - INFO - 
=== Iniciando lote 100/214  ===
2026-06-18 13:57:57,563 - INFO - Janela de seleção aberta
2026-06-18 13:58:01,791 - INFO - DEBUG: idx=99, inicio=2475, fim=2500
2026-06-18 13:58:01,791 - INFO - ✅ 25 OS copiadas para a área de transferência.
2026-06-18 13:58:01,791 - INFO - 📋 Lote 100 copiado.
2026-06-18 13:58:10,115 - INFO - ⌛ Esperando mudança visual...
2026-06-18 13:58:11,130 - INFO - ⌛ Esperando mudança visual...
2026-06-18 13:58:12,148 - INFO - ⌛ Esperando mudança visual...
2026-06-18 13:58:13,160 - INFO - ⌛ Esperando mudança visual...
2026-06-18 13:58:14,177 - INFO - ⌛ Esperando mudança visual...
2026-06-18 13:58:15,193 - INFO - ⌛ Esperando mudança visual...
2026-06-18 13:58:16,211 - INFO - ⌛ Esperando mudança visual...
2026-06-18 13:58:17,226 - INFO - ⌛ Esperando mudança visual...
2026-06-18 13:58:18,242 - INFO - ⌛ Esperando mudança visual...
2026-06-18 13:58:19,254 - INFO - ✅ Tela carregada!
2026-06-18 13:58:49,722 - INFO - ⌛ Aguardando janela de confirmação de desbloqueio...
2026-06-18 13:59:05,134 - INFO - 🟨 Registros desbloqueados com sucesso
2026-06-18 13:59:17,711 - INFO - ⌛ Aguardando janela de confirmação de desprogramação ...
2026-06-18 13:59:33,093 - INFO - 🟨 Janela de confirmação de desprogramação detectada
2026-06-18 13:59:36,354 - INFO - ⌛ Aguardando janela de confirmação de desprogramação ...
2026-06-18 13:59:51,763 - INFO - 🟨 Janela de aviso de desprogramação detectada
2026-06-18 13:59:53,911 - INFO - ⌛ Aguardando janela de confirmação de desprogramação 2 ...
2026-06-18 14:00:09,291 - INFO - 🟨 Janela de confirmação 2 de desprogramação detectada
2026-06-18 14:00:16,499 - INFO - ⌛ Aguardando janela de sucesso ...
2026-06-18 14:00:31,869 - INFO - 🟨 lote desprogramado com sucesso
2026-06-18 14:00:34,025 - INFO - 
=== Iniciando lote 101/214  ===
2026-06-18 14:00:40,406 - INFO - Janela de seleção aberta
2026-06-18 14:00:44,631 - INFO - DEBUG: idx=100, inicio=2500, fim=2525
2026-06-18 14:00:44,632 - INFO - ✅ 25 OS copiadas para a área de transferência.
2026-06-18 14:00:44,632 - INFO - 📋 Lote 101 copiado.
2026-06-18 14:00:52,953 - INFO - ⌛ Esperando mudança visual...
2026-06-18 14:00:53,972 - INFO - ⌛ Esperando mudança visual...
2026-06-18 14:00:54,986 - INFO - ⌛ Esperando mudança visual...
2026-06-18 14:00:56,000 - INFO - ⌛ Esperando mudança visual...
2026-06-18 14:00:57,019 - INFO - ⌛ Esperando mudança visual...
2026-06-18 14:00:58,034 - INFO - ⌛ Esperando mudança visual...
2026-06-18 14:00:59,048 - INFO - ⌛ Esperando mudança visual...
2026-06-18 14:01:00,061 - INFO - ⌛ Esperando mudança visual...
2026-06-18 14:01:01,080 - INFO - ⌛ Esperando mudança visual...
2026-06-18 14:01:02,095 - INFO - ✅ Tela carregada!
2026-06-18 14:01:32,555 - INFO - ⌛ Aguardando janela de confirmação de desbloqueio...
2026-06-18 14:01:47,984 - INFO - 🟨 Registros desbloqueados com sucesso
2026-06-18 14:02:00,551 - INFO - ⌛ Aguardando janela de confirmação de desprogramação ...
2026-06-18 14:02:15,960 - INFO - 🟨 Janela de confirmação de desprogramação detectada
2026-06-18 14:02:19,222 - INFO - ⌛ Aguardando janela de confirmação de desprogramação ...
2026-06-18 14:02:34,675 - INFO - 🟨 Janela de aviso de desprogramação detectada
2026-06-18 14:02:36,826 - INFO - ⌛ Aguardando janela de confirmação de desprogramação 2 ...
2026-06-18 14:02:52,199 - INFO - 🟨 Janela de confirmação 2 de desprogramação detectada
2026-06-18 14:02:59,412 - INFO - ⌛ Aguardando janela de sucesso ...
2026-06-18 14:03:14,792 - INFO - 🟨 lote desprogramado com sucesso
2026-06-18 14:03:16,942 - INFO - 
=== Iniciando lote 102/214  ===
2026-06-18 14:03:23,295 - INFO - Janela de seleção aberta
2026-06-18 14:03:27,520 - INFO - DEBUG: idx=101, inicio=2525, fim=2550
2026-06-18 14:03:27,520 - INFO - ✅ 25 OS copiadas para a área de transferência.
2026-06-18 14:03:27,520 - INFO - 📋 Lote 102 copiado.
2026-06-18 14:03:35,845 - INFO - ⌛ Esperando mudança visual...
2026-06-18 14:03:36,860 - INFO - ⌛ Esperando mudança visual...
2026-06-18 14:03:37,876 - INFO - ⌛ Esperando mudança visual...
2026-06-18 14:03:38,892 - INFO - ⌛ Esperando mudança visual...
2026-06-18 14:03:39,905 - INFO - ⌛ Esperando mudança visual...
2026-06-18 14:03:40,925 - INFO - ⌛ Esperando mudança visual...
2026-06-18 14:03:41,938 - INFO - ⌛ Esperando mudança visual...
2026-06-18 14:03:42,953 - INFO - ⌛ Esperando mudança visual...
2026-06-18 14:03:43,970 - INFO - ⌛ Esperando mudança visual...
2026-06-18 14:03:44,987 - INFO - ⌛ Esperando mudança visual...
2026-06-18 14:03:45,999 - INFO - ✅ Tela carregada!
2026-06-18 14:04:16,465 - INFO - ⌛ Aguardando janela de confirmação de desbloqueio...
2026-06-18 14:04:31,854 - INFO - 🟨 Registros desbloqueados com sucesso
2026-06-18 14:04:44,439 - INFO - ⌛ Aguardando janela de confirmação de desprogramação ...
2026-06-18 14:04:59,810 - INFO - 🟨 Janela de confirmação de desprogramação detectada
2026-06-18 14:05:03,100 - INFO - ⌛ Aguardando janela de confirmação de desprogramação ...
2026-06-18 14:05:18,513 - INFO - 🟨 Janela de aviso de desprogramação detectada
2026-06-18 14:05:20,681 - INFO - ⌛ Aguardando janela de confirmação de desprogramação 2 ...
2026-06-18 14:05:36,056 - INFO - 🟨 Janela de confirmação 2 de desprogramação detectada
2026-06-18 14:05:43,275 - INFO - ⌛ Aguardando janela de sucesso ...
2026-06-18 14:05:58,669 - INFO - 🟨 lote desprogramado com sucesso
2026-06-18 14:06:00,835 - INFO - 
=== Iniciando lote 103/214  ===
2026-06-18 14:06:07,185 - INFO - Janela de seleção aberta
2026-06-18 14:06:11,407 - INFO - DEBUG: idx=102, inicio=2550, fim=2575
2026-06-18 14:06:11,407 - INFO - ✅ 25 OS copiadas para a área de transferência.
2026-06-18 14:06:11,407 - INFO - 📋 Lote 103 copiado.
2026-06-18 14:06:19,733 - INFO - ⌛ Esperando mudança visual...
2026-06-18 14:06:20,750 - INFO - ⌛ Esperando mudança visual...
2026-06-18 14:06:21,763 - INFO - ⌛ Esperando mudança visual...
2026-06-18 14:06:22,781 - INFO - ⌛ Esperando mudança visual...
2026-06-18 14:06:23,797 - INFO - ⌛ Esperando mudança visual...
2026-06-18 14:06:24,808 - INFO - ⌛ Esperando mudança visual...
2026-06-18 14:06:25,827 - INFO - ⌛ Esperando mudança visual...
2026-06-18 14:06:26,845 - INFO - ⌛ Esperando mudança visual...
2026-06-18 14:06:27,857 - INFO - ⌛ Esperando mudança visual...
2026-06-18 14:06:28,877 - INFO - ⌛ Esperando mudança visual...
2026-06-18 14:06:29,893 - INFO - ✅ Tela carregada!
2026-06-18 14:07:00,376 - INFO - ⌛ Aguardando janela de confirmação de desbloqueio...
2026-06-18 14:07:15,799 - INFO - ⌛ Aguardando janela de confirmação de desbloqueio...
2026-06-18 14:07:31,217 - INFO - 🟨 Registros desbloqueados com sucesso
2026-06-18 14:07:43,797 - INFO - ⌛ Aguardando janela de confirmação de desprogramação ...
2026-06-18 14:07:59,207 - INFO - 🟨 Janela de confirmação de desprogramação detectada
2026-06-18 14:08:02,489 - INFO - ⌛ Aguardando janela de confirmação de desprogramação ...
2026-06-18 14:08:17,903 - INFO - 🟨 Janela de aviso de desprogramação detectada
2026-06-18 14:08:20,055 - INFO - ⌛ Aguardando janela de confirmação de desprogramação 2 ...
2026-06-18 14:08:35,446 - INFO - 🟨 Janela de confirmação 2 de desprogramação detectada
2026-06-18 14:08:42,667 - INFO - ⌛ Aguardando janela de sucesso ...
2026-06-18 14:08:58,028 - INFO - 🟨 lote desprogramado com sucesso
2026-06-18 14:09:00,188 - INFO - 
=== Iniciando lote 104/214  ===
2026-06-18 14:09:06,541 - INFO - Janela de seleção aberta
2026-06-18 14:09:10,764 - INFO - DEBUG: idx=103, inicio=2575, fim=2600
2026-06-18 14:09:10,764 - INFO - ✅ 25 OS copiadas para a área de transferência.
2026-06-18 14:09:10,764 - INFO - 📋 Lote 104 copiado.
2026-06-18 14:09:19,090 - INFO - ⌛ Esperando mudança visual...
2026-06-18 14:09:20,106 - INFO - ⌛ Esperando mudança visual...
2026-06-18 14:09:21,123 - INFO - ⌛ Esperando mudança visual...
2026-06-18 14:09:22,138 - INFO - ⌛ Esperando mudança visual...
2026-06-18 14:09:23,153 - INFO - ⌛ Esperando mudança visual...
2026-06-18 14:09:24,169 - INFO - ⌛ Esperando mudança visual...
2026-06-18 14:09:25,184 - INFO - ⌛ Esperando mudança visual...
2026-06-18 14:09:26,201 - INFO - ⌛ Esperando mudança visual...
2026-06-18 14:09:27,216 - INFO - ⌛ Esperando mudança visual...
2026-06-18 14:09:28,232 - INFO - ⌛ Esperando mudança visual...
2026-06-18 14:09:29,247 - INFO - ⌛ Esperando mudança visual...
2026-06-18 14:09:30,263 - INFO - ✅ Tela carregada!
2026-06-18 14:10:00,731 - INFO - ⌛ Aguardando janela de confirmação de desbloqueio...
2026-06-18 14:10:16,117 - INFO - 🟨 Registros desbloqueados com sucesso
2026-06-18 14:10:28,684 - INFO - ⌛ Aguardando janela de confirmação de desprogramação ...
2026-06-18 14:10:44,039 - INFO - 🟨 Janela de confirmação de desprogramação detectada
2026-06-18 14:10:47,307 - INFO - ⌛ Aguardando janela de confirmação de desprogramação ...
2026-06-18 14:11:02,745 - INFO - 🟨 Janela de aviso de desprogramação detectada
2026-06-18 14:11:04,898 - INFO - ⌛ Aguardando janela de confirmação de desprogramação 2 ...
2026-06-18 14:11:20,268 - INFO - 🟨 Janela de confirmação 2 de desprogramação detectada
2026-06-18 14:11:27,478 - INFO - ⌛ Aguardando janela de sucesso ...
2026-06-18 14:11:42,876 - INFO - 🟨 lote desprogramado com sucesso
2026-06-18 14:11:45,024 - INFO - 
=== Iniciando lote 105/214  ===
2026-06-18 14:11:51,376 - INFO - Janela de seleção aberta
2026-06-18 14:11:55,601 - INFO - DEBUG: idx=104, inicio=2600, fim=2625
2026-06-18 14:11:55,601 - INFO - ✅ 25 OS copiadas para a área de transferência.
2026-06-18 14:11:55,601 - INFO - 📋 Lote 105 copiado.
2026-06-18 14:12:03,930 - INFO - ⌛ Esperando mudança visual...
2026-06-18 14:12:04,946 - INFO - ⌛ Esperando mudança visual...
2026-06-18 14:12:05,958 - INFO - ⌛ Esperando mudança visual...
2026-06-18 14:12:06,978 - INFO - ⌛ Esperando mudança visual...
2026-06-18 14:12:07,993 - INFO - ⌛ Esperando mudança visual...
2026-06-18 14:12:09,005 - INFO - ⌛ Esperando mudança visual...
2026-06-18 14:12:10,023 - INFO - ⌛ Esperando mudança visual...
2026-06-18 14:12:11,040 - INFO - ⌛ Esperando mudança visual...
2026-06-18 14:12:12,056 - INFO - ⌛ Esperando mudança visual...
2026-06-18 14:12:13,072 - INFO - ⌛ Esperando mudança visual...
2026-06-18 14:12:14,087 - INFO - ⌛ Esperando mudança visual...
2026-06-18 14:12:15,100 - INFO - ✅ Tela carregada!
2026-06-18 14:12:45,589 - INFO - ⌛ Aguardando janela de confirmação de desbloqueio...
2026-06-18 14:13:00,984 - INFO - 🟨 Registros desbloqueados com sucesso
2026-06-18 14:13:13,551 - INFO - ⌛ Aguardando janela de confirmação de desprogramação ...
2026-06-18 14:13:28,955 - INFO - 🟨 Janela de confirmação de desprogramação detectada
2026-06-18 14:13:32,208 - INFO - ⌛ Aguardando janela de confirmação de desprogramação ...
2026-06-18 14:13:47,713 - INFO - 🟨 Janela de aviso de desprogramação detectada
2026-06-18 14:13:49,888 - INFO - ⌛ Aguardando janela de confirmação de desprogramação 2 ...
2026-06-18 14:14:05,292 - INFO - ⌛ Aguardando janela de confirmação de desprogramação 2 ...
2026-06-18 14:14:05,407 - INFO - 🟨 Identificado travamento no EQM, reiniciando contador de espera
2026-06-18 14:14:20,689 - INFO - 🟨 Janela de confirmação 2 de desprogramação detectada
2026-06-18 14:14:27,902 - INFO - ⌛ Aguardando janela de sucesso ...
2026-06-18 14:14:43,284 - INFO - 🟨 lote desprogramado com sucesso
2026-06-18 14:14:45,431 - INFO - 
=== Iniciando lote 106/214  ===
2026-06-18 14:14:51,784 - INFO - Janela de seleção aberta
2026-06-18 14:14:56,008 - INFO - DEBUG: idx=105, inicio=2625, fim=2650
2026-06-18 14:14:56,008 - INFO - ✅ 25 OS copiadas para a área de transferência.
2026-06-18 14:14:56,008 - INFO - 📋 Lote 106 copiado.
2026-06-18 14:15:04,337 - INFO - ⌛ Esperando mudança visual...
2026-06-18 14:15:05,349 - INFO - ⌛ Esperando mudança visual...
2026-06-18 14:15:06,368 - INFO - ⌛ Esperando mudança visual...
2026-06-18 14:15:07,383 - INFO - ⌛ Esperando mudança visual...
2026-06-18 14:15:08,396 - INFO - ⌛ Esperando mudança visual...
2026-06-18 14:15:09,416 - INFO - ⌛ Esperando mudança visual...
2026-06-18 14:15:10,430 - INFO - ⌛ Esperando mudança visual...
2026-06-18 14:15:11,444 - INFO - ⌛ Esperando mudança visual...
2026-06-18 14:15:12,459 - INFO - ⌛ Esperando mudança visual...
2026-06-18 14:15:13,478 - INFO - ⌛ Esperando mudança visual...
2026-06-18 14:15:14,491 - INFO - ✅ Tela carregada!
2026-06-18 14:15:44,968 - INFO - ⌛ Aguardando janela de confirmação de desbloqueio...
2026-06-18 14:16:00,367 - INFO - 🟨 Registros desbloqueados com sucesso
2026-06-18 14:16:12,957 - INFO - ⌛ Aguardando janela de confirmação de desprogramação ...
2026-06-18 14:16:28,346 - INFO - 🟨 Janela de confirmação de desprogramação detectada
2026-06-18 14:16:31,597 - INFO - ⌛ Aguardando janela de confirmação de desprogramação ...
2026-06-18 14:16:47,054 - INFO - 🟨 Janela de aviso de desprogramação detectada
2026-06-18 14:16:49,210 - INFO - ⌛ Aguardando janela de confirmação de desprogramação 2 ...
2026-06-18 14:17:04,592 - INFO - 🟨 Janela de confirmação 2 de desprogramação detectada
2026-06-18 14:17:11,802 - INFO - ⌛ Aguardando janela de sucesso ...
2026-06-18 14:17:27,159 - INFO - 🟨 lote desprogramado com sucesso
2026-06-18 14:17:29,322 - INFO - 
=== Iniciando lote 107/214  ===
2026-06-18 14:17:35,683 - INFO - Janela de seleção aberta
2026-06-18 14:17:39,897 - INFO - DEBUG: idx=106, inicio=2650, fim=2675
2026-06-18 14:17:39,897 - INFO - ✅ 25 OS copiadas para a área de transferência.
2026-06-18 14:17:39,897 - INFO - 📋 Lote 107 copiado.
2026-06-18 14:17:48,226 - INFO - ⌛ Esperando mudança visual...
2026-06-18 14:17:49,238 - INFO - ⌛ Esperando mudança visual...
2026-06-18 14:17:50,254 - INFO - ⌛ Esperando mudança visual...
2026-06-18 14:17:51,272 - INFO - ⌛ Esperando mudança visual...
2026-06-18 14:17:52,288 - INFO - ⌛ Esperando mudança visual...
2026-06-18 14:17:53,300 - INFO - ⌛ Esperando mudança visual...
2026-06-18 14:17:54,317 - INFO - ⌛ Esperando mudança visual...
2026-06-18 14:17:55,333 - INFO - ⌛ Esperando mudança visual...
2026-06-18 14:17:56,346 - INFO - ⌛ Esperando mudança visual...
2026-06-18 14:17:57,365 - INFO - ⌛ Esperando mudança visual...
2026-06-18 14:17:58,381 - INFO - ✅ Tela carregada!
2026-06-18 14:18:28,864 - INFO - ⌛ Aguardando janela de confirmação de desbloqueio...
2026-06-18 14:18:44,228 - INFO - 🟨 Registros desbloqueados com sucesso
2026-06-18 14:18:56,800 - INFO - ⌛ Aguardando janela de confirmação de desprogramação ...
2026-06-18 14:19:12,163 - INFO - 🟨 Janela de confirmação de desprogramação detectada
2026-06-18 14:19:15,428 - INFO - ⌛ Aguardando janela de confirmação de desprogramação ...
2026-06-18 14:19:30,859 - INFO - 🟨 Janela de aviso de desprogramação detectada
2026-06-18 14:19:33,031 - INFO - ⌛ Aguardando janela de confirmação de desprogramação 2 ...
2026-06-18 14:19:48,400 - INFO - 🟨 Janela de confirmação 2 de desprogramação detectada
2026-06-18 14:19:55,596 - INFO - ⌛ Aguardando janela de sucesso ...
2026-06-18 14:20:10,993 - INFO - 🟨 lote desprogramado com sucesso
2026-06-18 14:20:13,144 - INFO - 
=== Iniciando lote 108/214  ===
2026-06-18 14:20:19,495 - INFO - Janela de seleção aberta
2026-06-18 14:20:23,726 - INFO - DEBUG: idx=107, inicio=2675, fim=2700
2026-06-18 14:20:23,726 - INFO - ✅ 25 OS copiadas para a área de transferência.
2026-06-18 14:20:23,727 - INFO - 📋 Lote 108 copiado.
2026-06-18 14:20:32,048 - INFO - ⌛ Esperando mudança visual...
2026-06-18 14:20:33,060 - INFO - ⌛ Esperando mudança visual...
2026-06-18 14:20:34,079 - INFO - ⌛ Esperando mudança visual...
2026-06-18 14:20:35,094 - INFO - ⌛ Esperando mudança visual...
2026-06-18 14:20:36,107 - INFO - ⌛ Esperando mudança visual...
2026-06-18 14:20:37,126 - INFO - ⌛ Esperando mudança visual...
2026-06-18 14:20:38,140 - INFO - ⌛ Esperando mudança visual...
2026-06-18 14:20:39,157 - INFO - ⌛ Esperando mudança visual...
2026-06-18 14:20:40,172 - INFO - ⌛ Esperando mudança visual...
2026-06-18 14:20:41,190 - INFO - ✅ Tela carregada!
2026-06-18 14:21:11,655 - INFO - ⌛ Aguardando janela de confirmação de desbloqueio...
2026-06-18 14:21:27,052 - INFO - 🟨 Registros desbloqueados com sucesso
2026-06-18 14:21:39,637 - INFO - ⌛ Aguardando janela de confirmação de desprogramação ...
2026-06-18 14:21:54,996 - INFO - 🟨 Janela de confirmação de desprogramação detectada
2026-06-18 14:21:58,265 - INFO - ⌛ Aguardando janela de confirmação de desprogramação ...
2026-06-18 14:22:13,735 - INFO - 🟨 Janela de aviso de desprogramação detectada
2026-06-18 14:22:15,886 - INFO - ⌛ Aguardando janela de confirmação de desprogramação 2 ...
2026-06-18 14:22:31,256 - INFO - 🟨 Janela de confirmação 2 de desprogramação detectada
2026-06-18 14:22:38,445 - INFO - ⌛ Aguardando janela de sucesso ...
2026-06-18 14:22:53,833 - INFO - 🟨 lote desprogramado com sucesso
2026-06-18 14:22:55,982 - INFO - 
=== Iniciando lote 109/214  ===
2026-06-18 14:23:02,337 - INFO - Janela de seleção aberta
2026-06-18 14:23:06,559 - INFO - DEBUG: idx=108, inicio=2700, fim=2725
2026-06-18 14:23:06,559 - INFO - ✅ 25 OS copiadas para a área de transferência.
2026-06-18 14:23:06,559 - INFO - 📋 Lote 109 copiado.
2026-06-18 14:23:14,888 - INFO - ⌛ Esperando mudança visual...
2026-06-18 14:23:15,905 - INFO - ⌛ Esperando mudança visual...
2026-06-18 14:23:16,920 - INFO - ⌛ Esperando mudança visual...
2026-06-18 14:23:17,934 - INFO - ⌛ Esperando mudança visual...
2026-06-18 14:23:18,947 - INFO - ⌛ Esperando mudança visual...
2026-06-18 14:23:19,966 - INFO - ⌛ Esperando mudança visual...
2026-06-18 14:23:20,981 - INFO - ⌛ Esperando mudança visual...
2026-06-18 14:23:21,997 - INFO - ⌛ Esperando mudança visual...
2026-06-18 14:23:23,010 - INFO - ⌛ Esperando mudança visual...
2026-06-18 14:23:24,029 - INFO - ⌛ Esperando mudança visual...
2026-06-18 14:23:25,045 - INFO - ✅ Tela carregada!
2026-06-18 14:23:55,510 - INFO - ⌛ Aguardando janela de confirmação de desbloqueio...
2026-06-18 14:24:10,911 - INFO - 🟨 Registros desbloqueados com sucesso
2026-06-18 14:24:23,480 - INFO - ⌛ Aguardando janela de confirmação de desprogramação ...
2026-06-18 14:24:38,882 - INFO - 🟨 Janela de confirmação de desprogramação detectada
2026-06-18 14:24:42,153 - INFO - ⌛ Aguardando janela de confirmação de desprogramação ...
2026-06-18 14:24:57,576 - INFO - 🟨 Janela de aviso de desprogramação detectada
2026-06-18 14:24:59,729 - INFO - ⌛ Aguardando janela de confirmação de desprogramação 2 ...
2026-06-18 14:25:15,112 - INFO - 🟨 Janela de confirmação 2 de desprogramação detectada
2026-06-18 14:25:22,336 - INFO - ⌛ Aguardando janela de sucesso ...
2026-06-18 14:25:37,706 - INFO - 🟨 lote desprogramado com sucesso
2026-06-18 14:25:39,858 - INFO - 
=== Iniciando lote 110/214  ===
2026-06-18 14:25:46,202 - INFO - Janela de seleção aberta
2026-06-18 14:25:50,436 - INFO - DEBUG: idx=109, inicio=2725, fim=2750
2026-06-18 14:25:50,436 - INFO - ✅ 25 OS copiadas para a área de transferência.
2026-06-18 14:25:50,436 - INFO - 📋 Lote 110 copiado.
2026-06-18 14:25:58,762 - INFO - ⌛ Esperando mudança visual...
2026-06-18 14:25:59,774 - INFO - ⌛ Esperando mudança visual...
2026-06-18 14:26:00,790 - INFO - ⌛ Esperando mudança visual...
2026-06-18 14:26:01,809 - INFO - ⌛ Esperando mudança visual...
2026-06-18 14:26:02,823 - INFO - ⌛ Esperando mudança visual...
2026-06-18 14:26:03,838 - INFO - ⌛ Esperando mudança visual...
2026-06-18 14:26:04,851 - INFO - ⌛ Esperando mudança visual...
2026-06-18 14:26:05,869 - INFO - ⌛ Esperando mudança visual...
2026-06-18 14:26:06,889 - INFO - ⌛ Esperando mudança visual...
2026-06-18 14:26:07,898 - INFO - ✅ Tela carregada!
2026-06-18 14:26:38,401 - INFO - ⌛ Aguardando janela de confirmação de desbloqueio...
2026-06-18 14:26:53,794 - INFO - 🟨 Registros desbloqueados com sucesso
2026-06-18 14:27:06,357 - INFO - ⌛ Aguardando janela de confirmação de desprogramação ...
2026-06-18 14:27:21,753 - INFO - 🟨 Janela de confirmação de desprogramação detectada
2026-06-18 14:27:25,028 - INFO - ⌛ Aguardando janela de confirmação de desprogramação ...
2026-06-18 14:27:40,461 - INFO - 🟨 Janela de aviso de desprogramação detectada
2026-06-18 14:27:42,612 - INFO - ⌛ Aguardando janela de confirmação de desprogramação 2 ...
2026-06-18 14:27:58,088 - INFO - 🟨 Janela de confirmação 2 de desprogramação detectada
2026-06-18 14:28:05,299 - INFO - ⌛ Aguardando janela de sucesso ...
2026-06-18 14:28:20,698 - INFO - 🟨 lote desprogramado com sucesso
2026-06-18 14:28:22,852 - INFO - 
=== Iniciando lote 111/214  ===
2026-06-18 14:28:29,216 - INFO - Janela de seleção aberta
2026-06-18 14:28:33,441 - INFO - DEBUG: idx=110, inicio=2750, fim=2775
2026-06-18 14:28:33,441 - INFO - ✅ 25 OS copiadas para a área de transferência.
2026-06-18 14:28:33,441 - INFO - 📋 Lote 111 copiado.
2026-06-18 14:28:41,766 - INFO - ⌛ Esperando mudança visual...
2026-06-18 14:28:42,782 - INFO - ⌛ Esperando mudança visual...
2026-06-18 14:28:43,795 - INFO - ⌛ Esperando mudança visual...
2026-06-18 14:28:44,814 - INFO - ⌛ Esperando mudança visual...
2026-06-18 14:28:45,830 - INFO - ⌛ Esperando mudança visual...
2026-06-18 14:28:46,846 - INFO - ⌛ Esperando mudança visual...
2026-06-18 14:28:47,860 - INFO - ⌛ Esperando mudança visual...
2026-06-18 14:28:48,877 - INFO - ⌛ Esperando mudança visual...
2026-06-18 14:28:49,892 - INFO - ⌛ Esperando mudança visual...
2026-06-18 14:28:50,904 - INFO - ⌛ Esperando mudança visual...
2026-06-18 14:28:51,921 - INFO - ✅ Tela carregada!
2026-06-18 14:29:22,406 - INFO - ⌛ Aguardando janela de confirmação de desbloqueio...
2026-06-18 14:29:37,790 - INFO - ⌛ Aguardando janela de confirmação de desbloqueio...
2026-06-18 14:29:53,160 - INFO - 🟨 Registros desbloqueados com sucesso
2026-06-18 14:30:05,728 - INFO - ⌛ Aguardando janela de confirmação de desprogramação ...
2026-06-18 14:30:21,097 - INFO - 🟨 Janela de confirmação de desprogramação detectada
2026-06-18 14:30:24,416 - INFO - ⌛ Aguardando janela de confirmação de desprogramação ...
2026-06-18 14:30:39,921 - INFO - 🟨 Janela de aviso de desprogramação detectada
2026-06-18 14:30:42,071 - INFO - ⌛ Aguardando janela de confirmação de desprogramação 2 ...
2026-06-18 14:30:57,442 - INFO - 🟨 Janela de confirmação 2 de desprogramação detectada
2026-06-18 14:31:04,651 - INFO - ⌛ Aguardando janela de sucesso ...
2026-06-18 14:31:20,008 - INFO - 🟨 lote desprogramado com sucesso
2026-06-18 14:31:22,169 - INFO - 
=== Iniciando lote 112/214  ===
2026-06-18 14:31:28,526 - INFO - Janela de seleção aberta
2026-06-18 14:31:32,745 - INFO - DEBUG: idx=111, inicio=2775, fim=2800
2026-06-18 14:31:32,745 - INFO - ✅ 25 OS copiadas para a área de transferência.
2026-06-18 14:31:32,745 - INFO - 📋 Lote 112 copiado.
2026-06-18 14:31:41,091 - INFO - ⌛ Esperando mudança visual...
2026-06-18 14:31:42,103 - INFO - ⌛ Esperando mudança visual...
2026-06-18 14:31:43,122 - INFO - ⌛ Esperando mudança visual...
2026-06-18 14:31:44,138 - INFO - ⌛ Esperando mudança visual...
2026-06-18 14:31:45,150 - INFO - ⌛ Esperando mudança visual...
2026-06-18 14:31:46,167 - INFO - ⌛ Esperando mudança visual...
2026-06-18 14:31:47,183 - INFO - ⌛ Esperando mudança visual...
2026-06-18 14:31:48,198 - INFO - ⌛ Esperando mudança visual...
2026-06-18 14:31:49,216 - INFO - ⌛ Esperando mudança visual...
2026-06-18 14:31:50,232 - INFO - ⌛ Esperando mudança visual...
2026-06-18 14:31:51,244 - INFO - ✅ Tela carregada!
2026-06-18 14:32:21,697 - INFO - ⌛ Aguardando janela de confirmação de desbloqueio...
2026-06-18 14:32:37,076 - INFO - 🟨 Registros desbloqueados com sucesso
2026-06-18 14:32:49,647 - INFO - ⌛ Aguardando janela de confirmação de desprogramação ...
2026-06-18 14:33:05,012 - INFO - 🟨 Janela de confirmação de desprogramação detectada
2026-06-18 14:33:08,293 - INFO - ⌛ Aguardando janela de confirmação de desprogramação ...
2026-06-18 14:33:23,708 - INFO - 🟨 Janela de aviso de desprogramação detectada
2026-06-18 14:33:25,851 - INFO - ⌛ Aguardando janela de confirmação de desprogramação 2 ...
2026-06-18 14:33:41,231 - INFO - 🟨 Janela de confirmação 2 de desprogramação detectada
2026-06-18 14:33:48,420 - INFO - ⌛ Aguardando janela de sucesso ...
2026-06-18 14:34:03,792 - INFO - 🟨 lote desprogramado com sucesso
2026-06-18 14:34:05,942 - INFO - 
=== Iniciando lote 113/214  ===
2026-06-18 14:34:12,296 - INFO - Janela de seleção aberta
2026-06-18 14:34:16,522 - INFO - DEBUG: idx=112, inicio=2800, fim=2825
2026-06-18 14:34:16,522 - INFO - ✅ 25 OS copiadas para a área de transferência.
2026-06-18 14:34:16,522 - INFO - 📋 Lote 113 copiado.
2026-06-18 14:34:24,845 - INFO - ⌛ Esperando mudança visual...
2026-06-18 14:34:25,859 - INFO - ⌛ Esperando mudança visual...
2026-06-18 14:34:26,877 - INFO - ⌛ Esperando mudança visual...
2026-06-18 14:34:27,894 - INFO - ⌛ Esperando mudança visual...
2026-06-18 14:34:28,906 - INFO - ⌛ Esperando mudança visual...
2026-06-18 14:34:29,923 - INFO - ⌛ Esperando mudança visual...
2026-06-18 14:34:30,939 - INFO - ⌛ Esperando mudança visual...
2026-06-18 14:34:31,953 - INFO - ⌛ Esperando mudança visual...
2026-06-18 14:34:32,970 - INFO - ⌛ Esperando mudança visual...
2026-06-18 14:34:33,986 - INFO - ⌛ Esperando mudança visual...
2026-06-18 14:34:35,000 - INFO - ✅ Tela carregada!
2026-06-18 14:35:05,486 - INFO - ⌛ Aguardando janela de confirmação de desbloqueio...
2026-06-18 14:35:20,870 - INFO - 🟨 Registros desbloqueados com sucesso
2026-06-18 14:35:33,433 - INFO - ⌛ Aguardando janela de confirmação de desprogramação ...
2026-06-18 14:35:48,850 - INFO - 🟨 Janela de confirmação de desprogramação detectada
2026-06-18 14:35:52,107 - INFO - ⌛ Aguardando janela de confirmação de desprogramação ...
2026-06-18 14:36:07,534 - INFO - 🟨 Janela de aviso de desprogramação detectada
2026-06-18 14:36:09,680 - INFO - ⌛ Aguardando janela de confirmação de desprogramação 2 ...
2026-06-18 14:36:25,076 - INFO - 🟨 Janela de confirmação 2 de desprogramação detectada
2026-06-18 14:36:32,295 - INFO - ⌛ Aguardando janela de sucesso ...
2026-06-18 14:36:47,688 - INFO - 🟨 lote desprogramado com sucesso
2026-06-18 14:36:49,849 - INFO - 
=== Iniciando lote 114/214  ===
2026-06-18 14:36:56,200 - INFO - Janela de seleção aberta
2026-06-18 14:37:00,428 - INFO - DEBUG: idx=113, inicio=2825, fim=2850
2026-06-18 14:37:00,428 - INFO - ✅ 25 OS copiadas para a área de transferência.
2026-06-18 14:37:00,428 - INFO - 📋 Lote 114 copiado.
2026-06-18 14:37:08,749 - INFO - ⌛ Esperando mudança visual...
2026-06-18 14:37:09,766 - INFO - ⌛ Esperando mudança visual...
2026-06-18 14:37:10,784 - INFO - ⌛ Esperando mudança visual...
2026-06-18 14:37:11,796 - INFO - ⌛ Esperando mudança visual...
2026-06-18 14:37:12,813 - INFO - ⌛ Esperando mudança visual...
2026-06-18 14:37:13,828 - INFO - ⌛ Esperando mudança visual...
2026-06-18 14:37:14,844 - INFO - ⌛ Esperando mudança visual...
2026-06-18 14:37:15,858 - INFO - ⌛ Esperando mudança visual...
2026-06-18 14:37:16,877 - INFO - ⌛ Esperando mudança visual...
2026-06-18 14:37:17,892 - INFO - ⌛ Esperando mudança visual...
2026-06-18 14:37:18,905 - INFO - ✅ Tela carregada!
2026-06-18 14:37:49,401 - INFO - ⌛ Aguardando janela de confirmação de desbloqueio...
2026-06-18 14:38:04,844 - INFO - ⌛ Aguardando janela de confirmação de desbloqueio...
2026-06-18 14:38:20,228 - INFO - 🟨 Registros desbloqueados com sucesso
2026-06-18 14:38:32,799 - INFO - ⌛ Aguardando janela de confirmação de desprogramação ...
2026-06-18 14:38:48,174 - INFO - 🟨 Janela de confirmação de desprogramação detectada
2026-06-18 14:38:51,476 - INFO - ⌛ Aguardando janela de confirmação de desprogramação ...
2026-06-18 14:39:06,941 - INFO - 🟨 Janela de aviso de desprogramação detectada
2026-06-18 14:39:09,088 - INFO - ⌛ Aguardando janela de confirmação de desprogramação 2 ...
2026-06-18 14:39:24,449 - INFO - 🟨 Janela de confirmação 2 de desprogramação detectada
2026-06-18 14:39:31,666 - INFO - ⌛ Aguardando janela de sucesso ...
2026-06-18 14:39:47,037 - INFO - 🟨 lote desprogramado com sucesso
2026-06-18 14:39:49,189 - INFO - 
=== Iniciando lote 115/214  ===
2026-06-18 14:39:55,542 - INFO - Janela de seleção aberta
2026-06-18 14:39:59,768 - INFO - DEBUG: idx=114, inicio=2850, fim=2875
2026-06-18 14:39:59,768 - INFO - ✅ 25 OS copiadas para a área de transferência.
2026-06-18 14:39:59,768 - INFO - 📋 Lote 115 copiado.
2026-06-18 14:40:08,093 - INFO - ⌛ Esperando mudança visual...
2026-06-18 14:40:09,107 - INFO - ⌛ Esperando mudança visual...
2026-06-18 14:40:10,124 - INFO - ⌛ Esperando mudança visual...
2026-06-18 14:40:11,140 - INFO - ⌛ Esperando mudança visual...
2026-06-18 14:40:12,152 - INFO - ⌛ Esperando mudança visual...
2026-06-18 14:40:13,169 - INFO - ⌛ Esperando mudança visual...
2026-06-18 14:40:14,184 - INFO - ⌛ Esperando mudança visual...
2026-06-18 14:40:15,201 - INFO - ⌛ Esperando mudança visual...
2026-06-18 14:40:16,218 - INFO - ⌛ Esperando mudança visual...
2026-06-18 14:40:17,230 - INFO - ⌛ Esperando mudança visual...
2026-06-18 14:40:18,246 - INFO - ✅ Tela carregada!
2026-06-18 14:40:48,722 - INFO - ⌛ Aguardando janela de confirmação de desbloqueio...
2026-06-18 14:41:04,084 - INFO - 🟨 Registros desbloqueados com sucesso
2026-06-18 14:41:16,681 - INFO - ⌛ Aguardando janela de confirmação de desprogramação ...
2026-06-18 14:41:32,051 - INFO - 🟨 Janela de confirmação de desprogramação detectada
2026-06-18 14:41:35,309 - INFO - ⌛ Aguardando janela de confirmação de desprogramação ...
2026-06-18 14:41:50,760 - INFO - 🟨 Janela de aviso de desprogramação detectada
2026-06-18 14:41:52,909 - INFO - ⌛ Aguardando janela de confirmação de desprogramação 2 ...
2026-06-18 14:42:08,301 - INFO - 🟨 Janela de confirmação 2 de desprogramação detectada
2026-06-18 14:42:15,498 - INFO - ⌛ Aguardando janela de sucesso ...
2026-06-18 14:42:30,896 - INFO - 🟨 lote desprogramado com sucesso
2026-06-18 14:42:33,049 - INFO - 
=== Iniciando lote 116/214  ===
2026-06-18 14:42:39,412 - INFO - Janela de seleção aberta
2026-06-18 14:42:43,641 - INFO - DEBUG: idx=115, inicio=2875, fim=2900
2026-06-18 14:42:43,641 - INFO - ✅ 25 OS copiadas para a área de transferência.
2026-06-18 14:42:43,641 - INFO - 📋 Lote 116 copiado.
2026-06-18 14:42:51,966 - INFO - ⌛ Esperando mudança visual...
2026-06-18 14:42:52,980 - INFO - ⌛ Esperando mudança visual...
2026-06-18 14:42:53,996 - INFO - ⌛ Esperando mudança visual...
2026-06-18 14:42:55,012 - INFO - ⌛ Esperando mudança visual...
2026-06-18 14:42:56,028 - INFO - ⌛ Esperando mudança visual...
2026-06-18 14:42:57,043 - INFO - ⌛ Esperando mudança visual...
2026-06-18 14:42:58,056 - INFO - ⌛ Esperando mudança visual...
2026-06-18 14:42:59,075 - INFO - ⌛ Esperando mudança visual...
2026-06-18 14:43:00,089 - INFO - ⌛ Esperando mudança visual...
2026-06-18 14:43:01,103 - INFO - ✅ Tela carregada!
2026-06-18 14:43:31,564 - INFO - ⌛ Aguardando janela de confirmação de desbloqueio...
2026-06-18 14:43:46,938 - INFO - 🟨 Registros desbloqueados com sucesso
2026-06-18 14:43:59,495 - INFO - ⌛ Aguardando janela de confirmação de desprogramação ...
2026-06-18 14:44:14,890 - INFO - 🟨 Janela de confirmação de desprogramação detectada
2026-06-18 14:44:18,148 - INFO - ⌛ Aguardando janela de confirmação de desprogramação ...
2026-06-18 14:44:33,587 - INFO - 🟨 Janela de aviso de desprogramação detectada
2026-06-18 14:44:35,743 - INFO - ⌛ Aguardando janela de confirmação de desprogramação 2 ...
2026-06-18 14:44:51,139 - INFO - 🟨 Janela de confirmação 2 de desprogramação detectada
2026-06-18 14:44:58,327 - INFO - ⌛ Aguardando janela de sucesso ...
2026-06-18 14:45:13,701 - INFO - 🟨 lote desprogramado com sucesso
2026-06-18 14:45:15,851 - INFO - 
=== Iniciando lote 117/214  ===
2026-06-18 14:45:22,203 - INFO - Janela de seleção aberta
2026-06-18 14:45:26,430 - INFO - DEBUG: idx=116, inicio=2900, fim=2925
2026-06-18 14:45:26,430 - INFO - ✅ 25 OS copiadas para a área de transferência.
2026-06-18 14:45:26,430 - INFO - 📋 Lote 117 copiado.
2026-06-18 14:45:34,752 - INFO - ⌛ Esperando mudança visual...
2026-06-18 14:45:35,770 - INFO - ⌛ Esperando mudança visual...
2026-06-18 14:45:36,786 - INFO - ⌛ Esperando mudança visual...
2026-06-18 14:45:37,799 - INFO - ⌛ Esperando mudança visual...
2026-06-18 14:45:38,816 - INFO - ⌛ Esperando mudança visual...
2026-06-18 14:45:39,834 - INFO - ⌛ Esperando mudança visual...
2026-06-18 14:45:40,846 - INFO - ⌛ Esperando mudança visual...
2026-06-18 14:45:41,865 - INFO - ⌛ Esperando mudança visual...
2026-06-18 14:45:42,881 - INFO - ⌛ Esperando mudança visual...
2026-06-18 14:45:43,893 - INFO - ✅ Tela carregada!
2026-06-18 14:46:14,361 - INFO - ⌛ Aguardando janela de confirmação de desbloqueio...
2026-06-18 14:46:29,760 - INFO - 🟨 Registros desbloqueados com sucesso
2026-06-18 14:46:42,332 - INFO - ⌛ Aguardando janela de confirmação de desprogramação ...
2026-06-18 14:46:57,701 - INFO - 🟨 Janela de confirmação de desprogramação detectada
2026-06-18 14:47:00,955 - INFO - ⌛ Aguardando janela de confirmação de desprogramação ...
2026-06-18 14:47:16,374 - INFO - 🟨 Janela de aviso de desprogramação detectada
2026-06-18 14:47:18,531 - INFO - ⌛ Aguardando janela de confirmação de desprogramação 2 ...
2026-06-18 14:47:33,886 - INFO - 🟨 Janela de confirmação 2 de desprogramação detectada
2026-06-18 14:47:41,112 - INFO - ⌛ Aguardando janela de sucesso ...
2026-06-18 14:47:56,479 - INFO - 🟨 lote desprogramado com sucesso
2026-06-18 14:47:58,644 - INFO - 
=== Iniciando lote 118/214  ===
2026-06-18 14:48:04,993 - INFO - Janela de seleção aberta
2026-06-18 14:48:09,222 - INFO - DEBUG: idx=117, inicio=2925, fim=2950
2026-06-18 14:48:09,222 - INFO - ✅ 25 OS copiadas para a área de transferência.
2026-06-18 14:48:09,222 - INFO - 📋 Lote 118 copiado.
2026-06-18 14:48:17,542 - INFO - ⌛ Esperando mudança visual...
2026-06-18 14:48:18,560 - INFO - ⌛ Esperando mudança visual...
2026-06-18 14:48:19,575 - INFO - ⌛ Esperando mudança visual...
2026-06-18 14:48:20,592 - INFO - ⌛ Esperando mudança visual...
2026-06-18 14:48:21,604 - INFO - ⌛ Esperando mudança visual...
2026-06-18 14:48:22,624 - INFO - ⌛ Esperando mudança visual...
2026-06-18 14:48:23,638 - INFO - ⌛ Esperando mudança visual...
2026-06-18 14:48:24,652 - INFO - ⌛ Esperando mudança visual...
2026-06-18 14:48:25,671 - INFO - ⌛ Esperando mudança visual...
2026-06-18 14:48:26,686 - INFO - ✅ Tela carregada!
2026-06-18 14:48:57,151 - INFO - ⌛ Aguardando janela de confirmação de desbloqueio...
2026-06-18 14:49:12,523 - INFO - 🟨 Registros desbloqueados com sucesso
2026-06-18 14:49:25,089 - INFO - ⌛ Aguardando janela de confirmação de desprogramação ...
2026-06-18 14:49:40,470 - INFO - 🟨 Janela de confirmação de desprogramação detectada
2026-06-18 14:49:43,729 - INFO - ⌛ Aguardando janela de confirmação de desprogramação ...
2026-06-18 14:49:59,192 - INFO - 🟨 Janela de aviso de desprogramação detectada
2026-06-18 14:50:01,350 - INFO - ⌛ Aguardando janela de confirmação de desprogramação 2 ...
2026-06-18 14:50:16,722 - INFO - ⌛ Aguardando janela de confirmação de desprogramação 2 ...
2026-06-18 14:50:16,829 - INFO - 🟨 Identificado travamento no EQM, reiniciando contador de espera
2026-06-18 14:50:32,089 - INFO - 🟨 Janela de confirmação 2 de desprogramação detectada
2026-06-18 14:50:39,299 - INFO - ⌛ Aguardando janela de sucesso ...
2026-06-18 14:50:54,687 - INFO - 🟨 lote desprogramado com sucesso
2026-06-18 14:50:56,860 - INFO - 
=== Iniciando lote 119/214  ===
2026-06-18 14:51:03,218 - INFO - Janela de seleção aberta
2026-06-18 14:51:07,446 - INFO - DEBUG: idx=118, inicio=2950, fim=2975
2026-06-18 14:51:07,446 - INFO - ✅ 25 OS copiadas para a área de transferência.
2026-06-18 14:51:07,446 - INFO - 📋 Lote 119 copiado.
2026-06-18 14:51:15,770 - INFO - ⌛ Esperando mudança visual...
2026-06-18 14:51:16,786 - INFO - ⌛ Esperando mudança visual...
2026-06-18 14:51:17,798 - INFO - ⌛ Esperando mudança visual...
2026-06-18 14:51:18,817 - INFO - ⌛ Esperando mudança visual...
2026-06-18 14:51:19,829 - INFO - ⌛ Esperando mudança visual...
2026-06-18 14:51:20,845 - INFO - ⌛ Esperando mudança visual...
2026-06-18 14:51:21,863 - INFO - ⌛ Esperando mudança visual...
2026-06-18 14:51:22,881 - INFO - ⌛ Esperando mudança visual...
2026-06-18 14:51:23,892 - INFO - ⌛ Esperando mudança visual...
2026-06-18 14:51:24,908 - INFO - ⌛ Esperando mudança visual...
2026-06-18 14:51:25,927 - INFO - ✅ Tela carregada!
2026-06-18 14:51:56,415 - INFO - ⌛ Aguardando janela de confirmação de desbloqueio...
2026-06-18 14:52:11,833 - INFO - 🟨 Registros desbloqueados com sucesso
2026-06-18 14:52:24,407 - INFO - ⌛ Aguardando janela de confirmação de desprogramação ...
2026-06-18 14:52:39,797 - INFO - 🟨 Janela de confirmação de desprogramação detectada
2026-06-18 14:52:43,052 - INFO - ⌛ Aguardando janela de confirmação de desprogramação ...
2026-06-18 14:52:58,492 - INFO - 🟨 Janela de aviso de desprogramação detectada
2026-06-18 14:53:00,654 - INFO - ⌛ Aguardando janela de confirmação de desprogramação 2 ...
2026-06-18 14:53:16,080 - INFO - ⌛ Aguardando janela de confirmação de desprogramação 2 ...
2026-06-18 14:53:16,184 - INFO - 🟨 Identificado travamento no EQM, reiniciando contador de espera
2026-06-18 14:53:31,447 - INFO - 🟨 Janela de confirmação 2 de desprogramação detectada
2026-06-18 14:53:38,671 - INFO - ⌛ Aguardando janela de sucesso ...
2026-06-18 14:53:54,039 - INFO - 🟨 lote desprogramado com sucesso
2026-06-18 14:53:56,221 - INFO - 
=== Iniciando lote 120/214  ===
2026-06-18 14:54:02,583 - INFO - Janela de seleção aberta
2026-06-18 14:54:06,799 - INFO - DEBUG: idx=119, inicio=2975, fim=3000
2026-06-18 14:54:06,799 - INFO - ✅ 25 OS copiadas para a área de transferência.
2026-06-18 14:54:06,799 - INFO - 📋 Lote 120 copiado.
2026-06-18 14:54:15,127 - INFO - ⌛ Esperando mudança visual...
2026-06-18 14:54:16,143 - INFO - ⌛ Esperando mudança visual...
2026-06-18 14:54:17,155 - INFO - ⌛ Esperando mudança visual...
2026-06-18 14:54:18,174 - INFO - ⌛ Esperando mudança visual...
2026-06-18 14:54:19,190 - INFO - ⌛ Esperando mudança visual...
2026-06-18 14:54:20,202 - INFO - ⌛ Esperando mudança visual...
2026-06-18 14:54:21,220 - INFO - ⌛ Esperando mudança visual...
2026-06-18 14:54:22,238 - INFO - ⌛ Esperando mudança visual...
2026-06-18 14:54:23,253 - INFO - ⌛ Esperando mudança visual...
2026-06-18 14:54:24,268 - INFO - ⌛ Esperando mudança visual...
2026-06-18 14:54:25,284 - INFO - ✅ Tela carregada!
2026-06-18 14:54:55,748 - INFO - ⌛ Aguardando janela de confirmação de desbloqueio...
2026-06-18 14:55:11,136 - INFO - 🟨 Registros desbloqueados com sucesso
2026-06-18 14:55:23,703 - INFO - ⌛ Aguardando janela de confirmação de desprogramação ...
2026-06-18 14:55:39,073 - INFO - 🟨 Janela de confirmação de desprogramação detectada
2026-06-18 14:55:42,350 - INFO - 🟨 Janela de aviso de desprogramação detectada
2026-06-18 14:55:44,512 - INFO - ⌛ Aguardando janela de confirmação de desprogramação 2 ...
2026-06-18 14:55:59,900 - INFO - 🟨 Janela de confirmação 2 de desprogramação detectada
2026-06-18 14:56:07,126 - INFO - ⌛ Aguardando janela de sucesso ...
2026-06-18 14:56:22,496 - INFO - 🟨 lote desprogramado com sucesso
2026-06-18 14:56:24,646 - INFO - 
=== Iniciando lote 121/214  ===
2026-06-18 14:56:31,007 - INFO - Janela de seleção aberta
2026-06-18 14:56:35,237 - INFO - DEBUG: idx=120, inicio=3000, fim=3025
2026-06-18 14:56:35,237 - INFO - ✅ 25 OS copiadas para a área de transferência.
2026-06-18 14:56:35,237 - INFO - 📋 Lote 121 copiado.
2026-06-18 14:56:43,564 - INFO - ⌛ Esperando mudança visual...
2026-06-18 14:56:44,579 - INFO - ⌛ Esperando mudança visual...
2026-06-18 14:56:45,593 - INFO - ⌛ Esperando mudança visual...
2026-06-18 14:56:46,610 - INFO - ⌛ Esperando mudança visual...
2026-06-18 14:56:47,626 - INFO - ⌛ Esperando mudança visual...
2026-06-18 14:56:48,642 - INFO - ⌛ Esperando mudança visual...
2026-06-18 14:56:49,655 - INFO - ⌛ Esperando mudança visual...
2026-06-18 14:56:50,673 - INFO - ⌛ Esperando mudança visual...
2026-06-18 14:56:51,688 - INFO - ⌛ Esperando mudança visual...
2026-06-18 14:56:52,703 - INFO - ⌛ Esperando mudança visual...
2026-06-18 14:56:53,720 - INFO - ✅ Tela carregada!
2026-06-18 14:57:24,196 - INFO - ⌛ Aguardando janela de confirmação de desbloqueio...
2026-06-18 14:57:39,594 - INFO - 🟨 Registros desbloqueados com sucesso
2026-06-18 14:57:52,166 - INFO - ⌛ Aguardando janela de confirmação de desprogramação ...
2026-06-18 14:58:07,619 - INFO - 🟨 Janela de confirmação de desprogramação detectada
2026-06-18 14:58:10,888 - INFO - ⌛ Aguardando janela de confirmação de desprogramação ...
2026-06-18 14:58:26,338 - INFO - 🟨 Janela de aviso de desprogramação detectada
2026-06-18 14:58:28,496 - INFO - ⌛ Aguardando janela de confirmação de desprogramação 2 ...
2026-06-18 14:58:43,905 - INFO - 🟨 Janela de confirmação 2 de desprogramação detectada
2026-06-18 14:58:51,134 - INFO - ⌛ Aguardando janela de sucesso ...
2026-06-18 14:59:06,563 - INFO - 🟨 lote desprogramado com sucesso
2026-06-18 14:59:08,731 - INFO - 
=== Iniciando lote 122/214  ===
2026-06-18 14:59:15,083 - INFO - Janela de seleção aberta
2026-06-18 14:59:19,310 - INFO - DEBUG: idx=121, inicio=3025, fim=3050
2026-06-18 14:59:19,311 - INFO - ✅ 25 OS copiadas para a área de transferência.
2026-06-18 14:59:19,311 - INFO - 📋 Lote 122 copiado.
2026-06-18 14:59:27,631 - INFO - ⌛ Esperando mudança visual...
2026-06-18 14:59:28,645 - INFO - ⌛ Esperando mudança visual...
2026-06-18 14:59:29,664 - INFO - ⌛ Esperando mudança visual...
2026-06-18 14:59:30,680 - INFO - ⌛ Esperando mudança visual...
2026-06-18 14:59:31,691 - INFO - ⌛ Esperando mudança visual...
2026-06-18 14:59:32,711 - INFO - ⌛ Esperando mudança visual...
2026-06-18 14:59:33,725 - INFO - ⌛ Esperando mudança visual...
2026-06-18 14:59:34,739 - INFO - ⌛ Esperando mudança visual...
2026-06-18 14:59:35,758 - INFO - ⌛ Esperando mudança visual...
2026-06-18 14:59:36,774 - INFO - ✅ Tela carregada!
2026-06-18 15:00:07,261 - INFO - ⌛ Aguardando janela de confirmação de desbloqueio...
2026-06-18 15:00:22,727 - INFO - 🟨 Registros desbloqueados com sucesso
2026-06-18 15:00:35,311 - INFO - ⌛ Aguardando janela de confirmação de desprogramação ...
2026-06-18 15:00:50,711 - INFO - 🟨 Janela de confirmação de desprogramação detectada
2026-06-18 15:00:53,996 - INFO - ⌛ Aguardando janela de confirmação de desprogramação ...
2026-06-18 15:01:09,447 - INFO - 🟨 Janela de aviso de desprogramação detectada
2026-06-18 15:01:11,626 - INFO - ⌛ Aguardando janela de confirmação de desprogramação 2 ...
2026-06-18 15:01:27,027 - INFO - 🟨 Janela de confirmação 2 de desprogramação detectada
2026-06-18 15:01:34,251 - INFO - ⌛ Aguardando janela de sucesso ...
2026-06-18 15:01:49,668 - INFO - 🟨 lote desprogramado com sucesso
2026-06-18 15:01:51,834 - INFO - 
=== Iniciando lote 123/214  ===
2026-06-18 15:01:58,193 - INFO - Janela de seleção aberta
2026-06-18 15:02:02,423 - INFO - DEBUG: idx=122, inicio=3050, fim=3075
2026-06-18 15:02:02,423 - INFO - ✅ 25 OS copiadas para a área de transferência.
2026-06-18 15:02:02,423 - INFO - 📋 Lote 123 copiado.
2026-06-18 15:02:10,768 - INFO - ⌛ Esperando mudança visual...
2026-06-18 15:02:11,784 - INFO - ⌛ Esperando mudança visual...
2026-06-18 15:02:12,795 - INFO - ⌛ Esperando mudança visual...
2026-06-18 15:02:13,815 - INFO - ⌛ Esperando mudança visual...
2026-06-18 15:02:14,830 - INFO - ⌛ Esperando mudança visual...
2026-06-18 15:02:15,843 - INFO - ⌛ Esperando mudança visual...
2026-06-18 15:02:16,860 - INFO - ⌛ Esperando mudança visual...
2026-06-18 15:02:17,876 - INFO - ⌛ Esperando mudança visual...
2026-06-18 15:02:18,887 - INFO - ⌛ Esperando mudança visual...
2026-06-18 15:02:19,908 - INFO - ⌛ Esperando mudança visual...
2026-06-18 15:02:20,925 - INFO - ✅ Tela carregada!
2026-06-18 15:02:51,407 - INFO - ⌛ Aguardando janela de confirmação de desbloqueio...
2026-06-18 15:03:06,807 - INFO - 🟨 Registros desbloqueados com sucesso
2026-06-18 15:03:19,374 - INFO - ⌛ Aguardando janela de confirmação de desprogramação ...
2026-06-18 15:03:34,729 - INFO - 🟨 Janela de confirmação de desprogramação detectada
2026-06-18 15:03:37,997 - INFO - ⌛ Aguardando janela de confirmação de desprogramação ...
2026-06-18 15:03:53,416 - INFO - 🟨 Janela de aviso de desprogramação detectada
2026-06-18 15:03:55,565 - INFO - ⌛ Aguardando janela de confirmação de desprogramação 2 ...
2026-06-18 15:04:10,943 - INFO - ⌛ Aguardando janela de confirmação de desprogramação 2 ...
2026-06-18 15:04:26,327 - INFO - 🟨 Janela de confirmação 2 de desprogramação detectada
2026-06-18 15:04:33,570 - INFO - ⌛ Aguardando janela de sucesso ...
2026-06-18 15:04:48,986 - INFO - 🟨 lote desprogramado com sucesso
2026-06-18 15:04:51,139 - INFO - 
=== Iniciando lote 124/214  ===
2026-06-18 15:04:57,505 - INFO - Janela de seleção aberta
2026-06-18 15:05:01,737 - INFO - DEBUG: idx=123, inicio=3075, fim=3100
2026-06-18 15:05:01,737 - INFO - ✅ 25 OS copiadas para a área de transferência.
2026-06-18 15:05:01,737 - INFO - 📋 Lote 124 copiado.
2026-06-18 15:05:10,071 - INFO - ⌛ Esperando mudança visual...
2026-06-18 15:05:11,082 - INFO - ⌛ Esperando mudança visual...
2026-06-18 15:05:12,102 - INFO - ⌛ Esperando mudança visual...
2026-06-18 15:05:13,117 - INFO - ⌛ Esperando mudança visual...
2026-06-18 15:05:14,129 - INFO - ⌛ Esperando mudança visual...
2026-06-18 15:05:15,147 - INFO - ⌛ Esperando mudança visual...
2026-06-18 15:05:16,162 - INFO - ⌛ Esperando mudança visual...
2026-06-18 15:05:17,176 - INFO - ⌛ Esperando mudança visual...
2026-06-18 15:05:18,192 - INFO - ⌛ Esperando mudança visual...
2026-06-18 15:05:19,212 - INFO - ⌛ Esperando mudança visual...
2026-06-18 15:05:20,227 - INFO - ✅ Tela carregada!
2026-06-18 15:05:50,694 - INFO - ⌛ Aguardando janela de confirmação de desbloqueio...
2026-06-18 15:06:06,137 - INFO - 🟨 Registros desbloqueados com sucesso
2026-06-18 15:06:18,705 - INFO - ⌛ Aguardando janela de confirmação de desprogramação ...
2026-06-18 15:06:34,109 - INFO - 🟨 Janela de confirmação de desprogramação detectada
2026-06-18 15:06:37,410 - INFO - 🟨 Janela de aviso de desprogramação detectada
2026-06-18 15:06:39,570 - INFO - ⌛ Aguardando janela de confirmação de desprogramação 2 ...
2026-06-18 15:06:54,954 - INFO - 🟨 Janela de confirmação 2 de desprogramação detectada
2026-06-18 15:07:02,167 - INFO - ⌛ Aguardando janela de sucesso ...
2026-06-18 15:07:17,585 - INFO - 🟨 lote desprogramado com sucesso
2026-06-18 15:07:19,734 - INFO - 
=== Iniciando lote 125/214  ===
2026-06-18 15:07:26,084 - INFO - Janela de seleção aberta
2026-06-18 15:07:30,308 - INFO - DEBUG: idx=124, inicio=3100, fim=3125
2026-06-18 15:07:30,308 - INFO - ✅ 25 OS copiadas para a área de transferência.
2026-06-18 15:07:30,308 - INFO - 📋 Lote 125 copiado.
2026-06-18 15:07:38,636 - INFO - ⌛ Esperando mudança visual...
2026-06-18 15:07:39,651 - INFO - ⌛ Esperando mudança visual...
2026-06-18 15:07:40,668 - INFO - ⌛ Esperando mudança visual...
2026-06-18 15:07:41,680 - INFO - ⌛ Esperando mudança visual...
2026-06-18 15:07:42,698 - INFO - ⌛ Esperando mudança visual...
2026-06-18 15:07:43,713 - INFO - ⌛ Esperando mudança visual...
2026-06-18 15:07:44,728 - INFO - ⌛ Esperando mudança visual...
2026-06-18 15:07:45,745 - INFO - ⌛ Esperando mudança visual...
2026-06-18 15:07:46,760 - INFO - ⌛ Esperando mudança visual...
2026-06-18 15:07:47,774 - INFO - ⌛ Esperando mudança visual...
2026-06-18 15:07:48,792 - INFO - ✅ Tela carregada!
2026-06-18 15:08:19,260 - INFO - ⌛ Aguardando janela de confirmação de desbloqueio...
2026-06-18 15:08:34,632 - INFO - 🟨 Registros desbloqueados com sucesso
2026-06-18 15:08:47,211 - INFO - ⌛ Aguardando janela de confirmação de desprogramação ...
2026-06-18 15:09:02,577 - INFO - 🟨 Janela de confirmação de desprogramação detectada
2026-06-18 15:09:05,834 - INFO - ⌛ Aguardando janela de confirmação de desprogramação ...
2026-06-18 15:09:21,277 - INFO - 🟨 Janela de aviso de desprogramação detectada
2026-06-18 15:09:23,435 - INFO - ⌛ Aguardando janela de confirmação de desprogramação 2 ...
2026-06-18 15:09:38,822 - INFO - 🟨 Janela de confirmação 2 de desprogramação detectada
2026-06-18 15:09:46,027 - INFO - ⌛ Aguardando janela de sucesso ...
2026-06-18 15:10:01,402 - INFO - 🟨 lote desprogramado com sucesso
2026-06-18 15:10:03,549 - INFO - 
=== Iniciando lote 126/214  ===
2026-06-18 15:10:09,922 - INFO - Janela de seleção aberta
2026-06-18 15:10:14,144 - INFO - DEBUG: idx=125, inicio=3125, fim=3150
2026-06-18 15:10:14,144 - INFO - ✅ 25 OS copiadas para a área de transferência.
2026-06-18 15:10:14,144 - INFO - 📋 Lote 126 copiado.
2026-06-18 15:10:22,469 - INFO - ⌛ Esperando mudança visual...
2026-06-18 15:10:23,488 - INFO - ⌛ Esperando mudança visual...
2026-06-18 15:10:24,503 - INFO - ⌛ Esperando mudança visual...
2026-06-18 15:10:25,519 - INFO - ⌛ Esperando mudança visual...
2026-06-18 15:10:26,531 - INFO - ⌛ Esperando mudança visual...
2026-06-18 15:10:27,551 - INFO - ⌛ Esperando mudança visual...
2026-06-18 15:10:28,564 - INFO - ⌛ Esperando mudança visual...
2026-06-18 15:10:29,577 - INFO - ⌛ Esperando mudança visual...
2026-06-18 15:10:30,597 - INFO - ⌛ Esperando mudança visual...
2026-06-18 15:10:31,613 - INFO - ⌛ Esperando mudança visual...
2026-06-18 15:10:32,629 - INFO - ⌛ Esperando mudança visual...
2026-06-18 15:10:33,643 - INFO - ⌛ Esperando mudança visual...
2026-06-18 15:10:34,658 - INFO - ✅ Tela carregada!
2026-06-18 15:11:05,142 - INFO - ⌛ Aguardando janela de confirmação de desbloqueio...
2026-06-18 15:11:20,525 - INFO - ⌛ Aguardando janela de confirmação de desbloqueio...
2026-06-18 15:11:35,892 - INFO - 🟨 Registros desbloqueados com sucesso
2026-06-18 15:11:48,465 - INFO - ⌛ Aguardando janela de confirmação de desprogramação ...
2026-06-18 15:12:03,840 - INFO - 🟨 Janela de confirmação de desprogramação detectada
2026-06-18 15:12:07,102 - INFO - ⌛ Aguardando janela de confirmação de desprogramação ...
2026-06-18 15:12:22,519 - INFO - 🟨 Janela de aviso de desprogramação detectada
2026-06-18 15:12:24,674 - INFO - ⌛ Aguardando janela de confirmação de desprogramação 2 ...
2026-06-18 15:12:40,030 - INFO - ⌛ Aguardando janela de confirmação de desprogramação 2 ...
2026-06-18 15:12:40,147 - INFO - 🟨 Identificado travamento no EQM, reiniciando contador de espera
2026-06-18 15:12:55,408 - INFO - 🟨 Janela de confirmação 2 de desprogramação detectada
2026-06-18 15:13:02,605 - INFO - ⌛ Aguardando janela de sucesso ...
2026-06-18 15:13:17,970 - INFO - 🟨 lote desprogramado com sucesso
2026-06-18 15:13:20,119 - INFO - 
=== Iniciando lote 127/214  ===
2026-06-18 15:13:26,467 - INFO - Janela de seleção aberta
2026-06-18 15:13:32,801 - INFO - DEBUG: idx=126, inicio=3150, fim=3175
2026-06-18 15:13:32,801 - INFO - ✅ 25 OS copiadas para a área de transferência.
2026-06-18 15:13:32,801 - INFO - 📋 Lote 127 copiado.
2026-06-18 15:13:41,119 - INFO - ⌛ Esperando mudança visual...
2026-06-18 15:13:42,138 - INFO - ⌛ Esperando mudança visual...
2026-06-18 15:13:43,154 - INFO - ⌛ Esperando mudança visual...
2026-06-18 15:13:44,166 - INFO - ⌛ Esperando mudança visual...
2026-06-18 15:13:45,185 - INFO - ⌛ Esperando mudança visual...
2026-06-18 15:13:46,200 - INFO - ⌛ Esperando mudança visual...
2026-06-18 15:13:47,212 - INFO - ⌛ Esperando mudança visual...
2026-06-18 15:13:48,228 - INFO - ⌛ Esperando mudança visual...
2026-06-18 15:13:49,247 - INFO - ⌛ Esperando mudança visual...
2026-06-18 15:13:50,263 - INFO - ⌛ Esperando mudança visual...
2026-06-18 15:13:51,278 - INFO - ✅ Tela carregada!
2026-06-18 15:14:21,736 - INFO - ⌛ Aguardando janela de confirmação de desbloqueio...
2026-06-18 15:14:37,110 - INFO - ⌛ Aguardando janela de confirmação de desbloqueio...
2026-06-18 15:14:52,498 - INFO - ⌛ Aguardando janela de confirmação de desbloqueio...
2026-06-18 15:15:07,881 - INFO - ⌛ Aguardando janela de confirmação de desbloqueio...
2026-06-18 15:15:23,262 - INFO - ⌛ Aguardando janela de confirmação de desbloqueio...
2026-06-18 15:15:38,629 - INFO - ⌛ Aguardando janela de confirmação de desbloqueio...
2026-06-18 15:15:53,999 - INFO - ⌛ Aguardando janela de confirmação de desbloqueio...
2026-06-18 15:16:09,366 - INFO - ⌛ Aguardando janela de confirmação de desbloqueio...
2026-06-18 15:16:24,746 - INFO - ⌛ Aguardando janela de confirmação de desbloqueio...
2026-06-18 15:16:40,154 - INFO - ⌛ Aguardando janela de confirmação de desbloqueio...
2026-06-18 15:16:55,540 - INFO - ⌛ Aguardando janela de confirmação de desbloqueio...
2026-06-18 15:17:10,919 - INFO - ⌛ Aguardando janela de confirmação de desbloqueio...
2026-06-18 15:17:26,290 - INFO - ⌛ Aguardando janela de confirmação de desbloqueio...
2026-06-18 15:17:41,657 - INFO - ⌛ Aguardando janela de confirmação de desbloqueio...
2026-06-18 15:17:57,020 - INFO - ⌛ Aguardando janela de confirmação de desbloqueio...
2026-06-18 15:18:12,395 - INFO - ⌛ Aguardando janela de confirmação de desbloqueio...
2026-06-18 15:18:27,760 - INFO - ⌛ Aguardando janela de confirmação de desbloqueio...
2026-06-18 15:18:43,123 - INFO - ⌛ Aguardando janela de confirmação de desbloqueio...
2026-06-18 15:18:58,492 - INFO - ⌛ Aguardando janela de confirmação de desbloqueio...
2026-06-18 15:19:13,885 - INFO - ⌛ Aguardando janela de confirmação de desbloqueio...
2026-06-18 15:19:29,269 - INFO - ⌛ Aguardando janela de confirmação de desbloqueio...
2026-06-18 15:19:44,654 - INFO - ⌛ Aguardando janela de confirmação de desbloqueio...
2026-06-18 15:20:00,038 - INFO - ⌛ Aguardando janela de confirmação de desbloqueio...
2026-06-18 15:20:15,435 - INFO - ⌛ Aguardando janela de confirmação de desbloqueio...
2026-06-18 15:20:30,865 - INFO - ⌛ Aguardando janela de confirmação de desbloqueio...
2026-06-18 15:20:46,241 - INFO - ⌛ Aguardando janela de confirmação de desbloqueio...
2026-06-18 15:21:01,635 - INFO - ⌛ Aguardando janela de confirmação de desbloqueio...
2026-06-18 15:21:17,028 - INFO - ⌛ Aguardando janela de confirmação de desbloqueio...
2026-06-18 15:21:32,428 - INFO - ⌛ Aguardando janela de confirmação de desbloqueio...
2026-06-18 15:21:47,819 - INFO - ⌛ Aguardando janela de confirmação de desbloqueio...
2026-06-18 15:22:03,210 - INFO - ⌛ Aguardando janela de confirmação de desbloqueio...
2026-06-18 15:22:18,599 - INFO - ⌛ Aguardando janela de confirmação de desbloqueio...
2026-06-18 15:22:33,975 - INFO - ⌛ Aguardando janela de confirmação de desbloqueio...
2026-06-18 15:22:49,367 - INFO - ⌛ Aguardando janela de confirmação de desbloqueio...
2026-06-18 15:23:04,727 - INFO - ⌛ Aguardando janela de confirmação de desbloqueio...
2026-06-18 15:23:20,101 - INFO - ⌛ Aguardando janela de confirmação de desbloqueio...
2026-06-18 15:23:35,463 - INFO - ⌛ Aguardando janela de confirmação de desbloqueio...
2026-06-18 15:23:50,831 - INFO - ⌛ Aguardando janela de confirmação de desbloqueio...
2026-06-18 15:24:06,205 - INFO - ⌛ Aguardando janela de confirmação de desbloqueio...
2026-06-18 15:24:21,575 - INFO - ⌛ Aguardando janela de confirmação de desbloqueio...
2026-06-18 15:24:36,957 - INFO - ⌛ Aguardando janela de confirmação de desbloqueio...
2026-06-18 15:24:52,312 - INFO - ⌛ Aguardando janela de confirmação de desbloqueio...
2026-06-18 15:25:07,691 - INFO - ⌛ Aguardando janela de confirmação de desbloqueio...
2026-06-18 15:25:23,065 - INFO - ⌛ Aguardando janela de confirmação de desbloqueio...
2026-06-18 15:25:38,446 - INFO - ⌛ Aguardando janela de confirmação de desbloqueio...
2026-06-18 15:25:53,815 - INFO - ⌛ Aguardando janela de confirmação de desbloqueio...
2026-06-18 15:26:09,197 - INFO - ⌛ Aguardando janela de confirmação de desbloqueio...
2026-06-18 15:26:24,559 - INFO - ⌛ Aguardando janela de confirmação de desbloqueio...
2026-06-18 15:26:40,000 - INFO - ⌛ Aguardando janela de confirmação de desbloqueio...
2026-06-18 15:26:55,370 - INFO - ⌛ Aguardando janela de confirmação de desbloqueio...
2026-06-18 15:27:10,779 - INFO - ⌛ Aguardando janela de confirmação de desbloqueio...
2026-06-18 15:27:26,191 - INFO - ⌛ Aguardando janela de confirmação de desbloqueio...
2026-06-18 15:27:41,583 - INFO - ⌛ Aguardando janela de confirmação de desbloqueio...
2026-06-18 15:27:56,975 - INFO - ⌛ Aguardando janela de confirmação de desbloqueio...
2026-06-18 15:28:12,342 - INFO - ⌛ Aguardando janela de confirmação de desbloqueio...
2026-06-18 15:28:27,723 - INFO - ⌛ Aguardando janela de confirmação de desbloqueio...
2026-06-18 15:28:43,172 - INFO - ⌛ Aguardando janela de confirmação de desbloqueio...
2026-06-18 15:28:58,545 - INFO - ⌛ Aguardando janela de confirmação de desbloqueio...
2026-06-18 15:29:13,931 - INFO - ⌛ Aguardando janela de confirmação de desbloqueio...
2026-06-18 15:29:29,299 - INFO - ⌛ Aguardando janela de confirmação de desbloqueio...
2026-06-18 15:29:44,672 - INFO - ⌛ Aguardando janela de confirmação de desbloqueio...
2026-06-18 15:30:00,069 - INFO - ⌛ Aguardando janela de confirmação de desbloqueio...
2026-06-18 15:30:15,458 - INFO - ⌛ Aguardando janela de confirmação de desbloqueio...
2026-06-18 15:30:30,886 - INFO - ⌛ Aguardando janela de confirmação de desbloqueio...
2026-06-18 15:30:46,273 - INFO - ⌛ Aguardando janela de confirmação de desbloqueio...
2026-06-18 15:31:01,657 - INFO - ⌛ Aguardando janela de confirmação de desbloqueio...
2026-06-18 15:31:17,041 - INFO - ⌛ Aguardando janela de confirmação de desbloqueio...
2026-06-18 15:31:32,403 - INFO - ⌛ Aguardando janela de confirmação de desbloqueio...
2026-06-18 15:31:47,792 - INFO - ⌛ Aguardando janela de confirmação de desbloqueio...
2026-06-18 15:32:03,172 - INFO - ⌛ Aguardando janela de confirmação de desbloqueio...
2026-06-18 15:32:18,532 - INFO - ⌛ Aguardando janela de confirmação de desbloqueio...
2026-06-18 15:32:33,925 - INFO - ⌛ Aguardando janela de confirmação de desbloqueio...
2026-06-18 15:32:49,301 - INFO - ⌛ Aguardando janela de confirmação de desbloqueio...
2026-06-18 15:33:04,685 - INFO - ⌛ Aguardando janela de confirmação de desbloqueio...
2026-06-18 15:33:20,060 - INFO - ⌛ Aguardando janela de confirmação de desbloqueio...
2026-06-18 15:33:35,434 - INFO - ⌛ Aguardando janela de confirmação de desbloqueio...
2026-06-18 15:33:50,820 - INFO - ⌛ Aguardando janela de confirmação de desbloqueio...
2026-06-18 15:34:06,187 - INFO - verificando janela oculta
2026-06-18 15:34:26,656 - INFO - ⏱️ Tempo limite atingido. Abortando seleção
2026-06-18 15:34:26,656 - INFO - Capturando print...
2026-06-18 15:47:43,851 - INFO - Data hoje: 18/06/2026
2026-06-18 15:47:43,851 - INFO - Data de referência: 30/06/2026
2026-06-18 15:50:22,390 - INFO - Qtde OS de LINHA VIVA: 338
2026-06-18 15:50:22,390 - INFO - Qtde OS poda de LINHA MORTA: 214
2026-06-18 15:50:22,390 - INFO - Qtde OS estrutural de LINHA MORTA : 11782
2026-06-18 15:50:22,390 - INFO - Qtde OS poda de LINHA MORTA fora carteira: 41
2026-06-18 15:50:22,390 - INFO - Qtde OS para desprogramar: 5344
2026-06-18 15:50:22,390 - INFO - 
 Qtd de lotes de LM: 9
2026-06-18 15:50:22,390 - INFO - 
 Qtd de lotes de LV: 14
2026-06-18 15:50:22,390 - INFO - 
 Qtd de lotes de ESTRUTURAL LM: 472
2026-06-18 15:50:22,390 - INFO - 
 Qtd de lotes de LEVE: 2
2026-06-18 15:50:22,390 - INFO - 
 Qtd de lotes para desprogramar: 214
2026-06-18 15:50:22,390 - INFO - 
=== Iniciando lote 127/214  ===
2026-06-18 15:50:28,940 - INFO - Janela de seleção aberta
2026-06-18 15:50:35,303 - INFO - DEBUG: idx=126, inicio=3150, fim=3175
2026-06-18 15:50:35,303 - INFO - ✅ 25 OS copiadas para a área de transferência.
2026-06-18 15:50:35,303 - INFO - 📋 Lote 127 copiado.
2026-06-18 15:50:43,646 - INFO - ⌛ Esperando mudança visual...
2026-06-18 15:50:44,664 - INFO - ⌛ Esperando mudança visual...
2026-06-18 15:50:45,674 - INFO - ⌛ Esperando mudança visual...
2026-06-18 15:50:46,696 - INFO - ⌛ Esperando mudança visual...
2026-06-18 15:50:47,713 - INFO - ⌛ Esperando mudança visual...
2026-06-18 15:50:48,729 - INFO - ✅ Tela carregada!
2026-06-18 15:51:19,345 - INFO - ⌛ Aguardando janela de confirmação de desbloqueio...
2026-06-18 15:51:35,321 - INFO - ⌛ Aguardando janela de confirmação de desbloqueio...
2026-06-18 15:52:16,039 - INFO - Data hoje: 18/06/2026
2026-06-18 15:52:16,042 - INFO - Data de referência: 30/06/2026
2026-06-18 15:54:07,064 - INFO - Data hoje: 18/06/2026
2026-06-18 15:54:07,066 - INFO - Data de referência: 30/06/2026
2026-06-18 15:56:47,560 - INFO - Qtde OS de LINHA VIVA: 338
2026-06-18 15:56:47,560 - INFO - Qtde OS poda de LINHA MORTA: 214
2026-06-18 15:56:47,560 - INFO - Qtde OS estrutural de LINHA MORTA : 11782
2026-06-18 15:56:47,560 - INFO - Qtde OS poda de LINHA MORTA fora carteira: 41
2026-06-18 15:56:47,560 - INFO - Qtde OS para desprogramar: 5344
2026-06-18 15:56:47,566 - INFO - 
 Qtd de lotes de LM: 9
2026-06-18 15:56:47,566 - INFO - 
 Qtd de lotes de LV: 14
2026-06-18 15:56:47,566 - INFO - 
 Qtd de lotes de ESTRUTURAL LM: 472
2026-06-18 15:56:47,566 - INFO - 
 Qtd de lotes de LEVE: 2
2026-06-18 15:56:47,566 - INFO - 
 Qtd de lotes para desprogramar: 214
2026-06-18 15:56:47,566 - INFO - 
=== Iniciando lote 127/214  ===
2026-06-18 15:56:54,118 - INFO - Janela de seleção aberta
2026-06-18 15:56:58,371 - INFO - DEBUG: idx=126, inicio=3150, fim=3175
2026-06-18 15:56:58,374 - INFO - ✅ 25 OS copiadas para a área de transferência.
2026-06-18 15:56:58,374 - INFO - 📋 Lote 127 copiado.
2026-06-18 15:57:06,707 - INFO - ⌛ Esperando mudança visual...
2026-06-18 15:57:07,723 - INFO - ⌛ Esperando mudança visual...
2026-06-18 15:57:08,740 - INFO - ⌛ Esperando mudança visual...
2026-06-18 15:57:09,752 - INFO - ⌛ Esperando mudança visual...
2026-06-18 15:57:10,771 - INFO - ⌛ Esperando mudança visual...
2026-06-18 15:57:11,788 - INFO - ⌛ Esperando mudança visual...
2026-06-18 15:57:12,798 - INFO - ⌛ Esperando mudança visual...
2026-06-18 15:57:13,815 - INFO - ⌛ Esperando mudança visual...
2026-06-18 15:57:14,832 - INFO - ✅ Tela carregada!
2026-06-18 15:57:45,447 - INFO - ⌛ Aguardando janela de confirmação de desbloqueio...
2026-06-18 15:58:01,420 - INFO - 🟨 Registros desbloqueados com sucesso
2026-06-18 15:58:14,113 - INFO - ⌛ Aguardando janela de confirmação de desprogramação ...
2026-06-18 15:58:30,255 - INFO - 🟨 Janela de confirmação de desprogramação detectada
2026-06-18 15:58:33,900 - INFO - ⌛ Aguardando janela de confirmação de desprogramação ...
2026-06-18 15:58:50,135 - INFO - 🟨 Janela de aviso de desprogramação detectada
2026-06-18 15:58:52,411 - INFO - ⌛ Aguardando janela de confirmação de desprogramação 2 ...
2026-06-18 15:59:08,401 - INFO - 🟨 Janela de confirmação 2 de desprogramação detectada
2026-06-18 15:59:15,820 - INFO - ⌛ Aguardando janela de sucesso ...
2026-06-18 15:59:31,817 - INFO - 🟨 lote desprogramado com sucesso
2026-06-18 15:59:34,108 - INFO - 
=== Iniciando lote 128/214  ===
2026-06-18 15:59:40,573 - INFO - Janela de seleção aberta
2026-06-18 15:59:44,818 - INFO - DEBUG: idx=127, inicio=3175, fim=3200
2026-06-18 15:59:44,818 - INFO - ✅ 25 OS copiadas para a área de transferência.
2026-06-18 15:59:44,820 - INFO - 📋 Lote 128 copiado.
2026-06-18 15:59:53,156 - INFO - ⌛ Esperando mudança visual...
2026-06-18 15:59:54,171 - INFO - ⌛ Esperando mudança visual...
2026-06-18 15:59:55,187 - INFO - ⌛ Esperando mudança visual...
2026-06-18 15:59:56,204 - INFO - ⌛ Esperando mudança visual...
2026-06-18 15:59:57,221 - INFO - ⌛ Esperando mudança visual...
2026-06-18 15:59:58,237 - INFO - ⌛ Esperando mudança visual...
2026-06-18 15:59:59,253 - INFO - ⌛ Esperando mudança visual...
2026-06-18 16:00:00,270 - INFO - ⌛ Esperando mudança visual...
2026-06-18 16:00:01,286 - INFO - ⌛ Esperando mudança visual...
2026-06-18 16:00:02,306 - INFO - ✅ Tela carregada!
2026-06-18 16:00:32,917 - INFO - ⌛ Aguardando janela de confirmação de desbloqueio...
2026-06-18 16:00:48,998 - INFO - 🟨 Registros desbloqueados com sucesso
2026-06-18 16:01:01,679 - INFO - ⌛ Aguardando janela de confirmação de desprogramação ...
2026-06-18 16:01:18,529 - INFO - 🟨 Janela de confirmação de desprogramação detectada
2026-06-18 16:01:23,074 - INFO - ⌛ Aguardando janela de confirmação de desprogramação ...
2026-06-18 16:01:40,979 - INFO - 🟨 Janela de aviso de desprogramação detectada
2026-06-18 16:01:43,238 - INFO - ⌛ Aguardando janela de confirmação de desprogramação 2 ...
2026-06-18 16:01:59,615 - INFO - 🟨 Janela de confirmação 2 de desprogramação detectada
2026-06-18 16:02:07,125 - INFO - ⌛ Aguardando janela de sucesso ...
2026-06-18 16:02:25,188 - INFO - 🟨 lote desprogramado com sucesso
2026-06-18 16:02:27,539 - INFO - 
=== Iniciando lote 129/214  ===
2026-06-18 16:02:34,072 - INFO - ⌛ Aguardando janela de seleção...
2026-06-18 16:02:45,240 - INFO - ⌛ Aguardando janela de seleção...
2026-06-18 16:02:56,437 - INFO - ⌛ Aguardando janela de seleção...
2026-06-18 16:03:07,758 - INFO - ⌛ Aguardando janela de seleção...
2026-06-18 16:03:19,087 - INFO - ⌛ Aguardando janela de seleção...
2026-06-18 16:03:30,287 - INFO - ⌛ Aguardando janela de seleção...
2026-06-18 16:03:41,501 - INFO - ⌛ Aguardando janela de seleção...
2026-06-18 16:03:52,724 - INFO - ⌛ Aguardando janela de seleção...
2026-06-18 16:04:03,876 - INFO - ⌛ Aguardando janela de seleção...
2026-06-18 16:04:15,167 - INFO - ⌛ Aguardando janela de seleção...
2026-06-18 16:04:26,292 - INFO - ⌛ Aguardando janela de seleção...
2026-06-18 16:04:37,606 - INFO - ⌛ Aguardando janela de seleção...
2026-06-18 16:04:48,948 - INFO - ⌛ Aguardando janela de seleção...
2026-06-18 16:05:00,176 - INFO - ⌛ Aguardando janela de seleção...
2026-06-18 16:05:11,219 - INFO - ⌛ Aguardando janela de seleção...
2026-06-18 16:05:22,235 - INFO - ⌛ Aguardando janela de seleção...
2026-06-18 16:05:33,236 - INFO - ⌛ Aguardando janela de seleção...
2026-06-18 16:05:44,355 - INFO - ⌛ Aguardando janela de seleção...
2026-06-18 16:05:55,340 - INFO - ⌛ Aguardando janela de seleção...
2026-06-18 16:06:06,332 - INFO - ⌛ Aguardando janela de seleção...
2026-06-18 16:06:17,302 - INFO - ⌛ Aguardando janela de seleção...
2026-06-18 16:06:28,297 - INFO - ⌛ Aguardando janela de seleção...
2026-06-18 16:06:39,290 - INFO - ⌛ Aguardando janela de seleção...
2026-06-18 16:06:50,346 - INFO - ⌛ Aguardando janela de seleção...
2026-06-18 16:07:01,327 - INFO - ⌛ Aguardando janela de seleção...
2026-06-18 16:07:12,346 - INFO - ⌛ Aguardando janela de seleção...
2026-06-18 16:07:23,436 - INFO - ⌛ Aguardando janela de seleção...
2026-06-18 16:07:34,499 - INFO - ⌛ Aguardando janela de seleção...
2026-06-18 16:07:45,480 - INFO - ⌛ Aguardando janela de seleção...
2026-06-18 16:07:56,483 - INFO - ⌛ Aguardando janela de seleção...
2026-06-18 16:08:07,427 - INFO - ⌛ Aguardando janela de seleção...
2026-06-18 16:08:18,398 - INFO - ⌛ Aguardando janela de seleção...
2026-06-18 16:08:29,376 - INFO - ⌛ Aguardando janela de seleção...
2026-06-18 16:08:40,404 - INFO - ⌛ Aguardando janela de seleção...
2026-06-18 16:08:51,489 - INFO - ⌛ Aguardando janela de seleção...
2026-06-18 16:09:02,549 - INFO - Janela de seleção aberta
2026-06-18 16:09:08,889 - INFO - DEBUG: idx=128, inicio=3200, fim=3225
2026-06-18 16:09:08,890 - INFO - ✅ 25 OS copiadas para a área de transferência.
2026-06-18 16:09:08,891 - INFO - 📋 Lote 129 copiado.
2026-06-18 16:09:17,229 - INFO - ⌛ Esperando mudança visual...
2026-06-18 16:09:18,246 - INFO - ⌛ Esperando mudança visual...
2026-06-18 16:09:19,262 - INFO - ⌛ Esperando mudança visual...
2026-06-18 16:09:20,282 - INFO - ⌛ Esperando mudança visual...
2026-06-18 16:09:21,295 - INFO - ⌛ Esperando mudança visual...
2026-06-18 16:09:22,311 - INFO - ⌛ Esperando mudança visual...
2026-06-18 16:09:23,327 - INFO - ⌛ Esperando mudança visual...
2026-06-18 16:09:24,343 - INFO - ⌛ Esperando mudança visual...
2026-06-18 16:09:25,364 - INFO - ⌛ Esperando mudança visual...
2026-06-18 16:09:26,375 - INFO - ⌛ Esperando mudança visual...
2026-06-18 16:09:27,387 - INFO - ✅ Tela carregada!
2026-06-18 16:09:57,989 - INFO - ⌛ Aguardando janela de confirmação de desbloqueio...
2026-06-18 16:10:14,030 - INFO - 🟨 Registros desbloqueados com sucesso
2026-06-18 16:10:26,713 - INFO - ⌛ Aguardando janela de confirmação de desprogramação ...
2026-06-18 16:10:42,712 - INFO - 🟨 Janela de confirmação de desprogramação detectada
2026-06-18 16:10:46,341 - INFO - ⌛ Aguardando janela de confirmação de desprogramação ...
2026-06-18 16:11:02,596 - INFO - 🟨 Janela de aviso de desprogramação detectada
2026-06-18 16:11:04,862 - INFO - ⌛ Aguardando janela de confirmação de desprogramação 2 ...
2026-06-18 16:11:20,873 - INFO - 🟨 Janela de confirmação 2 de desprogramação detectada
2026-06-18 16:11:28,300 - INFO - ⌛ Aguardando janela de sucesso ...
2026-06-18 16:11:44,373 - INFO - 🟨 lote desprogramado com sucesso
2026-06-18 16:11:46,670 - INFO - 
=== Iniciando lote 130/214  ===
2026-06-18 16:11:53,144 - INFO - ⌛ Aguardando janela de seleção...
2026-06-18 16:12:04,263 - INFO - Janela de seleção aberta
2026-06-18 16:12:08,502 - INFO - DEBUG: idx=129, inicio=3225, fim=3250
2026-06-18 16:12:08,505 - INFO - ✅ 25 OS copiadas para a área de transferência.
2026-06-18 16:12:08,505 - INFO - 📋 Lote 130 copiado.
2026-06-18 16:12:16,841 - INFO - ⌛ Esperando mudança visual...
2026-06-18 16:12:17,859 - INFO - ⌛ Esperando mudança visual...
2026-06-18 16:12:18,878 - INFO - ⌛ Esperando mudança visual...
2026-06-18 16:12:19,883 - INFO - ⌛ Esperando mudança visual...
2026-06-18 16:12:20,910 - INFO - ⌛ Esperando mudança visual...
2026-06-18 16:12:21,924 - INFO - ⌛ Esperando mudança visual...
2026-06-18 16:12:22,945 - INFO - ⌛ Esperando mudança visual...
2026-06-18 16:12:23,962 - INFO - ⌛ Esperando mudança visual...
2026-06-18 16:12:24,977 - INFO - ⌛ Esperando mudança visual...
2026-06-18 16:12:25,993 - INFO - ⌛ Esperando mudança visual...
2026-06-18 16:12:27,010 - INFO - ⌛ Esperando mudança visual...
2026-06-18 16:12:28,025 - INFO - ⌛ Esperando mudança visual...
2026-06-18 16:12:29,043 - INFO - ⌛ Esperando mudança visual...
2026-06-18 16:12:30,056 - INFO - ⌛ Esperando mudança visual...
2026-06-18 16:12:31,071 - INFO - ⌛ Esperando mudança visual...
2026-06-18 16:12:32,087 - INFO - ⌛ Esperando mudança visual...
2026-06-18 16:12:33,111 - INFO - ⌛ Esperando mudança visual...
2026-06-18 16:12:34,128 - INFO - ⌛ Esperando mudança visual...
2026-06-18 16:12:35,144 - INFO - ⌛ Esperando mudança visual...
2026-06-18 16:12:36,159 - INFO - ✅ Tela carregada!
2026-06-18 16:13:06,774 - INFO - ⌛ Aguardando janela de confirmação de desbloqueio...
2026-06-18 16:13:22,815 - INFO - 🟨 Registros desbloqueados com sucesso
2026-06-18 16:13:35,528 - INFO - ⌛ Aguardando janela de confirmação de desprogramação ...
2026-06-18 16:13:51,623 - INFO - 🟨 Janela de confirmação de desprogramação detectada
2026-06-18 16:13:55,282 - INFO - 🟨 Janela de aviso de desprogramação detectada
2026-06-18 16:13:57,569 - INFO - ⌛ Aguardando janela de confirmação de desprogramação 2 ...
2026-06-18 16:14:13,724 - INFO - 🟨 Janela de confirmação 2 de desprogramação detectada
2026-06-18 16:14:21,195 - INFO - ⌛ Aguardando janela de sucesso ...
2026-06-18 16:14:37,335 - INFO - 🟨 lote desprogramado com sucesso
2026-06-18 16:14:39,631 - INFO - 
=== Iniciando lote 131/214  ===
2026-06-18 16:14:46,127 - INFO - ⌛ Aguardando janela de seleção...
2026-06-18 16:14:57,287 - INFO - Janela de seleção aberta
2026-06-18 16:15:01,532 - INFO - DEBUG: idx=130, inicio=3250, fim=3275
2026-06-18 16:15:01,533 - INFO - ✅ 25 OS copiadas para a área de transferência.
2026-06-18 16:15:01,533 - INFO - 📋 Lote 131 copiado.
2026-06-18 16:15:09,875 - INFO - ⌛ Esperando mudança visual...
2026-06-18 16:15:10,893 - INFO - ⌛ Esperando mudança visual...
2026-06-18 16:15:11,911 - INFO - ⌛ Esperando mudança visual...
2026-06-18 16:15:12,925 - INFO - ⌛ Esperando mudança visual...
2026-06-18 16:15:13,942 - INFO - ⌛ Esperando mudança visual...
2026-06-18 16:15:14,959 - INFO - ⌛ Esperando mudança visual...
2026-06-18 16:15:15,975 - INFO - ⌛ Esperando mudança visual...
2026-06-18 16:15:16,991 - INFO - ⌛ Esperando mudança visual...
2026-06-18 16:15:18,008 - INFO - ⌛ Esperando mudança visual...
2026-06-18 16:15:19,021 - INFO - ⌛ Esperando mudança visual...
2026-06-18 16:15:20,042 - INFO - ⌛ Esperando mudança visual...
2026-06-18 16:15:21,053 - INFO - ⌛ Esperando mudança visual...
2026-06-18 16:15:22,069 - INFO - ⌛ Esperando mudança visual...
2026-06-18 16:15:23,084 - INFO - ⌛ Esperando mudança visual...
2026-06-18 16:15:24,110 - INFO - ⌛ Esperando mudança visual...
2026-06-18 16:15:25,126 - INFO - ⌛ Esperando mudança visual...
2026-06-18 16:15:26,142 - INFO - ⌛ Esperando mudança visual...
2026-06-18 16:15:27,156 - INFO - ⌛ Esperando mudança visual...
2026-06-18 16:15:28,173 - INFO - ⌛ Esperando mudança visual...
2026-06-18 16:15:29,188 - INFO - ✅ Tela carregada!
2026-06-18 16:15:59,780 - INFO - ⌛ Aguardando janela de confirmação de desbloqueio...
2026-06-18 16:16:15,815 - INFO - 🟨 Registros desbloqueados com sucesso
2026-06-18 16:16:28,508 - INFO - ⌛ Aguardando janela de confirmação de desprogramação ...
2026-06-18 16:16:44,561 - INFO - 🟨 Janela de confirmação de desprogramação detectada
2026-06-18 16:16:48,176 - INFO - ⌛ Aguardando janela de confirmação de desprogramação ...
2026-06-18 16:17:04,389 - INFO - 🟨 Janela de aviso de desprogramação detectada
2026-06-18 16:17:06,686 - INFO - ⌛ Aguardando janela de confirmação de desprogramação 2 ...
2026-06-18 16:17:22,816 - INFO - 🟨 Janela de confirmação 2 de desprogramação detectada
2026-06-18 16:17:30,255 - INFO - ⌛ Aguardando janela de sucesso ...
2026-06-18 16:17:46,313 - INFO - 🟨 lote desprogramado com sucesso
2026-06-18 16:17:48,597 - INFO - 
=== Iniciando lote 132/214  ===
2026-06-18 16:17:55,055 - INFO - ⌛ Aguardando janela de seleção...
2026-06-18 16:18:06,042 - INFO - Janela de seleção aberta
2026-06-18 16:18:10,301 - INFO - DEBUG: idx=131, inicio=3275, fim=3300
2026-06-18 16:18:10,301 - INFO - ✅ 25 OS copiadas para a área de transferência.
2026-06-18 16:18:10,301 - INFO - 📋 Lote 132 copiado.
2026-06-18 16:18:18,626 - INFO - ⌛ Esperando mudança visual...
2026-06-18 16:18:19,658 - INFO - ⌛ Esperando mudança visual...
2026-06-18 16:18:20,675 - INFO - ⌛ Esperando mudança visual...
2026-06-18 16:18:21,690 - INFO - ⌛ Esperando mudança visual...
2026-06-18 16:18:22,706 - INFO - ⌛ Esperando mudança visual...
2026-06-18 16:18:23,722 - INFO - ⌛ Esperando mudança visual...
2026-06-18 16:18:24,738 - INFO - ⌛ Esperando mudança visual...
2026-06-18 16:18:25,755 - INFO - ⌛ Esperando mudança visual...
2026-06-18 16:18:26,773 - INFO - ⌛ Esperando mudança visual...
2026-06-18 16:18:27,789 - INFO - ⌛ Esperando mudança visual...
2026-06-18 16:18:28,800 - INFO - ⌛ Esperando mudança visual...
2026-06-18 16:18:29,825 - INFO - ⌛ Esperando mudança visual...
2026-06-18 16:18:30,839 - INFO - ⌛ Esperando mudança visual...
2026-06-18 16:18:31,858 - INFO - ⌛ Esperando mudança visual...
2026-06-18 16:18:32,873 - INFO - ⌛ Esperando mudança visual...
2026-06-18 16:18:33,878 - INFO - ⌛ Esperando mudança visual...
2026-06-18 16:18:34,904 - INFO - ⌛ Esperando mudança visual...
2026-06-18 16:18:35,924 - INFO - ⌛ Esperando mudança visual...
2026-06-18 16:18:36,941 - INFO - ⌛ Esperando mudança visual...
2026-06-18 16:18:37,958 - INFO - ✅ Tela carregada!
2026-06-18 16:19:08,546 - INFO - ⌛ Aguardando janela de confirmação de desbloqueio...
2026-06-18 16:19:24,561 - INFO - 🟨 Registros desbloqueados com sucesso
2026-06-18 16:19:37,231 - INFO - ⌛ Aguardando janela de confirmação de desprogramação ...
2026-06-18 16:19:53,232 - INFO - 🟨 Janela de confirmação de desprogramação detectada
2026-06-18 16:19:56,907 - INFO - ⌛ Aguardando janela de confirmação de desprogramação ...
2026-06-18 16:20:13,065 - INFO - 🟨 Janela de aviso de desprogramação detectada
2026-06-18 16:20:15,356 - INFO - ⌛ Aguardando janela de confirmação de desprogramação 2 ...
2026-06-18 16:20:31,471 - INFO - 🟨 Janela de confirmação 2 de desprogramação detectada
2026-06-18 16:20:38,899 - INFO - ⌛ Aguardando janela de sucesso ...
2026-06-18 16:20:54,904 - INFO - 🟨 lote desprogramado com sucesso
2026-06-18 16:20:57,190 - INFO - 
=== Iniciando lote 133/214  ===
2026-06-18 16:21:03,655 - INFO - ⌛ Aguardando janela de seleção...
2026-06-18 16:21:14,652 - INFO - Janela de seleção aberta
2026-06-18 16:21:18,894 - INFO - DEBUG: idx=132, inicio=3300, fim=3325
2026-06-18 16:21:18,894 - INFO - ✅ 25 OS copiadas para a área de transferência.
2026-06-18 16:21:18,894 - INFO - 📋 Lote 133 copiado.
2026-06-18 16:21:27,232 - INFO - ⌛ Esperando mudança visual...
2026-06-18 16:21:28,256 - INFO - ⌛ Esperando mudança visual...
2026-06-18 16:21:29,271 - INFO - ⌛ Esperando mudança visual...
2026-06-18 16:21:30,287 - INFO - ⌛ Esperando mudança visual...
2026-06-18 16:21:31,303 - INFO - ⌛ Esperando mudança visual...
2026-06-18 16:21:32,320 - INFO - ⌛ Esperando mudança visual...
2026-06-18 16:21:33,336 - INFO - ⌛ Esperando mudança visual...
2026-06-18 16:21:34,350 - INFO - ⌛ Esperando mudança visual...
2026-06-18 16:21:35,365 - INFO - ⌛ Esperando mudança visual...
2026-06-18 16:21:36,381 - INFO - ⌛ Esperando mudança visual...
2026-06-18 16:21:37,404 - INFO - ⌛ Esperando mudança visual...
2026-06-18 16:21:38,420 - INFO - ⌛ Esperando mudança visual...
2026-06-18 16:21:39,437 - INFO - ⌛ Esperando mudança visual...
2026-06-18 16:21:40,453 - INFO - ⌛ Esperando mudança visual...
2026-06-18 16:21:41,470 - INFO - ⌛ Esperando mudança visual...
2026-06-18 16:21:42,486 - INFO - ⌛ Esperando mudança visual...
2026-06-18 16:21:43,502 - INFO - ⌛ Esperando mudança visual...
2026-06-18 16:21:44,522 - INFO - ⌛ Esperando mudança visual...
2026-06-18 16:21:45,534 - INFO - ⌛ Esperando mudança visual...
2026-06-18 16:21:46,554 - INFO - ✅ Tela carregada!
2026-06-18 16:22:17,173 - INFO - ⌛ Aguardando janela de confirmação de desbloqueio...
2026-06-18 16:22:33,212 - INFO - 🟨 Registros desbloqueados com sucesso
2026-06-18 16:22:45,898 - INFO - ⌛ Aguardando janela de confirmação de desprogramação ...
2026-06-18 16:23:01,915 - INFO - 🟨 Janela de confirmação de desprogramação detectada
2026-06-18 16:23:05,559 - INFO - ⌛ Aguardando janela de confirmação de desprogramação ...
2026-06-18 16:23:21,810 - INFO - 🟨 Janela de aviso de desprogramação detectada
2026-06-18 16:23:24,093 - INFO - ⌛ Aguardando janela de confirmação de desprogramação 2 ...
2026-06-18 16:23:40,076 - INFO - 🟨 Janela de confirmação 2 de desprogramação detectada
2026-06-18 16:23:47,528 - INFO - ⌛ Aguardando janela de sucesso ...
2026-06-18 16:24:03,543 - INFO - 🟨 lote desprogramado com sucesso
2026-06-18 16:24:05,801 - INFO - 
=== Iniciando lote 134/214  ===
2026-06-18 16:24:12,262 - INFO - ⌛ Aguardando janela de seleção...
2026-06-18 16:24:23,299 - INFO - Janela de seleção aberta
2026-06-18 16:24:27,545 - INFO - DEBUG: idx=133, inicio=3325, fim=3350
2026-06-18 16:24:27,545 - INFO - ✅ 25 OS copiadas para a área de transferência.
2026-06-18 16:24:27,545 - INFO - 📋 Lote 134 copiado.
2026-06-18 16:24:35,886 - INFO - ⌛ Esperando mudança visual...
2026-06-18 16:24:36,903 - INFO - ⌛ Esperando mudança visual...
2026-06-18 16:24:37,918 - INFO - ⌛ Esperando mudança visual...
2026-06-18 16:24:38,934 - INFO - ⌛ Esperando mudança visual...
2026-06-18 16:24:39,951 - INFO - ⌛ Esperando mudança visual...
2026-06-18 16:24:40,966 - INFO - ⌛ Esperando mudança visual...
2026-06-18 16:24:41,983 - INFO - ⌛ Esperando mudança visual...
2026-06-18 16:24:42,996 - INFO - ⌛ Esperando mudança visual...
2026-06-18 16:24:44,012 - INFO - ⌛ Esperando mudança visual...
2026-06-18 16:24:45,028 - INFO - ⌛ Esperando mudança visual...
2026-06-18 16:24:46,043 - INFO - ⌛ Esperando mudança visual...
2026-06-18 16:24:47,067 - INFO - ⌛ Esperando mudança visual...
2026-06-18 16:24:48,084 - INFO - ⌛ Esperando mudança visual...
2026-06-18 16:24:49,102 - INFO - ⌛ Esperando mudança visual...
2026-06-18 16:24:50,118 - INFO - ⌛ Esperando mudança visual...
2026-06-18 16:24:51,131 - INFO - ⌛ Esperando mudança visual...
2026-06-18 16:24:52,153 - INFO - ⌛ Esperando mudança visual...
2026-06-18 16:24:53,170 - INFO - ⌛ Esperando mudança visual...
2026-06-18 16:24:54,185 - INFO - ⌛ Esperando mudança visual...
2026-06-18 16:24:55,201 - INFO - ⌛ Esperando mudança visual...
2026-06-18 16:24:56,218 - INFO - ✅ Tela carregada!
2026-06-18 16:25:26,809 - INFO - ⌛ Aguardando janela de confirmação de desbloqueio...
2026-06-18 16:25:42,787 - INFO - 🟨 Registros desbloqueados com sucesso
2026-06-18 16:25:55,498 - INFO - ⌛ Aguardando janela de confirmação de desprogramação ...
2026-06-18 16:26:11,613 - INFO - 🟨 Janela de confirmação de desprogramação detectada
2026-06-18 16:26:15,240 - INFO - ⌛ Aguardando janela de confirmação de desprogramação ...
2026-06-18 16:26:31,445 - INFO - 🟨 Janela de aviso de desprogramação detectada
2026-06-18 16:26:33,719 - INFO - ⌛ Aguardando janela de confirmação de desprogramação 2 ...
2026-06-18 16:26:49,731 - INFO - 🟨 Janela de confirmação 2 de desprogramação detectada
2026-06-18 16:26:57,168 - INFO - ⌛ Aguardando janela de sucesso ...
2026-06-18 16:27:13,209 - INFO - 🟨 lote desprogramado com sucesso
2026-06-18 16:27:15,495 - INFO - 
=== Iniciando lote 135/214  ===
2026-06-18 16:27:21,989 - INFO - ⌛ Aguardando janela de seleção...
2026-06-18 16:27:33,019 - INFO - Janela de seleção aberta
2026-06-18 16:27:37,264 - INFO - DEBUG: idx=134, inicio=3350, fim=3375
2026-06-18 16:27:37,264 - INFO - ✅ 25 OS copiadas para a área de transferência.
2026-06-18 16:27:37,264 - INFO - 📋 Lote 135 copiado.
2026-06-18 16:27:45,599 - INFO - ⌛ Esperando mudança visual...
2026-06-18 16:27:46,618 - INFO - ⌛ Esperando mudança visual...
2026-06-18 16:27:47,631 - INFO - ⌛ Esperando mudança visual...
2026-06-18 16:27:48,647 - INFO - ⌛ Esperando mudança visual...
2026-06-18 16:27:49,663 - INFO - ⌛ Esperando mudança visual...
2026-06-18 16:27:50,677 - INFO - ⌛ Esperando mudança visual...
2026-06-18 16:27:51,693 - INFO - ⌛ Esperando mudança visual...
2026-06-18 16:27:52,718 - INFO - ⌛ Esperando mudança visual...
2026-06-18 16:27:53,732 - INFO - ⌛ Esperando mudança visual...
2026-06-18 16:27:54,750 - INFO - ⌛ Esperando mudança visual...
2026-06-18 16:27:55,767 - INFO - ⌛ Esperando mudança visual...
2026-06-18 16:27:56,783 - INFO - ⌛ Esperando mudança visual...
2026-06-18 16:27:57,798 - INFO - ⌛ Esperando mudança visual...
2026-06-18 16:27:58,818 - INFO - ⌛ Esperando mudança visual...
2026-06-18 16:27:59,830 - INFO - ⌛ Esperando mudança visual...
2026-06-18 16:28:00,850 - INFO - ⌛ Esperando mudança visual...
2026-06-18 16:28:01,866 - INFO - ⌛ Esperando mudança visual...
2026-06-18 16:28:02,882 - INFO - ⌛ Esperando mudança visual...
2026-06-18 16:28:03,899 - INFO - ⌛ Esperando mudança visual...
2026-06-18 16:28:04,915 - INFO - ✅ Tela carregada!
2026-06-18 16:28:35,544 - INFO - ⌛ Aguardando janela de confirmação de desbloqueio...
2026-06-18 16:28:51,700 - INFO - 🟨 Registros desbloqueados com sucesso
2026-06-18 16:29:04,427 - INFO - ⌛ Aguardando janela de confirmação de desprogramação ...
2026-06-18 16:29:20,521 - INFO - 🟨 Janela de confirmação de desprogramação detectada
2026-06-18 16:29:24,239 - INFO - ⌛ Aguardando janela de confirmação de desprogramação ...
2026-06-18 16:29:40,509 - INFO - 🟨 Janela de aviso de desprogramação detectada
2026-06-18 16:29:42,798 - INFO - ⌛ Aguardando janela de confirmação de desprogramação 2 ...
2026-06-18 16:29:58,971 - INFO - 🟨 Janela de confirmação 2 de desprogramação detectada
2026-06-18 16:30:06,518 - INFO - ⌛ Aguardando janela de sucesso ...
2026-06-18 16:30:22,794 - INFO - 🟨 lote desprogramado com sucesso
2026-06-18 16:30:25,112 - INFO - 
=== Iniciando lote 136/214  ===
2026-06-18 16:30:31,658 - INFO - ⌛ Aguardando janela de seleção...
2026-06-18 16:30:42,856 - INFO - Janela de seleção aberta
2026-06-18 16:30:47,086 - INFO - DEBUG: idx=135, inicio=3375, fim=3400
2026-06-18 16:30:47,086 - INFO - ✅ 25 OS copiadas para a área de transferência.
2026-06-18 16:30:47,086 - INFO - 📋 Lote 136 copiado.
2026-06-18 16:30:55,430 - INFO - ⌛ Esperando mudança visual...
2026-06-18 16:30:56,450 - INFO - ⌛ Esperando mudança visual...
2026-06-18 16:30:57,461 - INFO - ⌛ Esperando mudança visual...
2026-06-18 16:30:58,479 - INFO - ⌛ Esperando mudança visual...
2026-06-18 16:30:59,492 - INFO - ⌛ Esperando mudança visual...
2026-06-18 16:31:00,514 - INFO - ⌛ Esperando mudança visual...
2026-06-18 16:31:01,522 - INFO - ⌛ Esperando mudança visual...
2026-06-18 16:31:02,546 - INFO - ⌛ Esperando mudança visual...
2026-06-18 16:31:03,565 - INFO - ⌛ Esperando mudança visual...
2026-06-18 16:31:04,579 - INFO - ⌛ Esperando mudança visual...
2026-06-18 16:31:05,595 - INFO - ⌛ Esperando mudança visual...
2026-06-18 16:31:06,610 - INFO - ⌛ Esperando mudança visual...
2026-06-18 16:31:07,631 - INFO - ⌛ Esperando mudança visual...
2026-06-18 16:31:08,648 - INFO - ⌛ Esperando mudança visual...
2026-06-18 16:31:09,664 - INFO - ⌛ Esperando mudança visual...
2026-06-18 16:31:10,679 - INFO - ⌛ Esperando mudança visual...
2026-06-18 16:31:11,697 - INFO - ⌛ Esperando mudança visual...
2026-06-18 16:31:12,709 - INFO - ⌛ Esperando mudança visual...
2026-06-18 16:31:13,727 - INFO - ⌛ Esperando mudança visual...
2026-06-18 16:31:14,742 - INFO - ⌛ Esperando mudança visual...
2026-06-18 16:31:15,760 - INFO - ✅ Tela carregada!
2026-06-18 16:31:46,403 - INFO - ⌛ Aguardando janela de confirmação de desbloqueio...
2026-06-18 16:32:02,643 - INFO - 🟨 Registros desbloqueados com sucesso
2026-06-18 16:32:15,395 - INFO - ⌛ Aguardando janela de confirmação de desprogramação ...
2026-06-18 16:32:31,668 - INFO - 🟨 Janela de confirmação de desprogramação detectada
2026-06-18 16:32:35,297 - INFO - ⌛ Aguardando janela de confirmação de desprogramação ...
2026-06-18 16:32:51,637 - INFO - 🟨 Janela de aviso de desprogramação detectada
2026-06-18 16:32:53,987 - INFO - ⌛ Aguardando janela de confirmação de desprogramação 2 ...
2026-06-18 16:33:10,310 - INFO - 🟨 Janela de confirmação 2 de desprogramação detectada
2026-06-18 16:33:17,819 - INFO - ⌛ Aguardando janela de sucesso ...
2026-06-18 16:33:34,059 - INFO - 🟨 lote desprogramado com sucesso
2026-06-18 16:33:36,372 - INFO - 
=== Iniciando lote 137/214  ===
2026-06-18 16:33:42,878 - INFO - ⌛ Aguardando janela de seleção...
2026-06-18 16:33:54,102 - INFO - Janela de seleção aberta
2026-06-18 16:33:58,336 - INFO - DEBUG: idx=136, inicio=3400, fim=3425
2026-06-18 16:33:58,336 - INFO - ✅ 25 OS copiadas para a área de transferência.
2026-06-18 16:33:58,338 - INFO - 📋 Lote 137 copiado.
2026-06-18 16:34:06,681 - INFO - ⌛ Esperando mudança visual...
2026-06-18 16:34:07,696 - INFO - ⌛ Esperando mudança visual...
2026-06-18 16:34:08,712 - INFO - ⌛ Esperando mudança visual...
2026-06-18 16:34:09,731 - INFO - ⌛ Esperando mudança visual...
2026-06-18 16:34:10,735 - INFO - ⌛ Esperando mudança visual...
2026-06-18 16:34:11,760 - INFO - ⌛ Esperando mudança visual...
2026-06-18 16:34:12,781 - INFO - ⌛ Esperando mudança visual...
2026-06-18 16:34:13,798 - INFO - ⌛ Esperando mudança visual...
2026-06-18 16:34:14,813 - INFO - ⌛ Esperando mudança visual...
2026-06-18 16:34:15,829 - INFO - ⌛ Esperando mudança visual...
2026-06-18 16:34:16,841 - INFO - ⌛ Esperando mudança visual...
2026-06-18 16:34:17,861 - INFO - ⌛ Esperando mudança visual...
2026-06-18 16:34:18,876 - INFO - ⌛ Esperando mudança visual...
2026-06-18 16:34:19,896 - INFO - ⌛ Esperando mudança visual...
2026-06-18 16:34:20,910 - INFO - ⌛ Esperando mudança visual...
2026-06-18 16:34:21,925 - INFO - ⌛ Esperando mudança visual...
2026-06-18 16:34:22,944 - INFO - ⌛ Esperando mudança visual...
2026-06-18 16:34:23,963 - INFO - ⌛ Esperando mudança visual...
2026-06-18 16:34:24,971 - INFO - ⌛ Esperando mudança visual...
2026-06-18 16:34:25,986 - INFO - ⌛ Esperando mudança visual...
2026-06-18 16:34:27,002 - INFO - ✅ Tela carregada!
2026-06-18 16:34:57,643 - INFO - ⌛ Aguardando janela de confirmação de desbloqueio...
2026-06-18 16:35:13,771 - INFO - 🟨 Registros desbloqueados com sucesso
2026-06-18 16:35:26,458 - INFO - ⌛ Aguardando janela de confirmação de desprogramação ...
2026-06-18 16:35:42,503 - INFO - 🟨 Janela de confirmação de desprogramação detectada
2026-06-18 16:35:46,170 - INFO - ⌛ Aguardando janela de confirmação de desprogramação ...
2026-06-18 16:36:02,423 - INFO - 🟨 Janela de aviso de desprogramação detectada
2026-06-18 16:36:04,737 - INFO - ⌛ Aguardando janela de confirmação de desprogramação 2 ...
2026-06-18 16:36:20,951 - INFO - 🟨 Janela de confirmação 2 de desprogramação detectada
2026-06-18 16:36:28,401 - INFO - ⌛ Aguardando janela de sucesso ...
2026-06-18 16:36:44,567 - INFO - 🟨 lote desprogramado com sucesso
2026-06-18 16:36:46,857 - INFO - 
=== Iniciando lote 138/214  ===
2026-06-18 16:36:53,345 - INFO - ⌛ Aguardando janela de seleção...
2026-06-18 16:37:04,456 - INFO - Janela de seleção aberta
2026-06-18 16:37:08,696 - INFO - DEBUG: idx=137, inicio=3425, fim=3450
2026-06-18 16:37:08,696 - INFO - ✅ 25 OS copiadas para a área de transferência.
2026-06-18 16:37:08,700 - INFO - 📋 Lote 138 copiado.
2026-06-18 16:37:17,040 - INFO - ⌛ Esperando mudança visual...
2026-06-18 16:37:18,062 - INFO - ⌛ Esperando mudança visual...
2026-06-18 16:37:19,077 - INFO - ⌛ Esperando mudança visual...
2026-06-18 16:37:20,094 - INFO - ⌛ Esperando mudança visual...
2026-06-18 16:37:21,107 - INFO - ⌛ Esperando mudança visual...
2026-06-18 16:37:22,128 - INFO - ⌛ Esperando mudança visual...
2026-06-18 16:37:23,143 - INFO - ⌛ Esperando mudança visual...
2026-06-18 16:37:24,160 - INFO - ⌛ Esperando mudança visual...
2026-06-18 16:37:25,176 - INFO - ⌛ Esperando mudança visual...
2026-06-18 16:37:26,195 - INFO - ⌛ Esperando mudança visual...
2026-06-18 16:37:27,210 - INFO - ⌛ Esperando mudança visual...
2026-06-18 16:37:28,227 - INFO - ⌛ Esperando mudança visual...
2026-06-18 16:37:29,241 - INFO - ⌛ Esperando mudança visual...
2026-06-18 16:37:30,259 - INFO - ⌛ Esperando mudança visual...
2026-06-18 16:37:31,270 - INFO - ⌛ Esperando mudança visual...
2026-06-18 16:37:32,286 - INFO - ⌛ Esperando mudança visual...
2026-06-18 16:37:33,309 - INFO - ⌛ Esperando mudança visual...
2026-06-18 16:37:34,327 - INFO - ⌛ Esperando mudança visual...
2026-06-18 16:37:35,343 - INFO - ⌛ Esperando mudança visual...
2026-06-18 16:37:36,361 - INFO - ✅ Tela carregada!
2026-06-18 16:38:06,966 - INFO - ⌛ Aguardando janela de confirmação de desbloqueio...
2026-06-18 16:38:23,006 - INFO - ⌛ Aguardando janela de confirmação de desbloqueio...
2026-06-18 16:38:39,028 - INFO - 🟨 Registros desbloqueados com sucesso
2026-06-18 16:38:51,715 - INFO - ⌛ Aguardando janela de confirmação de desprogramação ...
2026-06-18 16:39:07,719 - INFO - 🟨 Janela de confirmação de desprogramação detectada
2026-06-18 16:39:11,337 - INFO - ⌛ Aguardando janela de confirmação de desprogramação ...
2026-06-18 16:39:27,588 - INFO - 🟨 Janela de aviso de desprogramação detectada
2026-06-18 16:39:29,859 - INFO - ⌛ Aguardando janela de confirmação de desprogramação 2 ...
2026-06-18 16:39:45,838 - INFO - 🟨 Janela de confirmação 2 de desprogramação detectada
2026-06-18 16:39:53,274 - INFO - ⌛ Aguardando janela de sucesso ...
2026-06-18 16:40:09,263 - INFO - 🟨 lote desprogramado com sucesso
2026-06-18 16:40:11,533 - INFO - 
=== Iniciando lote 139/214  ===
2026-06-18 16:40:18,020 - INFO - ⌛ Aguardando janela de seleção...
2026-06-18 16:40:29,153 - INFO - Janela de seleção aberta
2026-06-18 16:40:33,394 - INFO - DEBUG: idx=138, inicio=3450, fim=3475
2026-06-18 16:40:33,397 - INFO - ✅ 25 OS copiadas para a área de transferência.
2026-06-18 16:40:33,397 - INFO - 📋 Lote 139 copiado.
2026-06-18 16:40:41,717 - INFO - ⌛ Esperando mudança visual...
2026-06-18 16:40:42,743 - INFO - ⌛ Esperando mudança visual...
2026-06-18 16:40:43,756 - INFO - ⌛ Esperando mudança visual...
2026-06-18 16:40:44,774 - INFO - ⌛ Esperando mudança visual...
2026-06-18 16:40:45,793 - INFO - ⌛ Esperando mudança visual...
2026-06-18 16:40:46,810 - INFO - ⌛ Esperando mudança visual...
2026-06-18 16:40:47,827 - INFO - ⌛ Esperando mudança visual...
2026-06-18 16:40:48,841 - INFO - ⌛ Esperando mudança visual...
2026-06-18 16:40:49,857 - INFO - ⌛ Esperando mudança visual...
2026-06-18 16:40:50,873 - INFO - ⌛ Esperando mudança visual...
2026-06-18 16:40:51,892 - INFO - ⌛ Esperando mudança visual...
2026-06-18 16:40:52,906 - INFO - ⌛ Esperando mudança visual...
2026-06-18 16:40:53,924 - INFO - ⌛ Esperando mudança visual...
2026-06-18 16:40:54,935 - INFO - ⌛ Esperando mudança visual...
2026-06-18 16:40:55,954 - INFO - ⌛ Esperando mudança visual...
2026-06-18 16:40:56,967 - INFO - ⌛ Esperando mudança visual...
2026-06-18 16:40:57,993 - INFO - ⌛ Esperando mudança visual...
2026-06-18 16:40:59,001 - INFO - ⌛ Esperando mudança visual...
2026-06-18 16:41:00,025 - INFO - ⌛ Esperando mudança visual...
2026-06-18 16:41:01,040 - INFO - ⌛ Esperando mudança visual...
2026-06-18 16:41:02,055 - INFO - ✅ Tela carregada!
2026-06-18 16:41:32,680 - INFO - ⌛ Aguardando janela de confirmação de desbloqueio...
2026-06-18 16:41:48,650 - INFO - 🟨 Registros desbloqueados com sucesso
2026-06-18 16:42:01,349 - INFO - ⌛ Aguardando janela de confirmação de desprogramação ...
2026-06-18 16:42:17,357 - INFO - 🟨 Janela de confirmação de desprogramação detectada
2026-06-18 16:42:20,976 - INFO - ⌛ Aguardando janela de confirmação de desprogramação ...
2026-06-18 16:42:37,192 - INFO - 🟨 Janela de aviso de desprogramação detectada
2026-06-18 16:42:39,464 - INFO - ⌛ Aguardando janela de confirmação de desprogramação 2 ...
2026-06-18 16:42:55,499 - INFO - 🟨 Janela de confirmação 2 de desprogramação detectada
2026-06-18 16:43:02,947 - INFO - ⌛ Aguardando janela de sucesso ...
2026-06-18 16:43:19,097 - INFO - 🟨 lote desprogramado com sucesso
2026-06-18 16:43:21,371 - INFO - 
=== Iniciando lote 140/214  ===
2026-06-18 16:43:27,862 - INFO - ⌛ Aguardando janela de seleção...
2026-06-18 16:43:39,025 - INFO - Janela de seleção aberta
2026-06-18 16:43:43,270 - INFO - DEBUG: idx=139, inicio=3475, fim=3500
2026-06-18 16:43:43,270 - INFO - ✅ 25 OS copiadas para a área de transferência.
2026-06-18 16:43:43,270 - INFO - 📋 Lote 140 copiado.
2026-06-18 16:43:51,606 - INFO - ⌛ Esperando mudança visual...
2026-06-18 16:43:52,623 - INFO - ⌛ Esperando mudança visual...
2026-06-18 16:43:53,641 - INFO - ⌛ Esperando mudança visual...
2026-06-18 16:43:54,658 - INFO - ⌛ Esperando mudança visual...
2026-06-18 16:43:55,673 - INFO - ⌛ Esperando mudança visual...
2026-06-18 16:43:56,690 - INFO - ⌛ Esperando mudança visual...
2026-06-18 16:43:57,706 - INFO - ⌛ Esperando mudança visual...
2026-06-18 16:43:58,722 - INFO - ⌛ Esperando mudança visual...
2026-06-18 16:43:59,739 - INFO - ⌛ Esperando mudança visual...
2026-06-18 16:44:00,751 - INFO - ⌛ Esperando mudança visual...
2026-06-18 16:44:01,772 - INFO - ⌛ Esperando mudança visual...
2026-06-18 16:44:02,789 - INFO - ⌛ Esperando mudança visual...
2026-06-18 16:44:03,808 - INFO - ⌛ Esperando mudança visual...
2026-06-18 16:44:04,822 - INFO - ⌛ Esperando mudança visual...
2026-06-18 16:44:05,841 - INFO - ⌛ Esperando mudança visual...
2026-06-18 16:44:06,858 - INFO - ⌛ Esperando mudança visual...
2026-06-18 16:44:07,874 - INFO - ⌛ Esperando mudança visual...
2026-06-18 16:44:08,887 - INFO - ⌛ Esperando mudança visual...
2026-06-18 16:44:09,909 - INFO - ⌛ Esperando mudança visual...
2026-06-18 16:44:10,923 - INFO - ⌛ Esperando mudança visual...
2026-06-18 16:44:11,940 - INFO - ✅ Tela carregada!
2026-06-18 16:44:42,582 - INFO - ⌛ Aguardando janela de confirmação de desbloqueio...
2026-06-18 16:44:58,748 - INFO - 🟨 Registros desbloqueados com sucesso
2026-06-18 16:45:11,474 - INFO - ⌛ Aguardando janela de confirmação de desprogramação ...
2026-06-18 16:45:27,590 - INFO - 🟨 Janela de confirmação de desprogramação detectada
2026-06-18 16:45:31,261 - INFO - ⌛ Aguardando janela de confirmação de desprogramação ...
2026-06-18 16:45:47,688 - INFO - 🟨 Janela de aviso de desprogramação detectada
2026-06-18 16:45:49,980 - INFO - ⌛ Aguardando janela de confirmação de desprogramação 2 ...
2026-06-18 16:46:06,210 - INFO - 🟨 Janela de confirmação 2 de desprogramação detectada
2026-06-18 16:46:13,712 - INFO - ⌛ Aguardando janela de sucesso ...
2026-06-18 16:46:29,902 - INFO - 🟨 lote desprogramado com sucesso
2026-06-18 16:46:32,188 - INFO - 
=== Iniciando lote 141/214  ===
2026-06-18 16:46:38,660 - INFO - ⌛ Aguardando janela de seleção...
2026-06-18 16:46:49,672 - INFO - Janela de seleção aberta
2026-06-18 16:46:53,909 - INFO - DEBUG: idx=140, inicio=3500, fim=3525
2026-06-18 16:46:53,909 - INFO - ✅ 25 OS copiadas para a área de transferência.
2026-06-18 16:46:53,909 - INFO - 📋 Lote 141 copiado.
2026-06-18 16:47:02,253 - INFO - ⌛ Esperando mudança visual...
2026-06-18 16:47:03,271 - INFO - ⌛ Esperando mudança visual...
2026-06-18 16:47:04,287 - INFO - ⌛ Esperando mudança visual...
2026-06-18 16:47:05,304 - INFO - ⌛ Esperando mudança visual...
2026-06-18 16:47:06,320 - INFO - ⌛ Esperando mudança visual...
2026-06-18 16:47:07,337 - INFO - ⌛ Esperando mudança visual...
2026-06-18 16:47:08,350 - INFO - ⌛ Esperando mudança visual...
2026-06-18 16:47:09,366 - INFO - ⌛ Esperando mudança visual...
2026-06-18 16:47:10,387 - INFO - ⌛ Esperando mudança visual...
2026-06-18 16:47:11,399 - INFO - ⌛ Esperando mudança visual...
2026-06-18 16:47:12,420 - INFO - ⌛ Esperando mudança visual...
2026-06-18 16:47:13,438 - INFO - ⌛ Esperando mudança visual...
2026-06-18 16:47:14,446 - INFO - ⌛ Esperando mudança visual...
2026-06-18 16:47:15,467 - INFO - ⌛ Esperando mudança visual...
2026-06-18 16:47:16,487 - INFO - ⌛ Esperando mudança visual...
2026-06-18 16:47:17,506 - INFO - ⌛ Esperando mudança visual...
2026-06-18 16:47:18,521 - INFO - ⌛ Esperando mudança visual...
2026-06-18 16:47:19,537 - INFO - ⌛ Esperando mudança visual...
2026-06-18 16:47:20,554 - INFO - ⌛ Esperando mudança visual...
2026-06-18 16:47:21,571 - INFO - ✅ Tela carregada!
2026-06-18 16:47:52,182 - INFO - ⌛ Aguardando janela de confirmação de desbloqueio...
2026-06-18 16:48:08,235 - INFO - 🟨 Registros desbloqueados com sucesso
2026-06-18 16:48:20,921 - INFO - ⌛ Aguardando janela de confirmação de desprogramação ...
2026-06-18 16:48:37,028 - INFO - 🟨 Janela de confirmação de desprogramação detectada
2026-06-18 16:48:40,707 - INFO - ⌛ Aguardando janela de confirmação de desprogramação ...
2026-06-18 16:48:57,182 - INFO - 🟨 Janela de aviso de desprogramação detectada
2026-06-18 16:48:59,482 - INFO - ⌛ Aguardando janela de confirmação de desprogramação 2 ...
2026-06-18 16:49:15,656 - INFO - ⌛ Aguardando janela de confirmação de desprogramação 2 ...
2026-06-18 16:49:16,069 - INFO - 🟨 Identificado travamento no EQM, reiniciando contador de espera
2026-06-18 16:49:31,746 - INFO - 🟨 Janela de confirmação 2 de desprogramação detectada
2026-06-18 16:49:39,256 - INFO - ⌛ Aguardando janela de sucesso ...
2026-06-18 16:49:55,320 - INFO - 🟨 lote desprogramado com sucesso
2026-06-18 16:49:57,612 - INFO - 
=== Iniciando lote 142/214  ===
2026-06-18 16:50:04,109 - INFO - ⌛ Aguardando janela de seleção...
2026-06-18 16:50:15,145 - INFO - Janela de seleção aberta
2026-06-18 16:50:19,377 - INFO - DEBUG: idx=141, inicio=3525, fim=3550
2026-06-18 16:50:19,380 - INFO - ✅ 25 OS copiadas para a área de transferência.
2026-06-18 16:50:19,380 - INFO - 📋 Lote 142 copiado.
2026-06-18 16:50:27,719 - INFO - ⌛ Esperando mudança visual...
2026-06-18 16:50:28,735 - INFO - ⌛ Esperando mudança visual...
2026-06-18 16:50:29,751 - INFO - ⌛ Esperando mudança visual...
2026-06-18 16:50:30,771 - INFO - ⌛ Esperando mudança visual...
2026-06-18 16:50:31,783 - INFO - ⌛ Esperando mudança visual...
2026-06-18 16:50:32,798 - INFO - ⌛ Esperando mudança visual...
2026-06-18 16:50:33,813 - INFO - ⌛ Esperando mudança visual...
2026-06-18 16:50:34,837 - INFO - ⌛ Esperando mudança visual...
2026-06-18 16:50:35,845 - INFO - ⌛ Esperando mudança visual...
2026-06-18 16:50:36,869 - INFO - ⌛ Esperando mudança visual...
2026-06-18 16:50:37,887 - INFO - ⌛ Esperando mudança visual...
2026-06-18 16:50:38,892 - INFO - ⌛ Esperando mudança visual...
2026-06-18 16:50:39,920 - INFO - ⌛ Esperando mudança visual...
2026-06-18 16:50:40,935 - INFO - ⌛ Esperando mudança visual...
2026-06-18 16:50:41,950 - INFO - ⌛ Esperando mudança visual...
2026-06-18 16:50:42,970 - INFO - ⌛ Esperando mudança visual...
2026-06-18 16:50:43,985 - INFO - ⌛ Esperando mudança visual...
2026-06-18 16:50:45,003 - INFO - ⌛ Esperando mudança visual...
2026-06-18 16:50:46,018 - INFO - ⌛ Esperando mudança visual...
2026-06-18 16:50:47,035 - INFO - ⌛ Esperando mudança visual...
2026-06-18 16:50:48,051 - INFO - ✅ Tela carregada!
2026-06-18 16:51:18,685 - INFO - ⌛ Aguardando janela de confirmação de desbloqueio...
2026-06-18 16:51:34,818 - INFO - 🟨 Registros desbloqueados com sucesso
2026-06-18 16:51:47,506 - INFO - ⌛ Aguardando janela de confirmação de desprogramação ...
2026-06-18 16:52:03,544 - INFO - 🟨 Janela de confirmação de desprogramação detectada
2026-06-18 16:52:07,164 - INFO - ⌛ Aguardando janela de confirmação de desprogramação ...
2026-06-18 16:52:23,331 - INFO - 🟨 Janela de aviso de desprogramação detectada
2026-06-18 16:52:25,607 - INFO - ⌛ Aguardando janela de confirmação de desprogramação 2 ...
2026-06-18 16:52:41,602 - INFO - 🟨 Janela de confirmação 2 de desprogramação detectada
2026-06-18 16:52:49,023 - INFO - ⌛ Aguardando janela de sucesso ...
2026-06-18 16:53:05,033 - INFO - 🟨 lote desprogramado com sucesso
2026-06-18 16:53:07,307 - INFO - 
=== Iniciando lote 143/214  ===
2026-06-18 16:53:13,775 - INFO - ⌛ Aguardando janela de seleção...
2026-06-18 16:53:24,794 - INFO - Janela de seleção aberta
2026-06-18 16:53:29,041 - INFO - DEBUG: idx=142, inicio=3550, fim=3575
2026-06-18 16:53:29,041 - INFO - ✅ 25 OS copiadas para a área de transferência.
2026-06-18 16:53:29,044 - INFO - 📋 Lote 143 copiado.
2026-06-18 16:53:37,384 - INFO - ⌛ Esperando mudança visual...
2026-06-18 16:53:38,402 - INFO - ⌛ Esperando mudança visual...
2026-06-18 16:53:39,415 - INFO - ⌛ Esperando mudança visual...
2026-06-18 16:53:40,429 - INFO - ⌛ Esperando mudança visual...
2026-06-18 16:53:41,450 - INFO - ⌛ Esperando mudança visual...
2026-06-18 16:53:42,460 - INFO - ⌛ Esperando mudança visual...
2026-06-18 16:53:43,486 - INFO - ⌛ Esperando mudança visual...
2026-06-18 16:53:44,492 - INFO - ⌛ Esperando mudança visual...
2026-06-18 16:53:45,510 - INFO - ⌛ Esperando mudança visual...
2026-06-18 16:53:46,537 - INFO - ⌛ Esperando mudança visual...
2026-06-18 16:53:47,549 - INFO - ⌛ Esperando mudança visual...
2026-06-18 16:53:48,569 - INFO - ⌛ Esperando mudança visual...
2026-06-18 16:53:49,586 - INFO - ⌛ Esperando mudança visual...
2026-06-18 16:53:50,602 - INFO - ⌛ Esperando mudança visual...
2026-06-18 16:53:51,618 - INFO - ⌛ Esperando mudança visual...
2026-06-18 16:53:52,636 - INFO - ⌛ Esperando mudança visual...
2026-06-18 16:53:53,652 - INFO - ⌛ Esperando mudança visual...
2026-06-18 16:53:54,668 - INFO - ⌛ Esperando mudança visual...
2026-06-18 16:53:55,682 - INFO - ⌛ Esperando mudança visual...
2026-06-18 16:53:56,701 - INFO - ⌛ Esperando mudança visual...
2026-06-18 16:53:57,714 - INFO - ⌛ Esperando mudança visual...
2026-06-18 16:53:58,733 - INFO - ⌛ Esperando mudança visual...
2026-06-18 16:53:59,744 - INFO - ⌛ Esperando mudança visual...
2026-06-18 16:54:00,759 - INFO - ⌛ Esperando mudança visual...
2026-06-18 16:54:01,774 - INFO - ⌛ Esperando mudança visual...
2026-06-18 16:54:02,800 - INFO - ⌛ Esperando mudança visual...
2026-06-18 16:54:03,819 - INFO - ✅ Tela carregada!
2026-06-18 16:54:34,469 - INFO - ⌛ Aguardando janela de confirmação de desbloqueio...
2026-06-18 16:54:50,626 - INFO - 🟨 Registros desbloqueados com sucesso
2026-06-18 16:55:03,322 - INFO - ⌛ Aguardando janela de confirmação de desprogramação ...
2026-06-18 16:55:19,313 - INFO - 🟨 Janela de confirmação de desprogramação detectada
2026-06-18 16:55:22,934 - INFO - ⌛ Aguardando janela de confirmação de desprogramação ...
2026-06-18 16:55:39,071 - INFO - 🟨 Janela de aviso de desprogramação detectada
2026-06-18 16:55:41,349 - INFO - ⌛ Aguardando janela de confirmação de desprogramação 2 ...
2026-06-18 16:55:57,349 - INFO - 🟨 Janela de confirmação 2 de desprogramação detectada
2026-06-18 16:56:04,798 - INFO - ⌛ Aguardando janela de sucesso ...
2026-06-18 16:56:20,873 - INFO - 🟨 lote desprogramado com sucesso
2026-06-18 16:56:23,138 - INFO - 
=== Iniciando lote 144/214  ===
2026-06-18 16:56:29,597 - INFO - ⌛ Aguardando janela de seleção...
2026-06-18 16:56:40,612 - INFO - Janela de seleção aberta
2026-06-18 16:56:44,855 - INFO - DEBUG: idx=143, inicio=3575, fim=3600
2026-06-18 16:56:44,855 - INFO - ✅ 25 OS copiadas para a área de transferência.
2026-06-18 16:56:44,855 - INFO - 📋 Lote 144 copiado.
2026-06-18 16:56:53,199 - INFO - ⌛ Esperando mudança visual...
2026-06-18 16:56:54,216 - INFO - ⌛ Esperando mudança visual...
2026-06-18 16:56:55,220 - INFO - ⌛ Esperando mudança visual...
2026-06-18 16:56:56,251 - INFO - ⌛ Esperando mudança visual...
2026-06-18 16:56:57,267 - INFO - ⌛ Esperando mudança visual...
2026-06-18 16:56:58,284 - INFO - ⌛ Esperando mudança visual...
2026-06-18 16:56:59,299 - INFO - ⌛ Esperando mudança visual...
2026-06-18 16:57:00,316 - INFO - ⌛ Esperando mudança visual...
2026-06-18 16:57:01,332 - INFO - ⌛ Esperando mudança visual...
2026-06-18 16:57:02,348 - INFO - ⌛ Esperando mudança visual...
2026-06-18 16:57:03,363 - INFO - ⌛ Esperando mudança visual...
2026-06-18 16:57:04,381 - INFO - ⌛ Esperando mudança visual...
2026-06-18 16:57:05,393 - INFO - ⌛ Esperando mudança visual...
2026-06-18 16:57:06,413 - INFO - ⌛ Esperando mudança visual...
2026-06-18 16:57:07,431 - INFO - ⌛ Esperando mudança visual...
2026-06-18 16:57:08,449 - INFO - ⌛ Esperando mudança visual...
2026-06-18 16:57:09,466 - INFO - ⌛ Esperando mudança visual...
2026-06-18 16:57:10,483 - INFO - ⌛ Esperando mudança visual...
2026-06-18 16:57:11,495 - INFO - ⌛ Esperando mudança visual...
2026-06-18 16:57:12,517 - INFO - ✅ Tela carregada!
2026-06-18 16:57:43,105 - INFO - ⌛ Aguardando janela de confirmação de desbloqueio...
2026-06-18 16:57:59,127 - INFO - ⌛ Aguardando janela de confirmação de desbloqueio...
2026-06-18 16:58:15,155 - INFO - 🟨 Registros desbloqueados com sucesso
2026-06-18 16:58:27,832 - INFO - ⌛ Aguardando janela de confirmação de desprogramação ...
2026-06-18 16:58:43,819 - INFO - 🟨 Janela de confirmação de desprogramação detectada
2026-06-18 16:58:47,458 - INFO - ⌛ Aguardando janela de confirmação de desprogramação ...
2026-06-18 16:59:03,645 - INFO - 🟨 Janela de aviso de desprogramação detectada
2026-06-18 16:59:05,924 - INFO - ⌛ Aguardando janela de confirmação de desprogramação 2 ...
2026-06-18 16:59:21,914 - INFO - 🟨 Janela de confirmação 2 de desprogramação detectada
2026-06-18 16:59:29,342 - INFO - ⌛ Aguardando janela de sucesso ...
2026-06-18 16:59:45,418 - INFO - 🟨 lote desprogramado com sucesso
2026-06-18 16:59:47,679 - INFO - 
=== Iniciando lote 145/214  ===
2026-06-18 16:59:54,131 - INFO - ⌛ Aguardando janela de seleção...
2026-06-18 17:00:05,161 - INFO - Janela de seleção aberta
2026-06-18 17:00:09,402 - INFO - DEBUG: idx=144, inicio=3600, fim=3625
2026-06-18 17:00:09,402 - INFO - ✅ 25 OS copiadas para a área de transferência.
2026-06-18 17:00:09,402 - INFO - 📋 Lote 145 copiado.
2026-06-18 17:00:17,747 - INFO - ⌛ Esperando mudança visual...
2026-06-18 17:00:18,765 - INFO - ⌛ Esperando mudança visual...
2026-06-18 17:00:19,780 - INFO - ⌛ Esperando mudança visual...
2026-06-18 17:00:20,798 - INFO - ⌛ Esperando mudança visual...
2026-06-18 17:00:21,815 - INFO - ⌛ Esperando mudança visual...
2026-06-18 17:00:22,832 - INFO - ⌛ Esperando mudança visual...
2026-06-18 17:00:23,848 - INFO - ⌛ Esperando mudança visual...
2026-06-18 17:00:24,863 - INFO - ⌛ Esperando mudança visual...
2026-06-18 17:00:25,879 - INFO - ⌛ Esperando mudança visual...
2026-06-18 17:00:26,896 - INFO - ⌛ Esperando mudança visual...
2026-06-18 17:00:27,914 - INFO - ⌛ Esperando mudança visual...
2026-06-18 17:00:28,926 - INFO - ⌛ Esperando mudança visual...
2026-06-18 17:00:29,946 - INFO - ⌛ Esperando mudança visual...
2026-06-18 17:00:30,965 - INFO - ⌛ Esperando mudança visual...
2026-06-18 17:00:31,980 - INFO - ⌛ Esperando mudança visual...
2026-06-18 17:00:32,989 - INFO - ⌛ Esperando mudança visual...
2026-06-18 17:00:34,015 - INFO - ⌛ Esperando mudança visual...
2026-06-18 17:00:35,020 - INFO - ⌛ Esperando mudança visual...
2026-06-18 17:00:36,047 - INFO - ⌛ Esperando mudança visual...
2026-06-18 17:00:37,061 - INFO - ⌛ Esperando mudança visual...
2026-06-18 17:00:38,083 - INFO - ⌛ Esperando mudança visual...
2026-06-18 17:00:39,101 - INFO - ⌛ Esperando mudança visual...
2026-06-18 17:00:40,113 - INFO - ✅ Tela carregada!
2026-06-18 17:01:10,729 - INFO - ⌛ Aguardando janela de confirmação de desbloqueio...
2026-06-18 17:01:26,785 - INFO - 🟨 Registros desbloqueados com sucesso
2026-06-18 17:01:39,492 - INFO - ⌛ Aguardando janela de confirmação de desprogramação ...
2026-06-18 17:01:55,506 - INFO - 🟨 Janela de confirmação de desprogramação detectada
2026-06-18 17:01:59,163 - INFO - ⌛ Aguardando janela de confirmação de desprogramação ...
2026-06-18 17:02:15,417 - INFO - 🟨 Janela de aviso de desprogramação detectada
2026-06-18 17:02:17,709 - INFO - ⌛ Aguardando janela de confirmação de desprogramação 2 ...
2026-06-18 17:02:33,797 - INFO - 🟨 Janela de confirmação 2 de desprogramação detectada
2026-06-18 17:02:41,265 - INFO - ⌛ Aguardando janela de sucesso ...
2026-06-18 17:02:57,303 - INFO - 🟨 lote desprogramado com sucesso
2026-06-18 17:02:59,581 - INFO - 
=== Iniciando lote 146/214  ===
2026-06-18 17:03:06,053 - INFO - ⌛ Aguardando janela de seleção...
2026-06-18 17:03:17,138 - INFO - Janela de seleção aberta
2026-06-18 17:03:21,369 - INFO - DEBUG: idx=145, inicio=3625, fim=3650
2026-06-18 17:03:21,369 - INFO - ✅ 25 OS copiadas para a área de transferência.
2026-06-18 17:03:21,369 - INFO - 📋 Lote 146 copiado.
2026-06-18 17:03:29,695 - INFO - ⌛ Esperando mudança visual...
2026-06-18 17:03:30,713 - INFO - ⌛ Esperando mudança visual...
2026-06-18 17:03:31,729 - INFO - ⌛ Esperando mudança visual...
2026-06-18 17:03:32,745 - INFO - ⌛ Esperando mudança visual...
2026-06-18 17:03:33,761 - INFO - ⌛ Esperando mudança visual...
2026-06-18 17:03:34,779 - INFO - ⌛ Esperando mudança visual...
2026-06-18 17:03:35,797 - INFO - ⌛ Esperando mudança visual...
2026-06-18 17:03:36,807 - INFO - ⌛ Esperando mudança visual...
2026-06-18 17:03:37,831 - INFO - ⌛ Esperando mudança visual...
2026-06-18 17:03:38,838 - INFO - ⌛ Esperando mudança visual...
2026-06-18 17:03:39,862 - INFO - ⌛ Esperando mudança visual...
2026-06-18 17:03:40,878 - INFO - ⌛ Esperando mudança visual...
2026-06-18 17:03:41,885 - INFO - ⌛ Esperando mudança visual...
2026-06-18 17:03:42,912 - INFO - ⌛ Esperando mudança visual...
2026-06-18 17:03:43,917 - INFO - ⌛ Esperando mudança visual...
2026-06-18 17:03:44,946 - INFO - ⌛ Esperando mudança visual...
2026-06-18 17:03:45,962 - INFO - ⌛ Esperando mudança visual...
2026-06-18 17:03:46,979 - INFO - ⌛ Esperando mudança visual...
2026-06-18 17:03:47,996 - INFO - ⌛ Esperando mudança visual...
2026-06-18 17:03:49,012 - INFO - ✅ Tela carregada!
2026-06-18 17:04:19,634 - INFO - ⌛ Aguardando janela de confirmação de desbloqueio...
2026-06-18 17:04:35,815 - INFO - 🟨 Registros desbloqueados com sucesso
2026-06-18 17:04:48,519 - INFO - ⌛ Aguardando janela de confirmação de desprogramação ...
2026-06-18 17:05:04,653 - INFO - 🟨 Janela de confirmação de desprogramação detectada
2026-06-18 17:05:08,361 - INFO - ⌛ Aguardando janela de confirmação de desprogramação ...
2026-06-18 17:05:24,717 - INFO - 🟨 Janela de aviso de desprogramação detectada
2026-06-18 17:05:26,999 - INFO - ⌛ Aguardando janela de confirmação de desprogramação 2 ...
2026-06-18 17:05:43,084 - INFO - 🟨 Janela de confirmação 2 de desprogramação detectada
2026-06-18 17:05:50,559 - INFO - ⌛ Aguardando janela de sucesso ...
2026-06-18 17:06:06,662 - INFO - 🟨 lote desprogramado com sucesso
2026-06-18 17:06:08,959 - INFO - 
=== Iniciando lote 147/214  ===
2026-06-18 17:06:15,423 - INFO - ⌛ Aguardando janela de seleção...
2026-06-18 17:06:26,470 - INFO - Janela de seleção aberta
2026-06-18 17:06:30,711 - INFO - DEBUG: idx=146, inicio=3650, fim=3675
2026-06-18 17:06:30,711 - INFO - ✅ 25 OS copiadas para a área de transferência.
2026-06-18 17:06:30,713 - INFO - 📋 Lote 147 copiado.
2026-06-18 17:06:39,059 - INFO - ⌛ Esperando mudança visual...
2026-06-18 17:06:40,077 - INFO - ⌛ Esperando mudança visual...
2026-06-18 17:06:41,096 - INFO - ⌛ Esperando mudança visual...
2026-06-18 17:06:42,109 - INFO - ⌛ Esperando mudança visual...
2026-06-18 17:06:43,128 - INFO - ⌛ Esperando mudança visual...
2026-06-18 17:06:44,139 - INFO - ⌛ Esperando mudança visual...
2026-06-18 17:06:45,161 - INFO - ⌛ Esperando mudança visual...
2026-06-18 17:06:46,179 - INFO - ⌛ Esperando mudança visual...
2026-06-18 17:06:47,194 - INFO - ⌛ Esperando mudança visual...
2026-06-18 17:06:48,210 - INFO - ⌛ Esperando mudança visual...
2026-06-18 17:06:49,217 - INFO - ⌛ Esperando mudança visual...
2026-06-18 17:06:50,245 - INFO - ⌛ Esperando mudança visual...
2026-06-18 17:06:51,261 - INFO - ⌛ Esperando mudança visual...
2026-06-18 17:06:52,276 - INFO - ⌛ Esperando mudança visual...
2026-06-18 17:06:53,295 - INFO - ⌛ Esperando mudança visual...
2026-06-18 17:06:54,309 - INFO - ⌛ Esperando mudança visual...
2026-06-18 17:06:55,328 - INFO - ⌛ Esperando mudança visual...
2026-06-18 17:06:56,344 - INFO - ⌛ Esperando mudança visual...
2026-06-18 17:06:57,361 - INFO - ⌛ Esperando mudança visual...
2026-06-18 17:06:58,377 - INFO - ✅ Tela carregada!
2026-06-18 17:07:28,989 - INFO - ⌛ Aguardando janela de confirmação de desbloqueio...
2026-06-18 17:07:45,079 - INFO - 🟨 Registros desbloqueados com sucesso
2026-06-18 17:07:57,759 - INFO - ⌛ Aguardando janela de confirmação de desprogramação ...
2026-06-18 17:08:13,787 - INFO - 🟨 Janela de confirmação de desprogramação detectada
2026-06-18 17:08:17,419 - INFO - ⌛ Aguardando janela de confirmação de desprogramação ...
2026-06-18 17:08:33,646 - INFO - 🟨 Janela de aviso de desprogramação detectada
2026-06-18 17:08:35,934 - INFO - ⌛ Aguardando janela de confirmação de desprogramação 2 ...
2026-06-18 17:08:51,915 - INFO - ⌛ Aguardando janela de confirmação de desprogramação 2 ...
2026-06-18 17:08:52,295 - INFO - 🟨 Identificado travamento no EQM, reiniciando contador de espera
2026-06-18 17:09:07,891 - INFO - 🟨 Janela de confirmação 2 de desprogramação detectada
2026-06-18 17:09:15,326 - INFO - ⌛ Aguardando janela de sucesso ...
2026-06-18 17:09:31,398 - INFO - 🟨 lote desprogramado com sucesso
2026-06-18 17:09:33,683 - INFO - 
=== Iniciando lote 148/214  ===
2026-06-18 17:09:40,148 - INFO - ⌛ Aguardando janela de seleção...
2026-06-18 17:09:40,597 - INFO - 🟨 Identificado travamento no EQM, reiniciando contador de espera
2026-06-18 17:09:51,284 - INFO - Janela de seleção aberta
2026-06-18 17:09:55,515 - INFO - DEBUG: idx=147, inicio=3675, fim=3700
2026-06-18 17:09:55,516 - INFO - ✅ 25 OS copiadas para a área de transferência.
2026-06-18 17:09:55,516 - INFO - 📋 Lote 148 copiado.
2026-06-18 17:10:03,859 - INFO - ⌛ Esperando mudança visual...
2026-06-18 17:10:04,876 - INFO - ⌛ Esperando mudança visual...
2026-06-18 17:10:05,891 - INFO - ⌛ Esperando mudança visual...
2026-06-18 17:10:06,907 - INFO - ⌛ Esperando mudança visual...
2026-06-18 17:10:07,922 - INFO - ⌛ Esperando mudança visual...
2026-06-18 17:10:08,942 - INFO - ⌛ Esperando mudança visual...
2026-06-18 17:10:09,953 - INFO - ⌛ Esperando mudança visual...
2026-06-18 17:10:10,968 - INFO - ⌛ Esperando mudança visual...
2026-06-18 17:10:11,992 - INFO - ⌛ Esperando mudança visual...
2026-06-18 17:10:13,009 - INFO - ⌛ Esperando mudança visual...
2026-06-18 17:10:14,026 - INFO - ⌛ Esperando mudança visual...
2026-06-18 17:10:15,031 - INFO - ⌛ Esperando mudança visual...
2026-06-18 17:10:16,058 - INFO - ⌛ Esperando mudança visual...
2026-06-18 17:10:17,078 - INFO - ⌛ Esperando mudança visual...
2026-06-18 17:10:18,092 - INFO - ⌛ Esperando mudança visual...
2026-06-18 17:10:19,109 - INFO - ⌛ Esperando mudança visual...
2026-06-18 17:10:20,126 - INFO - ⌛ Esperando mudança visual...
2026-06-18 17:10:21,142 - INFO - ⌛ Esperando mudança visual...
2026-06-18 17:10:22,160 - INFO - ⌛ Esperando mudança visual...
2026-06-18 17:10:23,174 - INFO - ⌛ Esperando mudança visual...
2026-06-18 17:10:24,191 - INFO - ⌛ Esperando mudança visual...
2026-06-18 17:10:25,207 - INFO - ⌛ Esperando mudança visual...
2026-06-18 17:10:26,220 - INFO - ⌛ Esperando mudança visual...
2026-06-18 17:10:27,238 - INFO - ⌛ Esperando mudança visual...
2026-06-18 17:10:28,252 - INFO - ✅ Tela carregada!
2026-06-18 17:10:58,854 - INFO - ⌛ Aguardando janela de confirmação de desbloqueio...
2026-06-18 17:11:14,849 - INFO - 🟨 Registros desbloqueados com sucesso
2026-06-18 17:11:27,532 - INFO - ⌛ Aguardando janela de confirmação de desprogramação ...
2026-06-18 17:11:43,551 - INFO - 🟨 Janela de confirmação de desprogramação detectada
2026-06-18 17:11:47,223 - INFO - ⌛ Aguardando janela de confirmação de desprogramação ...
2026-06-18 17:12:03,474 - INFO - 🟨 Janela de aviso de desprogramação detectada
2026-06-18 17:12:05,740 - INFO - ⌛ Aguardando janela de confirmação de desprogramação 2 ...
2026-06-18 17:12:21,739 - INFO - 🟨 Janela de confirmação 2 de desprogramação detectada
2026-06-18 17:12:29,167 - INFO - ⌛ Aguardando janela de sucesso ...
2026-06-18 17:12:45,189 - INFO - 🟨 lote desprogramado com sucesso
2026-06-18 17:12:47,449 - INFO - 
=== Iniciando lote 149/214  ===
2026-06-18 17:12:53,907 - INFO - ⌛ Aguardando janela de seleção...
2026-06-18 17:13:04,896 - INFO - Janela de seleção aberta
2026-06-18 17:13:09,146 - INFO - DEBUG: idx=148, inicio=3700, fim=3725
2026-06-18 17:13:09,146 - INFO - ✅ 25 OS copiadas para a área de transferência.
2026-06-18 17:13:09,146 - INFO - 📋 Lote 149 copiado.
2026-06-18 17:13:17,488 - INFO - ⌛ Esperando mudança visual...
2026-06-18 17:13:18,501 - INFO - ⌛ Esperando mudança visual...
2026-06-18 17:13:19,516 - INFO - ⌛ Esperando mudança visual...
2026-06-18 17:13:20,540 - INFO - ⌛ Esperando mudança visual...
2026-06-18 17:13:21,557 - INFO - ⌛ Esperando mudança visual...
2026-06-18 17:13:22,573 - INFO - ⌛ Esperando mudança visual...
2026-06-18 17:13:23,591 - INFO - ⌛ Esperando mudança visual...
2026-06-18 17:13:24,606 - INFO - ⌛ Esperando mudança visual...
2026-06-18 17:13:25,623 - INFO - ⌛ Esperando mudança visual...
2026-06-18 17:13:26,642 - INFO - ⌛ Esperando mudança visual...
2026-06-18 17:13:27,650 - INFO - ⌛ Esperando mudança visual...
2026-06-18 17:13:28,675 - INFO - ⌛ Esperando mudança visual...
2026-06-18 17:13:29,691 - INFO - ⌛ Esperando mudança visual...
2026-06-18 17:13:30,708 - INFO - ⌛ Esperando mudança visual...
2026-06-18 17:13:31,721 - INFO - ⌛ Esperando mudança visual...
2026-06-18 17:13:32,738 - INFO - ⌛ Esperando mudança visual...
2026-06-18 17:13:33,757 - INFO - ⌛ Esperando mudança visual...
2026-06-18 17:13:34,768 - INFO - ⌛ Esperando mudança visual...
2026-06-18 17:13:35,784 - INFO - ⌛ Esperando mudança visual...
2026-06-18 17:13:36,799 - INFO - ⌛ Esperando mudança visual...
2026-06-18 17:13:37,824 - INFO - ⌛ Esperando mudança visual...
2026-06-18 17:13:38,842 - INFO - ⌛ Esperando mudança visual...
2026-06-18 17:13:39,857 - INFO - ✅ Tela carregada!
2026-06-18 17:14:10,448 - INFO - ⌛ Aguardando janela de confirmação de desbloqueio...
2026-06-18 17:14:26,439 - INFO - 🟨 Registros desbloqueados com sucesso
2026-06-18 17:14:39,125 - INFO - ⌛ Aguardando janela de confirmação de desprogramação ...
2026-06-18 17:14:55,106 - INFO - 🟨 Janela de confirmação de desprogramação detectada
2026-06-18 17:14:58,750 - INFO - ⌛ Aguardando janela de confirmação de desprogramação ...
2026-06-18 17:15:14,975 - INFO - 🟨 Janela de aviso de desprogramação detectada
2026-06-18 17:15:17,260 - INFO - ⌛ Aguardando janela de confirmação de desprogramação 2 ...
2026-06-18 17:15:33,300 - INFO - 🟨 Janela de confirmação 2 de desprogramação detectada
2026-06-18 17:15:40,739 - INFO - ⌛ Aguardando janela de sucesso ...
2026-06-18 17:15:56,704 - INFO - 🟨 lote desprogramado com sucesso
2026-06-18 17:15:58,997 - INFO - 
=== Iniciando lote 150/214  ===
2026-06-18 17:16:05,454 - INFO - Janela de seleção aberta
2026-06-18 17:16:09,699 - INFO - DEBUG: idx=149, inicio=3725, fim=3750
2026-06-18 17:16:09,699 - INFO - ✅ 25 OS copiadas para a área de transferência.
2026-06-18 17:16:09,699 - INFO - 📋 Lote 150 copiado.
2026-06-18 17:16:18,039 - INFO - ⌛ Esperando mudança visual...
2026-06-18 17:16:19,056 - INFO - ⌛ Esperando mudança visual...
2026-06-18 17:16:20,074 - INFO - ⌛ Esperando mudança visual...
2026-06-18 17:16:21,087 - INFO - ⌛ Esperando mudança visual...
2026-06-18 17:16:22,103 - INFO - ⌛ Esperando mudança visual...
2026-06-18 17:16:23,119 - INFO - ⌛ Esperando mudança visual...
2026-06-18 17:16:24,134 - INFO - ⌛ Esperando mudança visual...
2026-06-18 17:16:25,158 - INFO - ⌛ Esperando mudança visual...
2026-06-18 17:16:26,173 - INFO - ⌛ Esperando mudança visual...
2026-06-18 17:16:27,182 - INFO - ⌛ Esperando mudança visual...
2026-06-18 17:16:28,201 - INFO - ⌛ Esperando mudança visual...
2026-06-18 17:16:29,222 - INFO - ✅ Tela carregada!
2026-06-18 17:16:59,832 - INFO - ⌛ Aguardando janela de confirmação de desbloqueio...
2026-06-18 17:17:15,906 - INFO - 🟨 Registros desbloqueados com sucesso
2026-06-18 17:17:28,595 - INFO - ⌛ Aguardando janela de confirmação de desprogramação ...
2026-06-18 17:17:44,629 - INFO - 🟨 Janela de confirmação de desprogramação detectada
2026-06-18 17:17:48,250 - INFO - ⌛ Aguardando janela de confirmação de desprogramação ...
2026-06-18 17:18:04,441 - INFO - 🟨 Janela de aviso de desprogramação detectada
2026-06-18 17:18:06,734 - INFO - ⌛ Aguardando janela de confirmação de desprogramação 2 ...
2026-06-18 17:18:22,807 - INFO - 🟨 Janela de confirmação 2 de desprogramação detectada
2026-06-18 17:18:30,231 - INFO - ⌛ Aguardando janela de sucesso ...
2026-06-18 17:18:46,230 - INFO - 🟨 lote desprogramado com sucesso
2026-06-18 17:18:48,492 - INFO - 
=== Iniciando lote 151/214  ===
2026-06-18 17:18:54,972 - INFO - Janela de seleção aberta
2026-06-18 17:18:59,214 - INFO - DEBUG: idx=150, inicio=3750, fim=3775
2026-06-18 17:18:59,214 - INFO - ✅ 25 OS copiadas para a área de transferência.
2026-06-18 17:18:59,214 - INFO - 📋 Lote 151 copiado.
2026-06-18 17:19:07,555 - INFO - ⌛ Esperando mudança visual...
2026-06-18 17:19:08,572 - INFO - ⌛ Esperando mudança visual...
2026-06-18 17:19:09,588 - INFO - ⌛ Esperando mudança visual...
2026-06-18 17:19:10,604 - INFO - ⌛ Esperando mudança visual...
2026-06-18 17:19:11,620 - INFO - ⌛ Esperando mudança visual...
2026-06-18 17:19:12,635 - INFO - ⌛ Esperando mudança visual...
2026-06-18 17:19:13,650 - INFO - ⌛ Esperando mudança visual...
2026-06-18 17:19:14,666 - INFO - ⌛ Esperando mudança visual...
2026-06-18 17:19:15,682 - INFO - ⌛ Esperando mudança visual...
2026-06-18 17:19:16,704 - INFO - ⌛ Esperando mudança visual...
2026-06-18 17:19:17,722 - INFO - ⌛ Esperando mudança visual...
2026-06-18 17:19:18,741 - INFO - ⌛ Esperando mudança visual...
2026-06-18 17:19:19,757 - INFO - ✅ Tela carregada!
2026-06-18 17:19:50,365 - INFO - ⌛ Aguardando janela de confirmação de desbloqueio...
2026-06-18 17:20:06,357 - INFO - 🟨 Registros desbloqueados com sucesso
2026-06-18 17:20:19,072 - INFO - ⌛ Aguardando janela de confirmação de desprogramação ...
2026-06-18 17:20:35,198 - INFO - 🟨 Janela de confirmação de desprogramação detectada
2026-06-18 17:20:38,824 - INFO - ⌛ Aguardando janela de confirmação de desprogramação ...
2026-06-18 17:20:54,967 - INFO - 🟨 Janela de aviso de desprogramação detectada
2026-06-18 17:20:57,235 - INFO - ⌛ Aguardando janela de confirmação de desprogramação 2 ...
2026-06-18 17:21:13,256 - INFO - 🟨 Janela de confirmação 2 de desprogramação detectada
2026-06-18 17:21:20,712 - INFO - ⌛ Aguardando janela de sucesso ...
2026-06-18 17:21:36,775 - INFO - 🟨 lote desprogramado com sucesso
2026-06-18 17:21:39,056 - INFO - 
=== Iniciando lote 152/214  ===
2026-06-18 17:21:45,520 - INFO - ⌛ Aguardando janela de seleção...
2026-06-18 17:21:56,492 - INFO - Janela de seleção aberta
2026-06-18 17:22:00,729 - INFO - DEBUG: idx=151, inicio=3775, fim=3800
2026-06-18 17:22:00,731 - INFO - ✅ 25 OS copiadas para a área de transferência.
2026-06-18 17:22:00,731 - INFO - 📋 Lote 152 copiado.
2026-06-18 17:22:09,072 - INFO - ⌛ Esperando mudança visual...
2026-06-18 17:22:10,087 - INFO - ⌛ Esperando mudança visual...
2026-06-18 17:22:11,104 - INFO - ⌛ Esperando mudança visual...
2026-06-18 17:22:12,122 - INFO - ⌛ Esperando mudança visual...
2026-06-18 17:22:13,145 - INFO - ⌛ Esperando mudança visual...
2026-06-18 17:22:14,155 - INFO - ⌛ Esperando mudança visual...
2026-06-18 17:22:15,170 - INFO - ⌛ Esperando mudança visual...
2026-06-18 17:22:16,187 - INFO - ⌛ Esperando mudança visual...
2026-06-18 17:22:17,204 - INFO - ⌛ Esperando mudança visual...
2026-06-18 17:22:18,223 - INFO - ⌛ Esperando mudança visual...
2026-06-18 17:22:19,238 - INFO - ⌛ Esperando mudança visual...
2026-06-18 17:22:20,253 - INFO - ⌛ Esperando mudança visual...
2026-06-18 17:22:21,266 - INFO - ⌛ Esperando mudança visual...
2026-06-18 17:22:22,287 - INFO - ✅ Tela carregada!
2026-06-18 17:22:52,900 - INFO - ⌛ Aguardando janela de confirmação de desbloqueio...
2026-06-18 17:23:09,113 - INFO - 🟨 Registros desbloqueados com sucesso
2026-06-18 17:23:21,824 - INFO - ⌛ Aguardando janela de confirmação de desprogramação ...
2026-06-18 17:23:37,955 - INFO - 🟨 Janela de confirmação de desprogramação detectada
2026-06-18 17:23:41,654 - INFO - ⌛ Aguardando janela de confirmação de desprogramação ...
2026-06-18 17:23:57,973 - INFO - 🟨 Janela de aviso de desprogramação detectada
2026-06-18 17:24:00,250 - INFO - ⌛ Aguardando janela de confirmação de desprogramação 2 ...
2026-06-18 17:24:16,385 - INFO - ⌛ Aguardando janela de confirmação de desprogramação 2 ...
2026-06-18 17:24:16,840 - INFO - 🟨 Identificado travamento no EQM, reiniciando contador de espera
2026-06-18 17:24:32,536 - INFO - 🟨 Janela de confirmação 2 de desprogramação detectada
2026-06-18 17:24:39,985 - INFO - ⌛ Aguardando janela de sucesso ...
2026-06-18 17:24:55,983 - INFO - 🟨 lote desprogramado com sucesso
2026-06-18 17:24:58,260 - INFO - 
=== Iniciando lote 153/214  ===
2026-06-18 17:25:04,720 - INFO - ⌛ Aguardando janela de seleção...
2026-06-18 17:25:15,702 - INFO - Janela de seleção aberta
2026-06-18 17:25:19,946 - INFO - DEBUG: idx=152, inicio=3800, fim=3825
2026-06-18 17:25:19,946 - INFO - ✅ 25 OS copiadas para a área de transferência.
2026-06-18 17:25:19,947 - INFO - 📋 Lote 153 copiado.
2026-06-18 17:25:28,283 - INFO - ⌛ Esperando mudança visual...
2026-06-18 17:25:29,297 - INFO - ⌛ Esperando mudança visual...
2026-06-18 17:25:30,313 - INFO - ⌛ Esperando mudança visual...
2026-06-18 17:25:31,328 - INFO - ⌛ Esperando mudança visual...
2026-06-18 17:25:32,348 - INFO - ⌛ Esperando mudança visual...
2026-06-18 17:25:33,371 - INFO - ⌛ Esperando mudança visual...
2026-06-18 17:25:34,387 - INFO - ⌛ Esperando mudança visual...
2026-06-18 17:25:35,391 - INFO - ⌛ Esperando mudança visual...
2026-06-18 17:25:36,422 - INFO - ⌛ Esperando mudança visual...
2026-06-18 17:25:37,438 - INFO - ⌛ Esperando mudança visual...
2026-06-18 17:25:38,455 - INFO - ⌛ Esperando mudança visual...
2026-06-18 17:25:39,471 - INFO - ⌛ Esperando mudança visual...
2026-06-18 17:25:40,486 - INFO - ⌛ Esperando mudança visual...
2026-06-18 17:25:41,502 - INFO - ✅ Tela carregada!
2026-06-18 17:26:12,100 - INFO - ⌛ Aguardando janela de confirmação de desbloqueio...
2026-06-18 17:26:28,096 - INFO - 🟨 Registros desbloqueados com sucesso
2026-06-18 17:26:40,812 - INFO - ⌛ Aguardando janela de confirmação de desprogramação ...
2026-06-18 17:26:56,811 - INFO - 🟨 Janela de confirmação de desprogramação detectada
2026-06-18 17:27:00,439 - INFO - 🟨 Janela de aviso de desprogramação detectada
2026-06-18 17:27:02,721 - INFO - ⌛ Aguardando janela de confirmação de desprogramação 2 ...
2026-06-18 17:27:18,809 - INFO - 🟨 Janela de confirmação 2 de desprogramação detectada
2026-06-18 17:27:26,282 - INFO - ⌛ Aguardando janela de sucesso ...
2026-06-18 17:27:42,336 - INFO - 🟨 lote desprogramado com sucesso
2026-06-18 17:27:44,604 - INFO - 
=== Iniciando lote 154/214  ===
2026-06-18 17:27:51,071 - INFO - Janela de seleção aberta
2026-06-18 17:27:55,304 - INFO - DEBUG: idx=153, inicio=3825, fim=3850
2026-06-18 17:27:55,307 - INFO - ✅ 25 OS copiadas para a área de transferência.
2026-06-18 17:27:55,307 - INFO - 📋 Lote 154 copiado.
2026-06-18 17:28:03,653 - INFO - ⌛ Esperando mudança visual...
2026-06-18 17:28:04,661 - INFO - ⌛ Esperando mudança visual...
2026-06-18 17:28:05,676 - INFO - ⌛ Esperando mudança visual...
2026-06-18 17:28:06,701 - INFO - ⌛ Esperando mudança visual...
2026-06-18 17:28:07,719 - INFO - ⌛ Esperando mudança visual...
2026-06-18 17:28:08,737 - INFO - ⌛ Esperando mudança visual...
2026-06-18 17:28:09,754 - INFO - ⌛ Esperando mudança visual...
2026-06-18 17:28:10,770 - INFO - ⌛ Esperando mudança visual...
2026-06-18 17:28:11,787 - INFO - ⌛ Esperando mudança visual...
2026-06-18 17:28:12,802 - INFO - ⌛ Esperando mudança visual...
2026-06-18 17:28:13,818 - INFO - ⌛ Esperando mudança visual...
2026-06-18 17:28:14,835 - INFO - ⌛ Esperando mudança visual...
2026-06-18 17:28:15,850 - INFO - ✅ Tela carregada!
2026-06-18 17:28:46,451 - INFO - ⌛ Aguardando janela de confirmação de desbloqueio...
2026-06-18 17:29:02,452 - INFO - ⌛ Aguardando janela de confirmação de desbloqueio...
2026-06-18 17:29:18,534 - INFO - 🟨 Registros desbloqueados com sucesso
2026-06-18 17:29:31,255 - INFO - ⌛ Aguardando janela de confirmação de desprogramação ...
2026-06-18 17:29:47,291 - INFO - 🟨 Janela de confirmação de desprogramação detectada
2026-06-18 17:29:50,918 - INFO - ⌛ Aguardando janela de confirmação de desprogramação ...
2026-06-18 17:30:07,092 - INFO - 🟨 Janela de aviso de desprogramação detectada
2026-06-18 17:30:09,374 - INFO - ⌛ Aguardando janela de confirmação de desprogramação 2 ...
2026-06-18 17:30:25,355 - INFO - ⌛ Aguardando janela de confirmação de desprogramação 2 ...
2026-06-18 17:30:25,724 - INFO - 🟨 Identificado travamento no EQM, reiniciando contador de espera
2026-06-18 17:30:41,320 - INFO - 🟨 Janela de confirmação 2 de desprogramação detectada
2026-06-18 17:30:48,751 - INFO - ⌛ Aguardando janela de sucesso ...
2026-06-18 17:31:04,710 - INFO - 🟨 lote desprogramado com sucesso
2026-06-18 17:31:06,990 - INFO - 
=== Iniciando lote 155/214  ===
2026-06-18 17:31:13,443 - INFO - Janela de seleção aberta
2026-06-18 17:31:17,682 - INFO - DEBUG: idx=154, inicio=3850, fim=3875
2026-06-18 17:31:17,682 - INFO - ✅ 25 OS copiadas para a área de transferência.
2026-06-18 17:31:17,682 - INFO - 📋 Lote 155 copiado.
2026-06-18 17:31:26,018 - INFO - ⌛ Esperando mudança visual...
2026-06-18 17:31:27,028 - INFO - ⌛ Esperando mudança visual...
2026-06-18 17:31:28,050 - INFO - ⌛ Esperando mudança visual...
2026-06-18 17:31:29,059 - INFO - ⌛ Esperando mudança visual...
2026-06-18 17:31:30,083 - INFO - ⌛ Esperando mudança visual...
2026-06-18 17:31:31,102 - INFO - ⌛ Esperando mudança visual...
2026-06-18 17:31:32,119 - INFO - ⌛ Esperando mudança visual...
2026-06-18 17:31:33,131 - INFO - ⌛ Esperando mudança visual...
2026-06-18 17:31:34,151 - INFO - ⌛ Esperando mudança visual...
2026-06-18 17:31:35,169 - INFO - ⌛ Esperando mudança visual...
2026-06-18 17:31:36,184 - INFO - ⌛ Esperando mudança visual...
2026-06-18 17:31:37,201 - INFO - ⌛ Esperando mudança visual...
2026-06-18 17:31:38,217 - INFO - ✅ Tela carregada!
2026-06-18 17:32:08,803 - INFO - ⌛ Aguardando janela de confirmação de desbloqueio...
2026-06-18 17:32:24,770 - INFO - 🟨 Registros desbloqueados com sucesso
2026-06-18 17:32:37,441 - INFO - ⌛ Aguardando janela de confirmação de desprogramação ...
2026-06-18 17:32:53,416 - INFO - 🟨 Janela de confirmação de desprogramação detectada
2026-06-18 17:32:57,046 - INFO - ⌛ Aguardando janela de confirmação de desprogramação ...
2026-06-18 17:33:13,225 - INFO - 🟨 Janela de aviso de desprogramação detectada
2026-06-18 17:33:15,455 - INFO - ⌛ Aguardando janela de confirmação de desprogramação 2 ...
2026-06-18 17:33:31,333 - INFO - ⌛ Aguardando janela de confirmação de desprogramação 2 ...
2026-06-18 17:33:31,709 - INFO - 🟨 Identificado travamento no EQM, reiniciando contador de espera
2026-06-18 17:33:47,309 - INFO - 🟨 Janela de confirmação 2 de desprogramação detectada
2026-06-18 17:33:54,738 - INFO - ⌛ Aguardando janela de sucesso ...
2026-06-18 17:34:10,669 - INFO - 🟨 lote desprogramado com sucesso
2026-06-18 17:34:12,926 - INFO - 
=== Iniciando lote 156/214  ===
2026-06-18 17:34:19,374 - INFO - Janela de seleção aberta
2026-06-18 17:34:23,625 - INFO - DEBUG: idx=155, inicio=3875, fim=3900
2026-06-18 17:34:23,625 - INFO - ✅ 25 OS copiadas para a área de transferência.
2026-06-18 17:34:23,625 - INFO - 📋 Lote 156 copiado.
2026-06-18 17:34:31,966 - INFO - ⌛ Esperando mudança visual...
2026-06-18 17:34:32,978 - INFO - ⌛ Esperando mudança visual...
2026-06-18 17:34:33,999 - INFO - ⌛ Esperando mudança visual...
2026-06-18 17:34:35,009 - INFO - ⌛ Esperando mudança visual...
2026-06-18 17:34:36,031 - INFO - ⌛ Esperando mudança visual...
2026-06-18 17:34:37,049 - INFO - ⌛ Esperando mudança visual...
2026-06-18 17:34:38,063 - INFO - ⌛ Esperando mudança visual...
2026-06-18 17:34:39,080 - INFO - ⌛ Esperando mudança visual...
2026-06-18 17:34:40,087 - INFO - ⌛ Esperando mudança visual...
2026-06-18 17:34:41,100 - INFO - ⌛ Esperando mudança visual...
2026-06-18 17:34:42,134 - INFO - ⌛ Esperando mudança visual...
2026-06-18 17:34:43,148 - INFO - ⌛ Esperando mudança visual...
2026-06-18 17:34:44,163 - INFO - ✅ Tela carregada!
2026-06-18 17:35:14,787 - INFO - ⌛ Aguardando janela de confirmação de desbloqueio...
2026-06-18 17:35:30,800 - INFO - 🟨 Registros desbloqueados com sucesso
2026-06-18 17:35:43,477 - INFO - ⌛ Aguardando janela de confirmação de desprogramação ...
2026-06-18 17:35:59,433 - INFO - 🟨 Janela de confirmação de desprogramação detectada
2026-06-18 17:36:02,997 - INFO - ⌛ Aguardando janela de confirmação de desprogramação ...
2026-06-18 17:36:19,141 - INFO - 🟨 Janela de aviso de desprogramação detectada
2026-06-18 17:36:21,416 - INFO - ⌛ Aguardando janela de confirmação de desprogramação 2 ...
2026-06-18 17:36:37,355 - INFO - 🟨 Janela de confirmação 2 de desprogramação detectada
2026-06-18 17:36:44,776 - INFO - ⌛ Aguardando janela de sucesso ...
2026-06-18 17:37:00,715 - INFO - 🟨 lote desprogramado com sucesso
2026-06-18 17:37:02,972 - INFO - 
=== Iniciando lote 157/214  ===
2026-06-18 17:37:09,442 - INFO - Janela de seleção aberta
2026-06-18 17:37:13,688 - INFO - DEBUG: idx=156, inicio=3900, fim=3925
2026-06-18 17:37:13,688 - INFO - ✅ 25 OS copiadas para a área de transferência.
2026-06-18 17:37:13,688 - INFO - 📋 Lote 157 copiado.
2026-06-18 17:37:22,029 - INFO - ⌛ Esperando mudança visual...
2026-06-18 17:37:23,047 - INFO - ⌛ Esperando mudança visual...
2026-06-18 17:37:24,062 - INFO - ⌛ Esperando mudança visual...
2026-06-18 17:37:25,079 - INFO - ⌛ Esperando mudança visual...
2026-06-18 17:37:26,095 - INFO - ⌛ Esperando mudança visual...
2026-06-18 17:37:27,112 - INFO - ⌛ Esperando mudança visual...
2026-06-18 17:37:28,125 - INFO - ⌛ Esperando mudança visual...
2026-06-18 17:37:29,146 - INFO - ⌛ Esperando mudança visual...
2026-06-18 17:37:30,162 - INFO - ⌛ Esperando mudança visual...
2026-06-18 17:37:31,171 - INFO - ⌛ Esperando mudança visual...
2026-06-18 17:37:32,195 - INFO - ✅ Tela carregada!
2026-06-18 17:38:02,822 - INFO - ⌛ Aguardando janela de confirmação de desbloqueio...
2026-06-18 17:38:18,935 - INFO - 🟨 Registros desbloqueados com sucesso
2026-06-18 17:38:31,626 - INFO - ⌛ Aguardando janela de confirmação de desprogramação ...
2026-06-18 17:38:47,604 - INFO - 🟨 Janela de confirmação de desprogramação detectada
2026-06-18 17:38:51,212 - INFO - ⌛ Aguardando janela de confirmação de desprogramação ...
2026-06-18 17:39:07,418 - INFO - 🟨 Janela de aviso de desprogramação detectada
2026-06-18 17:39:09,703 - INFO - ⌛ Aguardando janela de confirmação de desprogramação 2 ...
2026-06-18 17:39:25,745 - INFO - 🟨 Janela de confirmação 2 de desprogramação detectada
2026-06-18 17:39:33,232 - INFO - ⌛ Aguardando janela de sucesso ...
2026-06-18 17:39:49,320 - INFO - 🟨 lote desprogramado com sucesso
2026-06-18 17:39:51,605 - INFO - 
=== Iniciando lote 158/214  ===
2026-06-18 17:39:58,078 - INFO - Janela de seleção aberta
2026-06-18 17:40:02,320 - INFO - DEBUG: idx=157, inicio=3925, fim=3950
2026-06-18 17:40:02,322 - INFO - ✅ 25 OS copiadas para a área de transferência.
2026-06-18 17:40:02,322 - INFO - 📋 Lote 158 copiado.
2026-06-18 17:40:10,661 - INFO - ⌛ Esperando mudança visual...
2026-06-18 17:40:11,677 - INFO - ⌛ Esperando mudança visual...
2026-06-18 17:40:12,692 - INFO - ⌛ Esperando mudança visual...
2026-06-18 17:40:13,713 - INFO - ⌛ Esperando mudança visual...
2026-06-18 17:40:14,727 - INFO - ⌛ Esperando mudança visual...
2026-06-18 17:40:15,745 - INFO - ⌛ Esperando mudança visual...
2026-06-18 17:40:16,762 - INFO - ⌛ Esperando mudança visual...
2026-06-18 17:40:17,773 - INFO - ⌛ Esperando mudança visual...
2026-06-18 17:40:18,795 - INFO - ⌛ Esperando mudança visual...
2026-06-18 17:40:19,807 - INFO - ⌛ Esperando mudança visual...
2026-06-18 17:40:20,829 - INFO - ⌛ Esperando mudança visual...
2026-06-18 17:40:21,847 - INFO - ✅ Tela carregada!
2026-06-18 17:40:52,466 - INFO - ⌛ Aguardando janela de confirmação de desbloqueio...
2026-06-18 17:41:08,496 - INFO - ⌛ Aguardando janela de confirmação de desbloqueio...
2026-06-18 17:41:24,489 - INFO - 🟨 Registros desbloqueados com sucesso
2026-06-18 17:41:37,192 - INFO - ⌛ Aguardando janela de confirmação de desprogramação ...
2026-06-18 17:41:53,285 - INFO - 🟨 Janela de confirmação de desprogramação detectada
2026-06-18 17:41:56,959 - INFO - ⌛ Aguardando janela de confirmação de desprogramação ...
2026-06-18 17:42:13,240 - INFO - 🟨 Janela de aviso de desprogramação detectada
2026-06-18 17:42:15,555 - INFO - ⌛ Aguardando janela de confirmação de desprogramação 2 ...
2026-06-18 17:42:31,711 - INFO - ⌛ Aguardando janela de confirmação de desprogramação 2 ...
2026-06-18 17:42:32,110 - INFO - 🟨 Identificado travamento no EQM, reiniciando contador de espera
2026-06-18 17:42:47,767 - INFO - 🟨 Janela de confirmação 2 de desprogramação detectada
2026-06-18 17:42:55,235 - INFO - ⌛ Aguardando janela de sucesso ...
2026-06-18 17:43:11,280 - INFO - 🟨 lote desprogramado com sucesso
2026-06-18 17:43:13,551 - INFO - 
=== Iniciando lote 159/214  ===
2026-06-18 17:43:20,044 - INFO - Janela de seleção aberta
2026-06-18 17:43:24,306 - INFO - DEBUG: idx=158, inicio=3950, fim=3975
2026-06-18 17:43:24,306 - INFO - ✅ 25 OS copiadas para a área de transferência.
2026-06-18 17:43:24,306 - INFO - 📋 Lote 159 copiado.
2026-06-18 17:43:32,645 - INFO - ⌛ Esperando mudança visual...
2026-06-18 17:43:33,663 - INFO - ⌛ Esperando mudança visual...
2026-06-18 17:43:34,679 - INFO - ⌛ Esperando mudança visual...
2026-06-18 17:43:35,695 - INFO - ⌛ Esperando mudança visual...
2026-06-18 17:43:36,710 - INFO - ⌛ Esperando mudança visual...
2026-06-18 17:43:37,724 - INFO - ⌛ Esperando mudança visual...
2026-06-18 17:43:38,746 - INFO - ⌛ Esperando mudança visual...
2026-06-18 17:43:39,758 - INFO - ⌛ Esperando mudança visual...
2026-06-18 17:43:40,778 - INFO - ⌛ Esperando mudança visual...
2026-06-18 17:43:41,786 - INFO - ⌛ Esperando mudança visual...
2026-06-18 17:43:42,806 - INFO - ✅ Tela carregada!
2026-06-18 17:44:13,423 - INFO - ⌛ Aguardando janela de confirmação de desbloqueio...
2026-06-18 17:44:29,351 - INFO - ⌛ Aguardando janela de confirmação de desbloqueio...
2026-06-18 17:44:45,258 - INFO - 🟨 Registros desbloqueados com sucesso
2026-06-18 17:44:57,945 - INFO - ⌛ Aguardando janela de confirmação de desprogramação ...
2026-06-18 17:45:13,898 - INFO - 🟨 Janela de confirmação de desprogramação detectada
2026-06-18 17:45:17,559 - INFO - ⌛ Aguardando janela de confirmação de desprogramação ...
2026-06-18 17:45:33,773 - INFO - 🟨 Janela de aviso de desprogramação detectada
2026-06-18 17:45:36,041 - INFO - ⌛ Aguardando janela de confirmação de desprogramação 2 ...
2026-06-18 17:45:51,991 - INFO - 🟨 Janela de confirmação 2 de desprogramação detectada
2026-06-18 17:45:59,421 - INFO - ⌛ Aguardando janela de sucesso ...
2026-06-18 17:46:15,419 - INFO - 🟨 lote desprogramado com sucesso
2026-06-18 17:46:17,671 - INFO - 
=== Iniciando lote 160/214  ===
2026-06-18 17:46:24,143 - INFO - Janela de seleção aberta
2026-06-18 17:46:28,392 - INFO - DEBUG: idx=159, inicio=3975, fim=4000
2026-06-18 17:46:28,393 - INFO - ✅ 25 OS copiadas para a área de transferência.
2026-06-18 17:46:28,393 - INFO - 📋 Lote 160 copiado.
2026-06-18 17:46:36,724 - INFO - ⌛ Esperando mudança visual...
2026-06-18 17:46:37,742 - INFO - ⌛ Esperando mudança visual...
2026-06-18 17:46:38,759 - INFO - ⌛ Esperando mudança visual...
2026-06-18 17:46:39,774 - INFO - ⌛ Esperando mudança visual...
2026-06-18 17:46:40,793 - INFO - ⌛ Esperando mudança visual...
2026-06-18 17:46:41,811 - INFO - ⌛ Esperando mudança visual...
2026-06-18 17:46:42,826 - INFO - ⌛ Esperando mudança visual...
2026-06-18 17:46:43,845 - INFO - ⌛ Esperando mudança visual...
2026-06-18 17:46:44,861 - INFO - ⌛ Esperando mudança visual...
2026-06-18 17:46:45,876 - INFO - ⌛ Esperando mudança visual...
2026-06-18 17:46:46,888 - INFO - ✅ Tela carregada!
2026-06-18 17:47:17,491 - INFO - ⌛ Aguardando janela de confirmação de desbloqueio...
2026-06-18 17:47:33,482 - INFO - 🟨 Registros desbloqueados com sucesso
2026-06-18 17:47:46,192 - INFO - ⌛ Aguardando janela de confirmação de desprogramação ...
2026-06-18 17:48:02,234 - INFO - 🟨 Janela de confirmação de desprogramação detectada
2026-06-18 17:48:05,837 - INFO - ⌛ Aguardando janela de confirmação de desprogramação ...
2026-06-18 17:48:21,998 - INFO - 🟨 Janela de aviso de desprogramação detectada
2026-06-18 17:48:24,264 - INFO - ⌛ Aguardando janela de confirmação de desprogramação 2 ...
2026-06-18 17:48:40,356 - INFO - ⌛ Aguardando janela de confirmação de desprogramação 2 ...
2026-06-18 17:48:40,764 - INFO - 🟨 Identificado travamento no EQM, reiniciando contador de espera
2026-06-18 17:48:56,419 - INFO - 🟨 Janela de confirmação 2 de desprogramação detectada
2026-06-18 17:49:03,871 - INFO - ⌛ Aguardando janela de sucesso ...
2026-06-18 17:49:19,814 - INFO - 🟨 lote desprogramado com sucesso
2026-06-18 17:49:22,070 - INFO - 
=== Iniciando lote 161/214  ===
2026-06-18 17:49:28,522 - INFO - Janela de seleção aberta
2026-06-18 17:49:32,772 - INFO - DEBUG: idx=160, inicio=4000, fim=4025
2026-06-18 17:49:32,772 - INFO - ✅ 25 OS copiadas para a área de transferência.
2026-06-18 17:49:32,772 - INFO - 📋 Lote 161 copiado.
2026-06-18 17:49:41,110 - INFO - ⌛ Esperando mudança visual...
2026-06-18 17:49:42,127 - INFO - ⌛ Esperando mudança visual...
2026-06-18 17:49:43,143 - INFO - ⌛ Esperando mudança visual...
2026-06-18 17:49:44,160 - INFO - ⌛ Esperando mudança visual...
2026-06-18 17:49:45,177 - INFO - ⌛ Esperando mudança visual...
2026-06-18 17:49:46,192 - INFO - ⌛ Esperando mudança visual...
2026-06-18 17:49:47,211 - INFO - ⌛ Esperando mudança visual...
2026-06-18 17:49:48,227 - INFO - ⌛ Esperando mudança visual...
2026-06-18 17:49:49,243 - INFO - ⌛ Esperando mudança visual...
2026-06-18 17:49:50,260 - INFO - ⌛ Esperando mudança visual...
2026-06-18 17:49:51,277 - INFO - ✅ Tela carregada!
2026-06-18 17:50:21,860 - INFO - ⌛ Aguardando janela de confirmação de desbloqueio...
2026-06-18 17:50:37,806 - INFO - 🟨 Registros desbloqueados com sucesso
2026-06-18 17:50:50,489 - INFO - ⌛ Aguardando janela de confirmação de desprogramação ...
2026-06-18 17:51:06,486 - INFO - 🟨 Janela de confirmação de desprogramação detectada
2026-06-18 17:51:10,095 - INFO - ⌛ Aguardando janela de confirmação de desprogramação ...
2026-06-18 17:51:26,213 - INFO - 🟨 Janela de aviso de desprogramação detectada
2026-06-18 17:51:28,501 - INFO - ⌛ Aguardando janela de confirmação de desprogramação 2 ...
2026-06-18 17:51:44,469 - INFO - ⌛ Aguardando janela de confirmação de desprogramação 2 ...
2026-06-18 17:51:44,847 - INFO - 🟨 Identificado travamento no EQM, reiniciando contador de espera
2026-06-18 17:52:00,432 - INFO - 🟨 Janela de confirmação 2 de desprogramação detectada
2026-06-18 17:52:07,859 - INFO - ⌛ Aguardando janela de sucesso ...
2026-06-18 17:52:23,813 - INFO - 🟨 lote desprogramado com sucesso
2026-06-18 17:52:26,066 - INFO - 
=== Iniciando lote 162/214  ===
2026-06-18 17:52:32,551 - INFO - Janela de seleção aberta
2026-06-18 17:52:36,801 - INFO - DEBUG: idx=161, inicio=4025, fim=4050
2026-06-18 17:52:36,801 - INFO - ✅ 25 OS copiadas para a área de transferência.
2026-06-18 17:52:36,801 - INFO - 📋 Lote 162 copiado.
2026-06-18 17:52:45,143 - INFO - ⌛ Esperando mudança visual...
2026-06-18 17:52:46,158 - INFO - ⌛ Esperando mudança visual...
2026-06-18 17:52:47,174 - INFO - ⌛ Esperando mudança visual...
2026-06-18 17:52:48,193 - INFO - ⌛ Esperando mudança visual...
2026-06-18 17:52:49,206 - INFO - ⌛ Esperando mudança visual...
2026-06-18 17:52:50,223 - INFO - ⌛ Esperando mudança visual...
2026-06-18 17:52:51,242 - INFO - ⌛ Esperando mudança visual...
2026-06-18 17:52:52,260 - INFO - ⌛ Esperando mudança visual...
2026-06-18 17:52:53,275 - INFO - ⌛ Esperando mudança visual...
2026-06-18 17:52:54,293 - INFO - ⌛ Esperando mudança visual...
2026-06-18 17:52:55,309 - INFO - ✅ Tela carregada!
2026-06-18 17:53:25,895 - INFO - ⌛ Aguardando janela de confirmação de desbloqueio...
2026-06-18 17:53:41,854 - INFO - ⌛ Aguardando janela de confirmação de desbloqueio...
2026-06-18 17:53:57,781 - INFO - 🟨 Registros desbloqueados com sucesso
2026-06-18 17:54:10,501 - INFO - ⌛ Aguardando janela de confirmação de desprogramação ...
2026-06-18 17:54:26,499 - INFO - 🟨 Janela de confirmação de desprogramação detectada
2026-06-18 17:54:30,094 - INFO - ⌛ Aguardando janela de confirmação de desprogramação ...
2026-06-18 17:54:46,233 - INFO - 🟨 Janela de aviso de desprogramação detectada
2026-06-18 17:54:48,510 - INFO - ⌛ Aguardando janela de confirmação de desprogramação 2 ...
2026-06-18 17:55:04,495 - INFO - ⌛ Aguardando janela de confirmação de desprogramação 2 ...
2026-06-18 17:55:04,878 - INFO - 🟨 Identificado travamento no EQM, reiniciando contador de espera
2026-06-18 17:55:20,470 - INFO - 🟨 Janela de confirmação 2 de desprogramação detectada
2026-06-18 17:55:27,880 - INFO - ⌛ Aguardando janela de sucesso ...
2026-06-18 17:55:43,868 - INFO - 🟨 lote desprogramado com sucesso
2026-06-18 17:55:46,149 - INFO - 
=== Iniciando lote 163/214  ===
2026-06-18 17:55:52,609 - INFO - Janela de seleção aberta
2026-06-18 17:55:56,848 - INFO - DEBUG: idx=162, inicio=4050, fim=4075
2026-06-18 17:55:56,848 - INFO - ✅ 25 OS copiadas para a área de transferência.
2026-06-18 17:55:56,848 - INFO - 📋 Lote 163 copiado.
2026-06-18 17:56:05,193 - INFO - ⌛ Esperando mudança visual...
2026-06-18 17:56:06,209 - INFO - ⌛ Esperando mudança visual...
2026-06-18 17:56:07,224 - INFO - ⌛ Esperando mudança visual...
2026-06-18 17:56:08,245 - INFO - ⌛ Esperando mudança visual...
2026-06-18 17:56:09,255 - INFO - ⌛ Esperando mudança visual...
2026-06-18 17:56:10,270 - INFO - ⌛ Esperando mudança visual...
2026-06-18 17:56:11,282 - INFO - ⌛ Esperando mudança visual...
2026-06-18 17:56:12,308 - INFO - ⌛ Esperando mudança visual...
2026-06-18 17:56:13,325 - INFO - ⌛ Esperando mudança visual...
2026-06-18 17:56:14,341 - INFO - ⌛ Esperando mudança visual...
2026-06-18 17:56:15,355 - INFO - ✅ Tela carregada!
2026-06-18 17:56:45,950 - INFO - ⌛ Aguardando janela de confirmação de desbloqueio...
2026-06-18 17:57:01,872 - INFO - 🟨 Registros desbloqueados com sucesso
2026-06-18 17:57:14,550 - INFO - ⌛ Aguardando janela de confirmação de desprogramação ...
2026-06-18 17:57:30,564 - INFO - 🟨 Janela de confirmação de desprogramação detectada
2026-06-18 17:57:34,157 - INFO - ⌛ Aguardando janela de confirmação de desprogramação ...
2026-06-18 17:57:50,285 - INFO - 🟨 Janela de aviso de desprogramação detectada
2026-06-18 17:57:52,558 - INFO - ⌛ Aguardando janela de confirmação de desprogramação 2 ...
2026-06-18 17:58:08,527 - INFO - ⌛ Aguardando janela de confirmação de desprogramação 2 ...
2026-06-18 17:58:24,426 - INFO - 🟨 Janela de confirmação 2 de desprogramação detectada
2026-06-18 17:58:31,836 - INFO - ⌛ Aguardando janela de sucesso ...
2026-06-18 17:58:47,762 - INFO - 🟨 lote desprogramado com sucesso
2026-06-18 17:58:50,034 - INFO - 
=== Iniciando lote 164/214  ===
2026-06-18 17:58:56,486 - INFO - Janela de seleção aberta
2026-06-18 17:59:00,730 - INFO - DEBUG: idx=163, inicio=4075, fim=4100
2026-06-18 17:59:00,732 - INFO - ✅ 25 OS copiadas para a área de transferência.
2026-06-18 17:59:00,732 - INFO - 📋 Lote 164 copiado.
2026-06-18 17:59:09,075 - INFO - ⌛ Esperando mudança visual...
2026-06-18 17:59:10,089 - INFO - ⌛ Esperando mudança visual...
2026-06-18 17:59:11,107 - INFO - ⌛ Esperando mudança visual...
2026-06-18 17:59:12,123 - INFO - ⌛ Esperando mudança visual...
2026-06-18 17:59:13,138 - INFO - ⌛ Esperando mudança visual...
2026-06-18 17:59:14,156 - INFO - ⌛ Esperando mudança visual...
2026-06-18 17:59:15,173 - INFO - ⌛ Esperando mudança visual...
2026-06-18 17:59:16,184 - INFO - ⌛ Esperando mudança visual...
2026-06-18 17:59:17,208 - INFO - ⌛ Esperando mudança visual...
2026-06-18 17:59:18,221 - INFO - ⌛ Esperando mudança visual...
2026-06-18 17:59:19,238 - INFO - ✅ Tela carregada!
2026-06-18 17:59:49,829 - INFO - ⌛ Aguardando janela de confirmação de desbloqueio...
2026-06-18 18:00:05,754 - INFO - ⌛ Aguardando janela de confirmação de desbloqueio...
2026-06-18 18:00:06,170 - INFO - 🟨 Identificado travamento no EQM, reiniciando contador de espera
2026-06-18 18:00:21,807 - INFO - 🟨 Registros desbloqueados com sucesso
2026-06-18 18:00:34,486 - INFO - ⌛ Aguardando janela de confirmação de desprogramação ...
2026-06-18 18:00:50,478 - INFO - 🟨 Janela de confirmação de desprogramação detectada
2026-06-18 18:00:54,063 - INFO - ⌛ Aguardando janela de confirmação de desprogramação ...
2026-06-18 18:01:10,206 - INFO - ⌛ Aguardando janela de confirmação de desprogramação ...
2026-06-18 18:01:26,376 - INFO - ⌛ Aguardando janela de confirmação de desprogramação ...
2026-06-18 18:01:42,676 - INFO - ⌛ Aguardando janela de confirmação de desprogramação ...
2026-06-18 18:01:58,907 - INFO - ⌛ Aguardando janela de confirmação de desprogramação ...
2026-06-18 18:02:15,205 - INFO - ⌛ Aguardando janela de confirmação de desprogramação ...
2026-06-18 18:02:31,426 - INFO - ⌛ Aguardando janela de confirmação de desprogramação ...
2026-06-18 18:02:47,670 - INFO - ⌛ Aguardando janela de confirmação de desprogramação ...
2026-06-18 18:03:03,932 - INFO - ⌛ Aguardando janela de confirmação de desprogramação ...
2026-06-18 18:03:20,067 - INFO - ⌛ Aguardando janela de confirmação de desprogramação ...
2026-06-18 18:03:36,166 - INFO - ⌛ Aguardando janela de confirmação de desprogramação ...
2026-06-18 18:03:52,362 - INFO - ⌛ Aguardando janela de confirmação de desprogramação ...
2026-06-18 18:04:08,667 - INFO - ⌛ Aguardando janela de confirmação de desprogramação ...
2026-06-18 18:04:25,070 - INFO - ⌛ Aguardando janela de confirmação de desprogramação ...
2026-06-18 18:04:41,348 - INFO - ⌛ Aguardando janela de confirmação de desprogramação ...
2026-06-18 18:04:57,631 - INFO - ⌛ Aguardando janela de confirmação de desprogramação ...
2026-06-18 18:05:13,659 - INFO - ⌛ Aguardando janela de confirmação de desprogramação ...
2026-06-18 18:31:50,060 - INFO - ⌛ Aguardando janela de confirmação de desprogramação ...
2026-06-18 18:32:05,852 - INFO - ⌛ Aguardando janela de confirmação de desprogramação ...
2026-06-18 18:32:21,479 - INFO - ⌛ Aguardando janela de confirmação de desprogramação ...
2026-06-18 18:35:11,087 - INFO - Data hoje: 18/06/2026
2026-06-18 18:35:11,087 - INFO - Data de referência: 30/06/2026
2026-06-18 18:36:55,700 - INFO - Qtde OS de LINHA VIVA: 336
2026-06-18 18:36:55,700 - INFO - Qtde OS poda de LINHA MORTA: 227
2026-06-18 18:36:55,700 - INFO - Qtde OS estrutural de LINHA MORTA : 11782
2026-06-18 18:36:55,700 - INFO - Qtde OS poda de LINHA MORTA fora carteira: 37
2026-06-18 18:36:55,700 - INFO - Qtde OS para desprogramar: 5370
2026-06-18 18:36:55,702 - INFO - 
 Qtd de lotes de LM: 10
2026-06-18 18:36:55,702 - INFO - 
 Qtd de lotes de LV: 14
2026-06-18 18:36:55,702 - INFO - 
 Qtd de lotes de ESTRUTURAL LM: 472
2026-06-18 18:36:55,702 - INFO - 
 Qtd de lotes de LEVE: 2
2026-06-18 18:36:55,702 - INFO - 
 Qtd de lotes para desprogramar: 215
2026-06-18 18:36:55,702 - INFO - 
=== Iniciando lote 164/215  ===
2026-06-18 18:37:02,116 - INFO - Janela de seleção aberta
2026-06-18 18:37:06,349 - INFO - DEBUG: idx=163, inicio=4075, fim=4100
2026-06-18 18:37:06,349 - INFO - ✅ 25 OS copiadas para a área de transferência.
2026-06-18 18:37:06,349 - INFO - 📋 Lote 164 copiado.
2026-06-18 18:37:14,686 - INFO - ⌛ Esperando mudança visual...
2026-06-18 18:37:15,688 - INFO - ✅ Tela carregada!
2026-06-18 18:37:46,221 - INFO - ⌛ Aguardando janela de confirmação de desbloqueio...
2026-06-18 18:38:01,697 - INFO - ⌛ Aguardando janela de confirmação de desbloqueio...
2026-06-18 18:38:17,115 - INFO - ⌛ Aguardando janela de confirmação de desbloqueio...
2026-06-18 18:38:32,573 - INFO - ⌛ Aguardando janela de confirmação de desbloqueio...
2026-06-18 18:38:48,009 - INFO - ⌛ Aguardando janela de confirmação de desbloqueio...
2026-06-18 18:39:03,469 - INFO - ⌛ Aguardando janela de confirmação de desbloqueio...
2026-06-18 18:39:18,890 - INFO - ⌛ Aguardando janela de confirmação de desbloqueio...
2026-06-18 18:39:34,319 - INFO - ⌛ Aguardando janela de confirmação de desbloqueio...
2026-06-18 18:39:49,758 - INFO - ⌛ Aguardando janela de confirmação de desbloqueio...
2026-06-18 18:40:05,172 - INFO - ⌛ Aguardando janela de confirmação de desbloqueio...
2026-06-18 18:40:20,602 - INFO - ⌛ Aguardando janela de confirmação de desbloqueio...
2026-06-18 18:40:36,013 - INFO - ⌛ Aguardando janela de confirmação de desbloqueio...
2026-06-18 18:40:51,441 - INFO - ⌛ Aguardando janela de confirmação de desbloqueio...
2026-06-18 18:41:06,938 - INFO - ⌛ Aguardando janela de confirmação de desbloqueio...
2026-06-18 18:41:22,380 - INFO - ⌛ Aguardando janela de confirmação de desbloqueio...
2026-06-18 18:41:38,484 - INFO - Data hoje: 18/06/2026
2026-06-18 18:41:38,484 - INFO - Data de referência: 30/06/2026
2026-06-18 18:43:16,163 - INFO - Qtde OS de LINHA VIVA: 336
2026-06-18 18:43:16,163 - INFO - Qtde OS poda de LINHA MORTA: 227
2026-06-18 18:43:16,163 - INFO - Qtde OS estrutural de LINHA MORTA : 11782
2026-06-18 18:43:16,163 - INFO - Qtde OS poda de LINHA MORTA fora carteira: 37
2026-06-18 18:43:16,163 - INFO - Qtde OS para desprogramar: 5370
2026-06-18 18:43:16,164 - INFO - 
 Qtd de lotes de LM: 10
2026-06-18 18:43:16,164 - INFO - 
 Qtd de lotes de LV: 14
2026-06-18 18:43:16,164 - INFO - 
 Qtd de lotes de ESTRUTURAL LM: 472
2026-06-18 18:43:16,164 - INFO - 
 Qtd de lotes de LEVE: 2
2026-06-18 18:43:16,164 - INFO - 
 Qtd de lotes para desprogramar: 215
2026-06-18 18:43:16,164 - INFO - 
=== Iniciando lote 164/215  ===
2026-06-18 18:43:22,588 - INFO - Janela de seleção aberta
2026-06-18 18:43:26,809 - INFO - DEBUG: idx=163, inicio=4075, fim=4100
2026-06-18 18:43:26,809 - INFO - ✅ 25 OS copiadas para a área de transferência.
2026-06-18 18:43:26,809 - INFO - 📋 Lote 164 copiado.
2026-06-18 18:43:35,131 - INFO - ⌛ Esperando mudança visual...
2026-06-18 18:43:36,148 - INFO - ⌛ Esperando mudança visual...
2026-06-18 18:43:37,160 - INFO - ⌛ Esperando mudança visual...
2026-06-18 18:43:38,181 - INFO - ⌛ Esperando mudança visual...
2026-06-18 18:43:39,198 - INFO - ✅ Tela carregada!
2026-06-18 18:44:28,695 - INFO - Data hoje: 18/06/2026
2026-06-18 18:44:28,695 - INFO - Data de referência: 30/06/2026
2026-06-18 18:46:05,163 - INFO - Qtde OS de LINHA VIVA: 336
2026-06-18 18:46:05,163 - INFO - Qtde OS poda de LINHA MORTA: 227
2026-06-18 18:46:05,163 - INFO - Qtde OS estrutural de LINHA MORTA : 11782
2026-06-18 18:46:05,163 - INFO - Qtde OS poda de LINHA MORTA fora carteira: 37
2026-06-18 18:46:05,163 - INFO - Qtde OS para desprogramar: 5370
2026-06-18 18:46:05,163 - INFO - 
 Qtd de lotes de LM: 10
2026-06-18 18:46:05,163 - INFO - 
 Qtd de lotes de LV: 14
2026-06-18 18:46:05,163 - INFO - 
 Qtd de lotes de ESTRUTURAL LM: 472
2026-06-18 18:46:05,163 - INFO - 
 Qtd de lotes de LEVE: 2
2026-06-18 18:46:05,163 - INFO - 
 Qtd de lotes para desprogramar: 215
2026-06-18 18:46:05,163 - INFO - 
=== Iniciando lote 165/215  ===
2026-06-18 18:46:11,569 - INFO - Janela de seleção aberta
2026-06-18 18:46:15,793 - INFO - DEBUG: idx=164, inicio=4100, fim=4125
2026-06-18 18:46:15,793 - INFO - ✅ 25 OS copiadas para a área de transferência.
2026-06-18 18:46:15,793 - INFO - 📋 Lote 165 copiado.
2026-06-18 18:46:24,110 - INFO - ⌛ Esperando mudança visual...
2026-06-18 18:46:25,124 - INFO - ⌛ Esperando mudança visual...
2026-06-18 18:46:26,140 - INFO - ⌛ Esperando mudança visual...
2026-06-18 18:46:27,159 - INFO - ⌛ Esperando mudança visual...
2026-06-18 18:46:28,172 - INFO - ⌛ Esperando mudança visual...
2026-06-18 18:46:29,206 - INFO - ⌛ Esperando mudança visual...
2026-06-18 18:46:30,211 - INFO - ⌛ Esperando mudança visual...
2026-06-18 18:46:31,230 - INFO - ⌛ Esperando mudança visual...
2026-06-18 18:46:32,236 - INFO - ⌛ Esperando mudança visual...
2026-06-18 18:46:33,251 - INFO - ⌛ Esperando mudança visual...
2026-06-18 18:46:34,267 - INFO - ⌛ Esperando mudança visual...
2026-06-18 18:46:35,297 - INFO - ✅ Tela carregada!
2026-06-18 18:47:05,781 - INFO - ⌛ Aguardando janela de confirmação de desbloqueio...
2026-06-18 18:47:21,271 - INFO - ⌛ Aguardando janela de confirmação de desbloqueio...
2026-06-18 18:47:36,737 - INFO - 🟨 Registros desbloqueados com sucesso
2026-06-18 18:47:49,356 - INFO - ⌛ Aguardando janela de confirmação de desprogramação ...
2026-06-18 18:48:04,789 - INFO - 🟨 Janela de confirmação de desprogramação detectada
2026-06-18 18:48:08,185 - INFO - ⌛ Aguardando janela de confirmação de desprogramação ...
2026-06-18 18:48:23,693 - INFO - 🟨 Janela de aviso de desprogramação detectada
2026-06-18 18:48:25,880 - INFO - ⌛ Aguardando janela de confirmação de desprogramação 2 ...
2026-06-18 18:48:41,276 - INFO - ⌛ Aguardando janela de confirmação de desprogramação 2 ...
2026-06-18 18:48:41,411 - INFO - 🟨 Identificado travamento no EQM, reiniciando contador de espera
2026-06-18 18:48:56,716 - INFO - 🟨 Janela de confirmação 2 de desprogramação detectada
2026-06-18 18:53:58,163 - INFO - Data hoje: 18/06/2026
2026-06-18 18:53:58,163 - INFO - Data de referência: 30/06/2026
2026-06-18 18:55:29,425 - INFO - Qtde OS de LINHA VIVA: 396
2026-06-18 18:55:29,425 - INFO - Qtde OS poda de LINHA MORTA: 283
2026-06-18 18:55:29,426 - INFO - Qtde OS estrutural de LINHA MORTA : 11796
2026-06-18 18:55:29,426 - INFO - Qtde OS poda de LINHA MORTA fora carteira: 40
2026-06-18 18:55:29,426 - INFO - Qtde OS para desprogramar: 1221
2026-06-18 18:55:29,427 - INFO - 
 Qtd de lotes de LM: 12
2026-06-18 18:55:29,427 - INFO - 
 Qtd de lotes de LV: 16
2026-06-18 18:55:29,427 - INFO - 
 Qtd de lotes de ESTRUTURAL LM: 472
2026-06-18 18:55:29,427 - INFO - 
 Qtd de lotes de LEVE: 2
2026-06-18 18:55:29,427 - INFO - 
 Qtd de lotes para desprogramar: 49
2026-06-18 18:55:29,427 - INFO - 
=== Iniciando lote 1/49  ===
2026-06-18 18:55:35,827 - INFO - Janela de seleção aberta
2026-06-18 18:55:40,046 - INFO - DEBUG: idx=0, inicio=0, fim=25
2026-06-18 18:55:40,046 - INFO - ✅ 25 OS copiadas para a área de transferência.
2026-06-18 18:55:40,046 - INFO - 📋 Lote 1 copiado.
2026-06-18 18:55:48,370 - INFO - ⌛ Esperando mudança visual...
2026-06-18 18:55:49,387 - INFO - ⌛ Esperando mudança visual...
2026-06-18 18:55:50,402 - INFO - ⌛ Esperando mudança visual...
2026-06-18 18:55:51,417 - INFO - ⌛ Esperando mudança visual...
2026-06-18 18:55:52,434 - INFO - ⌛ Esperando mudança visual...
2026-06-18 18:55:53,450 - INFO - ⌛ Esperando mudança visual...
2026-06-18 18:55:54,464 - INFO - ⌛ Esperando mudança visual...
2026-06-18 18:55:55,481 - INFO - ⌛ Esperando mudança visual...
2026-06-18 18:55:56,497 - INFO - ⌛ Esperando mudança visual...
2026-06-18 18:55:57,511 - INFO - ⌛ Esperando mudança visual...
2026-06-18 18:55:58,528 - INFO - ✅ Tela carregada!
2026-06-18 18:56:29,009 - INFO - ⌛ Aguardando janela de confirmação de desbloqueio...
2026-06-18 18:56:44,434 - INFO - 🟨 Registros desbloqueados com sucesso
2026-06-18 18:56:56,995 - INFO - ⌛ Aguardando janela de confirmação de desprogramação ...
2026-06-18 18:57:12,413 - INFO - ⌛ Aguardando janela de confirmação de desprogramação ...
2026-06-18 18:57:28,037 - INFO - ⌛ Aguardando janela de confirmação de desprogramação ...
2026-06-18 18:57:43,508 - INFO - ⌛ Aguardando janela de confirmação de desprogramação ...
2026-06-18 18:57:58,961 - INFO - ⌛ Aguardando janela de confirmação de desprogramação ...
2026-06-18 18:58:14,429 - INFO - ⌛ Aguardando janela de confirmação de desprogramação ...
2026-06-18 18:59:12,787 - INFO - Data hoje: 18/06/2026
2026-06-18 18:59:12,787 - INFO - Data de referência: 30/06/2026
2026-06-18 19:00:43,015 - INFO - Qtde OS de LINHA VIVA: 396
2026-06-18 19:00:43,015 - INFO - Qtde OS poda de LINHA MORTA: 283
2026-06-18 19:00:43,030 - INFO - Qtde OS estrutural de LINHA MORTA : 11796
2026-06-18 19:00:43,030 - INFO - Qtde OS poda de LINHA MORTA fora carteira: 40
2026-06-18 19:00:43,030 - INFO - Qtde OS para desprogramar: 1221
2026-06-18 19:00:43,030 - INFO - 
 Qtd de lotes de LM: 12
2026-06-18 19:00:43,030 - INFO - 
 Qtd de lotes de LV: 16
2026-06-18 19:00:43,030 - INFO - 
 Qtd de lotes de ESTRUTURAL LM: 472
2026-06-18 19:00:43,030 - INFO - 
 Qtd de lotes de LEVE: 2
2026-06-18 19:00:43,030 - INFO - 
 Qtd de lotes para desprogramar: 49
2026-06-18 19:00:43,030 - INFO - 
=== Iniciando lote 1/2 [LEVE] ===
2026-06-18 19:00:43,031 - INFO - 
=== abrir_janela_selecao ===
2026-06-18 19:00:49,366 - INFO - 
=== rotina abrir_selecao_colar_os ===
2026-06-18 19:00:49,443 - INFO - Janela de seleção aberta
2026-06-18 19:00:53,674 - INFO - DEBUG: idx=0, inicio=0, fim=25
2026-06-18 19:00:53,675 - INFO - ✅ 25 OS copiadas para a área de transferência.
2026-06-18 19:00:53,675 - INFO - 📋 Lote 1 copiado.
2026-06-18 19:01:01,998 - INFO - ⌛ Esperando mudança visual...
2026-06-18 19:01:03,012 - INFO - ⌛ Esperando mudança visual...
2026-06-18 19:01:04,029 - INFO - ⌛ Esperando mudança visual...
2026-06-18 19:01:05,045 - INFO - ⌛ Esperando mudança visual...
2026-06-18 19:01:06,059 - INFO - ⌛ Esperando mudança visual...
2026-06-18 19:01:07,078 - INFO - ⌛ Esperando mudança visual...
2026-06-18 19:01:08,090 - INFO - ⌛ Esperando mudança visual...
2026-06-18 19:01:09,108 - INFO - ⌛ Esperando mudança visual...
2026-06-18 19:01:10,123 - INFO - ⌛ Esperando mudança visual...
2026-06-18 19:01:11,139 - INFO - ⌛ Esperando mudança visual...
2026-06-18 19:01:12,155 - INFO - ⌛ Esperando mudança visual...
2026-06-18 19:01:13,171 - INFO - ✅ Tela carregada!
2026-06-18 19:01:17,173 - INFO - 
=== rotina desbloquear_os ===
2026-06-18 19:01:43,655 - INFO - ⌛ Aguardando janela de confirmação de desbloqueio...
2026-06-18 19:01:59,092 - INFO - ⌛ Aguardando janela de confirmação de desbloqueio...
2026-06-18 19:02:14,538 - INFO - 🟨 Registros desbloqueados com sucesso
2026-06-18 19:02:18,642 - INFO - 
=== rotina editar_os ===
2026-06-18 19:02:28,084 - INFO - ⌛ Aguardando janela de edição de OS...
2026-06-18 19:02:43,513 - INFO - 🟨 OS programadas detectadas
2026-06-18 19:02:46,626 - INFO - ⌛ Aguardando janela de edição de OS...
2026-06-18 19:03:02,062 - INFO - 🟨 Janela de edição de OS detectada
2026-06-18 19:03:23,446 - INFO - 🟨 Janela de edição de habilidade da turma detectada
2026-06-18 19:04:41,740 - INFO - ⌛ Aguardando detecção do campo de caracteristica 'EQUIPE PRÓPRIA OU EPS' ...
2026-06-18 19:05:01,090 - INFO - 🟨 campo de caracteristica 'EQUIPE PRÓPRIA OU EPS detectado
2026-06-18 19:05:22,894 - INFO - ⌛ Aguardando confirmação 4 - editar OS...
2026-06-18 19:05:38,377 - INFO - ⌛ Aguardando confirmação 4 - editar OS...
2026-06-18 19:05:53,918 - INFO - ⌛ Aguardando confirmação 4 - editar OS...
2026-06-18 19:06:09,415 - INFO - 🟨 Janela de confirmação 4 de edição de OS detectada
2026-06-18 19:06:13,519 - INFO - 
=== rotina programar_os ===
2026-06-18 19:06:40,072 - INFO - ⌛ Aguardando janela de confirmação de programação de OS...
2026-06-18 19:07:05,531 - INFO - 🟨 Janela de confirmação de programação de OS detectada
2026-06-18 19:07:18,806 - INFO - 🟨 Janela de aviso de edição de OS programadas detectada
2026-06-18 19:07:26,024 - INFO - ⌛ aguardando janela de programação de lote de OS...
2026-06-18 19:07:51,557 - INFO - 🟨 Janela de aviso de substituição de lote de OS detectada
2026-06-18 19:08:11,659 - INFO - ⌛ aguardando janela de programação de lote de OS...
2026-06-18 19:08:37,210 - INFO - 🟨 Janela de programação de lote de OS detectada
2026-06-18 19:09:26,592 - INFO - 🟨 Janela de aviso de OS com contrato informado detectada
2026-06-18 19:09:36,804 - INFO - 🟨 Janela de confirmação de programação de lote de OS detectada
2026-06-18 19:09:41,033 - INFO - ⌛ aguardando confirmação final de programação do lote
2026-06-18 19:10:06,516 - INFO - 🟨 programação do lote 1 efetuado com sucesso
2026-06-18 19:10:16,620 - INFO - 
=== Iniciando lote 2/2 [LEVE] ===
2026-06-18 19:10:16,620 - INFO - 
=== abrir_janela_selecao ===
2026-06-18 19:10:22,926 - INFO - 
=== rotina abrir_selecao_colar_os ===
2026-06-18 19:10:22,976 - INFO - Janela de seleção aberta
2026-06-18 19:10:27,202 - INFO - DEBUG: idx=1, inicio=25, fim=50
2026-06-18 19:10:27,202 - INFO - ✅ 15 OS copiadas para a área de transferência.
2026-06-18 19:10:27,202 - INFO - 📋 Lote 2 copiado.
2026-06-18 19:10:35,530 - INFO - ⌛ Esperando mudança visual...
2026-06-18 19:10:36,546 - INFO - ⌛ Esperando mudança visual...
2026-06-18 19:10:37,560 - INFO - ⌛ Esperando mudança visual...
2026-06-18 19:10:38,578 - INFO - ⌛ Esperando mudança visual...
2026-06-18 19:10:39,593 - INFO - ⌛ Esperando mudança visual...
2026-06-18 19:10:40,607 - INFO - ⌛ Esperando mudança visual...
2026-06-18 19:10:41,626 - INFO - ⌛ Esperando mudança visual...
2026-06-18 19:10:42,640 - INFO - ⌛ Esperando mudança visual...
2026-06-18 19:10:43,657 - INFO - ⌛ Esperando mudança visual...
2026-06-18 19:10:44,671 - INFO - ⌛ Esperando mudança visual...
2026-06-18 19:10:45,687 - INFO - ✅ Tela carregada!
2026-06-18 19:10:49,689 - INFO - 
=== rotina desbloquear_os ===
2026-06-18 19:11:16,151 - INFO - ⌛ Aguardando janela de confirmação de desbloqueio...
2026-06-18 19:11:31,560 - INFO - 🟨 Registros desbloqueados com sucesso
2026-06-18 19:11:35,669 - INFO - 
=== rotina editar_os ===
2026-06-18 19:11:45,086 - INFO - 🟨 OS programadas detectadas
2026-06-18 19:11:48,189 - INFO - ⌛ Aguardando janela de edição de OS...
2026-06-18 19:12:03,633 - INFO - 🟨 Janela de edição de OS detectada
2026-06-18 19:12:24,993 - INFO - 🟨 Janela de edição de habilidade da turma detectada
2026-06-18 19:13:43,261 - INFO - ⌛ Aguardando detecção do campo de caracteristica 'EQUIPE PRÓPRIA OU EPS' ...
2026-06-18 19:14:02,608 - INFO - 🟨 campo de caracteristica 'EQUIPE PRÓPRIA OU EPS detectado
2026-06-18 19:14:24,398 - INFO - ⌛ Aguardando confirmação 4 - editar OS...
2026-06-18 19:14:39,837 - INFO - ⌛ Aguardando confirmação 4 - editar OS...
2026-06-18 19:14:55,301 - INFO - 🟨 Janela de confirmação 4 de edição de OS detectada
2026-06-18 19:14:59,404 - INFO - 
=== rotina programar_os ===
2026-06-18 19:15:25,925 - INFO - ⌛ Aguardando janela de confirmação de programação de OS...
2026-06-18 19:15:51,375 - INFO - 🟨 Janela de confirmação de programação de OS detectada
2026-06-18 19:16:04,631 - INFO - 🟨 Janela de aviso de edição de OS programadas detectada
2026-06-18 19:16:11,835 - INFO - ⌛ aguardando janela de programação de lote de OS...
2026-06-18 19:16:37,396 - INFO - 🟨 Janela de aviso de substituição de lote de OS detectada
2026-06-18 19:16:57,498 - INFO - ⌛ aguardando janela de programação de lote de OS...
2026-06-18 19:17:22,962 - INFO - 🟨 Janela de programação de lote de OS detectada
2026-06-18 19:18:12,455 - INFO - 🟨 Janela de confirmação de programação de lote de OS detectada
2026-06-18 19:18:16,654 - INFO - ⌛ aguardando confirmação final de programação do lote
2026-06-18 19:18:42,101 - INFO - 🟨 programação do lote 2 efetuado com sucesso
2026-06-18 19:18:52,205 - INFO - 
=== Iniciando lote 1/12 [LM] ===
2026-06-18 19:18:52,205 - INFO - 
=== abrir_janela_selecao ===
2026-06-18 19:18:58,512 - INFO - 
=== rotina abrir_selecao_colar_os ===
2026-06-18 19:18:58,553 - INFO - Janela de seleção aberta
2026-06-18 19:19:02,779 - INFO - DEBUG: idx=0, inicio=0, fim=25
2026-06-18 19:19:02,779 - INFO - ✅ 25 OS copiadas para a área de transferência.
2026-06-18 19:19:02,779 - INFO - 📋 Lote 1 copiado.
2026-06-18 19:19:11,108 - INFO - ⌛ Esperando mudança visual...
2026-06-18 19:19:12,124 - INFO - ⌛ Esperando mudança visual...
2026-06-18 19:19:13,139 - INFO - ⌛ Esperando mudança visual...
2026-06-18 19:19:14,154 - INFO - ⌛ Esperando mudança visual...
2026-06-18 19:19:15,171 - INFO - ⌛ Esperando mudança visual...
2026-06-18 19:19:16,186 - INFO - ⌛ Esperando mudança visual...
2026-06-18 19:19:17,200 - INFO - ⌛ Esperando mudança visual...
2026-06-18 19:19:18,217 - INFO - ⌛ Esperando mudança visual...
2026-06-18 19:19:19,234 - INFO - ⌛ Esperando mudança visual...
2026-06-18 19:19:20,249 - INFO - ⌛ Esperando mudança visual...
2026-06-18 19:19:21,263 - INFO - ✅ Tela carregada!
2026-06-18 19:19:25,267 - INFO - 
=== rotina desbloquear_os ===
2026-06-18 19:19:51,739 - INFO - ⌛ Aguardando janela de confirmação de desbloqueio...
2026-06-18 19:20:07,174 - INFO - 🟨 Registros desbloqueados com sucesso
2026-06-18 19:20:11,278 - INFO - 
=== rotina editar_os ===
2026-06-18 19:20:20,699 - INFO - 🟨 OS programadas detectadas
2026-06-18 19:20:23,803 - INFO - ⌛ Aguardando janela de edição de OS...
2026-06-18 19:20:39,247 - INFO - 🟨 Janela de edição de OS detectada
2026-06-18 19:21:00,606 - INFO - 🟨 Janela de edição de habilidade da turma detectada
2026-06-18 19:22:18,896 - INFO - ⌛ Aguardando detecção do campo de caracteristica 'EQUIPE PRÓPRIA OU EPS' ...
2026-06-18 19:22:38,244 - INFO - 🟨 campo de caracteristica 'EQUIPE PRÓPRIA OU EPS detectado
2026-06-18 19:23:00,030 - INFO - ⌛ Aguardando confirmação 4 - editar OS...
2026-06-18 19:23:15,498 - INFO - ⌛ Aguardando confirmação 4 - editar OS...
2026-06-18 19:23:30,987 - INFO - 🟨 Janela de confirmação 4 de edição de OS detectada
2026-06-18 19:23:35,090 - INFO - 
=== rotina programar_os ===
2026-06-18 19:24:01,603 - INFO - ⌛ Aguardando janela de confirmação de programação de OS...
2026-06-18 19:24:27,039 - INFO - 🟨 Janela de confirmação de programação de OS detectada
2026-06-18 19:24:40,289 - INFO - 🟨 Janela de aviso de edição de OS programadas detectada
2026-06-18 19:24:47,494 - INFO - ⌛ aguardando janela de programação de lote de OS...
2026-06-18 19:25:12,995 - INFO - 🟨 Janela de aviso de substituição de lote de OS detectada
2026-06-18 19:25:33,098 - INFO - ⌛ aguardando janela de programação de lote de OS...
2026-06-18 19:25:58,607 - INFO - 🟨 Janela de programação de lote de OS detectada
2026-06-18 19:26:48,103 - INFO - 🟨 Janela de confirmação de programação de lote de OS detectada
2026-06-18 19:26:52,324 - INFO - ⌛ aguardando confirmação final de programação do lote
2026-06-18 19:27:17,756 - INFO - 🟨 programação do lote 1 efetuado com sucesso
2026-06-18 19:27:27,873 - INFO - 
=== Iniciando lote 2/12 [LM] ===
2026-06-18 19:27:27,873 - INFO - 
=== abrir_janela_selecao ===
2026-06-18 19:27:34,178 - INFO - 
=== rotina abrir_selecao_colar_os ===
2026-06-18 19:27:34,232 - INFO - Janela de seleção aberta
2026-06-18 19:27:38,450 - INFO - DEBUG: idx=1, inicio=25, fim=50
2026-06-18 19:27:38,450 - INFO - ✅ 25 OS copiadas para a área de transferência.
2026-06-18 19:27:38,450 - INFO - 📋 Lote 2 copiado.
2026-06-18 19:27:46,778 - INFO - ⌛ Esperando mudança visual...
2026-06-18 19:27:47,793 - INFO - ⌛ Esperando mudança visual...
2026-06-18 19:27:48,810 - INFO - ⌛ Esperando mudança visual...
2026-06-18 19:27:49,826 - INFO - ⌛ Esperando mudança visual...
2026-06-18 19:27:50,841 - INFO - ⌛ Esperando mudança visual...
2026-06-18 19:27:51,855 - INFO - ⌛ Esperando mudança visual...
2026-06-18 19:27:52,872 - INFO - ⌛ Esperando mudança visual...
2026-06-18 19:27:53,888 - INFO - ⌛ Esperando mudança visual...
2026-06-18 19:27:54,902 - INFO - ⌛ Esperando mudança visual...
2026-06-18 19:27:55,920 - INFO - ✅ Tela carregada!
2026-06-18 19:27:59,921 - INFO - 
=== rotina desbloquear_os ===
2026-06-18 19:28:26,390 - INFO - ⌛ Aguardando janela de confirmação de desbloqueio...
2026-06-18 19:28:41,881 - INFO - 🟨 Registros desbloqueados com sucesso
2026-06-18 19:28:45,984 - INFO - 
=== rotina editar_os ===
2026-06-18 19:28:55,392 - INFO - 🟨 OS programadas detectadas
2026-06-18 19:28:58,502 - INFO - ⌛ Aguardando janela de edição de OS...
2026-06-18 19:29:13,991 - INFO - 🟨 Janela de edição de OS detectada
2026-06-18 19:29:35,353 - INFO - 🟨 Janela de edição de habilidade da turma detectada
2026-06-18 19:30:53,643 - INFO - ⌛ Aguardando detecção do campo de caracteristica 'EQUIPE PRÓPRIA OU EPS' ...
2026-06-18 19:31:12,991 - INFO - 🟨 campo de caracteristica 'EQUIPE PRÓPRIA OU EPS detectado
2026-06-18 19:31:34,801 - INFO - ⌛ Aguardando confirmação 4 - editar OS...
2026-06-18 19:31:50,371 - INFO - ⌛ Aguardando confirmação 4 - editar OS...
2026-06-18 19:32:05,906 - INFO - 🟨 Janela de confirmação 4 de edição de OS detectada
2026-06-18 19:32:10,013 - INFO - 
=== rotina programar_os ===
2026-06-18 19:32:36,542 - INFO - ⌛ Aguardando janela de confirmação de programação de OS...
2026-06-18 19:33:02,038 - INFO - 🟨 Janela de confirmação de programação de OS detectada
2026-06-18 19:33:15,332 - INFO - 🟨 Janela de aviso de edição de OS programadas detectada
2026-06-18 19:33:22,537 - INFO - ⌛ aguardando janela de programação de lote de OS...
2026-06-18 19:33:48,039 - INFO - 🟨 Janela de aviso de substituição de lote de OS detectada
2026-06-18 19:34:08,144 - INFO - ⌛ aguardando janela de programação de lote de OS...
2026-06-18 19:34:33,722 - INFO - 🟨 Janela de programação de lote de OS detectada
2026-06-18 19:35:23,249 - INFO - 🟨 Janela de confirmação de programação de lote de OS detectada
2026-06-18 19:35:27,481 - INFO - ⌛ aguardando confirmação final de programação do lote
2026-06-18 19:35:52,944 - INFO - 🟨 programação do lote 2 efetuado com sucesso
2026-06-18 19:36:03,048 - INFO - 
=== Iniciando lote 3/12 [LM] ===
2026-06-18 19:36:03,048 - INFO - 
=== abrir_janela_selecao ===
2026-06-18 19:36:09,353 - INFO - 
=== rotina abrir_selecao_colar_os ===
2026-06-18 19:36:09,401 - INFO - Janela de seleção aberta
2026-06-18 19:36:13,627 - INFO - DEBUG: idx=2, inicio=50, fim=75
2026-06-18 19:36:13,629 - INFO - ✅ 25 OS copiadas para a área de transferência.
2026-06-18 19:36:13,629 - INFO - 📋 Lote 3 copiado.
2026-06-18 19:36:21,956 - INFO - ⌛ Esperando mudança visual...
2026-06-18 19:36:22,971 - INFO - ⌛ Esperando mudança visual...
2026-06-18 19:36:23,987 - INFO - ⌛ Esperando mudança visual...
2026-06-18 19:36:25,001 - INFO - ⌛ Esperando mudança visual...
2026-06-18 19:36:26,019 - INFO - ⌛ Esperando mudança visual...
2026-06-18 19:36:27,034 - INFO - ⌛ Esperando mudança visual...
2026-06-18 19:36:28,050 - INFO - ⌛ Esperando mudança visual...
2026-06-18 19:36:29,065 - INFO - ⌛ Esperando mudança visual...
2026-06-18 19:36:30,081 - INFO - ⌛ Esperando mudança visual...
2026-06-18 19:36:31,097 - INFO - ⌛ Esperando mudança visual...
2026-06-18 19:36:32,113 - INFO - ✅ Tela carregada!
2026-06-18 19:36:36,115 - INFO - 
=== rotina desbloquear_os ===
2026-06-18 19:37:02,575 - INFO - ⌛ Aguardando janela de confirmação de desbloqueio...
2026-06-18 19:37:17,970 - INFO - 🟨 Registros desbloqueados com sucesso
2026-06-18 19:37:22,072 - INFO - 
=== rotina editar_os ===
2026-06-18 19:37:31,481 - INFO - ⌛ Aguardando janela de edição de OS...
2026-06-18 19:37:46,904 - INFO - 🟨 OS programadas detectadas
2026-06-18 19:37:50,008 - INFO - ⌛ Aguardando janela de edição de OS...
2026-06-18 19:38:05,451 - INFO - 🟨 Janela de edição de OS detectada
2026-06-18 19:38:26,799 - INFO - 🟨 Janela de edição de habilidade da turma detectada
2026-06-18 19:39:45,079 - INFO - ⌛ Aguardando detecção do campo de caracteristica 'EQUIPE PRÓPRIA OU EPS' ...
2026-06-18 19:40:04,431 - INFO - 🟨 campo de caracteristica 'EQUIPE PRÓPRIA OU EPS detectado
2026-06-18 19:40:26,217 - INFO - ⌛ Aguardando confirmação 4 - editar OS...
2026-06-18 19:40:41,669 - INFO - ⌛ Aguardando confirmação 4 - editar OS...
2026-06-18 19:40:57,134 - INFO - ⌛ Aguardando confirmação 4 - editar OS...
2026-06-18 19:41:12,599 - INFO - 🟨 Janela de confirmação 4 de edição de OS detectada
2026-06-18 19:41:16,701 - INFO - 
=== rotina programar_os ===
2026-06-18 19:41:43,253 - INFO - ⌛ Aguardando janela de confirmação de programação de OS...
2026-06-18 19:42:08,738 - INFO - 🟨 Janela de confirmação de programação de OS detectada
2026-06-18 19:42:21,991 - INFO - 🟨 Janela de aviso de edição de OS programadas detectada
2026-06-18 19:42:29,197 - INFO - ⌛ aguardando janela de programação de lote de OS...
2026-06-18 19:42:54,701 - INFO - 🟨 Janela de aviso de substituição de lote de OS detectada
2026-06-18 19:43:14,816 - INFO - ⌛ aguardando janela de programação de lote de OS...
2026-06-18 19:43:40,335 - INFO - 🟨 Janela de programação de lote de OS detectada
2026-06-18 19:44:29,820 - INFO - 🟨 Janela de confirmação de programação de lote de OS detectada
2026-06-18 19:44:34,053 - INFO - ⌛ aguardando confirmação final de programação do lote
2026-06-18 19:44:59,554 - INFO - 🟨 programação do lote 3 efetuado com sucesso
2026-06-18 19:45:09,678 - INFO - 
=== Iniciando lote 4/12 [LM] ===
2026-06-18 19:45:09,678 - INFO - 
=== abrir_janela_selecao ===
2026-06-18 19:45:15,989 - INFO - 
=== rotina abrir_selecao_colar_os ===
2026-06-18 19:45:16,045 - INFO - Janela de seleção aberta
2026-06-18 19:45:20,272 - INFO - DEBUG: idx=3, inicio=75, fim=100
2026-06-18 19:45:20,272 - INFO - ✅ 25 OS copiadas para a área de transferência.
2026-06-18 19:45:20,272 - INFO - 📋 Lote 4 copiado.
2026-06-18 19:45:28,599 - INFO - ⌛ Esperando mudança visual...
2026-06-18 19:45:29,616 - INFO - ⌛ Esperando mudança visual...
2026-06-18 19:45:30,631 - INFO - ⌛ Esperando mudança visual...
2026-06-18 19:45:31,646 - INFO - ⌛ Esperando mudança visual...
2026-06-18 19:45:32,663 - INFO - ⌛ Esperando mudança visual...
2026-06-18 19:45:33,678 - INFO - ⌛ Esperando mudança visual...
2026-06-18 19:45:34,693 - INFO - ⌛ Esperando mudança visual...
2026-06-18 19:45:35,710 - INFO - ⌛ Esperando mudança visual...
2026-06-18 19:45:36,726 - INFO - ⌛ Esperando mudança visual...
2026-06-18 19:45:37,740 - INFO - ✅ Tela carregada!
2026-06-18 19:45:41,744 - INFO - 
=== rotina desbloquear_os ===
2026-06-18 19:46:08,211 - INFO - ⌛ Aguardando janela de confirmação de desbloqueio...
2026-06-18 19:46:23,633 - INFO - 🟨 Registros desbloqueados com sucesso
2026-06-18 19:46:27,737 - INFO - 
=== rotina editar_os ===
2026-06-18 19:46:37,145 - INFO - 🟨 OS programadas detectadas
2026-06-18 19:46:40,264 - INFO - ⌛ Aguardando janela de edição de OS...
2026-06-18 19:46:55,809 - INFO - 🟨 Janela de edição de OS detectada
2026-06-18 19:47:17,169 - INFO - 🟨 Janela de edição de habilidade da turma detectada
2026-06-18 19:48:35,438 - INFO - ⌛ Aguardando detecção do campo de caracteristica 'EQUIPE PRÓPRIA OU EPS' ...
2026-06-18 19:48:54,792 - INFO - 🟨 campo de caracteristica 'EQUIPE PRÓPRIA OU EPS detectado
2026-06-18 19:49:16,568 - INFO - ⌛ Aguardando confirmação 4 - editar OS...
2026-06-18 19:49:32,009 - INFO - ⌛ Aguardando confirmação 4 - editar OS...
2026-06-18 19:49:47,519 - INFO - 🟨 Janela de confirmação 4 de edição de OS detectada
2026-06-18 19:49:51,623 - INFO - 
=== rotina programar_os ===
2026-06-18 19:50:18,188 - INFO - ⌛ Aguardando janela de confirmação de programação de OS...
2026-06-18 19:50:43,720 - INFO - 🟨 Janela de confirmação de programação de OS detectada
2026-06-18 19:50:56,971 - INFO - 🟨 Janela de aviso de edição de OS programadas detectada
2026-06-18 19:51:04,175 - INFO - ⌛ aguardando janela de programação de lote de OS...
2026-06-18 19:51:29,722 - INFO - 🟨 Janela de aviso de substituição de lote de OS detectada
2026-06-18 19:51:49,824 - INFO - ⌛ aguardando janela de programação de lote de OS...
2026-06-18 19:52:15,349 - INFO - 🟨 Janela de programação de lote de OS detectada
2026-06-18 19:53:04,844 - INFO - 🟨 Janela de confirmação de programação de lote de OS detectada
2026-06-18 19:53:09,075 - INFO - ⌛ aguardando confirmação final de programação do lote
2026-06-18 19:53:34,537 - INFO - 🟨 programação do lote 4 efetuado com sucesso
2026-06-18 19:53:44,645 - INFO - 
=== Iniciando lote 5/12 [LM] ===
2026-06-18 19:53:44,645 - INFO - 
=== abrir_janela_selecao ===
2026-06-18 19:53:50,952 - INFO - 
=== rotina abrir_selecao_colar_os ===
2026-06-18 19:53:50,990 - INFO - Janela de seleção aberta
2026-06-18 19:53:55,215 - INFO - DEBUG: idx=4, inicio=100, fim=125
2026-06-18 19:53:55,215 - INFO - ✅ 25 OS copiadas para a área de transferência.
2026-06-18 19:53:55,215 - INFO - 📋 Lote 5 copiado.
2026-06-18 19:54:03,545 - INFO - ⌛ Esperando mudança visual...
2026-06-18 19:54:04,560 - INFO - ⌛ Esperando mudança visual...
2026-06-18 19:54:05,577 - INFO - ⌛ Esperando mudança visual...
2026-06-18 19:54:06,592 - INFO - ⌛ Esperando mudança visual...
2026-06-18 19:54:07,606 - INFO - ⌛ Esperando mudança visual...
2026-06-18 19:54:08,623 - INFO - ⌛ Esperando mudança visual...
2026-06-18 19:54:09,636 - INFO - ⌛ Esperando mudança visual...
2026-06-18 19:54:10,655 - INFO - ⌛ Esperando mudança visual...
2026-06-18 19:54:11,670 - INFO - ⌛ Esperando mudança visual...
2026-06-18 19:54:12,686 - INFO - ✅ Tela carregada!
2026-06-18 19:54:16,688 - INFO - 
=== rotina desbloquear_os ===
2026-06-18 19:54:43,137 - INFO - ⌛ Aguardando janela de confirmação de desbloqueio...
2026-06-18 19:54:58,522 - INFO - 🟨 Registros desbloqueados com sucesso
2026-06-18 19:55:02,624 - INFO - 
=== rotina editar_os ===
2026-06-18 19:55:12,034 - INFO - ⌛ Aguardando janela de edição de OS...
2026-06-18 19:55:27,468 - INFO - 🟨 OS programadas detectadas
2026-06-18 19:55:30,571 - INFO - ⌛ Aguardando janela de edição de OS...
2026-06-18 19:55:45,983 - INFO - 🟨 Janela de edição de OS detectada
2026-06-18 19:56:07,337 - INFO - 🟨 Janela de edição de habilidade da turma detectada
2026-06-18 19:57:25,633 - INFO - ⌛ Aguardando detecção do campo de caracteristica 'EQUIPE PRÓPRIA OU EPS' ...
2026-06-18 19:57:44,984 - INFO - 🟨 campo de caracteristica 'EQUIPE PRÓPRIA OU EPS detectado
2026-06-18 19:58:06,737 - INFO - ⌛ Aguardando confirmação 4 - editar OS...
2026-06-18 19:58:22,188 - INFO - ⌛ Aguardando confirmação 4 - editar OS...
2026-06-18 19:58:37,639 - INFO - 🟨 Janela de confirmação 4 de edição de OS detectada
2026-06-18 19:58:41,752 - INFO - 
=== rotina programar_os ===
2026-06-18 19:59:08,286 - INFO - ⌛ Aguardando janela de confirmação de programação de OS...
2026-06-18 19:59:33,700 - INFO - 🟨 Janela de confirmação de programação de OS detectada
2026-06-18 19:59:46,961 - INFO - 🟨 Janela de aviso de edição de OS programadas detectada
2026-06-18 19:59:54,166 - INFO - ⌛ aguardando janela de programação de lote de OS...
2026-06-18 20:00:19,663 - INFO - 🟨 Janela de aviso de substituição de lote de OS detectada
2026-06-18 20:00:39,767 - INFO - ⌛ aguardando janela de programação de lote de OS...
2026-06-18 20:01:05,291 - INFO - 🟨 Janela de programação de lote de OS detectada
2026-06-18 20:01:54,793 - INFO - 🟨 Janela de confirmação de programação de lote de OS detectada
2026-06-18 20:01:59,024 - INFO - ⌛ aguardando confirmação final de programação do lote
2026-06-18 20:02:24,509 - INFO - 🟨 programação do lote 5 efetuado com sucesso
2026-06-18 20:02:34,612 - INFO - 
=== Iniciando lote 6/12 [LM] ===
2026-06-18 20:02:34,612 - INFO - 
=== abrir_janela_selecao ===
2026-06-18 20:02:40,916 - INFO - 
=== rotina abrir_selecao_colar_os ===
2026-06-18 20:02:40,982 - INFO - Janela de seleção aberta
2026-06-18 20:02:45,210 - INFO - DEBUG: idx=5, inicio=125, fim=150
2026-06-18 20:02:45,210 - INFO - ✅ 25 OS copiadas para a área de transferência.
2026-06-18 20:02:45,210 - INFO - 📋 Lote 6 copiado.
2026-06-18 20:02:53,535 - INFO - ⌛ Esperando mudança visual...
2026-06-18 20:02:54,552 - INFO - ⌛ Esperando mudança visual...
2026-06-18 20:02:55,568 - INFO - ⌛ Esperando mudança visual...
2026-06-18 20:02:56,582 - INFO - ⌛ Esperando mudança visual...
2026-06-18 20:02:57,598 - INFO - ⌛ Esperando mudança visual...
2026-06-18 20:02:58,615 - INFO - ⌛ Esperando mudança visual...
2026-06-18 20:02:59,630 - INFO - ⌛ Esperando mudança visual...
2026-06-18 20:03:00,645 - INFO - ⌛ Esperando mudança visual...
2026-06-18 20:03:01,662 - INFO - ⌛ Esperando mudança visual...
2026-06-18 20:03:02,677 - INFO - ✅ Tela carregada!
2026-06-18 20:03:06,679 - INFO - 
=== rotina desbloquear_os ===
2026-06-18 20:03:33,142 - INFO - ⌛ Aguardando janela de confirmação de desbloqueio...
2026-06-18 20:03:48,555 - INFO - 🟨 Registros desbloqueados com sucesso
2026-06-18 20:03:52,658 - INFO - 
=== rotina editar_os ===
2026-06-18 20:04:02,076 - INFO - 🟨 OS programadas detectadas
2026-06-18 20:04:05,179 - INFO - ⌛ Aguardando janela de edição de OS...
2026-06-18 20:04:20,701 - INFO - 🟨 Janela de edição de OS detectada
2026-06-18 20:04:42,089 - INFO - 🟨 Janela de edição de habilidade da turma detectada
2026-06-18 20:06:00,373 - INFO - ⌛ Aguardando detecção do campo de caracteristica 'EQUIPE PRÓPRIA OU EPS' ...
2026-06-18 20:06:19,725 - INFO - 🟨 campo de caracteristica 'EQUIPE PRÓPRIA OU EPS detectado
2026-06-18 20:06:41,491 - INFO - ⌛ Aguardando confirmação 4 - editar OS...
2026-06-18 20:06:56,909 - INFO - ⌛ Aguardando confirmação 4 - editar OS...
2026-06-18 20:07:12,384 - INFO - 🟨 Janela de confirmação 4 de edição de OS detectada
2026-06-18 20:07:16,495 - INFO - 
=== rotina programar_os ===
2026-06-18 20:07:43,009 - INFO - ⌛ Aguardando janela de confirmação de programação de OS...
2026-06-18 20:08:08,417 - INFO - 🟨 Janela de confirmação de programação de OS detectada
2026-06-18 20:08:21,669 - INFO - 🟨 Janela de aviso de edição de OS programadas detectada
2026-06-18 20:08:28,873 - INFO - ⌛ aguardando janela de programação de lote de OS...
2026-06-18 20:08:54,405 - INFO - 🟨 Janela de aviso de substituição de lote de OS detectada
2026-06-18 20:09:14,508 - INFO - ⌛ aguardando janela de programação de lote de OS...
2026-06-18 20:09:39,976 - INFO - 🟨 Janela de programação de lote de OS detectada
2026-06-18 20:10:29,486 - INFO - 🟨 Janela de confirmação de programação de lote de OS detectada
2026-06-18 20:10:33,694 - INFO - ⌛ aguardando confirmação final de programação do lote
2026-06-18 20:10:59,159 - INFO - 🟨 programação do lote 6 efetuado com sucesso
2026-06-18 20:11:09,262 - INFO - 
=== Iniciando lote 7/12 [LM] ===
2026-06-18 20:11:09,262 - INFO - 
=== abrir_janela_selecao ===
2026-06-18 20:11:15,567 - INFO - 
=== rotina abrir_selecao_colar_os ===
2026-06-18 20:11:15,609 - INFO - Janela de seleção aberta
2026-06-18 20:11:19,835 - INFO - DEBUG: idx=6, inicio=150, fim=175
2026-06-18 20:11:19,835 - INFO - ✅ 25 OS copiadas para a área de transferência.
2026-06-18 20:11:19,835 - INFO - 📋 Lote 7 copiado.
2026-06-18 20:11:28,163 - INFO - ⌛ Esperando mudança visual...
2026-06-18 20:11:29,179 - INFO - ⌛ Esperando mudança visual...
2026-06-18 20:11:30,193 - INFO - ⌛ Esperando mudança visual...
2026-06-18 20:11:31,210 - INFO - ⌛ Esperando mudança visual...
2026-06-18 20:11:32,226 - INFO - ⌛ Esperando mudança visual...
2026-06-18 20:11:33,240 - INFO - ⌛ Esperando mudança visual...
2026-06-18 20:11:34,257 - INFO - ⌛ Esperando mudança visual...
2026-06-18 20:11:35,273 - INFO - ⌛ Esperando mudança visual...
2026-06-18 20:11:36,287 - INFO - ⌛ Esperando mudança visual...
2026-06-18 20:11:37,304 - INFO - ✅ Tela carregada!
2026-06-18 20:11:41,305 - INFO - 
=== rotina desbloquear_os ===
2026-06-18 20:12:07,767 - INFO - ⌛ Aguardando janela de confirmação de desbloqueio...
2026-06-18 20:12:23,141 - INFO - ⌛ Aguardando janela de confirmação de desbloqueio...
2026-06-18 20:12:38,570 - INFO - 🟨 Registros desbloqueados com sucesso
2026-06-18 20:12:42,674 - INFO - 
=== rotina editar_os ===
2026-06-18 20:12:52,079 - INFO - ⌛ Aguardando janela de edição de OS...
2026-06-18 20:13:07,507 - INFO - 🟨 OS programadas detectadas
2026-06-18 20:13:10,610 - INFO - ⌛ Aguardando janela de edição de OS...
2026-06-18 20:13:26,047 - INFO - 🟨 Janela de edição de OS detectada
2026-06-18 20:13:47,391 - INFO - 🟨 Janela de edição de habilidade da turma detectada
2026-06-18 20:15:05,687 - INFO - ⌛ Aguardando detecção do campo de caracteristica 'EQUIPE PRÓPRIA OU EPS' ...
2026-06-18 20:15:25,028 - INFO - 🟨 campo de caracteristica 'EQUIPE PRÓPRIA OU EPS detectado
2026-06-18 20:15:46,805 - INFO - ⌛ Aguardando confirmação 4 - editar OS...
2026-06-18 20:16:02,271 - INFO - ⌛ Aguardando confirmação 4 - editar OS...
2026-06-18 20:16:17,794 - INFO - ⌛ Aguardando confirmação 4 - editar OS...
2026-06-18 20:16:33,241 - INFO - 🟨 Janela de confirmação 4 de edição de OS detectada
2026-06-18 20:16:37,344 - INFO - 
=== rotina programar_os ===
2026-06-18 20:17:03,868 - INFO - ⌛ Aguardando janela de confirmação de programação de OS...
2026-06-18 20:17:29,323 - INFO - 🟨 Janela de confirmação de programação de OS detectada
2026-06-18 20:17:42,583 - INFO - 🟨 Janela de aviso de edição de OS programadas detectada
2026-06-18 20:17:49,788 - INFO - ⌛ aguardando janela de programação de lote de OS...
2026-06-18 20:18:15,266 - INFO - 🟨 Janela de aviso de substituição de lote de OS detectada
2026-06-18 20:18:35,369 - INFO - ⌛ aguardando janela de programação de lote de OS...
2026-06-18 20:18:35,588 - INFO - 🟨 Identificado falha no EQM
2026-06-18 20:18:35,588 - INFO - Capturando print...
2026-06-18 20:19:21,202 - INFO - ⌛ Aguardando janela de confirmação de programação de OS...
2026-06-18 20:19:46,627 - INFO - 🟨 Janela de confirmação de programação de OS detectada
2026-06-18 20:19:59,872 - INFO - 🟨 Janela de aviso de edição de OS programadas detectada
2026-06-18 20:20:07,086 - INFO - ⌛ aguardando janela de programação de lote de OS...
2026-06-18 20:20:32,589 - INFO - 🟨 Janela de aviso de substituição de lote de OS detectada
2026-06-18 20:20:52,701 - INFO - ⌛ aguardando janela de programação de lote de OS...
2026-06-18 20:21:18,199 - INFO - 🟨 Janela de programação de lote de OS detectada
2026-06-18 20:22:07,705 - INFO - 🟨 Janela de confirmação de programação de lote de OS detectada
2026-06-18 20:22:11,923 - INFO - ⌛ aguardando confirmação final de programação do lote
2026-06-18 20:22:37,390 - INFO - 🟨 programação do lote 7 efetuado com sucesso
2026-06-18 20:22:47,495 - INFO - 
=== Iniciando lote 8/12 [LM] ===
2026-06-18 20:22:47,495 - INFO - 
=== abrir_janela_selecao ===
2026-06-18 20:22:53,801 - INFO - 
=== rotina abrir_selecao_colar_os ===
2026-06-18 20:22:53,852 - INFO - Janela de seleção aberta
2026-06-18 20:22:58,077 - INFO - DEBUG: idx=7, inicio=175, fim=200
2026-06-18 20:22:58,077 - INFO - ✅ 25 OS copiadas para a área de transferência.
2026-06-18 20:22:58,077 - INFO - 📋 Lote 8 copiado.
2026-06-18 20:23:06,406 - INFO - ⌛ Esperando mudança visual...
2026-06-18 20:23:07,422 - INFO - ⌛ Esperando mudança visual...
2026-06-18 20:23:08,436 - INFO - ⌛ Esperando mudança visual...
2026-06-18 20:23:09,453 - INFO - ⌛ Esperando mudança visual...
2026-06-18 20:23:10,468 - INFO - ⌛ Esperando mudança visual...
2026-06-18 20:23:11,483 - INFO - ⌛ Esperando mudança visual...
2026-06-18 20:23:12,499 - INFO - ⌛ Esperando mudança visual...
2026-06-18 20:23:13,515 - INFO - ⌛ Esperando mudança visual...
2026-06-18 20:23:14,530 - INFO - ⌛ Esperando mudança visual...
2026-06-18 20:23:15,547 - INFO - ✅ Tela carregada!
2026-06-18 20:23:19,548 - INFO - 
=== rotina desbloquear_os ===
2026-06-18 20:23:46,018 - INFO - ⌛ Aguardando janela de confirmação de desbloqueio...
2026-06-18 20:24:01,433 - INFO - 🟨 Registros desbloqueados com sucesso
2026-06-18 20:24:05,551 - INFO - 
=== rotina editar_os ===
2026-06-18 20:24:14,963 - INFO - ⌛ Aguardando janela de edição de OS...
2026-06-18 20:24:30,388 - INFO - 🟨 OS programadas detectadas
2026-06-18 20:24:33,501 - INFO - ⌛ Aguardando janela de edição de OS...
2026-06-18 20:24:48,954 - INFO - 🟨 Janela de edição de OS detectada
2026-06-18 20:25:10,305 - INFO - 🟨 Janela de edição de habilidade da turma detectada
2026-06-18 20:26:28,572 - INFO - ⌛ Aguardando detecção do campo de caracteristica 'EQUIPE PRÓPRIA OU EPS' ...
2026-06-18 20:26:47,926 - INFO - 🟨 campo de caracteristica 'EQUIPE PRÓPRIA OU EPS detectado
2026-06-18 20:27:09,681 - INFO - ⌛ Aguardando confirmação 4 - editar OS...
2026-06-18 20:27:25,139 - INFO - ⌛ Aguardando confirmação 4 - editar OS...
2026-06-18 20:27:40,608 - INFO - ⌛ Aguardando confirmação 4 - editar OS...
2026-06-18 20:27:56,114 - INFO - 🟨 Janela de confirmação 4 de edição de OS detectada
2026-06-18 20:28:00,218 - INFO - 
=== rotina programar_os ===
2026-06-18 20:28:26,741 - INFO - ⌛ Aguardando janela de confirmação de programação de OS...
2026-06-18 20:28:52,209 - INFO - 🟨 Janela de confirmação de programação de OS detectada
2026-06-18 20:29:05,460 - INFO - 🟨 Janela de aviso de edição de OS programadas detectada
2026-06-18 20:29:12,665 - INFO - ⌛ aguardando janela de programação de lote de OS...
2026-06-18 20:29:38,161 - INFO - 🟨 Janela de aviso de substituição de lote de OS detectada
2026-06-18 20:29:58,265 - INFO - ⌛ aguardando janela de programação de lote de OS...
2026-06-18 20:30:23,737 - INFO - ⌛ aguardando janela de programação de lote de OS...
2026-06-18 20:30:23,971 - INFO - 🟨 Identificado falha no EQM
2026-06-18 20:30:23,971 - INFO - Capturando print...
2026-06-18 20:31:09,531 - INFO - ⌛ Aguardando janela de confirmação de programação de OS...
2026-06-18 20:31:35,030 - INFO - 🟨 Janela de confirmação de programação de OS detectada
2026-06-18 20:31:48,321 - INFO - 🟨 Janela de aviso de edição de OS programadas detectada
2026-06-18 20:31:55,538 - INFO - ⌛ aguardando janela de programação de lote de OS...
2026-06-18 20:32:21,094 - INFO - 🟨 Janela de aviso de substituição de lote de OS detectada
2026-06-18 20:32:41,196 - INFO - ⌛ aguardando janela de programação de lote de OS...
2026-06-18 20:33:06,729 - INFO - 🟨 Janela de programação de lote de OS detectada
2026-06-18 20:33:56,228 - INFO - 🟨 Janela de confirmação de programação de lote de OS detectada
2026-06-18 20:34:00,470 - INFO - ⌛ aguardando confirmação final de programação do lote
2026-06-18 20:34:26,010 - INFO - 🟨 programação do lote 8 efetuado com sucesso
2026-06-18 20:34:36,113 - INFO - 
=== Iniciando lote 9/12 [LM] ===
2026-06-18 20:34:36,113 - INFO - 
=== abrir_janela_selecao ===
2026-06-18 20:34:42,428 - INFO - 
=== rotina abrir_selecao_colar_os ===
2026-06-18 20:34:42,468 - INFO - Janela de seleção aberta
2026-06-18 20:34:46,709 - INFO - DEBUG: idx=8, inicio=200, fim=225
2026-06-18 20:34:46,710 - INFO - ✅ 25 OS copiadas para a área de transferência.
2026-06-18 20:34:46,710 - INFO - 📋 Lote 9 copiado.
2026-06-18 20:34:55,039 - INFO - ⌛ Esperando mudança visual...
2026-06-18 20:34:56,054 - INFO - ⌛ Esperando mudança visual...
2026-06-18 20:34:57,069 - INFO - ⌛ Esperando mudança visual...
2026-06-18 20:34:58,086 - INFO - ⌛ Esperando mudança visual...
2026-06-18 20:34:59,101 - INFO - ⌛ Esperando mudança visual...
2026-06-18 20:35:00,117 - INFO - ⌛ Esperando mudança visual...
2026-06-18 20:35:01,131 - INFO - ⌛ Esperando mudança visual...
2026-06-18 20:35:02,148 - INFO - ⌛ Esperando mudança visual...
2026-06-18 20:35:03,164 - INFO - ⌛ Esperando mudança visual...
2026-06-18 20:35:04,180 - INFO - ⌛ Esperando mudança visual...
2026-06-18 20:35:05,195 - INFO - ✅ Tela carregada!
2026-06-18 20:35:09,197 - INFO - 
=== rotina desbloquear_os ===
2026-06-18 20:35:35,666 - INFO - ⌛ Aguardando janela de confirmação de desbloqueio...
2026-06-18 20:35:51,046 - INFO - 🟨 Registros desbloqueados com sucesso
2026-06-18 20:35:55,150 - INFO - 
=== rotina editar_os ===
2026-06-18 20:36:04,566 - INFO - ⌛ Aguardando janela de edição de OS...
2026-06-18 20:36:20,019 - INFO - 🟨 OS programadas detectadas
2026-06-18 20:36:23,134 - INFO - ⌛ Aguardando janela de edição de OS...
2026-06-18 20:36:38,610 - INFO - 🟨 Janela de edição de OS detectada
2026-06-18 20:36:59,968 - INFO - 🟨 Janela de edição de habilidade da turma detectada
2026-06-18 20:38:18,246 - INFO - ⌛ Aguardando detecção do campo de caracteristica 'EQUIPE PRÓPRIA OU EPS' ...
2026-06-18 20:38:37,606 - INFO - 🟨 campo de caracteristica 'EQUIPE PRÓPRIA OU EPS detectado
2026-06-18 20:38:59,370 - INFO - ⌛ Aguardando confirmação 4 - editar OS...
2026-06-18 20:39:14,796 - INFO - ⌛ Aguardando confirmação 4 - editar OS...
2026-06-18 20:39:30,292 - INFO - ⌛ Aguardando confirmação 4 - editar OS...
2026-06-18 20:39:45,743 - INFO - 🟨 Janela de confirmação 4 de edição de OS detectada
2026-06-18 20:39:49,846 - INFO - 
=== rotina programar_os ===
2026-06-18 20:40:16,361 - INFO - ⌛ Aguardando janela de confirmação de programação de OS...
2026-06-18 20:40:41,776 - INFO - 🟨 Janela de confirmação de programação de OS detectada
2026-06-18 20:40:55,063 - INFO - 🟨 Janela de aviso de edição de OS programadas detectada
2026-06-18 20:41:02,269 - INFO - ⌛ aguardando janela de programação de lote de OS...
2026-06-18 20:41:27,739 - INFO - 🟨 Janela de aviso de substituição de lote de OS detectada
2026-06-18 20:41:47,842 - INFO - ⌛ aguardando janela de programação de lote de OS...
2026-06-18 20:42:13,369 - INFO - ⌛ aguardando janela de programação de lote de OS...
2026-06-18 20:42:38,920 - INFO - 🟨 Janela de programação de lote de OS detectada
2026-06-18 20:43:28,442 - INFO - 🟨 Janela de confirmação de programação de lote de OS detectada
2026-06-18 20:43:32,651 - INFO - ⌛ aguardando confirmação final de programação do lote
2026-06-18 20:43:58,096 - INFO - 🟨 programação do lote 9 efetuado com sucesso
2026-06-18 20:44:08,200 - INFO - 
=== Iniciando lote 10/12 [LM] ===
2026-06-18 20:44:08,200 - INFO - 
=== abrir_janela_selecao ===
2026-06-18 20:44:14,512 - INFO - 
=== rotina abrir_selecao_colar_os ===
2026-06-18 20:44:14,552 - INFO - Janela de seleção aberta
2026-06-18 20:44:18,779 - INFO - DEBUG: idx=9, inicio=225, fim=250
2026-06-18 20:44:18,779 - INFO - ✅ 25 OS copiadas para a área de transferência.
2026-06-18 20:44:18,779 - INFO - 📋 Lote 10 copiado.
2026-06-18 20:44:27,106 - INFO - ⌛ Esperando mudança visual...
2026-06-18 20:44:28,120 - INFO - ⌛ Esperando mudança visual...
2026-06-18 20:44:29,137 - INFO - ⌛ Esperando mudança visual...
2026-06-18 20:44:30,153 - INFO - ⌛ Esperando mudança visual...
2026-06-18 20:44:31,167 - INFO - ⌛ Esperando mudança visual...
2026-06-18 20:44:32,184 - INFO - ⌛ Esperando mudança visual...
2026-06-18 20:44:33,200 - INFO - ⌛ Esperando mudança visual...
2026-06-18 20:44:34,214 - INFO - ⌛ Esperando mudança visual...
2026-06-18 20:44:35,231 - INFO - ⌛ Esperando mudança visual...
2026-06-18 20:44:36,247 - INFO - ✅ Tela carregada!
2026-06-18 20:44:40,248 - INFO - 
=== rotina desbloquear_os ===
2026-06-18 20:45:06,715 - INFO - ⌛ Aguardando janela de confirmação de desbloqueio...
2026-06-18 20:45:22,134 - INFO - 🟨 Registros desbloqueados com sucesso
2026-06-18 20:45:26,237 - INFO - 
=== rotina editar_os ===
2026-06-18 20:45:35,646 - INFO - ⌛ Aguardando janela de edição de OS...
2026-06-18 20:45:51,089 - INFO - 🟨 OS programadas detectadas
2026-06-18 20:45:54,191 - INFO - ⌛ Aguardando janela de edição de OS...
2026-06-18 20:46:09,670 - INFO - 🟨 Janela de edição de OS detectada
2026-06-18 20:46:31,045 - INFO - 🟨 Janela de edição de habilidade da turma detectada
2026-06-18 20:47:49,322 - INFO - ⌛ Aguardando detecção do campo de caracteristica 'EQUIPE PRÓPRIA OU EPS' ...
2026-06-18 20:48:08,670 - INFO - 🟨 campo de caracteristica 'EQUIPE PRÓPRIA OU EPS detectado
2026-06-18 20:48:30,465 - INFO - ⌛ Aguardando confirmação 4 - editar OS...
2026-06-18 20:48:45,962 - INFO - ⌛ Aguardando confirmação 4 - editar OS...
2026-06-18 20:49:01,486 - INFO - ⌛ Aguardando confirmação 4 - editar OS...
2026-06-18 20:49:16,963 - INFO - 🟨 Janela de confirmação 4 de edição de OS detectada
2026-06-18 20:49:21,066 - INFO - 
=== rotina programar_os ===
2026-06-18 20:49:47,572 - INFO - ⌛ Aguardando janela de confirmação de programação de OS...
2026-06-18 20:50:13,034 - INFO - 🟨 Janela de confirmação de programação de OS detectada
2026-06-18 20:50:26,297 - INFO - 🟨 Janela de aviso de edição de OS programadas detectada
2026-06-18 20:50:33,516 - INFO - ⌛ aguardando janela de programação de lote de OS...
2026-06-18 20:50:59,043 - INFO - 🟨 Janela de aviso de substituição de lote de OS detectada
2026-06-18 20:51:19,146 - INFO - ⌛ aguardando janela de programação de lote de OS...
2026-06-18 20:51:19,356 - INFO - 🟨 Identificado falha no EQM
2026-06-18 20:51:19,356 - INFO - Capturando print...
2026-06-18 20:52:04,929 - INFO - ⌛ Aguardando janela de confirmação de programação de OS...
2026-06-18 20:52:30,355 - INFO - 🟨 Janela de confirmação de programação de OS detectada
2026-06-18 20:52:43,611 - INFO - 🟨 Janela de aviso de edição de OS programadas detectada
2026-06-18 20:52:50,815 - INFO - ⌛ aguardando janela de programação de lote de OS...
2026-06-18 20:53:16,293 - INFO - 🟨 Janela de aviso de substituição de lote de OS detectada
2026-06-18 20:53:36,395 - INFO - ⌛ aguardando janela de programação de lote de OS...
2026-06-18 20:54:01,942 - INFO - 🟨 Janela de programação de lote de OS detectada
2026-06-18 20:54:51,415 - INFO - 🟨 Janela de confirmação de programação de lote de OS detectada
2026-06-18 20:54:55,657 - INFO - ⌛ aguardando confirmação final de programação do lote
2026-06-18 20:55:21,151 - INFO - 🟨 programação do lote 10 efetuado com sucesso
2026-06-18 20:55:31,255 - INFO - 
=== Iniciando lote 11/12 [LM] ===
2026-06-18 20:55:31,255 - INFO - 
=== abrir_janela_selecao ===
2026-06-18 20:55:37,560 - INFO - 
=== rotina abrir_selecao_colar_os ===
2026-06-18 20:55:37,618 - INFO - Janela de seleção aberta
2026-06-18 20:55:41,838 - INFO - DEBUG: idx=10, inicio=250, fim=275
2026-06-18 20:55:41,838 - INFO - ✅ 25 OS copiadas para a área de transferência.
2026-06-18 20:55:41,838 - INFO - 📋 Lote 11 copiado.
2026-06-18 20:55:50,165 - INFO - ⌛ Esperando mudança visual...
2026-06-18 20:55:51,182 - INFO - ⌛ Esperando mudança visual...
2026-06-18 20:55:52,197 - INFO - ⌛ Esperando mudança visual...
2026-06-18 20:55:53,212 - INFO - ⌛ Esperando mudança visual...
2026-06-18 20:55:54,229 - INFO - ⌛ Esperando mudança visual...
2026-06-18 20:55:55,244 - INFO - ⌛ Esperando mudança visual...
2026-06-18 20:55:56,259 - INFO - ⌛ Esperando mudança visual...
2026-06-18 20:55:57,274 - INFO - ⌛ Esperando mudança visual...
2026-06-18 20:55:58,291 - INFO - ⌛ Esperando mudança visual...
2026-06-18 20:55:59,307 - INFO - ✅ Tela carregada!
2026-06-18 20:56:03,309 - INFO - 
=== rotina desbloquear_os ===
2026-06-18 20:56:29,759 - INFO - ⌛ Aguardando janela de confirmação de desbloqueio...
2026-06-18 20:56:45,187 - INFO - 🟨 Registros desbloqueados com sucesso
2026-06-18 20:56:49,289 - INFO - 
=== rotina editar_os ===
2026-06-18 20:56:58,690 - INFO - ⌛ Aguardando janela de edição de OS...
2026-06-18 20:57:14,115 - INFO - 🟨 OS programadas detectadas
2026-06-18 20:57:17,228 - INFO - ⌛ Aguardando janela de edição de OS...
2026-06-18 20:57:32,657 - INFO - 🟨 Janela de edição de OS detectada
2026-06-18 20:57:54,020 - INFO - 🟨 Janela de edição de habilidade da turma detectada
2026-06-18 20:59:12,312 - INFO - ⌛ Aguardando detecção do campo de caracteristica 'EQUIPE PRÓPRIA OU EPS' ...
2026-06-18 20:59:31,664 - INFO - 🟨 campo de caracteristica 'EQUIPE PRÓPRIA OU EPS detectado
2026-06-18 20:59:53,442 - INFO - ⌛ Aguardando confirmação 4 - editar OS...
2026-06-18 21:00:08,960 - INFO - ⌛ Aguardando confirmação 4 - editar OS...
2026-06-18 21:00:24,449 - INFO - ⌛ Aguardando confirmação 4 - editar OS...
2026-06-18 21:00:39,906 - INFO - 🟨 Janela de confirmação 4 de edição de OS detectada
2026-06-18 21:00:44,009 - INFO - 
=== rotina programar_os ===
2026-06-18 21:01:10,517 - INFO - ⌛ Aguardando janela de confirmação de programação de OS...
2026-06-18 21:01:36,027 - INFO - 🟨 Janela de confirmação de programação de OS detectada
2026-06-18 21:01:49,287 - INFO - 🟨 Janela de aviso de edição de OS programadas detectada
2026-06-18 21:01:56,493 - INFO - ⌛ aguardando janela de programação de lote de OS...
2026-06-18 21:02:22,007 - INFO - 🟨 Janela de aviso de substituição de lote de OS detectada
2026-06-18 21:02:42,127 - INFO - ⌛ aguardando janela de programação de lote de OS...
2026-06-18 21:03:07,618 - INFO - 🟨 Janela de programação de lote de OS detectada
2026-06-18 21:03:57,113 - INFO - 🟨 Janela de confirmação de programação de lote de OS detectada
2026-06-18 21:04:01,343 - INFO - ⌛ aguardando confirmação final de programação do lote
2026-06-18 21:04:26,841 - INFO - ⌛ aguardando confirmação final de programação do lote
2026-06-18 21:04:52,472 - INFO - ⌛ aguardando confirmação final de programação do lote
2026-06-18 21:05:17,932 - INFO - 🟨 programação do lote 11 efetuado com sucesso
2026-06-18 21:05:28,035 - INFO - 
=== Iniciando lote 12/12 [LM] ===
2026-06-18 21:05:28,035 - INFO - 
=== abrir_janela_selecao ===
2026-06-18 21:05:34,341 - INFO - 
=== rotina abrir_selecao_colar_os ===
2026-06-18 21:05:34,401 - INFO - Janela de seleção aberta
2026-06-18 21:05:38,620 - INFO - DEBUG: idx=11, inicio=275, fim=300
2026-06-18 21:05:38,620 - INFO - ✅ 8 OS copiadas para a área de transferência.
2026-06-18 21:05:38,620 - INFO - 📋 Lote 12 copiado.
2026-06-18 21:05:46,947 - INFO - ⌛ Esperando mudança visual...
2026-06-18 21:05:47,961 - INFO - ⌛ Esperando mudança visual...
2026-06-18 21:05:48,978 - INFO - ⌛ Esperando mudança visual...
2026-06-18 21:05:49,994 - INFO - ⌛ Esperando mudança visual...
2026-06-18 21:05:51,008 - INFO - ⌛ Esperando mudança visual...
2026-06-18 21:05:52,025 - INFO - ⌛ Esperando mudança visual...
2026-06-18 21:05:53,041 - INFO - ⌛ Esperando mudança visual...
2026-06-18 21:05:54,056 - INFO - ⌛ Esperando mudança visual...
2026-06-18 21:05:55,073 - INFO - ⌛ Esperando mudança visual...
2026-06-18 21:05:56,087 - INFO - ⌛ Esperando mudança visual...
2026-06-18 21:05:57,103 - INFO - ⌛ Esperando mudança visual...
2026-06-18 21:05:58,117 - INFO - ✅ Tela carregada!
2026-06-18 21:06:02,122 - INFO - 
=== rotina desbloquear_os ===
2026-06-18 21:06:28,601 - INFO - ⌛ Aguardando janela de confirmação de desbloqueio...
2026-06-18 21:06:44,004 - INFO - ⌛ Aguardando janela de confirmação de desbloqueio...
2026-06-18 21:06:59,442 - INFO - 🟨 Registros desbloqueados com sucesso
2026-06-18 21:07:03,544 - INFO - 
=== rotina editar_os ===
2026-06-18 21:07:12,951 - INFO - 🟨 OS programadas detectadas
2026-06-18 21:07:16,055 - INFO - ⌛ Aguardando janela de edição de OS...
2026-06-18 21:07:31,486 - INFO - 🟨 Janela de edição de OS detectada
2026-06-18 21:07:52,846 - INFO - 🟨 Janela de edição de habilidade da turma detectada
2026-06-18 21:09:11,114 - INFO - ⌛ Aguardando detecção do campo de caracteristica 'EQUIPE PRÓPRIA OU EPS' ...
2026-06-18 21:09:30,497 - INFO - 🟨 campo de caracteristica 'EQUIPE PRÓPRIA OU EPS detectado
2026-06-18 21:09:52,339 - INFO - ⌛ Aguardando confirmação 4 - editar OS...
2026-06-18 21:10:07,858 - INFO - ⌛ Aguardando confirmação 4 - editar OS...
2026-06-18 21:10:23,374 - INFO - 🟨 Janela de confirmação 4 de edição de OS detectada
2026-06-18 21:10:27,477 - INFO - 
=== rotina programar_os ===
2026-06-18 21:10:54,013 - INFO - ⌛ Aguardando janela de confirmação de programação de OS...
2026-06-18 21:11:19,505 - INFO - 🟨 Janela de confirmação de programação de OS detectada
2026-06-18 21:11:32,790 - INFO - 🟨 Janela de aviso de edição de OS programadas detectada
2026-06-18 21:11:40,001 - INFO - ⌛ aguardando janela de programação de lote de OS...
2026-06-18 21:12:05,589 - INFO - 🟨 Janela de aviso de substituição de lote de OS detectada
2026-06-18 21:12:25,692 - INFO - ⌛ aguardando janela de programação de lote de OS...
2026-06-18 21:12:51,200 - INFO - 🟨 Janela de programação de lote de OS detectada
2026-06-18 21:13:40,685 - INFO - 🟨 Janela de confirmação de programação de lote de OS detectada
2026-06-18 21:13:44,934 - INFO - ⌛ aguardando confirmação final de programação do lote
2026-06-18 21:14:10,460 - INFO - ⌛ aguardando confirmação final de programação do lote
2026-06-18 21:14:35,897 - INFO - 🟨 programação do lote 12 efetuado com sucesso
2026-06-18 21:14:46,001 - INFO - 
=== Iniciando lote 1/16 [LV] ===
2026-06-18 21:14:46,001 - INFO - 
=== abrir_janela_selecao ===
2026-06-18 21:14:52,306 - INFO - 
=== rotina abrir_selecao_colar_os ===
2026-06-18 21:14:52,356 - INFO - Janela de seleção aberta
2026-06-18 21:14:56,578 - INFO - DEBUG: idx=0, inicio=0, fim=25
2026-06-18 21:14:56,578 - INFO - ✅ 25 OS copiadas para a área de transferência.
2026-06-18 21:14:56,578 - INFO - 📋 Lote 1 copiado.
2026-06-18 21:15:04,910 - INFO - ⌛ Esperando mudança visual...
2026-06-18 21:15:05,927 - INFO - ⌛ Esperando mudança visual...
2026-06-18 21:15:06,944 - INFO - ⌛ Esperando mudança visual...
2026-06-18 21:15:07,957 - INFO - ⌛ Esperando mudança visual...
2026-06-18 21:15:08,974 - INFO - ⌛ Esperando mudança visual...
2026-06-18 21:15:09,990 - INFO - ⌛ Esperando mudança visual...
2026-06-18 21:15:11,004 - INFO - ⌛ Esperando mudança visual...
2026-06-18 21:15:12,021 - INFO - ⌛ Esperando mudança visual...
2026-06-18 21:15:13,037 - INFO - ⌛ Esperando mudança visual...
2026-06-18 21:15:14,052 - INFO - ⌛ Esperando mudança visual...
2026-06-18 21:15:15,067 - INFO - ⌛ Esperando mudança visual...
2026-06-18 21:15:16,084 - INFO - ⌛ Esperando mudança visual...
2026-06-18 21:15:17,099 - INFO - ⌛ Esperando mudança visual...
2026-06-18 21:15:18,114 - INFO - ⌛ Esperando mudança visual...
2026-06-18 21:15:19,131 - INFO - ✅ Tela carregada!
2026-06-18 21:15:23,132 - INFO - 
=== rotina desbloquear_os ===
2026-06-18 21:15:49,593 - INFO - ⌛ Aguardando janela de confirmação de desbloqueio...
2026-06-18 21:16:04,967 - INFO - ⌛ Aguardando janela de confirmação de desbloqueio...
2026-06-18 21:16:20,369 - INFO - ⌛ Aguardando janela de confirmação de desbloqueio...
2026-06-18 21:16:35,780 - INFO - ⌛ Aguardando janela de confirmação de desbloqueio...
2026-06-18 21:16:51,237 - INFO - ⌛ Aguardando janela de confirmação de desbloqueio...
2026-06-18 21:17:06,626 - INFO - ⌛ Aguardando janela de confirmação de desbloqueio...
2026-06-18 21:17:22,058 - INFO - ⌛ Aguardando janela de confirmação de desbloqueio...
2026-06-18 21:17:37,457 - INFO - ⌛ Aguardando janela de confirmação de desbloqueio...
2026-06-18 21:17:52,843 - INFO - 🟨 Registros desbloqueados com sucesso
2026-06-18 21:17:56,947 - INFO - 
=== rotina editar_os ===
2026-06-18 21:18:06,361 - INFO - ⌛ Aguardando janela de edição de OS...
2026-06-18 21:18:21,816 - INFO - 🟨 OS programadas detectadas
2026-06-18 21:18:24,929 - INFO - ⌛ Aguardando janela de edição de OS...
2026-06-18 21:18:40,408 - INFO - 🟨 Janela de edição de OS detectada
2026-06-18 21:19:01,761 - INFO - 🟨 Janela de edição de habilidade da turma detectada
2026-06-18 21:20:20,041 - INFO - ⌛ Aguardando detecção do campo de caracteristica 'EQUIPE PRÓPRIA OU EPS' ...
2026-06-18 21:20:39,385 - INFO - 🟨 campo de caracteristica 'EQUIPE PRÓPRIA OU EPS detectado
2026-06-18 21:21:01,152 - INFO - ⌛ Aguardando confirmação 4 - editar OS...
2026-06-18 21:21:16,585 - INFO - ⌛ Aguardando confirmação 4 - editar OS...
2026-06-18 21:21:32,044 - INFO - ⌛ Aguardando confirmação 4 - editar OS...
2026-06-18 21:21:47,534 - INFO - ⌛ Aguardando confirmação 4 - editar OS...
2026-06-18 21:22:03,029 - INFO - ⌛ Aguardando confirmação 4 - editar OS...
2026-06-18 21:22:18,467 - INFO - 🟨 Janela de confirmação 4 de edição de OS detectada
2026-06-18 21:22:22,580 - INFO - 
=== rotina programar_os ===
2026-06-18 21:22:49,124 - INFO - ⌛ Aguardando janela de confirmação de programação de OS...
2026-06-18 21:23:14,569 - INFO - 🟨 Janela de confirmação de programação de OS detectada
2026-06-18 21:23:27,832 - INFO - 🟨 Janela de aviso de edição de OS programadas detectada
2026-06-18 21:23:35,035 - INFO - ⌛ aguardando janela de programação de lote de OS...
2026-06-18 21:24:00,548 - INFO - 🟨 Janela de aviso de substituição de lote de OS detectada
2026-06-18 21:24:20,661 - INFO - ⌛ aguardando janela de programação de lote de OS...
2026-06-18 21:24:46,153 - INFO - 🟨 Janela de programação de lote de OS detectada
2026-06-18 21:25:35,644 - INFO - 🟨 Janela de confirmação de programação de lote de OS detectada
2026-06-18 21:25:39,902 - INFO - ⌛ aguardando confirmação final de programação do lote
2026-06-18 21:26:05,402 - INFO - ⌛ aguardando confirmação final de programação do lote
2026-06-18 21:26:30,880 - INFO - ⌛ aguardando confirmação final de programação do lote
2026-06-18 21:26:56,352 - INFO - 🟨 programação do lote 1 efetuado com sucesso
2026-06-18 21:27:06,462 - INFO - 
=== Iniciando lote 2/16 [LV] ===
2026-06-18 21:27:06,463 - INFO - 
=== abrir_janela_selecao ===
2026-06-18 21:27:12,768 - INFO - 
=== rotina abrir_selecao_colar_os ===
2026-06-18 21:27:12,826 - INFO - Janela de seleção aberta
2026-06-18 21:27:17,043 - INFO - DEBUG: idx=1, inicio=25, fim=50
2026-06-18 21:27:17,043 - INFO - ✅ 25 OS copiadas para a área de transferência.
2026-06-18 21:27:17,043 - INFO - 📋 Lote 2 copiado.
2026-06-18 21:27:25,368 - INFO - ⌛ Esperando mudança visual...
2026-06-18 21:27:26,384 - INFO - ⌛ Esperando mudança visual...
2026-06-18 21:27:27,398 - INFO - ⌛ Esperando mudança visual...
2026-06-18 21:27:28,415 - INFO - ⌛ Esperando mudança visual...
2026-06-18 21:27:29,430 - INFO - ⌛ Esperando mudança visual...
2026-06-18 21:27:30,444 - INFO - ⌛ Esperando mudança visual...
2026-06-18 21:27:31,461 - INFO - ⌛ Esperando mudança visual...
2026-06-18 21:27:32,477 - INFO - ⌛ Esperando mudança visual...
2026-06-18 21:27:33,491 - INFO - ⌛ Esperando mudança visual...
2026-06-18 21:27:34,507 - INFO - ⌛ Esperando mudança visual...
2026-06-18 21:27:35,523 - INFO - ⌛ Esperando mudança visual...
2026-06-18 21:27:36,537 - INFO - ⌛ Esperando mudança visual...
2026-06-18 21:27:37,554 - INFO - ✅ Tela carregada!
2026-06-18 21:27:41,555 - INFO - 
=== rotina desbloquear_os ===
2026-06-18 21:28:08,015 - INFO - ⌛ Aguardando janela de confirmação de desbloqueio...
2026-06-18 21:28:23,391 - INFO - ⌛ Aguardando janela de confirmação de desbloqueio...
2026-06-18 21:28:38,787 - INFO - ⌛ Aguardando janela de confirmação de desbloqueio...
2026-06-18 21:28:54,187 - INFO - ⌛ Aguardando janela de confirmação de desbloqueio...
2026-06-18 21:29:09,623 - INFO - 🟨 Registros desbloqueados com sucesso
2026-06-18 21:29:13,725 - INFO - 
=== rotina editar_os ===
2026-06-18 21:29:23,122 - INFO - 🟨 OS programadas detectadas
2026-06-18 21:29:26,234 - INFO - ⌛ Aguardando janela de edição de OS...
2026-06-18 21:29:41,636 - INFO - 🟨 Janela de edição de OS detectada
2026-06-18 21:30:03,001 - INFO - 🟨 Janela de edição de habilidade da turma detectada
2026-06-18 21:31:21,269 - INFO - ⌛ Aguardando detecção do campo de caracteristica 'EQUIPE PRÓPRIA OU EPS' ...
2026-06-18 21:31:40,618 - INFO - 🟨 campo de caracteristica 'EQUIPE PRÓPRIA OU EPS detectado
2026-06-18 21:32:02,434 - INFO - ⌛ Aguardando confirmação 4 - editar OS...
2026-06-18 21:32:17,916 - INFO - ⌛ Aguardando confirmação 4 - editar OS...
2026-06-18 21:32:18,042 - INFO - 🟨 Identificado travamento no EQM, reiniciando contador de espera
2026-06-18 21:32:33,403 - INFO - ⌛ Aguardando confirmação 4 - editar OS...
2026-06-18 21:32:48,926 - INFO - ⌛ Aguardando confirmação 4 - editar OS...
2026-06-18 21:33:04,442 - INFO - ⌛ Aguardando confirmação 4 - editar OS...
2026-06-18 21:33:19,953 - INFO - ⌛ Aguardando confirmação 4 - editar OS...
2026-06-18 21:33:35,454 - INFO - ⌛ Aguardando confirmação 4 - editar OS...
2026-06-18 21:33:50,955 - INFO - 🟨 Janela de confirmação 4 de edição de OS detectada
2026-06-18 21:33:55,069 - INFO - 
=== rotina programar_os ===
2026-06-18 21:34:21,602 - INFO - ⌛ Aguardando janela de confirmação de programação de OS...
2026-06-18 21:34:47,035 - INFO - 🟨 Janela de confirmação de programação de OS detectada
2026-06-18 21:35:00,298 - INFO - 🟨 Janela de aviso de edição de OS programadas detectada
2026-06-18 21:35:07,502 - INFO - ⌛ aguardando janela de programação de lote de OS...
2026-06-18 21:35:33,042 - INFO - 🟨 Janela de aviso de substituição de lote de OS detectada
2026-06-18 21:35:53,144 - INFO - ⌛ aguardando janela de programação de lote de OS...
2026-06-18 21:36:18,632 - INFO - 🟨 Janela de programação de lote de OS detectada
2026-06-18 21:37:08,131 - INFO - 🟨 Janela de confirmação de programação de lote de OS detectada
2026-06-18 21:37:12,350 - INFO - ⌛ aguardando confirmação final de programação do lote
2026-06-18 21:37:37,862 - INFO - ⌛ aguardando confirmação final de programação do lote
2026-06-18 21:38:03,388 - INFO - 🟨 programação do lote 2 efetuado com sucesso
2026-06-18 21:38:13,493 - INFO - 
=== Iniciando lote 3/16 [LV] ===
2026-06-18 21:38:13,493 - INFO - 
=== abrir_janela_selecao ===
2026-06-18 21:38:19,797 - INFO - 
=== rotina abrir_selecao_colar_os ===
2026-06-18 21:38:19,834 - INFO - Janela de seleção aberta
2026-06-18 21:38:24,059 - INFO - DEBUG: idx=2, inicio=50, fim=75
2026-06-18 21:38:24,059 - INFO - ✅ 25 OS copiadas para a área de transferência.
2026-06-18 21:38:24,059 - INFO - 📋 Lote 3 copiado.
2026-06-18 21:38:32,387 - INFO - ⌛ Esperando mudança visual...
2026-06-18 21:38:33,402 - INFO - ⌛ Esperando mudança visual...
2026-06-18 21:38:34,418 - INFO - ⌛ Esperando mudança visual...
2026-06-18 21:38:35,434 - INFO - ⌛ Esperando mudança visual...
2026-06-18 21:38:36,448 - INFO - ⌛ Esperando mudança visual...
2026-06-18 21:38:37,466 - INFO - ⌛ Esperando mudança visual...
2026-06-18 21:38:38,481 - INFO - ⌛ Esperando mudança visual...
2026-06-18 21:38:39,495 - INFO - ⌛ Esperando mudança visual...
2026-06-18 21:38:40,512 - INFO - ⌛ Esperando mudança visual...
2026-06-18 21:38:41,528 - INFO - ⌛ Esperando mudança visual...
2026-06-18 21:38:42,542 - INFO - ⌛ Esperando mudança visual...
2026-06-18 21:38:43,559 - INFO - ⌛ Esperando mudança visual...
2026-06-18 21:38:44,575 - INFO - ⌛ Esperando mudança visual...
2026-06-18 21:38:45,591 - INFO - ✅ Tela carregada!
2026-06-18 21:38:49,592 - INFO - 
=== rotina desbloquear_os ===
2026-06-18 21:39:16,042 - INFO - ⌛ Aguardando janela de confirmação de desbloqueio...
2026-06-18 21:39:31,423 - INFO - ⌛ Aguardando janela de confirmação de desbloqueio...
2026-06-18 21:39:46,820 - INFO - 🟨 Registros desbloqueados com sucesso
2026-06-18 21:39:50,924 - INFO - 
=== rotina editar_os ===
2026-06-18 21:40:00,328 - INFO - ⌛ Aguardando janela de edição de OS...
2026-06-18 21:40:15,794 - INFO - 🟨 OS programadas detectadas
2026-06-18 21:40:18,897 - INFO - ⌛ Aguardando janela de edição de OS...
2026-06-18 21:40:34,351 - INFO - 🟨 Janela de edição de OS detectada
2026-06-18 21:40:55,721 - INFO - 🟨 Janela de edição de habilidade da turma detectada
2026-06-18 21:42:14,004 - INFO - ⌛ Aguardando detecção do campo de caracteristica 'EQUIPE PRÓPRIA OU EPS' ...
2026-06-18 21:42:33,354 - INFO - 🟨 campo de caracteristica 'EQUIPE PRÓPRIA OU EPS detectado
2026-06-18 21:42:55,108 - INFO - ⌛ Aguardando confirmação 4 - editar OS...
2026-06-18 21:43:10,597 - INFO - ⌛ Aguardando confirmação 4 - editar OS...
2026-06-18 21:43:26,122 - INFO - ⌛ Aguardando confirmação 4 - editar OS...
2026-06-18 21:43:41,714 - INFO - 🟨 Janela de confirmação 4 de edição de OS detectada
2026-06-18 21:43:45,820 - INFO - 
=== rotina programar_os ===
2026-06-18 21:44:12,342 - INFO - ⌛ Aguardando janela de confirmação de programação de OS...
2026-06-18 21:44:37,815 - INFO - 🟨 Janela de confirmação de programação de OS detectada
2026-06-18 21:44:51,070 - INFO - 🟨 Janela de aviso de edição de OS programadas detectada
2026-06-18 21:44:58,286 - INFO - ⌛ aguardando janela de programação de lote de OS...
2026-06-18 21:45:23,864 - INFO - 🟨 Janela de aviso de substituição de lote de OS detectada
2026-06-18 21:45:43,967 - INFO - ⌛ aguardando janela de programação de lote de OS...
2026-06-18 21:46:09,527 - INFO - 🟨 Janela de aviso de substituição de lote de OS detectada
2026-06-18 21:46:29,629 - INFO - ⌛ aguardando janela de programação de lote de OS...
2026-06-18 21:46:55,188 - INFO - 🟨 Janela de programação de lote de OS detectada
2026-06-18 21:47:44,686 - INFO - 🟨 Janela de confirmação de programação de lote de OS detectada
2026-06-18 21:47:48,947 - INFO - ⌛ aguardando confirmação final de programação do lote
2026-06-18 21:48:14,499 - INFO - 🟨 programação do lote 3 efetuado com sucesso
2026-06-18 21:48:24,604 - INFO - 
=== Iniciando lote 4/16 [LV] ===
2026-06-18 21:48:24,604 - INFO - 
=== abrir_janela_selecao ===
2026-06-18 21:48:30,909 - INFO - 
=== rotina abrir_selecao_colar_os ===
2026-06-18 21:48:30,973 - INFO - Janela de seleção aberta
2026-06-18 21:48:35,186 - INFO - DEBUG: idx=3, inicio=75, fim=100
2026-06-18 21:48:35,186 - INFO - ✅ 25 OS copiadas para a área de transferência.
2026-06-18 21:48:35,186 - INFO - 📋 Lote 4 copiado.
2026-06-18 21:48:43,514 - INFO - ⌛ Esperando mudança visual...
2026-06-18 21:48:44,529 - INFO - ⌛ Esperando mudança visual...
2026-06-18 21:48:45,546 - INFO - ⌛ Esperando mudança visual...
2026-06-18 21:48:46,562 - INFO - ⌛ Esperando mudança visual...
2026-06-18 21:48:47,576 - INFO - ⌛ Esperando mudança visual...
2026-06-18 21:48:48,593 - INFO - ⌛ Esperando mudança visual...
2026-06-18 21:48:49,608 - INFO - ⌛ Esperando mudança visual...
2026-06-18 21:48:50,623 - INFO - ⌛ Esperando mudança visual...
2026-06-18 21:48:51,640 - INFO - ⌛ Esperando mudança visual...
2026-06-18 21:48:52,656 - INFO - ⌛ Esperando mudança visual...
2026-06-18 21:48:53,670 - INFO - ⌛ Esperando mudança visual...
2026-06-18 21:48:54,687 - INFO - ✅ Tela carregada!
2026-06-18 21:48:58,689 - INFO - 
=== rotina desbloquear_os ===
2026-06-18 21:49:25,168 - INFO - ⌛ Aguardando janela de confirmação de desbloqueio...
2026-06-18 21:49:40,552 - INFO - ⌛ Aguardando janela de confirmação de desbloqueio...
2026-06-18 21:49:55,947 - INFO - 🟨 Registros desbloqueados com sucesso
2026-06-18 21:50:00,051 - INFO - 
=== rotina editar_os ===
2026-06-18 21:50:09,465 - INFO - 🟨 OS programadas detectadas
2026-06-18 21:50:12,568 - INFO - ⌛ Aguardando janela de edição de OS...
2026-06-18 21:50:28,054 - INFO - 🟨 Janela de edição de OS detectada
2026-06-18 21:50:49,414 - INFO - 🟨 Janela de edição de habilidade da turma detectada
2026-06-18 21:52:07,709 - INFO - ⌛ Aguardando detecção do campo de caracteristica 'EQUIPE PRÓPRIA OU EPS' ...
2026-06-18 21:52:27,069 - INFO - 🟨 campo de caracteristica 'EQUIPE PRÓPRIA OU EPS detectado
2026-06-18 21:52:48,838 - INFO - ⌛ Aguardando confirmação 4 - editar OS...
2026-06-18 21:53:04,290 - INFO - ⌛ Aguardando confirmação 4 - editar OS...
2026-06-18 21:53:19,727 - INFO - ⌛ Aguardando confirmação 4 - editar OS...
2026-06-18 21:53:35,181 - INFO - 🟨 Janela de confirmação 4 de edição de OS detectada
2026-06-18 21:53:39,297 - INFO - 
=== rotina programar_os ===
2026-06-18 21:54:05,810 - INFO - ⌛ Aguardando janela de confirmação de programação de OS...
2026-06-18 21:54:31,226 - INFO - 🟨 Janela de confirmação de programação de OS detectada
2026-06-18 21:54:44,480 - INFO - 🟨 Janela de aviso de edição de OS programadas detectada
2026-06-18 21:54:51,693 - INFO - ⌛ aguardando janela de programação de lote de OS...
2026-06-18 21:55:17,229 - INFO - 🟨 Janela de aviso de substituição de lote de OS detectada
2026-06-18 21:55:37,331 - INFO - ⌛ aguardando janela de programação de lote de OS...
2026-06-18 21:56:02,833 - INFO - 🟨 Janela de programação de lote de OS detectada
2026-06-18 21:56:52,343 - INFO - 🟨 Janela de confirmação de programação de lote de OS detectada
2026-06-18 21:56:56,579 - INFO - ⌛ aguardando confirmação final de programação do lote
2026-06-18 21:57:22,109 - INFO - 🟨 programação do lote 4 efetuado com sucesso
2026-06-18 21:57:32,212 - INFO - 
=== Iniciando lote 5/16 [LV] ===
2026-06-18 21:57:32,212 - INFO - 
=== abrir_janela_selecao ===
2026-06-18 21:57:38,517 - INFO - 
=== rotina abrir_selecao_colar_os ===
2026-06-18 21:57:38,573 - INFO - Janela de seleção aberta
2026-06-18 21:57:42,789 - INFO - DEBUG: idx=4, inicio=100, fim=125
2026-06-18 21:57:42,789 - INFO - ✅ 25 OS copiadas para a área de transferência.
2026-06-18 21:57:42,789 - INFO - 📋 Lote 5 copiado.
2026-06-18 21:57:51,132 - INFO - ⌛ Esperando mudança visual...
2026-06-18 21:57:52,149 - INFO - ⌛ Esperando mudança visual...
2026-06-18 21:57:53,165 - INFO - ⌛ Esperando mudança visual...
2026-06-18 21:57:54,179 - INFO - ⌛ Esperando mudança visual...
2026-06-18 21:57:55,196 - INFO - ⌛ Esperando mudança visual...
2026-06-18 21:57:56,212 - INFO - ⌛ Esperando mudança visual...
2026-06-18 21:57:57,229 - INFO - ⌛ Esperando mudança visual...
2026-06-18 21:57:58,243 - INFO - ⌛ Esperando mudança visual...
2026-06-18 21:57:59,259 - INFO - ⌛ Esperando mudança visual...
2026-06-18 21:58:00,273 - INFO - ⌛ Esperando mudança visual...
2026-06-18 21:58:01,289 - INFO - ⌛ Esperando mudança visual...
2026-06-18 21:58:02,306 - INFO - ⌛ Esperando mudança visual...
2026-06-18 21:58:03,321 - INFO - ✅ Tela carregada!
2026-06-18 21:58:07,323 - INFO - 
=== rotina desbloquear_os ===
2026-06-18 21:58:33,789 - INFO - ⌛ Aguardando janela de confirmação de desbloqueio...
2026-06-18 21:58:49,228 - INFO - ⌛ Aguardando janela de confirmação de desbloqueio...
2026-06-18 21:59:04,715 - INFO - 🟨 Registros desbloqueados com sucesso
2026-06-18 21:59:08,818 - INFO - 
=== rotina editar_os ===
2026-06-18 21:59:18,226 - INFO - ⌛ Aguardando janela de edição de OS...
2026-06-18 21:59:33,657 - INFO - 🟨 OS programadas detectadas
2026-06-18 21:59:36,761 - INFO - ⌛ Aguardando janela de edição de OS...
2026-06-18 21:59:52,172 - INFO - 🟨 Janela de edição de OS detectada
2026-06-18 22:00:13,527 - INFO - 🟨 Janela de edição de habilidade da turma detectada
2026-06-18 22:01:31,815 - INFO - ⌛ Aguardando detecção do campo de caracteristica 'EQUIPE PRÓPRIA OU EPS' ...
2026-06-18 22:01:51,174 - INFO - 🟨 campo de caracteristica 'EQUIPE PRÓPRIA OU EPS detectado
2026-06-18 22:02:12,970 - INFO - ⌛ Aguardando confirmação 4 - editar OS...
2026-06-18 22:02:28,419 - INFO - ⌛ Aguardando confirmação 4 - editar OS...
2026-06-18 22:02:43,880 - INFO - ⌛ Aguardando confirmação 4 - editar OS...
2026-06-18 22:02:59,331 - INFO - ⌛ Aguardando confirmação 4 - editar OS...
2026-06-18 22:03:14,810 - INFO - 🟨 Janela de confirmação 4 de edição de OS detectada
2026-06-18 22:03:18,913 - INFO - 
=== rotina programar_os ===
2026-06-18 22:03:45,433 - INFO - ⌛ Aguardando janela de confirmação de programação de OS...
2026-06-18 22:04:10,886 - INFO - 🟨 Janela de confirmação de programação de OS detectada
2026-06-18 22:04:24,132 - INFO - 🟨 Janela de aviso de edição de OS programadas detectada
2026-06-18 22:04:31,347 - INFO - ⌛ aguardando janela de programação de lote de OS...
2026-06-18 22:04:56,834 - INFO - 🟨 Janela de aviso de substituição de lote de OS detectada
2026-06-18 22:05:16,948 - INFO - ⌛ aguardando janela de programação de lote de OS...
2026-06-18 22:05:42,439 - INFO - 🟨 Janela de programação de lote de OS detectada
2026-06-18 22:06:31,938 - INFO - 🟨 Janela de confirmação de programação de lote de OS detectada
2026-06-18 22:06:36,179 - INFO - ⌛ aguardando confirmação final de programação do lote
2026-06-18 22:07:01,728 - INFO - 🟨 programação do lote 5 efetuado com sucesso
2026-06-18 22:07:11,841 - INFO - 
=== Iniciando lote 6/16 [LV] ===
2026-06-18 22:07:11,841 - INFO - 
=== abrir_janela_selecao ===
2026-06-18 22:07:18,147 - INFO - 
=== rotina abrir_selecao_colar_os ===
2026-06-18 22:07:18,204 - INFO - Janela de seleção aberta
2026-06-18 22:07:22,423 - INFO - DEBUG: idx=5, inicio=125, fim=150
2026-06-18 22:07:22,423 - INFO - ✅ 25 OS copiadas para a área de transferência.
2026-06-18 22:07:22,423 - INFO - 📋 Lote 6 copiado.
2026-06-18 22:07:30,751 - INFO - ⌛ Esperando mudança visual...
2026-06-18 22:07:31,767 - INFO - ⌛ Esperando mudança visual...
2026-06-18 22:07:32,781 - INFO - ⌛ Esperando mudança visual...
2026-06-18 22:07:33,798 - INFO - ⌛ Esperando mudança visual...
2026-06-18 22:07:34,814 - INFO - ⌛ Esperando mudança visual...
2026-06-18 22:07:35,828 - INFO - ⌛ Esperando mudança visual...
2026-06-18 22:07:36,847 - INFO - ⌛ Esperando mudança visual...
2026-06-18 22:07:37,861 - INFO - ⌛ Esperando mudança visual...
2026-06-18 22:07:38,877 - INFO - ⌛ Esperando mudança visual...
2026-06-18 22:07:39,891 - INFO - ⌛ Esperando mudança visual...
2026-06-18 22:07:40,908 - INFO - ⌛ Esperando mudança visual...
2026-06-18 22:07:41,924 - INFO - ⌛ Esperando mudança visual...
2026-06-18 22:07:42,938 - INFO - ⌛ Esperando mudança visual...
2026-06-18 22:07:43,955 - INFO - ⌛ Esperando mudança visual...
2026-06-18 22:07:44,971 - INFO - ⌛ Esperando mudança visual...
2026-06-18 22:07:45,986 - INFO - ⌛ Esperando mudança visual...
2026-06-18 22:07:47,002 - INFO - ⌛ Esperando mudança visual...
2026-06-18 22:07:48,018 - INFO - ⌛ Esperando mudança visual...
2026-06-18 22:07:49,032 - INFO - ⌛ Esperando mudança visual...
2026-06-18 22:07:50,049 - INFO - ⌛ Esperando mudança visual...
2026-06-18 22:07:51,065 - INFO - ⌛ Esperando mudança visual...
2026-06-18 22:07:52,080 - INFO - ⌛ Esperando mudança visual...
2026-06-18 22:07:53,096 - INFO - ⌛ Esperando mudança visual...
2026-06-18 22:07:54,112 - INFO - ⌛ Esperando mudança visual...
2026-06-18 22:07:55,127 - INFO - ⌛ Esperando mudança visual...
2026-06-18 22:07:56,142 - INFO - ⌛ Esperando mudança visual...
2026-06-18 22:07:57,159 - INFO - ⌛ Esperando mudança visual...
2026-06-18 22:07:58,175 - INFO - ⌛ Esperando mudança visual...
2026-06-18 22:07:59,189 - INFO - ⌛ Esperando mudança visual...
2026-06-18 22:08:00,206 - INFO - ⌛ Esperando mudança visual...
2026-06-18 22:08:01,222 - INFO - ⌛ Esperando mudança visual...
2026-06-18 22:08:02,236 - INFO - ⌛ Esperando mudança visual...
2026-06-18 22:08:03,253 - INFO - ⌛ Esperando mudança visual...
2026-06-18 22:08:04,269 - INFO - ⌛ Esperando mudança visual...
2026-06-18 22:08:05,283 - INFO - ⌛ Esperando mudança visual...
2026-06-18 22:08:06,300 - INFO - ⌛ Esperando mudança visual...
2026-06-18 22:08:07,316 - INFO - ⌛ Esperando mudança visual...
2026-06-18 22:08:08,330 - INFO - ⌛ Esperando mudança visual...
2026-06-18 22:08:09,347 - INFO - ⌛ Esperando mudança visual...
2026-06-18 22:08:10,363 - INFO - ⌛ Esperando mudança visual...
2026-06-18 22:08:11,377 - INFO - ⌛ Esperando mudança visual...
2026-06-18 22:08:12,394 - INFO - ⌛ Esperando mudança visual...
2026-06-18 22:08:13,410 - INFO - ⌛ Esperando mudança visual...
2026-06-18 22:08:14,426 - INFO - ⌛ Esperando mudança visual...
2026-06-18 22:08:15,440 - INFO - ⌛ Esperando mudança visual...
2026-06-18 22:08:16,457 - INFO - ✅ Tela carregada!
2026-06-18 22:08:20,458 - INFO - 
=== rotina desbloquear_os ===
2026-06-18 22:08:46,920 - INFO - ⌛ Aguardando janela de confirmação de desbloqueio...
2026-06-18 22:09:02,327 - INFO - 🟨 Registros desbloqueados com sucesso
2026-06-18 22:09:06,431 - INFO - 
=== rotina editar_os ===
2026-06-18 22:09:15,850 - INFO - ⌛ Aguardando janela de edição de OS...
2026-06-18 22:09:31,364 - INFO - 🟨 OS programadas detectadas
2026-06-18 22:09:34,467 - INFO - ⌛ Aguardando janela de edição de OS...
2026-06-18 22:09:49,942 - INFO - 🟨 Janela de edição de OS detectada
2026-06-18 22:10:11,299 - INFO - 🟨 Janela de edição de habilidade da turma detectada
2026-06-18 22:11:29,583 - INFO - ⌛ Aguardando detecção do campo de caracteristica 'EQUIPE PRÓPRIA OU EPS' ...
2026-06-18 22:11:48,956 - INFO - 🟨 campo de caracteristica 'EQUIPE PRÓPRIA OU EPS detectado
2026-06-18 22:12:10,743 - INFO - ⌛ Aguardando confirmação 4 - editar OS...
2026-06-18 22:12:26,193 - INFO - ⌛ Aguardando confirmação 4 - editar OS...
2026-06-18 22:12:41,658 - INFO - 🟨 Janela de confirmação 4 de edição de OS detectada
2026-06-18 22:12:45,760 - INFO - 
=== rotina programar_os ===
2026-06-18 22:13:12,278 - INFO - ⌛ Aguardando janela de confirmação de programação de OS...
2026-06-18 22:13:37,729 - INFO - 🟨 Janela de confirmação de programação de OS detectada
2026-06-18 22:13:50,978 - INFO - 🟨 Janela de aviso de edição de OS programadas detectada
2026-06-18 22:13:58,197 - INFO - ⌛ aguardando janela de programação de lote de OS...
2026-06-18 22:14:23,681 - INFO - 🟨 Janela de aviso de substituição de lote de OS detectada
2026-06-18 22:14:43,798 - INFO - ⌛ aguardando janela de programação de lote de OS...
2026-06-18 22:15:09,312 - INFO - 🟨 Janela de programação de lote de OS detectada
2026-06-18 22:15:58,827 - INFO - 🟨 Janela de confirmação de programação de lote de OS detectada
2026-06-18 22:16:03,065 - INFO - ⌛ aguardando confirmação final de programação do lote
2026-06-18 22:16:28,546 - INFO - 🟨 programação do lote 6 efetuado com sucesso
2026-06-18 22:16:38,659 - INFO - 
=== Iniciando lote 7/16 [LV] ===
2026-06-18 22:16:38,659 - INFO - 
=== abrir_janela_selecao ===
2026-06-18 22:16:44,974 - INFO - 
=== rotina abrir_selecao_colar_os ===
2026-06-18 22:16:45,021 - INFO - Janela de seleção aberta
2026-06-18 22:16:49,241 - INFO - DEBUG: idx=6, inicio=150, fim=175
2026-06-18 22:16:49,241 - INFO - ✅ 25 OS copiadas para a área de transferência.
2026-06-18 22:16:49,241 - INFO - 📋 Lote 7 copiado.
2026-06-18 22:16:57,570 - INFO - ⌛ Esperando mudança visual...
2026-06-18 22:16:58,584 - INFO - ⌛ Esperando mudança visual...
2026-06-18 22:16:59,601 - INFO - ⌛ Esperando mudança visual...
2026-06-18 22:17:00,617 - INFO - ⌛ Esperando mudança visual...
2026-06-18 22:17:01,633 - INFO - ⌛ Esperando mudança visual...
2026-06-18 22:17:02,647 - INFO - ⌛ Esperando mudança visual...
2026-06-18 22:17:03,665 - INFO - ⌛ Esperando mudança visual...
2026-06-18 22:17:04,679 - INFO - ⌛ Esperando mudança visual...
2026-06-18 22:17:05,694 - INFO - ⌛ Esperando mudança visual...
2026-06-18 22:17:06,711 - INFO - ⌛ Esperando mudança visual...
2026-06-18 22:17:07,728 - INFO - ✅ Tela carregada!
2026-06-18 22:17:11,730 - INFO - 
=== rotina desbloquear_os ===
2026-06-18 22:17:38,194 - INFO - ⌛ Aguardando janela de confirmação de desbloqueio...
2026-06-18 22:17:53,566 - INFO - 🟨 Registros desbloqueados com sucesso
2026-06-18 22:17:57,668 - INFO - 
=== rotina editar_os ===
2026-06-18 22:18:07,086 - INFO - ⌛ Aguardando janela de edição de OS...
2026-06-18 22:18:22,538 - INFO - 🟨 OS programadas detectadas
2026-06-18 22:18:25,650 - INFO - ⌛ Aguardando janela de edição de OS...
2026-06-18 22:18:41,071 - INFO - 🟨 Janela de edição de OS detectada
2026-06-18 22:19:02,422 - INFO - 🟨 Janela de edição de habilidade da turma detectada
2026-06-18 22:20:20,742 - INFO - ⌛ Aguardando detecção do campo de caracteristica 'EQUIPE PRÓPRIA OU EPS' ...
2026-06-18 22:20:40,090 - INFO - 🟨 campo de caracteristica 'EQUIPE PRÓPRIA OU EPS detectado
2026-06-18 22:21:01,854 - INFO - ⌛ Aguardando confirmação 4 - editar OS...
2026-06-18 22:21:17,300 - INFO - ⌛ Aguardando confirmação 4 - editar OS...
2026-06-18 22:21:32,749 - INFO - 🟨 Janela de confirmação 4 de edição de OS detectada
2026-06-18 22:21:36,852 - INFO - 
=== rotina programar_os ===
2026-06-18 22:22:03,391 - INFO - ⌛ Aguardando janela de confirmação de programação de OS...
2026-06-18 22:22:28,830 - INFO - 🟨 Janela de confirmação de programação de OS detectada
2026-06-18 22:22:42,088 - INFO - 🟨 Janela de aviso de edição de OS programadas detectada
2026-06-18 22:22:49,292 - INFO - ⌛ aguardando janela de programação de lote de OS...
2026-06-18 22:23:14,758 - INFO - 🟨 Janela de aviso de substituição de lote de OS detectada
2026-06-18 22:23:34,872 - INFO - ⌛ aguardando janela de programação de lote de OS...
2026-06-18 22:24:00,406 - INFO - 🟨 Janela de programação de lote de OS detectada
2026-06-18 22:24:49,927 - INFO - 🟨 Janela de confirmação de programação de lote de OS detectada
2026-06-18 22:24:54,167 - INFO - ⌛ aguardando confirmação final de programação do lote
2026-06-18 22:25:19,680 - INFO - 🟨 programação do lote 7 efetuado com sucesso
2026-06-18 22:25:29,784 - INFO - 
=== Iniciando lote 8/16 [LV] ===
2026-06-18 22:25:29,784 - INFO - 
=== abrir_janela_selecao ===
2026-06-18 22:25:36,126 - INFO - 
=== rotina abrir_selecao_colar_os ===
2026-06-18 22:25:36,187 - INFO - Janela de seleção aberta
2026-06-18 22:25:40,401 - INFO - DEBUG: idx=7, inicio=175, fim=200
2026-06-18 22:25:40,401 - INFO - ✅ 25 OS copiadas para a área de transferência.
2026-06-18 22:25:40,401 - INFO - 📋 Lote 8 copiado.
2026-06-18 22:25:48,728 - INFO - ⌛ Esperando mudança visual...
2026-06-18 22:25:49,744 - INFO - ⌛ Esperando mudança visual...
2026-06-18 22:25:50,758 - INFO - ⌛ Esperando mudança visual...
2026-06-18 22:25:51,775 - INFO - ⌛ Esperando mudança visual...
2026-06-18 22:25:52,791 - INFO - ⌛ Esperando mudança visual...
2026-06-18 22:25:53,805 - INFO - ⌛ Esperando mudança visual...
2026-06-18 22:25:54,823 - INFO - ⌛ Esperando mudança visual...
2026-06-18 22:25:55,839 - INFO - ⌛ Esperando mudança visual...
2026-06-18 22:25:56,853 - INFO - ⌛ Esperando mudança visual...
2026-06-18 22:25:57,870 - INFO - ⌛ Esperando mudança visual...
2026-06-18 22:25:58,885 - INFO - ⌛ Esperando mudança visual...
2026-06-18 22:25:59,901 - INFO - ✅ Tela carregada!
2026-06-18 22:26:03,903 - INFO - 
=== rotina desbloquear_os ===
2026-06-18 22:26:30,354 - INFO - ⌛ Aguardando janela de confirmação de desbloqueio...
2026-06-18 22:26:45,775 - INFO - 🟨 Registros desbloqueados com sucesso
2026-06-18 22:26:49,878 - INFO - 
=== rotina editar_os ===
2026-06-18 22:26:59,294 - INFO - ⌛ Aguardando janela de edição de OS...
2026-06-18 22:27:14,757 - INFO - 🟨 OS programadas detectadas
2026-06-18 22:27:17,861 - INFO - ⌛ Aguardando janela de edição de OS...
2026-06-18 22:27:33,336 - INFO - 🟨 Janela de edição de OS detectada
2026-06-18 22:27:54,698 - INFO - 🟨 Janela de edição de habilidade da turma detectada
2026-06-18 22:29:12,991 - INFO - ⌛ Aguardando detecção do campo de caracteristica 'EQUIPE PRÓPRIA OU EPS' ...
2026-06-18 22:29:32,352 - INFO - 🟨 campo de caracteristica 'EQUIPE PRÓPRIA OU EPS detectado
2026-06-18 22:29:54,137 - INFO - ⌛ Aguardando confirmação 4 - editar OS...
2026-06-18 22:30:09,575 - INFO - ⌛ Aguardando confirmação 4 - editar OS...
2026-06-18 22:30:25,048 - INFO - ⌛ Aguardando confirmação 4 - editar OS...
2026-06-18 22:30:40,512 - INFO - 🟨 Janela de confirmação 4 de edição de OS detectada
2026-06-18 22:30:44,625 - INFO - 
=== rotina programar_os ===
2026-06-18 22:31:11,143 - INFO - ⌛ Aguardando janela de confirmação de programação de OS...
2026-06-18 22:31:36,600 - INFO - 🟨 Janela de confirmação de programação de OS detectada
2026-06-18 22:31:49,861 - INFO - 🟨 Janela de aviso de edição de OS programadas detectada
2026-06-18 22:31:57,093 - INFO - ⌛ aguardando janela de programação de lote de OS...
2026-06-18 22:32:22,605 - INFO - 🟨 Janela de aviso de substituição de lote de OS detectada
2026-06-18 22:32:42,709 - INFO - ⌛ aguardando janela de programação de lote de OS...
2026-06-18 22:33:08,193 - INFO - 🟨 Janela de programação de lote de OS detectada
2026-06-18 22:33:57,679 - INFO - 🟨 Janela de confirmação de programação de lote de OS detectada
2026-06-18 22:34:01,900 - INFO - ⌛ aguardando confirmação final de programação do lote
2026-06-18 22:34:27,403 - INFO - 🟨 programação do lote 8 efetuado com sucesso
2026-06-18 22:34:37,507 - INFO - 
=== Iniciando lote 9/16 [LV] ===
2026-06-18 22:34:37,507 - INFO - 
=== abrir_janela_selecao ===
2026-06-18 22:34:43,812 - INFO - 
=== rotina abrir_selecao_colar_os ===
2026-06-18 22:34:43,860 - INFO - Janela de seleção aberta
2026-06-18 22:34:48,085 - INFO - DEBUG: idx=8, inicio=200, fim=225
2026-06-18 22:34:48,085 - INFO - ✅ 25 OS copiadas para a área de transferência.
2026-06-18 22:34:48,085 - INFO - 📋 Lote 9 copiado.
2026-06-18 22:34:56,414 - INFO - ⌛ Esperando mudança visual...
2026-06-18 22:34:57,431 - INFO - ⌛ Esperando mudança visual...
2026-06-18 22:34:58,446 - INFO - ⌛ Esperando mudança visual...
2026-06-18 22:34:59,461 - INFO - ⌛ Esperando mudança visual...
2026-06-18 22:35:00,478 - INFO - ⌛ Esperando mudança visual...
2026-06-18 22:35:01,493 - INFO - ⌛ Esperando mudança visual...
2026-06-18 22:35:02,508 - INFO - ⌛ Esperando mudança visual...
2026-06-18 22:35:03,525 - INFO - ⌛ Esperando mudança visual...
2026-06-18 22:35:04,539 - INFO - ⌛ Esperando mudança visual...
2026-06-18 22:35:05,555 - INFO - ⌛ Esperando mudança visual...
2026-06-18 22:35:06,572 - INFO - ⌛ Esperando mudança visual...
2026-06-18 22:35:07,588 - INFO - ⌛ Esperando mudança visual...
2026-06-18 22:35:08,603 - INFO - ✅ Tela carregada!
2026-06-18 22:35:12,605 - INFO - 
=== rotina desbloquear_os ===
2026-06-18 22:35:39,077 - INFO - ⌛ Aguardando janela de confirmação de desbloqueio...
2026-06-18 22:35:54,495 - INFO - 🟨 Registros desbloqueados com sucesso
2026-06-18 22:35:58,598 - INFO - 
=== rotina editar_os ===
2026-06-18 22:36:08,003 - INFO - ⌛ Aguardando janela de edição de OS...
2026-06-18 22:36:23,429 - INFO - 🟨 OS programadas detectadas
2026-06-18 22:36:26,531 - INFO - ⌛ Aguardando janela de edição de OS...
2026-06-18 22:36:41,987 - INFO - 🟨 Janela de edição de OS detectada
2026-06-18 22:37:03,352 - INFO - 🟨 Janela de edição de habilidade da turma detectada
2026-06-18 22:38:21,645 - INFO - ⌛ Aguardando detecção do campo de caracteristica 'EQUIPE PRÓPRIA OU EPS' ...
2026-06-18 22:38:41,005 - INFO - 🟨 campo de caracteristica 'EQUIPE PRÓPRIA OU EPS detectado
2026-06-18 22:39:02,783 - INFO - ⌛ Aguardando confirmação 4 - editar OS...
2026-06-18 22:39:18,244 - INFO - ⌛ Aguardando confirmação 4 - editar OS...
2026-06-18 22:39:33,702 - INFO - ⌛ Aguardando confirmação 4 - editar OS...
2026-06-18 22:39:49,204 - INFO - 🟨 Janela de confirmação 4 de edição de OS detectada
2026-06-18 22:39:53,306 - INFO - 
=== rotina programar_os ===
2026-06-18 22:40:19,816 - INFO - ⌛ Aguardando janela de confirmação de programação de OS...
2026-06-18 22:40:45,258 - INFO - 🟨 Janela de confirmação de programação de OS detectada
2026-06-18 22:40:58,539 - INFO - 🟨 Janela de aviso de edição de OS programadas detectada
2026-06-18 22:41:05,743 - INFO - ⌛ aguardando janela de programação de lote de OS...
2026-06-18 22:41:31,361 - INFO - 🟨 Janela de aviso de substituição de lote de OS detectada
2026-06-18 22:41:51,464 - INFO - ⌛ aguardando janela de programação de lote de OS...
2026-06-18 22:42:16,991 - INFO - 🟨 Janela de programação de lote de OS detectada
2026-06-18 22:43:06,470 - INFO - 🟨 Janela de confirmação de programação de lote de OS detectada
2026-06-18 22:43:10,700 - INFO - ⌛ aguardando confirmação final de programação do lote
2026-06-18 22:43:36,195 - INFO - 🟨 programação do lote 9 efetuado com sucesso
2026-06-18 22:43:46,299 - INFO - 
=== Iniciando lote 10/16 [LV] ===
2026-06-18 22:43:46,299 - INFO - 
=== abrir_janela_selecao ===
2026-06-18 22:43:52,604 - INFO - 
=== rotina abrir_selecao_colar_os ===
2026-06-18 22:43:52,664 - INFO - Janela de seleção aberta
2026-06-18 22:43:56,885 - INFO - DEBUG: idx=9, inicio=225, fim=250
2026-06-18 22:43:56,885 - INFO - ✅ 25 OS copiadas para a área de transferência.
2026-06-18 22:43:56,885 - INFO - 📋 Lote 10 copiado.
2026-06-18 22:44:05,231 - INFO - ⌛ Esperando mudança visual...
2026-06-18 22:44:06,246 - INFO - ⌛ Esperando mudança visual...
2026-06-18 22:44:07,261 - INFO - ⌛ Esperando mudança visual...
2026-06-18 22:44:08,278 - INFO - ⌛ Esperando mudança visual...
2026-06-18 22:44:09,293 - INFO - ⌛ Esperando mudança visual...
2026-06-18 22:44:10,308 - INFO - ⌛ Esperando mudança visual...
2026-06-18 22:44:11,325 - INFO - ⌛ Esperando mudança visual...
2026-06-18 22:44:12,340 - INFO - ⌛ Esperando mudança visual...
2026-06-18 22:44:13,356 - INFO - ⌛ Esperando mudança visual...
2026-06-18 22:44:14,370 - INFO - ⌛ Esperando mudança visual...
2026-06-18 22:44:15,387 - INFO - ⌛ Esperando mudança visual...
2026-06-18 22:44:16,403 - INFO - ⌛ Esperando mudança visual...
2026-06-18 22:44:17,420 - INFO - ✅ Tela carregada!
2026-06-18 22:44:21,423 - INFO - 
=== rotina desbloquear_os ===
2026-06-18 22:44:47,888 - INFO - ⌛ Aguardando janela de confirmação de desbloqueio...
2026-06-18 22:45:03,365 - INFO - 🟨 Registros desbloqueados com sucesso
2026-06-18 22:45:07,468 - INFO - 
=== rotina editar_os ===
2026-06-18 22:45:16,888 - INFO - ⌛ Aguardando janela de edição de OS...
2026-06-18 22:45:32,342 - INFO - 🟨 OS programadas detectadas
2026-06-18 22:45:35,445 - INFO - ⌛ Aguardando janela de edição de OS...
2026-06-18 22:45:50,911 - INFO - 🟨 Janela de edição de OS detectada
2026-06-18 22:46:12,272 - INFO - 🟨 Janela de edição de habilidade da turma detectada
2026-06-18 22:47:30,558 - INFO - ⌛ Aguardando detecção do campo de caracteristica 'EQUIPE PRÓPRIA OU EPS' ...
2026-06-18 22:47:49,923 - INFO - 🟨 campo de caracteristica 'EQUIPE PRÓPRIA OU EPS detectado
2026-06-18 22:48:11,702 - INFO - ⌛ Aguardando confirmação 4 - editar OS...
2026-06-18 22:48:27,163 - INFO - ⌛ Aguardando confirmação 4 - editar OS...
2026-06-18 22:48:42,672 - INFO - 🟨 Janela de confirmação 4 de edição de OS detectada
2026-06-18 22:48:46,776 - INFO - 
=== rotina programar_os ===
2026-06-18 22:49:13,310 - INFO - ⌛ Aguardando janela de confirmação de programação de OS...
2026-06-18 22:49:38,797 - INFO - 🟨 Janela de confirmação de programação de OS detectada
2026-06-18 22:49:52,058 - INFO - 🟨 Janela de aviso de edição de OS programadas detectada
2026-06-18 22:49:59,289 - INFO - ⌛ aguardando janela de programação de lote de OS...
2026-06-18 22:50:24,883 - INFO - 🟨 Janela de aviso de substituição de lote de OS detectada
2026-06-18 22:50:44,986 - INFO - ⌛ aguardando janela de programação de lote de OS...
2026-06-18 22:51:10,507 - INFO - 🟨 Janela de programação de lote de OS detectada
2026-06-18 22:52:00,031 - INFO - 🟨 Janela de confirmação de programação de lote de OS detectada
2026-06-18 22:52:04,266 - INFO - ⌛ aguardando confirmação final de programação do lote
2026-06-18 22:52:29,755 - INFO - 🟨 programação do lote 10 efetuado com sucesso
2026-06-18 22:52:39,859 - INFO - 
=== Iniciando lote 11/16 [LV] ===
2026-06-18 22:52:39,859 - INFO - 
=== abrir_janela_selecao ===
2026-06-18 22:52:46,166 - INFO - 
=== rotina abrir_selecao_colar_os ===
2026-06-18 22:52:46,206 - INFO - Janela de seleção aberta
2026-06-18 22:52:50,434 - INFO - DEBUG: idx=10, inicio=250, fim=275
2026-06-18 22:52:50,434 - INFO - ✅ 25 OS copiadas para a área de transferência.
2026-06-18 22:52:50,434 - INFO - 📋 Lote 11 copiado.
2026-06-18 22:52:58,759 - INFO - ⌛ Esperando mudança visual...
2026-06-18 22:52:59,774 - INFO - ⌛ Esperando mudança visual...
2026-06-18 22:53:00,792 - INFO - ⌛ Esperando mudança visual...
2026-06-18 22:53:01,806 - INFO - ⌛ Esperando mudança visual...
2026-06-18 22:53:02,824 - INFO - ⌛ Esperando mudança visual...
2026-06-18 22:53:03,839 - INFO - ⌛ Esperando mudança visual...
2026-06-18 22:53:04,854 - INFO - ⌛ Esperando mudança visual...
2026-06-18 22:53:05,868 - INFO - ⌛ Esperando mudança visual...
2026-06-18 22:53:06,886 - INFO - ⌛ Esperando mudança visual...
2026-06-18 22:53:07,901 - INFO - ⌛ Esperando mudança visual...
2026-06-18 22:53:08,916 - INFO - ✅ Tela carregada!
2026-06-18 22:53:12,920 - INFO - 
=== rotina desbloquear_os ===
2026-06-18 22:53:39,389 - INFO - ⌛ Aguardando janela de confirmação de desbloqueio...
2026-06-18 22:53:54,813 - INFO - 🟨 Registros desbloqueados com sucesso
2026-06-18 22:53:58,916 - INFO - 
=== rotina editar_os ===
2026-06-18 22:54:08,317 - INFO - 🟨 OS programadas detectadas
2026-06-18 22:54:11,419 - INFO - ⌛ Aguardando janela de edição de OS...
2026-06-18 22:54:26,848 - INFO - 🟨 Janela de edição de OS detectada
2026-06-18 22:54:48,209 - INFO - 🟨 Janela de edição de habilidade da turma detectada
2026-06-18 22:56:06,476 - INFO - ⌛ Aguardando detecção do campo de caracteristica 'EQUIPE PRÓPRIA OU EPS' ...
2026-06-18 22:56:25,827 - INFO - 🟨 campo de caracteristica 'EQUIPE PRÓPRIA OU EPS detectado
2026-06-18 22:56:47,596 - INFO - ⌛ Aguardando confirmação 4 - editar OS...
2026-06-18 22:57:03,021 - INFO - ⌛ Aguardando confirmação 4 - editar OS...
2026-06-18 22:57:18,520 - INFO - ⌛ Aguardando confirmação 4 - editar OS...
2026-06-18 22:57:34,023 - INFO - 🟨 Janela de confirmação 4 de edição de OS detectada
2026-06-18 22:57:38,130 - INFO - 
=== rotina programar_os ===
2026-06-18 22:58:04,639 - INFO - ⌛ Aguardando janela de confirmação de programação de OS...
2026-06-18 22:58:30,066 - INFO - 🟨 Janela de confirmação de programação de OS detectada
2026-06-18 22:58:43,316 - INFO - 🟨 Janela de aviso de edição de OS programadas detectada
2026-06-18 22:58:50,519 - INFO - ⌛ aguardando janela de programação de lote de OS...
2026-06-18 22:59:16,039 - INFO - 🟨 Janela de aviso de substituição de lote de OS detectada
2026-06-18 22:59:36,141 - INFO - ⌛ aguardando janela de programação de lote de OS...
2026-06-18 23:00:01,643 - INFO - 🟨 Janela de programação de lote de OS detectada
2026-06-18 23:00:51,144 - INFO - 🟨 Janela de confirmação de programação de lote de OS detectada
2026-06-18 23:00:55,377 - INFO - ⌛ aguardando confirmação final de programação do lote
2026-06-18 23:01:20,901 - INFO - 🟨 programação do lote 11 efetuado com sucesso
2026-06-18 23:01:31,004 - INFO - 
=== Iniciando lote 12/16 [LV] ===
2026-06-18 23:01:31,004 - INFO - 
=== abrir_janela_selecao ===
2026-06-18 23:01:37,309 - INFO - 
=== rotina abrir_selecao_colar_os ===
2026-06-18 23:01:37,370 - INFO - Janela de seleção aberta
2026-06-18 23:01:41,621 - INFO - DEBUG: idx=11, inicio=275, fim=300
2026-06-18 23:01:41,621 - INFO - ✅ 25 OS copiadas para a área de transferência.
2026-06-18 23:01:41,621 - INFO - 📋 Lote 12 copiado.
2026-06-18 23:01:49,958 - INFO - ⌛ Esperando mudança visual...
2026-06-18 23:01:50,973 - INFO - ⌛ Esperando mudança visual...
2026-06-18 23:01:51,989 - INFO - ⌛ Esperando mudança visual...
2026-06-18 23:01:53,005 - INFO - ⌛ Esperando mudança visual...
2026-06-18 23:01:54,022 - INFO - ⌛ Esperando mudança visual...
2026-06-18 23:01:55,036 - INFO - ⌛ Esperando mudança visual...
2026-06-18 23:01:56,052 - INFO - ⌛ Esperando mudança visual...
2026-06-18 23:01:57,066 - INFO - ⌛ Esperando mudança visual...
2026-06-18 23:01:58,083 - INFO - ⌛ Esperando mudança visual...
2026-06-18 23:01:59,099 - INFO - ⌛ Esperando mudança visual...
2026-06-18 23:02:00,113 - INFO - ⌛ Esperando mudança visual...
2026-06-18 23:02:01,130 - INFO - ✅ Tela carregada!
2026-06-18 23:02:05,132 - INFO - 
=== rotina desbloquear_os ===
2026-06-18 23:02:31,587 - INFO - ⌛ Aguardando janela de confirmação de desbloqueio...
2026-06-18 23:02:47,044 - INFO - 🟨 Registros desbloqueados com sucesso
2026-06-18 23:02:51,147 - INFO - 
=== rotina editar_os ===
2026-06-18 23:03:00,556 - INFO - ⌛ Aguardando janela de edição de OS...
2026-06-18 23:03:16,081 - INFO - 🟨 OS programadas detectadas
2026-06-18 23:03:19,188 - INFO - ⌛ Aguardando janela de edição de OS...
2026-06-18 23:03:34,653 - INFO - 🟨 Janela de edição de OS detectada
2026-06-18 23:03:56,008 - INFO - 🟨 Janela de edição de habilidade da turma detectada
2026-06-18 23:05:14,298 - INFO - ⌛ Aguardando detecção do campo de caracteristica 'EQUIPE PRÓPRIA OU EPS' ...
2026-06-18 23:05:33,648 - INFO - 🟨 campo de caracteristica 'EQUIPE PRÓPRIA OU EPS detectado
2026-06-18 23:05:55,440 - INFO - ⌛ Aguardando confirmação 4 - editar OS...
2026-06-18 23:06:10,939 - INFO - ⌛ Aguardando confirmação 4 - editar OS...
2026-06-18 23:06:26,455 - INFO - ⌛ Aguardando confirmação 4 - editar OS...
2026-06-18 23:06:41,967 - INFO - 🟨 Janela de confirmação 4 de edição de OS detectada
2026-06-18 23:06:46,069 - INFO - 
=== rotina programar_os ===
2026-06-18 23:07:12,612 - INFO - ⌛ Aguardando janela de confirmação de programação de OS...
2026-06-18 23:07:38,081 - INFO - 🟨 Janela de confirmação de programação de OS detectada
2026-06-18 23:07:51,345 - INFO - 🟨 Janela de aviso de edição de OS programadas detectada
2026-06-18 23:07:58,549 - INFO - ⌛ aguardando janela de programação de lote de OS...
2026-06-18 23:08:24,111 - INFO - 🟨 Janela de aviso de substituição de lote de OS detectada
2026-06-18 23:08:44,214 - INFO - ⌛ aguardando janela de programação de lote de OS...
2026-06-18 23:09:09,676 - INFO - 🟨 Janela de programação de lote de OS detectada
2026-06-18 23:09:59,191 - INFO - 🟨 Janela de confirmação de programação de lote de OS detectada
2026-06-18 23:10:03,426 - INFO - ⌛ aguardando confirmação final de programação do lote
2026-06-18 23:10:28,924 - INFO - 🟨 programação do lote 12 efetuado com sucesso
2026-06-18 23:10:39,031 - INFO - 
=== Iniciando lote 13/16 [LV] ===
2026-06-18 23:10:39,031 - INFO - 
=== abrir_janela_selecao ===
2026-06-18 23:10:45,337 - INFO - 
=== rotina abrir_selecao_colar_os ===
2026-06-18 23:10:45,393 - INFO - Janela de seleção aberta
2026-06-18 23:10:49,604 - INFO - DEBUG: idx=12, inicio=300, fim=325
2026-06-18 23:10:49,604 - INFO - ✅ 25 OS copiadas para a área de transferência.
2026-06-18 23:10:49,610 - INFO - 📋 Lote 13 copiado.
2026-06-18 23:10:57,938 - INFO - ⌛ Esperando mudança visual...
2026-06-18 23:10:58,954 - INFO - ⌛ Esperando mudança visual...
2026-06-18 23:10:59,968 - INFO - ⌛ Esperando mudança visual...
2026-06-18 23:11:00,985 - INFO - ⌛ Esperando mudança visual...
2026-06-18 23:11:02,001 - INFO - ⌛ Esperando mudança visual...
2026-06-18 23:11:03,015 - INFO - ⌛ Esperando mudança visual...
2026-06-18 23:11:04,032 - INFO - ⌛ Esperando mudança visual...
2026-06-18 23:11:05,048 - INFO - ⌛ Esperando mudança visual...
2026-06-18 23:11:06,062 - INFO - ⌛ Esperando mudança visual...
2026-06-18 23:11:07,079 - INFO - ⌛ Esperando mudança visual...
2026-06-18 23:11:08,095 - INFO - ⌛ Esperando mudança visual...
2026-06-18 23:11:09,111 - INFO - ✅ Tela carregada!
2026-06-18 23:11:13,112 - INFO - 
=== rotina desbloquear_os ===
2026-06-18 23:11:39,589 - INFO - ⌛ Aguardando janela de confirmação de desbloqueio...
2026-06-18 23:11:54,985 - INFO - 🟨 Registros desbloqueados com sucesso
2026-06-18 23:11:59,087 - INFO - 
=== rotina editar_os ===
2026-06-18 23:12:08,526 - INFO - ⌛ Aguardando janela de edição de OS...
2026-06-18 23:12:24,069 - INFO - 🟨 OS programadas detectadas
2026-06-18 23:12:27,177 - INFO - ⌛ Aguardando janela de edição de OS...
2026-06-18 23:12:42,610 - INFO - 🟨 Janela de edição de OS detectada
2026-06-18 23:13:03,964 - INFO - 🟨 Janela de edição de habilidade da turma detectada
2026-06-18 23:14:22,263 - INFO - ⌛ Aguardando detecção do campo de caracteristica 'EQUIPE PRÓPRIA OU EPS' ...
2026-06-18 23:14:41,607 - INFO - 🟨 campo de caracteristica 'EQUIPE PRÓPRIA OU EPS detectado
2026-06-18 23:15:03,380 - INFO - ⌛ Aguardando confirmação 4 - editar OS...
2026-06-18 23:15:18,829 - INFO - ⌛ Aguardando confirmação 4 - editar OS...
2026-06-18 23:15:34,354 - INFO - ⌛ Aguardando confirmação 4 - editar OS...
2026-06-18 23:15:49,818 - INFO - 🟨 Janela de confirmação 4 de edição de OS detectada
2026-06-18 23:15:53,931 - INFO - 
=== rotina programar_os ===
2026-06-18 23:16:20,447 - INFO - ⌛ Aguardando janela de confirmação de programação de OS...
2026-06-18 23:16:45,895 - INFO - 🟨 Janela de confirmação de programação de OS detectada
2026-06-18 23:16:59,158 - INFO - 🟨 Janela de aviso de edição de OS programadas detectada
2026-06-18 23:17:06,362 - INFO - ⌛ aguardando janela de programação de lote de OS...
2026-06-18 23:17:31,889 - INFO - 🟨 Janela de aviso de substituição de lote de OS detectada
2026-06-18 23:17:51,991 - INFO - ⌛ aguardando janela de programação de lote de OS...
2026-06-18 23:18:17,511 - INFO - 🟨 Janela de programação de lote de OS detectada
2026-06-18 23:19:06,975 - INFO - 🟨 Janela de confirmação de programação de lote de OS detectada
2026-06-18 23:19:11,218 - INFO - ⌛ aguardando confirmação final de programação do lote
2026-06-18 23:19:36,690 - INFO - 🟨 programação do lote 13 efetuado com sucesso
2026-06-18 23:19:46,793 - INFO - 
=== Iniciando lote 14/16 [LV] ===
2026-06-18 23:19:46,793 - INFO - 
=== abrir_janela_selecao ===
2026-06-18 23:19:53,100 - INFO - 
=== rotina abrir_selecao_colar_os ===
2026-06-18 23:19:53,154 - INFO - Janela de seleção aberta
2026-06-18 23:19:57,375 - INFO - DEBUG: idx=13, inicio=325, fim=350
2026-06-18 23:19:57,375 - INFO - ✅ 25 OS copiadas para a área de transferência.
2026-06-18 23:19:57,375 - INFO - 📋 Lote 14 copiado.
2026-06-18 23:20:05,703 - INFO - ⌛ Esperando mudança visual...
2026-06-18 23:20:06,717 - INFO - ⌛ Esperando mudança visual...
2026-06-18 23:20:07,733 - INFO - ⌛ Esperando mudança visual...
2026-06-18 23:20:08,749 - INFO - ⌛ Esperando mudança visual...
2026-06-18 23:20:09,762 - INFO - ⌛ Esperando mudança visual...
2026-06-18 23:20:10,780 - INFO - ⌛ Esperando mudança visual...
2026-06-18 23:20:11,796 - INFO - ⌛ Esperando mudança visual...
2026-06-18 23:20:12,812 - INFO - ⌛ Esperando mudança visual...
2026-06-18 23:20:13,826 - INFO - ⌛ Esperando mudança visual...
2026-06-18 23:20:14,843 - INFO - ⌛ Esperando mudança visual...
2026-06-18 23:20:15,859 - INFO - ✅ Tela carregada!
2026-06-18 23:20:19,860 - INFO - 
=== rotina desbloquear_os ===
2026-06-18 23:20:46,320 - INFO - ⌛ Aguardando janela de confirmação de desbloqueio...
2026-06-18 23:21:01,707 - INFO - 🟨 Registros desbloqueados com sucesso
2026-06-18 23:21:05,814 - INFO - 
=== rotina editar_os ===
2026-06-18 23:21:15,252 - INFO - ⌛ Aguardando janela de edição de OS...
2026-06-18 23:21:30,712 - INFO - 🟨 OS programadas detectadas
2026-06-18 23:21:33,815 - INFO - ⌛ Aguardando janela de edição de OS...
2026-06-18 23:21:49,266 - INFO - 🟨 Janela de edição de OS detectada
2026-06-18 23:22:10,628 - INFO - 🟨 Janela de edição de habilidade da turma detectada
2026-06-18 23:23:28,917 - INFO - ⌛ Aguardando detecção do campo de caracteristica 'EQUIPE PRÓPRIA OU EPS' ...
2026-06-18 23:23:48,265 - INFO - 🟨 campo de caracteristica 'EQUIPE PRÓPRIA OU EPS detectado
2026-06-18 23:24:10,027 - INFO - ⌛ Aguardando confirmação 4 - editar OS...
2026-06-18 23:24:25,462 - INFO - ⌛ Aguardando confirmação 4 - editar OS...
2026-06-18 23:24:40,945 - INFO - 🟨 Janela de confirmação 4 de edição de OS detectada
2026-06-18 23:24:45,049 - INFO - 
=== rotina programar_os ===
2026-06-18 23:25:11,566 - INFO - ⌛ Aguardando janela de confirmação de programação de OS...
2026-06-18 23:25:37,007 - INFO - 🟨 Janela de confirmação de programação de OS detectada
2026-06-18 23:25:50,252 - INFO - 🟨 Janela de aviso de edição de OS programadas detectada
2026-06-18 23:25:57,457 - INFO - ⌛ aguardando janela de programação de lote de OS...
2026-06-18 23:26:22,956 - INFO - 🟨 Janela de aviso de substituição de lote de OS detectada
2026-06-18 23:26:43,059 - INFO - ⌛ aguardando janela de programação de lote de OS...
2026-06-18 23:27:08,566 - INFO - 🟨 Janela de programação de lote de OS detectada
2026-06-18 23:27:58,060 - INFO - 🟨 Janela de confirmação de programação de lote de OS detectada
2026-06-18 23:28:02,265 - INFO - ⌛ aguardando confirmação final de programação do lote
2026-06-18 23:28:27,749 - INFO - 🟨 programação do lote 14 efetuado com sucesso
2026-06-18 23:28:37,853 - INFO - 
=== Iniciando lote 15/16 [LV] ===
2026-06-18 23:28:37,853 - INFO - 
=== abrir_janela_selecao ===
2026-06-18 23:28:44,158 - INFO - 
=== rotina abrir_selecao_colar_os ===
2026-06-18 23:28:44,215 - INFO - Janela de seleção aberta
2026-06-18 23:28:48,435 - INFO - DEBUG: idx=14, inicio=350, fim=375
2026-06-18 23:28:48,435 - INFO - ✅ 25 OS copiadas para a área de transferência.
2026-06-18 23:28:48,435 - INFO - 📋 Lote 15 copiado.
2026-06-18 23:28:56,759 - INFO - ⌛ Esperando mudança visual...
2026-06-18 23:28:57,778 - INFO - ⌛ Esperando mudança visual...
2026-06-18 23:28:58,795 - INFO - ⌛ Esperando mudança visual...
2026-06-18 23:28:59,810 - INFO - ⌛ Esperando mudança visual...
2026-06-18 23:29:00,824 - INFO - ⌛ Esperando mudança visual...
2026-06-18 23:29:01,841 - INFO - ⌛ Esperando mudança visual...
2026-06-18 23:29:02,856 - INFO - ⌛ Esperando mudança visual...
2026-06-18 23:29:03,871 - INFO - ⌛ Esperando mudança visual...
2026-06-18 23:29:04,888 - INFO - ⌛ Esperando mudança visual...
2026-06-18 23:29:05,904 - INFO - ✅ Tela carregada!
2026-06-18 23:29:09,905 - INFO - 
=== rotina desbloquear_os ===
2026-06-18 23:29:36,372 - INFO - ⌛ Aguardando janela de confirmação de desbloqueio...
2026-06-18 23:29:51,795 - INFO - 🟨 Registros desbloqueados com sucesso
2026-06-18 23:29:55,898 - INFO - 
=== rotina editar_os ===
2026-06-18 23:30:05,310 - INFO - 🟨 OS programadas detectadas
2026-06-18 23:30:08,423 - INFO - ⌛ Aguardando janela de edição de OS...
2026-06-18 23:30:23,869 - INFO - 🟨 Janela de edição de OS detectada
2026-06-18 23:30:45,221 - INFO - 🟨 Janela de edição de habilidade da turma detectada
2026-06-18 23:32:03,545 - INFO - ⌛ Aguardando detecção do campo de caracteristica 'EQUIPE PRÓPRIA OU EPS' ...
2026-06-18 23:32:22,900 - INFO - 🟨 campo de caracteristica 'EQUIPE PRÓPRIA OU EPS detectado
2026-06-18 23:32:44,711 - INFO - ⌛ Aguardando confirmação 4 - editar OS...
2026-06-18 23:33:00,172 - INFO - ⌛ Aguardando confirmação 4 - editar OS...
2026-06-18 23:33:15,689 - INFO - 🟨 Janela de confirmação 4 de edição de OS detectada
2026-06-18 23:33:19,792 - INFO - 
=== rotina programar_os ===
2026-06-18 23:33:46,310 - INFO - ⌛ Aguardando janela de confirmação de programação de OS...
2026-06-18 23:34:11,749 - INFO - 🟨 Janela de confirmação de programação de OS detectada
2026-06-18 23:34:25,021 - INFO - 🟨 Janela de aviso de edição de OS programadas detectada
2026-06-18 23:34:32,237 - INFO - ⌛ aguardando janela de programação de lote de OS...
2026-06-18 23:34:57,813 - INFO - 🟨 Janela de aviso de substituição de lote de OS detectada
2026-06-18 23:35:17,916 - INFO - ⌛ aguardando janela de programação de lote de OS...
2026-06-18 23:35:43,408 - INFO - 🟨 Janela de programação de lote de OS detectada
2026-06-18 23:36:32,910 - INFO - 🟨 Janela de confirmação de programação de lote de OS detectada
2026-06-18 23:36:37,160 - INFO - ⌛ aguardando confirmação final de programação do lote
2026-06-18 23:37:02,699 - INFO - 🟨 programação do lote 15 efetuado com sucesso
2026-06-18 23:37:12,802 - INFO - 
=== Iniciando lote 16/16 [LV] ===
2026-06-18 23:37:12,802 - INFO - 
=== abrir_janela_selecao ===
2026-06-18 23:37:19,108 - INFO - 
=== rotina abrir_selecao_colar_os ===
2026-06-18 23:37:19,162 - INFO - Janela de seleção aberta
2026-06-18 23:37:23,378 - INFO - DEBUG: idx=15, inicio=375, fim=400
2026-06-18 23:37:23,378 - INFO - ✅ 21 OS copiadas para a área de transferência.
2026-06-18 23:37:23,378 - INFO - 📋 Lote 16 copiado.
2026-06-18 23:37:31,706 - INFO - ⌛ Esperando mudança visual...
2026-06-18 23:37:32,720 - INFO - ⌛ Esperando mudança visual...
2026-06-18 23:37:33,737 - INFO - ⌛ Esperando mudança visual...
2026-06-18 23:37:34,753 - INFO - ⌛ Esperando mudança visual...
2026-06-18 23:37:35,767 - INFO - ⌛ Esperando mudança visual...
2026-06-18 23:37:36,784 - INFO - ⌛ Esperando mudança visual...
2026-06-18 23:37:37,800 - INFO - ⌛ Esperando mudança visual...
2026-06-18 23:37:38,814 - INFO - ⌛ Esperando mudança visual...
2026-06-18 23:37:39,831 - INFO - ⌛ Esperando mudança visual...
2026-06-18 23:37:40,847 - INFO - ⌛ Esperando mudança visual...
2026-06-18 23:37:41,861 - INFO - ✅ Tela carregada!
2026-06-18 23:37:45,865 - INFO - 
=== rotina desbloquear_os ===
2026-06-18 23:38:12,315 - INFO - ⌛ Aguardando janela de confirmação de desbloqueio...
2026-06-18 23:38:27,735 - INFO - 🟨 Registros desbloqueados com sucesso
2026-06-18 23:38:31,838 - INFO - 
=== rotina editar_os ===
2026-06-18 23:38:41,268 - INFO - ⌛ Aguardando janela de edição de OS...
2026-06-18 23:38:56,719 - INFO - 🟨 OS programadas detectadas
2026-06-18 23:38:59,824 - INFO - ⌛ Aguardando janela de edição de OS...
2026-06-18 23:39:15,269 - INFO - 🟨 Janela de edição de OS detectada
2026-06-18 23:39:36,643 - INFO - 🟨 Janela de edição de habilidade da turma detectada
2026-06-18 23:40:54,937 - INFO - ⌛ Aguardando detecção do campo de caracteristica 'EQUIPE PRÓPRIA OU EPS' ...
2026-06-18 23:41:14,298 - INFO - 🟨 campo de caracteristica 'EQUIPE PRÓPRIA OU EPS detectado
2026-06-18 23:41:36,120 - INFO - ⌛ Aguardando confirmação 4 - editar OS...
2026-06-18 23:41:51,712 - INFO - ⌛ Aguardando confirmação 4 - editar OS...
2026-06-18 23:42:07,167 - INFO - 🟨 Janela de confirmação 4 de edição de OS detectada
2026-06-18 23:42:11,275 - INFO - 
=== rotina programar_os ===
2026-06-18 23:42:37,770 - INFO - ⌛ Aguardando janela de confirmação de programação de OS...
2026-06-18 23:43:03,196 - INFO - 🟨 Janela de confirmação de programação de OS detectada
2026-06-18 23:43:16,457 - INFO - 🟨 Janela de aviso de edição de OS programadas detectada
2026-06-18 23:43:23,663 - INFO - ⌛ aguardando janela de programação de lote de OS...
2026-06-18 23:43:49,160 - INFO - 🟨 Janela de aviso de substituição de lote de OS detectada
2026-06-18 23:44:09,262 - INFO - ⌛ aguardando janela de programação de lote de OS...
2026-06-18 23:44:34,764 - INFO - 🟨 Janela de programação de lote de OS detectada
2026-06-18 23:45:24,249 - INFO - 🟨 Janela de confirmação de programação de lote de OS detectada
2026-06-18 23:45:28,445 - INFO - ⌛ aguardando confirmação final de programação do lote
2026-06-18 23:45:53,909 - INFO - 🟨 programação do lote 16 efetuado com sucesso
2026-06-18 23:46:04,014 - INFO - 
=== Iniciando lote 1/472 [REDES] ===
2026-06-18 23:46:04,014 - INFO - 
=== abrir_janela_selecao ===
2026-06-18 23:46:10,320 - INFO - 
=== rotina abrir_selecao_colar_os ===
2026-06-18 23:46:10,362 - INFO - Janela de seleção aberta
2026-06-18 23:46:14,589 - INFO - DEBUG: idx=0, inicio=0, fim=25
2026-06-18 23:46:14,589 - INFO - ✅ 25 OS copiadas para a área de transferência.
2026-06-18 23:46:14,589 - INFO - 📋 Lote 1 copiado.
2026-06-18 23:46:22,916 - INFO - ⌛ Esperando mudança visual...
2026-06-18 23:46:23,933 - INFO - ⌛ Esperando mudança visual...
2026-06-18 23:46:24,949 - INFO - ⌛ Esperando mudança visual...
2026-06-18 23:46:25,964 - INFO - ⌛ Esperando mudança visual...
2026-06-18 23:46:26,980 - INFO - ⌛ Esperando mudança visual...
2026-06-18 23:46:27,996 - INFO - ⌛ Esperando mudança visual...
2026-06-18 23:46:29,010 - INFO - ⌛ Esperando mudança visual...
2026-06-18 23:46:30,027 - INFO - ⌛ Esperando mudança visual...
2026-06-18 23:46:31,043 - INFO - ⌛ Esperando mudança visual...
2026-06-18 23:46:32,057 - INFO - ⌛ Esperando mudança visual...
2026-06-18 23:46:33,072 - INFO - ✅ Tela carregada!
2026-06-18 23:46:37,077 - INFO - 
=== rotina desbloquear_os ===
2026-06-18 23:47:03,544 - INFO - ⌛ Aguardando janela de confirmação de desbloqueio...
2026-06-18 23:47:18,997 - INFO - 🟨 Registros desbloqueados com sucesso
2026-06-18 23:47:23,100 - INFO - 
=== rotina editar_os ===
2026-06-18 23:47:32,543 - INFO - ⌛ Aguardando janela de edição de OS...
2026-06-18 23:47:48,081 - INFO - 🟨 OS programadas detectadas
2026-06-18 23:47:51,183 - INFO - ⌛ Aguardando janela de edição de OS...
2026-06-18 23:48:06,614 - INFO - 🟨 Janela de edição de OS detectada
2026-06-18 23:48:27,985 - INFO - 🟨 Janela de edição de habilidade da turma detectada
2026-06-18 23:49:46,266 - INFO - ⌛ Aguardando detecção do campo de caracteristica 'EQUIPE PRÓPRIA OU EPS' ...
2026-06-18 23:50:05,639 - INFO - 🟨 campo de caracteristica 'EQUIPE PRÓPRIA OU EPS detectado
2026-06-18 23:50:27,402 - INFO - ⌛ Aguardando confirmação 4 - editar OS...
2026-06-18 23:50:42,870 - INFO - ⌛ Aguardando confirmação 4 - editar OS...
2026-06-18 23:50:58,384 - INFO - ⌛ Aguardando confirmação 4 - editar OS...
2026-06-18 23:51:13,851 - INFO - 🟨 Janela de confirmação 4 de edição de OS detectada
2026-06-18 23:51:17,953 - INFO - 
=== rotina programar_os ===
2026-06-18 23:51:44,467 - INFO - ⌛ Aguardando janela de confirmação de programação de OS...
2026-06-18 23:52:09,928 - INFO - 🟨 Janela de confirmação de programação de OS detectada
2026-06-18 23:52:23,187 - INFO - 🟨 Janela de aviso de edição de OS programadas detectada
2026-06-18 23:52:30,394 - INFO - ⌛ aguardando janela de programação de lote de OS...
2026-06-18 23:52:55,889 - INFO - 🟨 Janela de aviso de substituição de lote de OS detectada
2026-06-18 23:53:15,991 - INFO - ⌛ aguardando janela de programação de lote de OS...
2026-06-18 23:53:41,469 - INFO - 🟨 Janela de programação de lote de OS detectada
2026-06-18 23:54:30,962 - INFO - 🟨 Janela de confirmação de programação de lote de OS detectada
2026-06-18 23:54:35,187 - INFO - ⌛ aguardando confirmação final de programação do lote
2026-06-18 23:55:00,650 - INFO - 🟨 programação do lote 1 efetuado com sucesso
2026-06-18 23:55:10,753 - INFO - 
=== Iniciando lote 2/472 [REDES] ===
2026-06-18 23:55:10,753 - INFO - 
=== abrir_janela_selecao ===
2026-06-18 23:55:17,058 - INFO - 
=== rotina abrir_selecao_colar_os ===
2026-06-18 23:55:17,109 - INFO - Janela de seleção aberta
2026-06-18 23:55:21,337 - INFO - DEBUG: idx=1, inicio=25, fim=50
2026-06-18 23:55:21,337 - INFO - ✅ 25 OS copiadas para a área de transferência.
2026-06-18 23:55:21,337 - INFO - 📋 Lote 2 copiado.
2026-06-18 23:55:29,663 - INFO - ⌛ Esperando mudança visual...
2026-06-18 23:55:30,680 - INFO - ⌛ Esperando mudança visual...
2026-06-18 23:55:31,695 - INFO - ⌛ Esperando mudança visual...
2026-06-18 23:55:32,708 - INFO - ⌛ Esperando mudança visual...
2026-06-18 23:55:33,727 - INFO - ⌛ Esperando mudança visual...
2026-06-18 23:55:34,743 - INFO - ⌛ Esperando mudança visual...
2026-06-18 23:55:35,759 - INFO - ⌛ Esperando mudança visual...
2026-06-18 23:55:36,774 - INFO - ⌛ Esperando mudança visual...
2026-06-18 23:55:37,789 - INFO - ⌛ Esperando mudança visual...
2026-06-18 23:55:38,805 - INFO - ⌛ Esperando mudança visual...
2026-06-18 23:55:39,819 - INFO - ✅ Tela carregada!
2026-06-18 23:55:43,824 - INFO - 
=== rotina desbloquear_os ===
2026-06-18 23:56:10,294 - INFO - ⌛ Aguardando janela de confirmação de desbloqueio...
2026-06-18 23:56:25,725 - INFO - 🟨 Registros desbloqueados com sucesso
2026-06-18 23:56:29,828 - INFO - 
=== rotina editar_os ===
2026-06-18 23:56:39,266 - INFO - ⌛ Aguardando janela de edição de OS...
2026-06-18 23:56:54,717 - INFO - 🟨 OS programadas detectadas
2026-06-18 23:56:57,829 - INFO - ⌛ Aguardando janela de edição de OS...
2026-06-18 23:57:13,288 - INFO - 🟨 Janela de edição de OS detectada
2026-06-18 23:57:34,646 - INFO - 🟨 Janela de edição de habilidade da turma detectada
2026-06-18 23:58:52,922 - INFO - ⌛ Aguardando detecção do campo de caracteristica 'EQUIPE PRÓPRIA OU EPS' ...
2026-06-18 23:59:12,261 - INFO - 🟨 campo de caracteristica 'EQUIPE PRÓPRIA OU EPS detectado
2026-06-18 23:59:34,045 - INFO - ⌛ Aguardando confirmação 4 - editar OS...
2026-06-18 23:59:49,506 - INFO - ⌛ Aguardando confirmação 4 - editar OS...
2026-06-19 00:00:05,055 - INFO - 🟨 Janela de confirmação 4 de edição de OS detectada
2026-06-19 00:00:09,157 - INFO - 
=== rotina programar_os ===
2026-06-19 00:00:35,681 - INFO - ⌛ Aguardando janela de confirmação de programação de OS...
2026-06-19 00:01:01,136 - INFO - 🟨 Janela de confirmação de programação de OS detectada
2026-06-19 00:01:14,445 - INFO - 🟨 Janela de aviso de edição de OS programadas detectada
2026-06-19 00:01:21,650 - INFO - ⌛ aguardando janela de programação de lote de OS...
2026-06-19 00:01:47,180 - INFO - 🟨 Janela de aviso de substituição de lote de OS detectada
2026-06-19 00:02:07,289 - INFO - ⌛ aguardando janela de programação de lote de OS...
2026-06-19 00:02:32,853 - INFO - 🟨 Janela de programação de lote de OS detectada
2026-06-19 00:03:22,365 - INFO - 🟨 Janela de confirmação de programação de lote de OS detectada
2026-06-19 00:03:26,601 - INFO - ⌛ aguardando confirmação final de programação do lote
2026-06-19 00:03:52,143 - INFO - 🟨 programação do lote 2 efetuado com sucesso
2026-06-19 00:04:02,247 - INFO - 
=== Iniciando lote 3/472 [REDES] ===
2026-06-19 00:04:02,247 - INFO - 
=== abrir_janela_selecao ===
2026-06-19 00:04:08,551 - INFO - 
=== rotina abrir_selecao_colar_os ===
2026-06-19 00:04:08,589 - INFO - Janela de seleção aberta
2026-06-19 00:04:12,815 - INFO - DEBUG: idx=2, inicio=50, fim=75
2026-06-19 00:04:12,815 - INFO - ✅ 25 OS copiadas para a área de transferência.
2026-06-19 00:04:12,815 - INFO - 📋 Lote 3 copiado.
2026-06-19 00:04:21,142 - INFO - ⌛ Esperando mudança visual...
2026-06-19 00:04:22,157 - INFO - ⌛ Esperando mudança visual...
2026-06-19 00:04:23,174 - INFO - ⌛ Esperando mudança visual...
2026-06-19 00:04:24,189 - INFO - ⌛ Esperando mudança visual...
2026-06-19 00:04:25,205 - INFO - ⌛ Esperando mudança visual...
2026-06-19 00:04:26,220 - INFO - ⌛ Esperando mudança visual...
2026-06-19 00:04:27,237 - INFO - ⌛ Esperando mudança visual...
2026-06-19 00:04:28,252 - INFO - ⌛ Esperando mudança visual...
2026-06-19 00:04:29,266 - INFO - ⌛ Esperando mudança visual...
2026-06-19 00:04:30,284 - INFO - ⌛ Esperando mudança visual...
2026-06-19 00:04:31,299 - INFO - ✅ Tela carregada!
2026-06-19 00:04:35,300 - INFO - 
=== rotina desbloquear_os ===
2026-06-19 00:05:01,779 - INFO - ⌛ Aguardando janela de confirmação de desbloqueio...
2026-06-19 00:05:17,224 - INFO - 🟨 Registros desbloqueados com sucesso
2026-06-19 00:05:21,331 - INFO - 
=== rotina editar_os ===
2026-06-19 00:05:30,736 - INFO - ⌛ Aguardando janela de edição de OS...
2026-06-19 00:05:46,206 - INFO - 🟨 OS programadas detectadas
2026-06-19 00:05:49,309 - INFO - ⌛ Aguardando janela de edição de OS...
2026-06-19 00:06:04,800 - INFO - 🟨 Janela de edição de OS detectada
2026-06-19 00:06:26,165 - INFO - 🟨 Janela de edição de habilidade da turma detectada
2026-06-19 00:07:44,458 - INFO - ⌛ Aguardando detecção do campo de caracteristica 'EQUIPE PRÓPRIA OU EPS' ...
2026-06-19 00:08:03,811 - INFO - 🟨 campo de caracteristica 'EQUIPE PRÓPRIA OU EPS detectado
2026-06-19 00:08:25,568 - INFO - ⌛ Aguardando confirmação 4 - editar OS...
2026-06-19 00:08:41,057 - INFO - ⌛ Aguardando confirmação 4 - editar OS...
2026-06-19 00:08:56,517 - INFO - ⌛ Aguardando confirmação 4 - editar OS...
2026-06-19 00:09:12,006 - INFO - 🟨 Janela de confirmação 4 de edição de OS detectada
2026-06-19 00:09:16,118 - INFO - 
=== rotina programar_os ===
2026-06-19 00:09:42,609 - INFO - ⌛ Aguardando janela de confirmação de programação de OS...
2026-06-19 00:10:08,064 - INFO - 🟨 Janela de confirmação de programação de OS detectada
2026-06-19 00:10:21,341 - INFO - 🟨 Janela de aviso de edição de OS programadas detectada
2026-06-19 00:10:28,545 - INFO - ⌛ aguardando janela de programação de lote de OS...
2026-06-19 00:10:54,006 - INFO - 🟨 Janela de aviso de substituição de lote de OS detectada
2026-06-19 00:11:14,118 - INFO - ⌛ aguardando janela de programação de lote de OS...
2026-06-19 00:11:14,369 - INFO - 🟨 Identificado falha no EQM
2026-06-19 00:11:14,369 - INFO - Capturando print...
2026-06-19 00:11:59,949 - INFO - ⌛ Aguardando janela de confirmação de programação de OS...
2026-06-19 00:12:25,416 - INFO - 🟨 Janela de confirmação de programação de OS detectada
2026-06-19 00:12:38,685 - INFO - 🟨 Janela de aviso de edição de OS programadas detectada
2026-06-19 00:12:45,889 - INFO - ⌛ aguardando janela de programação de lote de OS...
2026-06-19 00:13:11,421 - INFO - 🟨 Janela de aviso de substituição de lote de OS detectada
2026-06-19 00:13:31,538 - INFO - ⌛ aguardando janela de programação de lote de OS...
2026-06-19 00:13:57,009 - INFO - 🟨 Janela de programação de lote de OS detectada
2026-06-19 00:14:46,518 - INFO - 🟨 Janela de confirmação de programação de lote de OS detectada
2026-06-19 00:14:50,751 - INFO - ⌛ aguardando confirmação final de programação do lote
2026-06-19 00:15:16,196 - INFO - 🟨 programação do lote 3 efetuado com sucesso
2026-06-19 00:15:26,300 - INFO - 
=== Iniciando lote 4/472 [REDES] ===
2026-06-19 00:15:26,300 - INFO - 
=== abrir_janela_selecao ===
2026-06-19 00:15:32,606 - INFO - 
=== rotina abrir_selecao_colar_os ===
2026-06-19 00:15:32,659 - INFO - Janela de seleção aberta
2026-06-19 00:15:36,870 - INFO - DEBUG: idx=3, inicio=75, fim=100
2026-06-19 00:15:36,870 - INFO - ✅ 25 OS copiadas para a área de transferência.
2026-06-19 00:15:36,870 - INFO - 📋 Lote 4 copiado.
2026-06-19 00:15:45,205 - INFO - ⌛ Esperando mudança visual...
2026-06-19 00:15:46,219 - INFO - ⌛ Esperando mudança visual...
2026-06-19 00:15:47,236 - INFO - ⌛ Esperando mudança visual...
2026-06-19 00:15:48,252 - INFO - ⌛ Esperando mudança visual...
2026-06-19 00:15:49,266 - INFO - ⌛ Esperando mudança visual...
2026-06-19 00:15:50,283 - INFO - ⌛ Esperando mudança visual...
2026-06-19 00:15:51,299 - INFO - ⌛ Esperando mudança visual...
2026-06-19 00:15:52,313 - INFO - ⌛ Esperando mudança visual...
2026-06-19 00:15:53,330 - INFO - ⌛ Esperando mudança visual...
2026-06-19 00:15:54,346 - INFO - ⌛ Esperando mudança visual...
2026-06-19 00:15:55,360 - INFO - ✅ Tela carregada!
2026-06-19 00:15:59,364 - INFO - 
=== rotina desbloquear_os ===
2026-06-19 00:16:25,813 - INFO - ⌛ Aguardando janela de confirmação de desbloqueio...
2026-06-19 00:16:41,225 - INFO - 🟨 Registros desbloqueados com sucesso
2026-06-19 00:16:45,329 - INFO - 
=== rotina editar_os ===
2026-06-19 00:16:54,744 - INFO - ⌛ Aguardando janela de edição de OS...
2026-06-19 00:17:10,170 - INFO - 🟨 OS programadas detectadas
2026-06-19 00:17:13,283 - INFO - ⌛ Aguardando janela de edição de OS...
2026-06-19 00:17:28,737 - INFO - 🟨 Janela de edição de OS detectada
2026-06-19 00:17:50,108 - INFO - 🟨 Janela de edição de habilidade da turma detectada
2026-06-19 00:19:08,397 - INFO - ⌛ Aguardando detecção do campo de caracteristica 'EQUIPE PRÓPRIA OU EPS' ...
2026-06-19 00:19:27,747 - INFO - 🟨 campo de caracteristica 'EQUIPE PRÓPRIA OU EPS detectado
2026-06-19 00:19:49,510 - INFO - ⌛ Aguardando confirmação 4 - editar OS...
2026-06-19 00:20:05,016 - INFO - ⌛ Aguardando confirmação 4 - editar OS...
2026-06-19 00:20:20,517 - INFO - 🟨 Janela de confirmação 4 de edição de OS detectada
2026-06-19 00:20:24,633 - INFO - 
=== rotina programar_os ===
2026-06-19 00:20:51,152 - INFO - ⌛ Aguardando janela de confirmação de programação de OS...
2026-06-19 00:21:16,643 - INFO - 🟨 Janela de confirmação de programação de OS detectada
2026-06-19 00:21:29,913 - INFO - 🟨 Janela de aviso de edição de OS programadas detectada
2026-06-19 00:21:37,127 - INFO - ⌛ aguardando janela de programação de lote de OS...
2026-06-19 00:22:02,745 - INFO - 🟨 Janela de aviso de substituição de lote de OS detectada
2026-06-19 00:22:22,848 - INFO - ⌛ aguardando janela de programação de lote de OS...
2026-06-19 00:22:48,386 - INFO - 🟨 Janela de programação de lote de OS detectada
2026-06-19 00:23:37,906 - INFO - 🟨 Janela de confirmação de programação de lote de OS detectada
2026-06-19 00:23:42,134 - INFO - ⌛ aguardando confirmação final de programação do lote
2026-06-19 00:24:07,632 - INFO - 🟨 programação do lote 4 efetuado com sucesso
2026-06-19 00:24:17,736 - INFO - 
=== Iniciando lote 5/472 [REDES] ===
2026-06-19 00:24:17,736 - INFO - 
=== abrir_janela_selecao ===
2026-06-19 00:24:24,041 - INFO - 
=== rotina abrir_selecao_colar_os ===
2026-06-19 00:24:24,081 - INFO - Janela de seleção aberta
2026-06-19 00:24:28,305 - INFO - DEBUG: idx=4, inicio=100, fim=125
2026-06-19 00:24:28,305 - INFO - ✅ 25 OS copiadas para a área de transferência.
2026-06-19 00:24:28,305 - INFO - 📋 Lote 5 copiado.
2026-06-19 00:24:36,633 - INFO - ⌛ Esperando mudança visual...
2026-06-19 00:24:37,649 - INFO - ⌛ Esperando mudança visual...
2026-06-19 00:24:38,662 - INFO - ⌛ Esperando mudança visual...
2026-06-19 00:24:39,680 - INFO - ⌛ Esperando mudança visual...
2026-06-19 00:24:40,696 - INFO - ⌛ Esperando mudança visual...
2026-06-19 00:24:41,710 - INFO - ⌛ Esperando mudança visual...
2026-06-19 00:24:42,727 - INFO - ⌛ Esperando mudança visual...
2026-06-19 00:24:43,743 - INFO - ⌛ Esperando mudança visual...
2026-06-19 00:24:44,760 - INFO - ⌛ Esperando mudança visual...
2026-06-19 00:24:45,774 - INFO - ✅ Tela carregada!
2026-06-19 00:24:49,776 - INFO - 
=== rotina desbloquear_os ===
2026-06-19 00:25:16,239 - INFO - ⌛ Aguardando janela de confirmação de desbloqueio...
2026-06-19 00:25:31,646 - INFO - 🟨 Registros desbloqueados com sucesso
2026-06-19 00:25:35,749 - INFO - 
=== rotina editar_os ===
2026-06-19 00:25:45,167 - INFO - ⌛ Aguardando janela de edição de OS...
2026-06-19 00:26:00,612 - INFO - 🟨 OS programadas detectadas
2026-06-19 00:26:03,715 - INFO - ⌛ Aguardando janela de edição de OS...
2026-06-19 00:26:19,165 - INFO - 🟨 Janela de edição de OS detectada
2026-06-19 00:26:40,555 - INFO - 🟨 Janela de edição de habilidade da turma detectada
2026-06-19 00:27:58,839 - INFO - ⌛ Aguardando detecção do campo de caracteristica 'EQUIPE PRÓPRIA OU EPS' ...
2026-06-19 00:28:18,186 - INFO - 🟨 campo de caracteristica 'EQUIPE PRÓPRIA OU EPS detectado
2026-06-19 00:28:39,955 - INFO - ⌛ Aguardando confirmação 4 - editar OS...
2026-06-19 00:28:55,409 - INFO - ⌛ Aguardando confirmação 4 - editar OS...
2026-06-19 00:29:10,930 - INFO - ⌛ Aguardando confirmação 4 - editar OS...
2026-06-19 00:29:26,460 - INFO - 🟨 Janela de confirmação 4 de edição de OS detectada
2026-06-19 00:29:30,563 - INFO - 
=== rotina programar_os ===
2026-06-19 00:29:57,068 - INFO - ⌛ Aguardando janela de confirmação de programação de OS...
2026-06-19 00:30:22,503 - INFO - 🟨 Janela de confirmação de programação de OS detectada
2026-06-19 00:30:35,754 - INFO - 🟨 Janela de aviso de edição de OS programadas detectada
2026-06-19 00:30:42,958 - INFO - ⌛ aguardando janela de programação de lote de OS...
2026-06-19 00:31:08,438 - INFO - 🟨 Janela de aviso de substituição de lote de OS detectada
2026-06-19 00:31:28,540 - INFO - ⌛ aguardando janela de programação de lote de OS...
2026-06-19 00:31:54,048 - INFO - 🟨 Janela de programação de lote de OS detectada
2026-06-19 00:32:43,544 - INFO - 🟨 Janela de confirmação de programação de lote de OS detectada
2026-06-19 00:32:47,742 - INFO - ⌛ aguardando confirmação final de programação do lote
2026-06-19 00:33:13,200 - INFO - 🟨 programação do lote 5 efetuado com sucesso
2026-06-19 00:33:23,304 - INFO - 
=== Iniciando lote 6/472 [REDES] ===
2026-06-19 00:33:23,304 - INFO - 
=== abrir_janela_selecao ===
2026-06-19 00:33:29,609 - INFO - 
=== rotina abrir_selecao_colar_os ===
2026-06-19 00:33:29,678 - INFO - Janela de seleção aberta
2026-06-19 00:33:33,899 - INFO - DEBUG: idx=5, inicio=125, fim=150
2026-06-19 00:33:33,899 - INFO - ✅ 25 OS copiadas para a área de transferência.
2026-06-19 00:33:33,900 - INFO - 📋 Lote 6 copiado.
2026-06-19 00:33:42,227 - INFO - ⌛ Esperando mudança visual...
2026-06-19 00:33:43,243 - INFO - ⌛ Esperando mudança visual...
2026-06-19 00:33:44,260 - INFO - ⌛ Esperando mudança visual...
2026-06-19 00:33:45,274 - INFO - ⌛ Esperando mudança visual...
2026-06-19 00:33:46,290 - INFO - ⌛ Esperando mudança visual...
2026-06-19 00:33:47,306 - INFO - ⌛ Esperando mudança visual...
2026-06-19 00:33:48,321 - INFO - ⌛ Esperando mudança visual...
2026-06-19 00:33:49,337 - INFO - ⌛ Esperando mudança visual...
2026-06-19 00:33:50,351 - INFO - ⌛ Esperando mudança visual...
2026-06-19 00:33:51,368 - INFO - ⌛ Esperando mudança visual...
2026-06-19 00:33:52,384 - INFO - ✅ Tela carregada!
2026-06-19 00:33:56,385 - INFO - 
=== rotina desbloquear_os ===
2026-06-19 00:34:22,852 - INFO - ⌛ Aguardando janela de confirmação de desbloqueio...
2026-06-19 00:34:38,307 - INFO - 🟨 Registros desbloqueados com sucesso
2026-06-19 00:34:42,421 - INFO - 
=== rotina editar_os ===
2026-06-19 00:34:51,856 - INFO - ⌛ Aguardando janela de edição de OS...
2026-06-19 00:35:07,372 - INFO - 🟨 OS programadas detectadas
2026-06-19 00:35:10,490 - INFO - ⌛ Aguardando janela de edição de OS...
2026-06-19 00:35:25,939 - INFO - 🟨 Janela de edição de OS detectada
2026-06-19 00:35:47,293 - INFO - 🟨 Janela de edição de habilidade da turma detectada
2026-06-19 00:37:05,601 - INFO - ⌛ Aguardando detecção do campo de caracteristica 'EQUIPE PRÓPRIA OU EPS' ...
2026-06-19 00:37:24,971 - INFO - 🟨 campo de caracteristica 'EQUIPE PRÓPRIA OU EPS detectado
2026-06-19 00:37:46,764 - INFO - ⌛ Aguardando confirmação 4 - editar OS...
2026-06-19 00:38:02,248 - INFO - ⌛ Aguardando confirmação 4 - editar OS...
2026-06-19 00:38:17,751 - INFO - ⌛ Aguardando confirmação 4 - editar OS...
2026-06-19 00:38:33,335 - INFO - 🟨 Janela de confirmação 4 de edição de OS detectada
2026-06-19 00:38:37,438 - INFO - 
=== rotina programar_os ===
2026-06-19 00:39:03,970 - INFO - ⌛ Aguardando janela de confirmação de programação de OS...
2026-06-19 00:39:29,429 - INFO - 🟨 Janela de confirmação de programação de OS detectada
2026-06-19 00:39:42,719 - INFO - 🟨 Janela de aviso de edição de OS programadas detectada
2026-06-19 00:39:49,924 - INFO - ⌛ aguardando janela de programação de lote de OS...
2026-06-19 00:40:15,438 - INFO - 🟨 Janela de aviso de substituição de lote de OS detectada
2026-06-19 00:40:35,540 - INFO - ⌛ aguardando janela de programação de lote de OS...
2026-06-19 00:41:01,055 - INFO - 🟨 Janela de programação de lote de OS detectada
2026-06-19 00:41:50,631 - INFO - 🟨 Janela de confirmação de programação de lote de OS detectada
2026-06-19 00:41:54,871 - INFO - ⌛ aguardando confirmação final de programação do lote
2026-06-19 00:42:20,394 - INFO - ⌛ aguardando confirmação final de programação do lote
2026-06-19 00:42:45,932 - INFO - 🟨 programação do lote 6 efetuado com sucesso
2026-06-19 00:42:56,036 - INFO - 
=== Iniciando lote 7/472 [REDES] ===
2026-06-19 00:42:56,036 - INFO - 
=== abrir_janela_selecao ===
2026-06-19 00:43:02,342 - INFO - 
=== rotina abrir_selecao_colar_os ===
2026-06-19 00:43:02,397 - INFO - Janela de seleção aberta
2026-06-19 00:43:06,614 - INFO - DEBUG: idx=6, inicio=150, fim=175
2026-06-19 00:43:06,614 - INFO - ✅ 25 OS copiadas para a área de transferência.
2026-06-19 00:43:06,614 - INFO - 📋 Lote 7 copiado.
2026-06-19 00:43:14,941 - INFO - ⌛ Esperando mudança visual...
2026-06-19 00:43:15,955 - INFO - ⌛ Esperando mudança visual...
2026-06-19 00:43:16,973 - INFO - ⌛ Esperando mudança visual...
2026-06-19 00:43:17,988 - INFO - ⌛ Esperando mudança visual...
2026-06-19 00:43:19,001 - INFO - ⌛ Esperando mudança visual...
2026-06-19 00:43:20,021 - INFO - ⌛ Esperando mudança visual...
2026-06-19 00:43:21,035 - INFO - ⌛ Esperando mudança visual...
2026-06-19 00:43:22,050 - INFO - ⌛ Esperando mudança visual...
2026-06-19 00:43:23,066 - INFO - ⌛ Esperando mudança visual...
2026-06-19 00:43:24,083 - INFO - ⌛ Esperando mudança visual...
2026-06-19 00:43:25,096 - INFO - ✅ Tela carregada!
2026-06-19 00:43:29,101 - INFO - 
=== rotina desbloquear_os ===
2026-06-19 00:43:55,555 - INFO - ⌛ Aguardando janela de confirmação de desbloqueio...
2026-06-19 00:44:11,021 - INFO - 🟨 Registros desbloqueados com sucesso
2026-06-19 00:44:15,124 - INFO - 
=== rotina editar_os ===
2026-06-19 00:44:24,529 - INFO - ⌛ Aguardando janela de edição de OS...
2026-06-19 00:44:39,951 - INFO - 🟨 Janela de edição de OS detectada
2026-06-19 00:45:01,301 - INFO - 🟨 Janela de edição de habilidade da turma detectada
2026-06-19 00:46:19,581 - INFO - ⌛ Aguardando detecção do campo de caracteristica 'EQUIPE PRÓPRIA OU EPS' ...
2026-06-19 00:46:38,928 - INFO - 🟨 campo de caracteristica 'EQUIPE PRÓPRIA OU EPS detectado
2026-06-19 00:47:00,694 - INFO - ⌛ Aguardando confirmação 4 - editar OS...
2026-06-19 00:47:16,156 - INFO - ⌛ Aguardando confirmação 4 - editar OS...
2026-06-19 00:47:31,676 - INFO - ⌛ Aguardando confirmação 4 - editar OS...
2026-06-19 00:47:47,169 - INFO - 🟨 Janela de confirmação 4 de edição de OS detectada
2026-06-19 00:47:51,271 - INFO - 
=== rotina programar_os ===
2026-06-19 00:48:17,807 - INFO - ⌛ Aguardando janela de confirmação de programação de OS...
2026-06-19 00:48:43,248 - INFO - 🟨 Janela de confirmação de programação de OS detectada
2026-06-19 00:48:56,502 - INFO - ⌛ aguardando janela de programação de lote de OS...
2026-06-19 00:49:22,072 - INFO - 🟨 Janela de programação de lote de OS detectada
2026-06-19 00:50:11,570 - INFO - 🟨 Janela de confirmação de programação de lote de OS detectada
2026-06-19 00:50:15,812 - INFO - ⌛ aguardando confirmação final de programação do lote
2026-06-19 00:50:41,324 - INFO - 🟨 programação do lote 7 efetuado com sucesso
2026-06-19 00:50:51,427 - INFO - 
=== Iniciando lote 8/472 [REDES] ===
2026-06-19 00:50:51,427 - INFO - 
=== abrir_janela_selecao ===
2026-06-19 00:50:57,733 - INFO - 
=== rotina abrir_selecao_colar_os ===
2026-06-19 00:50:57,791 - INFO - Janela de seleção aberta
2026-06-19 00:51:02,010 - INFO - DEBUG: idx=7, inicio=175, fim=200
2026-06-19 00:51:02,010 - INFO - ✅ 25 OS copiadas para a área de transferência.
2026-06-19 00:51:02,010 - INFO - 📋 Lote 8 copiado.
2026-06-19 00:51:10,339 - INFO - ⌛ Esperando mudança visual...
2026-06-19 00:51:11,352 - INFO - ⌛ Esperando mudança visual...
2026-06-19 00:51:12,370 - INFO - ⌛ Esperando mudança visual...
2026-06-19 00:51:13,385 - INFO - ⌛ Esperando mudança visual...
2026-06-19 00:51:14,400 - INFO - ⌛ Esperando mudança visual...
2026-06-19 00:51:15,417 - INFO - ⌛ Esperando mudança visual...
2026-06-19 00:51:16,433 - INFO - ⌛ Esperando mudança visual...
2026-06-19 00:51:17,444 - INFO - ⌛ Esperando mudança visual...
2026-06-19 00:51:18,464 - INFO - ⌛ Esperando mudança visual...
2026-06-19 00:51:19,479 - INFO - ✅ Tela carregada!
2026-06-19 00:51:23,480 - INFO - 
=== rotina desbloquear_os ===
2026-06-19 00:51:49,948 - INFO - ⌛ Aguardando janela de confirmação de desbloqueio...
2026-06-19 00:52:05,384 - INFO - 🟨 Registros desbloqueados com sucesso
2026-06-19 00:52:09,488 - INFO - 
=== rotina editar_os ===
2026-06-19 00:52:18,909 - INFO - ⌛ Aguardando janela de edição de OS...
2026-06-19 00:52:34,355 - INFO - 🟨 OS programadas detectadas
2026-06-19 00:52:37,458 - INFO - ⌛ Aguardando janela de edição de OS...
2026-06-19 00:52:52,902 - INFO - 🟨 Janela de edição de OS detectada
2026-06-19 00:53:14,277 - INFO - 🟨 Janela de edição de habilidade da turma detectada
2026-06-19 00:54:32,559 - INFO - ⌛ Aguardando detecção do campo de caracteristica 'EQUIPE PRÓPRIA OU EPS' ...
2026-06-19 00:54:51,901 - INFO - 🟨 campo de caracteristica 'EQUIPE PRÓPRIA OU EPS detectado
2026-06-19 00:55:13,672 - INFO - ⌛ Aguardando confirmação 4 - editar OS...
2026-06-19 00:55:29,119 - INFO - ⌛ Aguardando confirmação 4 - editar OS...
2026-06-19 00:55:44,572 - INFO - ⌛ Aguardando confirmação 4 - editar OS...
2026-06-19 00:56:00,049 - INFO - 🟨 Janela de confirmação 4 de edição de OS detectada
2026-06-19 00:56:04,152 - INFO - 
=== rotina programar_os ===
2026-06-19 00:56:30,684 - INFO - ⌛ Aguardando janela de confirmação de programação de OS...
2026-06-19 00:56:56,146 - INFO - 🟨 Janela de confirmação de programação de OS detectada
2026-06-19 00:57:09,399 - INFO - 🟨 Janela de aviso de edição de OS programadas detectada
2026-06-19 00:57:16,627 - INFO - ⌛ aguardando janela de programação de lote de OS...
2026-06-19 00:57:42,148 - INFO - 🟨 Janela de aviso de substituição de lote de OS detectada
2026-06-19 00:58:02,251 - INFO - ⌛ aguardando janela de programação de lote de OS...
2026-06-19 00:58:27,769 - INFO - 🟨 Janela de programação de lote de OS detectada
2026-06-19 00:59:17,290 - INFO - 🟨 Janela de confirmação de programação de lote de OS detectada
2026-06-19 00:59:21,520 - INFO - ⌛ aguardando confirmação final de programação do lote
2026-06-19 00:59:47,028 - INFO - 🟨 programação do lote 8 efetuado com sucesso
2026-06-19 00:59:57,131 - INFO - 
=== Iniciando lote 9/472 [REDES] ===
2026-06-19 00:59:57,131 - INFO - 
=== abrir_janela_selecao ===
2026-06-19 01:00:03,449 - INFO - 
=== rotina abrir_selecao_colar_os ===
2026-06-19 01:00:03,526 - INFO - Janela de seleção aberta
2026-06-19 01:00:07,739 - INFO - DEBUG: idx=8, inicio=200, fim=225
2026-06-19 01:00:07,739 - INFO - ✅ 25 OS copiadas para a área de transferência.
2026-06-19 01:00:07,739 - INFO - 📋 Lote 9 copiado.
2026-06-19 01:00:16,067 - INFO - ⌛ Esperando mudança visual...
2026-06-19 01:00:17,083 - INFO - ⌛ Esperando mudança visual...
2026-06-19 01:00:18,097 - INFO - ⌛ Esperando mudança visual...
2026-06-19 01:00:19,114 - INFO - ⌛ Esperando mudança visual...
2026-06-19 01:00:20,130 - INFO - ⌛ Esperando mudança visual...
2026-06-19 01:00:21,144 - INFO - ⌛ Esperando mudança visual...
2026-06-19 01:00:22,161 - INFO - ⌛ Esperando mudança visual...
2026-06-19 01:00:23,177 - INFO - ⌛ Esperando mudança visual...
2026-06-19 01:00:24,190 - INFO - ⌛ Esperando mudança visual...
2026-06-19 01:00:25,208 - INFO - ⌛ Esperando mudança visual...
2026-06-19 01:00:26,224 - INFO - ⌛ Esperando mudança visual...
2026-06-19 01:00:27,238 - INFO - ✅ Tela carregada!
2026-06-19 01:00:31,242 - INFO - 
=== rotina desbloquear_os ===
2026-06-19 01:00:57,722 - INFO - ⌛ Aguardando janela de confirmação de desbloqueio...
2026-06-19 01:01:13,168 - INFO - 🟨 Registros desbloqueados com sucesso
2026-06-19 01:01:17,271 - INFO - 
=== rotina editar_os ===
2026-06-19 01:01:26,680 - INFO - ⌛ Aguardando janela de edição de OS...
2026-06-19 01:01:42,147 - INFO - 🟨 OS programadas detectadas
2026-06-19 01:01:45,255 - INFO - ⌛ Aguardando janela de edição de OS...
2026-06-19 01:02:00,733 - INFO - 🟨 Janela de edição de OS detectada
2026-06-19 01:02:22,108 - INFO - 🟨 Janela de edição de habilidade da turma detectada
2026-06-19 01:03:40,387 - INFO - ⌛ Aguardando detecção do campo de caracteristica 'EQUIPE PRÓPRIA OU EPS' ...
2026-06-19 01:03:59,734 - INFO - 🟨 campo de caracteristica 'EQUIPE PRÓPRIA OU EPS detectado
2026-06-19 01:04:21,529 - INFO - ⌛ Aguardando confirmação 4 - editar OS...
2026-06-19 01:04:37,007 - INFO - ⌛ Aguardando confirmação 4 - editar OS...
2026-06-19 01:04:52,522 - INFO - ⌛ Aguardando confirmação 4 - editar OS...
2026-06-19 01:05:07,945 - INFO - 🟨 Janela de confirmação 4 de edição de OS detectada
2026-06-19 01:05:12,060 - INFO - 
=== rotina programar_os ===
2026-06-19 01:05:38,627 - INFO - ⌛ Aguardando janela de confirmação de programação de OS...
2026-06-19 01:06:04,109 - INFO - 🟨 Janela de confirmação de programação de OS detectada
2026-06-19 01:06:17,372 - INFO - 🟨 Janela de aviso de edição de OS programadas detectada
2026-06-19 01:06:24,592 - INFO - ⌛ aguardando janela de programação de lote de OS...
2026-06-19 01:06:50,125 - INFO - 🟨 Janela de aviso de substituição de lote de OS detectada
2026-06-19 01:07:10,227 - INFO - ⌛ aguardando janela de programação de lote de OS...
2026-06-19 01:07:35,747 - INFO - 🟨 Janela de programação de lote de OS detectada
2026-06-19 01:08:25,270 - INFO - 🟨 Janela de confirmação de programação de lote de OS detectada
2026-06-19 01:08:29,497 - INFO - ⌛ aguardando confirmação final de programação do lote
2026-06-19 01:08:54,969 - INFO - 🟨 programação do lote 9 efetuado com sucesso
2026-06-19 01:09:05,072 - INFO - 
=== Iniciando lote 10/472 [REDES] ===
2026-06-19 01:09:05,072 - INFO - 
=== abrir_janela_selecao ===
2026-06-19 01:09:11,377 - INFO - 
=== rotina abrir_selecao_colar_os ===
2026-06-19 01:09:11,434 - INFO - Janela de seleção aberta
2026-06-19 01:09:15,651 - INFO - DEBUG: idx=9, inicio=225, fim=250
2026-06-19 01:09:15,651 - INFO - ✅ 25 OS copiadas para a área de transferência.
2026-06-19 01:09:15,651 - INFO - 📋 Lote 10 copiado.
2026-06-19 01:09:23,978 - INFO - ⌛ Esperando mudança visual...
2026-06-19 01:09:24,993 - INFO - ⌛ Esperando mudança visual...
2026-06-19 01:09:26,010 - INFO - ⌛ Esperando mudança visual...
2026-06-19 01:09:27,025 - INFO - ⌛ Esperando mudança visual...
2026-06-19 01:09:28,040 - INFO - ⌛ Esperando mudança visual...
2026-06-19 01:09:29,057 - INFO - ⌛ Esperando mudança visual...
2026-06-19 01:09:30,072 - INFO - ⌛ Esperando mudança visual...
2026-06-19 01:09:31,087 - INFO - ⌛ Esperando mudança visual...
2026-06-19 01:09:32,104 - INFO - ⌛ Esperando mudança visual...
2026-06-19 01:09:33,119 - INFO - ⌛ Esperando mudança visual...
2026-06-19 01:09:34,134 - INFO - ✅ Tela carregada!
2026-06-19 01:09:38,138 - INFO - 
=== rotina desbloquear_os ===
2026-06-19 01:10:04,601 - INFO - ⌛ Aguardando janela de confirmação de desbloqueio...
2026-06-19 01:10:19,990 - INFO - 🟨 Registros desbloqueados com sucesso
2026-06-19 01:10:24,099 - INFO - 
=== rotina editar_os ===
2026-06-19 01:10:33,492 - INFO - ⌛ Aguardando janela de edição de OS...
2026-06-19 01:10:48,935 - INFO - 🟨 OS programadas detectadas
2026-06-19 01:10:52,038 - INFO - ⌛ Aguardando janela de edição de OS...
2026-06-19 01:11:07,442 - INFO - 🟨 Janela de edição de OS detectada
2026-06-19 01:11:28,810 - INFO - 🟨 Janela de edição de habilidade da turma detectada
2026-06-19 01:12:47,094 - INFO - ⌛ Aguardando detecção do campo de caracteristica 'EQUIPE PRÓPRIA OU EPS' ...
2026-06-19 01:13:06,463 - INFO - 🟨 campo de caracteristica 'EQUIPE PRÓPRIA OU EPS detectado
2026-06-19 01:13:28,234 - INFO - ⌛ Aguardando confirmação 4 - editar OS...
2026-06-19 01:13:43,688 - INFO - ⌛ Aguardando confirmação 4 - editar OS...
2026-06-19 01:13:59,177 - INFO - ⌛ Aguardando confirmação 4 - editar OS...
2026-06-19 01:14:14,642 - INFO - 🟨 Janela de confirmação 4 de edição de OS detectada
2026-06-19 01:14:18,746 - INFO - 
=== rotina programar_os ===
2026-06-19 01:14:45,272 - INFO - ⌛ Aguardando janela de confirmação de programação de OS...
2026-06-19 01:15:10,736 - INFO - 🟨 Janela de confirmação de programação de OS detectada
2026-06-19 01:15:24,044 - INFO - 🟨 Janela de aviso de edição de OS programadas detectada
2026-06-19 01:15:31,251 - INFO - ⌛ aguardando janela de programação de lote de OS...
2026-06-19 01:15:56,741 - INFO - 🟨 Janela de aviso de substituição de lote de OS detectada
2026-06-19 01:16:16,843 - INFO - ⌛ aguardando janela de programação de lote de OS...
2026-06-19 01:16:42,382 - INFO - 🟨 Janela de programação de lote de OS detectada
2026-06-19 01:17:31,874 - INFO - 🟨 Janela de confirmação de programação de lote de OS detectada
2026-06-19 01:17:36,074 - INFO - ⌛ aguardando confirmação final de programação do lote
2026-06-19 01:18:01,547 - INFO - 🟨 programação do lote 10 efetuado com sucesso
2026-06-19 01:18:11,652 - INFO - 
=== Iniciando lote 11/472 [REDES] ===
2026-06-19 01:18:11,652 - INFO - 
=== abrir_janela_selecao ===
2026-06-19 01:18:17,958 - INFO - 
=== rotina abrir_selecao_colar_os ===
2026-06-19 01:18:18,011 - INFO - Janela de seleção aberta
2026-06-19 01:18:22,230 - INFO - DEBUG: idx=10, inicio=250, fim=275
2026-06-19 01:18:22,230 - INFO - ✅ 25 OS copiadas para a área de transferência.
2026-06-19 01:18:22,230 - INFO - 📋 Lote 11 copiado.
2026-06-19 01:18:30,558 - INFO - ⌛ Esperando mudança visual...
2026-06-19 01:18:31,574 - INFO - ⌛ Esperando mudança visual...
2026-06-19 01:18:32,590 - INFO - ⌛ Esperando mudança visual...
2026-06-19 01:18:33,605 - INFO - ⌛ Esperando mudança visual...
2026-06-19 01:18:34,621 - INFO - ⌛ Esperando mudança visual...
2026-06-19 01:18:35,635 - INFO - ⌛ Esperando mudança visual...
2026-06-19 01:18:36,652 - INFO - ⌛ Esperando mudança visual...
2026-06-19 01:18:37,669 - INFO - ⌛ Esperando mudança visual...
2026-06-19 01:18:38,683 - INFO - ⌛ Esperando mudança visual...
2026-06-19 01:18:39,698 - INFO - ⌛ Esperando mudança visual...
2026-06-19 01:18:40,715 - INFO - ✅ Tela carregada!
2026-06-19 01:18:44,717 - INFO - 
=== rotina desbloquear_os ===
2026-06-19 01:19:11,179 - INFO - ⌛ Aguardando janela de confirmação de desbloqueio...
2026-06-19 01:19:26,576 - INFO - 🟨 Registros desbloqueados com sucesso
2026-06-19 01:19:30,679 - INFO - 
=== rotina editar_os ===
2026-06-19 01:19:40,114 - INFO - ⌛ Aguardando janela de edição de OS...
2026-06-19 01:19:55,605 - INFO - 🟨 OS programadas detectadas
2026-06-19 01:19:58,708 - INFO - ⌛ Aguardando janela de edição de OS...
2026-06-19 01:20:14,138 - INFO - 🟨 Janela de edição de OS detectada
2026-06-19 01:20:35,512 - INFO - 🟨 Janela de edição de habilidade da turma detectada
2026-06-19 01:21:53,826 - INFO - ⌛ Aguardando detecção do campo de caracteristica 'EQUIPE PRÓPRIA OU EPS' ...
2026-06-19 01:22:13,182 - INFO - 🟨 campo de caracteristica 'EQUIPE PRÓPRIA OU EPS detectado
2026-06-19 01:22:34,983 - INFO - ⌛ Aguardando confirmação 4 - editar OS...
2026-06-19 01:22:50,468 - INFO - ⌛ Aguardando confirmação 4 - editar OS...
2026-06-19 01:23:05,986 - INFO - ⌛ Aguardando confirmação 4 - editar OS...
2026-06-19 01:23:21,515 - INFO - 🟨 Janela de confirmação 4 de edição de OS detectada
2026-06-19 01:23:25,617 - INFO - 
=== rotina programar_os ===
2026-06-19 01:23:52,158 - INFO - ⌛ Aguardando janela de confirmação de programação de OS...
2026-06-19 01:24:17,698 - INFO - 🟨 Janela de confirmação de programação de OS detectada
2026-06-19 01:24:30,985 - INFO - 🟨 Janela de aviso de edição de OS programadas detectada
2026-06-19 01:24:38,194 - INFO - ⌛ aguardando janela de programação de lote de OS...
2026-06-19 01:25:03,687 - INFO - 🟨 Janela de aviso de substituição de lote de OS detectada
2026-06-19 01:25:23,798 - INFO - ⌛ aguardando janela de programação de lote de OS...
2026-06-19 01:25:24,053 - INFO - 🟨 Identificado falha no EQM
2026-06-19 01:25:24,054 - INFO - Capturando print...
2026-06-19 01:26:09,621 - INFO - ⌛ Aguardando janela de confirmação de programação de OS...
2026-06-19 01:26:35,108 - INFO - 🟨 Janela de confirmação de programação de OS detectada
2026-06-19 01:26:48,369 - INFO - 🟨 Janela de aviso de edição de OS programadas detectada
2026-06-19 01:26:55,583 - INFO - ⌛ aguardando janela de programação de lote de OS...
2026-06-19 01:27:21,118 - INFO - 🟨 Janela de aviso de substituição de lote de OS detectada
2026-06-19 01:27:41,220 - INFO - ⌛ aguardando janela de programação de lote de OS...
2026-06-19 01:28:06,769 - INFO - 🟨 Janela de programação de lote de OS detectada
2026-06-19 01:28:56,327 - INFO - 🟨 Janela de confirmação de programação de lote de OS detectada
2026-06-19 01:29:00,553 - INFO - ⌛ aguardando confirmação final de programação do lote
2026-06-19 01:29:26,061 - INFO - 🟨 programação do lote 11 efetuado com sucesso
2026-06-19 01:29:36,165 - INFO - 
=== Iniciando lote 12/472 [REDES] ===
2026-06-19 01:29:36,165 - INFO - 
=== abrir_janela_selecao ===
2026-06-19 01:29:42,470 - INFO - 
=== rotina abrir_selecao_colar_os ===
2026-06-19 01:29:42,522 - INFO - Janela de seleção aberta
2026-06-19 01:29:46,740 - INFO - DEBUG: idx=11, inicio=275, fim=300
2026-06-19 01:29:46,740 - INFO - ✅ 25 OS copiadas para a área de transferência.
2026-06-19 01:29:46,740 - INFO - 📋 Lote 12 copiado.
2026-06-19 01:29:55,070 - INFO - ⌛ Esperando mudança visual...
2026-06-19 01:29:56,084 - INFO - ⌛ Esperando mudança visual...
2026-06-19 01:29:57,101 - INFO - ⌛ Esperando mudança visual...
2026-06-19 01:29:58,117 - INFO - ⌛ Esperando mudança visual...
2026-06-19 01:29:59,135 - INFO - ⌛ Esperando mudança visual...
2026-06-19 01:30:00,147 - INFO - ⌛ Esperando mudança visual...
2026-06-19 01:30:01,163 - INFO - ⌛ Esperando mudança visual...
2026-06-19 01:30:02,179 - INFO - ⌛ Esperando mudança visual...
2026-06-19 01:30:03,193 - INFO - ⌛ Esperando mudança visual...
2026-06-19 01:30:04,212 - INFO - ✅ Tela carregada!
2026-06-19 01:30:08,212 - INFO - 
=== rotina desbloquear_os ===
2026-06-19 01:30:34,676 - INFO - ⌛ Aguardando janela de confirmação de desbloqueio...
2026-06-19 01:30:50,083 - INFO - 🟨 Registros desbloqueados com sucesso
2026-06-19 01:30:54,187 - INFO - 
=== rotina editar_os ===
2026-06-19 01:31:03,584 - INFO - ⌛ Aguardando janela de edição de OS...
2026-06-19 01:31:19,031 - INFO - 🟨 OS programadas detectadas
2026-06-19 01:31:22,133 - INFO - ⌛ Aguardando janela de edição de OS...
2026-06-19 01:31:37,579 - INFO - 🟨 Janela de edição de OS detectada
2026-06-19 01:31:58,958 - INFO - 🟨 Janela de edição de habilidade da turma detectada
2026-06-19 01:33:17,263 - INFO - ⌛ Aguardando detecção do campo de caracteristica 'EQUIPE PRÓPRIA OU EPS' ...
2026-06-19 01:33:36,618 - INFO - 🟨 campo de caracteristica 'EQUIPE PRÓPRIA OU EPS detectado
2026-06-19 01:33:58,412 - INFO - ⌛ Aguardando confirmação 4 - editar OS...
2026-06-19 01:34:13,917 - INFO - ⌛ Aguardando confirmação 4 - editar OS...
2026-06-19 01:34:29,460 - INFO - ⌛ Aguardando confirmação 4 - editar OS...
2026-06-19 01:34:45,005 - INFO - 🟨 Janela de confirmação 4 de edição de OS detectada
2026-06-19 01:34:49,108 - INFO - 
=== rotina programar_os ===
2026-06-19 01:35:15,637 - INFO - ⌛ Aguardando janela de confirmação de programação de OS...
2026-06-19 01:35:41,145 - INFO - 🟨 Janela de confirmação de programação de OS detectada
2026-06-19 01:35:54,428 - INFO - 🟨 Janela de aviso de edição de OS programadas detectada
2026-06-19 01:36:01,632 - INFO - ⌛ aguardando janela de programação de lote de OS...
2026-06-19 01:36:27,176 - INFO - 🟨 Janela de aviso de substituição de lote de OS detectada
2026-06-19 01:36:47,280 - INFO - ⌛ aguardando janela de programação de lote de OS...
2026-06-19 01:37:12,780 - INFO - ⌛ aguardando janela de programação de lote de OS...
2026-06-19 01:37:13,034 - INFO - 🟨 Identificado falha no EQM
2026-06-19 01:37:13,034 - INFO - Capturando print...
2026-06-19 01:37:58,590 - INFO - ⌛ Aguardando janela de confirmação de programação de OS...
2026-06-19 01:38:23,990 - INFO - 🟨 Janela de confirmação de programação de OS detectada
2026-06-19 01:38:37,256 - INFO - 🟨 Janela de aviso de edição de OS programadas detectada
2026-06-19 01:38:44,459 - INFO - ⌛ aguardando janela de programação de lote de OS...
2026-06-19 01:39:09,968 - INFO - 🟨 Janela de aviso de substituição de lote de OS detectada
2026-06-19 01:39:30,071 - INFO - ⌛ aguardando janela de programação de lote de OS...
2026-06-19 01:39:55,607 - INFO - 🟨 Janela de aviso de substituição de lote de OS detectada
2026-06-19 01:40:15,710 - INFO - ⌛ aguardando janela de programação de lote de OS...
2026-06-19 01:40:41,247 - INFO - 🟨 Janela de programação de lote de OS detectada
2026-06-19 01:41:30,748 - INFO - 🟨 Janela de confirmação de programação de lote de OS detectada
2026-06-19 01:41:35,024 - INFO - ⌛ aguardando confirmação final de programação do lote
2026-06-19 01:42:00,589 - INFO - 🟨 programação do lote 12 efetuado com sucesso
2026-06-19 01:42:10,695 - INFO - 
=== Iniciando lote 13/472 [REDES] ===
2026-06-19 01:42:10,695 - INFO - 
=== abrir_janela_selecao ===
2026-06-19 01:42:17,000 - INFO - 
=== rotina abrir_selecao_colar_os ===
2026-06-19 01:42:17,062 - INFO - Janela de seleção aberta
2026-06-19 01:42:21,279 - INFO - DEBUG: idx=12, inicio=300, fim=325
2026-06-19 01:42:21,279 - INFO - ✅ 25 OS copiadas para a área de transferência.
2026-06-19 01:42:21,279 - INFO - 📋 Lote 13 copiado.
2026-06-19 01:42:29,606 - INFO - ⌛ Esperando mudança visual...
2026-06-19 01:42:30,622 - INFO - ⌛ Esperando mudança visual...
2026-06-19 01:42:31,637 - INFO - ⌛ Esperando mudança visual...
2026-06-19 01:42:32,653 - INFO - ⌛ Esperando mudança visual...
2026-06-19 01:42:33,668 - INFO - ⌛ Esperando mudança visual...
2026-06-19 01:42:34,683 - INFO - ⌛ Esperando mudança visual...
2026-06-19 01:42:35,700 - INFO - ⌛ Esperando mudança visual...
2026-06-19 01:42:36,716 - INFO - ⌛ Esperando mudança visual...
2026-06-19 01:42:37,731 - INFO - ⌛ Esperando mudança visual...
2026-06-19 01:42:38,747 - INFO - ⌛ Esperando mudança visual...
2026-06-19 01:42:39,763 - INFO - ✅ Tela carregada!
2026-06-19 01:42:43,764 - INFO - 
=== rotina desbloquear_os ===
2026-06-19 01:43:10,231 - INFO - ⌛ Aguardando janela de confirmação de desbloqueio...
2026-06-19 01:43:25,643 - INFO - 🟨 Registros desbloqueados com sucesso
2026-06-19 01:43:29,748 - INFO - 
=== rotina editar_os ===
2026-06-19 01:43:39,180 - INFO - ⌛ Aguardando janela de edição de OS...
2026-06-19 01:43:54,640 - INFO - 🟨 OS programadas detectadas
2026-06-19 01:43:57,769 - INFO - ⌛ Aguardando janela de edição de OS...
2026-06-19 01:44:13,284 - INFO - 🟨 Janela de edição de OS detectada
2026-06-19 01:44:34,661 - INFO - 🟨 Janela de edição de habilidade da turma detectada
2026-06-19 01:45:52,934 - INFO - ⌛ Aguardando detecção do campo de caracteristica 'EQUIPE PRÓPRIA OU EPS' ...
2026-06-19 01:46:12,282 - INFO - 🟨 campo de caracteristica 'EQUIPE PRÓPRIA OU EPS detectado
2026-06-19 01:46:34,071 - INFO - ⌛ Aguardando confirmação 4 - editar OS...
2026-06-19 01:46:49,564 - INFO - ⌛ Aguardando confirmação 4 - editar OS...
2026-06-19 01:47:05,079 - INFO - ⌛ Aguardando confirmação 4 - editar OS...
2026-06-19 01:47:20,578 - INFO - 🟨 Janela de confirmação 4 de edição de OS detectada
2026-06-19 01:47:24,680 - INFO - 
=== rotina programar_os ===
2026-06-19 01:47:51,214 - INFO - ⌛ Aguardando janela de confirmação de programação de OS...
2026-06-19 01:48:16,661 - INFO - 🟨 Janela de confirmação de programação de OS detectada
2026-06-19 01:48:29,965 - INFO - 🟨 Janela de aviso de edição de OS programadas detectada
2026-06-19 01:48:37,169 - INFO - ⌛ aguardando janela de programação de lote de OS...
2026-06-19 01:49:02,678 - INFO - 🟨 Janela de aviso de substituição de lote de OS detectada
2026-06-19 01:49:22,793 - INFO - ⌛ aguardando janela de programação de lote de OS...
2026-06-19 01:49:48,341 - INFO - 🟨 Janela de programação de lote de OS detectada
2026-06-19 01:50:37,816 - INFO - 🟨 Janela de confirmação de programação de lote de OS detectada
2026-06-19 01:50:42,056 - INFO - ⌛ aguardando confirmação final de programação do lote
2026-06-19 01:51:07,504 - INFO - 🟨 programação do lote 13 efetuado com sucesso
2026-06-19 01:51:17,607 - INFO - 
=== Iniciando lote 14/472 [REDES] ===
2026-06-19 01:51:17,607 - INFO - 
=== abrir_janela_selecao ===
2026-06-19 01:51:23,913 - INFO - 
=== rotina abrir_selecao_colar_os ===
2026-06-19 01:51:23,962 - INFO - Janela de seleção aberta
2026-06-19 01:51:28,183 - INFO - DEBUG: idx=13, inicio=325, fim=350
2026-06-19 01:51:28,183 - INFO - ✅ 25 OS copiadas para a área de transferência.
2026-06-19 01:51:28,183 - INFO - 📋 Lote 14 copiado.
2026-06-19 01:51:36,510 - INFO - ⌛ Esperando mudança visual...
2026-06-19 01:51:37,524 - INFO - ⌛ Esperando mudança visual...
2026-06-19 01:51:38,541 - INFO - ⌛ Esperando mudança visual...
2026-06-19 01:51:39,556 - INFO - ⌛ Esperando mudança visual...
2026-06-19 01:51:40,573 - INFO - ⌛ Esperando mudança visual...
2026-06-19 01:51:41,588 - INFO - ⌛ Esperando mudança visual...
2026-06-19 01:51:42,604 - INFO - ⌛ Esperando mudança visual...
2026-06-19 01:51:43,618 - INFO - ⌛ Esperando mudança visual...
2026-06-19 01:51:44,635 - INFO - ⌛ Esperando mudança visual...
2026-06-19 01:51:45,651 - INFO - ⌛ Esperando mudança visual...
2026-06-19 01:51:46,665 - INFO - ✅ Tela carregada!
2026-06-19 01:51:50,668 - INFO - 
=== rotina desbloquear_os ===
2026-06-19 01:52:17,143 - INFO - ⌛ Aguardando janela de confirmação de desbloqueio...
2026-06-19 01:52:32,519 - INFO - ⌛ Aguardando janela de confirmação de desbloqueio...
2026-06-19 01:52:47,905 - INFO - 🟨 Registros desbloqueados com sucesso
2026-06-19 01:52:52,008 - INFO - 
=== rotina editar_os ===
2026-06-19 01:53:01,420 - INFO - ⌛ Aguardando janela de edição de OS...
2026-06-19 01:53:16,853 - INFO - 🟨 OS programadas detectadas
2026-06-19 01:53:19,954 - INFO - ⌛ Aguardando janela de edição de OS...
2026-06-19 01:53:35,373 - INFO - 🟨 Janela de edição de OS detectada
2026-06-19 01:53:56,741 - INFO - 🟨 Janela de edição de habilidade da turma detectada
2026-06-19 01:55:15,015 - INFO - ⌛ Aguardando detecção do campo de caracteristica 'EQUIPE PRÓPRIA OU EPS' ...
2026-06-19 01:55:34,362 - INFO - 🟨 campo de caracteristica 'EQUIPE PRÓPRIA OU EPS detectado
2026-06-19 01:55:56,143 - INFO - ⌛ Aguardando confirmação 4 - editar OS...
2026-06-19 01:56:11,590 - INFO - ⌛ Aguardando confirmação 4 - editar OS...
2026-06-19 01:56:27,090 - INFO - ⌛ Aguardando confirmação 4 - editar OS...
2026-06-19 01:56:42,603 - INFO - 🟨 Janela de confirmação 4 de edição de OS detectada
2026-06-19 01:56:46,706 - INFO - 
=== rotina programar_os ===
2026-06-19 01:57:13,223 - INFO - ⌛ Aguardando janela de confirmação de programação de OS...
2026-06-19 01:57:38,702 - INFO - 🟨 Janela de confirmação de programação de OS detectada
2026-06-19 01:57:51,991 - INFO - 🟨 Janela de aviso de edição de OS programadas detectada
2026-06-19 01:57:59,195 - INFO - ⌛ aguardando janela de programação de lote de OS...
2026-06-19 01:58:24,750 - INFO - 🟨 Janela de aviso de substituição de lote de OS detectada
2026-06-19 01:58:44,853 - INFO - ⌛ aguardando janela de programação de lote de OS...
2026-06-19 01:59:10,404 - INFO - ⌛ aguardando janela de programação de lote de OS...
2026-06-19 01:59:10,660 - INFO - 🟨 Identificado falha no EQM
2026-06-19 01:59:10,662 - INFO - Capturando print...
2026-06-19 01:59:56,235 - INFO - ⌛ Aguardando janela de confirmação de programação de OS...
2026-06-19 02:00:21,702 - INFO - 🟨 Janela de confirmação de programação de OS detectada
2026-06-19 02:00:35,001 - INFO - 🟨 Janela de aviso de edição de OS programadas detectada
2026-06-19 02:00:42,204 - INFO - ⌛ aguardando janela de programação de lote de OS...
2026-06-19 02:01:07,702 - INFO - 🟨 Janela de aviso de substituição de lote de OS detectada
2026-06-19 02:01:27,805 - INFO - ⌛ aguardando janela de programação de lote de OS...
2026-06-19 02:01:53,358 - INFO - ⌛ aguardando janela de programação de lote de OS...
2026-06-19 02:01:53,621 - INFO - 🟨 Identificado falha no EQM
2026-06-19 02:01:53,621 - INFO - Capturando print...
2026-06-19 02:02:39,207 - INFO - ⌛ Aguardando janela de confirmação de programação de OS...
2026-06-19 02:03:04,660 - INFO - 🟨 Janela de confirmação de programação de OS detectada
2026-06-19 02:03:17,914 - INFO - 🟨 Janela de aviso de edição de OS programadas detectada
2026-06-19 02:03:25,127 - INFO - ⌛ aguardando janela de programação de lote de OS...
2026-06-19 02:03:50,691 - INFO - 🟨 Janela de aviso de substituição de lote de OS detectada
2026-06-19 02:04:10,793 - INFO - ⌛ aguardando janela de programação de lote de OS...
2026-06-19 02:04:36,396 - INFO - 🟨 Janela de programação de lote de OS detectada
2026-06-19 02:05:25,953 - INFO - 🟨 Janela de confirmação de programação de lote de OS detectada
2026-06-19 02:05:30,200 - INFO - ⌛ aguardando confirmação final de programação do lote
2026-06-19 02:05:55,676 - INFO - 🟨 programação do lote 14 efetuado com sucesso
2026-06-19 02:06:05,780 - INFO - 
=== Iniciando lote 15/472 [REDES] ===
2026-06-19 02:06:05,780 - INFO - 
=== abrir_janela_selecao ===
2026-06-19 02:06:12,085 - INFO - 
=== rotina abrir_selecao_colar_os ===
2026-06-19 02:06:12,126 - INFO - Janela de seleção aberta
2026-06-19 02:06:16,351 - INFO - DEBUG: idx=14, inicio=350, fim=375
2026-06-19 02:06:16,351 - INFO - ✅ 25 OS copiadas para a área de transferência.
2026-06-19 02:06:16,351 - INFO - 📋 Lote 15 copiado.
2026-06-19 02:06:24,681 - INFO - ⌛ Esperando mudança visual...
2026-06-19 02:06:25,696 - INFO - ⌛ Esperando mudança visual...
2026-06-19 02:06:26,711 - INFO - ⌛ Esperando mudança visual...
2026-06-19 02:06:27,728 - INFO - ⌛ Esperando mudança visual...
2026-06-19 02:06:28,743 - INFO - ⌛ Esperando mudança visual...
2026-06-19 02:06:29,758 - INFO - ⌛ Esperando mudança visual...
2026-06-19 02:06:30,775 - INFO - ⌛ Esperando mudança visual...
2026-06-19 02:06:31,791 - INFO - ⌛ Esperando mudança visual...
2026-06-19 02:06:32,807 - INFO - ⌛ Esperando mudança visual...
2026-06-19 02:06:33,822 - INFO - ✅ Tela carregada!
2026-06-19 02:06:37,824 - INFO - 
=== rotina desbloquear_os ===
2026-06-19 02:07:04,284 - INFO - ⌛ Aguardando janela de confirmação de desbloqueio...
2026-06-19 02:07:19,692 - INFO - 🟨 Registros desbloqueados com sucesso
2026-06-19 02:07:23,794 - INFO - 
=== rotina editar_os ===
2026-06-19 02:07:33,203 - INFO - ⌛ Aguardando janela de edição de OS...
2026-06-19 02:07:48,638 - INFO - 🟨 OS programadas detectadas
2026-06-19 02:07:51,741 - INFO - ⌛ Aguardando janela de edição de OS...
2026-06-19 02:08:07,162 - INFO - 🟨 Janela de edição de OS detectada
2026-06-19 02:08:28,507 - INFO - 🟨 Janela de edição de habilidade da turma detectada
2026-06-19 02:09:46,797 - INFO - ⌛ Aguardando detecção do campo de caracteristica 'EQUIPE PRÓPRIA OU EPS' ...
2026-06-19 02:10:06,150 - INFO - 🟨 campo de caracteristica 'EQUIPE PRÓPRIA OU EPS detectado
2026-06-19 02:10:27,906 - INFO - ⌛ Aguardando confirmação 4 - editar OS...
2026-06-19 02:10:43,358 - INFO - ⌛ Aguardando confirmação 4 - editar OS...
2026-06-19 02:10:58,841 - INFO - ⌛ Aguardando confirmação 4 - editar OS...
2026-06-19 02:11:14,290 - INFO - 🟨 Janela de confirmação 4 de edição de OS detectada
2026-06-19 02:11:18,392 - INFO - 
=== rotina programar_os ===
2026-06-19 02:11:44,916 - INFO - ⌛ Aguardando janela de confirmação de programação de OS...
2026-06-19 02:12:10,374 - INFO - 🟨 Janela de confirmação de programação de OS detectada
2026-06-19 02:12:23,677 - INFO - 🟨 Janela de aviso de edição de OS programadas detectada
2026-06-19 02:12:30,891 - INFO - ⌛ aguardando janela de programação de lote de OS...
2026-06-19 02:12:56,360 - INFO - 🟨 Janela de aviso de substituição de lote de OS detectada
2026-06-19 02:13:16,475 - INFO - ⌛ aguardando janela de programação de lote de OS...
2026-06-19 02:13:41,993 - INFO - ⌛ aguardando janela de programação de lote de OS...
2026-06-19 02:13:42,215 - INFO - 🟨 Identificado falha no EQM
2026-06-19 02:13:42,215 - INFO - Capturando print...
2026-06-19 02:14:27,792 - INFO - ⌛ Aguardando janela de confirmação de programação de OS...
2026-06-19 02:14:53,212 - INFO - 🟨 Janela de confirmação de programação de OS detectada
2026-06-19 02:15:06,502 - INFO - 🟨 Janela de aviso de edição de OS programadas detectada
2026-06-19 02:15:13,706 - INFO - ⌛ aguardando janela de programação de lote de OS...
2026-06-19 02:15:39,194 - INFO - 🟨 Janela de aviso de substituição de lote de OS detectada
2026-06-19 02:15:59,297 - INFO - ⌛ aguardando janela de programação de lote de OS...
2026-06-19 02:16:24,805 - INFO - 🟨 Janela de programação de lote de OS detectada
2026-06-19 02:17:14,303 - INFO - 🟨 Janela de confirmação de programação de lote de OS detectada
2026-06-19 02:17:18,540 - INFO - ⌛ aguardando confirmação final de programação do lote
2026-06-19 02:17:44,036 - INFO - 🟨 programação do lote 15 efetuado com sucesso
2026-06-19 02:17:54,140 - INFO - 
=== Iniciando lote 16/472 [REDES] ===
2026-06-19 02:17:54,140 - INFO - 
=== abrir_janela_selecao ===
2026-06-19 02:18:00,444 - INFO - 
=== rotina abrir_selecao_colar_os ===
2026-06-19 02:18:00,502 - INFO - Janela de seleção aberta
2026-06-19 02:18:04,724 - INFO - DEBUG: idx=15, inicio=375, fim=400
2026-06-19 02:18:04,724 - INFO - ✅ 25 OS copiadas para a área de transferência.
2026-06-19 02:18:04,724 - INFO - 📋 Lote 16 copiado.
2026-06-19 02:18:13,050 - INFO - ⌛ Esperando mudança visual...
2026-06-19 02:18:14,064 - INFO - ⌛ Esperando mudança visual...
2026-06-19 02:18:15,081 - INFO - ⌛ Esperando mudança visual...
2026-06-19 02:18:16,097 - INFO - ⌛ Esperando mudança visual...
2026-06-19 02:18:17,112 - INFO - ⌛ Esperando mudança visual...
2026-06-19 02:18:18,129 - INFO - ⌛ Esperando mudança visual...
2026-06-19 02:18:19,144 - INFO - ⌛ Esperando mudança visual...
2026-06-19 02:18:20,158 - INFO - ⌛ Esperando mudança visual...
2026-06-19 02:18:21,176 - INFO - ⌛ Esperando mudança visual...
2026-06-19 02:18:22,191 - INFO - ⌛ Esperando mudança visual...
2026-06-19 02:18:23,206 - INFO - ✅ Tela carregada!
2026-06-19 02:18:27,209 - INFO - 
=== rotina desbloquear_os ===
2026-06-19 02:18:53,659 - INFO - ⌛ Aguardando janela de confirmação de desbloqueio...
2026-06-19 02:19:09,076 - INFO - 🟨 Registros desbloqueados com sucesso
2026-06-19 02:19:13,179 - INFO - 
=== rotina editar_os ===
2026-06-19 02:19:22,589 - INFO - ⌛ Aguardando janela de edição de OS...
2026-06-19 02:19:38,015 - INFO - 🟨 OS programadas detectadas
2026-06-19 02:19:41,128 - INFO - ⌛ Aguardando janela de edição de OS...
2026-06-19 02:19:56,564 - INFO - 🟨 Janela de edição de OS detectada
2026-06-19 02:20:17,934 - INFO - 🟨 Janela de edição de habilidade da turma detectada
2026-06-19 02:21:36,241 - INFO - ⌛ Aguardando detecção do campo de caracteristica 'EQUIPE PRÓPRIA OU EPS' ...
2026-06-19 02:21:55,589 - INFO - 🟨 campo de caracteristica 'EQUIPE PRÓPRIA OU EPS detectado
2026-06-19 02:22:17,354 - INFO - ⌛ Aguardando confirmação 4 - editar OS...
2026-06-19 02:22:32,791 - INFO - ⌛ Aguardando confirmação 4 - editar OS...
2026-06-19 02:22:48,242 - INFO - ⌛ Aguardando confirmação 4 - editar OS...
2026-06-19 02:23:03,706 - INFO - 🟨 Janela de confirmação 4 de edição de OS detectada
2026-06-19 02:23:07,809 - INFO - 
=== rotina programar_os ===
2026-06-19 02:23:34,353 - INFO - ⌛ Aguardando janela de confirmação de programação de OS...
2026-06-19 02:23:59,783 - INFO - 🟨 Janela de confirmação de programação de OS detectada
2026-06-19 02:24:13,038 - INFO - 🟨 Janela de aviso de edição de OS programadas detectada
2026-06-19 02:24:20,243 - INFO - ⌛ aguardando janela de programação de lote de OS...
2026-06-19 02:24:45,739 - INFO - 🟨 Janela de aviso de substituição de lote de OS detectada
2026-06-19 02:25:05,842 - INFO - ⌛ aguardando janela de programação de lote de OS...
2026-06-19 02:25:31,318 - INFO - 🟨 Janela de programação de lote de OS detectada
2026-06-19 02:26:20,805 - INFO - 🟨 Janela de confirmação de programação de lote de OS detectada
2026-06-19 02:26:25,043 - INFO - ⌛ aguardando confirmação final de programação do lote
2026-06-19 02:26:50,520 - INFO - 🟨 programação do lote 16 efetuado com sucesso
2026-06-19 02:27:00,625 - INFO - 
=== Iniciando lote 17/472 [REDES] ===
2026-06-19 02:27:00,625 - INFO - 
=== abrir_janela_selecao ===
2026-06-19 02:27:06,930 - INFO - 
=== rotina abrir_selecao_colar_os ===
2026-06-19 02:27:06,976 - INFO - Janela de seleção aberta
2026-06-19 02:27:11,220 - INFO - DEBUG: idx=16, inicio=400, fim=425
2026-06-19 02:27:11,220 - INFO - ✅ 25 OS copiadas para a área de transferência.
2026-06-19 02:27:11,220 - INFO - 📋 Lote 17 copiado.
2026-06-19 02:27:19,547 - INFO - ⌛ Esperando mudança visual...
2026-06-19 02:27:20,561 - INFO - ⌛ Esperando mudança visual...
2026-06-19 02:27:21,578 - INFO - ⌛ Esperando mudança visual...
2026-06-19 02:27:22,593 - INFO - ⌛ Esperando mudança visual...
2026-06-19 02:27:23,608 - INFO - ⌛ Esperando mudança visual...
2026-06-19 02:27:24,625 - INFO - ⌛ Esperando mudança visual...
2026-06-19 02:27:25,641 - INFO - ⌛ Esperando mudança visual...
2026-06-19 02:27:26,655 - INFO - ⌛ Esperando mudança visual...
2026-06-19 02:27:27,673 - INFO - ⌛ Esperando mudança visual...
2026-06-19 02:27:28,688 - INFO - ✅ Tela carregada!
2026-06-19 02:27:32,689 - INFO - 
=== rotina desbloquear_os ===
2026-06-19 02:27:59,163 - INFO - ⌛ Aguardando janela de confirmação de desbloqueio...
2026-06-19 02:28:14,598 - INFO - 🟨 Registros desbloqueados com sucesso
2026-06-19 02:28:18,701 - INFO - 
=== rotina editar_os ===
2026-06-19 02:28:28,108 - INFO - ⌛ Aguardando janela de edição de OS...
2026-06-19 02:28:43,563 - INFO - 🟨 OS programadas detectadas
2026-06-19 02:28:46,666 - INFO - ⌛ Aguardando janela de edição de OS...
2026-06-19 02:29:02,089 - INFO - 🟨 Janela de edição de OS detectada
2026-06-19 02:29:23,447 - INFO - 🟨 Janela de edição de habilidade da turma detectada
2026-06-19 02:30:41,713 - INFO - ⌛ Aguardando detecção do campo de caracteristica 'EQUIPE PRÓPRIA OU EPS' ...
2026-06-19 02:31:01,061 - INFO - 🟨 campo de caracteristica 'EQUIPE PRÓPRIA OU EPS detectado
2026-06-19 02:31:22,836 - INFO - ⌛ Aguardando confirmação 4 - editar OS...
2026-06-19 02:31:38,360 - INFO - ⌛ Aguardando confirmação 4 - editar OS...
2026-06-19 02:31:53,946 - INFO - ⌛ Aguardando confirmação 4 - editar OS...
2026-06-19 02:32:09,476 - INFO - 🟨 Janela de confirmação 4 de edição de OS detectada
2026-06-19 02:32:13,579 - INFO - 
=== rotina programar_os ===
2026-06-19 02:32:40,114 - INFO - ⌛ Aguardando janela de confirmação de programação de OS...
2026-06-19 02:33:05,587 - INFO - 🟨 Janela de confirmação de programação de OS detectada
2026-06-19 02:33:18,895 - INFO - 🟨 Janela de aviso de edição de OS programadas detectada
2026-06-19 02:33:26,100 - INFO - ⌛ aguardando janela de programação de lote de OS...
2026-06-19 02:33:51,648 - INFO - 🟨 Janela de aviso de substituição de lote de OS detectada
2026-06-19 02:34:11,751 - INFO - ⌛ aguardando janela de programação de lote de OS...
2026-06-19 02:34:37,261 - INFO - 🟨 Janela de programação de lote de OS detectada
2026-06-19 02:35:26,764 - INFO - 🟨 Janela de confirmação de programação de lote de OS detectada
2026-06-19 02:35:31,008 - INFO - ⌛ aguardando confirmação final de programação do lote
2026-06-19 02:35:56,482 - INFO - 🟨 programação do lote 17 efetuado com sucesso
2026-06-19 02:36:06,586 - INFO - 
=== Iniciando lote 18/472 [REDES] ===
2026-06-19 02:36:06,586 - INFO - 
=== abrir_janela_selecao ===
2026-06-19 02:36:12,900 - INFO - 
=== rotina abrir_selecao_colar_os ===
2026-06-19 02:36:12,950 - INFO - Janela de seleção aberta
2026-06-19 02:36:17,167 - INFO - DEBUG: idx=17, inicio=425, fim=450
2026-06-19 02:36:17,167 - INFO - ✅ 25 OS copiadas para a área de transferência.
2026-06-19 02:36:17,167 - INFO - 📋 Lote 18 copiado.
2026-06-19 02:36:25,494 - INFO - ⌛ Esperando mudança visual...
2026-06-19 02:36:26,508 - INFO - ⌛ Esperando mudança visual...
2026-06-19 02:36:27,525 - INFO - ⌛ Esperando mudança visual...
2026-06-19 02:36:28,541 - INFO - ⌛ Esperando mudança visual...
2026-06-19 02:36:29,555 - INFO - ⌛ Esperando mudança visual...
2026-06-19 02:36:30,572 - INFO - ⌛ Esperando mudança visual...
2026-06-19 02:36:31,588 - INFO - ⌛ Esperando mudança visual...
2026-06-19 02:36:32,602 - INFO - ⌛ Esperando mudança visual...
2026-06-19 02:36:33,619 - INFO - ⌛ Esperando mudança visual...
2026-06-19 02:36:34,635 - INFO - ⌛ Esperando mudança visual...
2026-06-19 02:36:35,651 - INFO - ✅ Tela carregada!
2026-06-19 02:36:39,652 - INFO - 
=== rotina desbloquear_os ===
2026-06-19 02:37:06,123 - INFO - ⌛ Aguardando janela de confirmação de desbloqueio...
2026-06-19 02:37:21,576 - INFO - 🟨 Registros desbloqueados com sucesso
2026-06-19 02:37:25,678 - INFO - 
=== rotina editar_os ===
2026-06-19 02:37:35,094 - INFO - ⌛ Aguardando janela de edição de OS...
2026-06-19 02:37:50,593 - INFO - 🟨 OS programadas detectadas
2026-06-19 02:37:53,695 - INFO - ⌛ Aguardando janela de edição de OS...
2026-06-19 02:38:09,194 - INFO - 🟨 Janela de edição de OS detectada
2026-06-19 02:38:30,552 - INFO - 🟨 Janela de edição de habilidade da turma detectada
2026-06-19 02:39:48,855 - INFO - ⌛ Aguardando detecção do campo de caracteristica 'EQUIPE PRÓPRIA OU EPS' ...
2026-06-19 02:40:08,207 - INFO - 🟨 campo de caracteristica 'EQUIPE PRÓPRIA OU EPS detectado
2026-06-19 02:40:30,002 - INFO - ⌛ Aguardando confirmação 4 - editar OS...
2026-06-19 02:40:45,492 - INFO - ⌛ Aguardando confirmação 4 - editar OS...
2026-06-19 02:41:01,006 - INFO - ⌛ Aguardando confirmação 4 - editar OS...
2026-06-19 02:41:16,487 - INFO - 🟨 Janela de confirmação 4 de edição de OS detectada
2026-06-19 02:41:20,589 - INFO - 
=== rotina programar_os ===
2026-06-19 02:41:47,108 - INFO - ⌛ Aguardando janela de confirmação de programação de OS...
2026-06-19 02:42:12,546 - INFO - 🟨 Janela de confirmação de programação de OS detectada
2026-06-19 02:42:25,805 - INFO - 🟨 Janela de aviso de edição de OS programadas detectada
2026-06-19 02:42:33,020 - INFO - ⌛ aguardando janela de programação de lote de OS...
2026-06-19 02:42:58,498 - INFO - 🟨 Janela de aviso de substituição de lote de OS detectada
2026-06-19 02:43:18,604 - INFO - ⌛ aguardando janela de programação de lote de OS...
2026-06-19 02:43:44,192 - INFO - 🟨 Janela de programação de lote de OS detectada
2026-06-19 02:44:33,695 - INFO - 🟨 Janela de confirmação de programação de lote de OS detectada
2026-06-19 02:44:37,925 - INFO - ⌛ aguardando confirmação final de programação do lote
2026-06-19 02:45:03,443 - INFO - 🟨 programação do lote 18 efetuado com sucesso
2026-06-19 02:45:13,546 - INFO - 
=== Iniciando lote 19/472 [REDES] ===
2026-06-19 02:45:13,546 - INFO - 
=== abrir_janela_selecao ===
2026-06-19 02:45:19,851 - INFO - 
=== rotina abrir_selecao_colar_os ===
2026-06-19 02:45:19,902 - INFO - Janela de seleção aberta
2026-06-19 02:45:24,125 - INFO - DEBUG: idx=18, inicio=450, fim=475
2026-06-19 02:45:24,125 - INFO - ✅ 25 OS copiadas para a área de transferência.
2026-06-19 02:45:24,125 - INFO - 📋 Lote 19 copiado.
2026-06-19 02:45:32,456 - INFO - ⌛ Esperando mudança visual...
2026-06-19 02:45:33,473 - INFO - ⌛ Esperando mudança visual...
2026-06-19 02:45:34,488 - INFO - ⌛ Esperando mudança visual...
2026-06-19 02:45:35,503 - INFO - ⌛ Esperando mudança visual...
2026-06-19 02:45:36,520 - INFO - ⌛ Esperando mudança visual...
2026-06-19 02:45:37,535 - INFO - ⌛ Esperando mudança visual...
2026-06-19 02:45:38,551 - INFO - ⌛ Esperando mudança visual...
2026-06-19 02:45:39,565 - INFO - ⌛ Esperando mudança visual...
2026-06-19 02:45:40,582 - INFO - ⌛ Esperando mudança visual...
2026-06-19 02:45:41,598 - INFO - ✅ Tela carregada!
2026-06-19 02:45:45,599 - INFO - 
=== rotina desbloquear_os ===
2026-06-19 02:46:12,061 - INFO - ⌛ Aguardando janela de confirmação de desbloqueio...
2026-06-19 02:46:27,472 - INFO - 🟨 Registros desbloqueados com sucesso
2026-06-19 02:46:31,575 - INFO - 
=== rotina editar_os ===
2026-06-19 02:46:41,022 - INFO - ⌛ Aguardando janela de edição de OS...
2026-06-19 02:46:56,482 - INFO - 🟨 Janela de edição de OS detectada
2026-06-19 02:47:17,841 - INFO - 🟨 Janela de edição de habilidade da turma detectada
2026-06-19 02:48:36,112 - INFO - ⌛ Aguardando detecção do campo de caracteristica 'EQUIPE PRÓPRIA OU EPS' ...
2026-06-19 02:48:55,473 - INFO - 🟨 campo de caracteristica 'EQUIPE PRÓPRIA OU EPS detectado
2026-06-19 02:49:17,249 - INFO - ⌛ Aguardando confirmação 4 - editar OS...
2026-06-19 02:49:32,696 - INFO - ⌛ Aguardando confirmação 4 - editar OS...
2026-06-19 02:49:48,167 - INFO - ⌛ Aguardando confirmação 4 - editar OS...
2026-06-19 02:50:03,646 - INFO - 🟨 Janela de confirmação 4 de edição de OS detectada
2026-06-19 02:50:07,749 - INFO - 
=== rotina programar_os ===
2026-06-19 02:50:34,255 - INFO - ⌛ Aguardando janela de confirmação de programação de OS...
2026-06-19 02:50:59,719 - INFO - 🟨 Janela de confirmação de programação de OS detectada
2026-06-19 02:51:13,003 - INFO - ⌛ aguardando janela de programação de lote de OS...
2026-06-19 02:51:38,608 - INFO - 🟨 Janela de programação de lote de OS detectada
2026-06-19 02:52:28,108 - INFO - 🟨 Janela de confirmação de programação de lote de OS detectada
2026-06-19 02:52:32,336 - INFO - ⌛ aguardando confirmação final de programação do lote
2026-06-19 02:52:57,795 - INFO - 🟨 programação do lote 19 efetuado com sucesso
2026-06-19 02:53:07,899 - INFO - 
=== Iniciando lote 20/472 [REDES] ===
2026-06-19 02:53:07,899 - INFO - 
=== abrir_janela_selecao ===
2026-06-19 02:53:14,206 - INFO - 
=== rotina abrir_selecao_colar_os ===
2026-06-19 02:53:14,255 - INFO - Janela de seleção aberta
2026-06-19 02:53:18,475 - INFO - DEBUG: idx=19, inicio=475, fim=500
2026-06-19 02:53:18,475 - INFO - ✅ 25 OS copiadas para a área de transferência.
2026-06-19 02:53:18,475 - INFO - 📋 Lote 20 copiado.
2026-06-19 02:53:26,800 - INFO - ⌛ Esperando mudança visual...
2026-06-19 02:53:27,819 - INFO - ⌛ Esperando mudança visual...
2026-06-19 02:53:28,833 - INFO - ⌛ Esperando mudança visual...
2026-06-19 02:53:29,848 - INFO - ⌛ Esperando mudança visual...
2026-06-19 02:53:30,865 - INFO - ⌛ Esperando mudança visual...
2026-06-19 02:53:31,880 - INFO - ⌛ Esperando mudança visual...
2026-06-19 02:53:32,895 - INFO - ⌛ Esperando mudança visual...
2026-06-19 02:53:33,912 - INFO - ⌛ Esperando mudança visual...
2026-06-19 02:53:34,927 - INFO - ⌛ Esperando mudança visual...
2026-06-19 02:53:35,943 - INFO - ✅ Tela carregada!
2026-06-19 02:53:39,944 - INFO - 
=== rotina desbloquear_os ===
2026-06-19 02:54:06,426 - INFO - ⌛ Aguardando janela de confirmação de desbloqueio...
2026-06-19 02:54:21,838 - INFO - 🟨 Registros desbloqueados com sucesso
2026-06-19 02:54:25,940 - INFO - 
=== rotina editar_os ===
2026-06-19 02:54:35,349 - INFO - ⌛ Aguardando janela de edição de OS...
2026-06-19 02:54:50,819 - INFO - 🟨 Janela de edição de OS detectada
2026-06-19 02:55:12,173 - INFO - 🟨 Janela de edição de habilidade da turma detectada
2026-06-19 02:56:30,468 - INFO - ⌛ Aguardando detecção do campo de caracteristica 'EQUIPE PRÓPRIA OU EPS' ...
2026-06-19 02:56:49,821 - INFO - 🟨 campo de caracteristica 'EQUIPE PRÓPRIA OU EPS detectado
2026-06-19 02:57:11,595 - INFO - ⌛ Aguardando confirmação 4 - editar OS...
2026-06-19 02:57:27,087 - INFO - ⌛ Aguardando confirmação 4 - editar OS...
2026-06-19 02:57:42,583 - INFO - ⌛ Aguardando confirmação 4 - editar OS...
2026-06-19 02:57:58,080 - INFO - 🟨 Janela de confirmação 4 de edição de OS detectada
2026-06-19 02:58:02,182 - INFO - 
=== rotina programar_os ===
2026-06-19 02:58:28,700 - INFO - ⌛ Aguardando janela de confirmação de programação de OS...
2026-06-19 02:58:54,171 - INFO - 🟨 Janela de confirmação de programação de OS detectada
2026-06-19 02:59:07,444 - INFO - ⌛ aguardando janela de programação de lote de OS...
2026-06-19 02:59:32,952 - INFO - 🟨 Janela de programação de lote de OS detectada
2026-06-19 03:00:22,439 - INFO - 🟨 Janela de confirmação de programação de lote de OS detectada
2026-06-19 03:00:26,671 - INFO - ⌛ aguardando confirmação final de programação do lote
2026-06-19 03:00:52,170 - INFO - 🟨 programação do lote 20 efetuado com sucesso
2026-06-19 03:01:02,273 - INFO - 
=== Iniciando lote 21/472 [REDES] ===
2026-06-19 03:01:02,273 - INFO - 
=== abrir_janela_selecao ===
2026-06-19 03:01:08,579 - INFO - 
=== rotina abrir_selecao_colar_os ===
2026-06-19 03:01:08,636 - INFO - Janela de seleção aberta
2026-06-19 03:01:12,856 - INFO - DEBUG: idx=20, inicio=500, fim=525
2026-06-19 03:01:12,856 - INFO - ✅ 25 OS copiadas para a área de transferência.
2026-06-19 03:01:12,856 - INFO - 📋 Lote 21 copiado.
2026-06-19 03:01:21,184 - INFO - ⌛ Esperando mudança visual...
2026-06-19 03:01:22,198 - INFO - ⌛ Esperando mudança visual...
2026-06-19 03:01:23,215 - INFO - ⌛ Esperando mudança visual...
2026-06-19 03:01:24,231 - INFO - ⌛ Esperando mudança visual...
2026-06-19 03:01:25,245 - INFO - ⌛ Esperando mudança visual...
2026-06-19 03:01:26,262 - INFO - ⌛ Esperando mudança visual...
2026-06-19 03:01:27,278 - INFO - ⌛ Esperando mudança visual...
2026-06-19 03:01:28,292 - INFO - ⌛ Esperando mudança visual...
2026-06-19 03:01:29,309 - INFO - ⌛ Esperando mudança visual...
2026-06-19 03:01:30,325 - INFO - ✅ Tela carregada!
2026-06-19 03:01:34,326 - INFO - 
=== rotina desbloquear_os ===
2026-06-19 03:02:00,792 - INFO - ⌛ Aguardando janela de confirmação de desbloqueio...
2026-06-19 03:02:16,219 - INFO - 🟨 Registros desbloqueados com sucesso
2026-06-19 03:02:20,321 - INFO - 
=== rotina editar_os ===
2026-06-19 03:02:29,748 - INFO - ⌛ Aguardando janela de edição de OS...
2026-06-19 03:02:45,233 - INFO - 🟨 Janela de edição de OS detectada
2026-06-19 03:03:06,596 - INFO - 🟨 Janela de edição de habilidade da turma detectada
2026-06-19 03:04:24,895 - INFO - ⌛ Aguardando detecção do campo de caracteristica 'EQUIPE PRÓPRIA OU EPS' ...
2026-06-19 03:04:44,244 - INFO - 🟨 campo de caracteristica 'EQUIPE PRÓPRIA OU EPS detectado
2026-06-19 03:05:06,028 - INFO - ⌛ Aguardando confirmação 4 - editar OS...
2026-06-19 03:05:21,499 - INFO - ⌛ Aguardando confirmação 4 - editar OS...
2026-06-19 03:05:36,997 - INFO - ⌛ Aguardando confirmação 4 - editar OS...
2026-06-19 03:05:52,452 - INFO - 🟨 Janela de confirmação 4 de edição de OS detectada
2026-06-19 03:05:56,564 - INFO - 
=== rotina programar_os ===
2026-06-19 03:06:23,072 - INFO - ⌛ Aguardando janela de confirmação de programação de OS...
2026-06-19 03:06:48,493 - INFO - 🟨 Janela de confirmação de programação de OS detectada
2026-06-19 03:07:01,746 - INFO - ⌛ aguardando janela de programação de lote de OS...
2026-06-19 03:07:27,279 - INFO - 🟨 Janela de programação de lote de OS detectada
2026-06-19 03:08:16,782 - INFO - 🟨 Janela de confirmação de programação de lote de OS detectada
2026-06-19 03:08:21,003 - INFO - ⌛ aguardando confirmação final de programação do lote
2026-06-19 03:08:46,512 - INFO - 🟨 programação do lote 21 efetuado com sucesso
2026-06-19 03:08:56,616 - INFO - 
=== Iniciando lote 22/472 [REDES] ===
2026-06-19 03:08:56,617 - INFO - 
=== abrir_janela_selecao ===
2026-06-19 03:09:02,921 - INFO - 
=== rotina abrir_selecao_colar_os ===
2026-06-19 03:09:02,962 - INFO - Janela de seleção aberta
2026-06-19 03:09:07,187 - INFO - DEBUG: idx=21, inicio=525, fim=550
2026-06-19 03:09:07,187 - INFO - ✅ 25 OS copiadas para a área de transferência.
2026-06-19 03:09:07,187 - INFO - 📋 Lote 22 copiado.
2026-06-19 03:09:15,516 - INFO - ⌛ Esperando mudança visual...
2026-06-19 03:09:16,532 - INFO - ⌛ Esperando mudança visual...
2026-06-19 03:09:17,548 - INFO - ⌛ Esperando mudança visual...
2026-06-19 03:09:18,563 - INFO - ⌛ Esperando mudança visual...
2026-06-19 03:09:19,580 - INFO - ⌛ Esperando mudança visual...
2026-06-19 03:09:20,593 - INFO - ⌛ Esperando mudança visual...
2026-06-19 03:09:21,610 - INFO - ⌛ Esperando mudança visual...
2026-06-19 03:09:22,626 - INFO - ⌛ Esperando mudança visual...
2026-06-19 03:09:23,640 - INFO - ⌛ Esperando mudança visual...
2026-06-19 03:09:24,657 - INFO - ⌛ Esperando mudança visual...
2026-06-19 03:09:25,673 - INFO - ✅ Tela carregada!
2026-06-19 03:09:29,674 - INFO - 
=== rotina desbloquear_os ===
2026-06-19 03:09:56,138 - INFO - ⌛ Aguardando janela de confirmação de desbloqueio...
2026-06-19 03:10:11,572 - INFO - 🟨 Registros desbloqueados com sucesso
2026-06-19 03:10:15,674 - INFO - 
=== rotina editar_os ===
2026-06-19 03:10:25,089 - INFO - ⌛ Aguardando janela de edição de OS...
2026-06-19 03:10:40,543 - INFO - 🟨 OS programadas detectadas
2026-06-19 03:10:43,646 - INFO - ⌛ Aguardando janela de edição de OS...
2026-06-19 03:10:59,111 - INFO - 🟨 Janela de edição de OS detectada
2026-06-19 03:11:20,465 - INFO - 🟨 Janela de edição de habilidade da turma detectada
2026-06-19 03:12:38,772 - INFO - ⌛ Aguardando detecção do campo de caracteristica 'EQUIPE PRÓPRIA OU EPS' ...
2026-06-19 03:12:58,124 - INFO - 🟨 campo de caracteristica 'EQUIPE PRÓPRIA OU EPS detectado
2026-06-19 03:13:19,886 - INFO - ⌛ Aguardando confirmação 4 - editar OS...
2026-06-19 03:13:35,327 - INFO - ⌛ Aguardando confirmação 4 - editar OS...
2026-06-19 03:13:50,798 - INFO - ⌛ Aguardando confirmação 4 - editar OS...
2026-06-19 03:14:06,290 - INFO - 🟨 Janela de confirmação 4 de edição de OS detectada
2026-06-19 03:14:10,392 - INFO - 
=== rotina programar_os ===
2026-06-19 03:14:36,938 - INFO - ⌛ Aguardando janela de confirmação de programação de OS...
2026-06-19 03:15:02,436 - INFO - ⌛ Aguardando janela de confirmação de programação de OS...
2026-06-19 03:15:27,998 - INFO - ⌛ Aguardando janela de confirmação de programação de OS...
2026-06-19 03:15:53,466 - INFO - ⌛ Aguardando janela de confirmação de programação de OS...
2026-06-19 03:16:18,897 - INFO - ⌛ Aguardando janela de confirmação de programação de OS...
2026-06-19 03:16:44,358 - INFO - ⌛ Aguardando janela de confirmação de programação de OS...
2026-06-19 03:17:09,803 - INFO - ⌛ Aguardando janela de confirmação de programação de OS...
2026-06-19 03:17:35,232 - INFO - ⌛ Aguardando janela de confirmação de programação de OS...
2026-06-19 03:18:00,687 - INFO - ⌛ Aguardando janela de confirmação de programação de OS...
2026-06-19 03:18:26,139 - INFO - ⌛ Aguardando janela de confirmação de programação de OS...
2026-06-19 03:18:51,591 - INFO - ⌛ Aguardando janela de confirmação de programação de OS...
2026-06-19 03:19:17,031 - INFO - ⌛ Aguardando janela de confirmação de programação de OS...
2026-06-19 03:19:42,487 - INFO - ⌛ Aguardando janela de confirmação de programação de OS...
2026-06-19 03:20:07,971 - INFO - ⌛ Aguardando janela de confirmação de programação de OS...
2026-06-19 03:20:33,424 - INFO - ⌛ Aguardando janela de confirmação de programação de OS...
2026-06-19 03:20:58,872 - INFO - ⌛ Aguardando janela de confirmação de programação de OS...
2026-06-19 03:21:24,327 - INFO - ⌛ Aguardando janela de confirmação de programação de OS...
2026-06-19 03:21:49,777 - INFO - ⌛ Aguardando janela de confirmação de programação de OS...
2026-06-19 03:22:15,228 - INFO - ⌛ Aguardando janela de confirmação de programação de OS...
2026-06-19 03:22:40,723 - INFO - ⌛ Aguardando janela de confirmação de programação de OS...
2026-06-19 03:23:06,168 - INFO - ⌛ Aguardando janela de confirmação de programação de OS...
2026-06-19 03:23:31,620 - INFO - ⌛ Aguardando janela de confirmação de programação de OS...
2026-06-19 03:23:57,093 - INFO - ⌛ Aguardando janela de confirmação de programação de OS...
2026-06-19 03:24:22,517 - INFO - ⌛ Aguardando janela de confirmação de programação de OS...
2026-06-19 03:24:47,939 - INFO - ⌛ Aguardando janela de confirmação de programação de OS...
2026-06-19 03:25:13,368 - INFO - ⌛ Aguardando janela de confirmação de programação de OS...
2026-06-19 03:25:38,817 - INFO - ⌛ Aguardando janela de confirmação de programação de OS...
2026-06-19 03:26:04,260 - INFO - ⌛ Aguardando janela de confirmação de programação de OS...
2026-06-19 03:26:29,718 - INFO - ⌛ Aguardando janela de confirmação de programação de OS...
2026-06-19 03:26:55,160 - INFO - ⌛ Aguardando janela de confirmação de programação de OS...
2026-06-19 03:27:20,597 - INFO - ⌛ Aguardando janela de confirmação de programação de OS...
2026-06-19 03:27:46,032 - INFO - ⌛ Aguardando janela de confirmação de programação de OS...
2026-06-19 03:28:11,446 - INFO - ⌛ Aguardando janela de confirmação de programação de OS...
2026-06-19 03:28:36,907 - INFO - ⌛ Aguardando janela de confirmação de programação de OS...
2026-06-19 03:29:02,346 - INFO - ⌛ Aguardando janela de confirmação de programação de OS...
2026-06-19 03:29:27,788 - INFO - ⌛ Aguardando janela de confirmação de programação de OS...
2026-06-19 03:29:53,231 - INFO - ⌛ Aguardando janela de confirmação de programação de OS...
2026-06-19 03:30:18,685 - INFO - ⌛ Aguardando janela de confirmação de programação de OS...
2026-06-19 03:30:44,134 - INFO - ⌛ Aguardando janela de confirmação de programação de OS...
2026-06-19 03:31:09,588 - INFO - ⌛ Aguardando janela de confirmação de programação de OS...
2026-06-19 03:31:35,057 - INFO - ⌛ Aguardando janela de confirmação de programação de OS...
2026-06-19 03:32:00,538 - INFO - ⌛ Aguardando janela de confirmação de programação de OS...
2026-06-19 03:32:25,991 - INFO - ⌛ Aguardando janela de confirmação de programação de OS...
2026-06-19 03:32:51,432 - INFO - ⌛ Aguardando janela de confirmação de programação de OS...
2026-06-19 03:33:16,872 - INFO - ⌛ Aguardando janela de confirmação de programação de OS...
2026-06-19 03:33:42,324 - INFO - ⌛ Aguardando janela de confirmação de programação de OS...
2026-06-19 03:34:07,813 - INFO - ⌛ Aguardando janela de confirmação de programação de OS...
2026-06-19 03:34:33,314 - INFO - ⌛ Aguardando janela de confirmação de programação de OS...
2026-06-19 03:34:58,819 - INFO - ⌛ Aguardando janela de confirmação de programação de OS...
2026-06-19 03:35:24,309 - INFO - ⌛ Aguardando janela de confirmação de programação de OS...
2026-06-19 03:35:49,772 - INFO - ⌛ Aguardando janela de confirmação de programação de OS...
2026-06-19 03:36:15,228 - INFO - ⌛ Aguardando janela de confirmação de programação de OS...
2026-06-19 03:36:40,692 - INFO - ⌛ Aguardando janela de confirmação de programação de OS...
2026-06-19 03:37:06,157 - INFO - ⌛ Aguardando janela de confirmação de programação de OS...
2026-06-19 03:37:31,640 - INFO - ⌛ Aguardando janela de confirmação de programação de OS...
2026-06-19 03:37:57,137 - INFO - ⌛ Aguardando janela de confirmação de programação de OS...
2026-06-19 03:38:22,602 - INFO - ⌛ Aguardando janela de confirmação de programação de OS...
2026-06-19 03:38:48,068 - INFO - ⌛ Aguardando janela de confirmação de programação de OS...
2026-06-19 03:39:13,545 - INFO - ⌛ Aguardando janela de confirmação de programação de OS...
2026-06-19 03:39:39,018 - INFO - ⌛ Aguardando janela de confirmação de programação de OS...
2026-06-19 03:40:04,483 - INFO - ⌛ Aguardando janela de confirmação de programação de OS...
2026-06-19 03:40:29,977 - INFO - ⌛ Aguardando janela de confirmação de programação de OS...
2026-06-19 03:40:55,445 - INFO - ⌛ Aguardando janela de confirmação de programação de OS...
2026-06-19 03:41:20,937 - INFO - ⌛ Aguardando janela de confirmação de programação de OS...
2026-06-19 03:41:46,414 - INFO - ⌛ Aguardando janela de confirmação de programação de OS...
2026-06-19 03:42:11,934 - INFO - ⌛ Aguardando janela de confirmação de programação de OS...
2026-06-19 03:42:37,444 - INFO - ⌛ Aguardando janela de confirmação de programação de OS...
2026-06-19 03:43:02,902 - INFO - ⌛ Aguardando janela de confirmação de programação de OS...
2026-06-19 03:43:28,386 - INFO - ⌛ Aguardando janela de confirmação de programação de OS...
2026-06-19 03:43:53,890 - INFO - ⌛ Aguardando janela de confirmação de programação de OS...
2026-06-19 03:44:19,360 - INFO - ⌛ Aguardando janela de confirmação de programação de OS...
2026-06-19 03:44:44,855 - INFO - ⌛ Aguardando janela de confirmação de programação de OS...
2026-06-19 03:45:10,318 - INFO - ⌛ Aguardando janela de confirmação de programação de OS...
2026-06-19 03:45:35,784 - INFO - ⌛ Aguardando janela de confirmação de programação de OS...
2026-06-19 03:46:01,280 - INFO - ⌛ Aguardando janela de confirmação de programação de OS...
2026-06-19 03:46:26,763 - INFO - ⌛ Aguardando janela de confirmação de programação de OS...
2026-06-19 03:46:52,267 - INFO - ⌛ Aguardando janela de confirmação de programação de OS...
2026-06-19 03:47:17,754 - INFO - ⌛ Aguardando janela de confirmação de programação de OS...
2026-06-19 03:47:43,228 - INFO - ⌛ Aguardando janela de confirmação de programação de OS...
2026-06-19 03:48:08,725 - INFO - ⌛ Aguardando janela de confirmação de programação de OS...
2026-06-19 03:48:34,186 - INFO - ⌛ Aguardando janela de confirmação de programação de OS...
2026-06-19 03:48:59,673 - INFO - ⌛ Aguardando janela de confirmação de programação de OS...
2026-06-19 03:49:25,177 - INFO - ⌛ Aguardando janela de confirmação de programação de OS...
2026-06-19 03:49:50,707 - INFO - ⌛ Aguardando janela de confirmação de programação de OS...
2026-06-19 03:50:16,235 - INFO - ⌛ Aguardando janela de confirmação de programação de OS...
2026-06-19 03:50:41,753 - INFO - ⌛ Aguardando janela de confirmação de programação de OS...
2026-06-19 03:51:07,378 - INFO - ⌛ Aguardando janela de confirmação de programação de OS...
2026-06-19 03:51:32,906 - INFO - ⌛ Aguardando janela de confirmação de programação de OS...
2026-06-19 03:51:58,403 - INFO - ⌛ Aguardando janela de confirmação de programação de OS...
2026-06-19 03:52:23,921 - INFO - ⌛ Aguardando janela de confirmação de programação de OS...
2026-06-19 03:52:49,429 - INFO - ⌛ Aguardando janela de confirmação de programação de OS...
2026-06-19 03:53:14,886 - INFO - ⌛ Aguardando janela de confirmação de programação de OS...
2026-06-19 03:53:40,344 - INFO - ⌛ Aguardando janela de confirmação de programação de OS...
2026-06-19 03:54:05,874 - INFO - ⌛ Aguardando janela de confirmação de programação de OS...
2026-06-19 03:54:31,363 - INFO - verificando janela oculta
2026-06-19 03:54:51,824 - INFO - ⏱️ Tempo limite atingido. Abortando seleção
2026-06-19 03:54:51,824 - INFO - Capturando print...
