2026-06-09 09:04:38,604 - INFO - Data hoje: 09/06/2026
2026-06-09 09:04:38,604 - INFO - Data de referência: 30/06/2026
2026-06-09 09:06:15,993 - INFO - Qtde OS de LINHA VIVA: 897
2026-06-09 09:06:15,993 - INFO - Qtde OS poda de LINHA MORTA: 787
2026-06-09 09:06:15,993 - INFO - Qtde OS estrutural de LINHA MORTA : 14333
2026-06-09 09:06:15,993 - INFO - Qtde OS poda de LINHA MORTA fora carteira: 672
2026-06-09 09:06:15,993 - INFO - Qtde OS para desprogramar: 2001
2026-06-09 09:06:15,994 - INFO - 
 Qtd de lotes de LM: 32
2026-06-09 09:06:15,994 - INFO - 
 Qtd de lotes de LV: 36
2026-06-09 09:06:15,998 - INFO - 
 Qtd de lotes de ESTRUTURAL LM: 574
2026-06-09 09:06:15,998 - INFO - 
 Qtd de lotes de LEVE: 27
2026-06-09 09:06:15,998 - INFO - 
 Qtd de lotes para desprogramar: 81
2026-06-09 09:06:15,999 - INFO - 
=== Iniciando lote 1/36 [LV] ===
2026-06-09 09:06:15,999 - INFO - 
=== abrir_janela_selecao ===
2026-06-09 09:06:22,309 - INFO - 
=== rotina abrir_selecao_colar_os ===
2026-06-09 09:06:22,378 - INFO - ⌛ Aguardando janela de seleção...
2026-06-09 09:06:32,812 - INFO - ⌛ Aguardando janela de seleção...
2026-06-09 09:06:43,253 - INFO - ⌛ Aguardando janela de seleção...
2026-06-09 09:06:53,654 - INFO - Janela de seleção aberta
2026-06-09 09:06:57,879 - INFO - DEBUG: idx=0, inicio=0, fim=25
2026-06-09 09:06:57,879 - INFO - ✅ 25 OS copiadas para a área de transferência.
2026-06-09 09:06:57,879 - INFO - 📋 Lote 1 copiado.
2026-06-09 09:07:06,217 - INFO - ⌛ Esperando mudança visual...
2026-06-09 09:07:07,236 - INFO - ✅ Tela carregada!
2026-06-09 09:07:11,237 - INFO - 
=== rotina desbloquear_os ===
2026-06-09 09:07:37,720 - INFO - ⌛ Aguardando janela de confirmação de desbloqueio...
2026-06-09 09:07:53,126 - INFO - 🟨 Registros desbloqueados com sucesso
2026-06-09 09:07:57,240 - INFO - 
=== rotina editar_os ===
2026-06-09 09:08:06,647 - INFO - ⌛ Aguardando janela de edição de OS...
2026-06-09 09:08:22,076 - INFO - 🟨 OS programadas detectadas
2026-06-09 09:08:25,191 - INFO - ⌛ Aguardando janela de edição de OS...
2026-06-09 09:08:40,630 - INFO - 🟨 Janela de edição de OS detectada
2026-06-09 09:09:01,999 - INFO - 🟨 Janela de edição de habilidade da turma detectada
2026-06-09 09:10:20,304 - INFO - ⌛ Aguardando detecção do campo de caracteristica 'EQUIPE PRÓPRIA OU EPS' ...
2026-06-09 09:10:39,679 - INFO - 🟨 campo de caracteristica 'EQUIPE PRÓPRIA OU EPS detectado
2026-06-09 09:11:01,518 - INFO - ⌛ Aguardando confirmação 4 - editar OS...
2026-06-09 09:11:16,969 - INFO - ⌛ Aguardando confirmação 4 - editar OS...
2026-06-09 09:11:17,107 - INFO - 🟨 Identificado travamento no EQM, reiniciando contador de espera
2026-06-09 09:11:32,449 - INFO - ⌛ Aguardando confirmação 4 - editar OS...
2026-06-09 09:11:32,572 - INFO - 🟨 Identificado travamento no EQM, reiniciando contador de espera
2026-06-09 09:11:47,961 - INFO - ⌛ Aguardando confirmação 4 - editar OS...
2026-06-09 09:12:03,446 - INFO - 🟨 Janela de confirmação 4 de edição de OS detectada
2026-06-09 09:12:07,559 - INFO - 
=== rotina programar_os ===
2026-06-09 09:12:34,096 - INFO - ⌛ Aguardando janela de confirmação de programação de OS...
2026-06-09 09:12:59,586 - INFO - 🟨 Janela de confirmação de programação de OS detectada
2026-06-09 09:13:12,889 - INFO - 🟨 Janela de aviso de edição de OS programadas detectada
2026-06-09 09:13:20,104 - INFO - ⌛ aguardando janela de programação de lote de OS...
2026-06-09 09:13:45,684 - INFO - 🟨 Janela de aviso de substituição de lote de OS detectada
2026-06-09 09:14:05,787 - INFO - ⌛ aguardando janela de programação de lote de OS...
2026-06-09 09:14:31,360 - INFO - 🟨 Janela de programação de lote de OS detectada
2026-06-09 09:15:20,861 - INFO - 🟨 Janela de confirmação de programação de lote de OS detectada
2026-06-09 09:15:25,096 - INFO - ⌛ aguardando confirmação final de programação do lote
2026-06-09 09:15:50,596 - INFO - ⌛ aguardando confirmação final de programação do lote
2026-06-09 09:16:16,097 - INFO - 🟨 programação do lote 1 efetuado com sucesso
2026-06-09 09:16:26,201 - INFO - 
=== Iniciando lote 2/36 [LV] ===
2026-06-09 09:16:26,201 - INFO - 
=== abrir_janela_selecao ===
2026-06-09 09:16:32,508 - INFO - 
=== rotina abrir_selecao_colar_os ===
2026-06-09 09:16:32,574 - INFO - Janela de seleção aberta
2026-06-09 09:16:36,803 - INFO - DEBUG: idx=1, inicio=25, fim=50
2026-06-09 09:16:36,803 - INFO - ✅ 25 OS copiadas para a área de transferência.
2026-06-09 09:16:36,803 - INFO - 📋 Lote 2 copiado.
2026-06-09 09:16:45,129 - INFO - ⌛ Esperando mudança visual...
2026-06-09 09:16:46,144 - INFO - ⌛ Esperando mudança visual...
2026-06-09 09:16:47,160 - INFO - ⌛ Esperando mudança visual...
2026-06-09 09:16:48,176 - INFO - ⌛ Esperando mudança visual...
2026-06-09 09:16:49,192 - INFO - ⌛ Esperando mudança visual...
2026-06-09 09:16:50,207 - INFO - ⌛ Esperando mudança visual...
2026-06-09 09:16:51,223 - INFO - ⌛ Esperando mudança visual...
2026-06-09 09:16:52,240 - INFO - ⌛ Esperando mudança visual...
2026-06-09 09:16:53,254 - INFO - ⌛ Esperando mudança visual...
2026-06-09 09:16:54,269 - INFO - ⌛ Esperando mudança visual...
2026-06-09 09:16:55,285 - INFO - ✅ Tela carregada!
2026-06-09 09:16:59,289 - INFO - 
=== rotina desbloquear_os ===
2026-06-09 09:17:25,762 - INFO - ⌛ Aguardando janela de confirmação de desbloqueio...
2026-06-09 09:17:41,209 - INFO - 🟨 Registros desbloqueados com sucesso
2026-06-09 09:17:45,317 - INFO - 
=== rotina editar_os ===
2026-06-09 09:17:54,761 - INFO - ⌛ Aguardando janela de edição de OS...
2026-06-09 09:18:10,260 - INFO - 🟨 OS programadas detectadas
2026-06-09 09:18:13,365 - INFO - ⌛ Aguardando janela de edição de OS...
2026-06-09 09:18:28,844 - INFO - 🟨 Janela de edição de OS detectada
2026-06-09 09:18:50,204 - INFO - 🟨 Janela de edição de habilidade da turma detectada
2026-06-09 09:20:08,504 - INFO - ⌛ Aguardando detecção do campo de caracteristica 'EQUIPE PRÓPRIA OU EPS' ...
2026-06-09 09:20:27,873 - INFO - 🟨 campo de caracteristica 'EQUIPE PRÓPRIA OU EPS detectado
2026-06-09 09:20:49,707 - INFO - ⌛ Aguardando confirmação 4 - editar OS...
2026-06-09 09:21:05,212 - INFO - ⌛ Aguardando confirmação 4 - editar OS...
2026-06-09 09:21:20,742 - INFO - ⌛ Aguardando confirmação 4 - editar OS...
2026-06-09 09:21:36,256 - INFO - 🟨 Janela de confirmação 4 de edição de OS detectada
2026-06-09 09:21:40,375 - INFO - 
=== rotina programar_os ===
2026-06-09 09:22:06,943 - INFO - ⌛ Aguardando janela de confirmação de programação de OS...
2026-06-09 09:22:32,467 - INFO - 🟨 Janela de confirmação de programação de OS detectada
2026-06-09 09:22:45,790 - INFO - 🟨 Janela de aviso de edição de OS programadas detectada
2026-06-09 09:22:52,995 - INFO - ⌛ aguardando janela de programação de lote de OS...
2026-06-09 09:23:18,588 - INFO - 🟨 Janela de aviso de substituição de lote de OS detectada
2026-06-09 09:23:38,694 - INFO - ⌛ aguardando janela de programação de lote de OS...
2026-06-09 09:24:04,196 - INFO - 🟨 Janela de programação de lote de OS detectada
2026-06-09 09:24:53,705 - INFO - 🟨 Janela de confirmação de programação de lote de OS detectada
2026-06-09 09:24:57,934 - INFO - ⌛ aguardando confirmação final de programação do lote
2026-06-09 09:25:23,409 - INFO - 🟨 programação do lote 2 efetuado com sucesso
2026-06-09 09:25:33,514 - INFO - 
=== Iniciando lote 3/36 [LV] ===
2026-06-09 09:25:33,514 - INFO - 
=== abrir_janela_selecao ===
2026-06-09 09:25:39,825 - INFO - 
=== rotina abrir_selecao_colar_os ===
2026-06-09 09:25:39,882 - INFO - Janela de seleção aberta
2026-06-09 09:25:44,111 - INFO - DEBUG: idx=2, inicio=50, fim=75
2026-06-09 09:25:44,111 - INFO - ✅ 25 OS copiadas para a área de transferência.
2026-06-09 09:25:44,111 - INFO - 📋 Lote 3 copiado.
2026-06-09 09:25:52,437 - INFO - ⌛ Esperando mudança visual...
2026-06-09 09:25:53,453 - INFO - ⌛ Esperando mudança visual...
2026-06-09 09:25:54,469 - INFO - ⌛ Esperando mudança visual...
2026-06-09 09:25:55,484 - INFO - ⌛ Esperando mudança visual...
2026-06-09 09:25:56,500 - INFO - ⌛ Esperando mudança visual...
2026-06-09 09:25:57,516 - INFO - ⌛ Esperando mudança visual...
2026-06-09 09:25:58,533 - INFO - ⌛ Esperando mudança visual...
2026-06-09 09:25:59,547 - INFO - ⌛ Esperando mudança visual...
2026-06-09 09:26:00,562 - INFO - ⌛ Esperando mudança visual...
2026-06-09 09:26:01,578 - INFO - ⌛ Esperando mudança visual...
2026-06-09 09:26:02,594 - INFO - ⌛ Esperando mudança visual...
2026-06-09 09:26:03,610 - INFO - ✅ Tela carregada!
2026-06-09 09:26:07,616 - INFO - 
=== rotina desbloquear_os ===
2026-06-09 09:26:34,078 - INFO - ⌛ Aguardando janela de confirmação de desbloqueio...
2026-06-09 09:26:49,496 - INFO - ⌛ Aguardando janela de confirmação de desbloqueio...
2026-06-09 09:27:04,909 - INFO - 🟨 Registros desbloqueados com sucesso
2026-06-09 09:27:09,017 - INFO - 
=== rotina editar_os ===
2026-06-09 09:27:18,427 - INFO - ⌛ Aguardando janela de edição de OS...
2026-06-09 09:27:33,858 - INFO - 🟨 OS programadas detectadas
2026-06-09 09:27:36,966 - INFO - ⌛ Aguardando janela de edição de OS...
2026-06-09 09:27:52,406 - INFO - 🟨 Janela de edição de OS detectada
2026-06-09 09:28:13,763 - INFO - 🟨 Janela de edição de habilidade da turma detectada
2026-06-09 09:29:32,080 - INFO - ⌛ Aguardando detecção do campo de caracteristica 'EQUIPE PRÓPRIA OU EPS' ...
2026-06-09 09:29:51,441 - INFO - 🟨 campo de caracteristica 'EQUIPE PRÓPRIA OU EPS detectado
2026-06-09 09:30:13,225 - INFO - ⌛ Aguardando confirmação 4 - editar OS...
2026-06-09 09:30:28,658 - INFO - ⌛ Aguardando confirmação 4 - editar OS...
2026-06-09 09:30:28,784 - INFO - 🟨 Identificado travamento no EQM, reiniciando contador de espera
2026-06-09 09:30:44,110 - INFO - ⌛ Aguardando confirmação 4 - editar OS...
2026-06-09 09:30:59,596 - INFO - ⌛ Aguardando confirmação 4 - editar OS...
2026-06-09 09:31:15,045 - INFO - 🟨 Janela de confirmação 4 de edição de OS detectada
2026-06-09 09:31:19,148 - INFO - 
=== rotina programar_os ===
2026-06-09 09:31:45,704 - INFO - ⌛ Aguardando janela de confirmação de programação de OS...
2026-06-09 09:32:11,138 - INFO - 🟨 Janela de confirmação de programação de OS detectada
2026-06-09 09:32:24,391 - INFO - 🟨 Janela de aviso de edição de OS programadas detectada
2026-06-09 09:32:31,596 - INFO - ⌛ aguardando janela de programação de lote de OS...
2026-06-09 09:32:57,156 - INFO - 🟨 Janela de aviso de substituição de lote de OS detectada
2026-06-09 09:33:17,266 - INFO - ⌛ aguardando janela de programação de lote de OS...
2026-06-09 09:33:42,837 - INFO - 🟨 Janela de programação de lote de OS detectada
2026-06-09 09:34:32,371 - INFO - 🟨 Janela de confirmação de programação de lote de OS detectada
2026-06-09 09:34:36,600 - INFO - ⌛ aguardando confirmação final de programação do lote
2026-06-09 09:35:02,093 - INFO - ⌛ aguardando confirmação final de programação do lote
2026-06-09 09:35:27,618 - INFO - 🟨 programação do lote 3 efetuado com sucesso
2026-06-09 09:35:37,723 - INFO - 
=== Iniciando lote 4/36 [LV] ===
2026-06-09 09:35:37,724 - INFO - 
=== abrir_janela_selecao ===
2026-06-09 09:35:44,032 - INFO - 
=== rotina abrir_selecao_colar_os ===
2026-06-09 09:35:44,083 - INFO - Janela de seleção aberta
2026-06-09 09:35:48,297 - INFO - DEBUG: idx=3, inicio=75, fim=100
2026-06-09 09:35:48,297 - INFO - ✅ 25 OS copiadas para a área de transferência.
2026-06-09 09:35:48,297 - INFO - 📋 Lote 4 copiado.
2026-06-09 09:35:56,656 - INFO - ⌛ Esperando mudança visual...
2026-06-09 09:35:57,673 - INFO - ⌛ Esperando mudança visual...
2026-06-09 09:35:58,689 - INFO - ⌛ Esperando mudança visual...
2026-06-09 09:35:59,706 - INFO - ⌛ Esperando mudança visual...
2026-06-09 09:36:00,720 - INFO - ⌛ Esperando mudança visual...
2026-06-09 09:36:01,735 - INFO - ⌛ Esperando mudança visual...
2026-06-09 09:36:02,751 - INFO - ⌛ Esperando mudança visual...
2026-06-09 09:36:03,768 - INFO - ⌛ Esperando mudança visual...
2026-06-09 09:36:04,782 - INFO - ⌛ Esperando mudança visual...
2026-06-09 09:36:05,798 - INFO - ⌛ Esperando mudança visual...
2026-06-09 09:36:06,814 - INFO - ✅ Tela carregada!
2026-06-09 09:36:10,818 - INFO - 
=== rotina desbloquear_os ===
2026-06-09 09:36:37,299 - INFO - ⌛ Aguardando janela de confirmação de desbloqueio...
2026-06-09 09:36:52,740 - INFO - ⌛ Aguardando janela de confirmação de desbloqueio...
2026-06-09 09:37:08,212 - INFO - 🟨 Registros desbloqueados com sucesso
2026-06-09 09:37:12,317 - INFO - 
=== rotina editar_os ===
2026-06-09 09:37:21,740 - INFO - ⌛ Aguardando janela de edição de OS...
2026-06-09 09:37:37,189 - INFO - 🟨 OS programadas detectadas
2026-06-09 09:37:40,292 - INFO - ⌛ Aguardando janela de edição de OS...
2026-06-09 09:37:55,770 - INFO - 🟨 Janela de edição de OS detectada
2026-06-09 09:38:17,134 - INFO - 🟨 Janela de edição de habilidade da turma detectada
2026-06-09 09:39:35,439 - INFO - ⌛ Aguardando detecção do campo de caracteristica 'EQUIPE PRÓPRIA OU EPS' ...
2026-06-09 09:39:54,799 - INFO - 🟨 campo de caracteristica 'EQUIPE PRÓPRIA OU EPS detectado
2026-06-09 09:40:16,597 - INFO - ⌛ Aguardando confirmação 4 - editar OS...
2026-06-09 09:40:32,066 - INFO - ⌛ Aguardando confirmação 4 - editar OS...
2026-06-09 09:40:32,188 - INFO - 🟨 Identificado travamento no EQM, reiniciando contador de espera
2026-06-09 09:40:47,534 - INFO - ⌛ Aguardando confirmação 4 - editar OS...
2026-06-09 09:40:47,672 - INFO - 🟨 Identificado travamento no EQM, reiniciando contador de espera
2026-06-09 09:41:03,153 - INFO - ⌛ Aguardando confirmação 4 - editar OS...
2026-06-09 09:41:18,827 - INFO - 🟨 Janela de confirmação 4 de edição de OS detectada
2026-06-09 09:41:22,936 - INFO - 
=== rotina programar_os ===
2026-06-09 09:41:49,483 - INFO - ⌛ Aguardando janela de confirmação de programação de OS...
2026-06-09 09:42:14,926 - INFO - 🟨 Janela de confirmação de programação de OS detectada
2026-06-09 09:42:28,195 - INFO - 🟨 Janela de aviso de edição de OS programadas detectada
2026-06-09 09:42:35,401 - INFO - ⌛ aguardando janela de programação de lote de OS...
2026-06-09 09:43:00,901 - INFO - 🟨 Janela de aviso de substituição de lote de OS detectada
2026-06-09 09:43:21,019 - INFO - ⌛ aguardando janela de programação de lote de OS...
2026-06-09 09:43:46,530 - INFO - 🟨 Janela de programação de lote de OS detectada
2026-06-09 09:44:36,036 - INFO - 🟨 Janela de confirmação de programação de lote de OS detectada
2026-06-09 09:44:40,250 - INFO - ⌛ aguardando confirmação final de programação do lote
2026-06-09 09:45:05,703 - INFO - 🟨 programação do lote 4 efetuado com sucesso
2026-06-09 09:45:15,811 - INFO - 
=== Iniciando lote 5/36 [LV] ===
2026-06-09 09:45:15,811 - INFO - 
=== abrir_janela_selecao ===
2026-06-09 09:45:22,120 - INFO - 
=== rotina abrir_selecao_colar_os ===
2026-06-09 09:45:22,165 - INFO - Janela de seleção aberta
2026-06-09 09:45:26,412 - INFO - DEBUG: idx=4, inicio=100, fim=125
2026-06-09 09:45:26,412 - INFO - ✅ 25 OS copiadas para a área de transferência.
2026-06-09 09:45:26,412 - INFO - 📋 Lote 5 copiado.
2026-06-09 09:45:34,739 - INFO - ⌛ Esperando mudança visual...
2026-06-09 09:45:35,752 - INFO - ⌛ Esperando mudança visual...
2026-06-09 09:45:36,770 - INFO - ⌛ Esperando mudança visual...
2026-06-09 09:45:37,783 - INFO - ⌛ Esperando mudança visual...
2026-06-09 09:45:38,799 - INFO - ⌛ Esperando mudança visual...
2026-06-09 09:45:39,815 - INFO - ⌛ Esperando mudança visual...
2026-06-09 09:45:40,830 - INFO - ⌛ Esperando mudança visual...
2026-06-09 09:45:41,846 - INFO - ⌛ Esperando mudança visual...
2026-06-09 09:45:42,862 - INFO - ⌛ Esperando mudança visual...
2026-06-09 09:45:43,877 - INFO - ⌛ Esperando mudança visual...
2026-06-09 09:45:44,893 - INFO - ✅ Tela carregada!
2026-06-09 09:45:48,896 - INFO - 
=== rotina desbloquear_os ===
2026-06-09 09:46:15,344 - INFO - ⌛ Aguardando janela de confirmação de desbloqueio...
2026-06-09 09:46:30,765 - INFO - ⌛ Aguardando janela de confirmação de desbloqueio...
2026-06-09 09:46:46,188 - INFO - 🟨 Registros desbloqueados com sucesso
2026-06-09 09:46:50,292 - INFO - 
=== rotina editar_os ===
2026-06-09 09:46:59,694 - INFO - ⌛ Aguardando janela de edição de OS...
2026-06-09 09:47:15,130 - INFO - 🟨 OS programadas detectadas
2026-06-09 09:47:18,233 - INFO - ⌛ Aguardando janela de edição de OS...
2026-06-09 09:47:33,675 - INFO - 🟨 Janela de edição de OS detectada
2026-06-09 09:47:55,038 - INFO - 🟨 Janela de edição de habilidade da turma detectada
2026-06-09 09:49:13,347 - INFO - ⌛ Aguardando detecção do campo de caracteristica 'EQUIPE PRÓPRIA OU EPS' ...
2026-06-09 09:49:32,700 - INFO - 🟨 campo de caracteristica 'EQUIPE PRÓPRIA OU EPS detectado
2026-06-09 09:49:54,471 - INFO - ⌛ Aguardando confirmação 4 - editar OS...
2026-06-09 09:50:09,915 - INFO - ⌛ Aguardando confirmação 4 - editar OS...
2026-06-09 09:50:10,086 - INFO - 🟨 Identificado travamento no EQM, reiniciando contador de espera
2026-06-09 09:50:25,460 - INFO - ⌛ Aguardando confirmação 4 - editar OS...
2026-06-09 09:50:40,942 - INFO - ⌛ Aguardando confirmação 4 - editar OS...
2026-06-09 09:50:56,406 - INFO - ⌛ Aguardando confirmação 4 - editar OS...
2026-06-09 09:51:11,858 - INFO - 🟨 Janela de confirmação 4 de edição de OS detectada
2026-06-09 09:51:15,968 - INFO - 
=== rotina programar_os ===
2026-06-09 09:51:42,512 - INFO - ⌛ Aguardando janela de confirmação de programação de OS...
2026-06-09 09:52:07,992 - INFO - 🟨 Janela de confirmação de programação de OS detectada
2026-06-09 09:52:21,251 - INFO - 🟨 Janela de aviso de edição de OS programadas detectada
2026-06-09 09:52:28,465 - INFO - ⌛ aguardando janela de programação de lote de OS...
2026-06-09 09:52:53,968 - INFO - 🟨 Janela de aviso de substituição de lote de OS detectada
2026-06-09 09:53:14,070 - INFO - ⌛ aguardando janela de programação de lote de OS...
2026-06-09 09:53:39,575 - INFO - 🟨 Janela de programação de lote de OS detectada
2026-06-09 09:54:29,141 - INFO - 🟨 Janela de confirmação de programação de lote de OS detectada
2026-06-09 09:54:33,360 - INFO - ⌛ aguardando confirmação final de programação do lote
2026-06-09 09:54:58,838 - INFO - ⌛ aguardando confirmação final de programação do lote
2026-06-09 09:55:24,330 - INFO - 🟨 programação do lote 5 efetuado com sucesso
2026-06-09 09:55:34,434 - INFO - 
=== Iniciando lote 6/36 [LV] ===
2026-06-09 09:55:34,435 - INFO - 
=== abrir_janela_selecao ===
2026-06-09 09:55:40,743 - INFO - 
=== rotina abrir_selecao_colar_os ===
2026-06-09 09:55:40,789 - INFO - Janela de seleção aberta
2026-06-09 09:55:45,020 - INFO - DEBUG: idx=5, inicio=125, fim=150
2026-06-09 09:55:45,020 - INFO - ✅ 25 OS copiadas para a área de transferência.
2026-06-09 09:55:45,020 - INFO - 📋 Lote 6 copiado.
2026-06-09 09:55:53,342 - INFO - ⌛ Esperando mudança visual...
2026-06-09 09:55:54,359 - INFO - ⌛ Esperando mudança visual...
2026-06-09 09:55:55,374 - INFO - ⌛ Esperando mudança visual...
2026-06-09 09:55:56,390 - INFO - ⌛ Esperando mudança visual...
2026-06-09 09:55:57,405 - INFO - ⌛ Esperando mudança visual...
2026-06-09 09:55:58,424 - INFO - ⌛ Esperando mudança visual...
2026-06-09 09:55:59,439 - INFO - ⌛ Esperando mudança visual...
2026-06-09 09:56:00,453 - INFO - ⌛ Esperando mudança visual...
2026-06-09 09:56:01,469 - INFO - ⌛ Esperando mudança visual...
2026-06-09 09:56:02,483 - INFO - ⌛ Esperando mudança visual...
2026-06-09 09:56:03,501 - INFO - ✅ Tela carregada!
2026-06-09 09:56:07,503 - INFO - 
=== rotina desbloquear_os ===
2026-06-09 09:56:33,969 - INFO - ⌛ Aguardando janela de confirmação de desbloqueio...
2026-06-09 09:56:49,381 - INFO - 🟨 Registros desbloqueados com sucesso
2026-06-09 09:56:53,488 - INFO - 
=== rotina editar_os ===
2026-06-09 09:57:02,890 - INFO - ⌛ Aguardando janela de edição de OS...
2026-06-09 09:57:18,342 - INFO - 🟨 OS programadas detectadas
2026-06-09 09:57:21,458 - INFO - ⌛ Aguardando janela de edição de OS...
2026-06-09 09:57:36,965 - INFO - 🟨 Janela de edição de OS detectada
2026-06-09 09:57:58,329 - INFO - 🟨 Janela de edição de habilidade da turma detectada
2026-06-09 09:59:16,642 - INFO - ⌛ Aguardando detecção do campo de caracteristica 'EQUIPE PRÓPRIA OU EPS' ...
2026-06-09 09:59:36,006 - INFO - 🟨 campo de caracteristica 'EQUIPE PRÓPRIA OU EPS detectado
2026-06-09 09:59:57,798 - INFO - ⌛ Aguardando confirmação 4 - editar OS...
2026-06-09 10:00:13,312 - INFO - ⌛ Aguardando confirmação 4 - editar OS...
2026-06-09 10:00:13,420 - INFO - 🟨 Identificado travamento no EQM, reiniciando contador de espera
2026-06-09 10:00:28,751 - INFO - ⌛ Aguardando confirmação 4 - editar OS...
2026-06-09 10:00:44,266 - INFO - 🟨 Janela de confirmação 4 de edição de OS detectada
2026-06-09 10:00:48,369 - INFO - 
=== rotina programar_os ===
2026-06-09 10:01:14,908 - INFO - ⌛ Aguardando janela de confirmação de programação de OS...
2026-06-09 10:01:40,381 - INFO - 🟨 Janela de confirmação de programação de OS detectada
2026-06-09 10:01:53,666 - INFO - 🟨 Janela de aviso de edição de OS programadas detectada
2026-06-09 10:02:00,872 - INFO - ⌛ aguardando janela de programação de lote de OS...
2026-06-09 10:02:26,419 - INFO - 🟨 Janela de aviso de substituição de lote de OS detectada
2026-06-09 10:02:46,522 - INFO - ⌛ aguardando janela de programação de lote de OS...
2026-06-09 10:03:12,043 - INFO - 🟨 Janela de programação de lote de OS detectada
2026-06-09 10:04:01,580 - INFO - 🟨 Janela de confirmação de programação de lote de OS detectada
2026-06-09 10:04:05,806 - INFO - ⌛ aguardando confirmação final de programação do lote
2026-06-09 10:04:31,311 - INFO - 🟨 programação do lote 6 efetuado com sucesso
2026-06-09 10:04:41,433 - INFO - 
=== Iniciando lote 7/36 [LV] ===
2026-06-09 10:04:41,434 - INFO - 
=== abrir_janela_selecao ===
2026-06-09 10:04:47,757 - INFO - 
=== rotina abrir_selecao_colar_os ===
2026-06-09 10:04:47,800 - INFO - Janela de seleção aberta
2026-06-09 10:04:52,029 - INFO - DEBUG: idx=6, inicio=150, fim=175
2026-06-09 10:04:52,030 - INFO - ✅ 25 OS copiadas para a área de transferência.
2026-06-09 10:04:52,030 - INFO - 📋 Lote 7 copiado.
2026-06-09 10:05:00,358 - INFO - ⌛ Esperando mudança visual...
2026-06-09 10:05:01,370 - INFO - ⌛ Esperando mudança visual...
2026-06-09 10:05:02,387 - INFO - ⌛ Esperando mudança visual...
2026-06-09 10:05:03,401 - INFO - ⌛ Esperando mudança visual...
2026-06-09 10:05:04,416 - INFO - ⌛ Esperando mudança visual...
2026-06-09 10:05:05,432 - INFO - ⌛ Esperando mudança visual...
2026-06-09 10:05:06,448 - INFO - ⌛ Esperando mudança visual...
2026-06-09 10:05:07,463 - INFO - ⌛ Esperando mudança visual...
2026-06-09 10:05:08,479 - INFO - ⌛ Esperando mudança visual...
2026-06-09 10:05:09,495 - INFO - ⌛ Esperando mudança visual...
2026-06-09 10:05:10,511 - INFO - ⌛ Esperando mudança visual...
2026-06-09 10:05:11,526 - INFO - ⌛ Esperando mudança visual...
2026-06-09 10:05:12,541 - INFO - ✅ Tela carregada!
2026-06-09 10:05:16,545 - INFO - 
=== rotina desbloquear_os ===
2026-06-09 10:05:43,020 - INFO - ⌛ Aguardando janela de confirmação de desbloqueio...
2026-06-09 10:05:58,411 - INFO - 🟨 Registros desbloqueados com sucesso
2026-06-09 10:06:02,514 - INFO - 
=== rotina editar_os ===
2026-06-09 10:06:11,925 - INFO - ⌛ Aguardando janela de edição de OS...
2026-06-09 10:06:27,377 - INFO - 🟨 OS programadas detectadas
2026-06-09 10:06:30,481 - INFO - ⌛ Aguardando janela de edição de OS...
2026-06-09 10:06:45,932 - INFO - 🟨 Janela de edição de OS detectada
2026-06-09 10:07:07,332 - INFO - 🟨 Janela de edição de habilidade da turma detectada
2026-06-09 10:08:25,634 - INFO - ⌛ Aguardando detecção do campo de caracteristica 'EQUIPE PRÓPRIA OU EPS' ...
2026-06-09 10:08:45,012 - INFO - 🟨 campo de caracteristica 'EQUIPE PRÓPRIA OU EPS detectado
2026-06-09 10:09:06,809 - INFO - ⌛ Aguardando confirmação 4 - editar OS...
2026-06-09 10:09:22,297 - INFO - ⌛ Aguardando confirmação 4 - editar OS...
2026-06-09 10:09:37,812 - INFO - ⌛ Aguardando confirmação 4 - editar OS...
2026-06-09 10:09:53,281 - INFO - 🟨 Janela de confirmação 4 de edição de OS detectada
2026-06-09 10:09:57,398 - INFO - 
=== rotina programar_os ===
2026-06-09 10:10:23,907 - INFO - ⌛ Aguardando janela de confirmação de programação de OS...
2026-06-09 10:10:49,347 - INFO - 🟨 Janela de confirmação de programação de OS detectada
2026-06-09 10:11:02,601 - INFO - 🟨 Janela de aviso de edição de OS programadas detectada
2026-06-09 10:11:09,811 - INFO - ⌛ aguardando janela de programação de lote de OS...
2026-06-09 10:11:35,305 - INFO - 🟨 Janela de aviso de substituição de lote de OS detectada
2026-06-09 10:11:55,429 - INFO - ⌛ aguardando janela de programação de lote de OS...
2026-06-09 10:12:20,936 - INFO - 🟨 Janela de programação de lote de OS detectada
2026-06-09 10:13:10,444 - INFO - 🟨 Janela de confirmação de programação de lote de OS detectada
2026-06-09 10:13:14,716 - INFO - ⌛ aguardando confirmação final de programação do lote
2026-06-09 10:13:40,267 - INFO - ⌛ aguardando confirmação final de programação do lote
2026-06-09 10:14:05,732 - INFO - 🟨 programação do lote 7 efetuado com sucesso
2026-06-09 10:14:15,841 - INFO - 
=== Iniciando lote 8/36 [LV] ===
2026-06-09 10:14:15,841 - INFO - 
=== abrir_janela_selecao ===
2026-06-09 10:14:22,148 - INFO - 
=== rotina abrir_selecao_colar_os ===
2026-06-09 10:14:22,200 - INFO - Janela de seleção aberta
2026-06-09 10:14:26,433 - INFO - DEBUG: idx=7, inicio=175, fim=200
2026-06-09 10:14:26,434 - INFO - ✅ 25 OS copiadas para a área de transferência.
2026-06-09 10:14:26,434 - INFO - 📋 Lote 8 copiado.
2026-06-09 10:14:34,758 - INFO - ⌛ Esperando mudança visual...
2026-06-09 10:14:35,770 - INFO - ⌛ Esperando mudança visual...
2026-06-09 10:14:36,786 - INFO - ⌛ Esperando mudança visual...
2026-06-09 10:14:37,802 - INFO - ⌛ Esperando mudança visual...
2026-06-09 10:14:38,817 - INFO - ⌛ Esperando mudança visual...
2026-06-09 10:14:39,833 - INFO - ⌛ Esperando mudança visual...
2026-06-09 10:14:40,849 - INFO - ⌛ Esperando mudança visual...
2026-06-09 10:14:41,865 - INFO - ⌛ Esperando mudança visual...
2026-06-09 10:14:42,881 - INFO - ⌛ Esperando mudança visual...
2026-06-09 10:14:43,896 - INFO - ⌛ Esperando mudança visual...
2026-06-09 10:14:44,912 - INFO - ✅ Tela carregada!
2026-06-09 10:14:48,916 - INFO - 
=== rotina desbloquear_os ===
2026-06-09 10:15:15,381 - INFO - ⌛ Aguardando janela de confirmação de desbloqueio...
2026-06-09 10:15:30,820 - INFO - ⌛ Aguardando janela de confirmação de desbloqueio...
2026-06-09 10:15:46,283 - INFO - 🟨 Registros desbloqueados com sucesso
2026-06-09 10:15:50,390 - INFO - 
=== rotina editar_os ===
2026-06-09 10:15:59,803 - INFO - ⌛ Aguardando janela de edição de OS...
2026-06-09 10:16:15,320 - INFO - 🟨 OS programadas detectadas
2026-06-09 10:16:18,424 - INFO - ⌛ Aguardando janela de edição de OS...
2026-06-09 10:16:33,887 - INFO - 🟨 Janela de edição de OS detectada
2026-06-09 10:16:55,260 - INFO - 🟨 Janela de edição de habilidade da turma detectada
2026-06-09 10:18:13,569 - INFO - ⌛ Aguardando detecção do campo de caracteristica 'EQUIPE PRÓPRIA OU EPS' ...
2026-06-09 10:18:32,933 - INFO - 🟨 campo de caracteristica 'EQUIPE PRÓPRIA OU EPS detectado
2026-06-09 10:18:54,729 - INFO - ⌛ Aguardando confirmação 4 - editar OS...
2026-06-09 10:19:10,180 - INFO - ⌛ Aguardando confirmação 4 - editar OS...
2026-06-09 10:19:10,300 - INFO - 🟨 Identificado travamento no EQM, reiniciando contador de espera
2026-06-09 10:19:25,649 - INFO - ⌛ Aguardando confirmação 4 - editar OS...
2026-06-09 10:19:25,769 - INFO - 🟨 Identificado travamento no EQM, reiniciando contador de espera
2026-06-09 10:19:41,122 - INFO - ⌛ Aguardando confirmação 4 - editar OS...
2026-06-09 10:19:56,637 - INFO - ⌛ Aguardando confirmação 4 - editar OS...
2026-06-09 10:20:12,138 - INFO - 🟨 Janela de confirmação 4 de edição de OS detectada
2026-06-09 10:20:16,245 - INFO - 
=== rotina programar_os ===
2026-06-09 10:20:42,793 - INFO - ⌛ Aguardando janela de confirmação de programação de OS...
2026-06-09 10:21:08,289 - INFO - 🟨 Janela de confirmação de programação de OS detectada
2026-06-09 10:21:21,584 - INFO - 🟨 Janela de aviso de edição de OS programadas detectada
2026-06-09 10:21:28,816 - INFO - ⌛ aguardando janela de programação de lote de OS...
2026-06-09 10:21:54,386 - INFO - 🟨 Janela de aviso de substituição de lote de OS detectada
2026-06-09 10:22:14,490 - INFO - ⌛ aguardando janela de programação de lote de OS...
2026-06-09 10:22:40,031 - INFO - 🟨 Janela de programação de lote de OS detectada
2026-06-09 10:23:29,560 - INFO - 🟨 Janela de confirmação de programação de lote de OS detectada
2026-06-09 10:23:33,787 - INFO - ⌛ aguardando confirmação final de programação do lote
2026-06-09 10:23:59,262 - INFO - 🟨 programação do lote 8 efetuado com sucesso
2026-06-09 10:24:09,367 - INFO - 
=== Iniciando lote 9/36 [LV] ===
2026-06-09 10:24:09,367 - INFO - 
=== abrir_janela_selecao ===
2026-06-09 10:24:15,674 - INFO - 
=== rotina abrir_selecao_colar_os ===
2026-06-09 10:24:15,725 - INFO - Janela de seleção aberta
2026-06-09 10:24:19,952 - INFO - DEBUG: idx=8, inicio=200, fim=225
2026-06-09 10:24:19,952 - INFO - ✅ 25 OS copiadas para a área de transferência.
2026-06-09 10:24:19,952 - INFO - 📋 Lote 9 copiado.
2026-06-09 10:24:28,286 - INFO - ⌛ Esperando mudança visual...
2026-06-09 10:24:29,303 - INFO - ⌛ Esperando mudança visual...
2026-06-09 10:24:30,319 - INFO - ⌛ Esperando mudança visual...
2026-06-09 10:24:31,334 - INFO - ⌛ Esperando mudança visual...
2026-06-09 10:24:32,350 - INFO - ⌛ Esperando mudança visual...
2026-06-09 10:24:33,366 - INFO - ⌛ Esperando mudança visual...
2026-06-09 10:24:34,382 - INFO - ⌛ Esperando mudança visual...
2026-06-09 10:24:35,396 - INFO - ⌛ Esperando mudança visual...
2026-06-09 10:24:36,412 - INFO - ⌛ Esperando mudança visual...
2026-06-09 10:24:37,428 - INFO - ⌛ Esperando mudança visual...
2026-06-09 10:24:38,444 - INFO - ⌛ Esperando mudança visual...
2026-06-09 10:24:39,460 - INFO - ⌛ Esperando mudança visual...
2026-06-09 10:24:40,475 - INFO - ✅ Tela carregada!
2026-06-09 10:24:44,479 - INFO - 
=== rotina desbloquear_os ===
2026-06-09 10:25:10,947 - INFO - ⌛ Aguardando janela de confirmação de desbloqueio...
2026-06-09 10:25:26,379 - INFO - ⌛ Aguardando janela de confirmação de desbloqueio...
2026-06-09 10:25:41,824 - INFO - 🟨 Registros desbloqueados com sucesso
2026-06-09 10:25:45,927 - INFO - 
=== rotina editar_os ===
2026-06-09 10:25:55,366 - INFO - ⌛ Aguardando janela de edição de OS...
2026-06-09 10:26:10,835 - INFO - 🟨 OS programadas detectadas
2026-06-09 10:26:13,940 - INFO - ⌛ Aguardando janela de edição de OS...
2026-06-09 10:26:29,399 - INFO - 🟨 Janela de edição de OS detectada
2026-06-09 10:26:50,756 - INFO - 🟨 Janela de edição de habilidade da turma detectada
2026-06-09 10:28:09,064 - INFO - ⌛ Aguardando detecção do campo de caracteristica 'EQUIPE PRÓPRIA OU EPS' ...
2026-06-09 10:28:28,426 - INFO - 🟨 campo de caracteristica 'EQUIPE PRÓPRIA OU EPS detectado
2026-06-09 10:28:50,184 - INFO - ⌛ Aguardando confirmação 4 - editar OS...
2026-06-09 10:29:05,630 - INFO - ⌛ Aguardando confirmação 4 - editar OS...
2026-06-09 10:29:05,765 - INFO - 🟨 Identificado travamento no EQM, reiniciando contador de espera
2026-06-09 10:29:21,079 - INFO - ⌛ Aguardando confirmação 4 - editar OS...
2026-06-09 10:29:36,598 - INFO - ⌛ Aguardando confirmação 4 - editar OS...
2026-06-09 10:29:52,115 - INFO - 🟨 Janela de confirmação 4 de edição de OS detectada
2026-06-09 10:29:56,219 - INFO - 
=== rotina programar_os ===
2026-06-09 10:30:22,752 - INFO - ⌛ Aguardando janela de confirmação de programação de OS...
2026-06-09 10:30:48,206 - INFO - 🟨 Janela de confirmação de programação de OS detectada
2026-06-09 10:31:01,456 - INFO - 🟨 Janela de aviso de edição de OS programadas detectada
2026-06-09 10:31:08,666 - INFO - ⌛ aguardando janela de programação de lote de OS...
2026-06-09 10:31:34,178 - INFO - 🟨 Janela de aviso de substituição de lote de OS detectada
2026-06-09 10:31:54,299 - INFO - ⌛ aguardando janela de programação de lote de OS...
2026-06-09 10:32:19,804 - INFO - 🟨 Janela de programação de lote de OS detectada
2026-06-09 10:33:09,316 - INFO - 🟨 Janela de confirmação de programação de lote de OS detectada
2026-06-09 10:33:13,529 - INFO - ⌛ aguardando confirmação final de programação do lote
2026-06-09 10:33:39,002 - INFO - ⌛ aguardando confirmação final de programação do lote
2026-06-09 10:34:04,486 - INFO - 🟨 programação do lote 9 efetuado com sucesso
2026-06-09 10:34:14,592 - INFO - 
=== Iniciando lote 10/36 [LV] ===
2026-06-09 10:34:14,593 - INFO - 
=== abrir_janela_selecao ===
2026-06-09 10:34:20,918 - INFO - 
=== rotina abrir_selecao_colar_os ===
2026-06-09 10:34:20,970 - INFO - Janela de seleção aberta
2026-06-09 10:34:25,201 - INFO - DEBUG: idx=9, inicio=225, fim=250
2026-06-09 10:34:25,201 - INFO - ✅ 25 OS copiadas para a área de transferência.
2026-06-09 10:34:25,201 - INFO - 📋 Lote 10 copiado.
2026-06-09 10:34:33,529 - INFO - ⌛ Esperando mudança visual...
2026-06-09 10:34:34,541 - INFO - ⌛ Esperando mudança visual...
2026-06-09 10:34:35,557 - INFO - ⌛ Esperando mudança visual...
2026-06-09 10:34:36,572 - INFO - ⌛ Esperando mudança visual...
2026-06-09 10:34:37,588 - INFO - ⌛ Esperando mudança visual...
2026-06-09 10:34:38,604 - INFO - ⌛ Esperando mudança visual...
2026-06-09 10:34:39,619 - INFO - ⌛ Esperando mudança visual...
2026-06-09 10:34:40,637 - INFO - ⌛ Esperando mudança visual...
2026-06-09 10:34:41,650 - INFO - ⌛ Esperando mudança visual...
2026-06-09 10:34:42,666 - INFO - ⌛ Esperando mudança visual...
2026-06-09 10:34:43,682 - INFO - ⌛ Esperando mudança visual...
2026-06-09 10:34:44,700 - INFO - ⌛ Esperando mudança visual...
2026-06-09 10:34:45,715 - INFO - ⌛ Esperando mudança visual...
2026-06-09 10:34:46,729 - INFO - ✅ Tela carregada!
2026-06-09 10:34:50,733 - INFO - 
=== rotina desbloquear_os ===
2026-06-09 10:35:17,214 - INFO - ⌛ Aguardando janela de confirmação de desbloqueio...
2026-06-09 10:35:32,652 - INFO - 🟨 Registros desbloqueados com sucesso
2026-06-09 10:35:36,755 - INFO - 
=== rotina editar_os ===
2026-06-09 10:35:46,166 - INFO - ⌛ Aguardando janela de edição de OS...
2026-06-09 10:36:01,635 - INFO - 🟨 OS programadas detectadas
2026-06-09 10:36:04,739 - INFO - ⌛ Aguardando janela de edição de OS...
2026-06-09 10:36:20,208 - INFO - 🟨 Janela de edição de OS detectada
2026-06-09 10:36:41,590 - INFO - 🟨 Janela de edição de habilidade da turma detectada
2026-06-09 10:37:59,885 - INFO - ⌛ Aguardando detecção do campo de caracteristica 'EQUIPE PRÓPRIA OU EPS' ...
2026-06-09 10:38:19,263 - INFO - 🟨 campo de caracteristica 'EQUIPE PRÓPRIA OU EPS detectado
2026-06-09 10:38:41,059 - INFO - ⌛ Aguardando confirmação 4 - editar OS...
2026-06-09 10:38:56,577 - INFO - ⌛ Aguardando confirmação 4 - editar OS...
2026-06-09 10:38:56,714 - INFO - 🟨 Identificado travamento no EQM, reiniciando contador de espera
2026-06-09 10:39:12,077 - INFO - ⌛ Aguardando confirmação 4 - editar OS...
2026-06-09 10:39:12,197 - INFO - 🟨 Identificado travamento no EQM, reiniciando contador de espera
2026-06-09 10:39:27,548 - INFO - ⌛ Aguardando confirmação 4 - editar OS...
2026-06-09 10:39:43,049 - INFO - ⌛ Aguardando confirmação 4 - editar OS...
2026-06-09 10:39:58,533 - INFO - ⌛ Aguardando confirmação 4 - editar OS...
2026-06-09 10:40:14,016 - INFO - 🟨 Janela de confirmação 4 de edição de OS detectada
2026-06-09 10:40:18,119 - INFO - 
=== rotina programar_os ===
2026-06-09 10:40:44,646 - INFO - ⌛ Aguardando janela de confirmação de programação de OS...
2026-06-09 10:41:10,095 - INFO - 🟨 Janela de confirmação de programação de OS detectada
2026-06-09 10:41:23,361 - INFO - 🟨 Janela de aviso de edição de OS programadas detectada
2026-06-09 10:41:30,567 - INFO - ⌛ aguardando janela de programação de lote de OS...
2026-06-09 10:41:56,162 - INFO - 🟨 Janela de aviso de substituição de lote de OS detectada
2026-06-09 10:42:16,265 - INFO - ⌛ aguardando janela de programação de lote de OS...
2026-06-09 10:42:41,799 - INFO - 🟨 Janela de aviso de substituição de lote de OS detectada
2026-06-09 10:43:01,903 - INFO - ⌛ aguardando janela de programação de lote de OS...
2026-06-09 10:43:02,034 - INFO - 🟨 Identificado travamento no EQM, reiniciando contador de espera
2026-06-09 10:43:27,455 - INFO - 🟨 Janela de aviso de substituição de lote de OS detectada
2026-06-09 10:43:47,557 - INFO - ⌛ aguardando janela de programação de lote de OS...
2026-06-09 10:43:47,690 - INFO - 🟨 Identificado travamento no EQM, reiniciando contador de espera
2026-06-09 10:44:13,093 - INFO - 🟨 Janela de aviso de substituição de lote de OS detectada
2026-06-09 10:44:33,195 - INFO - ⌛ aguardando janela de programação de lote de OS...
2026-06-09 10:44:33,343 - INFO - 🟨 Identificado travamento no EQM, reiniciando contador de espera
2026-06-09 10:44:58,722 - INFO - 🟨 Janela de aviso de substituição de lote de OS detectada
2026-06-09 10:45:18,829 - INFO - ⌛ aguardando janela de programação de lote de OS...
2026-06-09 10:45:18,966 - INFO - 🟨 Identificado travamento no EQM, reiniciando contador de espera
2026-06-09 10:45:44,326 - INFO - 🟨 Janela de aviso de substituição de lote de OS detectada
2026-06-09 10:46:04,433 - INFO - ⌛ aguardando janela de programação de lote de OS...
2026-06-09 10:46:04,568 - INFO - 🟨 Identificado travamento no EQM, reiniciando contador de espera
2026-06-09 10:46:29,925 - INFO - 🟨 Janela de aviso de substituição de lote de OS detectada
2026-06-09 10:46:50,038 - INFO - ⌛ aguardando janela de programação de lote de OS...
2026-06-09 10:46:50,175 - INFO - 🟨 Identificado travamento no EQM, reiniciando contador de espera
2026-06-09 10:47:15,554 - INFO - 🟨 Janela de aviso de substituição de lote de OS detectada
2026-06-09 10:47:35,657 - INFO - ⌛ aguardando janela de programação de lote de OS...
2026-06-09 10:47:35,777 - INFO - 🟨 Identificado travamento no EQM, reiniciando contador de espera
2026-06-09 10:48:01,160 - INFO - 🟨 Janela de aviso de substituição de lote de OS detectada
2026-06-09 10:48:21,263 - INFO - ⌛ aguardando janela de programação de lote de OS...
2026-06-09 10:48:46,790 - INFO - 🟨 Janela de programação de lote de OS detectada
2026-06-09 10:49:36,299 - INFO - 🟨 Janela de confirmação de programação de lote de OS detectada
2026-06-09 10:49:40,511 - INFO - ⌛ aguardando confirmação final de programação do lote
2026-06-09 10:50:05,952 - INFO - 🟨 programação do lote 10 efetuado com sucesso
2026-06-09 10:50:16,056 - INFO - 
=== Iniciando lote 11/36 [LV] ===
2026-06-09 10:50:16,056 - INFO - 
=== abrir_janela_selecao ===
2026-06-09 10:50:22,362 - INFO - 
=== rotina abrir_selecao_colar_os ===
2026-06-09 10:50:22,410 - INFO - Janela de seleção aberta
2026-06-09 10:50:26,642 - INFO - DEBUG: idx=10, inicio=250, fim=275
2026-06-09 10:50:26,642 - INFO - ✅ 25 OS copiadas para a área de transferência.
2026-06-09 10:50:26,642 - INFO - 📋 Lote 11 copiado.
2026-06-09 10:50:34,963 - INFO - ⌛ Esperando mudança visual...
2026-06-09 10:50:35,980 - INFO - ⌛ Esperando mudança visual...
2026-06-09 10:50:36,996 - INFO - ⌛ Esperando mudança visual...
2026-06-09 10:50:38,011 - INFO - ⌛ Esperando mudança visual...
2026-06-09 10:50:39,029 - INFO - ⌛ Esperando mudança visual...
2026-06-09 10:50:40,043 - INFO - ⌛ Esperando mudança visual...
2026-06-09 10:50:41,058 - INFO - ⌛ Esperando mudança visual...
2026-06-09 10:50:42,074 - INFO - ⌛ Esperando mudança visual...
2026-06-09 10:50:43,090 - INFO - ⌛ Esperando mudança visual...
2026-06-09 10:50:44,105 - INFO - ✅ Tela carregada!
2026-06-09 10:50:48,109 - INFO - 
=== rotina desbloquear_os ===
2026-06-09 10:51:14,594 - INFO - ⌛ Aguardando janela de confirmação de desbloqueio...
2026-06-09 10:51:29,981 - INFO - 🟨 Registros desbloqueados com sucesso
2026-06-09 10:51:34,092 - INFO - 
=== rotina editar_os ===
2026-06-09 10:51:43,520 - INFO - ⌛ Aguardando janela de edição de OS...
2026-06-09 10:51:58,955 - INFO - 🟨 OS programadas detectadas
2026-06-09 10:52:02,058 - INFO - ⌛ Aguardando janela de edição de OS...
2026-06-09 10:52:17,489 - INFO - 🟨 Janela de edição de OS detectada
2026-06-09 10:52:38,847 - INFO - 🟨 Janela de edição de habilidade da turma detectada
2026-06-09 10:53:57,175 - INFO - ⌛ Aguardando detecção do campo de caracteristica 'EQUIPE PRÓPRIA OU EPS' ...
2026-06-09 10:54:16,540 - INFO - 🟨 campo de caracteristica 'EQUIPE PRÓPRIA OU EPS detectado
2026-06-09 10:54:38,319 - INFO - ⌛ Aguardando confirmação 4 - editar OS...
2026-06-09 10:54:53,803 - INFO - ⌛ Aguardando confirmação 4 - editar OS...
2026-06-09 10:54:53,957 - INFO - 🟨 Identificado travamento no EQM, reiniciando contador de espera
2026-06-09 10:55:09,257 - INFO - ⌛ Aguardando confirmação 4 - editar OS...
2026-06-09 10:55:09,374 - INFO - 🟨 Identificado travamento no EQM, reiniciando contador de espera
2026-06-09 10:55:24,703 - INFO - ⌛ Aguardando confirmação 4 - editar OS...
2026-06-09 10:55:40,154 - INFO - ⌛ Aguardando confirmação 4 - editar OS...
2026-06-09 10:55:55,589 - INFO - ⌛ Aguardando confirmação 4 - editar OS...
2026-06-09 10:56:11,012 - INFO - ⌛ Aguardando confirmação 4 - editar OS...
2026-06-09 10:56:26,457 - INFO - 🟨 Janela de confirmação 4 de edição de OS detectada
2026-06-09 10:56:30,560 - INFO - 
=== rotina programar_os ===
2026-06-09 10:56:57,075 - INFO - ⌛ Aguardando janela de confirmação de programação de OS...
2026-06-09 10:57:22,501 - INFO - 🟨 Janela de confirmação de programação de OS detectada
2026-06-09 10:57:35,753 - INFO - 🟨 Janela de aviso de edição de OS programadas detectada
2026-06-09 10:57:42,958 - INFO - ⌛ aguardando janela de programação de lote de OS...
2026-06-09 10:58:08,461 - INFO - 🟨 Janela de aviso de substituição de lote de OS detectada
2026-06-09 10:58:28,577 - INFO - ⌛ aguardando janela de programação de lote de OS...
2026-06-09 10:58:54,081 - INFO - 🟨 Janela de programação de lote de OS detectada
2026-06-09 10:59:43,599 - INFO - 🟨 Janela de confirmação de programação de lote de OS detectada
2026-06-09 10:59:47,828 - INFO - ⌛ aguardando confirmação final de programação do lote
2026-06-09 11:00:13,319 - INFO - 🟨 programação do lote 11 efetuado com sucesso
2026-06-09 11:00:23,423 - INFO - 
=== Iniciando lote 12/36 [LV] ===
2026-06-09 11:00:23,424 - INFO - 
=== abrir_janela_selecao ===
2026-06-09 11:00:29,743 - INFO - 
=== rotina abrir_selecao_colar_os ===
2026-06-09 11:00:29,805 - INFO - Janela de seleção aberta
2026-06-09 11:00:34,035 - INFO - DEBUG: idx=11, inicio=275, fim=300
2026-06-09 11:00:34,036 - INFO - ✅ 25 OS copiadas para a área de transferência.
2026-06-09 11:00:34,036 - INFO - 📋 Lote 12 copiado.
2026-06-09 11:00:42,358 - INFO - ⌛ Esperando mudança visual...
2026-06-09 11:00:43,375 - INFO - ⌛ Esperando mudança visual...
2026-06-09 11:00:44,390 - INFO - ⌛ Esperando mudança visual...
2026-06-09 11:00:45,408 - INFO - ⌛ Esperando mudança visual...
2026-06-09 11:00:46,422 - INFO - ⌛ Esperando mudança visual...
2026-06-09 11:00:47,437 - INFO - ⌛ Esperando mudança visual...
2026-06-09 11:00:48,453 - INFO - ⌛ Esperando mudança visual...
2026-06-09 11:00:49,469 - INFO - ⌛ Esperando mudança visual...
2026-06-09 11:00:50,484 - INFO - ⌛ Esperando mudança visual...
2026-06-09 11:00:51,500 - INFO - ⌛ Esperando mudança visual...
2026-06-09 11:00:52,516 - INFO - ⌛ Esperando mudança visual...
2026-06-09 11:00:53,534 - INFO - ✅ Tela carregada!
2026-06-09 11:00:57,536 - INFO - 
=== rotina desbloquear_os ===
2026-06-09 11:01:24,000 - INFO - ⌛ Aguardando janela de confirmação de desbloqueio...
2026-06-09 11:01:39,468 - INFO - ⌛ Aguardando janela de confirmação de desbloqueio...
2026-06-09 11:01:54,836 - INFO - 🟨 Registros desbloqueados com sucesso
2026-06-09 11:01:58,954 - INFO - 
=== rotina editar_os ===
2026-06-09 11:02:08,376 - INFO - ⌛ Aguardando janela de edição de OS...
2026-06-09 11:02:23,880 - INFO - 🟨 OS programadas detectadas
2026-06-09 11:02:26,988 - INFO - ⌛ Aguardando janela de edição de OS...
2026-06-09 11:02:42,431 - INFO - 🟨 Janela de edição de OS detectada
2026-06-09 11:03:03,792 - INFO - 🟨 Janela de edição de habilidade da turma detectada
2026-06-09 11:04:22,090 - INFO - ⌛ Aguardando detecção do campo de caracteristica 'EQUIPE PRÓPRIA OU EPS' ...
2026-06-09 11:04:41,454 - INFO - 🟨 campo de caracteristica 'EQUIPE PRÓPRIA OU EPS detectado
2026-06-09 11:05:03,262 - INFO - ⌛ Aguardando confirmação 4 - editar OS...
2026-06-09 11:05:18,674 - INFO - ⌛ Aguardando confirmação 4 - editar OS...
2026-06-09 11:05:18,784 - INFO - 🟨 Identificado travamento no EQM, reiniciando contador de espera
2026-06-09 11:05:34,145 - INFO - ⌛ Aguardando confirmação 4 - editar OS...
2026-06-09 11:05:34,269 - INFO - 🟨 Identificado travamento no EQM, reiniciando contador de espera
2026-06-09 11:05:49,584 - INFO - ⌛ Aguardando confirmação 4 - editar OS...
2026-06-09 11:06:05,050 - INFO - ⌛ Aguardando confirmação 4 - editar OS...
2026-06-09 11:06:20,485 - INFO - ⌛ Aguardando confirmação 4 - editar OS...
2026-06-09 11:06:35,934 - INFO - 🟨 Janela de confirmação 4 de edição de OS detectada
2026-06-09 11:06:40,038 - INFO - 
=== rotina programar_os ===
2026-06-09 11:07:06,570 - INFO - ⌛ Aguardando janela de confirmação de programação de OS...
2026-06-09 11:07:32,056 - INFO - 🟨 Janela de confirmação de programação de OS detectada
2026-06-09 11:07:45,311 - INFO - 🟨 Janela de aviso de edição de OS programadas detectada
2026-06-09 11:07:52,520 - INFO - ⌛ aguardando janela de programação de lote de OS...
2026-06-09 11:08:18,015 - INFO - 🟨 Janela de aviso de substituição de lote de OS detectada
2026-06-09 11:08:38,119 - INFO - ⌛ aguardando janela de programação de lote de OS...
2026-06-09 11:09:03,643 - INFO - 🟨 Janela de aviso de substituição de lote de OS detectada
2026-06-09 11:09:23,757 - INFO - ⌛ aguardando janela de programação de lote de OS...
2026-06-09 11:09:23,882 - INFO - 🟨 Identificado travamento no EQM, reiniciando contador de espera
2026-06-09 11:09:49,253 - INFO - 🟨 Janela de aviso de substituição de lote de OS detectada
2026-06-09 11:10:09,360 - INFO - ⌛ aguardando janela de programação de lote de OS...
2026-06-09 11:10:09,533 - INFO - 🟨 Identificado travamento no EQM, reiniciando contador de espera
2026-06-09 11:10:34,936 - INFO - 🟨 Janela de aviso de substituição de lote de OS detectada
2026-06-09 11:10:55,047 - INFO - ⌛ aguardando janela de programação de lote de OS...
2026-06-09 11:10:55,167 - INFO - 🟨 Identificado travamento no EQM, reiniciando contador de espera
2026-06-09 11:11:20,532 - INFO - 🟨 Janela de aviso de substituição de lote de OS detectada
2026-06-09 11:11:40,636 - INFO - ⌛ aguardando janela de programação de lote de OS...
2026-06-09 11:11:40,772 - INFO - 🟨 Identificado travamento no EQM, reiniciando contador de espera
2026-06-09 11:12:06,186 - INFO - 🟨 Janela de aviso de substituição de lote de OS detectada
2026-06-09 11:12:26,289 - INFO - ⌛ aguardando janela de programação de lote de OS...
2026-06-09 11:12:26,410 - INFO - 🟨 Identificado travamento no EQM, reiniciando contador de espera
2026-06-09 11:12:51,775 - INFO - 🟨 Janela de aviso de substituição de lote de OS detectada
2026-06-09 11:13:11,878 - INFO - ⌛ aguardando janela de programação de lote de OS...
2026-06-09 11:13:12,018 - INFO - 🟨 Identificado travamento no EQM, reiniciando contador de espera
2026-06-09 11:13:37,431 - INFO - 🟨 Janela de aviso de substituição de lote de OS detectada
2026-06-09 11:13:57,533 - INFO - ⌛ aguardando janela de programação de lote de OS...
2026-06-09 11:13:57,671 - INFO - 🟨 Identificado travamento no EQM, reiniciando contador de espera
2026-06-09 11:14:23,035 - INFO - 🟨 Janela de aviso de substituição de lote de OS detectada
2026-06-09 11:14:43,138 - INFO - ⌛ aguardando janela de programação de lote de OS...
2026-06-09 11:15:08,656 - INFO - 🟨 Janela de programação de lote de OS detectada
2026-06-09 11:15:58,155 - INFO - 🟨 Janela de confirmação de programação de lote de OS detectada
2026-06-09 11:16:02,394 - INFO - ⌛ aguardando confirmação final de programação do lote
2026-06-09 11:16:27,858 - INFO - 🟨 programação do lote 12 efetuado com sucesso
2026-06-09 11:16:37,965 - INFO - 
=== Iniciando lote 13/36 [LV] ===
2026-06-09 11:16:37,965 - INFO - 
=== abrir_janela_selecao ===
2026-06-09 11:16:44,282 - INFO - 
=== rotina abrir_selecao_colar_os ===
2026-06-09 11:16:44,320 - INFO - Janela de seleção aberta
2026-06-09 11:16:48,553 - INFO - DEBUG: idx=12, inicio=300, fim=325
2026-06-09 11:16:48,553 - INFO - ✅ 25 OS copiadas para a área de transferência.
2026-06-09 11:16:48,553 - INFO - 📋 Lote 13 copiado.
2026-06-09 11:16:56,877 - INFO - ⌛ Esperando mudança visual...
2026-06-09 11:16:57,890 - INFO - ⌛ Esperando mudança visual...
2026-06-09 11:16:58,906 - INFO - ⌛ Esperando mudança visual...
2026-06-09 11:16:59,921 - INFO - ⌛ Esperando mudança visual...
2026-06-09 11:17:00,938 - INFO - ⌛ Esperando mudança visual...
2026-06-09 11:17:01,953 - INFO - ⌛ Esperando mudança visual...
2026-06-09 11:17:02,970 - INFO - ⌛ Esperando mudança visual...
2026-06-09 11:17:03,983 - INFO - ⌛ Esperando mudança visual...
2026-06-09 11:17:05,000 - INFO - ⌛ Esperando mudança visual...
2026-06-09 11:17:06,015 - INFO - ⌛ Esperando mudança visual...
2026-06-09 11:17:07,032 - INFO - ⌛ Esperando mudança visual...
2026-06-09 11:17:08,046 - INFO - ✅ Tela carregada!
2026-06-09 11:17:12,049 - INFO - 
=== rotina desbloquear_os ===
2026-06-09 11:17:38,530 - INFO - ⌛ Aguardando janela de confirmação de desbloqueio...
2026-06-09 11:17:53,931 - INFO - 🟨 Registros desbloqueados com sucesso
2026-06-09 11:17:58,036 - INFO - 
=== rotina editar_os ===
2026-06-09 11:18:07,437 - INFO - ⌛ Aguardando janela de edição de OS...
2026-06-09 11:18:22,878 - INFO - 🟨 OS programadas detectadas
2026-06-09 11:18:25,980 - INFO - ⌛ Aguardando janela de edição de OS...
2026-06-09 11:18:41,429 - INFO - 🟨 Janela de edição de OS detectada
2026-06-09 11:19:02,791 - INFO - 🟨 Janela de edição de habilidade da turma detectada
2026-06-09 11:20:21,087 - INFO - ⌛ Aguardando detecção do campo de caracteristica 'EQUIPE PRÓPRIA OU EPS' ...
2026-06-09 11:20:40,462 - INFO - 🟨 campo de caracteristica 'EQUIPE PRÓPRIA OU EPS detectado
2026-06-09 11:21:02,230 - INFO - ⌛ Aguardando confirmação 4 - editar OS...
2026-06-09 11:21:17,724 - INFO - ⌛ Aguardando confirmação 4 - editar OS...
2026-06-09 11:21:17,877 - INFO - 🟨 Identificado travamento no EQM, reiniciando contador de espera
2026-06-09 11:21:33,242 - INFO - ⌛ Aguardando confirmação 4 - editar OS...
2026-06-09 11:21:48,757 - INFO - ⌛ Aguardando confirmação 4 - editar OS...
2026-06-09 11:22:04,228 - INFO - 🟨 Janela de confirmação 4 de edição de OS detectada
2026-06-09 11:22:08,331 - INFO - 
=== rotina programar_os ===
2026-06-09 11:22:34,844 - INFO - ⌛ Aguardando janela de confirmação de programação de OS...
2026-06-09 11:23:00,284 - INFO - 🟨 Janela de confirmação de programação de OS detectada
2026-06-09 11:23:13,533 - INFO - 🟨 Janela de aviso de edição de OS programadas detectada
2026-06-09 11:23:20,748 - INFO - ⌛ aguardando janela de programação de lote de OS...
2026-06-09 11:23:46,277 - INFO - 🟨 Janela de aviso de substituição de lote de OS detectada
2026-06-09 11:24:06,379 - INFO - ⌛ aguardando janela de programação de lote de OS...
2026-06-09 11:24:31,889 - INFO - ⌛ aguardando janela de programação de lote de OS...
2026-06-09 11:24:57,403 - INFO - ⌛ aguardando janela de programação de lote de OS...
2026-06-09 11:25:22,883 - INFO - ⌛ aguardando janela de programação de lote de OS...
2026-06-09 11:25:48,398 - INFO - ⌛ aguardando janela de programação de lote de OS...
2026-06-09 11:26:13,888 - INFO - ⌛ aguardando janela de programação de lote de OS...
2026-06-09 11:26:39,413 - INFO - ⌛ aguardando janela de programação de lote de OS...
2026-06-09 11:27:04,923 - INFO - ⌛ aguardando janela de programação de lote de OS...
2026-06-09 11:27:30,427 - INFO - ⌛ aguardando janela de programação de lote de OS...
2026-06-09 11:27:55,932 - INFO - ⌛ aguardando janela de programação de lote de OS...
2026-06-09 11:28:21,435 - INFO - ⌛ aguardando janela de programação de lote de OS...
2026-06-09 11:28:46,942 - INFO - ⌛ aguardando janela de programação de lote de OS...
2026-06-09 11:29:12,426 - INFO - ⌛ aguardando janela de programação de lote de OS...
2026-06-09 11:29:37,921 - INFO - ⌛ aguardando janela de programação de lote de OS...
2026-06-09 11:30:03,423 - INFO - ⌛ aguardando janela de programação de lote de OS...
2026-06-09 11:30:28,935 - INFO - ⌛ aguardando janela de programação de lote de OS...
2026-06-09 11:30:54,440 - INFO - ⌛ aguardando janela de programação de lote de OS...
2026-06-09 11:31:19,934 - INFO - ⌛ aguardando janela de programação de lote de OS...
2026-06-09 11:31:45,426 - INFO - ⌛ aguardando janela de programação de lote de OS...
2026-06-09 11:32:10,981 - INFO - ⌛ aguardando janela de programação de lote de OS...
2026-06-09 11:32:36,525 - INFO - ⌛ aguardando janela de programação de lote de OS...
2026-06-09 11:33:02,031 - INFO - ⌛ aguardando janela de programação de lote de OS...
2026-06-09 11:33:27,574 - INFO - ⌛ aguardando janela de programação de lote de OS...
2026-06-09 11:33:53,103 - INFO - ⌛ aguardando janela de programação de lote de OS...
2026-06-09 11:34:18,673 - INFO - ⌛ aguardando janela de programação de lote de OS...
2026-06-09 11:34:44,203 - INFO - ⌛ aguardando janela de programação de lote de OS...
2026-06-09 11:35:09,757 - INFO - ⌛ aguardando janela de programação de lote de OS...
2026-06-09 11:35:35,331 - INFO - ⌛ aguardando janela de programação de lote de OS...
2026-06-09 11:36:00,907 - INFO - ⌛ aguardando janela de programação de lote de OS...
2026-06-09 11:36:26,481 - INFO - ⌛ aguardando janela de programação de lote de OS...
2026-06-09 11:36:52,042 - INFO - ⌛ aguardando janela de programação de lote de OS...
2026-06-09 11:37:17,581 - INFO - ⌛ aguardando janela de programação de lote de OS...
2026-06-09 11:37:43,122 - INFO - ⌛ aguardando janela de programação de lote de OS...
2026-06-09 11:38:08,665 - INFO - ⌛ aguardando janela de programação de lote de OS...
2026-06-09 11:38:34,198 - INFO - ⌛ aguardando janela de programação de lote de OS...
2026-06-09 11:38:59,698 - INFO - ⌛ aguardando janela de programação de lote de OS...
2026-06-09 11:39:25,221 - INFO - ⌛ aguardando janela de programação de lote de OS...
2026-06-09 11:39:50,727 - INFO - ⌛ aguardando janela de programação de lote de OS...
2026-06-09 11:40:16,271 - INFO - ⌛ aguardando janela de programação de lote de OS...
2026-06-09 11:40:41,845 - INFO - ⌛ aguardando janela de programação de lote de OS...
2026-06-09 11:41:07,352 - INFO - ⌛ aguardando janela de programação de lote de OS...
2026-06-09 11:41:32,899 - INFO - ⌛ aguardando janela de programação de lote de OS...
2026-06-09 11:41:58,419 - INFO - ⌛ aguardando janela de programação de lote de OS...
2026-06-09 11:42:23,945 - INFO - ⌛ aguardando janela de programação de lote de OS...
2026-06-09 11:42:49,469 - INFO - ⌛ aguardando janela de programação de lote de OS...
2026-06-09 11:43:14,977 - INFO - ⌛ aguardando janela de programação de lote de OS...
2026-06-09 11:43:40,492 - INFO - ⌛ aguardando janela de programação de lote de OS...
2026-06-09 11:44:05,977 - INFO - ⌛ aguardando janela de programação de lote de OS...
2026-06-09 11:44:31,493 - INFO - ⌛ aguardando janela de programação de lote de OS...
2026-06-09 11:44:57,026 - INFO - ⌛ aguardando janela de programação de lote de OS...
2026-06-09 11:45:22,554 - INFO - ⌛ aguardando janela de programação de lote de OS...
2026-06-09 11:45:48,072 - INFO - ⌛ aguardando janela de programação de lote de OS...
2026-06-09 11:46:13,540 - INFO - ⌛ aguardando janela de programação de lote de OS...
2026-06-09 11:46:39,058 - INFO - ⌛ aguardando janela de programação de lote de OS...
2026-06-09 11:47:04,585 - INFO - ⌛ aguardando janela de programação de lote de OS...
2026-06-09 11:47:30,075 - INFO - ⌛ aguardando janela de programação de lote de OS...
2026-06-09 11:47:55,574 - INFO - ⌛ aguardando janela de programação de lote de OS...
2026-06-09 11:48:21,086 - INFO - ⌛ aguardando janela de programação de lote de OS...
2026-06-09 11:48:46,566 - INFO - ⌛ aguardando janela de programação de lote de OS...
2026-06-09 11:49:12,071 - INFO - ⌛ aguardando janela de programação de lote de OS...
2026-06-09 11:49:37,566 - INFO - ⌛ aguardando janela de programação de lote de OS...
2026-06-09 11:50:03,084 - INFO - ⌛ aguardando janela de programação de lote de OS...
2026-06-09 11:50:28,566 - INFO - ⌛ aguardando janela de programação de lote de OS...
2026-06-09 11:50:54,094 - INFO - ⌛ aguardando janela de programação de lote de OS...
2026-06-09 11:51:19,615 - INFO - ⌛ aguardando janela de programação de lote de OS...
2026-06-09 11:51:45,112 - INFO - ⌛ aguardando janela de programação de lote de OS...
2026-06-09 11:52:10,622 - INFO - ⌛ aguardando janela de programação de lote de OS...
2026-06-09 11:52:36,133 - INFO - ⌛ aguardando janela de programação de lote de OS...
2026-06-09 11:53:01,638 - INFO - ⌛ aguardando janela de programação de lote de OS...
2026-06-09 11:53:27,149 - INFO - ⌛ aguardando janela de programação de lote de OS...
2026-06-09 11:53:52,645 - INFO - ⌛ aguardando janela de programação de lote de OS...
2026-06-09 11:54:18,179 - INFO - ⌛ aguardando janela de programação de lote de OS...
2026-06-09 11:54:43,712 - INFO - ⌛ aguardando janela de programação de lote de OS...
2026-06-09 11:55:09,232 - INFO - ⌛ aguardando janela de programação de lote de OS...
2026-06-09 11:55:34,737 - INFO - ⌛ aguardando janela de programação de lote de OS...
2026-06-09 11:56:00,251 - INFO - ⌛ aguardando janela de programação de lote de OS...
2026-06-09 11:56:25,748 - INFO - ⌛ aguardando janela de programação de lote de OS...
2026-06-09 11:56:51,281 - INFO - ⌛ aguardando janela de programação de lote de OS...
2026-06-09 11:57:16,763 - INFO - ⌛ aguardando janela de programação de lote de OS...
2026-06-09 11:57:42,254 - INFO - ⌛ aguardando janela de programação de lote de OS...
2026-06-09 11:58:07,794 - INFO - ⌛ aguardando janela de programação de lote de OS...
2026-06-09 11:58:33,304 - INFO - ⌛ aguardando janela de programação de lote de OS...
2026-06-09 11:58:58,810 - INFO - ⌛ aguardando janela de programação de lote de OS...
2026-06-09 11:59:24,310 - INFO - ⌛ aguardando janela de programação de lote de OS...
2026-06-09 11:59:49,829 - INFO - ⌛ aguardando janela de programação de lote de OS...
2026-06-09 12:00:15,350 - INFO - ⌛ aguardando janela de programação de lote de OS...
2026-06-09 12:00:40,859 - INFO - ⌛ aguardando janela de programação de lote de OS...
2026-06-09 12:01:06,381 - INFO - ⌛ aguardando janela de programação de lote de OS...
2026-06-09 12:01:31,892 - INFO - ⌛ aguardando janela de programação de lote de OS...
2026-06-09 12:01:57,418 - INFO - ⌛ aguardando janela de programação de lote de OS...
2026-06-09 12:02:22,961 - INFO - ⌛ aguardando janela de programação de lote de OS...
2026-06-09 12:02:48,552 - INFO - ⌛ aguardando janela de programação de lote de OS...
2026-06-09 12:03:14,133 - INFO - verificando janela oculta
2026-06-09 12:03:36,602 - INFO - Janela restaurada
2026-06-09 12:03:36,603 - INFO - ⌛ aguardando janela de programação de lote de OS...
2026-06-09 12:04:02,106 - INFO - 🟨 Janela de programação de lote de OS detectada
2026-06-09 12:04:51,614 - INFO - 🟨 Janela de confirmação de programação de lote de OS detectada
2026-06-09 12:04:55,833 - INFO - ⌛ aguardando confirmação final de programação do lote
2026-06-09 12:05:21,358 - INFO - 🟨 programação do lote 13 efetuado com sucesso
2026-06-09 12:05:31,471 - INFO - 
=== Iniciando lote 14/36 [LV] ===
2026-06-09 12:05:31,471 - INFO - 
=== abrir_janela_selecao ===
2026-06-09 12:05:37,790 - INFO - 
=== rotina abrir_selecao_colar_os ===
2026-06-09 12:05:37,844 - INFO - Janela de seleção aberta
2026-06-09 12:05:42,064 - INFO - DEBUG: idx=13, inicio=325, fim=350
2026-06-09 12:05:42,064 - INFO - ✅ 25 OS copiadas para a área de transferência.
2026-06-09 12:05:42,064 - INFO - 📋 Lote 14 copiado.
2026-06-09 12:05:50,406 - INFO - ⌛ Esperando mudança visual...
2026-06-09 12:05:51,423 - INFO - ⌛ Esperando mudança visual...
2026-06-09 12:05:52,438 - INFO - ⌛ Esperando mudança visual...
2026-06-09 12:05:53,454 - INFO - ⌛ Esperando mudança visual...
2026-06-09 12:05:54,471 - INFO - ⌛ Esperando mudança visual...
2026-06-09 12:05:55,486 - INFO - ⌛ Esperando mudança visual...
2026-06-09 12:05:56,501 - INFO - ⌛ Esperando mudança visual...
2026-06-09 12:05:57,517 - INFO - ⌛ Esperando mudança visual...
2026-06-09 12:05:58,532 - INFO - ⌛ Esperando mudança visual...
2026-06-09 12:05:59,548 - INFO - ⌛ Esperando mudança visual...
2026-06-09 12:06:00,564 - INFO - ⌛ Esperando mudança visual...
2026-06-09 12:06:01,580 - INFO - ✅ Tela carregada!
2026-06-09 12:06:05,584 - INFO - 
=== rotina desbloquear_os ===
2026-06-09 12:06:32,057 - INFO - ⌛ Aguardando janela de confirmação de desbloqueio...
2026-06-09 12:06:47,481 - INFO - 🟨 Registros desbloqueados com sucesso
2026-06-09 12:06:51,585 - INFO - 
=== rotina editar_os ===
2026-06-09 12:07:01,003 - INFO - ⌛ Aguardando janela de edição de OS...
2026-06-09 12:07:16,447 - INFO - 🟨 OS programadas detectadas
2026-06-09 12:07:19,550 - INFO - ⌛ Aguardando janela de edição de OS...
2026-06-09 12:07:34,996 - INFO - 🟨 Janela de edição de OS detectada
2026-06-09 12:07:56,357 - INFO - 🟨 Janela de edição de habilidade da turma detectada
2026-06-09 12:09:14,683 - INFO - ⌛ Aguardando detecção do campo de caracteristica 'EQUIPE PRÓPRIA OU EPS' ...
2026-06-09 12:09:34,043 - INFO - 🟨 campo de caracteristica 'EQUIPE PRÓPRIA OU EPS detectado
2026-06-09 12:09:55,807 - INFO - ⌛ Aguardando confirmação 4 - editar OS...
2026-06-09 12:10:11,272 - INFO - ⌛ Aguardando confirmação 4 - editar OS...
2026-06-09 12:10:11,391 - INFO - 🟨 Identificado travamento no EQM, reiniciando contador de espera
2026-06-09 12:10:26,737 - INFO - ⌛ Aguardando confirmação 4 - editar OS...
2026-06-09 12:10:42,198 - INFO - ⌛ Aguardando confirmação 4 - editar OS...
2026-06-09 12:10:57,648 - INFO - 🟨 Janela de confirmação 4 de edição de OS detectada
2026-06-09 12:11:01,751 - INFO - 
=== rotina programar_os ===
2026-06-09 12:11:28,279 - INFO - ⌛ Aguardando janela de confirmação de programação de OS...
2026-06-09 12:11:53,720 - INFO - 🟨 Janela de confirmação de programação de OS detectada
2026-06-09 12:12:07,030 - INFO - 🟨 Janela de aviso de edição de OS programadas detectada
2026-06-09 12:12:14,236 - INFO - ⌛ aguardando janela de programação de lote de OS...
2026-06-09 12:12:39,739 - INFO - 🟨 Janela de aviso de substituição de lote de OS detectada
2026-06-09 12:12:59,843 - INFO - ⌛ aguardando janela de programação de lote de OS...
2026-06-09 12:13:25,374 - INFO - 🟨 Janela de programação de lote de OS detectada
2026-06-09 12:14:14,882 - INFO - 🟨 Janela de confirmação de programação de lote de OS detectada
2026-06-09 12:14:19,097 - INFO - ⌛ aguardando confirmação final de programação do lote
2026-06-09 12:14:44,553 - INFO - 🟨 programação do lote 14 efetuado com sucesso
2026-06-09 12:14:54,658 - INFO - 
=== Iniciando lote 15/36 [LV] ===
2026-06-09 12:14:54,658 - INFO - 
=== abrir_janela_selecao ===
2026-06-09 12:15:00,968 - INFO - 
=== rotina abrir_selecao_colar_os ===
2026-06-09 12:15:01,025 - INFO - Janela de seleção aberta
2026-06-09 12:15:05,246 - INFO - DEBUG: idx=14, inicio=350, fim=375
2026-06-09 12:15:05,247 - INFO - ✅ 25 OS copiadas para a área de transferência.
2026-06-09 12:15:05,247 - INFO - 📋 Lote 15 copiado.
2026-06-09 12:15:13,570 - INFO - ⌛ Esperando mudança visual...
2026-06-09 12:15:14,584 - INFO - ⌛ Esperando mudança visual...
2026-06-09 12:15:15,600 - INFO - ⌛ Esperando mudança visual...
2026-06-09 12:15:16,615 - INFO - ⌛ Esperando mudança visual...
2026-06-09 12:15:17,631 - INFO - ⌛ Esperando mudança visual...
2026-06-09 12:15:18,647 - INFO - ⌛ Esperando mudança visual...
2026-06-09 12:15:19,662 - INFO - ⌛ Esperando mudança visual...
2026-06-09 12:15:20,678 - INFO - ⌛ Esperando mudança visual...
2026-06-09 12:15:21,693 - INFO - ⌛ Esperando mudança visual...
2026-06-09 12:15:22,709 - INFO - ⌛ Esperando mudança visual...
2026-06-09 12:15:23,726 - INFO - ✅ Tela carregada!
2026-06-09 12:15:27,728 - INFO - 
=== rotina desbloquear_os ===
2026-06-09 12:15:54,193 - INFO - ⌛ Aguardando janela de confirmação de desbloqueio...
2026-06-09 12:16:09,593 - INFO - 🟨 Registros desbloqueados com sucesso
2026-06-09 12:16:13,698 - INFO - 
=== rotina editar_os ===
2026-06-09 12:16:23,104 - INFO - ⌛ Aguardando janela de edição de OS...
2026-06-09 12:16:38,556 - INFO - 🟨 OS programadas detectadas
2026-06-09 12:16:41,668 - INFO - ⌛ Aguardando janela de edição de OS...
2026-06-09 12:16:57,114 - INFO - 🟨 Janela de edição de OS detectada
2026-06-09 12:17:18,467 - INFO - 🟨 Janela de edição de habilidade da turma detectada
2026-06-09 12:18:36,768 - INFO - ⌛ Aguardando detecção do campo de caracteristica 'EQUIPE PRÓPRIA OU EPS' ...
2026-06-09 12:18:56,126 - INFO - 🟨 campo de caracteristica 'EQUIPE PRÓPRIA OU EPS detectado
2026-06-09 12:19:17,889 - INFO - ⌛ Aguardando confirmação 4 - editar OS...
2026-06-09 12:19:33,307 - INFO - ⌛ Aguardando confirmação 4 - editar OS...
2026-06-09 12:19:48,742 - INFO - ⌛ Aguardando confirmação 4 - editar OS...
2026-06-09 12:20:04,175 - INFO - 🟨 Janela de confirmação 4 de edição de OS detectada
2026-06-09 12:20:08,277 - INFO - 
=== rotina programar_os ===
2026-06-09 12:20:34,801 - INFO - ⌛ Aguardando janela de confirmação de programação de OS...
2026-06-09 12:21:00,252 - INFO - 🟨 Janela de confirmação de programação de OS detectada
2026-06-09 12:21:13,502 - INFO - 🟨 Janela de aviso de edição de OS programadas detectada
2026-06-09 12:21:20,741 - INFO - ⌛ aguardando janela de programação de lote de OS...
2026-06-09 12:21:46,247 - INFO - 🟨 Janela de aviso de substituição de lote de OS detectada
2026-06-09 12:22:06,364 - INFO - ⌛ aguardando janela de programação de lote de OS...
2026-06-09 12:22:31,852 - INFO - 🟨 Janela de programação de lote de OS detectada
2026-06-09 12:23:21,359 - INFO - 🟨 Janela de confirmação de programação de lote de OS detectada
2026-06-09 12:23:25,583 - INFO - ⌛ aguardando confirmação final de programação do lote
2026-06-09 12:23:51,053 - INFO - 🟨 programação do lote 15 efetuado com sucesso
2026-06-09 12:24:01,158 - INFO - 
=== Iniciando lote 16/36 [LV] ===
2026-06-09 12:24:01,158 - INFO - 
=== abrir_janela_selecao ===
2026-06-09 12:24:07,466 - INFO - 
=== rotina abrir_selecao_colar_os ===
2026-06-09 12:24:07,509 - INFO - Janela de seleção aberta
2026-06-09 12:24:11,740 - INFO - DEBUG: idx=15, inicio=375, fim=400
2026-06-09 12:24:11,740 - INFO - ✅ 25 OS copiadas para a área de transferência.
2026-06-09 12:24:11,740 - INFO - 📋 Lote 16 copiado.
2026-06-09 12:24:20,066 - INFO - ⌛ Esperando mudança visual...
2026-06-09 12:24:21,079 - INFO - ⌛ Esperando mudança visual...
2026-06-09 12:24:22,095 - INFO - ⌛ Esperando mudança visual...
2026-06-09 12:24:23,110 - INFO - ⌛ Esperando mudança visual...
2026-06-09 12:24:24,126 - INFO - ⌛ Esperando mudança visual...
2026-06-09 12:24:25,142 - INFO - ⌛ Esperando mudança visual...
2026-06-09 12:24:26,158 - INFO - ⌛ Esperando mudança visual...
2026-06-09 12:24:27,173 - INFO - ⌛ Esperando mudança visual...
2026-06-09 12:24:28,189 - INFO - ⌛ Esperando mudança visual...
2026-06-09 12:24:29,204 - INFO - ⌛ Esperando mudança visual...
2026-06-09 12:24:30,220 - INFO - ✅ Tela carregada!
2026-06-09 12:24:34,224 - INFO - 
=== rotina desbloquear_os ===
2026-06-09 12:25:00,689 - INFO - ⌛ Aguardando janela de confirmação de desbloqueio...
2026-06-09 12:25:16,088 - INFO - 🟨 Registros desbloqueados com sucesso
2026-06-09 12:25:20,192 - INFO - 
=== rotina editar_os ===
2026-06-09 12:25:29,599 - INFO - ⌛ Aguardando janela de edição de OS...
2026-06-09 12:25:45,045 - INFO - 🟨 OS programadas detectadas
2026-06-09 12:25:48,159 - INFO - ⌛ Aguardando janela de edição de OS...
2026-06-09 12:26:03,712 - INFO - 🟨 Janela de edição de OS detectada
2026-06-09 12:26:25,093 - INFO - 🟨 Janela de edição de habilidade da turma detectada
2026-06-09 12:27:43,395 - INFO - ⌛ Aguardando detecção do campo de caracteristica 'EQUIPE PRÓPRIA OU EPS' ...
2026-06-09 12:28:02,767 - INFO - 🟨 campo de caracteristica 'EQUIPE PRÓPRIA OU EPS detectado
2026-06-09 12:28:24,550 - INFO - ⌛ Aguardando confirmação 4 - editar OS...
2026-06-09 12:28:39,979 - INFO - ⌛ Aguardando confirmação 4 - editar OS...
2026-06-09 12:28:55,461 - INFO - ⌛ Aguardando confirmação 4 - editar OS...
2026-06-09 12:29:10,920 - INFO - 🟨 Janela de confirmação 4 de edição de OS detectada
2026-06-09 12:29:15,023 - INFO - 
=== rotina programar_os ===
2026-06-09 12:29:41,543 - INFO - ⌛ Aguardando janela de confirmação de programação de OS...
2026-06-09 12:30:07,009 - INFO - 🟨 Janela de confirmação de programação de OS detectada
2026-06-09 12:30:20,287 - INFO - 🟨 Janela de aviso de edição de OS programadas detectada
2026-06-09 12:30:27,520 - INFO - ⌛ aguardando janela de programação de lote de OS...
2026-06-09 12:30:53,065 - INFO - 🟨 Janela de aviso de substituição de lote de OS detectada
2026-06-09 12:31:13,176 - INFO - ⌛ aguardando janela de programação de lote de OS...
2026-06-09 12:31:38,697 - INFO - 🟨 Janela de programação de lote de OS detectada
2026-06-09 12:32:28,215 - INFO - 🟨 Janela de confirmação de programação de lote de OS detectada
2026-06-09 12:32:32,441 - INFO - ⌛ aguardando confirmação final de programação do lote
2026-06-09 12:32:57,932 - INFO - 🟨 programação do lote 16 efetuado com sucesso
2026-06-09 12:33:08,038 - INFO - 
=== Iniciando lote 17/36 [LV] ===
2026-06-09 12:33:08,039 - INFO - 
=== abrir_janela_selecao ===
2026-06-09 12:33:14,346 - INFO - 
=== rotina abrir_selecao_colar_os ===
2026-06-09 12:33:14,404 - INFO - Janela de seleção aberta
2026-06-09 12:33:18,632 - INFO - DEBUG: idx=16, inicio=400, fim=425
2026-06-09 12:33:18,632 - INFO - ✅ 25 OS copiadas para a área de transferência.
2026-06-09 12:33:18,632 - INFO - 📋 Lote 17 copiado.
2026-06-09 12:33:26,959 - INFO - ⌛ Esperando mudança visual...
2026-06-09 12:33:27,974 - INFO - ⌛ Esperando mudança visual...
2026-06-09 12:33:28,992 - INFO - ⌛ Esperando mudança visual...
2026-06-09 12:33:30,004 - INFO - ⌛ Esperando mudança visual...
2026-06-09 12:33:31,022 - INFO - ⌛ Esperando mudança visual...
2026-06-09 12:33:32,037 - INFO - ⌛ Esperando mudança visual...
2026-06-09 12:33:33,052 - INFO - ⌛ Esperando mudança visual...
2026-06-09 12:33:34,069 - INFO - ⌛ Esperando mudança visual...
2026-06-09 12:33:35,084 - INFO - ⌛ Esperando mudança visual...
2026-06-09 12:33:36,103 - INFO - ⌛ Esperando mudança visual...
2026-06-09 12:33:37,120 - INFO - ✅ Tela carregada!
2026-06-09 12:33:41,120 - INFO - 
=== rotina desbloquear_os ===
2026-06-09 12:34:07,601 - INFO - ⌛ Aguardando janela de confirmação de desbloqueio...
2026-06-09 12:34:23,052 - INFO - 🟨 Registros desbloqueados com sucesso
2026-06-09 12:34:27,161 - INFO - 
=== rotina editar_os ===
2026-06-09 12:34:36,587 - INFO - ⌛ Aguardando janela de edição de OS...
2026-06-09 12:34:52,022 - INFO - 🟨 OS programadas detectadas
2026-06-09 12:34:55,126 - INFO - ⌛ Aguardando janela de edição de OS...
2026-06-09 12:35:10,579 - INFO - 🟨 Janela de edição de OS detectada
2026-06-09 12:35:31,947 - INFO - 🟨 Janela de edição de habilidade da turma detectada
2026-06-09 12:36:50,274 - INFO - ⌛ Aguardando detecção do campo de caracteristica 'EQUIPE PRÓPRIA OU EPS' ...
2026-06-09 12:37:09,644 - INFO - 🟨 campo de caracteristica 'EQUIPE PRÓPRIA OU EPS detectado
2026-06-09 12:37:31,448 - INFO - ⌛ Aguardando confirmação 4 - editar OS...
2026-06-09 12:37:46,925 - INFO - ⌛ Aguardando confirmação 4 - editar OS...
2026-06-09 12:38:02,438 - INFO - ⌛ Aguardando confirmação 4 - editar OS...
2026-06-09 12:38:17,910 - INFO - 🟨 Janela de confirmação 4 de edição de OS detectada
2026-06-09 12:38:22,013 - INFO - 
=== rotina programar_os ===
2026-06-09 12:38:48,541 - INFO - ⌛ Aguardando janela de confirmação de programação de OS...
2026-06-09 12:39:14,031 - INFO - 🟨 Janela de confirmação de programação de OS detectada
2026-06-09 12:39:27,320 - INFO - 🟨 Janela de aviso de edição de OS programadas detectada
2026-06-09 12:39:34,525 - INFO - ⌛ aguardando janela de programação de lote de OS...
2026-06-09 12:40:00,048 - INFO - 🟨 Janela de aviso de substituição de lote de OS detectada
2026-06-09 12:40:20,150 - INFO - ⌛ aguardando janela de programação de lote de OS...
2026-06-09 12:40:45,709 - INFO - 🟨 Janela de programação de lote de OS detectada
2026-06-09 12:41:35,236 - INFO - 🟨 Janela de confirmação de programação de lote de OS detectada
2026-06-09 12:41:39,445 - INFO - ⌛ aguardando confirmação final de programação do lote
2026-06-09 12:42:04,921 - INFO - 🟨 programação do lote 17 efetuado com sucesso
2026-06-09 12:42:15,030 - INFO - 
=== Iniciando lote 18/36 [LV] ===
2026-06-09 12:42:15,031 - INFO - 
=== abrir_janela_selecao ===
2026-06-09 12:42:21,338 - INFO - 
=== rotina abrir_selecao_colar_os ===
2026-06-09 12:42:21,389 - INFO - Janela de seleção aberta
2026-06-09 12:42:25,615 - INFO - DEBUG: idx=17, inicio=425, fim=450
2026-06-09 12:42:25,615 - INFO - ✅ 25 OS copiadas para a área de transferência.
2026-06-09 12:42:25,615 - INFO - 📋 Lote 18 copiado.
2026-06-09 12:42:33,938 - INFO - ⌛ Esperando mudança visual...
2026-06-09 12:42:34,952 - INFO - ⌛ Esperando mudança visual...
2026-06-09 12:42:35,969 - INFO - ⌛ Esperando mudança visual...
2026-06-09 12:42:36,987 - INFO - ⌛ Esperando mudança visual...
2026-06-09 12:42:37,998 - INFO - ⌛ Esperando mudança visual...
2026-06-09 12:42:39,016 - INFO - ⌛ Esperando mudança visual...
2026-06-09 12:42:40,034 - INFO - ⌛ Esperando mudança visual...
2026-06-09 12:42:41,049 - INFO - ⌛ Esperando mudança visual...
2026-06-09 12:42:42,063 - INFO - ⌛ Esperando mudança visual...
2026-06-09 12:42:43,079 - INFO - ✅ Tela carregada!
2026-06-09 12:42:47,081 - INFO - 
=== rotina desbloquear_os ===
2026-06-09 12:43:13,580 - INFO - ⌛ Aguardando janela de confirmação de desbloqueio...
2026-06-09 12:43:28,996 - INFO - 🟨 Registros desbloqueados com sucesso
2026-06-09 12:43:33,101 - INFO - 
=== rotina editar_os ===
2026-06-09 12:43:42,502 - INFO - ⌛ Aguardando janela de edição de OS...
2026-06-09 12:43:57,930 - INFO - 🟨 OS programadas detectadas
2026-06-09 12:44:01,032 - INFO - ⌛ Aguardando janela de edição de OS...
2026-06-09 12:44:16,479 - INFO - 🟨 Janela de edição de OS detectada
2026-06-09 12:44:37,842 - INFO - 🟨 Janela de edição de habilidade da turma detectada
2026-06-09 12:45:56,149 - INFO - ⌛ Aguardando detecção do campo de caracteristica 'EQUIPE PRÓPRIA OU EPS' ...
2026-06-09 12:46:15,501 - INFO - 🟨 campo de caracteristica 'EQUIPE PRÓPRIA OU EPS detectado
2026-06-09 12:46:37,269 - INFO - ⌛ Aguardando confirmação 4 - editar OS...
2026-06-09 12:46:52,741 - INFO - ⌛ Aguardando confirmação 4 - editar OS...
2026-06-09 12:46:52,867 - INFO - 🟨 Identificado travamento no EQM, reiniciando contador de espera
2026-06-09 12:47:08,196 - INFO - ⌛ Aguardando confirmação 4 - editar OS...
2026-06-09 12:47:23,677 - INFO - 🟨 Janela de confirmação 4 de edição de OS detectada
2026-06-09 12:47:27,780 - INFO - 
=== rotina programar_os ===
2026-06-09 12:47:54,335 - INFO - ⌛ Aguardando janela de confirmação de programação de OS...
2026-06-09 12:48:19,773 - INFO - 🟨 Janela de confirmação de programação de OS detectada
2026-06-09 12:48:33,046 - INFO - 🟨 Janela de aviso de edição de OS programadas detectada
2026-06-09 12:48:40,264 - INFO - ⌛ aguardando janela de programação de lote de OS...
2026-06-09 12:49:05,745 - INFO - 🟨 Janela de aviso de substituição de lote de OS detectada
2026-06-09 12:49:25,849 - INFO - ⌛ aguardando janela de programação de lote de OS...
2026-06-09 12:49:51,339 - INFO - 🟨 Janela de programação de lote de OS detectada
2026-06-09 12:50:40,840 - INFO - 🟨 Janela de confirmação de programação de lote de OS detectada
2026-06-09 12:50:45,065 - INFO - ⌛ aguardando confirmação final de programação do lote
2026-06-09 12:51:10,522 - INFO - 🟨 programação do lote 18 efetuado com sucesso
2026-06-09 12:51:20,629 - INFO - 
=== Iniciando lote 19/36 [LV] ===
2026-06-09 12:51:20,630 - INFO - 
=== abrir_janela_selecao ===
2026-06-09 12:51:26,937 - INFO - 
=== rotina abrir_selecao_colar_os ===
2026-06-09 12:51:26,979 - INFO - Janela de seleção aberta
2026-06-09 12:51:31,213 - INFO - DEBUG: idx=18, inicio=450, fim=475
2026-06-09 12:51:31,213 - INFO - ✅ 25 OS copiadas para a área de transferência.
2026-06-09 12:51:31,214 - INFO - 📋 Lote 19 copiado.
2026-06-09 12:51:39,549 - INFO - ⌛ Esperando mudança visual...
2026-06-09 12:51:40,568 - INFO - ⌛ Esperando mudança visual...
2026-06-09 12:51:41,585 - INFO - ⌛ Esperando mudança visual...
2026-06-09 12:51:42,596 - INFO - ⌛ Esperando mudança visual...
2026-06-09 12:51:43,616 - INFO - ⌛ Esperando mudança visual...
2026-06-09 12:51:44,631 - INFO - ⌛ Esperando mudança visual...
2026-06-09 12:51:45,643 - INFO - ⌛ Esperando mudança visual...
2026-06-09 12:51:46,662 - INFO - ⌛ Esperando mudança visual...
2026-06-09 12:51:47,678 - INFO - ⌛ Esperando mudança visual...
2026-06-09 12:51:48,690 - INFO - ⌛ Esperando mudança visual...
2026-06-09 12:51:49,707 - INFO - ✅ Tela carregada!
2026-06-09 12:51:53,709 - INFO - 
=== rotina desbloquear_os ===
2026-06-09 12:52:20,190 - INFO - ⌛ Aguardando janela de confirmação de desbloqueio...
2026-06-09 12:52:35,592 - INFO - 🟨 Registros desbloqueados com sucesso
2026-06-09 12:52:39,697 - INFO - 
=== rotina editar_os ===
2026-06-09 12:52:49,097 - INFO - ⌛ Aguardando janela de edição de OS...
2026-06-09 12:53:04,526 - INFO - 🟨 OS programadas detectadas
2026-06-09 12:53:07,629 - INFO - ⌛ Aguardando janela de edição de OS...
2026-06-09 12:53:23,057 - INFO - 🟨 Janela de edição de OS detectada
2026-06-09 12:53:44,417 - INFO - 🟨 Janela de edição de habilidade da turma detectada
2026-06-09 12:55:02,740 - INFO - ⌛ Aguardando detecção do campo de caracteristica 'EQUIPE PRÓPRIA OU EPS' ...
2026-06-09 12:55:22,090 - INFO - 🟨 campo de caracteristica 'EQUIPE PRÓPRIA OU EPS detectado
2026-06-09 12:55:43,843 - INFO - ⌛ Aguardando confirmação 4 - editar OS...
2026-06-09 12:55:59,287 - INFO - ⌛ Aguardando confirmação 4 - editar OS...
2026-06-09 12:55:59,394 - INFO - 🟨 Identificado travamento no EQM, reiniciando contador de espera
2026-06-09 12:56:14,726 - INFO - ⌛ Aguardando confirmação 4 - editar OS...
2026-06-09 12:56:30,147 - INFO - 🟨 Janela de confirmação 4 de edição de OS detectada
2026-06-09 12:56:34,261 - INFO - 
=== rotina programar_os ===
2026-06-09 12:57:00,789 - INFO - ⌛ Aguardando janela de confirmação de programação de OS...
2026-06-09 12:57:26,235 - INFO - 🟨 Janela de confirmação de programação de OS detectada
2026-06-09 12:57:39,488 - INFO - 🟨 Janela de aviso de edição de OS programadas detectada
2026-06-09 12:57:46,694 - INFO - ⌛ aguardando janela de programação de lote de OS...
2026-06-09 12:58:12,203 - INFO - 🟨 Janela de aviso de substituição de lote de OS detectada
2026-06-09 12:58:32,313 - INFO - ⌛ aguardando janela de programação de lote de OS...
2026-06-09 12:58:57,785 - INFO - 🟨 Janela de programação de lote de OS detectada
2026-06-09 12:59:47,298 - INFO - 🟨 Janela de confirmação de programação de lote de OS detectada
2026-06-09 12:59:51,510 - INFO - ⌛ aguardando confirmação final de programação do lote
2026-06-09 13:00:16,952 - INFO - 🟨 programação do lote 19 efetuado com sucesso
2026-06-09 13:00:27,059 - INFO - 
=== Iniciando lote 20/36 [LV] ===
2026-06-09 13:00:27,059 - INFO - 
=== abrir_janela_selecao ===
2026-06-09 13:00:33,370 - INFO - 
=== rotina abrir_selecao_colar_os ===
2026-06-09 13:00:33,410 - INFO - Janela de seleção aberta
2026-06-09 13:00:37,637 - INFO - DEBUG: idx=19, inicio=475, fim=500
2026-06-09 13:00:37,637 - INFO - ✅ 25 OS copiadas para a área de transferência.
2026-06-09 13:00:37,637 - INFO - 📋 Lote 20 copiado.
2026-06-09 13:00:45,966 - INFO - ⌛ Esperando mudança visual...
2026-06-09 13:00:46,979 - INFO - ⌛ Esperando mudança visual...
2026-06-09 13:00:47,994 - INFO - ⌛ Esperando mudança visual...
2026-06-09 13:00:49,013 - INFO - ⌛ Esperando mudança visual...
2026-06-09 13:00:50,029 - INFO - ⌛ Esperando mudança visual...
2026-06-09 13:00:51,040 - INFO - ⌛ Esperando mudança visual...
2026-06-09 13:00:52,060 - INFO - ⌛ Esperando mudança visual...
2026-06-09 13:00:53,074 - INFO - ⌛ Esperando mudança visual...
2026-06-09 13:00:54,087 - INFO - ⌛ Esperando mudança visual...
2026-06-09 13:00:55,106 - INFO - ⌛ Esperando mudança visual...
2026-06-09 13:00:56,122 - INFO - ✅ Tela carregada!
2026-06-09 13:01:00,124 - INFO - 
=== rotina desbloquear_os ===
2026-06-09 13:01:26,607 - INFO - ⌛ Aguardando janela de confirmação de desbloqueio...
2026-06-09 13:01:41,997 - INFO - 🟨 Registros desbloqueados com sucesso
2026-06-09 13:01:46,109 - INFO - 
=== rotina editar_os ===
2026-06-09 13:01:55,518 - INFO - ⌛ Aguardando janela de edição de OS...
2026-06-09 13:02:10,945 - INFO - 🟨 OS programadas detectadas
2026-06-09 13:02:14,060 - INFO - ⌛ Aguardando janela de edição de OS...
2026-06-09 13:02:29,499 - INFO - 🟨 Janela de edição de OS detectada
2026-06-09 13:02:50,866 - INFO - 🟨 Janela de edição de habilidade da turma detectada
2026-06-09 13:04:09,174 - INFO - ⌛ Aguardando detecção do campo de caracteristica 'EQUIPE PRÓPRIA OU EPS' ...
2026-06-09 13:04:28,534 - INFO - 🟨 campo de caracteristica 'EQUIPE PRÓPRIA OU EPS detectado
2026-06-09 13:04:50,310 - INFO - ⌛ Aguardando confirmação 4 - editar OS...
2026-06-09 13:05:05,746 - INFO - ⌛ Aguardando confirmação 4 - editar OS...
2026-06-09 13:05:05,860 - INFO - 🟨 Identificado travamento no EQM, reiniciando contador de espera
2026-06-09 13:05:21,169 - INFO - ⌛ Aguardando confirmação 4 - editar OS...
2026-06-09 13:05:36,615 - INFO - 🟨 Janela de confirmação 4 de edição de OS detectada
2026-06-09 13:05:40,724 - INFO - 
=== rotina programar_os ===
2026-06-09 13:06:07,246 - INFO - ⌛ Aguardando janela de confirmação de programação de OS...
2026-06-09 13:06:32,682 - INFO - 🟨 Janela de confirmação de programação de OS detectada
2026-06-09 13:06:45,934 - INFO - 🟨 Janela de aviso de edição de OS programadas detectada
2026-06-09 13:06:53,141 - INFO - ⌛ aguardando janela de programação de lote de OS...
2026-06-09 13:07:18,658 - INFO - 🟨 Janela de aviso de substituição de lote de OS detectada
2026-06-09 13:07:38,762 - INFO - ⌛ aguardando janela de programação de lote de OS...
2026-06-09 13:08:04,257 - INFO - 🟨 Janela de programação de lote de OS detectada
2026-06-09 13:08:53,806 - INFO - 🟨 Janela de confirmação de programação de lote de OS detectada
2026-06-09 13:08:58,003 - INFO - ⌛ aguardando confirmação final de programação do lote
2026-06-09 13:09:23,442 - INFO - 🟨 programação do lote 20 efetuado com sucesso
2026-06-09 13:09:33,552 - INFO - 
=== Iniciando lote 21/36 [LV] ===
2026-06-09 13:09:33,552 - INFO - 
=== abrir_janela_selecao ===
2026-06-09 13:09:39,861 - INFO - 
=== rotina abrir_selecao_colar_os ===
2026-06-09 13:09:39,905 - INFO - Janela de seleção aberta
2026-06-09 13:09:44,136 - INFO - DEBUG: idx=20, inicio=500, fim=525
2026-06-09 13:09:44,137 - INFO - ✅ 25 OS copiadas para a área de transferência.
2026-06-09 13:09:44,137 - INFO - 📋 Lote 21 copiado.
2026-06-09 13:09:52,463 - INFO - ⌛ Esperando mudança visual...
2026-06-09 13:09:53,475 - INFO - ⌛ Esperando mudança visual...
2026-06-09 13:09:54,489 - INFO - ⌛ Esperando mudança visual...
2026-06-09 13:09:55,508 - INFO - ⌛ Esperando mudança visual...
2026-06-09 13:09:56,524 - INFO - ⌛ Esperando mudança visual...
2026-06-09 13:09:57,539 - INFO - ⌛ Esperando mudança visual...
2026-06-09 13:09:58,556 - INFO - ⌛ Esperando mudança visual...
2026-06-09 13:09:59,572 - INFO - ⌛ Esperando mudança visual...
2026-06-09 13:10:00,584 - INFO - ⌛ Esperando mudança visual...
2026-06-09 13:10:01,603 - INFO - ⌛ Esperando mudança visual...
2026-06-09 13:10:02,617 - INFO - ✅ Tela carregada!
2026-06-09 13:10:06,618 - INFO - 
=== rotina desbloquear_os ===
2026-06-09 13:10:33,105 - INFO - ⌛ Aguardando janela de confirmação de desbloqueio...
2026-06-09 13:10:48,486 - INFO - ⌛ Aguardando janela de confirmação de desbloqueio...
2026-06-09 13:11:03,888 - INFO - 🟨 Registros desbloqueados com sucesso
2026-06-09 13:11:07,992 - INFO - 
=== rotina editar_os ===
2026-06-09 13:11:17,441 - INFO - ⌛ Aguardando janela de edição de OS...
2026-06-09 13:11:32,939 - INFO - 🟨 OS programadas detectadas
2026-06-09 13:11:36,042 - INFO - ⌛ Aguardando janela de edição de OS...
2026-06-09 13:11:51,519 - INFO - 🟨 Janela de edição de OS detectada
2026-06-09 13:12:12,886 - INFO - 🟨 Janela de edição de habilidade da turma detectada
2026-06-09 13:13:31,188 - INFO - ⌛ Aguardando detecção do campo de caracteristica 'EQUIPE PRÓPRIA OU EPS' ...
2026-06-09 13:13:50,567 - INFO - 🟨 campo de caracteristica 'EQUIPE PRÓPRIA OU EPS detectado
2026-06-09 13:14:12,365 - INFO - ⌛ Aguardando confirmação 4 - editar OS...
2026-06-09 13:14:27,821 - INFO - ⌛ Aguardando confirmação 4 - editar OS...
2026-06-09 13:14:27,967 - INFO - 🟨 Identificado travamento no EQM, reiniciando contador de espera
2026-06-09 13:14:43,320 - INFO - ⌛ Aguardando confirmação 4 - editar OS...
2026-06-09 13:14:58,746 - INFO - 🟨 Janela de confirmação 4 de edição de OS detectada
2026-06-09 13:15:02,855 - INFO - 
=== rotina programar_os ===
2026-06-09 13:15:29,388 - INFO - ⌛ Aguardando janela de confirmação de programação de OS...
2026-06-09 13:15:54,811 - INFO - 🟨 Janela de confirmação de programação de OS detectada
2026-06-09 13:16:08,065 - INFO - 🟨 Janela de aviso de edição de OS programadas detectada
2026-06-09 13:16:15,272 - INFO - ⌛ aguardando janela de programação de lote de OS...
2026-06-09 13:16:40,813 - INFO - 🟨 Janela de aviso de substituição de lote de OS detectada
2026-06-09 13:17:00,924 - INFO - ⌛ aguardando janela de programação de lote de OS...
2026-06-09 13:17:26,579 - INFO - 🟨 Janela de programação de lote de OS detectada
2026-06-09 13:18:16,120 - INFO - 🟨 Janela de confirmação de programação de lote de OS detectada
2026-06-09 13:18:20,342 - INFO - ⌛ aguardando confirmação final de programação do lote
2026-06-09 13:18:45,908 - INFO - 🟨 programação do lote 21 efetuado com sucesso
2026-06-09 13:18:56,012 - INFO - 
=== Iniciando lote 22/36 [LV] ===
2026-06-09 13:18:56,012 - INFO - 
=== abrir_janela_selecao ===
2026-06-09 13:19:02,321 - INFO - 
=== rotina abrir_selecao_colar_os ===
2026-06-09 13:19:02,384 - INFO - Janela de seleção aberta
2026-06-09 13:19:06,595 - INFO - DEBUG: idx=21, inicio=525, fim=550
2026-06-09 13:19:06,595 - INFO - ✅ 25 OS copiadas para a área de transferência.
2026-06-09 13:19:06,595 - INFO - 📋 Lote 22 copiado.
2026-06-09 13:19:14,924 - INFO - ⌛ Esperando mudança visual...
2026-06-09 13:19:15,938 - INFO - ⌛ Esperando mudança visual...
2026-06-09 13:19:16,955 - INFO - ⌛ Esperando mudança visual...
2026-06-09 13:19:17,970 - INFO - ⌛ Esperando mudança visual...
2026-06-09 13:19:18,988 - INFO - ⌛ Esperando mudança visual...
2026-06-09 13:19:20,002 - INFO - ⌛ Esperando mudança visual...
2026-06-09 13:19:21,018 - INFO - ⌛ Esperando mudança visual...
2026-06-09 13:19:22,032 - INFO - ⌛ Esperando mudança visual...
2026-06-09 13:19:23,049 - INFO - ⌛ Esperando mudança visual...
2026-06-09 13:19:24,065 - INFO - ⌛ Esperando mudança visual...
2026-06-09 13:19:25,079 - INFO - ✅ Tela carregada!
2026-06-09 13:19:29,083 - INFO - 
=== rotina desbloquear_os ===
2026-06-09 13:19:55,553 - INFO - ⌛ Aguardando janela de confirmação de desbloqueio...
2026-06-09 13:20:10,968 - INFO - 🟨 Registros desbloqueados com sucesso
2026-06-09 13:20:15,072 - INFO - 
=== rotina editar_os ===
2026-06-09 13:20:24,502 - INFO - ⌛ Aguardando janela de edição de OS...
2026-06-09 13:20:39,966 - INFO - 🟨 OS programadas detectadas
2026-06-09 13:20:43,072 - INFO - ⌛ Aguardando janela de edição de OS...
2026-06-09 13:20:58,611 - INFO - 🟨 Janela de edição de OS detectada
2026-06-09 13:21:20,002 - INFO - 🟨 Janela de edição de habilidade da turma detectada
2026-06-09 13:22:38,304 - INFO - ⌛ Aguardando detecção do campo de caracteristica 'EQUIPE PRÓPRIA OU EPS' ...
2026-06-09 13:22:57,665 - INFO - 🟨 campo de caracteristica 'EQUIPE PRÓPRIA OU EPS detectado
2026-06-09 13:23:19,466 - INFO - ⌛ Aguardando confirmação 4 - editar OS...
2026-06-09 13:23:34,910 - INFO - ⌛ Aguardando confirmação 4 - editar OS...
2026-06-09 13:23:35,018 - INFO - 🟨 Identificado travamento no EQM, reiniciando contador de espera
2026-06-09 13:23:50,337 - INFO - ⌛ Aguardando confirmação 4 - editar OS...
2026-06-09 13:24:05,781 - INFO - 🟨 Janela de confirmação 4 de edição de OS detectada
2026-06-09 13:24:09,884 - INFO - 
=== rotina programar_os ===
2026-06-09 13:24:36,418 - INFO - ⌛ Aguardando janela de confirmação de programação de OS...
2026-06-09 13:25:01,837 - INFO - 🟨 Janela de confirmação de programação de OS detectada
2026-06-09 13:25:15,092 - INFO - 🟨 Janela de aviso de edição de OS programadas detectada
2026-06-09 13:25:22,303 - INFO - ⌛ aguardando janela de programação de lote de OS...
2026-06-09 13:25:47,823 - INFO - 🟨 Janela de aviso de substituição de lote de OS detectada
2026-06-09 13:26:07,926 - INFO - ⌛ aguardando janela de programação de lote de OS...
2026-06-09 13:26:33,416 - INFO - 🟨 Janela de programação de lote de OS detectada
2026-06-09 13:27:22,957 - INFO - 🟨 Janela de confirmação de programação de lote de OS detectada
2026-06-09 13:27:27,166 - INFO - ⌛ aguardando confirmação final de programação do lote
2026-06-09 13:27:52,630 - INFO - 🟨 programação do lote 22 efetuado com sucesso
2026-06-09 13:28:02,740 - INFO - 
=== Iniciando lote 23/36 [LV] ===
2026-06-09 13:28:02,740 - INFO - 
=== abrir_janela_selecao ===
2026-06-09 13:28:09,061 - INFO - 
=== rotina abrir_selecao_colar_os ===
2026-06-09 13:28:09,100 - INFO - Janela de seleção aberta
2026-06-09 13:28:13,326 - INFO - DEBUG: idx=22, inicio=550, fim=575
2026-06-09 13:28:13,326 - INFO - ✅ 25 OS copiadas para a área de transferência.
2026-06-09 13:28:13,326 - INFO - 📋 Lote 23 copiado.
2026-06-09 13:28:21,655 - INFO - ⌛ Esperando mudança visual...
2026-06-09 13:28:22,671 - INFO - ⌛ Esperando mudança visual...
2026-06-09 13:28:23,683 - INFO - ⌛ Esperando mudança visual...
2026-06-09 13:28:24,701 - INFO - ⌛ Esperando mudança visual...
2026-06-09 13:28:25,718 - INFO - ⌛ Esperando mudança visual...
2026-06-09 13:28:26,730 - INFO - ⌛ Esperando mudança visual...
2026-06-09 13:28:27,748 - INFO - ⌛ Esperando mudança visual...
2026-06-09 13:28:28,765 - INFO - ⌛ Esperando mudança visual...
2026-06-09 13:28:29,777 - INFO - ⌛ Esperando mudança visual...
2026-06-09 13:28:30,797 - INFO - ⌛ Esperando mudança visual...
2026-06-09 13:28:31,813 - INFO - ✅ Tela carregada!
2026-06-09 13:28:35,814 - INFO - 
=== rotina desbloquear_os ===
2026-06-09 13:29:02,277 - INFO - ⌛ Aguardando janela de confirmação de desbloqueio...
2026-06-09 13:29:17,677 - INFO - 🟨 Registros desbloqueados com sucesso
2026-06-09 13:29:21,782 - INFO - 
=== rotina editar_os ===
2026-06-09 13:29:31,217 - INFO - ⌛ Aguardando janela de edição de OS...
2026-06-09 13:29:46,690 - INFO - 🟨 OS programadas detectadas
2026-06-09 13:29:49,801 - INFO - ⌛ Aguardando janela de edição de OS...
2026-06-09 13:30:05,246 - INFO - 🟨 Janela de edição de OS detectada
2026-06-09 13:30:26,605 - INFO - 🟨 Janela de edição de habilidade da turma detectada
2026-06-09 13:31:44,916 - INFO - ⌛ Aguardando detecção do campo de caracteristica 'EQUIPE PRÓPRIA OU EPS' ...
2026-06-09 13:32:04,277 - INFO - 🟨 campo de caracteristica 'EQUIPE PRÓPRIA OU EPS detectado
2026-06-09 13:32:26,050 - INFO - ⌛ Aguardando confirmação 4 - editar OS...
2026-06-09 13:32:41,485 - INFO - ⌛ Aguardando confirmação 4 - editar OS...
2026-06-09 13:32:41,598 - INFO - 🟨 Identificado travamento no EQM, reiniciando contador de espera
2026-06-09 13:32:56,913 - INFO - ⌛ Aguardando confirmação 4 - editar OS...
2026-06-09 13:33:12,339 - INFO - 🟨 Janela de confirmação 4 de edição de OS detectada
2026-06-09 13:33:16,447 - INFO - 
=== rotina programar_os ===
2026-06-09 13:33:42,986 - INFO - ⌛ Aguardando janela de confirmação de programação de OS...
2026-06-09 13:34:08,433 - INFO - 🟨 Janela de confirmação de programação de OS detectada
2026-06-09 13:34:21,681 - INFO - 🟨 Janela de aviso de edição de OS programadas detectada
2026-06-09 13:34:28,896 - INFO - ⌛ aguardando janela de programação de lote de OS...
2026-06-09 13:34:54,382 - INFO - 🟨 Janela de aviso de substituição de lote de OS detectada
2026-06-09 13:35:14,498 - INFO - ⌛ aguardando janela de programação de lote de OS...
2026-06-09 13:35:40,024 - INFO - 🟨 Janela de programação de lote de OS detectada
2026-06-09 13:36:29,544 - INFO - 🟨 Janela de confirmação de programação de lote de OS detectada
2026-06-09 13:36:33,762 - INFO - ⌛ aguardando confirmação final de programação do lote
2026-06-09 13:36:59,280 - INFO - 🟨 programação do lote 23 efetuado com sucesso
2026-06-09 13:37:09,385 - INFO - 
=== Iniciando lote 24/36 [LV] ===
2026-06-09 13:37:09,385 - INFO - 
=== abrir_janela_selecao ===
2026-06-09 13:37:15,703 - INFO - 
=== rotina abrir_selecao_colar_os ===
2026-06-09 13:37:15,755 - INFO - Janela de seleção aberta
2026-06-09 13:37:19,974 - INFO - DEBUG: idx=23, inicio=575, fim=600
2026-06-09 13:37:19,975 - INFO - ✅ 25 OS copiadas para a área de transferência.
2026-06-09 13:37:19,975 - INFO - 📋 Lote 24 copiado.
2026-06-09 13:37:28,302 - INFO - ⌛ Esperando mudança visual...
2026-06-09 13:37:29,316 - INFO - ⌛ Esperando mudança visual...
2026-06-09 13:37:30,335 - INFO - ⌛ Esperando mudança visual...
2026-06-09 13:37:31,347 - INFO - ⌛ Esperando mudança visual...
2026-06-09 13:37:32,365 - INFO - ⌛ Esperando mudança visual...
2026-06-09 13:37:33,377 - INFO - ⌛ Esperando mudança visual...
2026-06-09 13:37:34,396 - INFO - ⌛ Esperando mudança visual...
2026-06-09 13:37:35,412 - INFO - ⌛ Esperando mudança visual...
2026-06-09 13:37:36,428 - INFO - ⌛ Esperando mudança visual...
2026-06-09 13:37:37,439 - INFO - ⌛ Esperando mudança visual...
2026-06-09 13:37:38,457 - INFO - ✅ Tela carregada!
2026-06-09 13:37:42,458 - INFO - 
=== rotina desbloquear_os ===
2026-06-09 13:38:08,925 - INFO - ⌛ Aguardando janela de confirmação de desbloqueio...
2026-06-09 13:38:24,362 - INFO - 🟨 Registros desbloqueados com sucesso
2026-06-09 13:38:28,467 - INFO - 
=== rotina editar_os ===
2026-06-09 13:38:37,909 - INFO - ⌛ Aguardando janela de edição de OS...
2026-06-09 13:38:53,416 - INFO - 🟨 OS programadas detectadas
2026-06-09 13:38:56,518 - INFO - ⌛ Aguardando janela de edição de OS...
2026-06-09 13:39:11,961 - INFO - 🟨 Janela de edição de OS detectada
2026-06-09 13:39:33,318 - INFO - 🟨 Janela de edição de habilidade da turma detectada
2026-06-09 13:40:51,623 - INFO - ⌛ Aguardando detecção do campo de caracteristica 'EQUIPE PRÓPRIA OU EPS' ...
2026-06-09 13:41:10,975 - INFO - 🟨 campo de caracteristica 'EQUIPE PRÓPRIA OU EPS detectado
2026-06-09 13:41:32,730 - INFO - ⌛ Aguardando confirmação 4 - editar OS...
2026-06-09 13:41:48,171 - INFO - ⌛ Aguardando confirmação 4 - editar OS...
2026-06-09 13:41:48,276 - INFO - 🟨 Identificado travamento no EQM, reiniciando contador de espera
2026-06-09 13:42:03,607 - INFO - ⌛ Aguardando confirmação 4 - editar OS...
2026-06-09 13:42:19,029 - INFO - 🟨 Janela de confirmação 4 de edição de OS detectada
2026-06-09 13:42:23,143 - INFO - 
=== rotina programar_os ===
2026-06-09 13:42:49,654 - INFO - ⌛ Aguardando janela de confirmação de programação de OS...
2026-06-09 13:43:15,079 - INFO - 🟨 Janela de confirmação de programação de OS detectada
2026-06-09 13:43:28,328 - INFO - 🟨 Janela de aviso de edição de OS programadas detectada
2026-06-09 13:43:35,543 - INFO - ⌛ aguardando janela de programação de lote de OS...
2026-06-09 13:44:01,029 - INFO - 🟨 Janela de aviso de substituição de lote de OS detectada
2026-06-09 13:44:21,145 - INFO - ⌛ aguardando janela de programação de lote de OS...
2026-06-09 13:44:46,678 - INFO - 🟨 Janela de programação de lote de OS detectada
2026-06-09 13:45:36,178 - INFO - 🟨 Janela de confirmação de programação de lote de OS detectada
2026-06-09 13:45:40,410 - INFO - ⌛ aguardando confirmação final de programação do lote
2026-06-09 13:46:05,881 - INFO - 🟨 programação do lote 24 efetuado com sucesso
2026-06-09 13:46:15,988 - INFO - 
=== Iniciando lote 25/36 [LV] ===
2026-06-09 13:46:15,988 - INFO - 
=== abrir_janela_selecao ===
2026-06-09 13:46:22,295 - INFO - 
=== rotina abrir_selecao_colar_os ===
2026-06-09 13:46:22,350 - INFO - Janela de seleção aberta
2026-06-09 13:46:26,575 - INFO - DEBUG: idx=24, inicio=600, fim=625
2026-06-09 13:46:26,576 - INFO - ✅ 25 OS copiadas para a área de transferência.
2026-06-09 13:46:26,576 - INFO - 📋 Lote 25 copiado.
2026-06-09 13:46:34,899 - INFO - ⌛ Esperando mudança visual...
2026-06-09 13:46:35,915 - INFO - ⌛ Esperando mudança visual...
2026-06-09 13:46:36,926 - INFO - ⌛ Esperando mudança visual...
2026-06-09 13:46:37,943 - INFO - ⌛ Esperando mudança visual...
2026-06-09 13:46:38,962 - INFO - ⌛ Esperando mudança visual...
2026-06-09 13:46:39,973 - INFO - ⌛ Esperando mudança visual...
2026-06-09 13:46:40,989 - INFO - ⌛ Esperando mudança visual...
2026-06-09 13:46:42,008 - INFO - ⌛ Esperando mudança visual...
2026-06-09 13:46:43,023 - INFO - ⌛ Esperando mudança visual...
2026-06-09 13:46:44,035 - INFO - ⌛ Esperando mudança visual...
2026-06-09 13:46:45,053 - INFO - ⌛ Esperando mudança visual...
2026-06-09 13:46:46,070 - INFO - ✅ Tela carregada!
2026-06-09 13:46:50,072 - INFO - 
=== rotina desbloquear_os ===
2026-06-09 13:47:16,537 - INFO - ⌛ Aguardando janela de confirmação de desbloqueio...
2026-06-09 13:47:31,919 - INFO - 🟨 Registros desbloqueados com sucesso
2026-06-09 13:47:36,023 - INFO - 
=== rotina editar_os ===
2026-06-09 13:47:45,431 - INFO - ⌛ Aguardando janela de edição de OS...
2026-06-09 13:48:00,903 - INFO - 🟨 OS programadas detectadas
2026-06-09 13:48:04,006 - INFO - ⌛ Aguardando janela de edição de OS...
2026-06-09 13:48:19,423 - INFO - 🟨 Janela de edição de OS detectada
2026-06-09 13:48:40,788 - INFO - 🟨 Janela de edição de habilidade da turma detectada
2026-06-09 13:49:59,109 - INFO - ⌛ Aguardando detecção do campo de caracteristica 'EQUIPE PRÓPRIA OU EPS' ...
2026-06-09 13:50:18,468 - INFO - 🟨 campo de caracteristica 'EQUIPE PRÓPRIA OU EPS detectado
2026-06-09 13:50:40,237 - INFO - ⌛ Aguardando confirmação 4 - editar OS...
2026-06-09 13:50:55,719 - INFO - ⌛ Aguardando confirmação 4 - editar OS...
2026-06-09 13:51:11,155 - INFO - ⌛ Aguardando confirmação 4 - editar OS...
2026-06-09 13:51:26,630 - INFO - 🟨 Janela de confirmação 4 de edição de OS detectada
2026-06-09 13:51:30,739 - INFO - 
=== rotina programar_os ===
2026-06-09 13:51:57,278 - INFO - ⌛ Aguardando janela de confirmação de programação de OS...
2026-06-09 13:52:22,730 - INFO - 🟨 Janela de confirmação de programação de OS detectada
2026-06-09 13:52:35,974 - INFO - 🟨 Janela de aviso de edição de OS programadas detectada
2026-06-09 13:52:43,190 - INFO - ⌛ aguardando janela de programação de lote de OS...
2026-06-09 13:53:08,704 - INFO - 🟨 Janela de aviso de substituição de lote de OS detectada
2026-06-09 13:53:28,807 - INFO - ⌛ aguardando janela de programação de lote de OS...
2026-06-09 13:53:54,314 - INFO - 🟨 Janela de programação de lote de OS detectada
2026-06-09 13:54:43,807 - INFO - 🟨 Janela de confirmação de programação de lote de OS detectada
2026-06-09 13:54:48,027 - INFO - ⌛ aguardando confirmação final de programação do lote
2026-06-09 13:55:13,515 - INFO - 🟨 programação do lote 25 efetuado com sucesso
2026-06-09 13:55:23,620 - INFO - 
=== Iniciando lote 26/36 [LV] ===
2026-06-09 13:55:23,621 - INFO - 
=== abrir_janela_selecao ===
2026-06-09 13:55:29,928 - INFO - 
=== rotina abrir_selecao_colar_os ===
2026-06-09 13:55:29,979 - INFO - Janela de seleção aberta
2026-06-09 13:55:34,201 - INFO - DEBUG: idx=25, inicio=625, fim=650
2026-06-09 13:55:34,202 - INFO - ✅ 25 OS copiadas para a área de transferência.
2026-06-09 13:55:34,202 - INFO - 📋 Lote 26 copiado.
2026-06-09 13:55:42,524 - INFO - ⌛ Esperando mudança visual...
2026-06-09 13:55:43,543 - INFO - ⌛ Esperando mudança visual...
2026-06-09 13:55:44,557 - INFO - ⌛ Esperando mudança visual...
2026-06-09 13:55:45,571 - INFO - ⌛ Esperando mudança visual...
2026-06-09 13:55:46,584 - INFO - ⌛ Esperando mudança visual...
2026-06-09 13:55:47,604 - INFO - ⌛ Esperando mudança visual...
2026-06-09 13:55:48,620 - INFO - ⌛ Esperando mudança visual...
2026-06-09 13:55:49,633 - INFO - ⌛ Esperando mudança visual...
2026-06-09 13:55:50,653 - INFO - ⌛ Esperando mudança visual...
2026-06-09 13:55:51,667 - INFO - ⌛ Esperando mudança visual...
2026-06-09 13:55:52,681 - INFO - ✅ Tela carregada!
2026-06-09 13:55:56,687 - INFO - 
=== rotina desbloquear_os ===
2026-06-09 13:56:23,149 - INFO - ⌛ Aguardando janela de confirmação de desbloqueio...
2026-06-09 13:56:38,565 - INFO - 🟨 Registros desbloqueados com sucesso
2026-06-09 13:56:42,670 - INFO - 
=== rotina editar_os ===
2026-06-09 13:56:52,072 - INFO - ⌛ Aguardando janela de edição de OS...
2026-06-09 13:57:07,555 - INFO - 🟨 OS programadas detectadas
2026-06-09 13:57:10,658 - INFO - ⌛ Aguardando janela de edição de OS...
2026-06-09 13:57:26,098 - INFO - 🟨 Janela de edição de OS detectada
2026-06-09 13:57:47,460 - INFO - 🟨 Janela de edição de habilidade da turma detectada
2026-06-09 13:59:05,765 - INFO - ⌛ Aguardando detecção do campo de caracteristica 'EQUIPE PRÓPRIA OU EPS' ...
2026-06-09 13:59:25,117 - INFO - 🟨 campo de caracteristica 'EQUIPE PRÓPRIA OU EPS detectado
2026-06-09 13:59:46,877 - INFO - ⌛ Aguardando confirmação 4 - editar OS...
2026-06-09 14:00:02,291 - INFO - ⌛ Aguardando confirmação 4 - editar OS...
2026-06-09 14:00:02,403 - INFO - 🟨 Identificado travamento no EQM, reiniciando contador de espera
2026-06-09 14:00:17,750 - INFO - ⌛ Aguardando confirmação 4 - editar OS...
2026-06-09 14:00:33,194 - INFO - 🟨 Janela de confirmação 4 de edição de OS detectada
2026-06-09 14:00:37,302 - INFO - 
=== rotina programar_os ===
2026-06-09 14:01:03,818 - INFO - ⌛ Aguardando janela de confirmação de programação de OS...
2026-06-09 14:01:29,234 - INFO - 🟨 Janela de confirmação de programação de OS detectada
2026-06-09 14:01:42,493 - INFO - 🟨 Janela de aviso de edição de OS programadas detectada
2026-06-09 14:01:49,704 - INFO - ⌛ aguardando janela de programação de lote de OS...
2026-06-09 14:02:15,220 - INFO - 🟨 Janela de aviso de substituição de lote de OS detectada
2026-06-09 14:02:35,323 - INFO - ⌛ aguardando janela de programação de lote de OS...
2026-06-09 14:03:00,805 - INFO - 🟨 Janela de programação de lote de OS detectada
2026-06-09 14:03:50,328 - INFO - 🟨 Janela de confirmação de programação de lote de OS detectada
2026-06-09 14:03:54,551 - INFO - ⌛ aguardando confirmação final de programação do lote
2026-06-09 14:04:20,011 - INFO - 🟨 programação do lote 26 efetuado com sucesso
2026-06-09 14:04:30,117 - INFO - 
=== Iniciando lote 27/36 [LV] ===
2026-06-09 14:04:30,117 - INFO - 
=== abrir_janela_selecao ===
2026-06-09 14:04:36,442 - INFO - 
=== rotina abrir_selecao_colar_os ===
2026-06-09 14:04:36,484 - INFO - Janela de seleção aberta
2026-06-09 14:04:40,717 - INFO - DEBUG: idx=26, inicio=650, fim=675
2026-06-09 14:04:40,717 - INFO - ✅ 25 OS copiadas para a área de transferência.
2026-06-09 14:04:40,717 - INFO - 📋 Lote 27 copiado.
2026-06-09 14:04:49,041 - INFO - ⌛ Esperando mudança visual...
2026-06-09 14:04:50,056 - INFO - ⌛ Esperando mudança visual...
2026-06-09 14:04:51,073 - INFO - ⌛ Esperando mudança visual...
2026-06-09 14:04:52,084 - INFO - ⌛ Esperando mudança visual...
2026-06-09 14:04:53,102 - INFO - ⌛ Esperando mudança visual...
2026-06-09 14:04:54,118 - INFO - ⌛ Esperando mudança visual...
2026-06-09 14:04:55,131 - INFO - ⌛ Esperando mudança visual...
2026-06-09 14:04:56,148 - INFO - ⌛ Esperando mudança visual...
2026-06-09 14:04:57,166 - INFO - ⌛ Esperando mudança visual...
2026-06-09 14:04:58,178 - INFO - ⌛ Esperando mudança visual...
2026-06-09 14:04:59,196 - INFO - ✅ Tela carregada!
2026-06-09 14:05:03,198 - INFO - 
=== rotina desbloquear_os ===
2026-06-09 14:05:29,680 - INFO - ⌛ Aguardando janela de confirmação de desbloqueio...
2026-06-09 14:05:45,106 - INFO - ⌛ Aguardando janela de confirmação de desbloqueio...
2026-06-09 14:06:00,534 - INFO - ⌛ Aguardando janela de confirmação de desbloqueio...
2026-06-09 14:06:15,952 - INFO - ⌛ Aguardando janela de confirmação de desbloqueio...
2026-06-09 14:06:31,385 - INFO - ⌛ Aguardando janela de confirmação de desbloqueio...
2026-06-09 14:06:46,797 - INFO - ⌛ Aguardando janela de confirmação de desbloqueio...
2026-06-09 14:07:02,223 - INFO - ⌛ Aguardando janela de confirmação de desbloqueio...
2026-06-09 14:07:17,624 - INFO - ⌛ Aguardando janela de confirmação de desbloqueio...
2026-06-09 14:07:33,024 - INFO - ⌛ Aguardando janela de confirmação de desbloqueio...
2026-06-09 14:07:48,384 - INFO - ⌛ Aguardando janela de confirmação de desbloqueio...
2026-06-09 14:08:03,781 - INFO - 🟨 Registros desbloqueados com sucesso
2026-06-09 14:08:07,886 - INFO - 
=== rotina editar_os ===
2026-06-09 14:08:17,283 - INFO - ⌛ Aguardando janela de edição de OS...
2026-06-09 14:08:32,729 - INFO - 🟨 OS programadas detectadas
2026-06-09 14:08:35,833 - INFO - ⌛ Aguardando janela de edição de OS...
2026-06-09 14:08:51,275 - INFO - 🟨 Janela de edição de OS detectada
2026-06-09 14:09:12,629 - INFO - 🟨 Janela de edição de habilidade da turma detectada
2026-06-09 14:10:30,961 - INFO - ⌛ Aguardando detecção do campo de caracteristica 'EQUIPE PRÓPRIA OU EPS' ...
2026-06-09 14:10:50,323 - INFO - 🟨 campo de caracteristica 'EQUIPE PRÓPRIA OU EPS detectado
2026-06-09 14:11:12,112 - INFO - ⌛ Aguardando confirmação 4 - editar OS...
2026-06-09 14:11:27,607 - INFO - ⌛ Aguardando confirmação 4 - editar OS...
2026-06-09 14:11:27,730 - INFO - 🟨 Identificado travamento no EQM, reiniciando contador de espera
2026-06-09 14:11:43,096 - INFO - ⌛ Aguardando confirmação 4 - editar OS...
2026-06-09 14:11:43,222 - INFO - 🟨 Identificado travamento no EQM, reiniciando contador de espera
2026-06-09 14:11:58,568 - INFO - ⌛ Aguardando confirmação 4 - editar OS...
2026-06-09 14:12:14,067 - INFO - ⌛ Aguardando confirmação 4 - editar OS...
2026-06-09 14:12:29,568 - INFO - ⌛ Aguardando confirmação 4 - editar OS...
2026-06-09 14:12:45,070 - INFO - ⌛ Aguardando confirmação 4 - editar OS...
2026-06-09 14:13:00,574 - INFO - ⌛ Aguardando confirmação 4 - editar OS...
2026-06-09 14:13:16,073 - INFO - ⌛ Aguardando confirmação 4 - editar OS...
2026-06-09 14:13:31,574 - INFO - ⌛ Aguardando confirmação 4 - editar OS...
2026-06-09 14:13:47,076 - INFO - ⌛ Aguardando confirmação 4 - editar OS...
2026-06-09 14:14:02,577 - INFO - ⌛ Aguardando confirmação 4 - editar OS...
2026-06-09 14:14:18,079 - INFO - ⌛ Aguardando confirmação 4 - editar OS...
2026-06-09 14:14:33,580 - INFO - ⌛ Aguardando confirmação 4 - editar OS...
2026-06-09 14:14:49,152 - INFO - ⌛ Aguardando confirmação 4 - editar OS...
2026-06-09 14:15:04,683 - INFO - ⌛ Aguardando confirmação 4 - editar OS...
2026-06-09 14:15:20,236 - INFO - ⌛ Aguardando confirmação 4 - editar OS...
2026-06-09 14:15:35,794 - INFO - 🟨 Janela de confirmação 4 de edição de OS detectada
2026-06-09 14:15:39,896 - INFO - 
=== rotina programar_os ===
2026-06-09 14:16:06,462 - INFO - ⌛ Aguardando janela de confirmação de programação de OS...
2026-06-09 14:16:32,064 - INFO - 🟨 Janela de confirmação de programação de OS detectada
2026-06-09 14:16:45,418 - INFO - 🟨 Janela de aviso de edição de OS programadas detectada
2026-06-09 14:16:52,646 - INFO - ⌛ aguardando janela de programação de lote de OS...
2026-06-09 14:17:18,267 - INFO - 🟨 Janela de aviso de substituição de lote de OS detectada
2026-06-09 14:17:38,384 - INFO - ⌛ aguardando janela de programação de lote de OS...
2026-06-09 14:18:03,896 - INFO - 🟨 Janela de aviso de substituição de lote de OS detectada
2026-06-09 14:18:24,005 - INFO - ⌛ aguardando janela de programação de lote de OS...
2026-06-09 14:18:24,141 - INFO - 🟨 Identificado travamento no EQM, reiniciando contador de espera
2026-06-09 14:18:49,523 - INFO - 🟨 Janela de aviso de substituição de lote de OS detectada
2026-06-09 14:19:09,626 - INFO - ⌛ aguardando janela de programação de lote de OS...
2026-06-09 14:19:09,762 - INFO - 🟨 Identificado travamento no EQM, reiniciando contador de espera
2026-06-09 14:19:35,117 - INFO - 🟨 Janela de aviso de substituição de lote de OS detectada
2026-06-09 14:19:55,235 - INFO - ⌛ aguardando janela de programação de lote de OS...
2026-06-09 14:19:55,368 - INFO - 🟨 Identificado travamento no EQM, reiniciando contador de espera
2026-06-09 14:20:20,746 - INFO - 🟨 Janela de aviso de substituição de lote de OS detectada
2026-06-09 14:20:40,854 - INFO - ⌛ aguardando janela de programação de lote de OS...
2026-06-09 14:20:40,990 - INFO - 🟨 Identificado travamento no EQM, reiniciando contador de espera
2026-06-09 14:21:06,416 - INFO - 🟨 Janela de aviso de substituição de lote de OS detectada
2026-06-09 14:21:26,519 - INFO - ⌛ aguardando janela de programação de lote de OS...
2026-06-09 14:21:26,644 - INFO - 🟨 Identificado travamento no EQM, reiniciando contador de espera
2026-06-09 14:21:52,112 - INFO - 🟨 Janela de aviso de substituição de lote de OS detectada
2026-06-09 14:22:12,214 - INFO - ⌛ aguardando janela de programação de lote de OS...
2026-06-09 14:22:37,756 - INFO - 🟨 Janela de programação de lote de OS detectada
2026-06-09 14:23:27,267 - INFO - 🟨 Janela de confirmação de programação de lote de OS detectada
2026-06-09 14:23:31,469 - INFO - ⌛ aguardando confirmação final de programação do lote
2026-06-09 14:23:56,983 - INFO - 🟨 programação do lote 27 efetuado com sucesso
2026-06-09 14:24:07,095 - INFO - 
=== Iniciando lote 28/36 [LV] ===
2026-06-09 14:24:07,096 - INFO - 
=== abrir_janela_selecao ===
2026-06-09 14:24:13,403 - INFO - 
=== rotina abrir_selecao_colar_os ===
2026-06-09 14:24:13,451 - INFO - Janela de seleção aberta
2026-06-09 14:24:17,678 - INFO - DEBUG: idx=27, inicio=675, fim=700
2026-06-09 14:24:17,678 - INFO - ✅ 25 OS copiadas para a área de transferência.
2026-06-09 14:24:17,678 - INFO - 📋 Lote 28 copiado.
2026-06-09 14:24:26,003 - INFO - ⌛ Esperando mudança visual...
2026-06-09 14:24:27,018 - INFO - ⌛ Esperando mudança visual...
2026-06-09 14:24:28,030 - INFO - ⌛ Esperando mudança visual...
2026-06-09 14:24:29,048 - INFO - ⌛ Esperando mudança visual...
2026-06-09 14:24:30,066 - INFO - ⌛ Esperando mudança visual...
2026-06-09 14:24:31,077 - INFO - ⌛ Esperando mudança visual...
2026-06-09 14:24:32,097 - INFO - ⌛ Esperando mudança visual...
2026-06-09 14:24:33,111 - INFO - ⌛ Esperando mudança visual...
2026-06-09 14:24:34,124 - INFO - ⌛ Esperando mudança visual...
2026-06-09 14:24:35,141 - INFO - ⌛ Esperando mudança visual...
2026-06-09 14:24:36,159 - INFO - ⌛ Esperando mudança visual...
2026-06-09 14:24:37,173 - INFO - ⌛ Esperando mudança visual...
2026-06-09 14:24:38,188 - INFO - ✅ Tela carregada!
2026-06-09 14:24:42,189 - INFO - 
=== rotina desbloquear_os ===
2026-06-09 14:25:08,659 - INFO - ⌛ Aguardando janela de confirmação de desbloqueio...
2026-06-09 14:25:24,059 - INFO - 🟨 Registros desbloqueados com sucesso
2026-06-09 14:25:28,163 - INFO - 
=== rotina editar_os ===
2026-06-09 14:25:37,573 - INFO - ⌛ Aguardando janela de edição de OS...
2026-06-09 14:25:52,980 - INFO - 🟨 OS programadas detectadas
2026-06-09 14:25:56,095 - INFO - ⌛ Aguardando janela de edição de OS...
2026-06-09 14:26:11,556 - INFO - 🟨 Janela de edição de OS detectada
2026-06-09 14:26:32,918 - INFO - 🟨 Janela de edição de habilidade da turma detectada
2026-06-09 14:27:51,221 - INFO - ⌛ Aguardando detecção do campo de caracteristica 'EQUIPE PRÓPRIA OU EPS' ...
2026-06-09 14:28:10,569 - INFO - 🟨 campo de caracteristica 'EQUIPE PRÓPRIA OU EPS detectado
2026-06-09 14:28:32,351 - INFO - ⌛ Aguardando confirmação 4 - editar OS...
2026-06-09 14:28:47,775 - INFO - ⌛ Aguardando confirmação 4 - editar OS...
2026-06-09 14:28:47,897 - INFO - 🟨 Identificado travamento no EQM, reiniciando contador de espera
2026-06-09 14:29:03,209 - INFO - ⌛ Aguardando confirmação 4 - editar OS...
2026-06-09 14:29:18,709 - INFO - ⌛ Aguardando confirmação 4 - editar OS...
2026-06-09 14:29:34,159 - INFO - ⌛ Aguardando confirmação 4 - editar OS...
2026-06-09 14:29:49,610 - INFO - 🟨 Janela de confirmação 4 de edição de OS detectada
2026-06-09 14:29:53,713 - INFO - 
=== rotina programar_os ===
2026-06-09 14:30:20,248 - INFO - ⌛ Aguardando janela de confirmação de programação de OS...
2026-06-09 14:30:45,683 - INFO - 🟨 Janela de confirmação de programação de OS detectada
2026-06-09 14:30:58,930 - INFO - 🟨 Janela de aviso de edição de OS programadas detectada
2026-06-09 14:31:06,147 - INFO - ⌛ aguardando janela de programação de lote de OS...
2026-06-09 14:31:31,653 - INFO - 🟨 Janela de aviso de substituição de lote de OS detectada
2026-06-09 14:31:51,762 - INFO - ⌛ aguardando janela de programação de lote de OS...
2026-06-09 14:32:17,285 - INFO - 🟨 Janela de programação de lote de OS detectada
2026-06-09 14:33:06,771 - INFO - ⌛ aguardando janela de confirmação de programação de lote de OS...
2026-06-09 14:33:32,208 - INFO - 🟨 Janela de confirmação de programação de lote de OS detectada
2026-06-09 14:33:36,420 - INFO - ⌛ aguardando confirmação final de programação do lote
2026-06-09 14:34:01,863 - INFO - 🟨 programação do lote 28 efetuado com sucesso
2026-06-09 14:34:11,967 - INFO - 
=== Iniciando lote 29/36 [LV] ===
2026-06-09 14:34:11,968 - INFO - 
=== abrir_janela_selecao ===
2026-06-09 14:34:18,277 - INFO - 
=== rotina abrir_selecao_colar_os ===
2026-06-09 14:34:18,326 - INFO - Janela de seleção aberta
2026-06-09 14:34:22,551 - INFO - DEBUG: idx=28, inicio=700, fim=725
2026-06-09 14:34:22,551 - INFO - ✅ 25 OS copiadas para a área de transferência.
2026-06-09 14:34:22,551 - INFO - 📋 Lote 29 copiado.
2026-06-09 14:34:30,872 - INFO - ⌛ Esperando mudança visual...
2026-06-09 14:34:31,891 - INFO - ⌛ Esperando mudança visual...
2026-06-09 14:34:32,903 - INFO - ⌛ Esperando mudança visual...
2026-06-09 14:34:33,919 - INFO - ⌛ Esperando mudança visual...
2026-06-09 14:34:34,938 - INFO - ⌛ Esperando mudança visual...
2026-06-09 14:34:35,954 - INFO - ⌛ Esperando mudança visual...
2026-06-09 14:34:36,966 - INFO - ⌛ Esperando mudança visual...
2026-06-09 14:34:37,983 - INFO - ⌛ Esperando mudança visual...
2026-06-09 14:34:38,999 - INFO - ⌛ Esperando mudança visual...
2026-06-09 14:34:40,017 - INFO - ⌛ Esperando mudança visual...
2026-06-09 14:34:41,029 - INFO - ⌛ Esperando mudança visual...
2026-06-09 14:34:42,048 - INFO - ✅ Tela carregada!
2026-06-09 14:34:46,050 - INFO - 
=== rotina desbloquear_os ===
2026-06-09 14:35:12,519 - INFO - ⌛ Aguardando janela de confirmação de desbloqueio...
2026-06-09 14:35:27,916 - INFO - ⌛ Aguardando janela de confirmação de desbloqueio...
2026-06-09 14:35:43,337 - INFO - ⌛ Aguardando janela de confirmação de desbloqueio...
2026-06-09 14:35:58,804 - INFO - 🟨 Registros desbloqueados com sucesso
2026-06-09 14:36:02,908 - INFO - 
=== rotina editar_os ===
2026-06-09 14:36:12,316 - INFO - ⌛ Aguardando janela de edição de OS...
2026-06-09 14:36:27,765 - INFO - 🟨 OS programadas detectadas
2026-06-09 14:36:30,875 - INFO - ⌛ Aguardando janela de edição de OS...
2026-06-09 14:36:46,327 - INFO - 🟨 Janela de edição de OS detectada
2026-06-09 14:37:07,703 - INFO - 🟨 Janela de edição de habilidade da turma detectada
2026-06-09 14:38:26,022 - INFO - ⌛ Aguardando detecção do campo de caracteristica 'EQUIPE PRÓPRIA OU EPS' ...
2026-06-09 14:38:45,407 - INFO - 🟨 campo de caracteristica 'EQUIPE PRÓPRIA OU EPS detectado
2026-06-09 14:39:07,235 - INFO - ⌛ Aguardando confirmação 4 - editar OS...
2026-06-09 14:39:22,734 - INFO - ⌛ Aguardando confirmação 4 - editar OS...
2026-06-09 14:39:22,860 - INFO - 🟨 Identificado travamento no EQM, reiniciando contador de espera
2026-06-09 14:39:38,254 - INFO - ⌛ Aguardando confirmação 4 - editar OS...
2026-06-09 14:39:53,805 - INFO - 🟨 Janela de confirmação 4 de edição de OS detectada
2026-06-09 14:39:57,907 - INFO - 
=== rotina programar_os ===
2026-06-09 14:40:24,460 - INFO - ⌛ Aguardando janela de confirmação de programação de OS...
2026-06-09 14:40:49,936 - INFO - 🟨 Janela de confirmação de programação de OS detectada
2026-06-09 14:41:03,228 - INFO - 🟨 Janela de aviso de edição de OS programadas detectada
2026-06-09 14:41:10,435 - INFO - ⌛ aguardando janela de programação de lote de OS...
2026-06-09 14:41:35,988 - INFO - 🟨 Janela de aviso de substituição de lote de OS detectada
2026-06-09 14:41:56,103 - INFO - ⌛ aguardando janela de programação de lote de OS...
2026-06-09 14:42:21,659 - INFO - 🟨 Janela de aviso de substituição de lote de OS detectada
2026-06-09 14:42:41,762 - INFO - ⌛ aguardando janela de programação de lote de OS...
2026-06-09 14:43:07,304 - INFO - 🟨 Janela de programação de lote de OS detectada
2026-06-09 14:43:56,817 - INFO - 🟨 Janela de confirmação de programação de lote de OS detectada
2026-06-09 14:44:01,029 - INFO - ⌛ aguardando confirmação final de programação do lote
2026-06-09 14:44:26,471 - INFO - ⌛ aguardando confirmação final de programação do lote
2026-06-09 14:44:51,921 - INFO - 🟨 programação do lote 29 efetuado com sucesso
2026-06-09 14:45:02,027 - INFO - 
=== Iniciando lote 30/36 [LV] ===
2026-06-09 14:45:02,027 - INFO - 
=== abrir_janela_selecao ===
2026-06-09 14:45:08,337 - INFO - 
=== rotina abrir_selecao_colar_os ===
2026-06-09 14:45:08,381 - INFO - Janela de seleção aberta
2026-06-09 14:45:12,611 - INFO - DEBUG: idx=29, inicio=725, fim=750
2026-06-09 14:45:12,611 - INFO - ✅ 25 OS copiadas para a área de transferência.
2026-06-09 14:45:12,612 - INFO - 📋 Lote 30 copiado.
2026-06-09 14:45:20,938 - INFO - ⌛ Esperando mudança visual...
2026-06-09 14:45:21,953 - INFO - ⌛ Esperando mudança visual...
2026-06-09 14:45:22,968 - INFO - ⌛ Esperando mudança visual...
2026-06-09 14:45:23,985 - INFO - ⌛ Esperando mudança visual...
2026-06-09 14:45:24,999 - INFO - ⌛ Esperando mudança visual...
2026-06-09 14:45:26,015 - INFO - ⌛ Esperando mudança visual...
2026-06-09 14:45:27,028 - INFO - ⌛ Esperando mudança visual...
2026-06-09 14:45:28,046 - INFO - ⌛ Esperando mudança visual...
2026-06-09 14:45:29,064 - INFO - ⌛ Esperando mudança visual...
2026-06-09 14:45:30,075 - INFO - ⌛ Esperando mudança visual...
2026-06-09 14:45:31,094 - INFO - ⌛ Esperando mudança visual...
2026-06-09 14:45:32,111 - INFO - ✅ Tela carregada!
2026-06-09 14:45:36,112 - INFO - 
=== rotina desbloquear_os ===
2026-06-09 14:46:02,601 - INFO - ⌛ Aguardando janela de confirmação de desbloqueio...
2026-06-09 14:46:18,030 - INFO - 🟨 Registros desbloqueados com sucesso
2026-06-09 14:46:22,138 - INFO - 
=== rotina editar_os ===
2026-06-09 14:46:31,564 - INFO - ⌛ Aguardando janela de edição de OS...
2026-06-09 14:46:47,050 - INFO - 🟨 OS programadas detectadas
2026-06-09 14:46:50,153 - INFO - ⌛ Aguardando janela de edição de OS...
2026-06-09 14:47:05,648 - INFO - 🟨 Janela de edição de OS detectada
2026-06-09 14:47:27,024 - INFO - 🟨 Janela de edição de habilidade da turma detectada
2026-06-09 14:48:45,332 - INFO - ⌛ Aguardando detecção do campo de caracteristica 'EQUIPE PRÓPRIA OU EPS' ...
2026-06-09 14:49:04,698 - INFO - 🟨 campo de caracteristica 'EQUIPE PRÓPRIA OU EPS detectado
2026-06-09 14:49:26,493 - INFO - ⌛ Aguardando confirmação 4 - editar OS...
2026-06-09 14:49:41,995 - INFO - ⌛ Aguardando confirmação 4 - editar OS...
2026-06-09 14:49:42,136 - INFO - 🟨 Identificado travamento no EQM, reiniciando contador de espera
2026-06-09 14:49:57,463 - INFO - ⌛ Aguardando confirmação 4 - editar OS...
2026-06-09 14:49:57,604 - INFO - 🟨 Identificado travamento no EQM, reiniciando contador de espera
2026-06-09 14:50:12,949 - INFO - ⌛ Aguardando confirmação 4 - editar OS...
2026-06-09 14:50:28,487 - INFO - ⌛ Aguardando confirmação 4 - editar OS...
2026-06-09 14:50:43,991 - INFO - ⌛ Aguardando confirmação 4 - editar OS...
2026-06-09 14:50:59,504 - INFO - 🟨 Janela de confirmação 4 de edição de OS detectada
2026-06-09 14:51:03,607 - INFO - 
=== rotina programar_os ===
2026-06-09 14:51:30,140 - INFO - ⌛ Aguardando janela de confirmação de programação de OS...
2026-06-09 14:51:55,664 - INFO - 🟨 Janela de confirmação de programação de OS detectada
2026-06-09 14:52:08,955 - INFO - 🟨 Janela de aviso de edição de OS programadas detectada
2026-06-09 14:52:16,160 - INFO - ⌛ aguardando janela de programação de lote de OS...
2026-06-09 14:52:41,736 - INFO - 🟨 Janela de aviso de substituição de lote de OS detectada
2026-06-09 14:53:01,840 - INFO - ⌛ aguardando janela de programação de lote de OS...
2026-06-09 14:53:27,373 - INFO - 🟨 Janela de programação de lote de OS detectada
2026-06-09 14:54:16,914 - INFO - ⌛ aguardando janela de confirmação de programação de lote de OS...
2026-06-09 14:54:42,416 - INFO - 🟨 Janela de confirmação de programação de lote de OS detectada
2026-06-09 14:54:46,645 - INFO - ⌛ aguardando confirmação final de programação do lote
2026-06-09 14:55:12,153 - INFO - 🟨 programação do lote 30 efetuado com sucesso
2026-06-09 14:55:22,257 - INFO - 
=== Iniciando lote 31/36 [LV] ===
2026-06-09 14:55:22,258 - INFO - 
=== abrir_janela_selecao ===
2026-06-09 14:55:28,566 - INFO - 
=== rotina abrir_selecao_colar_os ===
2026-06-09 14:55:28,622 - INFO - Janela de seleção aberta
2026-06-09 14:55:32,851 - INFO - DEBUG: idx=30, inicio=750, fim=775
2026-06-09 14:55:32,851 - INFO - ✅ 25 OS copiadas para a área de transferência.
2026-06-09 14:55:32,851 - INFO - 📋 Lote 31 copiado.
2026-06-09 14:55:41,176 - INFO - ⌛ Esperando mudança visual...
2026-06-09 14:55:42,194 - INFO - ⌛ Esperando mudança visual...
2026-06-09 14:55:43,210 - INFO - ⌛ Esperando mudança visual...
2026-06-09 14:55:44,223 - INFO - ⌛ Esperando mudança visual...
2026-06-09 14:55:45,240 - INFO - ⌛ Esperando mudança visual...
2026-06-09 14:55:46,257 - INFO - ⌛ Esperando mudança visual...
2026-06-09 14:55:47,270 - INFO - ⌛ Esperando mudança visual...
2026-06-09 14:55:48,287 - INFO - ⌛ Esperando mudança visual...
2026-06-09 14:55:49,303 - INFO - ⌛ Esperando mudança visual...
2026-06-09 14:55:50,317 - INFO - ⌛ Esperando mudança visual...
2026-06-09 14:55:51,336 - INFO - ⌛ Esperando mudança visual...
2026-06-09 14:55:52,349 - INFO - ✅ Tela carregada!
2026-06-09 14:55:56,351 - INFO - 
=== rotina desbloquear_os ===
2026-06-09 14:56:22,818 - INFO - ⌛ Aguardando janela de confirmação de desbloqueio...
2026-06-09 14:56:38,262 - INFO - ⌛ Aguardando janela de confirmação de desbloqueio...
2026-06-09 14:56:53,694 - INFO - 🟨 Registros desbloqueados com sucesso
2026-06-09 14:56:57,797 - INFO - 
=== rotina editar_os ===
2026-06-09 14:57:07,229 - INFO - ⌛ Aguardando janela de edição de OS...
2026-06-09 14:57:22,759 - INFO - 🟨 OS programadas detectadas
2026-06-09 14:57:25,863 - INFO - ⌛ Aguardando janela de edição de OS...
2026-06-09 14:57:41,324 - INFO - 🟨 Janela de edição de OS detectada
2026-06-09 14:58:02,701 - INFO - 🟨 Janela de edição de habilidade da turma detectada
2026-06-09 14:59:21,012 - INFO - ⌛ Aguardando detecção do campo de caracteristica 'EQUIPE PRÓPRIA OU EPS' ...
2026-06-09 14:59:40,371 - INFO - 🟨 campo de caracteristica 'EQUIPE PRÓPRIA OU EPS detectado
2026-06-09 15:00:02,185 - INFO - ⌛ Aguardando confirmação 4 - editar OS...
2026-06-09 15:00:17,671 - INFO - ⌛ Aguardando confirmação 4 - editar OS...
2026-06-09 15:00:17,816 - INFO - 🟨 Identificado travamento no EQM, reiniciando contador de espera
2026-06-09 15:00:33,179 - INFO - ⌛ Aguardando confirmação 4 - editar OS...
2026-06-09 15:00:48,674 - INFO - 🟨 Janela de confirmação 4 de edição de OS detectada
2026-06-09 15:00:52,784 - INFO - 
=== rotina programar_os ===
2026-06-09 15:01:19,327 - INFO - ⌛ Aguardando janela de confirmação de programação de OS...
2026-06-09 15:01:44,818 - INFO - 🟨 Janela de confirmação de programação de OS detectada
2026-06-09 15:01:58,106 - INFO - 🟨 Janela de aviso de edição de OS programadas detectada
2026-06-09 15:02:05,310 - INFO - ⌛ aguardando janela de programação de lote de OS...
2026-06-09 15:02:30,874 - INFO - 🟨 Janela de aviso de substituição de lote de OS detectada
2026-06-09 15:02:50,977 - INFO - ⌛ aguardando janela de programação de lote de OS...
2026-06-09 15:03:16,531 - INFO - 🟨 Janela de programação de lote de OS detectada
2026-06-09 15:04:06,063 - INFO - 🟨 Janela de confirmação de programação de lote de OS detectada
2026-06-09 15:04:10,293 - INFO - ⌛ aguardando confirmação final de programação do lote
2026-06-09 15:04:35,786 - INFO - 🟨 programação do lote 31 efetuado com sucesso
2026-06-09 15:04:45,890 - INFO - 
=== Iniciando lote 32/36 [LV] ===
2026-06-09 15:04:45,892 - INFO - 
=== abrir_janela_selecao ===
2026-06-09 15:04:52,215 - INFO - 
=== rotina abrir_selecao_colar_os ===
2026-06-09 15:04:52,269 - INFO - Janela de seleção aberta
2026-06-09 15:04:56,502 - INFO - DEBUG: idx=31, inicio=775, fim=800
2026-06-09 15:04:56,503 - INFO - ✅ 25 OS copiadas para a área de transferência.
2026-06-09 15:04:56,503 - INFO - 📋 Lote 32 copiado.
2026-06-09 15:05:04,822 - INFO - ⌛ Esperando mudança visual...
2026-06-09 15:05:05,840 - INFO - ⌛ Esperando mudança visual...
2026-06-09 15:05:06,859 - INFO - ⌛ Esperando mudança visual...
2026-06-09 15:05:07,870 - INFO - ⌛ Esperando mudança visual...
2026-06-09 15:05:08,889 - INFO - ⌛ Esperando mudança visual...
2026-06-09 15:05:09,905 - INFO - ⌛ Esperando mudança visual...
2026-06-09 15:05:10,917 - INFO - ⌛ Esperando mudança visual...
2026-06-09 15:05:11,935 - INFO - ⌛ Esperando mudança visual...
2026-06-09 15:05:12,951 - INFO - ⌛ Esperando mudança visual...
2026-06-09 15:05:13,964 - INFO - ⌛ Esperando mudança visual...
2026-06-09 15:05:14,983 - INFO - ⌛ Esperando mudança visual...
2026-06-09 15:05:15,999 - INFO - ⌛ Esperando mudança visual...
2026-06-09 15:05:17,012 - INFO - ✅ Tela carregada!
2026-06-09 15:05:21,013 - INFO - 
=== rotina desbloquear_os ===
2026-06-09 15:05:47,482 - INFO - ⌛ Aguardando janela de confirmação de desbloqueio...
2026-06-09 15:06:02,879 - INFO - 🟨 Registros desbloqueados com sucesso
2026-06-09 15:06:06,983 - INFO - 
=== rotina editar_os ===
2026-06-09 15:06:16,395 - INFO - ⌛ Aguardando janela de edição de OS...
2026-06-09 15:06:31,820 - INFO - 🟨 OS programadas detectadas
2026-06-09 15:06:34,937 - INFO - ⌛ Aguardando janela de edição de OS...
2026-06-09 15:06:50,400 - INFO - 🟨 Janela de edição de OS detectada
2026-06-09 15:07:11,758 - INFO - 🟨 Janela de edição de habilidade da turma detectada
2026-06-09 15:08:30,066 - INFO - ⌛ Aguardando detecção do campo de caracteristica 'EQUIPE PRÓPRIA OU EPS' ...
2026-06-09 15:08:49,417 - INFO - 🟨 campo de caracteristica 'EQUIPE PRÓPRIA OU EPS detectado
2026-06-09 15:09:11,212 - INFO - ⌛ Aguardando confirmação 4 - editar OS...
2026-06-09 15:09:26,686 - INFO - ⌛ Aguardando confirmação 4 - editar OS...
2026-06-09 15:09:26,837 - INFO - 🟨 Identificado travamento no EQM, reiniciando contador de espera
2026-06-09 15:09:42,198 - INFO - ⌛ Aguardando confirmação 4 - editar OS...
2026-06-09 15:09:57,732 - INFO - 🟨 Janela de confirmação 4 de edição de OS detectada
2026-06-09 15:10:01,835 - INFO - 
=== rotina programar_os ===
2026-06-09 15:10:28,361 - INFO - ⌛ Aguardando janela de confirmação de programação de OS...
2026-06-09 15:10:53,803 - INFO - 🟨 Janela de confirmação de programação de OS detectada
2026-06-09 15:11:07,057 - INFO - 🟨 Janela de aviso de edição de OS programadas detectada
2026-06-09 15:11:14,277 - INFO - ⌛ aguardando janela de programação de lote de OS...
2026-06-09 15:11:39,876 - INFO - 🟨 Janela de aviso de substituição de lote de OS detectada
2026-06-09 15:11:59,990 - INFO - ⌛ aguardando janela de programação de lote de OS...
2026-06-09 15:12:25,664 - INFO - 🟨 Janela de programação de lote de OS detectada
2026-06-09 15:13:15,214 - INFO - 🟨 Janela de confirmação de programação de lote de OS detectada
2026-06-09 15:13:19,442 - INFO - ⌛ aguardando confirmação final de programação do lote
2026-06-09 15:13:44,917 - INFO - 🟨 programação do lote 32 efetuado com sucesso
2026-06-09 15:13:55,022 - INFO - 
=== Iniciando lote 33/36 [LV] ===
2026-06-09 15:13:55,022 - INFO - 
=== abrir_janela_selecao ===
2026-06-09 15:14:01,330 - INFO - 
=== rotina abrir_selecao_colar_os ===
2026-06-09 15:14:01,370 - INFO - Janela de seleção aberta
2026-06-09 15:14:05,601 - INFO - DEBUG: idx=32, inicio=800, fim=825
2026-06-09 15:14:05,602 - INFO - ✅ 25 OS copiadas para a área de transferência.
2026-06-09 15:14:05,602 - INFO - 📋 Lote 33 copiado.
2026-06-09 15:14:13,923 - INFO - ⌛ Esperando mudança visual...
2026-06-09 15:14:14,942 - INFO - ⌛ Esperando mudança visual...
2026-06-09 15:14:15,954 - INFO - ⌛ Esperando mudança visual...
2026-06-09 15:14:16,972 - INFO - ⌛ Esperando mudança visual...
2026-06-09 15:14:17,989 - INFO - ⌛ Esperando mudança visual...
2026-06-09 15:14:19,000 - INFO - ⌛ Esperando mudança visual...
2026-06-09 15:14:20,018 - INFO - ⌛ Esperando mudança visual...
2026-06-09 15:14:21,035 - INFO - ⌛ Esperando mudança visual...
2026-06-09 15:14:22,049 - INFO - ⌛ Esperando mudança visual...
2026-06-09 15:14:23,062 - INFO - ⌛ Esperando mudança visual...
2026-06-09 15:14:24,081 - INFO - ⌛ Esperando mudança visual...
2026-06-09 15:14:25,097 - INFO - ⌛ Esperando mudança visual...
2026-06-09 15:14:26,112 - INFO - ⌛ Esperando mudança visual...
2026-06-09 15:14:27,127 - INFO - ⌛ Esperando mudança visual...
2026-06-09 15:14:28,145 - INFO - ✅ Tela carregada!
2026-06-09 15:14:32,146 - INFO - 
=== rotina desbloquear_os ===
2026-06-09 15:14:58,610 - INFO - ⌛ Aguardando janela de confirmação de desbloqueio...
2026-06-09 15:15:14,049 - INFO - 🟨 Registros desbloqueados com sucesso
2026-06-09 15:15:18,152 - INFO - 
=== rotina editar_os ===
2026-06-09 15:15:27,564 - INFO - ⌛ Aguardando janela de edição de OS...
2026-06-09 15:15:43,048 - INFO - 🟨 OS programadas detectadas
2026-06-09 15:15:46,155 - INFO - ⌛ Aguardando janela de edição de OS...
2026-06-09 15:16:01,595 - INFO - 🟨 Janela de edição de OS detectada
2026-06-09 15:16:22,954 - INFO - 🟨 Janela de edição de habilidade da turma detectada
2026-06-09 15:17:41,260 - INFO - ⌛ Aguardando detecção do campo de caracteristica 'EQUIPE PRÓPRIA OU EPS' ...
2026-06-09 15:18:00,625 - INFO - 🟨 campo de caracteristica 'EQUIPE PRÓPRIA OU EPS detectado
2026-06-09 15:18:22,439 - INFO - ⌛ Aguardando confirmação 4 - editar OS...
2026-06-09 15:18:37,954 - INFO - ⌛ Aguardando confirmação 4 - editar OS...
2026-06-09 15:18:38,131 - INFO - 🟨 Identificado travamento no EQM, reiniciando contador de espera
2026-06-09 15:18:53,490 - INFO - ⌛ Aguardando confirmação 4 - editar OS...
2026-06-09 15:19:09,013 - INFO - 🟨 Janela de confirmação 4 de edição de OS detectada
2026-06-09 15:19:13,116 - INFO - 
=== rotina programar_os ===
2026-06-09 15:19:39,660 - INFO - ⌛ Aguardando janela de confirmação de programação de OS...
2026-06-09 15:20:05,150 - INFO - 🟨 Janela de confirmação de programação de OS detectada
2026-06-09 15:20:18,435 - INFO - 🟨 Janela de aviso de edição de OS programadas detectada
2026-06-09 15:20:25,654 - INFO - ⌛ aguardando janela de programação de lote de OS...
2026-06-09 15:20:51,214 - INFO - 🟨 Janela de aviso de substituição de lote de OS detectada
2026-06-09 15:21:11,333 - INFO - ⌛ aguardando janela de programação de lote de OS...
2026-06-09 15:21:36,921 - INFO - 🟨 Janela de programação de lote de OS detectada
2026-06-09 15:22:26,474 - INFO - 🟨 Janela de confirmação de programação de lote de OS detectada
2026-06-09 15:22:30,718 - INFO - ⌛ aguardando confirmação final de programação do lote
2026-06-09 15:22:56,233 - INFO - 🟨 programação do lote 33 efetuado com sucesso
2026-06-09 15:23:06,337 - INFO - 
=== Iniciando lote 34/36 [LV] ===
2026-06-09 15:23:06,337 - INFO - 
=== abrir_janela_selecao ===
2026-06-09 15:23:12,669 - INFO - 
=== rotina abrir_selecao_colar_os ===
2026-06-09 15:23:12,730 - INFO - Janela de seleção aberta
2026-06-09 15:23:16,960 - INFO - DEBUG: idx=33, inicio=825, fim=850
2026-06-09 15:23:16,961 - INFO - ✅ 25 OS copiadas para a área de transferência.
2026-06-09 15:23:16,961 - INFO - 📋 Lote 34 copiado.
2026-06-09 15:23:25,281 - INFO - ⌛ Esperando mudança visual...
2026-06-09 15:23:26,301 - INFO - ⌛ Esperando mudança visual...
2026-06-09 15:23:27,315 - INFO - ⌛ Esperando mudança visual...
2026-06-09 15:23:28,332 - INFO - ⌛ Esperando mudança visual...
2026-06-09 15:23:29,343 - INFO - ⌛ Esperando mudança visual...
2026-06-09 15:23:30,362 - INFO - ⌛ Esperando mudança visual...
2026-06-09 15:23:31,376 - INFO - ⌛ Esperando mudança visual...
2026-06-09 15:23:32,391 - INFO - ⌛ Esperando mudança visual...
2026-06-09 15:23:33,411 - INFO - ⌛ Esperando mudança visual...
2026-06-09 15:23:34,425 - INFO - ⌛ Esperando mudança visual...
2026-06-09 15:23:35,437 - INFO - ⌛ Esperando mudança visual...
2026-06-09 15:23:36,456 - INFO - ⌛ Esperando mudança visual...
2026-06-09 15:23:37,470 - INFO - ⌛ Esperando mudança visual...
2026-06-09 15:23:38,484 - INFO - ✅ Tela carregada!
2026-06-09 15:23:42,490 - INFO - 
=== rotina desbloquear_os ===
2026-06-09 15:24:08,962 - INFO - ⌛ Aguardando janela de confirmação de desbloqueio...
2026-06-09 15:24:24,391 - INFO - 🟨 Registros desbloqueados com sucesso
2026-06-09 15:24:28,501 - INFO - 
=== rotina editar_os ===
2026-06-09 15:24:37,924 - INFO - ⌛ Aguardando janela de edição de OS...
2026-06-09 15:24:53,419 - INFO - 🟨 OS programadas detectadas
2026-06-09 15:24:56,521 - INFO - ⌛ Aguardando janela de edição de OS...
2026-06-09 15:25:11,989 - INFO - 🟨 Janela de edição de OS detectada
2026-06-09 15:25:33,335 - INFO - 🟨 Janela de edição de habilidade da turma detectada
2026-06-09 15:26:51,662 - INFO - ⌛ Aguardando detecção do campo de caracteristica 'EQUIPE PRÓPRIA OU EPS' ...
2026-06-09 15:27:11,019 - INFO - 🟨 campo de caracteristica 'EQUIPE PRÓPRIA OU EPS detectado
2026-06-09 15:27:32,831 - INFO - ⌛ Aguardando confirmação 4 - editar OS...
2026-06-09 15:27:48,332 - INFO - ⌛ Aguardando confirmação 4 - editar OS...
2026-06-09 15:27:48,476 - INFO - 🟨 Identificado travamento no EQM, reiniciando contador de espera
2026-06-09 15:28:03,833 - INFO - ⌛ Aguardando confirmação 4 - editar OS...
2026-06-09 15:28:19,368 - INFO - 🟨 Janela de confirmação 4 de edição de OS detectada
2026-06-09 15:28:23,470 - INFO - 
=== rotina programar_os ===
2026-06-09 15:28:50,006 - INFO - ⌛ Aguardando janela de confirmação de programação de OS...
2026-06-09 15:29:15,496 - INFO - 🟨 Janela de confirmação de programação de OS detectada
2026-06-09 15:29:28,781 - INFO - 🟨 Janela de aviso de edição de OS programadas detectada
2026-06-09 15:29:35,988 - INFO - ⌛ aguardando janela de programação de lote de OS...
2026-06-09 15:30:01,532 - INFO - 🟨 Janela de aviso de substituição de lote de OS detectada
2026-06-09 15:30:21,648 - INFO - ⌛ aguardando janela de programação de lote de OS...
2026-06-09 15:30:47,218 - INFO - 🟨 Janela de programação de lote de OS detectada
2026-06-09 15:31:36,736 - INFO - 🟨 Janela de confirmação de programação de lote de OS detectada
2026-06-09 15:31:40,982 - INFO - ⌛ aguardando confirmação final de programação do lote
2026-06-09 15:32:06,473 - INFO - 🟨 programação do lote 34 efetuado com sucesso
2026-06-09 15:32:16,582 - INFO - 
=== Iniciando lote 35/36 [LV] ===
2026-06-09 15:32:16,582 - INFO - 
=== abrir_janela_selecao ===
2026-06-09 15:32:22,890 - INFO - 
=== rotina abrir_selecao_colar_os ===
2026-06-09 15:32:22,953 - INFO - Janela de seleção aberta
2026-06-09 15:32:27,172 - INFO - DEBUG: idx=34, inicio=850, fim=875
2026-06-09 15:32:27,172 - INFO - ✅ 25 OS copiadas para a área de transferência.
2026-06-09 15:32:27,172 - INFO - 📋 Lote 35 copiado.
2026-06-09 15:32:35,497 - INFO - ⌛ Esperando mudança visual...
2026-06-09 15:32:36,513 - INFO - ⌛ Esperando mudança visual...
2026-06-09 15:32:37,525 - INFO - ⌛ Esperando mudança visual...
2026-06-09 15:32:38,545 - INFO - ⌛ Esperando mudança visual...
2026-06-09 15:32:39,561 - INFO - ⌛ Esperando mudança visual...
2026-06-09 15:32:40,572 - INFO - ⌛ Esperando mudança visual...
2026-06-09 15:32:41,592 - INFO - ⌛ Esperando mudança visual...
2026-06-09 15:32:42,607 - INFO - ⌛ Esperando mudança visual...
2026-06-09 15:32:43,618 - INFO - ⌛ Esperando mudança visual...
2026-06-09 15:32:44,637 - INFO - ⌛ Esperando mudança visual...
2026-06-09 15:32:45,653 - INFO - ⌛ Esperando mudança visual...
2026-06-09 15:32:46,665 - INFO - ⌛ Esperando mudança visual...
2026-06-09 15:32:47,683 - INFO - ⌛ Esperando mudança visual...
2026-06-09 15:32:48,700 - INFO - ✅ Tela carregada!
2026-06-09 15:32:52,702 - INFO - 
=== rotina desbloquear_os ===
2026-06-09 15:33:19,166 - INFO - ⌛ Aguardando janela de confirmação de desbloqueio...
2026-06-09 15:33:34,616 - INFO - 🟨 Registros desbloqueados com sucesso
2026-06-09 15:33:38,722 - INFO - 
=== rotina editar_os ===
2026-06-09 15:33:48,154 - INFO - ⌛ Aguardando janela de edição de OS...
2026-06-09 15:34:03,622 - INFO - 🟨 OS programadas detectadas
2026-06-09 15:34:06,727 - INFO - ⌛ Aguardando janela de edição de OS...
2026-06-09 15:34:22,169 - INFO - 🟨 Janela de edição de OS detectada
2026-06-09 15:34:43,515 - INFO - 🟨 Janela de edição de habilidade da turma detectada
2026-06-09 15:36:01,859 - INFO - ⌛ Aguardando detecção do campo de caracteristica 'EQUIPE PRÓPRIA OU EPS' ...
2026-06-09 15:36:21,235 - INFO - 🟨 campo de caracteristica 'EQUIPE PRÓPRIA OU EPS detectado
2026-06-09 15:36:43,062 - INFO - ⌛ Aguardando confirmação 4 - editar OS...
2026-06-09 15:36:58,580 - INFO - ⌛ Aguardando confirmação 4 - editar OS...
2026-06-09 15:36:58,713 - INFO - 🟨 Identificado travamento no EQM, reiniciando contador de espera
2026-06-09 15:37:14,085 - INFO - ⌛ Aguardando confirmação 4 - editar OS...
2026-06-09 15:37:29,601 - INFO - 🟨 Janela de confirmação 4 de edição de OS detectada
2026-06-09 15:37:33,703 - INFO - 
=== rotina programar_os ===
2026-06-09 15:38:00,236 - INFO - ⌛ Aguardando janela de confirmação de programação de OS...
2026-06-09 15:38:25,727 - INFO - 🟨 Janela de confirmação de programação de OS detectada
2026-06-09 15:38:39,062 - INFO - 🟨 Janela de aviso de edição de OS programadas detectada
2026-06-09 15:38:46,281 - INFO - ⌛ aguardando janela de programação de lote de OS...
2026-06-09 15:39:11,829 - INFO - 🟨 Janela de aviso de substituição de lote de OS detectada
2026-06-09 15:39:31,931 - INFO - ⌛ aguardando janela de programação de lote de OS...
2026-06-09 15:39:57,457 - INFO - 🟨 Janela de programação de lote de OS detectada
2026-06-09 15:40:46,989 - INFO - 🟨 Janela de confirmação de programação de lote de OS detectada
2026-06-09 15:40:51,228 - INFO - ⌛ aguardando confirmação final de programação do lote
2026-06-09 15:41:16,716 - INFO - 🟨 programação do lote 35 efetuado com sucesso
2026-06-09 15:41:26,824 - INFO - 
=== Iniciando lote 36/36 [LV] ===
2026-06-09 15:41:26,824 - INFO - 
=== abrir_janela_selecao ===
2026-06-09 15:41:33,133 - INFO - 
=== rotina abrir_selecao_colar_os ===
2026-06-09 15:41:33,189 - INFO - Janela de seleção aberta
2026-06-09 15:41:37,419 - INFO - DEBUG: idx=35, inicio=875, fim=900
2026-06-09 15:41:37,419 - INFO - ✅ 22 OS copiadas para a área de transferência.
2026-06-09 15:41:37,419 - INFO - 📋 Lote 36 copiado.
2026-06-09 15:41:45,743 - INFO - ⌛ Esperando mudança visual...
2026-06-09 15:41:46,759 - INFO - ⌛ Esperando mudança visual...
2026-06-09 15:41:47,777 - INFO - ⌛ Esperando mudança visual...
2026-06-09 15:41:48,792 - INFO - ⌛ Esperando mudança visual...
2026-06-09 15:41:49,804 - INFO - ⌛ Esperando mudança visual...
2026-06-09 15:41:50,823 - INFO - ⌛ Esperando mudança visual...
2026-06-09 15:41:51,838 - INFO - ⌛ Esperando mudança visual...
2026-06-09 15:41:52,854 - INFO - ⌛ Esperando mudança visual...
2026-06-09 15:41:53,867 - INFO - ⌛ Esperando mudança visual...
2026-06-09 15:41:54,886 - INFO - ⌛ Esperando mudança visual...
2026-06-09 15:41:55,902 - INFO - ⌛ Esperando mudança visual...
2026-06-09 15:41:56,914 - INFO - ✅ Tela carregada!
2026-06-09 15:42:00,921 - INFO - 
=== rotina desbloquear_os ===
2026-06-09 15:42:27,388 - INFO - ⌛ Aguardando janela de confirmação de desbloqueio...
2026-06-09 15:42:42,824 - INFO - 🟨 Registros desbloqueados com sucesso
2026-06-09 15:42:46,926 - INFO - 
=== rotina editar_os ===
2026-06-09 15:42:56,338 - INFO - ⌛ Aguardando janela de edição de OS...
2026-06-09 15:43:11,824 - INFO - 🟨 OS programadas detectadas
2026-06-09 15:43:14,927 - INFO - ⌛ Aguardando janela de edição de OS...
2026-06-09 15:43:30,403 - INFO - 🟨 Janela de edição de OS detectada
2026-06-09 15:43:51,748 - INFO - 🟨 Janela de edição de habilidade da turma detectada
2026-06-09 15:45:10,063 - INFO - ⌛ Aguardando detecção do campo de caracteristica 'EQUIPE PRÓPRIA OU EPS' ...
2026-06-09 15:45:29,425 - INFO - 🟨 campo de caracteristica 'EQUIPE PRÓPRIA OU EPS detectado
2026-06-09 15:45:51,214 - INFO - ⌛ Aguardando confirmação 4 - editar OS...
2026-06-09 15:46:06,687 - INFO - ⌛ Aguardando confirmação 4 - editar OS...
2026-06-09 15:46:22,198 - INFO - ⌛ Aguardando confirmação 4 - editar OS...
2026-06-09 15:46:37,719 - INFO - 🟨 Janela de confirmação 4 de edição de OS detectada
2026-06-09 15:46:41,821 - INFO - 
=== rotina programar_os ===
2026-06-09 15:47:08,375 - INFO - ⌛ Aguardando janela de confirmação de programação de OS...
2026-06-09 15:47:33,843 - INFO - 🟨 Janela de confirmação de programação de OS detectada
2026-06-09 15:47:47,128 - INFO - 🟨 Janela de aviso de edição de OS programadas detectada
2026-06-09 15:47:54,333 - INFO - ⌛ aguardando janela de programação de lote de OS...
2026-06-09 15:48:19,866 - INFO - 🟨 Janela de aviso de substituição de lote de OS detectada
2026-06-09 15:48:39,969 - INFO - ⌛ aguardando janela de programação de lote de OS...
2026-06-09 15:49:05,551 - INFO - 🟨 Janela de programação de lote de OS detectada
2026-06-09 15:49:55,102 - INFO - 🟨 Janela de confirmação de programação de lote de OS detectada
2026-06-09 15:49:59,331 - INFO - ⌛ aguardando confirmação final de programação do lote
2026-06-09 15:50:24,841 - INFO - ⌛ aguardando confirmação final de programação do lote
2026-06-09 15:50:50,370 - INFO - ⌛ aguardando confirmação final de programação do lote
2026-06-09 15:51:15,873 - INFO - ⌛ aguardando confirmação final de programação do lote
2026-06-09 15:51:41,383 - INFO - ⌛ aguardando confirmação final de programação do lote
2026-06-09 15:52:06,931 - INFO - ⌛ aguardando confirmação final de programação do lote
2026-06-09 15:52:32,516 - INFO - ⌛ aguardando confirmação final de programação do lote
2026-06-09 15:52:58,004 - INFO - ⌛ aguardando confirmação final de programação do lote
2026-06-09 15:53:23,494 - INFO - ⌛ aguardando confirmação final de programação do lote
2026-06-09 15:53:48,987 - INFO - ⌛ aguardando confirmação final de programação do lote
2026-06-09 15:54:14,492 - INFO - ⌛ aguardando confirmação final de programação do lote
2026-06-09 15:54:39,986 - INFO - ⌛ aguardando confirmação final de programação do lote
2026-06-09 15:55:05,491 - INFO - 🟨 programação do lote 36 efetuado com sucesso
2026-06-09 15:55:15,597 - INFO - 
=== Iniciando lote 1/32 [LM] ===
2026-06-09 15:55:15,598 - INFO - 
=== abrir_janela_selecao ===
2026-06-09 15:55:21,906 - INFO - 
=== rotina abrir_selecao_colar_os ===
2026-06-09 15:55:21,944 - INFO - Janela de seleção aberta
2026-06-09 15:55:26,175 - INFO - DEBUG: idx=0, inicio=0, fim=25
2026-06-09 15:55:26,175 - INFO - ✅ 25 OS copiadas para a área de transferência.
2026-06-09 15:55:26,175 - INFO - 📋 Lote 1 copiado.
2026-06-09 15:55:34,496 - INFO - ⌛ Esperando mudança visual...
2026-06-09 15:55:35,514 - INFO - ⌛ Esperando mudança visual...
2026-06-09 15:55:36,532 - INFO - ⌛ Esperando mudança visual...
2026-06-09 15:55:37,543 - INFO - ⌛ Esperando mudança visual...
2026-06-09 15:55:38,562 - INFO - ⌛ Esperando mudança visual...
2026-06-09 15:55:39,577 - INFO - ⌛ Esperando mudança visual...
2026-06-09 15:55:40,590 - INFO - ⌛ Esperando mudança visual...
2026-06-09 15:55:41,610 - INFO - ⌛ Esperando mudança visual...
2026-06-09 15:55:42,623 - INFO - ⌛ Esperando mudança visual...
2026-06-09 15:55:43,637 - INFO - ⌛ Esperando mudança visual...
2026-06-09 15:55:44,655 - INFO - ⌛ Esperando mudança visual...
2026-06-09 15:55:45,671 - INFO - ✅ Tela carregada!
2026-06-09 15:55:49,672 - INFO - 
=== rotina desbloquear_os ===
2026-06-09 15:56:16,138 - INFO - ⌛ Aguardando janela de confirmação de desbloqueio...
2026-06-09 15:56:31,609 - INFO - 🟨 Registros desbloqueados com sucesso
2026-06-09 15:56:35,713 - INFO - 
=== rotina editar_os ===
2026-06-09 15:56:45,142 - INFO - ⌛ Aguardando janela de edição de OS...
2026-06-09 15:57:00,643 - INFO - 🟨 OS programadas detectadas
2026-06-09 15:57:03,750 - INFO - ⌛ Aguardando janela de edição de OS...
2026-06-09 15:57:19,232 - INFO - 🟨 Janela de edição de OS detectada
2026-06-09 15:57:40,620 - INFO - 🟨 Janela de edição de habilidade da turma detectada
2026-06-09 15:58:58,924 - INFO - ⌛ Aguardando detecção do campo de caracteristica 'EQUIPE PRÓPRIA OU EPS' ...
2026-06-09 15:59:18,284 - INFO - 🟨 campo de caracteristica 'EQUIPE PRÓPRIA OU EPS detectado
2026-06-09 15:59:40,084 - INFO - ⌛ Aguardando confirmação 4 - editar OS...
2026-06-09 15:59:55,568 - INFO - ⌛ Aguardando confirmação 4 - editar OS...
2026-06-09 15:59:55,710 - INFO - 🟨 Identificado travamento no EQM, reiniciando contador de espera
2026-06-09 16:00:11,073 - INFO - ⌛ Aguardando confirmação 4 - editar OS...
2026-06-09 16:00:26,614 - INFO - ⌛ Aguardando confirmação 4 - editar OS...
2026-06-09 16:00:42,105 - INFO - 🟨 Janela de confirmação 4 de edição de OS detectada
2026-06-09 16:00:46,207 - INFO - 
=== rotina programar_os ===
2026-06-09 16:01:12,742 - INFO - ⌛ Aguardando janela de confirmação de programação de OS...
2026-06-09 16:01:38,218 - INFO - 🟨 Janela de confirmação de programação de OS detectada
2026-06-09 16:01:51,519 - INFO - 🟨 Janela de aviso de edição de OS programadas detectada
2026-06-09 16:01:58,724 - INFO - ⌛ aguardando janela de programação de lote de OS...
2026-06-09 16:02:24,287 - INFO - 🟨 Janela de aviso de substituição de lote de OS detectada
2026-06-09 16:02:44,395 - INFO - ⌛ aguardando janela de programação de lote de OS...
2026-06-09 16:03:09,925 - INFO - 🟨 Janela de programação de lote de OS detectada
2026-06-09 16:03:59,419 - INFO - 🟨 Janela de confirmação de programação de lote de OS detectada
2026-06-09 16:04:03,622 - INFO - ⌛ aguardando confirmação final de programação do lote
2026-06-09 16:04:29,123 - INFO - 🟨 programação do lote 1 efetuado com sucesso
2026-06-09 16:04:39,231 - INFO - 
=== Iniciando lote 2/32 [LM] ===
2026-06-09 16:04:39,232 - INFO - 
=== abrir_janela_selecao ===
2026-06-09 16:04:45,555 - INFO - 
=== rotina abrir_selecao_colar_os ===
2026-06-09 16:04:45,598 - INFO - Janela de seleção aberta
2026-06-09 16:04:49,824 - INFO - DEBUG: idx=1, inicio=25, fim=50
2026-06-09 16:04:49,824 - INFO - ✅ 25 OS copiadas para a área de transferência.
2026-06-09 16:04:49,825 - INFO - 📋 Lote 2 copiado.
2026-06-09 16:04:58,155 - INFO - ⌛ Esperando mudança visual...
2026-06-09 16:04:59,169 - INFO - ⌛ Esperando mudança visual...
2026-06-09 16:05:00,182 - INFO - ⌛ Esperando mudança visual...
2026-06-09 16:05:01,202 - INFO - ⌛ Esperando mudança visual...
2026-06-09 16:05:02,217 - INFO - ⌛ Esperando mudança visual...
2026-06-09 16:05:03,229 - INFO - ⌛ Esperando mudança visual...
2026-06-09 16:05:04,249 - INFO - ⌛ Esperando mudança visual...
2026-06-09 16:05:05,265 - INFO - ⌛ Esperando mudança visual...
2026-06-09 16:05:06,276 - INFO - ⌛ Esperando mudança visual...
2026-06-09 16:05:07,295 - INFO - ⌛ Esperando mudança visual...
2026-06-09 16:05:08,308 - INFO - ⌛ Esperando mudança visual...
2026-06-09 16:05:09,323 - INFO - ⌛ Esperando mudança visual...
2026-06-09 16:05:10,341 - INFO - ⌛ Esperando mudança visual...
2026-06-09 16:05:11,358 - INFO - ⌛ Esperando mudança visual...
2026-06-09 16:05:12,375 - INFO - ✅ Tela carregada!
2026-06-09 16:05:16,377 - INFO - 
=== rotina desbloquear_os ===
2026-06-09 16:05:42,857 - INFO - ⌛ Aguardando janela de confirmação de desbloqueio...
2026-06-09 16:05:58,277 - INFO - 🟨 Registros desbloqueados com sucesso
2026-06-09 16:06:02,383 - INFO - 
=== rotina editar_os ===
2026-06-09 16:06:11,778 - INFO - ⌛ Aguardando janela de edição de OS...
2026-06-09 16:06:27,225 - INFO - 🟨 OS programadas detectadas
2026-06-09 16:06:30,328 - INFO - ⌛ Aguardando janela de edição de OS...
2026-06-09 16:06:45,777 - INFO - 🟨 Janela de edição de OS detectada
2026-06-09 16:07:07,162 - INFO - 🟨 Janela de edição de habilidade da turma detectada
2026-06-09 16:08:25,469 - INFO - ⌛ Aguardando detecção do campo de caracteristica 'EQUIPE PRÓPRIA OU EPS' ...
2026-06-09 16:08:44,817 - INFO - 🟨 campo de caracteristica 'EQUIPE PRÓPRIA OU EPS detectado
2026-06-09 16:09:06,644 - INFO - ⌛ Aguardando confirmação 4 - editar OS...
2026-06-09 16:09:22,102 - INFO - ⌛ Aguardando confirmação 4 - editar OS...
2026-06-09 16:09:37,595 - INFO - ⌛ Aguardando confirmação 4 - editar OS...
2026-06-09 16:09:53,081 - INFO - 🟨 Janela de confirmação 4 de edição de OS detectada
2026-06-09 16:09:57,186 - INFO - 
=== rotina programar_os ===
2026-06-09 16:10:23,724 - INFO - ⌛ Aguardando janela de confirmação de programação de OS...
2026-06-09 16:10:49,213 - INFO - 🟨 Janela de confirmação de programação de OS detectada
2026-06-09 16:11:02,463 - INFO - 🟨 Janela de aviso de edição de OS programadas detectada
2026-06-09 16:11:09,669 - INFO - ⌛ aguardando janela de programação de lote de OS...
2026-06-09 16:11:35,256 - INFO - 🟨 Janela de aviso de substituição de lote de OS detectada
2026-06-09 16:11:55,370 - INFO - ⌛ aguardando janela de programação de lote de OS...
2026-06-09 16:12:20,882 - INFO - 🟨 Janela de programação de lote de OS detectada
2026-06-09 16:13:10,428 - INFO - 🟨 Janela de confirmação de programação de lote de OS detectada
2026-06-09 16:13:14,648 - INFO - ⌛ aguardando confirmação final de programação do lote
2026-06-09 16:13:40,127 - INFO - 🟨 programação do lote 2 efetuado com sucesso
2026-06-09 16:13:50,232 - INFO - 
=== Iniciando lote 3/32 [LM] ===
2026-06-09 16:13:50,232 - INFO - 
=== abrir_janela_selecao ===
2026-06-09 16:13:56,540 - INFO - 
=== rotina abrir_selecao_colar_os ===
2026-06-09 16:13:56,605 - INFO - Janela de seleção aberta
2026-06-09 16:14:00,828 - INFO - DEBUG: idx=2, inicio=50, fim=75
2026-06-09 16:14:00,828 - INFO - ✅ 25 OS copiadas para a área de transferência.
2026-06-09 16:14:00,828 - INFO - 📋 Lote 3 copiado.
2026-06-09 16:14:09,157 - INFO - ⌛ Esperando mudança visual...
2026-06-09 16:14:10,171 - INFO - ⌛ Esperando mudança visual...
2026-06-09 16:14:11,188 - INFO - ⌛ Esperando mudança visual...
2026-06-09 16:14:12,205 - INFO - ⌛ Esperando mudança visual...
2026-06-09 16:14:13,216 - INFO - ⌛ Esperando mudança visual...
2026-06-09 16:14:14,231 - INFO - ⌛ Esperando mudança visual...
2026-06-09 16:14:15,250 - INFO - ⌛ Esperando mudança visual...
2026-06-09 16:14:16,266 - INFO - ⌛ Esperando mudança visual...
2026-06-09 16:14:17,278 - INFO - ⌛ Esperando mudança visual...
2026-06-09 16:14:18,296 - INFO - ⌛ Esperando mudança visual...
2026-06-09 16:14:19,314 - INFO - ⌛ Esperando mudança visual...
2026-06-09 16:14:20,325 - INFO - ⌛ Esperando mudança visual...
2026-06-09 16:14:21,342 - INFO - ✅ Tela carregada!
2026-06-09 16:14:25,344 - INFO - 
=== rotina desbloquear_os ===
2026-06-09 16:14:51,813 - INFO - ⌛ Aguardando janela de confirmação de desbloqueio...
2026-06-09 16:15:07,217 - INFO - ⌛ Aguardando janela de confirmação de desbloqueio...
2026-06-09 16:15:22,632 - INFO - 🟨 Registros desbloqueados com sucesso
2026-06-09 16:15:26,739 - INFO - 
=== rotina editar_os ===
2026-06-09 16:15:36,165 - INFO - ⌛ Aguardando janela de edição de OS...
2026-06-09 16:15:51,635 - INFO - 🟨 OS programadas detectadas
2026-06-09 16:15:54,737 - INFO - ⌛ Aguardando janela de edição de OS...
2026-06-09 16:16:10,196 - INFO - 🟨 Janela de edição de OS detectada
2026-06-09 16:16:31,566 - INFO - 🟨 Janela de edição de habilidade da turma detectada
2026-06-09 16:17:49,867 - INFO - ⌛ Aguardando detecção do campo de caracteristica 'EQUIPE PRÓPRIA OU EPS' ...
2026-06-09 16:18:09,244 - INFO - 🟨 campo de caracteristica 'EQUIPE PRÓPRIA OU EPS detectado
2026-06-09 16:18:31,024 - INFO - ⌛ Aguardando confirmação 4 - editar OS...
2026-06-09 16:18:46,461 - INFO - ⌛ Aguardando confirmação 4 - editar OS...
2026-06-09 16:18:46,600 - INFO - 🟨 Identificado travamento no EQM, reiniciando contador de espera
2026-06-09 16:19:01,961 - INFO - ⌛ Aguardando confirmação 4 - editar OS...
2026-06-09 16:19:17,463 - INFO - ⌛ Aguardando confirmação 4 - editar OS...
2026-06-09 16:19:32,986 - INFO - ⌛ Aguardando confirmação 4 - editar OS...
2026-06-09 16:19:48,485 - INFO - ⌛ Aguardando confirmação 4 - editar OS...
2026-06-09 16:20:03,986 - INFO - ⌛ Aguardando confirmação 4 - editar OS...
2026-06-09 16:20:19,498 - INFO - ⌛ Aguardando confirmação 4 - editar OS...
2026-06-09 16:20:34,931 - INFO - ⌛ Aguardando confirmação 4 - editar OS...
2026-06-09 16:20:50,369 - INFO - ⌛ Aguardando confirmação 4 - editar OS...
2026-06-09 16:21:05,823 - INFO - ⌛ Aguardando confirmação 4 - editar OS...
2026-06-09 16:21:21,291 - INFO - ⌛ Aguardando confirmação 4 - editar OS...
2026-06-09 16:21:36,753 - INFO - ⌛ Aguardando confirmação 4 - editar OS...
2026-06-09 16:21:52,187 - INFO - ⌛ Aguardando confirmação 4 - editar OS...
2026-06-09 16:22:07,684 - INFO - ⌛ Aguardando confirmação 4 - editar OS...
2026-06-09 16:22:23,179 - INFO - ⌛ Aguardando confirmação 4 - editar OS...
2026-06-09 16:22:38,661 - INFO - ⌛ Aguardando confirmação 4 - editar OS...
2026-06-09 16:22:54,112 - INFO - ⌛ Aguardando confirmação 4 - editar OS...
2026-06-09 16:23:09,564 - INFO - ⌛ Aguardando confirmação 4 - editar OS...
2026-06-09 16:23:25,018 - INFO - ⌛ Aguardando confirmação 4 - editar OS...
2026-06-09 16:23:40,483 - INFO - ⌛ Aguardando confirmação 4 - editar OS...
2026-06-09 16:23:55,920 - INFO - ⌛ Aguardando confirmação 4 - editar OS...
2026-06-09 16:24:11,400 - INFO - ⌛ Aguardando confirmação 4 - editar OS...
2026-06-09 16:24:26,906 - INFO - ⌛ Aguardando confirmação 4 - editar OS...
2026-06-09 16:24:42,380 - INFO - ⌛ Aguardando confirmação 4 - editar OS...
2026-06-09 16:24:57,809 - INFO - 🟨 Janela de confirmação 4 de edição de OS detectada
2026-06-09 16:25:01,922 - INFO - 
=== rotina programar_os ===
2026-06-09 16:25:28,455 - INFO - ⌛ Aguardando janela de confirmação de programação de OS...
2026-06-09 16:25:53,875 - INFO - 🟨 Janela de confirmação de programação de OS detectada
2026-06-09 16:26:07,130 - INFO - 🟨 Janela de aviso de edição de OS programadas detectada
2026-06-09 16:26:14,340 - INFO - ⌛ aguardando janela de programação de lote de OS...
2026-06-09 16:26:39,855 - INFO - 🟨 Janela de aviso de substituição de lote de OS detectada
2026-06-09 16:26:59,958 - INFO - ⌛ aguardando janela de programação de lote de OS...
2026-06-09 16:27:25,489 - INFO - 🟨 Janela de programação de lote de OS detectada
2026-06-09 16:28:14,986 - INFO - 🟨 Janela de confirmação de programação de lote de OS detectada
2026-06-09 16:28:19,202 - INFO - ⌛ aguardando confirmação final de programação do lote
2026-06-09 16:28:44,660 - INFO - 🟨 programação do lote 3 efetuado com sucesso
2026-06-09 16:28:54,764 - INFO - 
=== Iniciando lote 4/32 [LM] ===
2026-06-09 16:28:54,764 - INFO - 
=== abrir_janela_selecao ===
2026-06-09 16:29:01,072 - INFO - 
=== rotina abrir_selecao_colar_os ===
2026-06-09 16:29:01,119 - INFO - Janela de seleção aberta
2026-06-09 16:29:05,350 - INFO - DEBUG: idx=3, inicio=75, fim=100
2026-06-09 16:29:05,351 - INFO - ✅ 25 OS copiadas para a área de transferência.
2026-06-09 16:29:05,351 - INFO - 📋 Lote 4 copiado.
2026-06-09 16:29:13,674 - INFO - ⌛ Esperando mudança visual...
2026-06-09 16:29:14,688 - INFO - ⌛ Esperando mudança visual...
2026-06-09 16:29:15,703 - INFO - ⌛ Esperando mudança visual...
2026-06-09 16:29:16,719 - INFO - ⌛ Esperando mudança visual...
2026-06-09 16:29:17,739 - INFO - ⌛ Esperando mudança visual...
2026-06-09 16:29:18,755 - INFO - ⌛ Esperando mudança visual...
2026-06-09 16:29:19,766 - INFO - ⌛ Esperando mudança visual...
2026-06-09 16:29:20,786 - INFO - ⌛ Esperando mudança visual...
2026-06-09 16:29:21,803 - INFO - ⌛ Esperando mudança visual...
2026-06-09 16:29:22,812 - INFO - ⌛ Esperando mudança visual...
2026-06-09 16:29:23,830 - INFO - ⌛ Esperando mudança visual...
2026-06-09 16:29:24,846 - INFO - ⌛ Esperando mudança visual...
2026-06-09 16:29:25,860 - INFO - ⌛ Esperando mudança visual...
2026-06-09 16:29:26,879 - INFO - ⌛ Esperando mudança visual...
2026-06-09 16:29:27,895 - INFO - ⌛ Esperando mudança visual...
2026-06-09 16:29:28,907 - INFO - ⌛ Esperando mudança visual...
2026-06-09 16:29:29,926 - INFO - ⌛ Esperando mudança visual...
2026-06-09 16:29:30,942 - INFO - ⌛ Esperando mudança visual...
2026-06-09 16:29:31,954 - INFO - ⌛ Esperando mudança visual...
2026-06-09 16:29:32,972 - INFO - ✅ Tela carregada!
2026-06-09 16:29:36,973 - INFO - 
=== rotina desbloquear_os ===
2026-06-09 16:30:03,442 - INFO - ⌛ Aguardando janela de confirmação de desbloqueio...
2026-06-09 16:30:18,839 - INFO - 🟨 Registros desbloqueados com sucesso
2026-06-09 16:30:22,943 - INFO - 
=== rotina editar_os ===
2026-06-09 16:30:32,361 - INFO - ⌛ Aguardando janela de edição de OS...
2026-06-09 16:30:47,785 - INFO - 🟨 OS programadas detectadas
2026-06-09 16:30:50,893 - INFO - ⌛ Aguardando janela de edição de OS...
2026-06-09 16:31:06,333 - INFO - 🟨 Janela de edição de OS detectada
2026-06-09 16:31:27,698 - INFO - 🟨 Janela de edição de habilidade da turma detectada
2026-06-09 16:32:46,012 - INFO - ⌛ Aguardando detecção do campo de caracteristica 'EQUIPE PRÓPRIA OU EPS' ...
2026-06-09 16:33:05,379 - INFO - 🟨 campo de caracteristica 'EQUIPE PRÓPRIA OU EPS detectado
2026-06-09 16:33:27,189 - INFO - ⌛ Aguardando confirmação 4 - editar OS...
2026-06-09 16:33:42,649 - INFO - ⌛ Aguardando confirmação 4 - editar OS...
2026-06-09 16:33:42,756 - INFO - 🟨 Identificado travamento no EQM, reiniciando contador de espera
2026-06-09 16:33:58,084 - INFO - ⌛ Aguardando confirmação 4 - editar OS...
2026-06-09 16:33:58,194 - INFO - 🟨 Identificado travamento no EQM, reiniciando contador de espera
2026-06-09 16:34:13,505 - INFO - ⌛ Aguardando confirmação 4 - editar OS...
2026-06-09 16:34:28,943 - INFO - ⌛ Aguardando confirmação 4 - editar OS...
2026-06-09 16:34:44,406 - INFO - ⌛ Aguardando confirmação 4 - editar OS...
2026-06-09 16:34:59,838 - INFO - 🟨 Janela de confirmação 4 de edição de OS detectada
2026-06-09 16:35:03,941 - INFO - 
=== rotina programar_os ===
2026-06-09 16:35:30,454 - INFO - ⌛ Aguardando janela de confirmação de programação de OS...
2026-06-09 16:35:55,880 - INFO - 🟨 Janela de confirmação de programação de OS detectada
2026-06-09 16:36:09,155 - INFO - 🟨 Janela de aviso de edição de OS programadas detectada
2026-06-09 16:36:16,377 - INFO - ⌛ aguardando janela de programação de lote de OS...
2026-06-09 16:36:41,884 - INFO - 🟨 Janela de aviso de substituição de lote de OS detectada
2026-06-09 16:37:01,995 - INFO - ⌛ aguardando janela de programação de lote de OS...
2026-06-09 16:37:27,519 - INFO - 🟨 Janela de programação de lote de OS detectada
2026-06-09 16:38:17,043 - INFO - 🟨 Janela de confirmação de programação de lote de OS detectada
2026-06-09 16:38:21,261 - INFO - ⌛ aguardando confirmação final de programação do lote
2026-06-09 16:38:46,712 - INFO - 🟨 programação do lote 4 efetuado com sucesso
2026-06-09 16:38:56,822 - INFO - 
=== Iniciando lote 5/32 [LM] ===
2026-06-09 16:38:56,822 - INFO - 
=== abrir_janela_selecao ===
2026-06-09 16:39:03,128 - INFO - 
=== rotina abrir_selecao_colar_os ===
2026-06-09 16:39:03,173 - INFO - Janela de seleção aberta
2026-06-09 16:39:07,401 - INFO - DEBUG: idx=4, inicio=100, fim=125
2026-06-09 16:39:07,401 - INFO - ✅ 25 OS copiadas para a área de transferência.
2026-06-09 16:39:07,401 - INFO - 📋 Lote 5 copiado.
2026-06-09 16:39:15,728 - INFO - ⌛ Esperando mudança visual...
2026-06-09 16:39:16,746 - INFO - ⌛ Esperando mudança visual...
2026-06-09 16:39:17,757 - INFO - ⌛ Esperando mudança visual...
2026-06-09 16:39:18,777 - INFO - ⌛ Esperando mudança visual...
2026-06-09 16:39:19,791 - INFO - ⌛ Esperando mudança visual...
2026-06-09 16:39:20,806 - INFO - ⌛ Esperando mudança visual...
2026-06-09 16:39:21,824 - INFO - ⌛ Esperando mudança visual...
2026-06-09 16:39:22,840 - INFO - ⌛ Esperando mudança visual...
2026-06-09 16:39:23,855 - INFO - ⌛ Esperando mudança visual...
2026-06-09 16:39:24,872 - INFO - ⌛ Esperando mudança visual...
2026-06-09 16:39:25,887 - INFO - ⌛ Esperando mudança visual...
2026-06-09 16:39:26,898 - INFO - ⌛ Esperando mudança visual...
2026-06-09 16:39:27,915 - INFO - ⌛ Esperando mudança visual...
2026-06-09 16:39:28,932 - INFO - ⌛ Esperando mudança visual...
2026-06-09 16:39:29,949 - INFO - ⌛ Esperando mudança visual...
2026-06-09 16:39:30,966 - INFO - ⌛ Esperando mudança visual...
2026-06-09 16:39:31,980 - INFO - ⌛ Esperando mudança visual...
2026-06-09 16:39:32,994 - INFO - ⌛ Esperando mudança visual...
2026-06-09 16:39:34,008 - INFO - ⌛ Esperando mudança visual...
2026-06-09 16:39:35,027 - INFO - ⌛ Esperando mudança visual...
2026-06-09 16:39:36,043 - INFO - ✅ Tela carregada!
2026-06-09 16:39:40,044 - INFO - 
=== rotina desbloquear_os ===
2026-06-09 16:40:06,506 - INFO - ⌛ Aguardando janela de confirmação de desbloqueio...
2026-06-09 16:40:21,891 - INFO - 🟨 Registros desbloqueados com sucesso
2026-06-09 16:40:25,995 - INFO - 
=== rotina editar_os ===
2026-06-09 16:40:35,420 - INFO - ⌛ Aguardando janela de edição de OS...
2026-06-09 16:40:50,842 - INFO - 🟨 OS programadas detectadas
2026-06-09 16:40:53,945 - INFO - ⌛ Aguardando janela de edição de OS...
2026-06-09 16:41:09,394 - INFO - 🟨 Janela de edição de OS detectada
2026-06-09 16:41:30,757 - INFO - 🟨 Janela de edição de habilidade da turma detectada
2026-06-09 16:42:49,056 - INFO - ⌛ Aguardando detecção do campo de caracteristica 'EQUIPE PRÓPRIA OU EPS' ...
2026-06-09 16:43:08,440 - INFO - 🟨 campo de caracteristica 'EQUIPE PRÓPRIA OU EPS detectado
2026-06-09 16:43:30,257 - INFO - ⌛ Aguardando confirmação 4 - editar OS...
2026-06-09 16:43:45,783 - INFO - ⌛ Aguardando confirmação 4 - editar OS...
2026-06-09 16:43:45,933 - INFO - 🟨 Identificado travamento no EQM, reiniciando contador de espera
2026-06-09 16:44:01,288 - INFO - ⌛ Aguardando confirmação 4 - editar OS...
2026-06-09 16:44:16,767 - INFO - ⌛ Aguardando confirmação 4 - editar OS...
2026-06-09 16:44:32,274 - INFO - 🟨 Janela de confirmação 4 de edição de OS detectada
2026-06-09 16:44:36,376 - INFO - 
=== rotina programar_os ===
2026-06-09 16:45:02,899 - INFO - ⌛ Aguardando janela de confirmação de programação de OS...
2026-06-09 16:45:28,357 - INFO - 🟨 Janela de confirmação de programação de OS detectada
2026-06-09 16:45:41,662 - INFO - 🟨 Janela de aviso de edição de OS programadas detectada
2026-06-09 16:45:48,866 - INFO - ⌛ aguardando janela de programação de lote de OS...
2026-06-09 16:46:14,427 - INFO - 🟨 Janela de aviso de substituição de lote de OS detectada
2026-06-09 16:46:34,529 - INFO - ⌛ aguardando janela de programação de lote de OS...
2026-06-09 16:47:00,050 - INFO - 🟨 Janela de aviso de substituição de lote de OS detectada
2026-06-09 16:47:20,161 - INFO - ⌛ aguardando janela de programação de lote de OS...
2026-06-09 16:47:20,267 - INFO - 🟨 Identificado travamento no EQM, reiniciando contador de espera
2026-06-09 16:47:45,631 - INFO - 🟨 Janela de aviso de substituição de lote de OS detectada
2026-06-09 16:48:05,733 - INFO - ⌛ aguardando janela de programação de lote de OS...
2026-06-09 16:48:05,871 - INFO - 🟨 Identificado travamento no EQM, reiniciando contador de espera
2026-06-09 16:48:31,248 - INFO - 🟨 Janela de aviso de substituição de lote de OS detectada
2026-06-09 16:48:51,357 - INFO - ⌛ aguardando janela de programação de lote de OS...
2026-06-09 16:48:51,493 - INFO - 🟨 Identificado travamento no EQM, reiniciando contador de espera
2026-06-09 16:49:16,854 - INFO - 🟨 Janela de aviso de substituição de lote de OS detectada
2026-06-09 16:49:36,962 - INFO - ⌛ aguardando janela de programação de lote de OS...
2026-06-09 16:49:37,095 - INFO - 🟨 Identificado travamento no EQM, reiniciando contador de espera
2026-06-09 16:50:02,545 - INFO - 🟨 Janela de aviso de substituição de lote de OS detectada
2026-06-09 16:50:22,649 - INFO - ⌛ aguardando janela de programação de lote de OS...
2026-06-09 16:50:22,785 - INFO - 🟨 Identificado travamento no EQM, reiniciando contador de espera
2026-06-09 16:50:48,165 - INFO - 🟨 Janela de aviso de substituição de lote de OS detectada
2026-06-09 16:51:08,272 - INFO - ⌛ aguardando janela de programação de lote de OS...
2026-06-09 16:51:08,404 - INFO - 🟨 Identificado travamento no EQM, reiniciando contador de espera
2026-06-09 16:51:33,788 - INFO - 🟨 Janela de aviso de substituição de lote de OS detectada
2026-06-09 16:51:53,894 - INFO - ⌛ aguardando janela de programação de lote de OS...
2026-06-09 16:51:54,037 - INFO - 🟨 Identificado travamento no EQM, reiniciando contador de espera
2026-06-09 16:52:19,424 - INFO - 🟨 Janela de aviso de substituição de lote de OS detectada
2026-06-09 16:52:39,531 - INFO - ⌛ aguardando janela de programação de lote de OS...
2026-06-09 16:52:39,668 - INFO - 🟨 Identificado travamento no EQM, reiniciando contador de espera
2026-06-09 16:53:05,039 - INFO - 🟨 Janela de aviso de substituição de lote de OS detectada
2026-06-09 16:53:25,155 - INFO - ⌛ aguardando janela de programação de lote de OS...
2026-06-09 16:53:25,271 - INFO - 🟨 Identificado travamento no EQM, reiniciando contador de espera
2026-06-09 16:53:50,662 - INFO - 🟨 Janela de programação de lote de OS detectada
2026-06-09 16:54:40,169 - INFO - ⌛ aguardando janela de confirmação de programação de lote de OS...
2026-06-09 16:55:05,613 - INFO - 🟨 Janela de confirmação de programação de lote de OS detectada
2026-06-09 16:55:09,823 - INFO - ⌛ aguardando confirmação final de programação do lote
2026-06-09 16:55:35,264 - INFO - ⌛ aguardando confirmação final de programação do lote
2026-06-09 16:56:00,723 - INFO - 🟨 programação do lote 5 efetuado com sucesso
2026-06-09 16:56:10,831 - INFO - 
=== Iniciando lote 6/32 [LM] ===
2026-06-09 16:56:10,831 - INFO - 
=== abrir_janela_selecao ===
2026-06-09 16:56:17,138 - INFO - 
=== rotina abrir_selecao_colar_os ===
2026-06-09 16:56:17,193 - INFO - Janela de seleção aberta
2026-06-09 16:56:21,416 - INFO - DEBUG: idx=5, inicio=125, fim=150
2026-06-09 16:56:21,416 - INFO - ✅ 25 OS copiadas para a área de transferência.
2026-06-09 16:56:21,416 - INFO - 📋 Lote 6 copiado.
2026-06-09 16:56:29,737 - INFO - ⌛ Esperando mudança visual...
2026-06-09 16:56:30,757 - INFO - ⌛ Esperando mudança visual...
2026-06-09 16:56:31,772 - INFO - ⌛ Esperando mudança visual...
2026-06-09 16:56:32,789 - INFO - ⌛ Esperando mudança visual...
2026-06-09 16:56:33,800 - INFO - ⌛ Esperando mudança visual...
2026-06-09 16:56:34,819 - INFO - ⌛ Esperando mudança visual...
2026-06-09 16:56:35,834 - INFO - ⌛ Esperando mudança visual...
2026-06-09 16:56:36,847 - INFO - ⌛ Esperando mudança visual...
2026-06-09 16:56:37,865 - INFO - ⌛ Esperando mudança visual...
2026-06-09 16:56:38,882 - INFO - ⌛ Esperando mudança visual...
2026-06-09 16:56:39,894 - INFO - ⌛ Esperando mudança visual...
2026-06-09 16:56:40,913 - INFO - ⌛ Esperando mudança visual...
2026-06-09 16:56:41,927 - INFO - ⌛ Esperando mudança visual...
2026-06-09 16:56:42,941 - INFO - ⌛ Esperando mudança visual...
2026-06-09 16:56:43,959 - INFO - ⌛ Esperando mudança visual...
2026-06-09 16:56:44,976 - INFO - ⌛ Esperando mudança visual...
2026-06-09 16:56:45,988 - INFO - ⌛ Esperando mudança visual...
2026-06-09 16:56:47,007 - INFO - ⌛ Esperando mudança visual...
2026-06-09 16:56:48,023 - INFO - ✅ Tela carregada!
2026-06-09 16:56:52,024 - INFO - 
=== rotina desbloquear_os ===
2026-06-09 16:57:18,506 - INFO - ⌛ Aguardando janela de confirmação de desbloqueio...
2026-06-09 16:57:33,909 - INFO - 🟨 Registros desbloqueados com sucesso
2026-06-09 16:57:38,012 - INFO - 
=== rotina editar_os ===
2026-06-09 16:57:47,450 - INFO - ⌛ Aguardando janela de edição de OS...
2026-06-09 16:58:02,910 - INFO - 🟨 OS programadas detectadas
2026-06-09 16:58:06,013 - INFO - ⌛ Aguardando janela de edição de OS...
2026-06-09 16:58:21,492 - INFO - 🟨 Janela de edição de OS detectada
2026-06-09 16:58:42,861 - INFO - 🟨 Janela de edição de habilidade da turma detectada
2026-06-09 17:00:01,181 - INFO - ⌛ Aguardando detecção do campo de caracteristica 'EQUIPE PRÓPRIA OU EPS' ...
2026-06-09 17:00:20,537 - INFO - 🟨 campo de caracteristica 'EQUIPE PRÓPRIA OU EPS detectado
2026-06-09 17:00:42,338 - INFO - ⌛ Aguardando confirmação 4 - editar OS...
2026-06-09 17:00:57,784 - INFO - ⌛ Aguardando confirmação 4 - editar OS...
2026-06-09 17:00:57,909 - INFO - 🟨 Identificado travamento no EQM, reiniciando contador de espera
2026-06-09 17:01:13,246 - INFO - ⌛ Aguardando confirmação 4 - editar OS...
2026-06-09 17:01:13,379 - INFO - 🟨 Identificado travamento no EQM, reiniciando contador de espera
2026-06-09 17:01:28,728 - INFO - ⌛ Aguardando confirmação 4 - editar OS...
2026-06-09 17:01:44,258 - INFO - 🟨 Janela de confirmação 4 de edição de OS detectada
2026-06-09 17:01:48,362 - INFO - 
=== rotina programar_os ===
2026-06-09 17:02:14,913 - INFO - ⌛ Aguardando janela de confirmação de programação de OS...
2026-06-09 17:02:40,406 - INFO - 🟨 Janela de confirmação de programação de OS detectada
2026-06-09 17:02:53,689 - INFO - 🟨 Janela de aviso de edição de OS programadas detectada
2026-06-09 17:03:00,893 - INFO - ⌛ aguardando janela de programação de lote de OS...
2026-06-09 17:03:26,414 - INFO - 🟨 Janela de aviso de substituição de lote de OS detectada
2026-06-09 17:03:46,516 - INFO - ⌛ aguardando janela de programação de lote de OS...
2026-06-09 17:04:12,047 - INFO - 🟨 Janela de programação de lote de OS detectada
2026-06-09 17:05:01,632 - INFO - 🟨 Janela de confirmação de programação de lote de OS detectada
2026-06-09 17:05:05,874 - INFO - ⌛ aguardando confirmação final de programação do lote
2026-06-09 17:05:31,355 - INFO - ⌛ aguardando confirmação final de programação do lote
2026-06-09 17:05:56,927 - INFO - 🟨 programação do lote 6 efetuado com sucesso
2026-06-09 17:06:07,046 - INFO - 
=== Iniciando lote 7/32 [LM] ===
2026-06-09 17:06:07,046 - INFO - 
=== abrir_janela_selecao ===
2026-06-09 17:06:13,358 - INFO - 
=== rotina abrir_selecao_colar_os ===
2026-06-09 17:06:13,395 - INFO - Janela de seleção aberta
2026-06-09 17:06:17,647 - INFO - DEBUG: idx=6, inicio=150, fim=175
2026-06-09 17:06:17,647 - INFO - ✅ 25 OS copiadas para a área de transferência.
2026-06-09 17:06:17,647 - INFO - 📋 Lote 7 copiado.
2026-06-09 17:06:25,982 - INFO - ⌛ Esperando mudança visual...
2026-06-09 17:06:26,996 - INFO - ⌛ Esperando mudança visual...
2026-06-09 17:06:28,015 - INFO - ⌛ Esperando mudança visual...
2026-06-09 17:06:29,031 - INFO - ⌛ Esperando mudança visual...
2026-06-09 17:06:30,044 - INFO - ⌛ Esperando mudança visual...
2026-06-09 17:06:31,062 - INFO - ⌛ Esperando mudança visual...
2026-06-09 17:06:32,078 - INFO - ⌛ Esperando mudança visual...
2026-06-09 17:06:33,091 - INFO - ⌛ Esperando mudança visual...
2026-06-09 17:06:34,109 - INFO - ⌛ Esperando mudança visual...
2026-06-09 17:06:35,125 - INFO - ⌛ Esperando mudança visual...
2026-06-09 17:06:36,140 - INFO - ⌛ Esperando mudança visual...
2026-06-09 17:06:37,156 - INFO - ⌛ Esperando mudança visual...
2026-06-09 17:06:38,171 - INFO - ⌛ Esperando mudança visual...
2026-06-09 17:06:39,189 - INFO - ⌛ Esperando mudança visual...
2026-06-09 17:06:40,203 - INFO - ⌛ Esperando mudança visual...
2026-06-09 17:06:41,219 - INFO - ⌛ Esperando mudança visual...
2026-06-09 17:06:42,232 - INFO - ⌛ Esperando mudança visual...
2026-06-09 17:06:43,250 - INFO - ⌛ Esperando mudança visual...
2026-06-09 17:06:44,266 - INFO - ⌛ Esperando mudança visual...
2026-06-09 17:06:45,283 - INFO - ⌛ Esperando mudança visual...
2026-06-09 17:06:46,295 - INFO - ✅ Tela carregada!
2026-06-09 17:06:50,302 - INFO - 
=== rotina desbloquear_os ===
2026-06-09 17:07:16,782 - INFO - ⌛ Aguardando janela de confirmação de desbloqueio...
2026-06-09 17:07:32,222 - INFO - 🟨 Registros desbloqueados com sucesso
2026-06-09 17:07:36,326 - INFO - 
=== rotina editar_os ===
2026-06-09 17:07:45,753 - INFO - ⌛ Aguardando janela de edição de OS...
2026-06-09 17:08:01,220 - INFO - 🟨 OS programadas detectadas
2026-06-09 17:08:04,323 - INFO - ⌛ Aguardando janela de edição de OS...
2026-06-09 17:08:19,769 - INFO - 🟨 Janela de edição de OS detectada
2026-06-09 17:08:41,127 - INFO - 🟨 Janela de edição de habilidade da turma detectada
2026-06-09 17:09:59,433 - INFO - ⌛ Aguardando detecção do campo de caracteristica 'EQUIPE PRÓPRIA OU EPS' ...
2026-06-09 17:10:18,785 - INFO - 🟨 campo de caracteristica 'EQUIPE PRÓPRIA OU EPS detectado
2026-06-09 17:10:40,596 - INFO - ⌛ Aguardando confirmação 4 - editar OS...
2026-06-09 17:10:56,082 - INFO - ⌛ Aguardando confirmação 4 - editar OS...
2026-06-09 17:10:56,223 - INFO - 🟨 Identificado travamento no EQM, reiniciando contador de espera
2026-06-09 17:11:11,583 - INFO - ⌛ Aguardando confirmação 4 - editar OS...
2026-06-09 17:11:27,135 - INFO - 🟨 Janela de confirmação 4 de edição de OS detectada
2026-06-09 17:11:31,245 - INFO - 
=== rotina programar_os ===
2026-06-09 17:11:57,793 - INFO - ⌛ Aguardando janela de confirmação de programação de OS...
2026-06-09 17:12:23,229 - INFO - 🟨 Janela de confirmação de programação de OS detectada
2026-06-09 17:12:36,533 - INFO - 🟨 Janela de aviso de edição de OS programadas detectada
2026-06-09 17:12:43,742 - INFO - ⌛ aguardando janela de programação de lote de OS...
2026-06-09 17:13:09,305 - INFO - 🟨 Janela de aviso de substituição de lote de OS detectada
2026-06-09 17:13:29,408 - INFO - ⌛ aguardando janela de programação de lote de OS...
2026-06-09 17:13:54,945 - INFO - 🟨 Janela de programação de lote de OS detectada
2026-06-09 17:14:44,475 - INFO - 🟨 Janela de confirmação de programação de lote de OS detectada
2026-06-09 17:14:48,692 - INFO - ⌛ aguardando confirmação final de programação do lote
2026-06-09 17:15:14,177 - INFO - ⌛ aguardando confirmação final de programação do lote
2026-06-09 17:15:39,667 - INFO - 🟨 programação do lote 7 efetuado com sucesso
2026-06-09 17:15:49,770 - INFO - 
=== Iniciando lote 8/32 [LM] ===
2026-06-09 17:15:49,770 - INFO - 
=== abrir_janela_selecao ===
2026-06-09 17:15:56,075 - INFO - 
=== rotina abrir_selecao_colar_os ===
2026-06-09 17:15:56,137 - INFO - Janela de seleção aberta
2026-06-09 17:16:00,363 - INFO - DEBUG: idx=7, inicio=175, fim=200
2026-06-09 17:16:00,363 - INFO - ✅ 25 OS copiadas para a área de transferência.
2026-06-09 17:16:00,363 - INFO - 📋 Lote 8 copiado.
2026-06-09 17:16:08,690 - INFO - ⌛ Esperando mudança visual...
2026-06-09 17:16:09,708 - INFO - ⌛ Esperando mudança visual...
2026-06-09 17:16:10,724 - INFO - ⌛ Esperando mudança visual...
2026-06-09 17:16:11,739 - INFO - ⌛ Esperando mudança visual...
2026-06-09 17:16:12,755 - INFO - ⌛ Esperando mudança visual...
2026-06-09 17:16:13,770 - INFO - ⌛ Esperando mudança visual...
2026-06-09 17:16:14,784 - INFO - ⌛ Esperando mudança visual...
2026-06-09 17:16:15,802 - INFO - ⌛ Esperando mudança visual...
2026-06-09 17:16:16,817 - INFO - ⌛ Esperando mudança visual...
2026-06-09 17:16:17,831 - INFO - ⌛ Esperando mudança visual...
2026-06-09 17:16:18,848 - INFO - ⌛ Esperando mudança visual...
2026-06-09 17:16:19,865 - INFO - ⌛ Esperando mudança visual...
2026-06-09 17:16:20,878 - INFO - ⌛ Esperando mudança visual...
2026-06-09 17:16:21,897 - INFO - ⌛ Esperando mudança visual...
2026-06-09 17:16:22,912 - INFO - ⌛ Esperando mudança visual...
2026-06-09 17:16:23,927 - INFO - ⌛ Esperando mudança visual...
2026-06-09 17:16:24,941 - INFO - ⌛ Esperando mudança visual...
2026-06-09 17:16:25,959 - INFO - ⌛ Esperando mudança visual...
2026-06-09 17:16:26,974 - INFO - ⌛ Esperando mudança visual...
2026-06-09 17:16:27,988 - INFO - ✅ Tela carregada!
2026-06-09 17:16:31,995 - INFO - 
=== rotina desbloquear_os ===
2026-06-09 17:16:58,464 - INFO - ⌛ Aguardando janela de confirmação de desbloqueio...
2026-06-09 17:17:13,893 - INFO - ⌛ Aguardando janela de confirmação de desbloqueio...
2026-06-09 17:17:29,334 - INFO - 🟨 Registros desbloqueados com sucesso
2026-06-09 17:17:33,441 - INFO - 
=== rotina editar_os ===
2026-06-09 17:17:42,881 - INFO - ⌛ Aguardando janela de edição de OS...
2026-06-09 17:17:58,371 - INFO - 🟨 OS programadas detectadas
2026-06-09 17:18:01,474 - INFO - ⌛ Aguardando janela de edição de OS...
2026-06-09 17:18:16,981 - INFO - 🟨 Janela de edição de OS detectada
2026-06-09 17:18:38,370 - INFO - 🟨 Janela de edição de habilidade da turma detectada
2026-06-09 17:19:56,666 - INFO - ⌛ Aguardando detecção do campo de caracteristica 'EQUIPE PRÓPRIA OU EPS' ...
2026-06-09 17:20:16,041 - INFO - 🟨 campo de caracteristica 'EQUIPE PRÓPRIA OU EPS detectado
2026-06-09 17:20:37,858 - INFO - ⌛ Aguardando confirmação 4 - editar OS...
2026-06-09 17:20:53,349 - INFO - ⌛ Aguardando confirmação 4 - editar OS...
2026-06-09 17:20:53,501 - INFO - 🟨 Identificado travamento no EQM, reiniciando contador de espera
2026-06-09 17:21:08,882 - INFO - ⌛ Aguardando confirmação 4 - editar OS...
2026-06-09 17:21:24,415 - INFO - 🟨 Janela de confirmação 4 de edição de OS detectada
2026-06-09 17:21:28,518 - INFO - 
=== rotina programar_os ===
2026-06-09 17:21:55,055 - INFO - ⌛ Aguardando janela de confirmação de programação de OS...
2026-06-09 17:22:20,541 - INFO - 🟨 Janela de confirmação de programação de OS detectada
2026-06-09 17:22:33,833 - INFO - 🟨 Janela de aviso de edição de OS programadas detectada
2026-06-09 17:22:41,043 - INFO - ⌛ aguardando janela de programação de lote de OS...
2026-06-09 17:23:06,579 - INFO - 🟨 Janela de aviso de substituição de lote de OS detectada
2026-06-09 17:23:26,687 - INFO - ⌛ aguardando janela de programação de lote de OS...
2026-06-09 17:23:52,219 - INFO - 🟨 Janela de aviso de substituição de lote de OS detectada
2026-06-09 17:24:12,322 - INFO - ⌛ aguardando janela de programação de lote de OS...
2026-06-09 17:24:37,905 - INFO - 🟨 Janela de programação de lote de OS detectada
2026-06-09 17:25:27,443 - INFO - 🟨 Janela de confirmação de programação de lote de OS detectada
2026-06-09 17:25:31,687 - INFO - ⌛ aguardando confirmação final de programação do lote
2026-06-09 17:25:57,176 - INFO - 🟨 programação do lote 8 efetuado com sucesso
2026-06-09 17:26:07,281 - INFO - 
=== Iniciando lote 9/32 [LM] ===
2026-06-09 17:26:07,281 - INFO - 
=== abrir_janela_selecao ===
2026-06-09 17:26:13,588 - INFO - 
=== rotina abrir_selecao_colar_os ===
2026-06-09 17:26:13,628 - INFO - Janela de seleção aberta
2026-06-09 17:26:17,854 - INFO - DEBUG: idx=8, inicio=200, fim=225
2026-06-09 17:26:17,854 - INFO - ✅ 25 OS copiadas para a área de transferência.
2026-06-09 17:26:17,854 - INFO - 📋 Lote 9 copiado.
2026-06-09 17:26:26,200 - INFO - ⌛ Esperando mudança visual...
2026-06-09 17:26:27,217 - INFO - ⌛ Esperando mudança visual...
2026-06-09 17:26:28,229 - INFO - ⌛ Esperando mudança visual...
2026-06-09 17:26:29,248 - INFO - ⌛ Esperando mudança visual...
2026-06-09 17:26:30,263 - INFO - ⌛ Esperando mudança visual...
2026-06-09 17:26:31,277 - INFO - ⌛ Esperando mudança visual...
2026-06-09 17:26:32,298 - INFO - ⌛ Esperando mudança visual...
2026-06-09 17:26:33,311 - INFO - ⌛ Esperando mudança visual...
2026-06-09 17:26:34,324 - INFO - ⌛ Esperando mudança visual...
2026-06-09 17:26:35,342 - INFO - ⌛ Esperando mudança visual...
2026-06-09 17:26:36,357 - INFO - ⌛ Esperando mudança visual...
2026-06-09 17:26:37,373 - INFO - ⌛ Esperando mudança visual...
2026-06-09 17:26:38,388 - INFO - ✅ Tela carregada!
2026-06-09 17:26:42,389 - INFO - 
=== rotina desbloquear_os ===
2026-06-09 17:27:08,873 - INFO - ⌛ Aguardando janela de confirmação de desbloqueio...
2026-06-09 17:27:24,422 - INFO - 🟨 Registros desbloqueados com sucesso
2026-06-09 17:27:28,525 - INFO - 
=== rotina editar_os ===
2026-06-09 17:27:37,964 - INFO - ⌛ Aguardando janela de edição de OS...
2026-06-09 17:27:53,474 - INFO - 🟨 OS programadas detectadas
2026-06-09 17:27:56,576 - INFO - ⌛ Aguardando janela de edição de OS...
2026-06-09 17:28:12,078 - INFO - 🟨 Janela de edição de OS detectada
2026-06-09 17:28:33,450 - INFO - 🟨 Janela de edição de habilidade da turma detectada
2026-06-09 17:29:51,748 - INFO - ⌛ Aguardando detecção do campo de caracteristica 'EQUIPE PRÓPRIA OU EPS' ...
2026-06-09 17:30:11,108 - INFO - 🟨 campo de caracteristica 'EQUIPE PRÓPRIA OU EPS detectado
2026-06-09 17:30:32,945 - INFO - ⌛ Aguardando confirmação 4 - editar OS...
2026-06-09 17:30:48,508 - INFO - ⌛ Aguardando confirmação 4 - editar OS...
2026-06-09 17:30:48,649 - INFO - 🟨 Identificado travamento no EQM, reiniciando contador de espera
2026-06-09 17:31:04,020 - INFO - ⌛ Aguardando confirmação 4 - editar OS...
2026-06-09 17:31:19,578 - INFO - 🟨 Janela de confirmação 4 de edição de OS detectada
2026-06-09 17:31:23,686 - INFO - 
=== rotina programar_os ===
2026-06-09 17:31:50,206 - INFO - ⌛ Aguardando janela de confirmação de programação de OS...
2026-06-09 17:32:15,621 - INFO - 🟨 Janela de confirmação de programação de OS detectada
2026-06-09 17:32:28,899 - INFO - 🟨 Janela de aviso de edição de OS programadas detectada
2026-06-09 17:32:36,107 - INFO - ⌛ aguardando janela de programação de lote de OS...
2026-06-09 17:33:01,648 - INFO - 🟨 Janela de aviso de substituição de lote de OS detectada
2026-06-09 17:33:21,752 - INFO - ⌛ aguardando janela de programação de lote de OS...
2026-06-09 17:33:47,251 - INFO - 🟨 Janela de programação de lote de OS detectada
2026-06-09 17:34:36,755 - INFO - 🟨 Janela de confirmação de programação de lote de OS detectada
2026-06-09 17:34:40,973 - INFO - ⌛ aguardando confirmação final de programação do lote
2026-06-09 17:35:06,436 - INFO - ⌛ aguardando confirmação final de programação do lote
2026-06-09 17:35:31,903 - INFO - 🟨 programação do lote 9 efetuado com sucesso
2026-06-09 17:35:42,008 - INFO - 
=== Iniciando lote 10/32 [LM] ===
2026-06-09 17:35:42,009 - INFO - 
=== abrir_janela_selecao ===
2026-06-09 17:35:48,316 - INFO - 
=== rotina abrir_selecao_colar_os ===
2026-06-09 17:35:48,363 - INFO - Janela de seleção aberta
2026-06-09 17:35:52,598 - INFO - DEBUG: idx=9, inicio=225, fim=250
2026-06-09 17:35:52,599 - INFO - ✅ 25 OS copiadas para a área de transferência.
2026-06-09 17:35:52,599 - INFO - 📋 Lote 10 copiado.
2026-06-09 17:36:00,916 - INFO - ⌛ Esperando mudança visual...
2026-06-09 17:36:01,932 - INFO - ⌛ Esperando mudança visual...
2026-06-09 17:36:02,952 - INFO - ⌛ Esperando mudança visual...
2026-06-09 17:36:03,966 - INFO - ⌛ Esperando mudança visual...
2026-06-09 17:36:04,978 - INFO - ⌛ Esperando mudança visual...
2026-06-09 17:36:05,995 - INFO - ⌛ Esperando mudança visual...
2026-06-09 17:36:07,015 - INFO - ⌛ Esperando mudança visual...
2026-06-09 17:36:08,026 - INFO - ⌛ Esperando mudança visual...
2026-06-09 17:36:09,045 - INFO - ⌛ Esperando mudança visual...
2026-06-09 17:36:10,060 - INFO - ⌛ Esperando mudança visual...
2026-06-09 17:36:11,073 - INFO - ✅ Tela carregada!
2026-06-09 17:36:15,079 - INFO - 
=== rotina desbloquear_os ===
2026-06-09 17:36:41,560 - INFO - ⌛ Aguardando janela de confirmação de desbloqueio...
2026-06-09 17:36:56,939 - INFO - 🟨 Registros desbloqueados com sucesso
2026-06-09 17:37:01,045 - INFO - 
=== rotina editar_os ===
2026-06-09 17:37:10,481 - INFO - ⌛ Aguardando janela de edição de OS...
2026-06-09 17:37:25,927 - INFO - 🟨 OS programadas detectadas
2026-06-09 17:37:29,030 - INFO - ⌛ Aguardando janela de edição de OS...
2026-06-09 17:37:44,481 - INFO - 🟨 Janela de edição de OS detectada
2026-06-09 17:38:05,853 - INFO - 🟨 Janela de edição de habilidade da turma detectada
2026-06-09 17:39:24,159 - INFO - ⌛ Aguardando detecção do campo de caracteristica 'EQUIPE PRÓPRIA OU EPS' ...
2026-06-09 17:39:43,513 - INFO - 🟨 campo de caracteristica 'EQUIPE PRÓPRIA OU EPS detectado
2026-06-09 17:40:05,300 - INFO - ⌛ Aguardando confirmação 4 - editar OS...
2026-06-09 17:40:20,750 - INFO - ⌛ Aguardando confirmação 4 - editar OS...
2026-06-09 17:40:20,863 - INFO - 🟨 Identificado travamento no EQM, reiniciando contador de espera
2026-06-09 17:40:36,209 - INFO - ⌛ Aguardando confirmação 4 - editar OS...
2026-06-09 17:40:51,630 - INFO - ⌛ Aguardando confirmação 4 - editar OS...
2026-06-09 17:41:07,076 - INFO - ⌛ Aguardando confirmação 4 - editar OS...
2026-06-09 17:41:22,539 - INFO - ⌛ Aguardando confirmação 4 - editar OS...
2026-06-09 17:41:37,980 - INFO - 🟨 Janela de confirmação 4 de edição de OS detectada
2026-06-09 17:41:42,082 - INFO - 
=== rotina programar_os ===
2026-06-09 17:42:08,646 - INFO - ⌛ Aguardando janela de confirmação de programação de OS...
2026-06-09 17:42:34,123 - INFO - 🟨 Janela de confirmação de programação de OS detectada
2026-06-09 17:42:47,388 - INFO - 🟨 Janela de aviso de edição de OS programadas detectada
2026-06-09 17:42:54,598 - INFO - ⌛ aguardando janela de programação de lote de OS...
2026-06-09 17:43:20,117 - INFO - 🟨 Janela de aviso de substituição de lote de OS detectada
2026-06-09 17:43:40,220 - INFO - ⌛ aguardando janela de programação de lote de OS...
2026-06-09 17:44:05,719 - INFO - 🟨 Janela de programação de lote de OS detectada
2026-06-09 17:44:55,216 - INFO - 🟨 Janela de confirmação de programação de lote de OS detectada
2026-06-09 17:44:59,425 - INFO - ⌛ aguardando confirmação final de programação do lote
2026-06-09 17:45:24,853 - INFO - 🟨 programação do lote 10 efetuado com sucesso
2026-06-09 17:45:34,957 - INFO - 
=== Iniciando lote 11/32 [LM] ===
2026-06-09 17:45:34,958 - INFO - 
=== abrir_janela_selecao ===
2026-06-09 17:45:41,266 - INFO - 
=== rotina abrir_selecao_colar_os ===
2026-06-09 17:45:41,312 - INFO - Janela de seleção aberta
2026-06-09 17:45:45,545 - INFO - DEBUG: idx=10, inicio=250, fim=275
2026-06-09 17:45:45,545 - INFO - ✅ 25 OS copiadas para a área de transferência.
2026-06-09 17:45:45,545 - INFO - 📋 Lote 11 copiado.
2026-06-09 17:45:53,867 - INFO - ⌛ Esperando mudança visual...
2026-06-09 17:45:54,881 - INFO - ⌛ Esperando mudança visual...
2026-06-09 17:45:55,901 - INFO - ⌛ Esperando mudança visual...
2026-06-09 17:45:56,917 - INFO - ⌛ Esperando mudança visual...
2026-06-09 17:45:57,928 - INFO - ⌛ Esperando mudança visual...
2026-06-09 17:45:58,947 - INFO - ⌛ Esperando mudança visual...
2026-06-09 17:45:59,964 - INFO - ⌛ Esperando mudança visual...
2026-06-09 17:46:00,975 - INFO - ⌛ Esperando mudança visual...
2026-06-09 17:46:01,994 - INFO - ⌛ Esperando mudança visual...
2026-06-09 17:46:03,010 - INFO - ⌛ Esperando mudança visual...
2026-06-09 17:46:04,022 - INFO - ✅ Tela carregada!
2026-06-09 17:46:08,029 - INFO - 
=== rotina desbloquear_os ===
2026-06-09 17:46:34,512 - INFO - ⌛ Aguardando janela de confirmação de desbloqueio...
2026-06-09 17:46:49,909 - INFO - ⌛ Aguardando janela de confirmação de desbloqueio...
2026-06-09 17:47:05,286 - INFO - 🟨 Registros desbloqueados com sucesso
2026-06-09 17:47:09,396 - INFO - 
=== rotina editar_os ===
2026-06-09 17:47:18,816 - INFO - ⌛ Aguardando janela de edição de OS...
2026-06-09 17:47:34,264 - INFO - 🟨 OS programadas detectadas
2026-06-09 17:47:37,367 - INFO - ⌛ Aguardando janela de edição de OS...
2026-06-09 17:47:52,808 - INFO - 🟨 Janela de edição de OS detectada
2026-06-09 17:48:14,171 - INFO - 🟨 Janela de edição de habilidade da turma detectada
2026-06-09 17:49:32,467 - INFO - ⌛ Aguardando detecção do campo de caracteristica 'EQUIPE PRÓPRIA OU EPS' ...
2026-06-09 17:49:51,847 - INFO - 🟨 campo de caracteristica 'EQUIPE PRÓPRIA OU EPS detectado
2026-06-09 17:50:13,649 - INFO - ⌛ Aguardando confirmação 4 - editar OS...
2026-06-09 17:50:29,083 - INFO - ⌛ Aguardando confirmação 4 - editar OS...
2026-06-09 17:50:29,199 - INFO - 🟨 Identificado travamento no EQM, reiniciando contador de espera
2026-06-09 17:50:44,510 - INFO - ⌛ Aguardando confirmação 4 - editar OS...
2026-06-09 17:50:59,936 - INFO - 🟨 Janela de confirmação 4 de edição de OS detectada
2026-06-09 17:51:04,045 - INFO - 
=== rotina programar_os ===
2026-06-09 17:51:30,562 - INFO - ⌛ Aguardando janela de confirmação de programação de OS...
2026-06-09 17:51:55,976 - INFO - 🟨 Janela de confirmação de programação de OS detectada
2026-06-09 17:52:09,280 - INFO - 🟨 Janela de aviso de edição de OS programadas detectada
2026-06-09 17:52:16,496 - INFO - ⌛ aguardando janela de programação de lote de OS...
2026-06-09 17:52:42,014 - INFO - 🟨 Janela de aviso de substituição de lote de OS detectada
2026-06-09 17:53:02,126 - INFO - ⌛ aguardando janela de programação de lote de OS...
2026-06-09 17:53:27,616 - INFO - 🟨 Janela de programação de lote de OS detectada
2026-06-09 17:54:17,112 - INFO - 🟨 Janela de confirmação de programação de lote de OS detectada
2026-06-09 17:54:21,308 - INFO - ⌛ aguardando confirmação final de programação do lote
2026-06-09 17:54:46,968 - INFO - ⌛ aguardando confirmação final de programação do lote
2026-06-09 17:55:13,148 - INFO - 🟨 programação do lote 11 efetuado com sucesso
2026-06-09 17:55:23,253 - INFO - 
=== Iniciando lote 12/32 [LM] ===
2026-06-09 17:55:23,253 - INFO - 
=== abrir_janela_selecao ===
2026-06-09 17:55:29,564 - INFO - 
=== rotina abrir_selecao_colar_os ===
2026-06-09 17:55:29,716 - INFO - Janela de seleção aberta
2026-06-09 17:55:33,957 - INFO - DEBUG: idx=11, inicio=275, fim=300
2026-06-09 17:55:33,957 - INFO - ✅ 25 OS copiadas para a área de transferência.
2026-06-09 17:55:33,957 - INFO - 📋 Lote 12 copiado.
2026-06-09 17:55:42,292 - INFO - ⌛ Esperando mudança visual...
2026-06-09 17:55:43,306 - INFO - ⌛ Esperando mudança visual...
2026-06-09 17:55:44,318 - INFO - ⌛ Esperando mudança visual...
2026-06-09 17:55:45,341 - INFO - ⌛ Esperando mudança visual...
2026-06-09 17:55:46,354 - INFO - ⌛ Esperando mudança visual...
2026-06-09 17:55:47,369 - INFO - ⌛ Esperando mudança visual...
2026-06-09 17:55:48,385 - INFO - ⌛ Esperando mudança visual...
2026-06-09 17:55:49,400 - INFO - ⌛ Esperando mudança visual...
2026-06-09 17:55:50,416 - INFO - ⌛ Esperando mudança visual...
2026-06-09 17:55:51,431 - INFO - ✅ Tela carregada!
2026-06-09 17:55:55,435 - INFO - 
=== rotina desbloquear_os ===
2026-06-09 17:56:22,028 - INFO - ⌛ Aguardando janela de confirmação de desbloqueio...
2026-06-09 17:56:38,018 - INFO - 🟨 Registros desbloqueados com sucesso
2026-06-09 17:56:42,126 - INFO - 
=== rotina editar_os ===
2026-06-09 17:56:51,769 - INFO - ⌛ Aguardando janela de edição de OS...
2026-06-09 17:57:07,992 - INFO - 🟨 OS programadas detectadas
2026-06-09 17:57:11,101 - INFO - ⌛ Aguardando janela de edição de OS...
2026-06-09 17:57:27,351 - INFO - 🟨 Janela de edição de OS detectada
2026-06-09 17:57:48,827 - INFO - 🟨 Janela de edição de habilidade da turma detectada
2026-06-09 17:59:07,253 - INFO - ⌛ Aguardando detecção do campo de caracteristica 'EQUIPE PRÓPRIA OU EPS' ...
2026-06-09 17:59:26,743 - INFO - 🟨 campo de caracteristica 'EQUIPE PRÓPRIA OU EPS detectado
2026-06-09 17:59:48,895 - INFO - ⌛ Aguardando confirmação 4 - editar OS...
2026-06-09 18:00:05,063 - INFO - ⌛ Aguardando confirmação 4 - editar OS...
2026-06-09 18:00:05,478 - INFO - 🟨 Identificado travamento no EQM, reiniciando contador de espera
2026-06-09 18:00:21,289 - INFO - ⌛ Aguardando confirmação 4 - editar OS...
2026-06-09 18:00:37,441 - INFO - ⌛ Aguardando confirmação 4 - editar OS...
2026-06-09 18:00:53,587 - INFO - 🟨 Janela de confirmação 4 de edição de OS detectada
2026-06-09 18:00:57,697 - INFO - 
=== rotina programar_os ===
2026-06-09 18:01:24,436 - INFO - ⌛ Aguardando janela de confirmação de programação de OS...
2026-06-09 18:01:50,620 - INFO - 🟨 Janela de confirmação de programação de OS detectada
2026-06-09 18:02:04,483 - INFO - 🟨 Janela de aviso de edição de OS programadas detectada
2026-06-09 18:02:11,724 - INFO - ⌛ aguardando janela de programação de lote de OS...
2026-06-09 18:02:38,318 - INFO - 🟨 Janela de aviso de substituição de lote de OS detectada
2026-06-09 18:02:58,431 - INFO - ⌛ aguardando janela de programação de lote de OS...
2026-06-09 18:03:24,842 - INFO - 🟨 Janela de programação de lote de OS detectada
2026-06-09 18:04:14,700 - INFO - 🟨 Janela de confirmação de programação de lote de OS detectada
2026-06-09 18:04:19,123 - INFO - ⌛ aguardando confirmação final de programação do lote
2026-06-09 18:04:45,394 - INFO - 🟨 programação do lote 12 efetuado com sucesso
2026-06-09 18:04:55,502 - INFO - 
=== Iniciando lote 13/32 [LM] ===
2026-06-09 18:04:55,502 - INFO - 
=== abrir_janela_selecao ===
2026-06-09 18:05:01,813 - INFO - 
=== rotina abrir_selecao_colar_os ===
2026-06-09 18:05:02,010 - INFO - Janela de seleção aberta
2026-06-09 18:05:06,249 - INFO - DEBUG: idx=12, inicio=300, fim=325
2026-06-09 18:05:06,249 - INFO - ✅ 25 OS copiadas para a área de transferência.
2026-06-09 18:05:06,249 - INFO - 📋 Lote 13 copiado.
2026-06-09 18:05:14,579 - INFO - ⌛ Esperando mudança visual...
2026-06-09 18:05:15,592 - INFO - ⌛ Esperando mudança visual...
2026-06-09 18:05:16,607 - INFO - ⌛ Esperando mudança visual...
2026-06-09 18:05:17,625 - INFO - ⌛ Esperando mudança visual...
2026-06-09 18:05:18,639 - INFO - ⌛ Esperando mudança visual...
2026-06-09 18:05:19,659 - INFO - ⌛ Esperando mudança visual...
2026-06-09 18:05:20,671 - INFO - ⌛ Esperando mudança visual...
2026-06-09 18:05:21,685 - INFO - ⌛ Esperando mudança visual...
2026-06-09 18:05:22,702 - INFO - ⌛ Esperando mudança visual...
2026-06-09 18:05:23,716 - INFO - ⌛ Esperando mudança visual...
2026-06-09 18:05:24,733 - INFO - ⌛ Esperando mudança visual...
2026-06-09 18:05:25,750 - INFO - ✅ Tela carregada!
2026-06-09 18:05:29,752 - INFO - 
=== rotina desbloquear_os ===
2026-06-09 18:05:56,384 - INFO - ⌛ Aguardando janela de confirmação de desbloqueio...
2026-06-09 18:06:12,565 - INFO - 🟨 Registros desbloqueados com sucesso
2026-06-09 18:06:16,698 - INFO - 
=== rotina editar_os ===
2026-06-09 18:06:26,362 - INFO - 🟨 OS programadas detectadas
2026-06-09 18:06:29,467 - INFO - ⌛ Aguardando janela de edição de OS...
2026-06-09 18:06:45,785 - INFO - 🟨 Janela de edição de OS detectada
2026-06-09 18:07:07,305 - INFO - 🟨 Janela de edição de habilidade da turma detectada
2026-06-09 18:08:25,753 - INFO - ⌛ Aguardando detecção do campo de caracteristica 'EQUIPE PRÓPRIA OU EPS' ...
2026-06-09 18:08:45,201 - INFO - 🟨 campo de caracteristica 'EQUIPE PRÓPRIA OU EPS detectado
2026-06-09 18:09:07,289 - INFO - ⌛ Aguardando confirmação 4 - editar OS...
2026-06-09 18:09:23,449 - INFO - ⌛ Aguardando confirmação 4 - editar OS...
2026-06-09 18:09:39,598 - INFO - 🟨 Janela de confirmação 4 de edição de OS detectada
2026-06-09 18:09:43,707 - INFO - 
=== rotina programar_os ===
2026-06-09 18:10:10,497 - INFO - ⌛ Aguardando janela de confirmação de programação de OS...
2026-06-09 18:10:36,744 - INFO - 🟨 Janela de confirmação de programação de OS detectada
2026-06-09 18:10:50,343 - INFO - 🟨 Janela de aviso de edição de OS programadas detectada
2026-06-09 18:10:57,550 - INFO - ⌛ aguardando janela de programação de lote de OS...
2026-06-09 18:11:23,945 - INFO - 🟨 Janela de aviso de substituição de lote de OS detectada
2026-06-09 18:11:44,050 - INFO - ⌛ aguardando janela de programação de lote de OS...
2026-06-09 18:12:10,498 - INFO - 🟨 Janela de programação de lote de OS detectada
2026-06-09 18:13:00,383 - INFO - 🟨 Janela de confirmação de programação de lote de OS detectada
2026-06-09 18:13:04,851 - INFO - ⌛ aguardando confirmação final de programação do lote
2026-06-09 18:13:31,137 - INFO - 🟨 programação do lote 13 efetuado com sucesso
2026-06-09 18:13:41,243 - INFO - 
=== Iniciando lote 14/32 [LM] ===
2026-06-09 18:13:41,243 - INFO - 
=== abrir_janela_selecao ===
2026-06-09 18:13:47,554 - INFO - 
=== rotina abrir_selecao_colar_os ===
2026-06-09 18:13:47,725 - INFO - Janela de seleção aberta
2026-06-09 18:13:51,961 - INFO - DEBUG: idx=13, inicio=325, fim=350
2026-06-09 18:13:51,961 - INFO - ✅ 25 OS copiadas para a área de transferência.
2026-06-09 18:13:51,961 - INFO - 📋 Lote 14 copiado.
2026-06-09 18:14:00,291 - INFO - ⌛ Esperando mudança visual...
2026-06-09 18:14:01,308 - INFO - ⌛ Esperando mudança visual...
2026-06-09 18:14:02,324 - INFO - ⌛ Esperando mudança visual...
2026-06-09 18:14:03,339 - INFO - ⌛ Esperando mudança visual...
2026-06-09 18:14:04,355 - INFO - ⌛ Esperando mudança visual...
2026-06-09 18:14:05,372 - INFO - ⌛ Esperando mudança visual...
2026-06-09 18:14:06,387 - INFO - ⌛ Esperando mudança visual...
2026-06-09 18:14:07,404 - INFO - ⌛ Esperando mudança visual...
2026-06-09 18:14:08,417 - INFO - ⌛ Esperando mudança visual...
2026-06-09 18:14:09,433 - INFO - ⌛ Esperando mudança visual...
2026-06-09 18:14:10,448 - INFO - ⌛ Esperando mudança visual...
2026-06-09 18:14:11,464 - INFO - ✅ Tela carregada!
2026-06-09 18:14:15,471 - INFO - 
=== rotina desbloquear_os ===
2026-06-09 18:14:42,083 - INFO - ⌛ Aguardando janela de confirmação de desbloqueio...
2026-06-09 18:14:57,974 - INFO - 🟨 Registros desbloqueados com sucesso
2026-06-09 18:15:02,079 - INFO - 
=== rotina editar_os ===
2026-06-09 18:15:11,496 - INFO - ⌛ Aguardando janela de edição de OS...
2026-06-09 18:15:26,920 - INFO - 🟨 OS programadas detectadas
2026-06-09 18:15:30,025 - INFO - ⌛ Aguardando janela de edição de OS...
2026-06-09 18:15:45,463 - INFO - 🟨 Janela de edição de OS detectada
2026-06-09 18:16:06,816 - INFO - 🟨 Janela de edição de habilidade da turma detectada
2026-06-09 18:17:25,131 - INFO - ⌛ Aguardando detecção do campo de caracteristica 'EQUIPE PRÓPRIA OU EPS' ...
2026-06-09 18:17:44,497 - INFO - 🟨 campo de caracteristica 'EQUIPE PRÓPRIA OU EPS detectado
2026-06-09 18:18:06,261 - INFO - ⌛ Aguardando confirmação 4 - editar OS...
2026-06-09 18:18:21,696 - INFO - ⌛ Aguardando confirmação 4 - editar OS...
2026-06-09 18:18:37,164 - INFO - ⌛ Aguardando confirmação 4 - editar OS...
2026-06-09 18:18:52,642 - INFO - 🟨 Janela de confirmação 4 de edição de OS detectada
2026-06-09 18:18:56,752 - INFO - 
=== rotina programar_os ===
2026-06-09 18:19:23,273 - INFO - ⌛ Aguardando janela de confirmação de programação de OS...
2026-06-09 18:19:48,720 - INFO - 🟨 Janela de confirmação de programação de OS detectada
2026-06-09 18:20:01,973 - INFO - 🟨 Janela de aviso de edição de OS programadas detectada
2026-06-09 18:20:09,183 - INFO - ⌛ aguardando janela de programação de lote de OS...
2026-06-09 18:20:34,699 - INFO - 🟨 Janela de aviso de substituição de lote de OS detectada
2026-06-09 18:20:54,802 - INFO - ⌛ aguardando janela de programação de lote de OS...
2026-06-09 18:21:20,363 - INFO - 🟨 Janela de programação de lote de OS detectada
2026-06-09 18:22:09,901 - INFO - 🟨 Janela de confirmação de programação de lote de OS detectada
2026-06-09 18:22:14,116 - INFO - ⌛ aguardando confirmação final de programação do lote
2026-06-09 18:22:39,587 - INFO - 🟨 programação do lote 14 efetuado com sucesso
2026-06-09 18:22:49,692 - INFO - 
=== Iniciando lote 15/32 [LM] ===
2026-06-09 18:22:49,693 - INFO - 
=== abrir_janela_selecao ===
2026-06-09 18:22:56,011 - INFO - 
=== rotina abrir_selecao_colar_os ===
2026-06-09 18:22:56,048 - INFO - Janela de seleção aberta
2026-06-09 18:23:00,280 - INFO - DEBUG: idx=14, inicio=350, fim=375
2026-06-09 18:23:00,280 - INFO - ✅ 25 OS copiadas para a área de transferência.
2026-06-09 18:23:00,280 - INFO - 📋 Lote 15 copiado.
2026-06-09 18:23:08,605 - INFO - ⌛ Esperando mudança visual...
2026-06-09 18:23:09,618 - INFO - ⌛ Esperando mudança visual...
2026-06-09 18:23:10,634 - INFO - ⌛ Esperando mudança visual...
2026-06-09 18:23:11,649 - INFO - ⌛ Esperando mudança visual...
2026-06-09 18:23:12,665 - INFO - ⌛ Esperando mudança visual...
2026-06-09 18:23:13,680 - INFO - ⌛ Esperando mudança visual...
2026-06-09 18:23:14,698 - INFO - ⌛ Esperando mudança visual...
2026-06-09 18:23:15,712 - INFO - ⌛ Esperando mudança visual...
2026-06-09 18:23:16,728 - INFO - ⌛ Esperando mudança visual...
2026-06-09 18:23:17,743 - INFO - ⌛ Esperando mudança visual...
2026-06-09 18:23:18,760 - INFO - ✅ Tela carregada!
2026-06-09 18:23:22,762 - INFO - 
=== rotina desbloquear_os ===
2026-06-09 18:23:49,228 - INFO - ⌛ Aguardando janela de confirmação de desbloqueio...
2026-06-09 18:24:04,634 - INFO - 🟨 Registros desbloqueados com sucesso
2026-06-09 18:24:08,738 - INFO - 
=== rotina editar_os ===
2026-06-09 18:24:18,142 - INFO - ⌛ Aguardando janela de edição de OS...
2026-06-09 18:24:33,566 - INFO - 🟨 OS programadas detectadas
2026-06-09 18:24:36,670 - INFO - ⌛ Aguardando janela de edição de OS...
2026-06-09 18:24:52,109 - INFO - 🟨 Janela de edição de OS detectada
2026-06-09 18:25:13,471 - INFO - 🟨 Janela de edição de habilidade da turma detectada
2026-06-09 18:26:31,769 - INFO - ⌛ Aguardando detecção do campo de caracteristica 'EQUIPE PRÓPRIA OU EPS' ...
2026-06-09 18:26:51,144 - INFO - 🟨 campo de caracteristica 'EQUIPE PRÓPRIA OU EPS detectado
2026-06-09 18:27:12,917 - INFO - ⌛ Aguardando confirmação 4 - editar OS...
2026-06-09 18:27:28,340 - INFO - ⌛ Aguardando confirmação 4 - editar OS...
2026-06-09 18:27:28,455 - INFO - 🟨 Identificado travamento no EQM, reiniciando contador de espera
2026-06-09 18:27:43,779 - INFO - ⌛ Aguardando confirmação 4 - editar OS...
2026-06-09 18:27:59,221 - INFO - 🟨 Janela de confirmação 4 de edição de OS detectada
2026-06-09 18:28:03,331 - INFO - 
=== rotina programar_os ===
2026-06-09 18:28:29,865 - INFO - ⌛ Aguardando janela de confirmação de programação de OS...
2026-06-09 18:28:55,305 - INFO - 🟨 Janela de confirmação de programação de OS detectada
2026-06-09 18:29:08,557 - INFO - 🟨 Janela de aviso de edição de OS programadas detectada
2026-06-09 18:29:15,764 - INFO - ⌛ aguardando janela de programação de lote de OS...
2026-06-09 18:29:41,264 - INFO - 🟨 Janela de aviso de substituição de lote de OS detectada
2026-06-09 18:30:01,368 - INFO - ⌛ aguardando janela de programação de lote de OS...
2026-06-09 18:30:26,886 - INFO - 🟨 Janela de programação de lote de OS detectada
2026-06-09 18:31:16,399 - INFO - 🟨 Janela de confirmação de programação de lote de OS detectada
2026-06-09 18:31:20,617 - INFO - ⌛ aguardando confirmação final de programação do lote
2026-06-09 18:31:46,110 - INFO - 🟨 programação do lote 15 efetuado com sucesso
2026-06-09 18:31:56,229 - INFO - 
=== Iniciando lote 16/32 [LM] ===
2026-06-09 18:31:56,231 - INFO - 
=== abrir_janela_selecao ===
2026-06-09 18:32:02,538 - INFO - 
=== rotina abrir_selecao_colar_os ===
2026-06-09 18:32:02,579 - INFO - Janela de seleção aberta
2026-06-09 18:32:06,806 - INFO - DEBUG: idx=15, inicio=375, fim=400
2026-06-09 18:32:06,806 - INFO - ✅ 25 OS copiadas para a área de transferência.
2026-06-09 18:32:06,806 - INFO - 📋 Lote 16 copiado.
2026-06-09 18:32:15,136 - INFO - ⌛ Esperando mudança visual...
2026-06-09 18:32:16,148 - INFO - ⌛ Esperando mudança visual...
2026-06-09 18:32:17,163 - INFO - ⌛ Esperando mudança visual...
2026-06-09 18:32:18,179 - INFO - ⌛ Esperando mudança visual...
2026-06-09 18:32:19,195 - INFO - ⌛ Esperando mudança visual...
2026-06-09 18:32:20,211 - INFO - ⌛ Esperando mudança visual...
2026-06-09 18:32:21,227 - INFO - ⌛ Esperando mudança visual...
2026-06-09 18:32:22,242 - INFO - ⌛ Esperando mudança visual...
2026-06-09 18:32:23,258 - INFO - ⌛ Esperando mudança visual...
2026-06-09 18:32:24,273 - INFO - ⌛ Esperando mudança visual...
2026-06-09 18:32:25,289 - INFO - ⌛ Esperando mudança visual...
2026-06-09 18:32:26,304 - INFO - ✅ Tela carregada!
2026-06-09 18:32:30,307 - INFO - 
=== rotina desbloquear_os ===
2026-06-09 18:32:56,794 - INFO - ⌛ Aguardando janela de confirmação de desbloqueio...
2026-06-09 18:33:12,189 - INFO - 🟨 Registros desbloqueados com sucesso
2026-06-09 18:33:16,296 - INFO - 
=== rotina editar_os ===
2026-06-09 18:33:25,705 - INFO - ⌛ Aguardando janela de edição de OS...
2026-06-09 18:33:41,141 - INFO - 🟨 OS programadas detectadas
2026-06-09 18:33:44,244 - INFO - ⌛ Aguardando janela de edição de OS...
2026-06-09 18:33:59,687 - INFO - 🟨 Janela de edição de OS detectada
2026-06-09 18:34:21,050 - INFO - 🟨 Janela de edição de habilidade da turma detectada
2026-06-09 18:35:39,357 - INFO - ⌛ Aguardando detecção do campo de caracteristica 'EQUIPE PRÓPRIA OU EPS' ...
2026-06-09 18:35:58,712 - INFO - 🟨 campo de caracteristica 'EQUIPE PRÓPRIA OU EPS detectado
2026-06-09 18:36:20,502 - INFO - ⌛ Aguardando confirmação 4 - editar OS...
2026-06-09 18:36:35,932 - INFO - ⌛ Aguardando confirmação 4 - editar OS...
2026-06-09 18:36:36,050 - INFO - 🟨 Identificado travamento no EQM, reiniciando contador de espera
2026-06-09 18:36:51,389 - INFO - ⌛ Aguardando confirmação 4 - editar OS...
2026-06-09 18:37:06,911 - INFO - 🟨 Janela de confirmação 4 de edição de OS detectada
2026-06-09 18:37:11,018 - INFO - 
=== rotina programar_os ===
2026-06-09 18:37:37,559 - INFO - ⌛ Aguardando janela de confirmação de programação de OS...
2026-06-09 18:38:02,999 - INFO - 🟨 Janela de confirmação de programação de OS detectada
2026-06-09 18:38:16,252 - INFO - 🟨 Janela de aviso de edição de OS programadas detectada
2026-06-09 18:38:23,457 - INFO - ⌛ aguardando janela de programação de lote de OS...
2026-06-09 18:38:48,982 - INFO - 🟨 Janela de aviso de substituição de lote de OS detectada
2026-06-09 18:39:09,085 - INFO - ⌛ aguardando janela de programação de lote de OS...
2026-06-09 18:39:34,633 - INFO - 🟨 Janela de programação de lote de OS detectada
2026-06-09 18:40:24,162 - INFO - 🟨 Janela de confirmação de programação de lote de OS detectada
2026-06-09 18:40:28,403 - INFO - ⌛ aguardando confirmação final de programação do lote
2026-06-09 18:40:53,947 - INFO - 🟨 programação do lote 16 efetuado com sucesso
2026-06-09 18:41:04,051 - INFO - 
=== Iniciando lote 17/32 [LM] ===
2026-06-09 18:41:04,051 - INFO - 
=== abrir_janela_selecao ===
2026-06-09 18:41:10,360 - INFO - 
=== rotina abrir_selecao_colar_os ===
2026-06-09 18:41:10,406 - INFO - Janela de seleção aberta
2026-06-09 18:41:14,635 - INFO - DEBUG: idx=16, inicio=400, fim=425
2026-06-09 18:41:14,635 - INFO - ✅ 25 OS copiadas para a área de transferência.
2026-06-09 18:41:14,635 - INFO - 📋 Lote 17 copiado.
2026-06-09 18:41:22,960 - INFO - ⌛ Esperando mudança visual...
2026-06-09 18:41:23,977 - INFO - ⌛ Esperando mudança visual...
2026-06-09 18:41:24,992 - INFO - ⌛ Esperando mudança visual...
2026-06-09 18:41:26,010 - INFO - ⌛ Esperando mudança visual...
2026-06-09 18:41:27,023 - INFO - ⌛ Esperando mudança visual...
2026-06-09 18:41:28,039 - INFO - ⌛ Esperando mudança visual...
2026-06-09 18:41:29,054 - INFO - ⌛ Esperando mudança visual...
2026-06-09 18:41:30,071 - INFO - ⌛ Esperando mudança visual...
2026-06-09 18:41:31,086 - INFO - ⌛ Esperando mudança visual...
2026-06-09 18:41:32,102 - INFO - ⌛ Esperando mudança visual...
2026-06-09 18:41:33,118 - INFO - ✅ Tela carregada!
2026-06-09 18:41:37,123 - INFO - 
=== rotina desbloquear_os ===
2026-06-09 18:42:03,589 - INFO - ⌛ Aguardando janela de confirmação de desbloqueio...
2026-06-09 18:42:18,989 - INFO - 🟨 Registros desbloqueados com sucesso
2026-06-09 18:42:23,095 - INFO - 
=== rotina editar_os ===
2026-06-09 18:42:32,502 - INFO - ⌛ Aguardando janela de edição de OS...
2026-06-09 18:42:47,952 - INFO - 🟨 OS programadas detectadas
2026-06-09 18:42:51,056 - INFO - ⌛ Aguardando janela de edição de OS...
2026-06-09 18:43:06,514 - INFO - 🟨 Janela de edição de OS detectada
2026-06-09 18:43:27,899 - INFO - 🟨 Janela de edição de habilidade da turma detectada
2026-06-09 18:44:46,202 - INFO - ⌛ Aguardando detecção do campo de caracteristica 'EQUIPE PRÓPRIA OU EPS' ...
2026-06-09 18:45:05,549 - INFO - 🟨 campo de caracteristica 'EQUIPE PRÓPRIA OU EPS detectado
2026-06-09 18:45:27,330 - INFO - ⌛ Aguardando confirmação 4 - editar OS...
2026-06-09 18:45:42,751 - INFO - ⌛ Aguardando confirmação 4 - editar OS...
2026-06-09 18:45:58,205 - INFO - ⌛ Aguardando confirmação 4 - editar OS...
2026-06-09 18:46:13,651 - INFO - 🟨 Janela de confirmação 4 de edição de OS detectada
2026-06-09 18:46:17,754 - INFO - 
=== rotina programar_os ===
2026-06-09 18:46:44,286 - INFO - ⌛ Aguardando janela de confirmação de programação de OS...
2026-06-09 18:47:09,777 - INFO - 🟨 Janela de confirmação de programação de OS detectada
2026-06-09 18:47:23,049 - INFO - 🟨 Janela de aviso de edição de OS programadas detectada
2026-06-09 18:47:30,257 - INFO - ⌛ aguardando janela de programação de lote de OS...
2026-06-09 18:47:55,755 - INFO - 🟨 Janela de aviso de substituição de lote de OS detectada
2026-06-09 18:48:15,859 - INFO - ⌛ aguardando janela de programação de lote de OS...
2026-06-09 18:48:41,359 - INFO - 🟨 Janela de programação de lote de OS detectada
2026-06-09 18:49:30,869 - INFO - 🟨 Janela de confirmação de programação de lote de OS detectada
2026-06-09 18:49:35,110 - INFO - ⌛ aguardando confirmação final de programação do lote
2026-06-09 18:50:00,644 - INFO - 🟨 programação do lote 17 efetuado com sucesso
2026-06-09 18:50:10,749 - INFO - 
=== Iniciando lote 18/32 [LM] ===
2026-06-09 18:50:10,750 - INFO - 
=== abrir_janela_selecao ===
2026-06-09 18:50:17,058 - INFO - 
=== rotina abrir_selecao_colar_os ===
2026-06-09 18:50:17,103 - INFO - Janela de seleção aberta
2026-06-09 18:50:21,349 - INFO - DEBUG: idx=17, inicio=425, fim=450
2026-06-09 18:50:21,349 - INFO - ✅ 25 OS copiadas para a área de transferência.
2026-06-09 18:50:21,350 - INFO - 📋 Lote 18 copiado.
2026-06-09 18:50:29,692 - INFO - ⌛ Esperando mudança visual...
2026-06-09 18:50:30,707 - INFO - ⌛ Esperando mudança visual...
2026-06-09 18:50:31,722 - INFO - ⌛ Esperando mudança visual...
2026-06-09 18:50:32,737 - INFO - ⌛ Esperando mudança visual...
2026-06-09 18:50:33,753 - INFO - ⌛ Esperando mudança visual...
2026-06-09 18:50:34,769 - INFO - ⌛ Esperando mudança visual...
2026-06-09 18:50:35,785 - INFO - ⌛ Esperando mudança visual...
2026-06-09 18:50:36,800 - INFO - ⌛ Esperando mudança visual...
2026-06-09 18:50:37,816 - INFO - ⌛ Esperando mudança visual...
2026-06-09 18:50:38,831 - INFO - ⌛ Esperando mudança visual...
2026-06-09 18:50:39,847 - INFO - ✅ Tela carregada!
2026-06-09 18:50:43,851 - INFO - 
=== rotina desbloquear_os ===
2026-06-09 18:51:10,315 - INFO - ⌛ Aguardando janela de confirmação de desbloqueio...
2026-06-09 18:51:25,731 - INFO - 🟨 Registros desbloqueados com sucesso
2026-06-09 18:51:29,836 - INFO - 
=== rotina editar_os ===
2026-06-09 18:51:39,255 - INFO - ⌛ Aguardando janela de edição de OS...
2026-06-09 18:51:54,706 - INFO - 🟨 OS programadas detectadas
2026-06-09 18:51:57,819 - INFO - ⌛ Aguardando janela de edição de OS...
2026-06-09 18:52:13,255 - INFO - 🟨 Janela de edição de OS detectada
2026-06-09 18:52:34,641 - INFO - 🟨 Janela de edição de habilidade da turma detectada
2026-06-09 18:53:52,955 - INFO - ⌛ Aguardando detecção do campo de caracteristica 'EQUIPE PRÓPRIA OU EPS' ...
2026-06-09 18:54:12,304 - INFO - 🟨 campo de caracteristica 'EQUIPE PRÓPRIA OU EPS detectado
2026-06-09 18:54:34,103 - INFO - ⌛ Aguardando confirmação 4 - editar OS...
2026-06-09 18:54:49,569 - INFO - ⌛ Aguardando confirmação 4 - editar OS...
2026-06-09 18:55:05,086 - INFO - ⌛ Aguardando confirmação 4 - editar OS...
2026-06-09 18:55:20,584 - INFO - 🟨 Janela de confirmação 4 de edição de OS detectada
2026-06-09 18:55:24,687 - INFO - 
=== rotina programar_os ===
2026-06-09 18:55:51,207 - INFO - ⌛ Aguardando janela de confirmação de programação de OS...
2026-06-09 18:56:16,659 - INFO - 🟨 Janela de confirmação de programação de OS detectada
2026-06-09 18:56:29,903 - INFO - 🟨 Janela de aviso de edição de OS programadas detectada
2026-06-09 18:56:37,132 - INFO - ⌛ aguardando janela de programação de lote de OS...
2026-06-09 18:57:02,651 - INFO - 🟨 Janela de aviso de substituição de lote de OS detectada
2026-06-09 18:57:22,754 - INFO - ⌛ aguardando janela de programação de lote de OS...
2026-06-09 18:57:48,255 - INFO - 🟨 Janela de programação de lote de OS detectada
2026-06-09 18:58:37,828 - INFO - 🟨 Janela de confirmação de programação de lote de OS detectada
2026-06-09 18:58:42,058 - INFO - ⌛ aguardando confirmação final de programação do lote
2026-06-09 18:59:07,640 - INFO - 🟨 programação do lote 18 efetuado com sucesso
2026-06-09 18:59:17,744 - INFO - 
=== Iniciando lote 19/32 [LM] ===
2026-06-09 18:59:17,745 - INFO - 
=== abrir_janela_selecao ===
2026-06-09 18:59:24,051 - INFO - 
=== rotina abrir_selecao_colar_os ===
2026-06-09 18:59:24,100 - INFO - Janela de seleção aberta
2026-06-09 18:59:28,332 - INFO - DEBUG: idx=18, inicio=450, fim=475
2026-06-09 18:59:28,332 - INFO - ✅ 25 OS copiadas para a área de transferência.
2026-06-09 18:59:28,332 - INFO - 📋 Lote 19 copiado.
2026-06-09 18:59:36,658 - INFO - ⌛ Esperando mudança visual...
2026-06-09 18:59:37,669 - INFO - ⌛ Esperando mudança visual...
2026-06-09 18:59:38,684 - INFO - ⌛ Esperando mudança visual...
2026-06-09 18:59:39,701 - INFO - ⌛ Esperando mudança visual...
2026-06-09 18:59:40,716 - INFO - ⌛ Esperando mudança visual...
2026-06-09 18:59:41,731 - INFO - ⌛ Esperando mudança visual...
2026-06-09 18:59:42,747 - INFO - ⌛ Esperando mudança visual...
2026-06-09 18:59:43,763 - INFO - ⌛ Esperando mudança visual...
2026-06-09 18:59:44,779 - INFO - ⌛ Esperando mudança visual...
2026-06-09 18:59:45,794 - INFO - ✅ Tela carregada!
2026-06-09 18:59:49,798 - INFO - 
=== rotina desbloquear_os ===
2026-06-09 19:00:16,272 - INFO - ⌛ Aguardando janela de confirmação de desbloqueio...
2026-06-09 19:00:31,672 - INFO - 🟨 Registros desbloqueados com sucesso
2026-06-09 19:00:35,784 - INFO - 
=== rotina editar_os ===
2026-06-09 19:00:45,207 - INFO - ⌛ Aguardando janela de edição de OS...
2026-06-09 19:01:00,646 - INFO - 🟨 OS programadas detectadas
2026-06-09 19:01:03,750 - INFO - ⌛ Aguardando janela de edição de OS...
2026-06-09 19:01:19,219 - INFO - 🟨 Janela de edição de OS detectada
2026-06-09 19:01:40,589 - INFO - 🟨 Janela de edição de habilidade da turma detectada
2026-06-09 19:02:58,894 - INFO - ⌛ Aguardando detecção do campo de caracteristica 'EQUIPE PRÓPRIA OU EPS' ...
2026-06-09 19:03:18,235 - INFO - 🟨 campo de caracteristica 'EQUIPE PRÓPRIA OU EPS detectado
2026-06-09 19:03:40,008 - INFO - ⌛ Aguardando confirmação 4 - editar OS...
2026-06-09 19:03:55,486 - INFO - ⌛ Aguardando confirmação 4 - editar OS...
2026-06-09 19:04:10,973 - INFO - ⌛ Aguardando confirmação 4 - editar OS...
2026-06-09 19:04:26,451 - INFO - 🟨 Janela de confirmação 4 de edição de OS detectada
2026-06-09 19:04:30,565 - INFO - 
=== rotina programar_os ===
2026-06-09 19:04:57,119 - INFO - ⌛ Aguardando janela de confirmação de programação de OS...
2026-06-09 19:05:22,606 - INFO - 🟨 Janela de confirmação de programação de OS detectada
2026-06-09 19:05:35,855 - INFO - 🟨 Janela de aviso de edição de OS programadas detectada
2026-06-09 19:05:43,067 - INFO - ⌛ aguardando janela de programação de lote de OS...
2026-06-09 19:06:08,580 - INFO - 🟨 Janela de aviso de substituição de lote de OS detectada
2026-06-09 19:06:28,682 - INFO - ⌛ aguardando janela de programação de lote de OS...
2026-06-09 19:06:54,206 - INFO - 🟨 Janela de programação de lote de OS detectada
2026-06-09 19:07:43,708 - INFO - 🟨 Janela de confirmação de programação de lote de OS detectada
2026-06-09 19:07:47,929 - INFO - ⌛ aguardando confirmação final de programação do lote
2026-06-09 19:08:13,403 - INFO - 🟨 programação do lote 19 efetuado com sucesso
2026-06-09 19:08:23,507 - INFO - 
=== Iniciando lote 20/32 [LM] ===
2026-06-09 19:08:23,507 - INFO - 
=== abrir_janela_selecao ===
2026-06-09 19:08:29,817 - INFO - 
=== rotina abrir_selecao_colar_os ===
2026-06-09 19:08:29,864 - INFO - Janela de seleção aberta
2026-06-09 19:08:34,093 - INFO - DEBUG: idx=19, inicio=475, fim=500
2026-06-09 19:08:34,093 - INFO - ✅ 25 OS copiadas para a área de transferência.
2026-06-09 19:08:34,094 - INFO - 📋 Lote 20 copiado.
2026-06-09 19:08:42,421 - INFO - ⌛ Esperando mudança visual...
2026-06-09 19:08:43,436 - INFO - ⌛ Esperando mudança visual...
2026-06-09 19:08:44,449 - INFO - ⌛ Esperando mudança visual...
2026-06-09 19:08:45,465 - INFO - ⌛ Esperando mudança visual...
2026-06-09 19:08:46,481 - INFO - ⌛ Esperando mudança visual...
2026-06-09 19:08:47,496 - INFO - ⌛ Esperando mudança visual...
2026-06-09 19:08:48,513 - INFO - ⌛ Esperando mudança visual...
2026-06-09 19:08:49,527 - INFO - ⌛ Esperando mudança visual...
2026-06-09 19:08:50,543 - INFO - ⌛ Esperando mudança visual...
2026-06-09 19:08:51,559 - INFO - ⌛ Esperando mudança visual...
2026-06-09 19:08:52,575 - INFO - ✅ Tela carregada!
2026-06-09 19:08:56,580 - INFO - 
=== rotina desbloquear_os ===
2026-06-09 19:09:23,059 - INFO - ⌛ Aguardando janela de confirmação de desbloqueio...
2026-06-09 19:09:38,533 - INFO - 🟨 Registros desbloqueados com sucesso
2026-06-09 19:09:42,637 - INFO - 
=== rotina editar_os ===
2026-06-09 19:09:52,054 - INFO - ⌛ Aguardando janela de edição de OS...
2026-06-09 19:10:07,548 - INFO - 🟨 OS programadas detectadas
2026-06-09 19:10:10,652 - INFO - ⌛ Aguardando janela de edição de OS...
2026-06-09 19:10:26,135 - INFO - 🟨 Janela de edição de OS detectada
2026-06-09 19:10:47,504 - INFO - 🟨 Janela de edição de habilidade da turma detectada
2026-06-09 19:12:05,800 - INFO - ⌛ Aguardando detecção do campo de caracteristica 'EQUIPE PRÓPRIA OU EPS' ...
2026-06-09 19:12:25,178 - INFO - 🟨 campo de caracteristica 'EQUIPE PRÓPRIA OU EPS detectado
2026-06-09 19:12:46,975 - INFO - ⌛ Aguardando confirmação 4 - editar OS...
2026-06-09 19:13:02,461 - INFO - ⌛ Aguardando confirmação 4 - editar OS...
2026-06-09 19:13:02,606 - INFO - 🟨 Identificado travamento no EQM, reiniciando contador de espera
2026-06-09 19:13:17,946 - INFO - ⌛ Aguardando confirmação 4 - editar OS...
2026-06-09 19:13:33,448 - INFO - 🟨 Janela de confirmação 4 de edição de OS detectada
2026-06-09 19:13:37,553 - INFO - 
=== rotina programar_os ===
2026-06-09 19:14:04,087 - INFO - ⌛ Aguardando janela de confirmação de programação de OS...
2026-06-09 19:14:29,559 - INFO - 🟨 Janela de confirmação de programação de OS detectada
2026-06-09 19:14:42,845 - INFO - 🟨 Janela de aviso de edição de OS programadas detectada
2026-06-09 19:14:50,048 - INFO - ⌛ aguardando janela de programação de lote de OS...
2026-06-09 19:15:15,595 - INFO - 🟨 Janela de aviso de substituição de lote de OS detectada
2026-06-09 19:15:35,712 - INFO - ⌛ aguardando janela de programação de lote de OS...
2026-06-09 19:16:01,268 - INFO - 🟨 Janela de programação de lote de OS detectada
2026-06-09 19:16:50,802 - INFO - 🟨 Janela de confirmação de programação de lote de OS detectada
2026-06-09 19:16:55,032 - INFO - ⌛ aguardando confirmação final de programação do lote
2026-06-09 19:17:20,567 - INFO - 🟨 programação do lote 20 efetuado com sucesso
2026-06-09 19:17:30,676 - INFO - 
=== Iniciando lote 21/32 [LM] ===
2026-06-09 19:17:30,677 - INFO - 
=== abrir_janela_selecao ===
2026-06-09 19:17:36,984 - INFO - 
=== rotina abrir_selecao_colar_os ===
2026-06-09 19:17:37,036 - INFO - Janela de seleção aberta
2026-06-09 19:17:41,254 - INFO - DEBUG: idx=20, inicio=500, fim=525
2026-06-09 19:17:41,254 - INFO - ✅ 25 OS copiadas para a área de transferência.
2026-06-09 19:17:41,254 - INFO - 📋 Lote 21 copiado.
2026-06-09 19:17:49,585 - INFO - ⌛ Esperando mudança visual...
2026-06-09 19:17:50,596 - INFO - ⌛ Esperando mudança visual...
2026-06-09 19:17:51,612 - INFO - ⌛ Esperando mudança visual...
2026-06-09 19:17:52,629 - INFO - ⌛ Esperando mudança visual...
2026-06-09 19:17:53,643 - INFO - ⌛ Esperando mudança visual...
2026-06-09 19:17:54,659 - INFO - ⌛ Esperando mudança visual...
2026-06-09 19:17:55,675 - INFO - ⌛ Esperando mudança visual...
2026-06-09 19:17:56,692 - INFO - ⌛ Esperando mudança visual...
2026-06-09 19:17:57,706 - INFO - ⌛ Esperando mudança visual...
2026-06-09 19:17:58,722 - INFO - ⌛ Esperando mudança visual...
2026-06-09 19:17:59,737 - INFO - ✅ Tela carregada!
2026-06-09 19:18:03,743 - INFO - 
=== rotina desbloquear_os ===
2026-06-09 19:18:30,206 - INFO - ⌛ Aguardando janela de confirmação de desbloqueio...
2026-06-09 19:18:45,658 - INFO - 🟨 Registros desbloqueados com sucesso
2026-06-09 19:18:49,762 - INFO - 
=== rotina editar_os ===
2026-06-09 19:18:59,166 - INFO - ⌛ Aguardando janela de edição de OS...
2026-06-09 19:19:14,622 - INFO - 🟨 OS programadas detectadas
2026-06-09 19:19:17,725 - INFO - ⌛ Aguardando janela de edição de OS...
2026-06-09 19:19:33,161 - INFO - 🟨 Janela de edição de OS detectada
2026-06-09 19:19:54,532 - INFO - 🟨 Janela de edição de habilidade da turma detectada
2026-06-09 19:21:12,843 - INFO - ⌛ Aguardando detecção do campo de caracteristica 'EQUIPE PRÓPRIA OU EPS' ...
2026-06-09 19:21:32,204 - INFO - 🟨 campo de caracteristica 'EQUIPE PRÓPRIA OU EPS detectado
2026-06-09 19:21:54,002 - INFO - 🟨 Janela de atenção de OS com contrato não vigente, pulando lote
2026-06-09 19:22:06,216 - INFO - 
=== Iniciando lote 22/32 [LM] ===
2026-06-09 19:22:06,216 - INFO - 
=== abrir_janela_selecao ===
2026-06-09 19:22:12,524 - INFO - 
=== rotina abrir_selecao_colar_os ===
2026-06-09 19:22:12,577 - INFO - Janela de seleção aberta
2026-06-09 19:22:16,800 - INFO - DEBUG: idx=21, inicio=525, fim=550
2026-06-09 19:22:16,800 - INFO - ✅ 25 OS copiadas para a área de transferência.
2026-06-09 19:22:16,800 - INFO - 📋 Lote 22 copiado.
2026-06-09 19:22:25,144 - INFO - ⌛ Esperando mudança visual...
2026-06-09 19:22:26,159 - INFO - ⌛ Esperando mudança visual...
2026-06-09 19:22:27,174 - INFO - ⌛ Esperando mudança visual...
2026-06-09 19:22:28,191 - INFO - ⌛ Esperando mudança visual...
2026-06-09 19:22:29,206 - INFO - ⌛ Esperando mudança visual...
2026-06-09 19:22:30,222 - INFO - ⌛ Esperando mudança visual...
2026-06-09 19:22:31,237 - INFO - ⌛ Esperando mudança visual...
2026-06-09 19:22:32,253 - INFO - ⌛ Esperando mudança visual...
2026-06-09 19:22:33,269 - INFO - ⌛ Esperando mudança visual...
2026-06-09 19:22:34,285 - INFO - ⌛ Esperando mudança visual...
2026-06-09 19:22:35,300 - INFO - ✅ Tela carregada!
2026-06-09 19:22:39,305 - INFO - 
=== rotina desbloquear_os ===
2026-06-09 19:23:05,771 - INFO - ⌛ Aguardando janela de confirmação de desbloqueio...
2026-06-09 19:23:21,172 - INFO - 🟨 Registros desbloqueados com sucesso
2026-06-09 19:23:25,276 - INFO - 
=== rotina editar_os ===
2026-06-09 19:23:34,683 - INFO - ⌛ Aguardando janela de edição de OS...
2026-06-09 19:23:50,115 - INFO - 🟨 OS programadas detectadas
2026-06-09 19:23:53,224 - INFO - ⌛ Aguardando janela de edição de OS...
2026-06-09 19:24:08,662 - INFO - 🟨 Janela de edição de OS detectada
2026-06-09 19:24:30,032 - INFO - 🟨 Janela de edição de habilidade da turma detectada
2026-06-09 19:25:48,341 - INFO - ⌛ Aguardando detecção do campo de caracteristica 'EQUIPE PRÓPRIA OU EPS' ...
2026-06-09 19:26:07,696 - INFO - 🟨 campo de caracteristica 'EQUIPE PRÓPRIA OU EPS detectado
2026-06-09 19:26:29,480 - INFO - ⌛ Aguardando confirmação 4 - editar OS...
2026-06-09 19:26:44,951 - INFO - ⌛ Aguardando confirmação 4 - editar OS...
2026-06-09 19:27:00,389 - INFO - ⌛ Aguardando confirmação 4 - editar OS...
2026-06-09 19:27:15,833 - INFO - 🟨 Janela de confirmação 4 de edição de OS detectada
2026-06-09 19:27:19,936 - INFO - 
=== rotina programar_os ===
2026-06-09 19:27:46,477 - INFO - ⌛ Aguardando janela de confirmação de programação de OS...
2026-06-09 19:28:11,952 - INFO - 🟨 Janela de confirmação de programação de OS detectada
2026-06-09 19:28:25,236 - INFO - 🟨 Janela de aviso de edição de OS programadas detectada
2026-06-09 19:28:32,441 - INFO - ⌛ aguardando janela de programação de lote de OS...
2026-06-09 19:28:57,933 - INFO - 🟨 Janela de aviso de substituição de lote de OS detectada
2026-06-09 19:29:18,041 - INFO - ⌛ aguardando janela de programação de lote de OS...
2026-06-09 19:29:43,611 - INFO - 🟨 Janela de programação de lote de OS detectada
2026-06-09 19:30:33,153 - INFO - 🟨 Janela de confirmação de programação de lote de OS detectada
2026-06-09 19:30:37,408 - INFO - ⌛ aguardando confirmação final de programação do lote
2026-06-09 19:31:02,875 - INFO - 🟨 programação do lote 22 efetuado com sucesso
2026-06-09 19:31:12,982 - INFO - 
=== Iniciando lote 23/32 [LM] ===
2026-06-09 19:31:12,983 - INFO - 
=== abrir_janela_selecao ===
2026-06-09 19:31:19,291 - INFO - 
=== rotina abrir_selecao_colar_os ===
2026-06-09 19:31:19,346 - INFO - Janela de seleção aberta
2026-06-09 19:31:23,567 - INFO - DEBUG: idx=22, inicio=550, fim=575
2026-06-09 19:31:23,568 - INFO - ✅ 25 OS copiadas para a área de transferência.
2026-06-09 19:31:23,568 - INFO - 📋 Lote 23 copiado.
2026-06-09 19:31:31,893 - INFO - ⌛ Esperando mudança visual...
2026-06-09 19:31:32,906 - INFO - ⌛ Esperando mudança visual...
2026-06-09 19:31:33,922 - INFO - ⌛ Esperando mudança visual...
2026-06-09 19:31:34,937 - INFO - ⌛ Esperando mudança visual...
2026-06-09 19:31:35,953 - INFO - ⌛ Esperando mudança visual...
2026-06-09 19:31:36,968 - INFO - ⌛ Esperando mudança visual...
2026-06-09 19:31:37,985 - INFO - ⌛ Esperando mudança visual...
2026-06-09 19:31:39,000 - INFO - ⌛ Esperando mudança visual...
2026-06-09 19:31:40,015 - INFO - ⌛ Esperando mudança visual...
2026-06-09 19:31:41,031 - INFO - ⌛ Esperando mudança visual...
2026-06-09 19:31:42,046 - INFO - ✅ Tela carregada!
2026-06-09 19:31:46,049 - INFO - 
=== rotina desbloquear_os ===
2026-06-09 19:32:12,533 - INFO - ⌛ Aguardando janela de confirmação de desbloqueio...
2026-06-09 19:32:27,934 - INFO - ⌛ Aguardando janela de confirmação de desbloqueio...
2026-06-09 19:32:43,317 - INFO - 🟨 Registros desbloqueados com sucesso
2026-06-09 19:32:47,423 - INFO - 
=== rotina editar_os ===
2026-06-09 19:32:56,832 - INFO - ⌛ Aguardando janela de edição de OS...
2026-06-09 19:33:12,253 - INFO - 🟨 OS programadas detectadas
2026-06-09 19:33:15,357 - INFO - ⌛ Aguardando janela de edição de OS...
2026-06-09 19:33:30,799 - INFO - 🟨 Janela de edição de OS detectada
2026-06-09 19:33:52,152 - INFO - 🟨 Janela de edição de habilidade da turma detectada
2026-06-09 19:35:10,454 - INFO - ⌛ Aguardando detecção do campo de caracteristica 'EQUIPE PRÓPRIA OU EPS' ...
2026-06-09 19:35:29,806 - INFO - 🟨 campo de caracteristica 'EQUIPE PRÓPRIA OU EPS detectado
2026-06-09 19:35:51,618 - INFO - ⌛ Aguardando confirmação 4 - editar OS...
2026-06-09 19:36:07,114 - INFO - ⌛ Aguardando confirmação 4 - editar OS...
2026-06-09 19:36:22,586 - INFO - ⌛ Aguardando confirmação 4 - editar OS...
2026-06-09 19:36:38,048 - INFO - 🟨 Janela de confirmação 4 de edição de OS detectada
2026-06-09 19:36:42,151 - INFO - 
=== rotina programar_os ===
2026-06-09 19:37:08,702 - INFO - ⌛ Aguardando janela de confirmação de programação de OS...
2026-06-09 19:37:34,216 - INFO - 🟨 Janela de confirmação de programação de OS detectada
2026-06-09 19:37:47,498 - INFO - 🟨 Janela de aviso de edição de OS programadas detectada
2026-06-09 19:37:54,704 - INFO - ⌛ aguardando janela de programação de lote de OS...
2026-06-09 19:38:20,254 - INFO - 🟨 Janela de aviso de substituição de lote de OS detectada
2026-06-09 19:38:40,357 - INFO - ⌛ aguardando janela de programação de lote de OS...
2026-06-09 19:39:05,944 - INFO - 🟨 Janela de programação de lote de OS detectada
2026-06-09 19:39:55,493 - INFO - 🟨 Janela de confirmação de programação de lote de OS detectada
2026-06-09 19:39:59,724 - INFO - ⌛ aguardando confirmação final de programação do lote
2026-06-09 19:40:25,229 - INFO - 🟨 programação do lote 23 efetuado com sucesso
2026-06-09 19:40:35,351 - INFO - 
=== Iniciando lote 24/32 [LM] ===
2026-06-09 19:40:35,351 - INFO - 
=== abrir_janela_selecao ===
2026-06-09 19:40:41,659 - INFO - 
=== rotina abrir_selecao_colar_os ===
2026-06-09 19:40:41,700 - INFO - Janela de seleção aberta
2026-06-09 19:40:45,929 - INFO - DEBUG: idx=23, inicio=575, fim=600
2026-06-09 19:40:45,929 - INFO - ✅ 25 OS copiadas para a área de transferência.
2026-06-09 19:40:45,929 - INFO - 📋 Lote 24 copiado.
2026-06-09 19:40:54,257 - INFO - ⌛ Esperando mudança visual...
2026-06-09 19:40:55,271 - INFO - ⌛ Esperando mudança visual...
2026-06-09 19:40:56,286 - INFO - ⌛ Esperando mudança visual...
2026-06-09 19:40:57,304 - INFO - ⌛ Esperando mudança visual...
2026-06-09 19:40:58,317 - INFO - ⌛ Esperando mudança visual...
2026-06-09 19:40:59,334 - INFO - ⌛ Esperando mudança visual...
2026-06-09 19:41:00,348 - INFO - ⌛ Esperando mudança visual...
2026-06-09 19:41:01,367 - INFO - ⌛ Esperando mudança visual...
2026-06-09 19:41:02,380 - INFO - ⌛ Esperando mudança visual...
2026-06-09 19:41:03,396 - INFO - ✅ Tela carregada!
2026-06-09 19:41:07,399 - INFO - 
=== rotina desbloquear_os ===
2026-06-09 19:41:33,847 - INFO - ⌛ Aguardando janela de confirmação de desbloqueio...
2026-06-09 19:41:49,259 - INFO - 🟨 Registros desbloqueados com sucesso
2026-06-09 19:41:53,365 - INFO - 
=== rotina editar_os ===
2026-06-09 19:42:02,777 - INFO - ⌛ Aguardando janela de edição de OS...
2026-06-09 19:42:18,249 - INFO - 🟨 OS programadas detectadas
2026-06-09 19:42:21,370 - INFO - ⌛ Aguardando janela de edição de OS...
2026-06-09 19:42:36,836 - INFO - 🟨 Janela de edição de OS detectada
2026-06-09 19:42:58,190 - INFO - 🟨 Janela de edição de habilidade da turma detectada
2026-06-09 19:44:16,499 - INFO - ⌛ Aguardando detecção do campo de caracteristica 'EQUIPE PRÓPRIA OU EPS' ...
2026-06-09 19:44:35,846 - INFO - 🟨 campo de caracteristica 'EQUIPE PRÓPRIA OU EPS detectado
2026-06-09 19:44:57,639 - INFO - ⌛ Aguardando confirmação 4 - editar OS...
2026-06-09 19:45:13,115 - INFO - ⌛ Aguardando confirmação 4 - editar OS...
2026-06-09 19:45:28,630 - INFO - ⌛ Aguardando confirmação 4 - editar OS...
2026-06-09 19:45:44,144 - INFO - 🟨 Janela de confirmação 4 de edição de OS detectada
2026-06-09 19:45:48,249 - INFO - 
=== rotina programar_os ===
2026-06-09 19:46:14,779 - INFO - ⌛ Aguardando janela de confirmação de programação de OS...
2026-06-09 19:46:40,280 - INFO - 🟨 Janela de confirmação de programação de OS detectada
2026-06-09 19:46:53,534 - INFO - 🟨 Janela de aviso de edição de OS programadas detectada
2026-06-09 19:47:00,740 - INFO - ⌛ aguardando janela de programação de lote de OS...
2026-06-09 19:47:26,224 - INFO - 🟨 Janela de aviso de substituição de lote de OS detectada
2026-06-09 19:47:46,338 - INFO - ⌛ aguardando janela de programação de lote de OS...
2026-06-09 19:48:11,844 - INFO - 🟨 Janela de programação de lote de OS detectada
2026-06-09 19:49:01,353 - INFO - 🟨 Janela de confirmação de programação de lote de OS detectada
2026-06-09 19:49:05,563 - INFO - ⌛ aguardando confirmação final de programação do lote
2026-06-09 19:49:31,023 - INFO - 🟨 programação do lote 24 efetuado com sucesso
2026-06-09 19:49:41,128 - INFO - 
=== Iniciando lote 25/32 [LM] ===
2026-06-09 19:49:41,129 - INFO - 
=== abrir_janela_selecao ===
2026-06-09 19:49:47,436 - INFO - 
=== rotina abrir_selecao_colar_os ===
2026-06-09 19:49:47,495 - INFO - Janela de seleção aberta
2026-06-09 19:49:51,713 - INFO - DEBUG: idx=24, inicio=600, fim=625
2026-06-09 19:49:51,713 - INFO - ✅ 25 OS copiadas para a área de transferência.
2026-06-09 19:49:51,714 - INFO - 📋 Lote 25 copiado.
2026-06-09 19:50:00,037 - INFO - ⌛ Esperando mudança visual...
2026-06-09 19:50:01,053 - INFO - ⌛ Esperando mudança visual...
2026-06-09 19:50:02,068 - INFO - ⌛ Esperando mudança visual...
2026-06-09 19:50:03,084 - INFO - ⌛ Esperando mudança visual...
2026-06-09 19:50:04,099 - INFO - ⌛ Esperando mudança visual...
2026-06-09 19:50:05,115 - INFO - ⌛ Esperando mudança visual...
2026-06-09 19:50:06,131 - INFO - ⌛ Esperando mudança visual...
2026-06-09 19:50:07,146 - INFO - ⌛ Esperando mudança visual...
2026-06-09 19:50:08,164 - INFO - ⌛ Esperando mudança visual...
2026-06-09 19:50:09,177 - INFO - ✅ Tela carregada!
2026-06-09 19:50:13,182 - INFO - 
=== rotina desbloquear_os ===
2026-06-09 19:50:39,664 - INFO - ⌛ Aguardando janela de confirmação de desbloqueio...
2026-06-09 19:50:55,086 - INFO - 🟨 Registros desbloqueados com sucesso
2026-06-09 19:50:59,188 - INFO - 
=== rotina editar_os ===
2026-06-09 19:51:08,588 - INFO - ⌛ Aguardando janela de edição de OS...
2026-06-09 19:51:24,046 - INFO - 🟨 OS programadas detectadas
2026-06-09 19:51:27,150 - INFO - ⌛ Aguardando janela de edição de OS...
2026-06-09 19:51:42,628 - INFO - 🟨 Janela de edição de OS detectada
2026-06-09 19:52:03,977 - INFO - 🟨 Janela de edição de habilidade da turma detectada
2026-06-09 19:53:22,282 - INFO - ⌛ Aguardando detecção do campo de caracteristica 'EQUIPE PRÓPRIA OU EPS' ...
2026-06-09 19:53:41,655 - INFO - 🟨 campo de caracteristica 'EQUIPE PRÓPRIA OU EPS detectado
2026-06-09 19:54:03,417 - INFO - ⌛ Aguardando confirmação 4 - editar OS...
2026-06-09 19:54:18,843 - INFO - ⌛ Aguardando confirmação 4 - editar OS...
2026-06-09 19:54:34,275 - INFO - ⌛ Aguardando confirmação 4 - editar OS...
2026-06-09 19:54:49,721 - INFO - 🟨 Janela de confirmação 4 de edição de OS detectada
2026-06-09 19:54:53,825 - INFO - 
=== rotina programar_os ===
2026-06-09 19:55:20,359 - INFO - ⌛ Aguardando janela de confirmação de programação de OS...
2026-06-09 19:55:45,820 - INFO - 🟨 Janela de confirmação de programação de OS detectada
2026-06-09 19:55:59,073 - INFO - 🟨 Janela de aviso de edição de OS programadas detectada
2026-06-09 19:56:06,307 - INFO - ⌛ aguardando janela de programação de lote de OS...
2026-06-09 19:56:31,819 - INFO - 🟨 Janela de aviso de substituição de lote de OS detectada
2026-06-09 19:56:51,937 - INFO - ⌛ aguardando janela de programação de lote de OS...
2026-06-09 19:57:17,520 - INFO - 🟨 Janela de programação de lote de OS detectada
2026-06-09 19:58:07,059 - INFO - 🟨 Janela de confirmação de programação de lote de OS detectada
2026-06-09 19:58:11,309 - INFO - ⌛ aguardando confirmação final de programação do lote
2026-06-09 19:58:36,827 - INFO - 🟨 programação do lote 25 efetuado com sucesso
2026-06-09 19:58:46,935 - INFO - 
=== Iniciando lote 26/32 [LM] ===
2026-06-09 19:58:46,935 - INFO - 
=== abrir_janela_selecao ===
2026-06-09 19:58:53,242 - INFO - 
=== rotina abrir_selecao_colar_os ===
2026-06-09 19:58:53,284 - INFO - Janela de seleção aberta
2026-06-09 19:58:57,511 - INFO - DEBUG: idx=25, inicio=625, fim=650
2026-06-09 19:58:57,511 - INFO - ✅ 25 OS copiadas para a área de transferência.
2026-06-09 19:58:57,511 - INFO - 📋 Lote 26 copiado.
2026-06-09 19:59:05,838 - INFO - ⌛ Esperando mudança visual...
2026-06-09 19:59:06,852 - INFO - ⌛ Esperando mudança visual...
2026-06-09 19:59:07,868 - INFO - ⌛ Esperando mudança visual...
2026-06-09 19:59:08,883 - INFO - ⌛ Esperando mudança visual...
2026-06-09 19:59:09,899 - INFO - ⌛ Esperando mudança visual...
2026-06-09 19:59:10,914 - INFO - ⌛ Esperando mudança visual...
2026-06-09 19:59:11,930 - INFO - ⌛ Esperando mudança visual...
2026-06-09 19:59:12,946 - INFO - ⌛ Esperando mudança visual...
2026-06-09 19:59:13,961 - INFO - ⌛ Esperando mudança visual...
2026-06-09 19:59:14,977 - INFO - ✅ Tela carregada!
2026-06-09 19:59:18,980 - INFO - 
=== rotina desbloquear_os ===
2026-06-09 19:59:45,451 - INFO - ⌛ Aguardando janela de confirmação de desbloqueio...
2026-06-09 20:00:00,887 - INFO - 🟨 Registros desbloqueados com sucesso
2026-06-09 20:00:04,990 - INFO - 
=== rotina editar_os ===
2026-06-09 20:00:14,415 - INFO - ⌛ Aguardando janela de edição de OS...
2026-06-09 20:00:29,867 - INFO - 🟨 OS programadas detectadas
2026-06-09 20:00:32,971 - INFO - ⌛ Aguardando janela de edição de OS...
2026-06-09 20:00:48,416 - INFO - 🟨 Janela de edição de OS detectada
2026-06-09 20:01:09,786 - INFO - 🟨 Janela de edição de habilidade da turma detectada
2026-06-09 20:02:28,092 - INFO - ⌛ Aguardando detecção do campo de caracteristica 'EQUIPE PRÓPRIA OU EPS' ...
2026-06-09 20:02:47,457 - INFO - 🟨 campo de caracteristica 'EQUIPE PRÓPRIA OU EPS detectado
2026-06-09 20:03:09,256 - INFO - ⌛ Aguardando confirmação 4 - editar OS...
2026-06-09 20:03:24,709 - INFO - ⌛ Aguardando confirmação 4 - editar OS...
2026-06-09 20:03:40,233 - INFO - ⌛ Aguardando confirmação 4 - editar OS...
2026-06-09 20:03:55,728 - INFO - 🟨 Janela de confirmação 4 de edição de OS detectada
2026-06-09 20:03:59,831 - INFO - 
=== rotina programar_os ===
2026-06-09 20:04:26,362 - INFO - ⌛ Aguardando janela de confirmação de programação de OS...
2026-06-09 20:04:51,837 - INFO - 🟨 Janela de confirmação de programação de OS detectada
2026-06-09 20:05:05,139 - INFO - 🟨 Janela de aviso de edição de OS programadas detectada
2026-06-09 20:05:12,343 - INFO - ⌛ aguardando janela de programação de lote de OS...
2026-06-09 20:05:37,882 - INFO - 🟨 Janela de aviso de substituição de lote de OS detectada
2026-06-09 20:05:57,993 - INFO - ⌛ aguardando janela de programação de lote de OS...
2026-06-09 20:06:23,545 - INFO - 🟨 Janela de programação de lote de OS detectada
2026-06-09 20:07:13,094 - INFO - 🟨 Janela de confirmação de programação de lote de OS detectada
2026-06-09 20:07:17,324 - INFO - ⌛ aguardando confirmação final de programação do lote
2026-06-09 20:07:42,832 - INFO - 🟨 programação do lote 26 efetuado com sucesso
2026-06-09 20:07:52,936 - INFO - 
=== Iniciando lote 27/32 [LM] ===
2026-06-09 20:07:52,937 - INFO - 
=== abrir_janela_selecao ===
2026-06-09 20:07:59,243 - INFO - 
=== rotina abrir_selecao_colar_os ===
2026-06-09 20:07:59,295 - INFO - Janela de seleção aberta
2026-06-09 20:08:03,517 - INFO - DEBUG: idx=26, inicio=650, fim=675
2026-06-09 20:08:03,517 - INFO - ✅ 25 OS copiadas para a área de transferência.
2026-06-09 20:08:03,517 - INFO - 📋 Lote 27 copiado.
2026-06-09 20:08:11,854 - INFO - ⌛ Esperando mudança visual...
2026-06-09 20:08:12,871 - INFO - ⌛ Esperando mudança visual...
2026-06-09 20:08:13,887 - INFO - ⌛ Esperando mudança visual...
2026-06-09 20:08:14,902 - INFO - ⌛ Esperando mudança visual...
2026-06-09 20:08:15,917 - INFO - ⌛ Esperando mudança visual...
2026-06-09 20:08:16,933 - INFO - ⌛ Esperando mudança visual...
2026-06-09 20:08:17,951 - INFO - ⌛ Esperando mudança visual...
2026-06-09 20:08:18,965 - INFO - ⌛ Esperando mudança visual...
2026-06-09 20:08:19,980 - INFO - ⌛ Esperando mudança visual...
2026-06-09 20:08:20,995 - INFO - ⌛ Esperando mudança visual...
2026-06-09 20:08:22,012 - INFO - ✅ Tela carregada!
2026-06-09 20:08:26,015 - INFO - 
=== rotina desbloquear_os ===
2026-06-09 20:08:52,478 - INFO - ⌛ Aguardando janela de confirmação de desbloqueio...
2026-06-09 20:09:07,878 - INFO - 🟨 Registros desbloqueados com sucesso
2026-06-09 20:09:11,981 - INFO - 
=== rotina editar_os ===
2026-06-09 20:09:21,433 - INFO - ⌛ Aguardando janela de edição de OS...
2026-06-09 20:09:36,887 - INFO - 🟨 OS programadas detectadas
2026-06-09 20:09:39,990 - INFO - ⌛ Aguardando janela de edição de OS...
2026-06-09 20:09:55,449 - INFO - 🟨 Janela de edição de OS detectada
2026-06-09 20:10:16,795 - INFO - 🟨 Janela de edição de habilidade da turma detectada
2026-06-09 20:11:35,099 - INFO - ⌛ Aguardando detecção do campo de caracteristica 'EQUIPE PRÓPRIA OU EPS' ...
2026-06-09 20:11:54,471 - INFO - 🟨 campo de caracteristica 'EQUIPE PRÓPRIA OU EPS detectado
2026-06-09 20:12:16,247 - INFO - ⌛ Aguardando confirmação 4 - editar OS...
2026-06-09 20:12:31,736 - INFO - ⌛ Aguardando confirmação 4 - editar OS...
2026-06-09 20:12:31,893 - INFO - 🟨 Identificado travamento no EQM, reiniciando contador de espera
2026-06-09 20:12:47,274 - INFO - ⌛ Aguardando confirmação 4 - editar OS...
2026-06-09 20:13:02,718 - INFO - 🟨 Janela de confirmação 4 de edição de OS detectada
2026-06-09 20:13:06,827 - INFO - 
=== rotina programar_os ===
2026-06-09 20:13:33,377 - INFO - ⌛ Aguardando janela de confirmação de programação de OS...
2026-06-09 20:13:58,794 - INFO - 🟨 Janela de confirmação de programação de OS detectada
2026-06-09 20:14:12,056 - INFO - 🟨 Janela de aviso de edição de OS programadas detectada
2026-06-09 20:14:19,275 - INFO - ⌛ aguardando janela de programação de lote de OS...
2026-06-09 20:14:44,790 - INFO - 🟨 Janela de aviso de substituição de lote de OS detectada
2026-06-09 20:15:04,893 - INFO - ⌛ aguardando janela de programação de lote de OS...
2026-06-09 20:15:30,398 - INFO - 🟨 Janela de programação de lote de OS detectada
2026-06-09 20:16:19,903 - INFO - 🟨 Janela de confirmação de programação de lote de OS detectada
2026-06-09 20:16:24,137 - INFO - ⌛ aguardando confirmação final de programação do lote
2026-06-09 20:16:49,622 - INFO - 🟨 programação do lote 27 efetuado com sucesso
2026-06-09 20:16:59,726 - INFO - 
=== Iniciando lote 28/32 [LM] ===
2026-06-09 20:16:59,726 - INFO - 
=== abrir_janela_selecao ===
2026-06-09 20:17:06,034 - INFO - 
=== rotina abrir_selecao_colar_os ===
2026-06-09 20:17:06,077 - INFO - Janela de seleção aberta
2026-06-09 20:17:10,298 - INFO - DEBUG: idx=27, inicio=675, fim=700
2026-06-09 20:17:10,298 - INFO - ✅ 25 OS copiadas para a área de transferência.
2026-06-09 20:17:10,298 - INFO - 📋 Lote 28 copiado.
2026-06-09 20:17:18,624 - INFO - ⌛ Esperando mudança visual...
2026-06-09 20:17:19,640 - INFO - ⌛ Esperando mudança visual...
2026-06-09 20:17:20,655 - INFO - ⌛ Esperando mudança visual...
2026-06-09 20:17:21,671 - INFO - ⌛ Esperando mudança visual...
2026-06-09 20:17:22,687 - INFO - ⌛ Esperando mudança visual...
2026-06-09 20:17:23,702 - INFO - ⌛ Esperando mudança visual...
2026-06-09 20:17:24,718 - INFO - ⌛ Esperando mudança visual...
2026-06-09 20:17:25,734 - INFO - ⌛ Esperando mudança visual...
2026-06-09 20:17:26,749 - INFO - ⌛ Esperando mudança visual...
2026-06-09 20:17:27,766 - INFO - ✅ Tela carregada!
2026-06-09 20:17:31,769 - INFO - 
=== rotina desbloquear_os ===
2026-06-09 20:17:58,236 - INFO - ⌛ Aguardando janela de confirmação de desbloqueio...
2026-06-09 20:18:13,631 - INFO - 🟨 Registros desbloqueados com sucesso
2026-06-09 20:18:17,734 - INFO - 
=== rotina editar_os ===
2026-06-09 20:18:27,138 - INFO - ⌛ Aguardando janela de edição de OS...
2026-06-09 20:18:42,568 - INFO - 🟨 Janela de edição de OS detectada
2026-06-09 20:19:03,927 - INFO - 🟨 Janela de edição de habilidade da turma detectada
2026-06-09 20:20:22,236 - INFO - ⌛ Aguardando detecção do campo de caracteristica 'EQUIPE PRÓPRIA OU EPS' ...
2026-06-09 20:20:41,587 - INFO - 🟨 campo de caracteristica 'EQUIPE PRÓPRIA OU EPS detectado
2026-06-09 20:21:03,396 - INFO - ⌛ Aguardando confirmação 4 - editar OS...
2026-06-09 20:21:18,904 - INFO - ⌛ Aguardando confirmação 4 - editar OS...
2026-06-09 20:21:34,484 - INFO - ⌛ Aguardando confirmação 4 - editar OS...
2026-06-09 20:21:50,004 - INFO - 🟨 Janela de confirmação 4 de edição de OS detectada
2026-06-09 20:21:54,107 - INFO - 
=== rotina programar_os ===
2026-06-09 20:22:20,656 - INFO - ⌛ Aguardando janela de confirmação de programação de OS...
2026-06-09 20:22:46,146 - INFO - 🟨 Janela de confirmação de programação de OS detectada
2026-06-09 20:22:59,431 - INFO - ⌛ aguardando janela de programação de lote de OS...
2026-06-09 20:23:24,988 - INFO - 🟨 Janela de programação de lote de OS detectada
2026-06-09 20:24:14,523 - INFO - 🟨 Janela de confirmação de programação de lote de OS detectada
2026-06-09 20:24:18,768 - INFO - ⌛ aguardando confirmação final de programação do lote
2026-06-09 20:24:44,258 - INFO - 🟨 programação do lote 28 efetuado com sucesso
2026-06-09 20:24:54,362 - INFO - 
=== Iniciando lote 29/32 [LM] ===
2026-06-09 20:24:54,363 - INFO - 
=== abrir_janela_selecao ===
2026-06-09 20:25:00,670 - INFO - 
=== rotina abrir_selecao_colar_os ===
2026-06-09 20:25:00,713 - INFO - Janela de seleção aberta
2026-06-09 20:25:04,962 - INFO - DEBUG: idx=28, inicio=700, fim=725
2026-06-09 20:25:04,962 - INFO - ✅ 25 OS copiadas para a área de transferência.
2026-06-09 20:25:04,962 - INFO - 📋 Lote 29 copiado.
2026-06-09 20:25:13,283 - INFO - ⌛ Esperando mudança visual...
2026-06-09 20:25:14,300 - INFO - ⌛ Esperando mudança visual...
2026-06-09 20:25:15,315 - INFO - ⌛ Esperando mudança visual...
2026-06-09 20:25:16,331 - INFO - ⌛ Esperando mudança visual...
2026-06-09 20:25:17,346 - INFO - ⌛ Esperando mudança visual...
2026-06-09 20:25:18,362 - INFO - ⌛ Esperando mudança visual...
2026-06-09 20:25:19,378 - INFO - ⌛ Esperando mudança visual...
2026-06-09 20:25:20,393 - INFO - ⌛ Esperando mudança visual...
2026-06-09 20:25:21,409 - INFO - ⌛ Esperando mudança visual...
2026-06-09 20:25:22,425 - INFO - ⌛ Esperando mudança visual...
2026-06-09 20:25:23,439 - INFO - ✅ Tela carregada!
2026-06-09 20:25:27,442 - INFO - 
=== rotina desbloquear_os ===
2026-06-09 20:25:53,946 - INFO - ⌛ Aguardando janela de confirmação de desbloqueio...
2026-06-09 20:26:09,388 - INFO - 🟨 Registros desbloqueados com sucesso
2026-06-09 20:26:13,491 - INFO - 
=== rotina editar_os ===
2026-06-09 20:26:22,912 - INFO - ⌛ Aguardando janela de edição de OS...
2026-06-09 20:26:38,381 - INFO - 🟨 Janela de edição de OS detectada
2026-06-09 20:26:59,752 - INFO - 🟨 Janela de edição de habilidade da turma detectada
2026-06-09 20:28:18,058 - INFO - ⌛ Aguardando detecção do campo de caracteristica 'EQUIPE PRÓPRIA OU EPS' ...
2026-06-09 20:28:37,423 - INFO - 🟨 campo de caracteristica 'EQUIPE PRÓPRIA OU EPS detectado
2026-06-09 20:28:59,217 - INFO - ⌛ Aguardando confirmação 4 - editar OS...
2026-06-09 20:29:14,670 - INFO - ⌛ Aguardando confirmação 4 - editar OS...
2026-06-09 20:29:14,830 - INFO - 🟨 Identificado travamento no EQM, reiniciando contador de espera
2026-06-09 20:29:30,210 - INFO - ⌛ Aguardando confirmação 4 - editar OS...
2026-06-09 20:29:45,700 - INFO - 🟨 Janela de confirmação 4 de edição de OS detectada
2026-06-09 20:29:49,808 - INFO - 
=== rotina programar_os ===
2026-06-09 20:30:16,335 - INFO - ⌛ Aguardando janela de confirmação de programação de OS...
2026-06-09 20:30:41,795 - INFO - 🟨 Janela de confirmação de programação de OS detectada
2026-06-09 20:30:55,051 - INFO - ⌛ aguardando janela de programação de lote de OS...
2026-06-09 20:31:20,532 - INFO - 🟨 Janela de programação de lote de OS detectada
2026-06-09 20:32:10,065 - INFO - 🟨 Janela de confirmação de programação de lote de OS detectada
2026-06-09 20:32:14,280 - INFO - ⌛ aguardando confirmação final de programação do lote
2026-06-09 20:32:39,793 - INFO - 🟨 programação do lote 29 efetuado com sucesso
2026-06-09 20:32:49,898 - INFO - 
=== Iniciando lote 30/32 [LM] ===
2026-06-09 20:32:49,899 - INFO - 
=== abrir_janela_selecao ===
2026-06-09 20:32:56,219 - INFO - 
=== rotina abrir_selecao_colar_os ===
2026-06-09 20:32:56,289 - INFO - Janela de seleção aberta
2026-06-09 20:33:00,519 - INFO - DEBUG: idx=29, inicio=725, fim=750
2026-06-09 20:33:00,520 - INFO - ✅ 25 OS copiadas para a área de transferência.
2026-06-09 20:33:00,520 - INFO - 📋 Lote 30 copiado.
2026-06-09 20:33:08,847 - INFO - ⌛ Esperando mudança visual...
2026-06-09 20:33:09,859 - INFO - ⌛ Esperando mudança visual...
2026-06-09 20:33:10,874 - INFO - ⌛ Esperando mudança visual...
2026-06-09 20:33:11,890 - INFO - ⌛ Esperando mudança visual...
2026-06-09 20:33:12,906 - INFO - ⌛ Esperando mudança visual...
2026-06-09 20:33:13,921 - INFO - ⌛ Esperando mudança visual...
2026-06-09 20:33:14,936 - INFO - ⌛ Esperando mudança visual...
2026-06-09 20:33:15,953 - INFO - ⌛ Esperando mudança visual...
2026-06-09 20:33:16,968 - INFO - ⌛ Esperando mudança visual...
2026-06-09 20:33:17,984 - INFO - ✅ Tela carregada!
2026-06-09 20:33:21,990 - INFO - 
=== rotina desbloquear_os ===
2026-06-09 20:33:48,460 - INFO - ⌛ Aguardando janela de confirmação de desbloqueio...
2026-06-09 20:34:03,893 - INFO - 🟨 Registros desbloqueados com sucesso
2026-06-09 20:34:07,996 - INFO - 
=== rotina editar_os ===
2026-06-09 20:34:17,397 - INFO - ⌛ Aguardando janela de edição de OS...
2026-06-09 20:34:32,892 - INFO - 🟨 OS programadas detectadas
2026-06-09 20:34:35,994 - INFO - ⌛ Aguardando janela de edição de OS...
2026-06-09 20:34:51,423 - INFO - 🟨 Janela de edição de OS detectada
2026-06-09 20:35:12,793 - INFO - 🟨 Janela de edição de habilidade da turma detectada
2026-06-09 20:36:31,101 - INFO - ⌛ Aguardando detecção do campo de caracteristica 'EQUIPE PRÓPRIA OU EPS' ...
2026-06-09 20:36:50,471 - INFO - 🟨 campo de caracteristica 'EQUIPE PRÓPRIA OU EPS detectado
2026-06-09 20:37:12,259 - INFO - ⌛ Aguardando confirmação 4 - editar OS...
2026-06-09 20:37:27,697 - INFO - ⌛ Aguardando confirmação 4 - editar OS...
2026-06-09 20:37:43,182 - INFO - ⌛ Aguardando confirmação 4 - editar OS...
2026-06-09 20:37:58,666 - INFO - 🟨 Janela de confirmação 4 de edição de OS detectada
2026-06-09 20:38:02,768 - INFO - 
=== rotina programar_os ===
2026-06-09 20:38:29,300 - INFO - ⌛ Aguardando janela de confirmação de programação de OS...
2026-06-09 20:38:54,744 - INFO - 🟨 Janela de confirmação de programação de OS detectada
2026-06-09 20:39:08,017 - INFO - 🟨 Janela de aviso de edição de OS programadas detectada
2026-06-09 20:39:15,236 - INFO - ⌛ aguardando janela de programação de lote de OS...
2026-06-09 20:39:40,799 - INFO - 🟨 Janela de aviso de substituição de lote de OS detectada
2026-06-09 20:40:00,902 - INFO - ⌛ aguardando janela de programação de lote de OS...
2026-06-09 20:40:26,422 - INFO - 🟨 Janela de programação de lote de OS detectada
2026-06-09 20:41:15,926 - INFO - 🟨 Janela de confirmação de programação de lote de OS detectada
2026-06-09 20:41:20,147 - INFO - ⌛ aguardando confirmação final de programação do lote
2026-06-09 20:41:45,603 - INFO - 🟨 programação do lote 30 efetuado com sucesso
2026-06-09 20:41:55,708 - INFO - 
=== Iniciando lote 31/32 [LM] ===
2026-06-09 20:41:55,709 - INFO - 
=== abrir_janela_selecao ===
2026-06-09 20:42:02,017 - INFO - 
=== rotina abrir_selecao_colar_os ===
2026-06-09 20:42:02,062 - INFO - Janela de seleção aberta
2026-06-09 20:42:06,294 - INFO - DEBUG: idx=30, inicio=750, fim=775
2026-06-09 20:42:06,294 - INFO - ✅ 25 OS copiadas para a área de transferência.
2026-06-09 20:42:06,294 - INFO - 📋 Lote 31 copiado.
2026-06-09 20:42:14,616 - INFO - ⌛ Esperando mudança visual...
2026-06-09 20:42:15,632 - INFO - ⌛ Esperando mudança visual...
2026-06-09 20:42:16,648 - INFO - ⌛ Esperando mudança visual...
2026-06-09 20:42:17,664 - INFO - ⌛ Esperando mudança visual...
2026-06-09 20:42:18,680 - INFO - ⌛ Esperando mudança visual...
2026-06-09 20:42:19,695 - INFO - ⌛ Esperando mudança visual...
2026-06-09 20:42:20,710 - INFO - ⌛ Esperando mudança visual...
2026-06-09 20:42:21,726 - INFO - ⌛ Esperando mudança visual...
2026-06-09 20:42:22,742 - INFO - ⌛ Esperando mudança visual...
2026-06-09 20:42:23,757 - INFO - ✅ Tela carregada!
2026-06-09 20:42:27,759 - INFO - 
=== rotina desbloquear_os ===
2026-06-09 20:42:54,241 - INFO - ⌛ Aguardando janela de confirmação de desbloqueio...
2026-06-09 20:43:09,661 - INFO - 🟨 Registros desbloqueados com sucesso
2026-06-09 20:43:13,779 - INFO - 
=== rotina editar_os ===
2026-06-09 20:43:23,208 - INFO - ⌛ Aguardando janela de edição de OS...
2026-06-09 20:43:38,638 - INFO - 🟨 Janela de edição de OS detectada
2026-06-09 20:44:00,004 - INFO - 🟨 Janela de edição de habilidade da turma detectada
2026-06-09 20:45:18,310 - INFO - ⌛ Aguardando detecção do campo de caracteristica 'EQUIPE PRÓPRIA OU EPS' ...
2026-06-09 20:45:37,664 - INFO - 🟨 campo de caracteristica 'EQUIPE PRÓPRIA OU EPS detectado
2026-06-09 20:45:59,458 - INFO - ⌛ Aguardando confirmação 4 - editar OS...
2026-06-09 20:46:14,947 - INFO - ⌛ Aguardando confirmação 4 - editar OS...
2026-06-09 20:46:30,444 - INFO - ⌛ Aguardando confirmação 4 - editar OS...
2026-06-09 20:46:45,936 - INFO - 🟨 Janela de confirmação 4 de edição de OS detectada
2026-06-09 20:46:50,048 - INFO - 
=== rotina programar_os ===
2026-06-09 20:47:16,582 - INFO - ⌛ Aguardando janela de confirmação de programação de OS...
2026-06-09 20:47:42,056 - INFO - 🟨 Janela de confirmação de programação de OS detectada
2026-06-09 20:47:55,314 - INFO - ⌛ aguardando janela de programação de lote de OS...
2026-06-09 20:48:20,854 - INFO - 🟨 Janela de programação de lote de OS detectada
2026-06-09 20:49:10,345 - INFO - 🟨 Janela de confirmação de programação de lote de OS detectada
2026-06-09 20:49:14,559 - INFO - ⌛ aguardando confirmação final de programação do lote
2026-06-09 20:49:40,020 - INFO - 🟨 programação do lote 31 efetuado com sucesso
2026-06-09 20:49:50,126 - INFO - 
=== Iniciando lote 32/32 [LM] ===
2026-06-09 20:49:50,126 - INFO - 
=== abrir_janela_selecao ===
2026-06-09 20:49:56,433 - INFO - 
=== rotina abrir_selecao_colar_os ===
2026-06-09 20:49:56,490 - INFO - Janela de seleção aberta
2026-06-09 20:50:00,718 - INFO - DEBUG: idx=31, inicio=775, fim=800
2026-06-09 20:50:00,718 - INFO - ✅ 12 OS copiadas para a área de transferência.
2026-06-09 20:50:00,718 - INFO - 📋 Lote 32 copiado.
2026-06-09 20:50:09,048 - INFO - ⌛ Esperando mudança visual...
2026-06-09 20:50:10,061 - INFO - ⌛ Esperando mudança visual...
2026-06-09 20:50:11,077 - INFO - ⌛ Esperando mudança visual...
2026-06-09 20:50:12,093 - INFO - ⌛ Esperando mudança visual...
2026-06-09 20:50:13,109 - INFO - ⌛ Esperando mudança visual...
2026-06-09 20:50:14,124 - INFO - ⌛ Esperando mudança visual...
2026-06-09 20:50:15,139 - INFO - ⌛ Esperando mudança visual...
2026-06-09 20:50:16,155 - INFO - ⌛ Esperando mudança visual...
2026-06-09 20:50:17,170 - INFO - ⌛ Esperando mudança visual...
2026-06-09 20:50:18,188 - INFO - ✅ Tela carregada!
2026-06-09 20:50:22,190 - INFO - 
=== rotina desbloquear_os ===
2026-06-09 20:50:48,655 - INFO - ⌛ Aguardando janela de confirmação de desbloqueio...
2026-06-09 20:51:04,053 - INFO - 🟨 Registros desbloqueados com sucesso
2026-06-09 20:51:08,157 - INFO - 
=== rotina editar_os ===
2026-06-09 20:51:17,566 - INFO - 🟨 OS programadas detectadas
2026-06-09 20:51:20,678 - INFO - ⌛ Aguardando janela de edição de OS...
2026-06-09 20:51:36,173 - INFO - 🟨 Janela de edição de OS detectada
2026-06-09 20:51:57,528 - INFO - 🟨 Janela de edição de habilidade da turma detectada
2026-06-09 20:53:15,835 - INFO - ⌛ Aguardando detecção do campo de caracteristica 'EQUIPE PRÓPRIA OU EPS' ...
2026-06-09 20:53:35,201 - INFO - 🟨 campo de caracteristica 'EQUIPE PRÓPRIA OU EPS detectado
2026-06-09 20:53:56,956 - INFO - ⌛ Aguardando confirmação 4 - editar OS...
2026-06-09 20:54:12,397 - INFO - 🟨 Janela de confirmação 4 de edição de OS detectada
2026-06-09 20:54:16,500 - INFO - 
=== rotina programar_os ===
2026-06-09 20:54:43,030 - INFO - ⌛ Aguardando janela de confirmação de programação de OS...
2026-06-09 20:55:08,497 - INFO - 🟨 Janela de confirmação de programação de OS detectada
2026-06-09 20:55:21,756 - INFO - 🟨 Janela de aviso de edição de OS programadas detectada
2026-06-09 20:55:28,967 - INFO - ⌛ aguardando janela de programação de lote de OS...
2026-06-09 20:55:54,498 - INFO - 🟨 Janela de aviso de substituição de lote de OS detectada
2026-06-09 20:56:14,601 - INFO - ⌛ aguardando janela de programação de lote de OS...
2026-06-09 20:56:40,125 - INFO - 🟨 Janela de programação de lote de OS detectada
2026-06-09 20:57:29,651 - INFO - 🟨 Janela de confirmação de programação de lote de OS detectada
2026-06-09 20:57:33,881 - INFO - ⌛ aguardando confirmação final de programação do lote
2026-06-09 20:57:59,341 - INFO - 🟨 programação do lote 32 efetuado com sucesso
2026-06-09 20:58:09,446 - INFO - 
=== Iniciando lote 1/574 [REDES] ===
2026-06-09 20:58:09,446 - INFO - 
=== abrir_janela_selecao ===
2026-06-09 20:58:15,771 - INFO - 
=== rotina abrir_selecao_colar_os ===
2026-06-09 20:58:15,826 - INFO - Janela de seleção aberta
2026-06-09 20:58:20,041 - INFO - DEBUG: idx=0, inicio=0, fim=25
2026-06-09 20:58:20,041 - INFO - ✅ 25 OS copiadas para a área de transferência.
2026-06-09 20:58:20,041 - INFO - 📋 Lote 1 copiado.
2026-06-09 20:58:28,369 - INFO - ⌛ Esperando mudança visual...
2026-06-09 20:58:29,385 - INFO - ⌛ Esperando mudança visual...
2026-06-09 20:58:30,397 - INFO - ⌛ Esperando mudança visual...
2026-06-09 20:58:31,415 - INFO - ⌛ Esperando mudança visual...
2026-06-09 20:58:32,432 - INFO - ⌛ Esperando mudança visual...
2026-06-09 20:58:33,445 - INFO - ⌛ Esperando mudança visual...
2026-06-09 20:58:34,459 - INFO - ⌛ Esperando mudança visual...
2026-06-09 20:58:35,477 - INFO - ⌛ Esperando mudança visual...
2026-06-09 20:58:36,493 - INFO - ⌛ Esperando mudança visual...
2026-06-09 20:58:37,508 - INFO - ✅ Tela carregada!
2026-06-09 20:58:41,510 - INFO - 
=== rotina desbloquear_os ===
2026-06-09 20:59:07,985 - INFO - ⌛ Aguardando janela de confirmação de desbloqueio...
2026-06-09 20:59:23,431 - INFO - 🟨 Registros desbloqueados com sucesso
2026-06-09 20:59:27,534 - INFO - 
=== rotina editar_os ===
2026-06-09 20:59:36,946 - INFO - ⌛ Aguardando janela de edição de OS...
2026-06-09 20:59:52,437 - INFO - 🟨 OS programadas detectadas
2026-06-09 20:59:55,540 - INFO - ⌛ Aguardando janela de edição de OS...
2026-06-09 21:00:10,979 - INFO - 🟨 Janela de edição de OS detectada
2026-06-09 21:00:32,343 - INFO - 🟨 Janela de edição de habilidade da turma detectada
2026-06-09 21:01:50,649 - INFO - ⌛ Aguardando detecção do campo de caracteristica 'EQUIPE PRÓPRIA OU EPS' ...
2026-06-09 21:02:10,027 - INFO - 🟨 campo de caracteristica 'EQUIPE PRÓPRIA OU EPS detectado
2026-06-09 21:02:31,824 - INFO - ⌛ Aguardando confirmação 4 - editar OS...
2026-06-09 21:02:47,293 - INFO - ⌛ Aguardando confirmação 4 - editar OS...
2026-06-09 21:03:02,794 - INFO - ⌛ Aguardando confirmação 4 - editar OS...
2026-06-09 21:03:18,301 - INFO - 🟨 Janela de confirmação 4 de edição de OS detectada
2026-06-09 21:03:22,404 - INFO - 
=== rotina programar_os ===
2026-06-09 21:03:48,934 - INFO - ⌛ Aguardando janela de confirmação de programação de OS...
2026-06-09 21:04:14,407 - INFO - 🟨 Janela de confirmação de programação de OS detectada
2026-06-09 21:04:27,747 - INFO - 🟨 Janela de aviso de edição de OS programadas detectada
2026-06-09 21:04:34,973 - INFO - ⌛ aguardando janela de programação de lote de OS...
2026-06-09 21:05:00,513 - INFO - 🟨 Janela de aviso de substituição de lote de OS detectada
2026-06-09 21:05:20,615 - INFO - ⌛ aguardando janela de programação de lote de OS...
2026-06-09 21:05:46,127 - INFO - 🟨 Janela de programação de lote de OS detectada
2026-06-09 21:06:35,623 - INFO - 🟨 Janela de confirmação de programação de lote de OS detectada
2026-06-09 21:06:39,841 - INFO - ⌛ aguardando confirmação final de programação do lote
2026-06-09 21:07:05,296 - INFO - 🟨 programação do lote 1 efetuado com sucesso
2026-06-09 21:07:15,400 - INFO - 
=== Iniciando lote 2/574 [REDES] ===
2026-06-09 21:07:15,400 - INFO - 
=== abrir_janela_selecao ===
2026-06-09 21:07:21,708 - INFO - 
=== rotina abrir_selecao_colar_os ===
2026-06-09 21:07:21,755 - INFO - Janela de seleção aberta
2026-06-09 21:07:25,985 - INFO - DEBUG: idx=1, inicio=25, fim=50
2026-06-09 21:07:25,985 - INFO - ✅ 25 OS copiadas para a área de transferência.
2026-06-09 21:07:25,985 - INFO - 📋 Lote 2 copiado.
2026-06-09 21:07:34,312 - INFO - ⌛ Esperando mudança visual...
2026-06-09 21:07:35,328 - INFO - ⌛ Esperando mudança visual...
2026-06-09 21:07:36,340 - INFO - ⌛ Esperando mudança visual...
2026-06-09 21:07:37,360 - INFO - ⌛ Esperando mudança visual...
2026-06-09 21:07:38,375 - INFO - ⌛ Esperando mudança visual...
2026-06-09 21:07:39,388 - INFO - ⌛ Esperando mudança visual...
2026-06-09 21:07:40,401 - INFO - ⌛ Esperando mudança visual...
2026-06-09 21:07:41,422 - INFO - ⌛ Esperando mudança visual...
2026-06-09 21:07:42,438 - INFO - ⌛ Esperando mudança visual...
2026-06-09 21:07:43,450 - INFO - ⌛ Esperando mudança visual...
2026-06-09 21:07:44,469 - INFO - ⌛ Esperando mudança visual...
2026-06-09 21:07:45,482 - INFO - ⌛ Esperando mudança visual...
2026-06-09 21:07:46,497 - INFO - ⌛ Esperando mudança visual...
2026-06-09 21:07:47,516 - INFO - ✅ Tela carregada!
2026-06-09 21:07:51,518 - INFO - 
=== rotina desbloquear_os ===
2026-06-09 21:08:17,991 - INFO - ⌛ Aguardando janela de confirmação de desbloqueio...
2026-06-09 21:08:33,434 - INFO - ⌛ Aguardando janela de confirmação de desbloqueio...
2026-06-09 21:08:48,834 - INFO - 🟨 Registros desbloqueados com sucesso
2026-06-09 21:08:52,937 - INFO - 
=== rotina editar_os ===
2026-06-09 21:09:02,361 - INFO - ⌛ Aguardando janela de edição de OS...
2026-06-09 21:09:17,782 - INFO - 🟨 OS programadas detectadas
2026-06-09 21:09:20,887 - INFO - ⌛ Aguardando janela de edição de OS...
2026-06-09 21:09:36,314 - INFO - 🟨 Janela de edição de OS detectada
2026-06-09 21:09:57,679 - INFO - 🟨 Janela de edição de habilidade da turma detectada
2026-06-09 21:11:15,981 - INFO - ⌛ Aguardando detecção do campo de caracteristica 'EQUIPE PRÓPRIA OU EPS' ...
2026-06-09 21:11:35,329 - INFO - 🟨 campo de caracteristica 'EQUIPE PRÓPRIA OU EPS detectado
2026-06-09 21:11:57,092 - INFO - ⌛ Aguardando confirmação 4 - editar OS...
2026-06-09 21:12:12,527 - INFO - ⌛ Aguardando confirmação 4 - editar OS...
2026-06-09 21:12:12,635 - INFO - 🟨 Identificado travamento no EQM, reiniciando contador de espera
2026-06-09 21:12:27,987 - INFO - ⌛ Aguardando confirmação 4 - editar OS...
2026-06-09 21:12:43,486 - INFO - 🟨 Janela de confirmação 4 de edição de OS detectada
2026-06-09 21:12:47,600 - INFO - 
=== rotina programar_os ===
2026-06-09 21:13:14,159 - INFO - ⌛ Aguardando janela de confirmação de programação de OS...
2026-06-09 21:13:39,621 - INFO - 🟨 Janela de confirmação de programação de OS detectada
2026-06-09 21:13:52,934 - INFO - 🟨 Janela de aviso de edição de OS programadas detectada
2026-06-09 21:14:00,139 - INFO - ⌛ aguardando janela de programação de lote de OS...
2026-06-09 21:14:25,685 - INFO - 🟨 Janela de aviso de substituição de lote de OS detectada
2026-06-09 21:14:45,789 - INFO - ⌛ aguardando janela de programação de lote de OS...
2026-06-09 21:15:11,273 - INFO - 🟨 Janela de programação de lote de OS detectada
2026-06-09 21:16:00,784 - INFO - 🟨 Janela de confirmação de programação de lote de OS detectada
2026-06-09 21:16:04,988 - INFO - ⌛ aguardando confirmação final de programação do lote
2026-06-09 21:16:30,469 - INFO - 🟨 programação do lote 2 efetuado com sucesso
2026-06-09 21:16:40,576 - INFO - 
=== Iniciando lote 3/574 [REDES] ===
2026-06-09 21:16:40,577 - INFO - 
=== abrir_janela_selecao ===
2026-06-09 21:16:46,892 - INFO - 
=== rotina abrir_selecao_colar_os ===
2026-06-09 21:16:46,937 - INFO - Janela de seleção aberta
2026-06-09 21:16:51,164 - INFO - DEBUG: idx=2, inicio=50, fim=75
2026-06-09 21:16:51,165 - INFO - ✅ 25 OS copiadas para a área de transferência.
2026-06-09 21:16:51,165 - INFO - 📋 Lote 3 copiado.
2026-06-09 21:16:59,502 - INFO - ⌛ Esperando mudança visual...
2026-06-09 21:17:00,517 - INFO - ⌛ Esperando mudança visual...
2026-06-09 21:17:01,533 - INFO - ⌛ Esperando mudança visual...
2026-06-09 21:17:02,547 - INFO - ⌛ Esperando mudança visual...
2026-06-09 21:17:03,565 - INFO - ⌛ Esperando mudança visual...
2026-06-09 21:17:04,580 - INFO - ⌛ Esperando mudança visual...
2026-06-09 21:17:05,594 - INFO - ⌛ Esperando mudança visual...
2026-06-09 21:17:06,611 - INFO - ⌛ Esperando mudança visual...
2026-06-09 21:17:07,626 - INFO - ⌛ Esperando mudança visual...
2026-06-09 21:17:08,641 - INFO - ⌛ Esperando mudança visual...
2026-06-09 21:17:09,658 - INFO - ⌛ Esperando mudança visual...
2026-06-09 21:17:10,674 - INFO - ⌛ Esperando mudança visual...
2026-06-09 21:17:11,686 - INFO - ✅ Tela carregada!
2026-06-09 21:17:15,692 - INFO - 
=== rotina desbloquear_os ===
2026-06-09 21:17:42,159 - INFO - ⌛ Aguardando janela de confirmação de desbloqueio...
2026-06-09 21:17:57,542 - INFO - ⌛ Aguardando janela de confirmação de desbloqueio...
2026-06-09 21:18:12,946 - INFO - 🟨 Registros desbloqueados com sucesso
2026-06-09 21:18:17,053 - INFO - 
=== rotina editar_os ===
2026-06-09 21:18:26,447 - INFO - ⌛ Aguardando janela de edição de OS...
2026-06-09 21:18:41,876 - INFO - 🟨 OS programadas detectadas
2026-06-09 21:18:44,981 - INFO - ⌛ Aguardando janela de edição de OS...
2026-06-09 21:19:00,425 - INFO - 🟨 Janela de edição de OS detectada
2026-06-09 21:19:21,789 - INFO - 🟨 Janela de edição de habilidade da turma detectada
2026-06-09 21:20:40,115 - INFO - ⌛ Aguardando detecção do campo de caracteristica 'EQUIPE PRÓPRIA OU EPS' ...
2026-06-09 21:20:59,476 - INFO - 🟨 campo de caracteristica 'EQUIPE PRÓPRIA OU EPS detectado
2026-06-09 21:21:21,274 - INFO - ⌛ Aguardando confirmação 4 - editar OS...
2026-06-09 21:21:36,748 - INFO - ⌛ Aguardando confirmação 4 - editar OS...
2026-06-09 21:21:36,882 - INFO - 🟨 Identificado travamento no EQM, reiniciando contador de espera
2026-06-09 21:21:52,226 - INFO - ⌛ Aguardando confirmação 4 - editar OS...
2026-06-09 21:22:07,730 - INFO - 🟨 Janela de confirmação 4 de edição de OS detectada
2026-06-09 21:22:11,833 - INFO - 
=== rotina programar_os ===
2026-06-09 21:22:38,381 - INFO - ⌛ Aguardando janela de confirmação de programação de OS...
2026-06-09 21:23:03,858 - INFO - 🟨 Janela de confirmação de programação de OS detectada
2026-06-09 21:23:17,140 - INFO - 🟨 Janela de aviso de edição de OS programadas detectada
2026-06-09 21:23:24,359 - INFO - ⌛ aguardando janela de programação de lote de OS...
2026-06-09 21:23:49,879 - INFO - 🟨 Janela de aviso de substituição de lote de OS detectada
2026-06-09 21:24:09,981 - INFO - ⌛ aguardando janela de programação de lote de OS...
2026-06-09 21:24:35,524 - INFO - 🟨 Janela de programação de lote de OS detectada
2026-06-09 21:25:25,053 - INFO - 🟨 Janela de confirmação de programação de lote de OS detectada
2026-06-09 21:25:29,279 - INFO - ⌛ aguardando confirmação final de programação do lote
2026-06-09 21:25:54,769 - INFO - 🟨 programação do lote 3 efetuado com sucesso
2026-06-09 21:26:04,873 - INFO - 
=== Iniciando lote 4/574 [REDES] ===
2026-06-09 21:26:04,873 - INFO - 
=== abrir_janela_selecao ===
2026-06-09 21:26:11,181 - INFO - 
=== rotina abrir_selecao_colar_os ===
2026-06-09 21:26:11,234 - INFO - Janela de seleção aberta
2026-06-09 21:26:15,450 - INFO - DEBUG: idx=3, inicio=75, fim=100
2026-06-09 21:26:15,450 - INFO - ✅ 25 OS copiadas para a área de transferência.
2026-06-09 21:26:15,450 - INFO - 📋 Lote 4 copiado.
2026-06-09 21:26:23,775 - INFO - ⌛ Esperando mudança visual...
2026-06-09 21:26:24,793 - INFO - ⌛ Esperando mudança visual...
2026-06-09 21:26:25,811 - INFO - ⌛ Esperando mudança visual...
2026-06-09 21:26:26,826 - INFO - ⌛ Esperando mudança visual...
2026-06-09 21:26:27,838 - INFO - ⌛ Esperando mudança visual...
2026-06-09 21:26:28,856 - INFO - ⌛ Esperando mudança visual...
2026-06-09 21:26:29,874 - INFO - ⌛ Esperando mudança visual...
2026-06-09 21:26:30,888 - INFO - ⌛ Esperando mudança visual...
2026-06-09 21:26:31,902 - INFO - ⌛ Esperando mudança visual...
2026-06-09 21:26:32,920 - INFO - ⌛ Esperando mudança visual...
2026-06-09 21:26:33,935 - INFO - ⌛ Esperando mudança visual...
2026-06-09 21:26:34,951 - INFO - ⌛ Esperando mudança visual...
2026-06-09 21:26:35,966 - INFO - ⌛ Esperando mudança visual...
2026-06-09 21:26:36,979 - INFO - ✅ Tela carregada!
2026-06-09 21:26:40,987 - INFO - 
=== rotina desbloquear_os ===
2026-06-09 21:27:07,481 - INFO - ⌛ Aguardando janela de confirmação de desbloqueio...
2026-06-09 21:27:22,973 - INFO - ⌛ Aguardando janela de confirmação de desbloqueio...
2026-06-09 21:27:38,410 - INFO - 🟨 Registros desbloqueados com sucesso
2026-06-09 21:27:42,515 - INFO - 
=== rotina editar_os ===
2026-06-09 21:27:51,938 - INFO - ⌛ Aguardando janela de edição de OS...
2026-06-09 21:28:07,395 - INFO - 🟨 OS programadas detectadas
2026-06-09 21:28:10,505 - INFO - ⌛ Aguardando janela de edição de OS...
2026-06-09 21:28:25,954 - INFO - 🟨 Janela de edição de OS detectada
2026-06-09 21:28:47,308 - INFO - 🟨 Janela de edição de habilidade da turma detectada
2026-06-09 21:30:05,616 - INFO - ⌛ Aguardando detecção do campo de caracteristica 'EQUIPE PRÓPRIA OU EPS' ...
2026-06-09 21:30:24,964 - INFO - 🟨 campo de caracteristica 'EQUIPE PRÓPRIA OU EPS detectado
2026-06-09 21:30:46,737 - INFO - ⌛ Aguardando confirmação 4 - editar OS...
2026-06-09 21:31:02,182 - INFO - ⌛ Aguardando confirmação 4 - editar OS...
2026-06-09 21:31:02,284 - INFO - 🟨 Identificado travamento no EQM, reiniciando contador de espera
2026-06-09 21:31:17,617 - INFO - ⌛ Aguardando confirmação 4 - editar OS...
2026-06-09 21:31:33,087 - INFO - 🟨 Janela de confirmação 4 de edição de OS detectada
2026-06-09 21:31:37,200 - INFO - 
=== rotina programar_os ===
2026-06-09 21:32:03,716 - INFO - ⌛ Aguardando janela de confirmação de programação de OS...
2026-06-09 21:32:29,154 - INFO - 🟨 Janela de confirmação de programação de OS detectada
2026-06-09 21:32:42,411 - INFO - 🟨 Janela de aviso de edição de OS programadas detectada
2026-06-09 21:32:49,616 - INFO - ⌛ aguardando janela de programação de lote de OS...
2026-06-09 21:33:15,129 - INFO - 🟨 Janela de aviso de substituição de lote de OS detectada
2026-06-09 21:33:35,232 - INFO - ⌛ aguardando janela de programação de lote de OS...
2026-06-09 21:34:00,721 - INFO - 🟨 Janela de programação de lote de OS detectada
2026-06-09 21:34:50,218 - INFO - 🟨 Janela de confirmação de programação de lote de OS detectada
2026-06-09 21:34:54,431 - INFO - ⌛ aguardando confirmação final de programação do lote
2026-06-09 21:35:19,887 - INFO - 🟨 programação do lote 4 efetuado com sucesso
2026-06-09 21:35:29,996 - INFO - 
=== Iniciando lote 5/574 [REDES] ===
2026-06-09 21:35:29,996 - INFO - 
=== abrir_janela_selecao ===
2026-06-09 21:35:36,305 - INFO - 
=== rotina abrir_selecao_colar_os ===
2026-06-09 21:35:36,358 - INFO - Janela de seleção aberta
2026-06-09 21:35:40,579 - INFO - DEBUG: idx=4, inicio=100, fim=125
2026-06-09 21:35:40,579 - INFO - ✅ 25 OS copiadas para a área de transferência.
2026-06-09 21:35:40,579 - INFO - 📋 Lote 5 copiado.
2026-06-09 21:35:48,906 - INFO - ⌛ Esperando mudança visual...
2026-06-09 21:35:49,920 - INFO - ⌛ Esperando mudança visual...
2026-06-09 21:35:50,932 - INFO - ⌛ Esperando mudança visual...
2026-06-09 21:35:51,952 - INFO - ⌛ Esperando mudança visual...
2026-06-09 21:35:52,968 - INFO - ⌛ Esperando mudança visual...
2026-06-09 21:35:53,980 - INFO - ⌛ Esperando mudança visual...
2026-06-09 21:35:54,999 - INFO - ⌛ Esperando mudança visual...
2026-06-09 21:35:56,015 - INFO - ⌛ Esperando mudança visual...
2026-06-09 21:35:57,026 - INFO - ⌛ Esperando mudança visual...
2026-06-09 21:35:58,046 - INFO - ⌛ Esperando mudança visual...
2026-06-09 21:35:59,062 - INFO - ⌛ Esperando mudança visual...
2026-06-09 21:36:00,073 - INFO - ⌛ Esperando mudança visual...
2026-06-09 21:36:01,090 - INFO - ⌛ Esperando mudança visual...
2026-06-09 21:36:02,108 - INFO - ✅ Tela carregada!
2026-06-09 21:36:06,110 - INFO - 
=== rotina desbloquear_os ===
2026-06-09 21:36:32,597 - INFO - ⌛ Aguardando janela de confirmação de desbloqueio...
2026-06-09 21:36:48,026 - INFO - ⌛ Aguardando janela de confirmação de desbloqueio...
2026-06-09 21:37:03,511 - INFO - 🟨 Registros desbloqueados com sucesso
2026-06-09 21:37:07,621 - INFO - 
=== rotina editar_os ===
2026-06-09 21:37:17,030 - INFO - ⌛ Aguardando janela de edição de OS...
2026-06-09 21:37:32,482 - INFO - 🟨 OS programadas detectadas
2026-06-09 21:37:35,601 - INFO - ⌛ Aguardando janela de edição de OS...
2026-06-09 21:37:51,064 - INFO - 🟨 Janela de edição de OS detectada
2026-06-09 21:38:12,422 - INFO - 🟨 Janela de edição de habilidade da turma detectada
2026-06-09 21:39:30,728 - INFO - ⌛ Aguardando detecção do campo de caracteristica 'EQUIPE PRÓPRIA OU EPS' ...
2026-06-09 21:39:50,093 - INFO - 🟨 campo de caracteristica 'EQUIPE PRÓPRIA OU EPS detectado
2026-06-09 21:40:11,907 - INFO - ⌛ Aguardando confirmação 4 - editar OS...
2026-06-09 21:40:27,420 - INFO - ⌛ Aguardando confirmação 4 - editar OS...
2026-06-09 21:40:27,526 - INFO - 🟨 Identificado travamento no EQM, reiniciando contador de espera
2026-06-09 21:40:42,858 - INFO - ⌛ Aguardando confirmação 4 - editar OS...
2026-06-09 21:40:58,278 - INFO - 🟨 Janela de confirmação 4 de edição de OS detectada
2026-06-09 21:41:02,392 - INFO - 
=== rotina programar_os ===
2026-06-09 21:41:28,910 - INFO - ⌛ Aguardando janela de confirmação de programação de OS...
2026-06-09 21:41:54,351 - INFO - 🟨 Janela de confirmação de programação de OS detectada
2026-06-09 21:42:07,657 - INFO - 🟨 Janela de aviso de edição de OS programadas detectada
2026-06-09 21:42:14,878 - INFO - ⌛ aguardando janela de programação de lote de OS...
2026-06-09 21:42:40,413 - INFO - 🟨 Janela de aviso de substituição de lote de OS detectada
2026-06-09 21:43:00,517 - INFO - ⌛ aguardando janela de programação de lote de OS...
2026-06-09 21:43:26,056 - INFO - 🟨 Janela de programação de lote de OS detectada
2026-06-09 21:44:15,576 - INFO - 🟨 Janela de confirmação de programação de lote de OS detectada
2026-06-09 21:44:19,781 - INFO - ⌛ aguardando confirmação final de programação do lote
2026-06-09 21:44:45,272 - INFO - 🟨 programação do lote 5 efetuado com sucesso
2026-06-09 21:44:55,381 - INFO - 
=== Iniciando lote 6/574 [REDES] ===
2026-06-09 21:44:55,381 - INFO - 
=== abrir_janela_selecao ===
2026-06-09 21:45:01,702 - INFO - 
=== rotina abrir_selecao_colar_os ===
2026-06-09 21:45:01,750 - INFO - Janela de seleção aberta
2026-06-09 21:45:05,969 - INFO - DEBUG: idx=5, inicio=125, fim=150
2026-06-09 21:45:05,969 - INFO - ✅ 25 OS copiadas para a área de transferência.
2026-06-09 21:45:05,969 - INFO - 📋 Lote 6 copiado.
2026-06-09 21:45:14,297 - INFO - ⌛ Esperando mudança visual...
2026-06-09 21:45:15,309 - INFO - ⌛ Esperando mudança visual...
2026-06-09 21:45:16,325 - INFO - ⌛ Esperando mudança visual...
2026-06-09 21:45:17,343 - INFO - ⌛ Esperando mudança visual...
2026-06-09 21:45:18,361 - INFO - ⌛ Esperando mudança visual...
2026-06-09 21:45:19,375 - INFO - ⌛ Esperando mudança visual...
2026-06-09 21:45:20,390 - INFO - ⌛ Esperando mudança visual...
2026-06-09 21:45:21,405 - INFO - ⌛ Esperando mudança visual...
2026-06-09 21:45:22,421 - INFO - ⌛ Esperando mudança visual...
2026-06-09 21:45:23,434 - INFO - ⌛ Esperando mudança visual...
2026-06-09 21:45:24,453 - INFO - ✅ Tela carregada!
2026-06-09 21:45:28,455 - INFO - 
=== rotina desbloquear_os ===
2026-06-09 21:45:54,924 - INFO - ⌛ Aguardando janela de confirmação de desbloqueio...
2026-06-09 21:46:10,341 - INFO - 🟨 Registros desbloqueados com sucesso
2026-06-09 21:46:14,444 - INFO - 
=== rotina editar_os ===
2026-06-09 21:46:23,856 - INFO - ⌛ Aguardando janela de edição de OS...
2026-06-09 21:46:39,308 - INFO - 🟨 OS programadas detectadas
2026-06-09 21:46:42,412 - INFO - ⌛ Aguardando janela de edição de OS...
2026-06-09 21:46:57,880 - INFO - 🟨 Janela de edição de OS detectada
2026-06-09 21:47:19,249 - INFO - 🟨 Janela de edição de habilidade da turma detectada
2026-06-09 21:48:37,555 - INFO - ⌛ Aguardando detecção do campo de caracteristica 'EQUIPE PRÓPRIA OU EPS' ...
2026-06-09 21:48:56,921 - INFO - 🟨 campo de caracteristica 'EQUIPE PRÓPRIA OU EPS detectado
2026-06-09 21:49:18,717 - INFO - ⌛ Aguardando confirmação 4 - editar OS...
2026-06-09 21:49:34,171 - INFO - ⌛ Aguardando confirmação 4 - editar OS...
2026-06-09 21:49:49,698 - INFO - ⌛ Aguardando confirmação 4 - editar OS...
2026-06-09 21:50:05,195 - INFO - 🟨 Janela de confirmação 4 de edição de OS detectada
2026-06-09 21:50:09,298 - INFO - 
=== rotina programar_os ===
2026-06-09 21:50:35,826 - INFO - ⌛ Aguardando janela de confirmação de programação de OS...
2026-06-09 21:51:01,268 - INFO - 🟨 Janela de confirmação de programação de OS detectada
2026-06-09 21:51:14,527 - INFO - 🟨 Janela de aviso de edição de OS programadas detectada
2026-06-09 21:51:21,741 - INFO - ⌛ aguardando janela de programação de lote de OS...
2026-06-09 21:51:47,271 - INFO - 🟨 Janela de aviso de substituição de lote de OS detectada
2026-06-09 21:52:07,374 - INFO - ⌛ aguardando janela de programação de lote de OS...
2026-06-09 21:52:32,996 - INFO - 🟨 Janela de programação de lote de OS detectada
2026-06-09 21:53:22,528 - INFO - 🟨 Janela de confirmação de programação de lote de OS detectada
2026-06-09 21:53:26,775 - INFO - ⌛ aguardando confirmação final de programação do lote
2026-06-09 21:53:52,298 - INFO - 🟨 programação do lote 6 efetuado com sucesso
2026-06-09 21:54:02,402 - INFO - 
=== Iniciando lote 7/574 [REDES] ===
2026-06-09 21:54:02,402 - INFO - 
=== abrir_janela_selecao ===
2026-06-09 21:54:08,709 - INFO - 
=== rotina abrir_selecao_colar_os ===
2026-06-09 21:54:08,760 - INFO - Janela de seleção aberta
2026-06-09 21:54:12,979 - INFO - DEBUG: idx=6, inicio=150, fim=175
2026-06-09 21:54:12,979 - INFO - ✅ 25 OS copiadas para a área de transferência.
2026-06-09 21:54:12,979 - INFO - 📋 Lote 7 copiado.
2026-06-09 21:54:21,304 - INFO - ⌛ Esperando mudança visual...
2026-06-09 21:54:22,320 - INFO - ⌛ Esperando mudança visual...
2026-06-09 21:54:23,339 - INFO - ⌛ Esperando mudança visual...
2026-06-09 21:54:24,354 - INFO - ⌛ Esperando mudança visual...
2026-06-09 21:54:25,367 - INFO - ⌛ Esperando mudança visual...
2026-06-09 21:54:26,385 - INFO - ⌛ Esperando mudança visual...
2026-06-09 21:54:27,402 - INFO - ⌛ Esperando mudança visual...
2026-06-09 21:54:28,418 - INFO - ⌛ Esperando mudança visual...
2026-06-09 21:54:29,430 - INFO - ⌛ Esperando mudança visual...
2026-06-09 21:54:30,449 - INFO - ✅ Tela carregada!
2026-06-09 21:54:34,450 - INFO - 
=== rotina desbloquear_os ===
2026-06-09 21:55:00,915 - INFO - ⌛ Aguardando janela de confirmação de desbloqueio...
2026-06-09 21:55:16,357 - INFO - ⌛ Aguardando janela de confirmação de desbloqueio...
2026-06-09 21:55:31,786 - INFO - 🟨 Registros desbloqueados com sucesso
2026-06-09 21:55:35,890 - INFO - 
=== rotina editar_os ===
2026-06-09 21:55:45,319 - INFO - ⌛ Aguardando janela de edição de OS...
2026-06-09 21:56:00,757 - INFO - 🟨 OS programadas detectadas
2026-06-09 21:56:03,860 - INFO - ⌛ Aguardando janela de edição de OS...
2026-06-09 21:56:19,294 - INFO - 🟨 Janela de edição de OS detectada
2026-06-09 21:56:40,698 - INFO - 🟨 Janela de edição de habilidade da turma detectada
2026-06-09 21:57:59,006 - INFO - ⌛ Aguardando detecção do campo de caracteristica 'EQUIPE PRÓPRIA OU EPS' ...
2026-06-09 21:58:18,367 - INFO - 🟨 campo de caracteristica 'EQUIPE PRÓPRIA OU EPS detectado
2026-06-09 21:58:40,166 - INFO - ⌛ Aguardando confirmação 4 - editar OS...
2026-06-09 21:58:55,719 - INFO - ⌛ Aguardando confirmação 4 - editar OS...
2026-06-09 21:59:11,298 - INFO - ⌛ Aguardando confirmação 4 - editar OS...
2026-06-09 21:59:26,787 - INFO - 🟨 Janela de confirmação 4 de edição de OS detectada
2026-06-09 21:59:30,889 - INFO - 
=== rotina programar_os ===
2026-06-09 21:59:57,406 - INFO - ⌛ Aguardando janela de confirmação de programação de OS...
2026-06-09 22:00:22,886 - INFO - 🟨 Janela de confirmação de programação de OS detectada
2026-06-09 22:00:36,166 - INFO - 🟨 Janela de aviso de edição de OS programadas detectada
2026-06-09 22:00:43,385 - INFO - ⌛ aguardando janela de programação de lote de OS...
2026-06-09 22:01:08,919 - INFO - 🟨 Janela de aviso de substituição de lote de OS detectada
2026-06-09 22:01:29,026 - INFO - ⌛ aguardando janela de programação de lote de OS...
2026-06-09 22:01:54,558 - INFO - 🟨 Janela de programação de lote de OS detectada
2026-06-09 22:02:44,068 - INFO - 🟨 Janela de confirmação de programação de lote de OS detectada
2026-06-09 22:02:48,272 - INFO - ⌛ aguardando confirmação final de programação do lote
2026-06-09 22:03:13,723 - INFO - 🟨 programação do lote 7 efetuado com sucesso
2026-06-09 22:03:23,830 - INFO - 
=== Iniciando lote 8/574 [REDES] ===
2026-06-09 22:03:23,830 - INFO - 
=== abrir_janela_selecao ===
2026-06-09 22:03:30,138 - INFO - 
=== rotina abrir_selecao_colar_os ===
2026-06-09 22:03:30,190 - INFO - Janela de seleção aberta
2026-06-09 22:03:34,411 - INFO - DEBUG: idx=7, inicio=175, fim=200
2026-06-09 22:03:34,411 - INFO - ✅ 25 OS copiadas para a área de transferência.
2026-06-09 22:03:34,412 - INFO - 📋 Lote 8 copiado.
2026-06-09 22:03:42,737 - INFO - ⌛ Esperando mudança visual...
2026-06-09 22:03:43,752 - INFO - ⌛ Esperando mudança visual...
2026-06-09 22:03:44,766 - INFO - ⌛ Esperando mudança visual...
2026-06-09 22:03:45,784 - INFO - ⌛ Esperando mudança visual...
2026-06-09 22:03:46,801 - INFO - ⌛ Esperando mudança visual...
2026-06-09 22:03:47,813 - INFO - ⌛ Esperando mudança visual...
2026-06-09 22:03:48,833 - INFO - ⌛ Esperando mudança visual...
2026-06-09 22:03:49,848 - INFO - ⌛ Esperando mudança visual...
2026-06-09 22:03:50,865 - INFO - ⌛ Esperando mudança visual...
2026-06-09 22:03:51,876 - INFO - ⌛ Esperando mudança visual...
2026-06-09 22:03:52,895 - INFO - ⌛ Esperando mudança visual...
2026-06-09 22:03:53,912 - INFO - ✅ Tela carregada!
2026-06-09 22:03:57,912 - INFO - 
=== rotina desbloquear_os ===
2026-06-09 22:04:24,377 - INFO - ⌛ Aguardando janela de confirmação de desbloqueio...
2026-06-09 22:04:39,812 - INFO - 🟨 Registros desbloqueados com sucesso
2026-06-09 22:04:43,920 - INFO - 
=== rotina editar_os ===
2026-06-09 22:04:53,346 - INFO - ⌛ Aguardando janela de edição de OS...
2026-06-09 22:05:08,773 - INFO - 🟨 OS programadas detectadas
2026-06-09 22:05:11,885 - INFO - ⌛ Aguardando janela de edição de OS...
2026-06-09 22:05:27,333 - INFO - 🟨 Janela de edição de OS detectada
2026-06-09 22:05:48,683 - INFO - 🟨 Janela de edição de habilidade da turma detectada
2026-06-09 22:07:07,017 - INFO - ⌛ Aguardando detecção do campo de caracteristica 'EQUIPE PRÓPRIA OU EPS' ...
2026-06-09 22:07:26,364 - INFO - 🟨 campo de caracteristica 'EQUIPE PRÓPRIA OU EPS detectado
2026-06-09 22:07:48,162 - INFO - ⌛ Aguardando confirmação 4 - editar OS...
2026-06-09 22:08:03,681 - INFO - ⌛ Aguardando confirmação 4 - editar OS...
2026-06-09 22:08:03,816 - INFO - 🟨 Identificado travamento no EQM, reiniciando contador de espera
2026-06-09 22:08:19,187 - INFO - ⌛ Aguardando confirmação 4 - editar OS...
2026-06-09 22:08:34,682 - INFO - 🟨 Janela de confirmação 4 de edição de OS detectada
2026-06-09 22:08:38,784 - INFO - 
=== rotina programar_os ===
2026-06-09 22:09:05,317 - INFO - ⌛ Aguardando janela de confirmação de programação de OS...
2026-06-09 22:09:30,793 - INFO - 🟨 Janela de confirmação de programação de OS detectada
2026-06-09 22:09:44,068 - INFO - 🟨 Janela de aviso de edição de OS programadas detectada
2026-06-09 22:09:51,283 - INFO - ⌛ aguardando janela de programação de lote de OS...
2026-06-09 22:10:16,837 - INFO - 🟨 Janela de aviso de substituição de lote de OS detectada
2026-06-09 22:10:36,947 - INFO - ⌛ aguardando janela de programação de lote de OS...
2026-06-09 22:11:02,491 - INFO - 🟨 Janela de programação de lote de OS detectada
2026-06-09 22:11:52,020 - INFO - 🟨 Janela de confirmação de programação de lote de OS detectada
2026-06-09 22:11:56,263 - INFO - ⌛ aguardando confirmação final de programação do lote
2026-06-09 22:12:21,753 - INFO - 🟨 programação do lote 8 efetuado com sucesso
2026-06-09 22:12:31,857 - INFO - 
=== Iniciando lote 9/574 [REDES] ===
2026-06-09 22:12:31,858 - INFO - 
=== abrir_janela_selecao ===
2026-06-09 22:12:38,166 - INFO - 
=== rotina abrir_selecao_colar_os ===
2026-06-09 22:12:38,223 - INFO - Janela de seleção aberta
2026-06-09 22:12:42,454 - INFO - DEBUG: idx=8, inicio=200, fim=225
2026-06-09 22:12:42,454 - INFO - ✅ 25 OS copiadas para a área de transferência.
2026-06-09 22:12:42,454 - INFO - 📋 Lote 9 copiado.
2026-06-09 22:12:50,783 - INFO - ⌛ Esperando mudança visual...
2026-06-09 22:12:51,798 - INFO - ⌛ Esperando mudança visual...
2026-06-09 22:12:52,810 - INFO - ⌛ Esperando mudança visual...
2026-06-09 22:12:53,829 - INFO - ⌛ Esperando mudança visual...
2026-06-09 22:12:54,846 - INFO - ⌛ Esperando mudança visual...
2026-06-09 22:12:55,861 - INFO - ⌛ Esperando mudança visual...
2026-06-09 22:12:56,872 - INFO - ⌛ Esperando mudança visual...
2026-06-09 22:12:57,892 - INFO - ⌛ Esperando mudança visual...
2026-06-09 22:12:58,908 - INFO - ⌛ Esperando mudança visual...
2026-06-09 22:12:59,919 - INFO - ⌛ Esperando mudança visual...
2026-06-09 22:13:00,939 - INFO - ✅ Tela carregada!
2026-06-09 22:13:04,940 - INFO - 
=== rotina desbloquear_os ===
2026-06-09 22:13:31,422 - INFO - ⌛ Aguardando janela de confirmação de desbloqueio...
2026-06-09 22:13:46,862 - INFO - 🟨 Registros desbloqueados com sucesso
2026-06-09 22:13:50,964 - INFO - 
=== rotina editar_os ===
2026-06-09 22:14:00,393 - INFO - ⌛ Aguardando janela de edição de OS...
2026-06-09 22:14:15,911 - INFO - 🟨 OS programadas detectadas
2026-06-09 22:14:19,016 - INFO - ⌛ Aguardando janela de edição de OS...
2026-06-09 22:14:34,466 - INFO - 🟨 Janela de edição de OS detectada
2026-06-09 22:14:55,823 - INFO - 🟨 Janela de edição de habilidade da turma detectada
2026-06-09 22:16:14,145 - INFO - ⌛ Aguardando detecção do campo de caracteristica 'EQUIPE PRÓPRIA OU EPS' ...
2026-06-09 22:16:33,504 - INFO - 🟨 campo de caracteristica 'EQUIPE PRÓPRIA OU EPS detectado
2026-06-09 22:16:55,306 - INFO - ⌛ Aguardando confirmação 4 - editar OS...
2026-06-09 22:17:10,750 - INFO - ⌛ Aguardando confirmação 4 - editar OS...
2026-06-09 22:17:10,859 - INFO - 🟨 Identificado travamento no EQM, reiniciando contador de espera
2026-06-09 22:17:26,187 - INFO - ⌛ Aguardando confirmação 4 - editar OS...
2026-06-09 22:17:41,614 - INFO - 🟨 Janela de confirmação 4 de edição de OS detectada
2026-06-09 22:17:45,724 - INFO - 
=== rotina programar_os ===
2026-06-09 22:18:12,261 - INFO - ⌛ Aguardando janela de confirmação de programação de OS...
2026-06-09 22:18:37,745 - INFO - 🟨 Janela de confirmação de programação de OS detectada
2026-06-09 22:18:51,040 - INFO - 🟨 Janela de aviso de edição de OS programadas detectada
2026-06-09 22:18:58,244 - INFO - ⌛ aguardando janela de programação de lote de OS...
2026-06-09 22:19:23,759 - INFO - 🟨 Janela de aviso de substituição de lote de OS detectada
2026-06-09 22:19:43,868 - INFO - ⌛ aguardando janela de programação de lote de OS...
2026-06-09 22:20:09,364 - INFO - 🟨 Janela de programação de lote de OS detectada
2026-06-09 22:20:58,865 - INFO - 🟨 Janela de confirmação de programação de lote de OS detectada
2026-06-09 22:21:03,087 - INFO - ⌛ aguardando confirmação final de programação do lote
2026-06-09 22:21:28,544 - INFO - 🟨 programação do lote 9 efetuado com sucesso
2026-06-09 22:21:38,648 - INFO - 
=== Iniciando lote 10/574 [REDES] ===
2026-06-09 22:21:38,649 - INFO - 
=== abrir_janela_selecao ===
2026-06-09 22:21:44,967 - INFO - 
=== rotina abrir_selecao_colar_os ===
2026-06-09 22:21:45,009 - INFO - Janela de seleção aberta
2026-06-09 22:21:49,236 - INFO - DEBUG: idx=9, inicio=225, fim=250
2026-06-09 22:21:49,237 - INFO - ✅ 25 OS copiadas para a área de transferência.
2026-06-09 22:21:49,237 - INFO - 📋 Lote 10 copiado.
2026-06-09 22:21:57,561 - INFO - ⌛ Esperando mudança visual...
2026-06-09 22:21:58,575 - INFO - ⌛ Esperando mudança visual...
2026-06-09 22:21:59,590 - INFO - ⌛ Esperando mudança visual...
2026-06-09 22:22:00,606 - INFO - ⌛ Esperando mudança visual...
2026-06-09 22:22:01,620 - INFO - ⌛ Esperando mudança visual...
2026-06-09 22:22:02,638 - INFO - ⌛ Esperando mudança visual...
2026-06-09 22:22:03,653 - INFO - ⌛ Esperando mudança visual...
2026-06-09 22:22:04,667 - INFO - ⌛ Esperando mudança visual...
2026-06-09 22:22:05,684 - INFO - ⌛ Esperando mudança visual...
2026-06-09 22:22:06,700 - INFO - ⌛ Esperando mudança visual...
2026-06-09 22:22:07,714 - INFO - ✅ Tela carregada!
2026-06-09 22:22:11,718 - INFO - 
=== rotina desbloquear_os ===
2026-06-09 22:22:38,201 - INFO - ⌛ Aguardando janela de confirmação de desbloqueio...
2026-06-09 22:22:53,605 - INFO - 🟨 Registros desbloqueados com sucesso
2026-06-09 22:22:57,708 - INFO - 
=== rotina editar_os ===
2026-06-09 22:23:07,121 - INFO - ⌛ Aguardando janela de edição de OS...
2026-06-09 22:23:22,588 - INFO - 🟨 OS programadas detectadas
2026-06-09 22:23:25,692 - INFO - ⌛ Aguardando janela de edição de OS...
2026-06-09 22:23:41,205 - INFO - 🟨 Janela de edição de OS detectada
2026-06-09 22:24:02,561 - INFO - 🟨 Janela de edição de habilidade da turma detectada
2026-06-09 22:25:20,868 - INFO - ⌛ Aguardando detecção do campo de caracteristica 'EQUIPE PRÓPRIA OU EPS' ...
2026-06-09 22:25:40,232 - INFO - 🟨 campo de caracteristica 'EQUIPE PRÓPRIA OU EPS detectado
2026-06-09 22:26:01,994 - INFO - ⌛ Aguardando confirmação 4 - editar OS...
2026-06-09 22:26:17,418 - INFO - ⌛ Aguardando confirmação 4 - editar OS...
2026-06-09 22:26:32,905 - INFO - ⌛ Aguardando confirmação 4 - editar OS...
2026-06-09 22:26:48,404 - INFO - 🟨 Janela de confirmação 4 de edição de OS detectada
2026-06-09 22:26:52,512 - INFO - 
=== rotina programar_os ===
2026-06-09 22:27:19,056 - INFO - ⌛ Aguardando janela de confirmação de programação de OS...
2026-06-09 22:27:44,547 - INFO - 🟨 Janela de confirmação de programação de OS detectada
2026-06-09 22:27:57,834 - INFO - 🟨 Janela de aviso de edição de OS programadas detectada
2026-06-09 22:28:05,052 - INFO - ⌛ aguardando janela de programação de lote de OS...
2026-06-09 22:28:30,549 - INFO - 🟨 Janela de aviso de substituição de lote de OS detectada
2026-06-09 22:28:50,653 - INFO - ⌛ aguardando janela de programação de lote de OS...
2026-06-09 22:29:16,179 - INFO - 🟨 Janela de programação de lote de OS detectada
2026-06-09 22:30:05,689 - INFO - 🟨 Janela de confirmação de programação de lote de OS detectada
2026-06-09 22:30:09,906 - INFO - ⌛ aguardando confirmação final de programação do lote
2026-06-09 22:30:35,378 - INFO - 🟨 programação do lote 10 efetuado com sucesso
2026-06-09 22:30:45,482 - INFO - 
=== Iniciando lote 11/574 [REDES] ===
2026-06-09 22:30:45,483 - INFO - 
=== abrir_janela_selecao ===
2026-06-09 22:30:51,790 - INFO - 
=== rotina abrir_selecao_colar_os ===
2026-06-09 22:30:51,842 - INFO - Janela de seleção aberta
2026-06-09 22:30:56,062 - INFO - DEBUG: idx=10, inicio=250, fim=275
2026-06-09 22:30:56,063 - INFO - ✅ 25 OS copiadas para a área de transferência.
2026-06-09 22:30:56,063 - INFO - 📋 Lote 11 copiado.
2026-06-09 22:31:04,390 - INFO - ⌛ Esperando mudança visual...
2026-06-09 22:31:05,406 - INFO - ⌛ Esperando mudança visual...
2026-06-09 22:31:06,417 - INFO - ⌛ Esperando mudança visual...
2026-06-09 22:31:07,437 - INFO - ⌛ Esperando mudança visual...
2026-06-09 22:31:08,453 - INFO - ⌛ Esperando mudança visual...
2026-06-09 22:31:09,464 - INFO - ⌛ Esperando mudança visual...
2026-06-09 22:31:10,481 - INFO - ⌛ Esperando mudança visual...
2026-06-09 22:31:11,500 - INFO - ⌛ Esperando mudança visual...
2026-06-09 22:31:12,512 - INFO - ⌛ Esperando mudança visual...
2026-06-09 22:31:13,531 - INFO - ⌛ Esperando mudança visual...
2026-06-09 22:31:14,546 - INFO - ⌛ Esperando mudança visual...
2026-06-09 22:31:15,558 - INFO - ✅ Tela carregada!
2026-06-09 22:31:19,565 - INFO - 
=== rotina desbloquear_os ===
2026-06-09 22:31:46,051 - INFO - ⌛ Aguardando janela de confirmação de desbloqueio...
2026-06-09 22:32:01,453 - INFO - 🟨 Registros desbloqueados com sucesso
2026-06-09 22:32:05,556 - INFO - 
=== rotina editar_os ===
2026-06-09 22:32:14,964 - INFO - ⌛ Aguardando janela de edição de OS...
2026-06-09 22:32:30,418 - INFO - 🟨 OS programadas detectadas
2026-06-09 22:32:33,522 - INFO - ⌛ Aguardando janela de edição de OS...
2026-06-09 22:32:48,966 - INFO - 🟨 Janela de edição de OS detectada
2026-06-09 22:33:10,312 - INFO - 🟨 Janela de edição de habilidade da turma detectada
2026-06-09 22:34:28,626 - INFO - ⌛ Aguardando detecção do campo de caracteristica 'EQUIPE PRÓPRIA OU EPS' ...
2026-06-09 22:34:47,966 - INFO - 🟨 campo de caracteristica 'EQUIPE PRÓPRIA OU EPS detectado
2026-06-09 22:35:09,737 - INFO - ⌛ Aguardando confirmação 4 - editar OS...
2026-06-09 22:35:25,163 - INFO - ⌛ Aguardando confirmação 4 - editar OS...
2026-06-09 22:35:25,281 - INFO - 🟨 Identificado travamento no EQM, reiniciando contador de espera
2026-06-09 22:35:40,593 - INFO - ⌛ Aguardando confirmação 4 - editar OS...
2026-06-09 22:35:56,045 - INFO - 🟨 Janela de confirmação 4 de edição de OS detectada
2026-06-09 22:36:00,150 - INFO - 
=== rotina programar_os ===
2026-06-09 22:36:26,675 - INFO - ⌛ Aguardando janela de confirmação de programação de OS...
2026-06-09 22:36:52,103 - INFO - 🟨 Janela de confirmação de programação de OS detectada
2026-06-09 22:37:05,357 - INFO - 🟨 Janela de aviso de edição de OS programadas detectada
2026-06-09 22:37:12,565 - INFO - ⌛ aguardando janela de programação de lote de OS...
2026-06-09 22:37:38,076 - INFO - 🟨 Janela de aviso de substituição de lote de OS detectada
2026-06-09 22:37:58,180 - INFO - ⌛ aguardando janela de programação de lote de OS...
2026-06-09 22:38:23,702 - INFO - 🟨 Janela de programação de lote de OS detectada
2026-06-09 22:39:13,200 - INFO - 🟨 Janela de confirmação de programação de lote de OS detectada
2026-06-09 22:39:17,424 - INFO - ⌛ aguardando confirmação final de programação do lote
2026-06-09 22:39:42,869 - INFO - 🟨 programação do lote 11 efetuado com sucesso
2026-06-09 22:39:52,977 - INFO - 
=== Iniciando lote 12/574 [REDES] ===
2026-06-09 22:39:52,977 - INFO - 
=== abrir_janela_selecao ===
2026-06-09 22:39:59,285 - INFO - 
=== rotina abrir_selecao_colar_os ===
2026-06-09 22:39:59,340 - INFO - Janela de seleção aberta
2026-06-09 22:40:03,556 - INFO - DEBUG: idx=11, inicio=275, fim=300
2026-06-09 22:40:03,556 - INFO - ✅ 25 OS copiadas para a área de transferência.
2026-06-09 22:40:03,556 - INFO - 📋 Lote 12 copiado.
2026-06-09 22:40:11,886 - INFO - ⌛ Esperando mudança visual...
2026-06-09 22:40:12,900 - INFO - ⌛ Esperando mudança visual...
2026-06-09 22:40:13,912 - INFO - ⌛ Esperando mudança visual...
2026-06-09 22:40:14,930 - INFO - ⌛ Esperando mudança visual...
2026-06-09 22:40:15,948 - INFO - ⌛ Esperando mudança visual...
2026-06-09 22:40:16,959 - INFO - ⌛ Esperando mudança visual...
2026-06-09 22:40:17,978 - INFO - ⌛ Esperando mudança visual...
2026-06-09 22:40:18,994 - INFO - ⌛ Esperando mudança visual...
2026-06-09 22:40:20,005 - INFO - ⌛ Esperando mudança visual...
2026-06-09 22:40:21,024 - INFO - ⌛ Esperando mudança visual...
2026-06-09 22:40:22,041 - INFO - ✅ Tela carregada!
2026-06-09 22:40:26,043 - INFO - 
=== rotina desbloquear_os ===
2026-06-09 22:40:52,505 - INFO - ⌛ Aguardando janela de confirmação de desbloqueio...
2026-06-09 22:41:07,874 - INFO - 🟨 Registros desbloqueados com sucesso
2026-06-09 22:41:11,979 - INFO - 
=== rotina editar_os ===
2026-06-09 22:41:21,435 - INFO - ⌛ Aguardando janela de edição de OS...
2026-06-09 22:41:36,914 - INFO - 🟨 OS programadas detectadas
2026-06-09 22:41:40,031 - INFO - ⌛ Aguardando janela de edição de OS...
2026-06-09 22:41:55,468 - INFO - 🟨 Janela de edição de OS detectada
2026-06-09 22:42:16,836 - INFO - 🟨 Janela de edição de habilidade da turma detectada
2026-06-09 22:43:35,141 - INFO - ⌛ Aguardando detecção do campo de caracteristica 'EQUIPE PRÓPRIA OU EPS' ...
2026-06-09 22:43:54,488 - INFO - 🟨 campo de caracteristica 'EQUIPE PRÓPRIA OU EPS detectado
2026-06-09 22:44:16,251 - INFO - ⌛ Aguardando confirmação 4 - editar OS...
2026-06-09 22:44:31,686 - INFO - ⌛ Aguardando confirmação 4 - editar OS...
2026-06-09 22:44:31,795 - INFO - 🟨 Identificado travamento no EQM, reiniciando contador de espera
2026-06-09 22:44:47,158 - INFO - ⌛ Aguardando confirmação 4 - editar OS...
2026-06-09 22:45:02,589 - INFO - 🟨 Janela de confirmação 4 de edição de OS detectada
2026-06-09 22:45:06,692 - INFO - 
=== rotina programar_os ===
2026-06-09 22:45:33,209 - INFO - ⌛ Aguardando janela de confirmação de programação de OS...
2026-06-09 22:45:58,633 - INFO - 🟨 Janela de confirmação de programação de OS detectada
2026-06-09 22:46:11,885 - INFO - 🟨 Janela de aviso de edição de OS programadas detectada
2026-06-09 22:46:19,091 - INFO - ⌛ aguardando janela de programação de lote de OS...
2026-06-09 22:46:44,611 - INFO - 🟨 Janela de aviso de substituição de lote de OS detectada
2026-06-09 22:47:04,714 - INFO - ⌛ aguardando janela de programação de lote de OS...
2026-06-09 22:47:30,206 - INFO - 🟨 Janela de programação de lote de OS detectada
2026-06-09 22:48:19,729 - INFO - 🟨 Janela de confirmação de programação de lote de OS detectada
2026-06-09 22:48:23,941 - INFO - ⌛ aguardando confirmação final de programação do lote
2026-06-09 22:48:49,397 - INFO - 🟨 programação do lote 12 efetuado com sucesso
2026-06-09 22:48:59,501 - INFO - 
=== Iniciando lote 13/574 [REDES] ===
2026-06-09 22:48:59,502 - INFO - 
=== abrir_janela_selecao ===
2026-06-09 22:49:05,809 - INFO - 
=== rotina abrir_selecao_colar_os ===
2026-06-09 22:49:05,857 - INFO - Janela de seleção aberta
2026-06-09 22:49:10,088 - INFO - DEBUG: idx=12, inicio=300, fim=325
2026-06-09 22:49:10,088 - INFO - ✅ 25 OS copiadas para a área de transferência.
2026-06-09 22:49:10,088 - INFO - 📋 Lote 13 copiado.
2026-06-09 22:49:18,410 - INFO - ⌛ Esperando mudança visual...
2026-06-09 22:49:19,429 - INFO - ⌛ Esperando mudança visual...
2026-06-09 22:49:20,446 - INFO - ⌛ Esperando mudança visual...
2026-06-09 22:49:21,458 - INFO - ⌛ Esperando mudança visual...
2026-06-09 22:49:22,477 - INFO - ⌛ Esperando mudança visual...
2026-06-09 22:49:23,489 - INFO - ⌛ Esperando mudança visual...
2026-06-09 22:49:24,505 - INFO - ⌛ Esperando mudança visual...
2026-06-09 22:49:25,524 - INFO - ⌛ Esperando mudança visual...
2026-06-09 22:49:26,539 - INFO - ⌛ Esperando mudança visual...
2026-06-09 22:49:27,551 - INFO - ⌛ Esperando mudança visual...
2026-06-09 22:49:28,570 - INFO - ⌛ Esperando mudança visual...
2026-06-09 22:49:29,587 - INFO - ✅ Tela carregada!
2026-06-09 22:49:33,588 - INFO - 
=== rotina desbloquear_os ===
2026-06-09 22:50:00,085 - INFO - ⌛ Aguardando janela de confirmação de desbloqueio...
2026-06-09 22:50:15,488 - INFO - ⌛ Aguardando janela de confirmação de desbloqueio...
2026-06-09 22:50:30,889 - INFO - 🟨 Registros desbloqueados com sucesso
2026-06-09 22:50:34,992 - INFO - 
=== rotina editar_os ===
2026-06-09 22:50:44,402 - INFO - ⌛ Aguardando janela de edição de OS...
2026-06-09 22:50:59,811 - INFO - 🟨 OS programadas detectadas
2026-06-09 22:51:02,926 - INFO - ⌛ Aguardando janela de edição de OS...
2026-06-09 22:51:18,373 - INFO - 🟨 Janela de edição de OS detectada
2026-06-09 22:51:39,757 - INFO - 🟨 Janela de edição de habilidade da turma detectada
2026-06-09 22:52:58,087 - INFO - ⌛ Aguardando detecção do campo de caracteristica 'EQUIPE PRÓPRIA OU EPS' ...
2026-06-09 22:53:17,436 - INFO - 🟨 campo de caracteristica 'EQUIPE PRÓPRIA OU EPS detectado
2026-06-09 22:53:39,230 - INFO - ⌛ Aguardando confirmação 4 - editar OS...
2026-06-09 22:53:54,654 - INFO - ⌛ Aguardando confirmação 4 - editar OS...
2026-06-09 22:54:10,106 - INFO - ⌛ Aguardando confirmação 4 - editar OS...
2026-06-09 22:54:25,552 - INFO - 🟨 Janela de confirmação 4 de edição de OS detectada
2026-06-09 22:54:29,654 - INFO - 
=== rotina programar_os ===
2026-06-09 22:54:56,162 - INFO - ⌛ Aguardando janela de confirmação de programação de OS...
2026-06-09 22:55:21,626 - INFO - 🟨 Janela de confirmação de programação de OS detectada
2026-06-09 22:55:34,881 - INFO - 🟨 Janela de aviso de edição de OS programadas detectada
2026-06-09 22:55:42,090 - INFO - ⌛ aguardando janela de programação de lote de OS...
2026-06-09 22:56:07,573 - INFO - 🟨 Janela de aviso de substituição de lote de OS detectada
2026-06-09 22:56:27,677 - INFO - ⌛ aguardando janela de programação de lote de OS...
2026-06-09 22:56:53,193 - INFO - 🟨 Janela de programação de lote de OS detectada
2026-06-09 22:57:42,704 - INFO - 🟨 Janela de confirmação de programação de lote de OS detectada
2026-06-09 22:57:46,938 - INFO - ⌛ aguardando confirmação final de programação do lote
2026-06-09 22:58:12,430 - INFO - 🟨 programação do lote 13 efetuado com sucesso
2026-06-09 22:58:22,538 - INFO - 
=== Iniciando lote 14/574 [REDES] ===
2026-06-09 22:58:22,539 - INFO - 
=== abrir_janela_selecao ===
2026-06-09 22:58:28,846 - INFO - 
=== rotina abrir_selecao_colar_os ===
2026-06-09 22:58:28,897 - INFO - Janela de seleção aberta
2026-06-09 22:58:33,119 - INFO - DEBUG: idx=13, inicio=325, fim=350
2026-06-09 22:58:33,120 - INFO - ✅ 25 OS copiadas para a área de transferência.
2026-06-09 22:58:33,120 - INFO - 📋 Lote 14 copiado.
2026-06-09 22:58:41,445 - INFO - ⌛ Esperando mudança visual...
2026-06-09 22:58:42,459 - INFO - ⌛ Esperando mudança visual...
2026-06-09 22:58:43,475 - INFO - ⌛ Esperando mudança visual...
2026-06-09 22:58:44,491 - INFO - ⌛ Esperando mudança visual...
2026-06-09 22:58:45,502 - INFO - ⌛ Esperando mudança visual...
2026-06-09 22:58:46,522 - INFO - ⌛ Esperando mudança visual...
2026-06-09 22:58:47,538 - INFO - ⌛ Esperando mudança visual...
2026-06-09 22:58:48,550 - INFO - ⌛ Esperando mudança visual...
2026-06-09 22:58:49,569 - INFO - ⌛ Esperando mudança visual...
2026-06-09 22:58:50,585 - INFO - ⌛ Esperando mudança visual...
2026-06-09 22:58:51,598 - INFO - ⌛ Esperando mudança visual...
2026-06-09 22:58:52,615 - INFO - ✅ Tela carregada!
2026-06-09 22:58:56,616 - INFO - 
=== rotina desbloquear_os ===
2026-06-09 22:59:23,083 - INFO - ⌛ Aguardando janela de confirmação de desbloqueio...
2026-06-09 22:59:38,458 - INFO - 🟨 Registros desbloqueados com sucesso
2026-06-09 22:59:42,570 - INFO - 
=== rotina editar_os ===
2026-06-09 22:59:51,980 - INFO - ⌛ Aguardando janela de edição de OS...
2026-06-09 23:00:07,400 - INFO - 🟨 OS programadas detectadas
2026-06-09 23:00:10,502 - INFO - ⌛ Aguardando janela de edição de OS...
2026-06-09 23:00:25,954 - INFO - 🟨 Janela de edição de OS detectada
2026-06-09 23:00:47,326 - INFO - 🟨 Janela de edição de habilidade da turma detectada
2026-06-09 23:02:05,632 - INFO - ⌛ Aguardando detecção do campo de caracteristica 'EQUIPE PRÓPRIA OU EPS' ...
2026-06-09 23:02:24,999 - INFO - 🟨 campo de caracteristica 'EQUIPE PRÓPRIA OU EPS detectado
2026-06-09 23:02:46,798 - INFO - ⌛ Aguardando confirmação 4 - editar OS...
2026-06-09 23:03:02,270 - INFO - ⌛ Aguardando confirmação 4 - editar OS...
2026-06-09 23:03:17,792 - INFO - ⌛ Aguardando confirmação 4 - editar OS...
2026-06-09 23:03:33,287 - INFO - 🟨 Janela de confirmação 4 de edição de OS detectada
2026-06-09 23:03:37,390 - INFO - 
=== rotina programar_os ===
2026-06-09 23:04:03,938 - INFO - ⌛ Aguardando janela de confirmação de programação de OS...
2026-06-09 23:04:29,415 - INFO - 🟨 Janela de confirmação de programação de OS detectada
2026-06-09 23:04:42,702 - INFO - 🟨 Janela de aviso de edição de OS programadas detectada
2026-06-09 23:04:49,918 - INFO - ⌛ aguardando janela de programação de lote de OS...
2026-06-09 23:05:15,446 - INFO - 🟨 Janela de aviso de substituição de lote de OS detectada
2026-06-09 23:05:35,550 - INFO - ⌛ aguardando janela de programação de lote de OS...
2026-06-09 23:06:01,077 - INFO - 🟨 Janela de programação de lote de OS detectada
2026-06-09 23:06:50,602 - INFO - 🟨 Janela de confirmação de programação de lote de OS detectada
2026-06-09 23:06:54,806 - INFO - ⌛ aguardando confirmação final de programação do lote
2026-06-09 23:07:20,258 - INFO - 🟨 programação do lote 14 efetuado com sucesso
2026-06-09 23:07:30,363 - INFO - 
=== Iniciando lote 15/574 [REDES] ===
2026-06-09 23:07:30,363 - INFO - 
=== abrir_janela_selecao ===
2026-06-09 23:07:36,673 - INFO - 
=== rotina abrir_selecao_colar_os ===
2026-06-09 23:07:36,725 - INFO - Janela de seleção aberta
2026-06-09 23:07:40,945 - INFO - DEBUG: idx=14, inicio=350, fim=375
2026-06-09 23:07:40,945 - INFO - ✅ 25 OS copiadas para a área de transferência.
2026-06-09 23:07:40,945 - INFO - 📋 Lote 15 copiado.
2026-06-09 23:07:49,273 - INFO - ⌛ Esperando mudança visual...
2026-06-09 23:07:50,289 - INFO - ⌛ Esperando mudança visual...
2026-06-09 23:07:51,300 - INFO - ⌛ Esperando mudança visual...
2026-06-09 23:07:52,318 - INFO - ⌛ Esperando mudança visual...
2026-06-09 23:07:53,335 - INFO - ⌛ Esperando mudança visual...
2026-06-09 23:07:54,347 - INFO - ⌛ Esperando mudança visual...
2026-06-09 23:07:55,366 - INFO - ⌛ Esperando mudança visual...
2026-06-09 23:07:56,381 - INFO - ⌛ Esperando mudança visual...
2026-06-09 23:07:57,396 - INFO - ⌛ Esperando mudança visual...
2026-06-09 23:07:58,410 - INFO - ⌛ Esperando mudança visual...
2026-06-09 23:07:59,427 - INFO - ⌛ Esperando mudança visual...
2026-06-09 23:08:00,445 - INFO - ✅ Tela carregada!
2026-06-09 23:08:04,446 - INFO - 
=== rotina desbloquear_os ===
2026-06-09 23:08:30,928 - INFO - ⌛ Aguardando janela de confirmação de desbloqueio...
2026-06-09 23:08:46,371 - INFO - 🟨 Registros desbloqueados com sucesso
2026-06-09 23:08:50,475 - INFO - 
=== rotina editar_os ===
2026-06-09 23:08:59,899 - INFO - ⌛ Aguardando janela de edição de OS...
2026-06-09 23:09:15,400 - INFO - 🟨 OS programadas detectadas
2026-06-09 23:09:18,504 - INFO - ⌛ Aguardando janela de edição de OS...
2026-06-09 23:09:33,955 - INFO - 🟨 Janela de edição de OS detectada
2026-06-09 23:09:55,322 - INFO - 🟨 Janela de edição de habilidade da turma detectada
2026-06-09 23:11:13,629 - INFO - ⌛ Aguardando detecção do campo de caracteristica 'EQUIPE PRÓPRIA OU EPS' ...
2026-06-09 23:11:32,982 - INFO - 🟨 campo de caracteristica 'EQUIPE PRÓPRIA OU EPS detectado
2026-06-09 23:11:54,749 - INFO - ⌛ Aguardando confirmação 4 - editar OS...
2026-06-09 23:12:10,191 - INFO - ⌛ Aguardando confirmação 4 - editar OS...
2026-06-09 23:12:25,625 - INFO - ⌛ Aguardando confirmação 4 - editar OS...
2026-06-09 23:12:41,049 - INFO - 🟨 Janela de confirmação 4 de edição de OS detectada
2026-06-09 23:12:45,163 - INFO - 
=== rotina programar_os ===
2026-06-09 23:13:11,707 - INFO - ⌛ Aguardando janela de confirmação de programação de OS...
2026-06-09 23:13:37,166 - INFO - 🟨 Janela de confirmação de programação de OS detectada
2026-06-09 23:13:50,421 - INFO - 🟨 Janela de aviso de edição de OS programadas detectada
2026-06-09 23:13:57,629 - INFO - ⌛ aguardando janela de programação de lote de OS...
2026-06-09 23:14:23,145 - INFO - 🟨 Janela de aviso de substituição de lote de OS detectada
2026-06-09 23:14:43,249 - INFO - ⌛ aguardando janela de programação de lote de OS...
2026-06-09 23:15:08,752 - INFO - 🟨 Janela de programação de lote de OS detectada
2026-06-09 23:15:58,250 - INFO - 🟨 Janela de confirmação de programação de lote de OS detectada
2026-06-09 23:16:02,457 - INFO - ⌛ aguardando confirmação final de programação do lote
2026-06-09 23:16:27,927 - INFO - 🟨 programação do lote 15 efetuado com sucesso
2026-06-09 23:16:38,032 - INFO - 
=== Iniciando lote 16/574 [REDES] ===
2026-06-09 23:16:38,033 - INFO - 
=== abrir_janela_selecao ===
2026-06-09 23:16:44,358 - INFO - 
=== rotina abrir_selecao_colar_os ===
2026-06-09 23:16:44,420 - INFO - Janela de seleção aberta
2026-06-09 23:16:48,639 - INFO - DEBUG: idx=15, inicio=375, fim=400
2026-06-09 23:16:48,639 - INFO - ✅ 25 OS copiadas para a área de transferência.
2026-06-09 23:16:48,639 - INFO - 📋 Lote 16 copiado.
2026-06-09 23:16:56,967 - INFO - ⌛ Esperando mudança visual...
2026-06-09 23:16:57,982 - INFO - ⌛ Esperando mudança visual...
2026-06-09 23:16:58,998 - INFO - ⌛ Esperando mudança visual...
2026-06-09 23:17:00,014 - INFO - ⌛ Esperando mudança visual...
2026-06-09 23:17:01,030 - INFO - ⌛ Esperando mudança visual...
2026-06-09 23:17:02,048 - INFO - ⌛ Esperando mudança visual...
2026-06-09 23:17:03,059 - INFO - ⌛ Esperando mudança visual...
2026-06-09 23:17:04,078 - INFO - ⌛ Esperando mudança visual...
2026-06-09 23:17:05,094 - INFO - ⌛ Esperando mudança visual...
2026-06-09 23:17:06,106 - INFO - ✅ Tela carregada!
2026-06-09 23:17:10,113 - INFO - 
=== rotina desbloquear_os ===
2026-06-09 23:17:36,593 - INFO - ⌛ Aguardando janela de confirmação de desbloqueio...
2026-06-09 23:17:51,976 - INFO - 🟨 Registros desbloqueados com sucesso
2026-06-09 23:17:56,079 - INFO - 
=== rotina editar_os ===
2026-06-09 23:18:05,489 - INFO - ⌛ Aguardando janela de edição de OS...
2026-06-09 23:18:20,898 - INFO - 🟨 OS programadas detectadas
2026-06-09 23:18:24,013 - INFO - ⌛ Aguardando janela de edição de OS...
2026-06-09 23:18:39,485 - INFO - 🟨 Janela de edição de OS detectada
2026-06-09 23:19:00,860 - INFO - 🟨 Janela de edição de habilidade da turma detectada
2026-06-09 23:20:19,176 - INFO - ⌛ Aguardando detecção do campo de caracteristica 'EQUIPE PRÓPRIA OU EPS' ...
2026-06-09 23:20:38,538 - INFO - 🟨 campo de caracteristica 'EQUIPE PRÓPRIA OU EPS detectado
2026-06-09 23:21:00,336 - INFO - ⌛ Aguardando confirmação 4 - editar OS...
2026-06-09 23:21:15,774 - INFO - ⌛ Aguardando confirmação 4 - editar OS...
2026-06-09 23:21:31,242 - INFO - ⌛ Aguardando confirmação 4 - editar OS...
2026-06-09 23:21:46,719 - INFO - 🟨 Janela de confirmação 4 de edição de OS detectada
2026-06-09 23:21:50,826 - INFO - 
=== rotina programar_os ===
2026-06-09 23:22:17,355 - INFO - ⌛ Aguardando janela de confirmação de programação de OS...
2026-06-09 23:22:42,784 - INFO - 🟨 Janela de confirmação de programação de OS detectada
2026-06-09 23:22:56,038 - INFO - 🟨 Janela de aviso de edição de OS programadas detectada
2026-06-09 23:23:03,245 - INFO - ⌛ aguardando janela de programação de lote de OS...
2026-06-09 23:23:28,746 - INFO - 🟨 Janela de aviso de substituição de lote de OS detectada
2026-06-09 23:23:48,860 - INFO - ⌛ aguardando janela de programação de lote de OS...
2026-06-09 23:24:14,358 - INFO - 🟨 Janela de programação de lote de OS detectada
2026-06-09 23:25:03,892 - INFO - 🟨 Janela de confirmação de programação de lote de OS detectada
2026-06-09 23:25:08,099 - INFO - ⌛ aguardando confirmação final de programação do lote
2026-06-09 23:25:33,548 - INFO - 🟨 programação do lote 16 efetuado com sucesso
2026-06-09 23:25:43,653 - INFO - 
=== Iniciando lote 17/574 [REDES] ===
2026-06-09 23:25:43,653 - INFO - 
=== abrir_janela_selecao ===
2026-06-09 23:25:49,961 - INFO - 
=== rotina abrir_selecao_colar_os ===
2026-06-09 23:25:50,016 - INFO - Janela de seleção aberta
2026-06-09 23:25:54,239 - INFO - DEBUG: idx=16, inicio=400, fim=425
2026-06-09 23:25:54,239 - INFO - ✅ 25 OS copiadas para a área de transferência.
2026-06-09 23:25:54,240 - INFO - 📋 Lote 17 copiado.
2026-06-09 23:26:02,564 - INFO - ⌛ Esperando mudança visual...
2026-06-09 23:26:03,579 - INFO - ⌛ Esperando mudança visual...
2026-06-09 23:26:04,593 - INFO - ⌛ Esperando mudança visual...
2026-06-09 23:26:05,611 - INFO - ⌛ Esperando mudança visual...
2026-06-09 23:26:06,627 - INFO - ⌛ Esperando mudança visual...
2026-06-09 23:26:07,642 - INFO - ⌛ Esperando mudança visual...
2026-06-09 23:26:08,656 - INFO - ⌛ Esperando mudança visual...
2026-06-09 23:26:09,673 - INFO - ⌛ Esperando mudança visual...
2026-06-09 23:26:10,689 - INFO - ⌛ Esperando mudança visual...
2026-06-09 23:26:11,703 - INFO - ⌛ Esperando mudança visual...
2026-06-09 23:26:12,720 - INFO - ✅ Tela carregada!
2026-06-09 23:26:16,721 - INFO - 
=== rotina desbloquear_os ===
2026-06-09 23:26:43,202 - INFO - ⌛ Aguardando janela de confirmação de desbloqueio...
2026-06-09 23:26:58,557 - INFO - 🟨 Registros desbloqueados com sucesso
2026-06-09 23:27:02,675 - INFO - 
=== rotina editar_os ===
2026-06-09 23:27:12,086 - INFO - ⌛ Aguardando janela de edição de OS...
2026-06-09 23:27:27,500 - INFO - 🟨 OS programadas detectadas
2026-06-09 23:27:30,608 - INFO - ⌛ Aguardando janela de edição de OS...
2026-06-09 23:27:46,049 - INFO - 🟨 Janela de edição de OS detectada
2026-06-09 23:28:07,406 - INFO - 🟨 Janela de edição de habilidade da turma detectada
2026-06-09 23:29:25,725 - INFO - ⌛ Aguardando detecção do campo de caracteristica 'EQUIPE PRÓPRIA OU EPS' ...
2026-06-09 23:29:45,084 - INFO - 🟨 campo de caracteristica 'EQUIPE PRÓPRIA OU EPS detectado
2026-06-09 23:30:06,849 - INFO - ⌛ Aguardando confirmação 4 - editar OS...
2026-06-09 23:30:22,290 - INFO - ⌛ Aguardando confirmação 4 - editar OS...
2026-06-09 23:30:37,791 - INFO - ⌛ Aguardando confirmação 4 - editar OS...
2026-06-09 23:30:53,237 - INFO - 🟨 Janela de confirmação 4 de edição de OS detectada
2026-06-09 23:30:57,339 - INFO - 
=== rotina programar_os ===
2026-06-09 23:31:23,872 - INFO - ⌛ Aguardando janela de confirmação de programação de OS...
2026-06-09 23:31:49,298 - INFO - 🟨 Janela de confirmação de programação de OS detectada
2026-06-09 23:32:02,542 - INFO - 🟨 Janela de aviso de edição de OS programadas detectada
2026-06-09 23:32:09,757 - INFO - ⌛ aguardando janela de programação de lote de OS...
2026-06-09 23:32:35,266 - INFO - 🟨 Janela de aviso de substituição de lote de OS detectada
2026-06-09 23:32:55,374 - INFO - ⌛ aguardando janela de programação de lote de OS...
2026-06-09 23:33:20,930 - INFO - 🟨 Janela de programação de lote de OS detectada
2026-06-09 23:34:10,447 - INFO - 🟨 Janela de confirmação de programação de lote de OS detectada
2026-06-09 23:34:14,693 - INFO - ⌛ aguardando confirmação final de programação do lote
2026-06-09 23:34:40,163 - INFO - 🟨 programação do lote 17 efetuado com sucesso
2026-06-09 23:34:50,271 - INFO - 
=== Iniciando lote 18/574 [REDES] ===
2026-06-09 23:34:50,272 - INFO - 
=== abrir_janela_selecao ===
2026-06-09 23:34:56,580 - INFO - 
=== rotina abrir_selecao_colar_os ===
2026-06-09 23:34:56,635 - INFO - Janela de seleção aberta
2026-06-09 23:35:00,850 - INFO - DEBUG: idx=17, inicio=425, fim=450
2026-06-09 23:35:00,850 - INFO - ✅ 25 OS copiadas para a área de transferência.
2026-06-09 23:35:00,850 - INFO - 📋 Lote 18 copiado.
2026-06-09 23:35:09,179 - INFO - ⌛ Esperando mudança visual...
2026-06-09 23:35:10,191 - INFO - ⌛ Esperando mudança visual...
2026-06-09 23:35:11,210 - INFO - ⌛ Esperando mudança visual...
2026-06-09 23:35:12,224 - INFO - ⌛ Esperando mudança visual...
2026-06-09 23:35:13,240 - INFO - ⌛ Esperando mudança visual...
2026-06-09 23:35:14,253 - INFO - ⌛ Esperando mudança visual...
2026-06-09 23:35:15,273 - INFO - ⌛ Esperando mudança visual...
2026-06-09 23:35:16,289 - INFO - ⌛ Esperando mudança visual...
2026-06-09 23:35:17,301 - INFO - ⌛ Esperando mudança visual...
2026-06-09 23:35:18,318 - INFO - ✅ Tela carregada!
2026-06-09 23:35:22,319 - INFO - 
=== rotina desbloquear_os ===
2026-06-09 23:35:48,789 - INFO - ⌛ Aguardando janela de confirmação de desbloqueio...
2026-06-09 23:36:04,154 - INFO - 🟨 Registros desbloqueados com sucesso
2026-06-09 23:36:08,272 - INFO - 
=== rotina editar_os ===
2026-06-09 23:36:17,685 - INFO - ⌛ Aguardando janela de edição de OS...
2026-06-09 23:36:33,093 - INFO - 🟨 OS programadas detectadas
2026-06-09 23:36:36,207 - INFO - ⌛ Aguardando janela de edição de OS...
2026-06-09 23:36:51,646 - INFO - 🟨 Janela de edição de OS detectada
2026-06-09 23:37:13,012 - INFO - 🟨 Janela de edição de habilidade da turma detectada
2026-06-09 23:38:31,330 - INFO - ⌛ Aguardando detecção do campo de caracteristica 'EQUIPE PRÓPRIA OU EPS' ...
2026-06-09 23:38:50,688 - INFO - 🟨 campo de caracteristica 'EQUIPE PRÓPRIA OU EPS detectado
2026-06-09 23:39:12,485 - INFO - ⌛ Aguardando confirmação 4 - editar OS...
2026-06-09 23:39:27,938 - INFO - ⌛ Aguardando confirmação 4 - editar OS...
2026-06-09 23:39:43,439 - INFO - ⌛ Aguardando confirmação 4 - editar OS...
2026-06-09 23:39:58,941 - INFO - 🟨 Janela de confirmação 4 de edição de OS detectada
2026-06-09 23:40:03,044 - INFO - 
=== rotina programar_os ===
2026-06-09 23:40:29,593 - INFO - ⌛ Aguardando janela de confirmação de programação de OS...
2026-06-09 23:40:55,058 - INFO - 🟨 Janela de confirmação de programação de OS detectada
2026-06-09 23:41:08,337 - INFO - 🟨 Janela de aviso de edição de OS programadas detectada
2026-06-09 23:41:15,556 - INFO - ⌛ aguardando janela de programação de lote de OS...
2026-06-09 23:41:41,090 - INFO - 🟨 Janela de aviso de substituição de lote de OS detectada
2026-06-09 23:42:01,200 - INFO - ⌛ aguardando janela de programação de lote de OS...
2026-06-09 23:42:26,764 - INFO - 🟨 Janela de programação de lote de OS detectada
2026-06-09 23:43:16,295 - INFO - 🟨 Janela de confirmação de programação de lote de OS detectada
2026-06-09 23:43:20,525 - INFO - ⌛ aguardando confirmação final de programação do lote
2026-06-09 23:43:46,016 - INFO - 🟨 programação do lote 18 efetuado com sucesso
2026-06-09 23:43:56,119 - INFO - 
=== Iniciando lote 19/574 [REDES] ===
2026-06-09 23:43:56,121 - INFO - 
=== abrir_janela_selecao ===
2026-06-09 23:44:02,427 - INFO - 
=== rotina abrir_selecao_colar_os ===
2026-06-09 23:44:02,476 - INFO - Janela de seleção aberta
2026-06-09 23:44:06,697 - INFO - DEBUG: idx=18, inicio=450, fim=475
2026-06-09 23:44:06,697 - INFO - ✅ 25 OS copiadas para a área de transferência.
2026-06-09 23:44:06,697 - INFO - 📋 Lote 19 copiado.
2026-06-09 23:44:15,024 - INFO - ⌛ Esperando mudança visual...
2026-06-09 23:44:16,038 - INFO - ⌛ Esperando mudança visual...
2026-06-09 23:44:17,057 - INFO - ⌛ Esperando mudança visual...
2026-06-09 23:44:18,074 - INFO - ⌛ Esperando mudança visual...
2026-06-09 23:44:19,088 - INFO - ⌛ Esperando mudança visual...
2026-06-09 23:44:20,101 - INFO - ⌛ Esperando mudança visual...
2026-06-09 23:44:21,120 - INFO - ⌛ Esperando mudança visual...
2026-06-09 23:44:22,137 - INFO - ⌛ Esperando mudança visual...
2026-06-09 23:44:23,148 - INFO - ⌛ Esperando mudança visual...
2026-06-09 23:44:24,167 - INFO - ✅ Tela carregada!
2026-06-09 23:44:28,169 - INFO - 
=== rotina desbloquear_os ===
2026-06-09 23:44:54,634 - INFO - ⌛ Aguardando janela de confirmação de desbloqueio...
2026-06-09 23:45:10,072 - INFO - 🟨 Registros desbloqueados com sucesso
2026-06-09 23:45:14,175 - INFO - 
=== rotina editar_os ===
2026-06-09 23:45:23,594 - INFO - ⌛ Aguardando janela de edição de OS...
2026-06-09 23:45:39,073 - INFO - 🟨 OS programadas detectadas
2026-06-09 23:45:42,176 - INFO - ⌛ Aguardando janela de edição de OS...
2026-06-09 23:45:57,684 - INFO - 🟨 Janela de edição de OS detectada
2026-06-09 23:46:19,049 - INFO - 🟨 Janela de edição de habilidade da turma detectada
2026-06-09 23:47:37,340 - INFO - ⌛ Aguardando detecção do campo de caracteristica 'EQUIPE PRÓPRIA OU EPS' ...
2026-06-09 23:47:56,717 - INFO - 🟨 campo de caracteristica 'EQUIPE PRÓPRIA OU EPS detectado
2026-06-09 23:48:18,498 - INFO - ⌛ Aguardando confirmação 4 - editar OS...
2026-06-09 23:48:33,989 - INFO - ⌛ Aguardando confirmação 4 - editar OS...
2026-06-09 23:48:49,491 - INFO - ⌛ Aguardando confirmação 4 - editar OS...
2026-06-09 23:49:04,988 - INFO - 🟨 Janela de confirmação 4 de edição de OS detectada
2026-06-09 23:49:09,094 - INFO - 
=== rotina programar_os ===
2026-06-09 23:49:35,627 - INFO - ⌛ Aguardando janela de confirmação de programação de OS...
2026-06-09 23:50:01,093 - INFO - 🟨 Janela de confirmação de programação de OS detectada
2026-06-09 23:50:14,344 - INFO - 🟨 Janela de aviso de edição de OS programadas detectada
2026-06-09 23:50:21,551 - INFO - ⌛ aguardando janela de programação de lote de OS...
2026-06-09 23:50:47,071 - INFO - 🟨 Janela de aviso de substituição de lote de OS detectada
2026-06-09 23:51:07,188 - INFO - ⌛ aguardando janela de programação de lote de OS...
2026-06-09 23:51:32,667 - INFO - 🟨 Janela de programação de lote de OS detectada
2026-06-09 23:52:22,187 - INFO - 🟨 Janela de confirmação de programação de lote de OS detectada
2026-06-09 23:52:26,390 - INFO - ⌛ aguardando confirmação final de programação do lote
2026-06-09 23:52:51,858 - INFO - 🟨 programação do lote 19 efetuado com sucesso
2026-06-09 23:53:01,963 - INFO - 
=== Iniciando lote 20/574 [REDES] ===
2026-06-09 23:53:01,964 - INFO - 
=== abrir_janela_selecao ===
2026-06-09 23:53:08,287 - INFO - 
=== rotina abrir_selecao_colar_os ===
2026-06-09 23:53:08,344 - INFO - Janela de seleção aberta
2026-06-09 23:53:12,568 - INFO - DEBUG: idx=19, inicio=475, fim=500
2026-06-09 23:53:12,569 - INFO - ✅ 25 OS copiadas para a área de transferência.
2026-06-09 23:53:12,569 - INFO - 📋 Lote 20 copiado.
2026-06-09 23:53:20,886 - INFO - ⌛ Esperando mudança visual...
2026-06-09 23:53:21,902 - INFO - ⌛ Esperando mudança visual...
2026-06-09 23:53:22,922 - INFO - ⌛ Esperando mudança visual...
2026-06-09 23:53:23,935 - INFO - ⌛ Esperando mudança visual...
2026-06-09 23:53:24,949 - INFO - ⌛ Esperando mudança visual...
2026-06-09 23:53:25,967 - INFO - ⌛ Esperando mudança visual...
2026-06-09 23:53:26,985 - INFO - ⌛ Esperando mudança visual...
2026-06-09 23:53:27,996 - INFO - ⌛ Esperando mudança visual...
2026-06-09 23:53:29,016 - INFO - ⌛ Esperando mudança visual...
2026-06-09 23:53:30,032 - INFO - ✅ Tela carregada!
2026-06-09 23:53:34,033 - INFO - 
=== rotina desbloquear_os ===
2026-06-09 23:54:00,498 - INFO - ⌛ Aguardando janela de confirmação de desbloqueio...
2026-06-09 23:54:15,940 - INFO - 🟨 Registros desbloqueados com sucesso
2026-06-09 23:54:20,043 - INFO - 
=== rotina editar_os ===
2026-06-09 23:54:29,454 - INFO - ⌛ Aguardando janela de edição de OS...
2026-06-09 23:54:44,936 - INFO - 🟨 OS programadas detectadas
2026-06-09 23:54:48,040 - INFO - ⌛ Aguardando janela de edição de OS...
2026-06-09 23:55:03,486 - INFO - 🟨 Janela de edição de OS detectada
2026-06-09 23:55:24,843 - INFO - 🟨 Janela de edição de habilidade da turma detectada
2026-06-09 23:56:43,168 - INFO - ⌛ Aguardando detecção do campo de caracteristica 'EQUIPE PRÓPRIA OU EPS' ...
2026-06-09 23:57:02,532 - INFO - 🟨 campo de caracteristica 'EQUIPE PRÓPRIA OU EPS detectado
2026-06-09 23:57:24,329 - INFO - ⌛ Aguardando confirmação 4 - editar OS...
2026-06-09 23:57:39,853 - INFO - ⌛ Aguardando confirmação 4 - editar OS...
2026-06-09 23:57:55,350 - INFO - ⌛ Aguardando confirmação 4 - editar OS...
2026-06-09 23:58:10,853 - INFO - 🟨 Janela de confirmação 4 de edição de OS detectada
2026-06-09 23:58:14,956 - INFO - 
=== rotina programar_os ===
2026-06-09 23:58:41,516 - INFO - ⌛ Aguardando janela de confirmação de programação de OS...
2026-06-09 23:59:06,997 - INFO - 🟨 Janela de confirmação de programação de OS detectada
2026-06-09 23:59:20,256 - INFO - 🟨 Janela de aviso de edição de OS programadas detectada
2026-06-09 23:59:27,484 - INFO - ⌛ aguardando janela de programação de lote de OS...
2026-06-09 23:59:52,991 - INFO - 🟨 Janela de aviso de substituição de lote de OS detectada
2026-06-10 00:00:13,103 - INFO - ⌛ aguardando janela de programação de lote de OS...
2026-06-10 00:00:38,635 - INFO - ⌛ aguardando janela de programação de lote de OS...
2026-06-10 00:01:04,143 - INFO - ⌛ aguardando janela de programação de lote de OS...
2026-06-10 00:01:29,633 - INFO - ⌛ aguardando janela de programação de lote de OS...
2026-06-10 00:01:55,198 - INFO - ⌛ aguardando janela de programação de lote de OS...
2026-06-10 00:02:20,787 - INFO - ⌛ aguardando janela de programação de lote de OS...
2026-06-10 00:02:46,312 - INFO - ⌛ aguardando janela de programação de lote de OS...
2026-06-10 00:03:11,816 - INFO - ⌛ aguardando janela de programação de lote de OS...
2026-06-10 00:03:37,348 - INFO - ⌛ aguardando janela de programação de lote de OS...
2026-06-10 00:04:02,871 - INFO - ⌛ aguardando janela de programação de lote de OS...
2026-06-10 00:04:28,396 - INFO - ⌛ aguardando janela de programação de lote de OS...
2026-06-10 00:04:53,939 - INFO - ⌛ aguardando janela de programação de lote de OS...
2026-06-10 00:05:19,442 - INFO - ⌛ aguardando janela de programação de lote de OS...
2026-06-10 00:05:44,932 - INFO - ⌛ aguardando janela de programação de lote de OS...
2026-06-10 00:06:10,423 - INFO - ⌛ aguardando janela de programação de lote de OS...
2026-06-10 00:06:35,912 - INFO - ⌛ aguardando janela de programação de lote de OS...
2026-06-10 00:07:01,447 - INFO - ⌛ aguardando janela de programação de lote de OS...
2026-06-10 00:07:26,987 - INFO - ⌛ aguardando janela de programação de lote de OS...
2026-06-10 00:07:52,498 - INFO - ⌛ aguardando janela de programação de lote de OS...
2026-06-10 00:08:18,072 - INFO - ⌛ aguardando janela de programação de lote de OS...
2026-06-10 00:08:43,614 - INFO - ⌛ aguardando janela de programação de lote de OS...
2026-06-10 00:09:09,136 - INFO - ⌛ aguardando janela de programação de lote de OS...
2026-06-10 00:09:34,639 - INFO - ⌛ aguardando janela de programação de lote de OS...
2026-06-10 00:10:00,164 - INFO - ⌛ aguardando janela de programação de lote de OS...
2026-06-10 00:10:25,673 - INFO - ⌛ aguardando janela de programação de lote de OS...
2026-06-10 00:10:51,161 - INFO - ⌛ aguardando janela de programação de lote de OS...
2026-06-10 00:11:16,639 - INFO - ⌛ aguardando janela de programação de lote de OS...
2026-06-10 00:11:42,139 - INFO - ⌛ aguardando janela de programação de lote de OS...
2026-06-10 00:12:07,703 - INFO - ⌛ aguardando janela de programação de lote de OS...
2026-06-10 00:12:33,289 - INFO - ⌛ aguardando janela de programação de lote de OS...
2026-06-10 00:12:58,797 - INFO - ⌛ aguardando janela de programação de lote de OS...
2026-06-10 00:13:24,336 - INFO - ⌛ aguardando janela de programação de lote de OS...
2026-06-10 00:13:49,860 - INFO - ⌛ aguardando janela de programação de lote de OS...
2026-06-10 00:14:15,408 - INFO - ⌛ aguardando janela de programação de lote de OS...
2026-06-10 00:14:40,946 - INFO - ⌛ aguardando janela de programação de lote de OS...
2026-06-10 00:15:06,467 - INFO - ⌛ aguardando janela de programação de lote de OS...
2026-06-10 00:15:31,994 - INFO - ⌛ aguardando janela de programação de lote de OS...
2026-06-10 00:15:57,517 - INFO - ⌛ aguardando janela de programação de lote de OS...
2026-06-10 00:16:23,058 - INFO - ⌛ aguardando janela de programação de lote de OS...
2026-06-10 00:16:48,600 - INFO - ⌛ aguardando janela de programação de lote de OS...
2026-06-10 00:17:14,142 - INFO - ⌛ aguardando janela de programação de lote de OS...
2026-06-10 00:17:39,733 - INFO - ⌛ aguardando janela de programação de lote de OS...
2026-06-10 00:18:05,321 - INFO - ⌛ aguardando janela de programação de lote de OS...
2026-06-10 00:18:30,858 - INFO - ⌛ aguardando janela de programação de lote de OS...
2026-06-10 00:18:56,389 - INFO - ⌛ aguardando janela de programação de lote de OS...
2026-06-10 00:19:21,873 - INFO - ⌛ aguardando janela de programação de lote de OS...
2026-06-10 00:19:47,338 - INFO - ⌛ aguardando janela de programação de lote de OS...
2026-06-10 00:20:12,821 - INFO - ⌛ aguardando janela de programação de lote de OS...
2026-06-10 00:20:38,311 - INFO - ⌛ aguardando janela de programação de lote de OS...
2026-06-10 00:21:03,779 - INFO - ⌛ aguardando janela de programação de lote de OS...
2026-06-10 00:21:29,279 - INFO - ⌛ aguardando janela de programação de lote de OS...
2026-06-10 00:21:54,784 - INFO - ⌛ aguardando janela de programação de lote de OS...
2026-06-10 00:22:20,286 - INFO - ⌛ aguardando janela de programação de lote de OS...
2026-06-10 00:22:45,778 - INFO - ⌛ aguardando janela de programação de lote de OS...
2026-06-10 00:23:11,291 - INFO - ⌛ aguardando janela de programação de lote de OS...
2026-06-10 00:23:36,825 - INFO - ⌛ aguardando janela de programação de lote de OS...
2026-06-10 00:24:02,328 - INFO - ⌛ aguardando janela de programação de lote de OS...
2026-06-10 00:24:27,801 - INFO - ⌛ aguardando janela de programação de lote de OS...
2026-06-10 00:24:53,285 - INFO - ⌛ aguardando janela de programação de lote de OS...
2026-06-10 00:25:18,776 - INFO - ⌛ aguardando janela de programação de lote de OS...
2026-06-10 00:25:44,277 - INFO - ⌛ aguardando janela de programação de lote de OS...
2026-06-10 00:26:09,769 - INFO - ⌛ aguardando janela de programação de lote de OS...
2026-06-10 00:26:35,256 - INFO - ⌛ aguardando janela de programação de lote de OS...
2026-06-10 00:27:00,806 - INFO - ⌛ aguardando janela de programação de lote de OS...
2026-06-10 00:27:26,313 - INFO - ⌛ aguardando janela de programação de lote de OS...
2026-06-10 00:27:51,821 - INFO - ⌛ aguardando janela de programação de lote de OS...
2026-06-10 00:28:17,362 - INFO - ⌛ aguardando janela de programação de lote de OS...
2026-06-10 00:28:42,871 - INFO - ⌛ aguardando janela de programação de lote de OS...
2026-06-10 00:29:08,381 - INFO - ⌛ aguardando janela de programação de lote de OS...
2026-06-10 00:29:33,903 - INFO - ⌛ aguardando janela de programação de lote de OS...
2026-06-10 00:29:59,411 - INFO - ⌛ aguardando janela de programação de lote de OS...
2026-06-10 00:30:24,946 - INFO - ⌛ aguardando janela de programação de lote de OS...
2026-06-10 00:30:50,495 - INFO - ⌛ aguardando janela de programação de lote de OS...
2026-06-10 00:31:16,002 - INFO - ⌛ aguardando janela de programação de lote de OS...
2026-06-10 00:31:41,528 - INFO - ⌛ aguardando janela de programação de lote de OS...
2026-06-10 00:32:07,071 - INFO - ⌛ aguardando janela de programação de lote de OS...
2026-06-10 00:32:32,646 - INFO - ⌛ aguardando janela de programação de lote de OS...
2026-06-10 00:32:58,170 - INFO - ⌛ aguardando janela de programação de lote de OS...
2026-06-10 00:33:23,699 - INFO - ⌛ aguardando janela de programação de lote de OS...
2026-06-10 00:33:49,292 - INFO - ⌛ aguardando janela de programação de lote de OS...
2026-06-10 00:34:14,783 - INFO - ⌛ aguardando janela de programação de lote de OS...
2026-06-10 00:34:40,261 - INFO - ⌛ aguardando janela de programação de lote de OS...
2026-06-10 00:35:05,759 - INFO - ⌛ aguardando janela de programação de lote de OS...
2026-06-10 00:35:31,290 - INFO - ⌛ aguardando janela de programação de lote de OS...
2026-06-10 00:35:56,824 - INFO - ⌛ aguardando janela de programação de lote de OS...
2026-06-10 00:36:22,367 - INFO - ⌛ aguardando janela de programação de lote de OS...
2026-06-10 00:36:47,994 - INFO - ⌛ aguardando janela de programação de lote de OS...
2026-06-10 00:37:13,616 - INFO - ⌛ aguardando janela de programação de lote de OS...
2026-06-10 00:37:39,173 - INFO - ⌛ aguardando janela de programação de lote de OS...
2026-06-10 00:38:04,666 - INFO - ⌛ aguardando janela de programação de lote de OS...
2026-06-10 00:38:30,197 - INFO - ⌛ aguardando janela de programação de lote de OS...
2026-06-10 00:38:55,781 - INFO - ⌛ aguardando janela de programação de lote de OS...
2026-06-10 00:39:21,322 - INFO - verificando janela oculta
2026-06-10 00:39:41,787 - INFO - ⏱️ Tempo limite atingido. Abortando seleção
2026-06-10 00:39:41,787 - INFO - Capturando print...
