2026-01-29 10:11:06,622 - INFO - Data hoje: 29/01/2026
2026-01-29 10:11:06,626 - INFO - Data de referência: 31/01/2026
2026-01-29 10:12:41,447 - INFO - 
Qtde OS de LINHA VIVA: 1285
2026-01-29 10:12:41,447 - INFO - Qtde OS poda de LINHA MORTA: 754
2026-01-29 10:12:41,447 - INFO - 
Qtde OS estrutural de LINHA MORTA : 15
2026-01-29 10:12:41,447 - INFO - Qtde OS poda de LINHA MORTA fora carteira: 1768
2026-01-29 10:12:41,447 - INFO - Qtde OS para desprogramar: 99025
2026-01-29 10:12:41,447 - INFO - 
 Qtd de lotes de LM: 31
2026-01-29 10:12:41,447 - INFO - 
 Qtd de lotes de LV: 52
2026-01-29 10:12:41,447 - INFO - 
 Qtd de lotes de ESTRUTURAL LM: 1
2026-01-29 10:12:41,447 - INFO - 
 Qtd de lotes de LEVE: 71
2026-01-29 10:12:41,447 - INFO - 
 Qtd de lotes para desprogramar: 3961
2026-01-29 10:12:41,447 - INFO - 
=== Iniciando lote 1/1 [REDES] ===
2026-01-29 10:12:47,851 - INFO - Janela de seleção aberta
2026-01-29 10:12:52,103 - INFO - DEBUG: idx=0, inicio=0, fim=25
2026-01-29 10:12:52,103 - INFO - ✅ 15 OS copiadas para a área de transferência.
2026-01-29 10:12:52,103 - INFO - 📋 Lote 1 copiado.
2026-01-29 10:13:00,426 - INFO - ⌛ Esperando mudança visual...
2026-01-29 10:13:01,441 - INFO - ✅ Tela carregada!
2026-01-29 10:13:11,929 - INFO - ⌛ Aguardando janela de confirmação de desbloqueio...
2026-01-29 10:13:22,326 - INFO - 🟨 Registros desbloqueados com sucesso
2026-01-29 10:13:35,861 - INFO - 🟨 OS programadas detectadas
2026-01-29 10:13:39,034 - INFO - ⌛ Aguardando janela de edição de OS...
2026-01-29 10:13:54,437 - INFO - 🟨 Janela de edição de OS detectada
2026-01-29 10:14:15,813 - INFO - 🟨 Janela de edição de habilidade da turma detectada
2026-01-29 10:15:04,128 - INFO - ⌛ Aguardando detecção do campo de caracteristica 'EQUIPE PRÓPRIA OU EPS' ...
2026-01-29 10:15:23,483 - INFO - 🟨 campo de caracteristica 'EQUIPE PRÓPRIA OU EPS detectado
2026-01-29 10:15:45,226 - INFO - ⌛ Aguardando confirmação 4 - editar OS...
2026-01-29 10:16:00,572 - INFO - ⌛ Aguardando confirmação 4 - editar OS...
2026-01-29 10:16:15,944 - INFO - 🟨 Janela de confirmação 4 de edição de OS detectada
2026-01-29 10:16:46,648 - INFO - 🟨 OS planejadas detectadas
2026-01-29 10:16:54,957 - INFO - 🟨 Janela de aviso de edição de OS programadas detectada
2026-01-29 10:16:59,223 - INFO - ⌛ aguardando janela de programação de lote de OS...
2026-01-29 10:17:09,659 - INFO - 🟨 Janela de aviso de substituição de lote de OS detectada
2026-01-29 10:17:15,922 - INFO - ⌛ aguardando janela de programação de lote de OS...
2026-01-29 10:17:26,374 - INFO - ⌛ aguardando janela de programação de lote de OS...
2026-01-29 10:17:36,844 - INFO - 🟨 Janela de programação de lote de OS detectada
2026-01-29 10:18:04,285 - INFO - ⌛ aguardando janela de confirmação de programação de lote de OS...
2026-01-29 10:18:14,647 - INFO - 🟨 Janela de confirmação de programação de lote de OS detectada
2026-01-29 10:18:18,920 - INFO - ⌛ aguardando confirmação final de programação do lote
2026-01-29 10:18:29,408 - INFO - 🟨 programação do lote 1 efetuado com sucesso
2026-01-29 10:18:39,566 - INFO - 
=== Iniciando lote 1/31 [LM] ===
2026-01-29 10:18:45,916 - INFO - Janela de seleção aberta
2026-01-29 10:18:50,149 - INFO - DEBUG: idx=0, inicio=0, fim=25
2026-01-29 10:18:50,149 - INFO - ✅ 25 OS copiadas para a área de transferência.
2026-01-29 10:18:50,149 - INFO - 📋 Lote 1 copiado.
2026-01-29 10:18:58,492 - INFO - ⌛ Esperando mudança visual...
2026-01-29 10:18:59,507 - INFO - ⌛ Esperando mudança visual...
2026-01-29 10:19:00,523 - INFO - ⌛ Esperando mudança visual...
2026-01-29 10:19:01,538 - INFO - ⌛ Esperando mudança visual...
2026-01-29 10:19:02,562 - INFO - ⌛ Esperando mudança visual...
2026-01-29 10:19:03,577 - INFO - ⌛ Esperando mudança visual...
2026-01-29 10:19:04,594 - INFO - ⌛ Esperando mudança visual...
2026-01-29 10:19:05,610 - INFO - ⌛ Esperando mudança visual...
2026-01-29 10:19:06,617 - INFO - ⌛ Esperando mudança visual...
2026-01-29 10:19:07,633 - INFO - ⌛ Esperando mudança visual...
2026-01-29 10:19:08,665 - INFO - ⌛ Esperando mudança visual...
2026-01-29 10:19:09,681 - INFO - ✅ Tela carregada!
2026-01-29 10:19:20,173 - INFO - ⌛ Aguardando janela de confirmação de desbloqueio...
2026-01-29 10:19:30,604 - INFO - 🟨 Registros desbloqueados com sucesso
2026-01-29 10:19:44,118 - INFO - ⌛ Aguardando janela de edição de OS...
2026-01-29 10:19:59,525 - INFO - 🟨 OS programadas detectadas
2026-01-29 10:20:02,673 - INFO - ⌛ Aguardando janela de edição de OS...
2026-01-29 10:20:18,068 - INFO - 🟨 Janela de edição de OS detectada
2026-01-29 10:20:39,433 - INFO - 🟨 Janela de edição de habilidade da turma detectada
2026-01-29 10:21:27,736 - INFO - ⌛ Aguardando detecção do campo de caracteristica 'EQUIPE PRÓPRIA OU EPS' ...
2026-01-29 10:21:47,096 - INFO - 🟨 campo de caracteristica 'EQUIPE PRÓPRIA OU EPS detectado
2026-01-29 10:22:08,814 - INFO - ⌛ Aguardando confirmação 4 - editar OS...
2026-01-29 10:22:24,162 - INFO - ⌛ Aguardando confirmação 4 - editar OS...
2026-01-29 10:22:39,517 - INFO - ⌛ Aguardando confirmação 4 - editar OS...
2026-01-29 10:22:54,891 - INFO - 🟨 Janela de confirmação 4 de edição de OS detectada
2026-01-29 10:23:25,613 - INFO - 🟨 OS planejadas detectadas
2026-01-29 11:40:56,243 - INFO - Data hoje: 29/01/2026
2026-01-29 11:40:56,243 - INFO - Data de referência: 31/01/2026
2026-01-29 11:41:42,303 - INFO - Data hoje: 29/01/2026
2026-01-29 11:41:42,303 - INFO - Data de referência: 31/01/2026
2026-01-29 11:43:20,672 - INFO - 
Qtde OS de LINHA VIVA: 613
2026-01-29 11:43:20,672 - INFO - Qtde OS poda de LINHA MORTA: 66
2026-01-29 11:43:20,672 - INFO - 
Qtde OS estrutural de LINHA MORTA : 4
2026-01-29 11:43:20,672 - INFO - Qtde OS poda de LINHA MORTA fora carteira: 1439
2026-01-29 11:43:20,672 - INFO - Qtde OS para desprogramar: 99923
2026-01-29 11:43:20,672 - INFO - 
 Qtd de lotes de LM: 3
2026-01-29 11:43:20,672 - INFO - 
 Qtd de lotes de LV: 25
2026-01-29 11:43:20,672 - INFO - 
 Qtd de lotes de ESTRUTURAL LM: 1
2026-01-29 11:43:20,672 - INFO - 
 Qtd de lotes de LEVE: 58
2026-01-29 11:43:20,672 - INFO - 
 Qtd de lotes para desprogramar: 3997
2026-01-29 11:43:20,672 - INFO - 
=== Iniciando lote 1/3 [LM] ===
2026-01-29 11:43:27,083 - INFO - Janela de seleção aberta
2026-01-29 11:43:31,314 - INFO - DEBUG: idx=0, inicio=0, fim=25
2026-01-29 11:43:31,314 - INFO - ✅ 25 OS copiadas para a área de transferência.
2026-01-29 11:43:31,328 - INFO - 📋 Lote 1 copiado.
2026-01-29 11:43:39,661 - INFO - ⌛ Esperando mudança visual...
2026-01-29 11:43:40,669 - INFO - ⌛ Esperando mudança visual...
2026-01-29 11:43:41,683 - INFO - ⌛ Esperando mudança visual...
2026-01-29 11:43:42,704 - INFO - ⌛ Esperando mudança visual...
2026-01-29 11:43:43,720 - INFO - ⌛ Esperando mudança visual...
2026-01-29 11:43:44,735 - INFO - ⌛ Esperando mudança visual...
2026-01-29 11:43:45,753 - INFO - ⌛ Esperando mudança visual...
2026-01-29 11:43:46,774 - INFO - ⌛ Esperando mudança visual...
2026-01-29 11:43:47,783 - INFO - ⌛ Esperando mudança visual...
2026-01-29 11:43:48,787 - INFO - ⌛ Esperando mudança visual...
2026-01-29 11:43:49,798 - INFO - ⌛ Esperando mudança visual...
2026-01-29 11:43:50,813 - INFO - ✅ Tela carregada!
2026-01-29 11:44:01,298 - INFO - ⌛ Aguardando janela de confirmação de desbloqueio...
2026-01-29 11:44:11,658 - INFO - ⌛ Aguardando janela de confirmação de desbloqueio...
2026-01-29 11:44:22,020 - INFO - 🟨 Registros desbloqueados com sucesso
2026-01-29 11:44:35,544 - INFO - ⌛ Aguardando janela de edição de OS...
2026-01-29 11:44:50,948 - INFO - 🟨 OS programadas detectadas
2026-01-29 11:44:54,116 - INFO - ⌛ Aguardando janela de edição de OS...
2026-01-29 11:45:09,553 - INFO - 🟨 Janela de edição de OS detectada
2026-01-29 11:45:30,922 - INFO - 🟨 Janela de edição de habilidade da turma detectada
2026-01-29 11:46:19,226 - INFO - ⌛ Aguardando detecção do campo de caracteristica 'EQUIPE PRÓPRIA OU EPS' ...
2026-01-29 11:46:38,587 - INFO - 🟨 campo de caracteristica 'EQUIPE PRÓPRIA OU EPS detectado
2026-01-29 11:47:00,331 - INFO - ⌛ Aguardando confirmação 4 - editar OS...
2026-01-29 11:47:15,704 - INFO - ⌛ Aguardando confirmação 4 - editar OS...
2026-01-29 11:47:31,095 - INFO - ⌛ Aguardando confirmação 4 - editar OS...
2026-01-29 11:47:46,477 - INFO - 🟨 Janela de confirmação 4 de edição de OS detectada
2026-01-29 11:48:17,212 - INFO - 🟨 OS planejadas detectadas
2026-01-29 11:48:25,486 - INFO - ⌛ aguardando janela de programação de lote de OS...
2026-01-29 11:48:35,940 - INFO - ⌛ aguardando janela de programação de lote de OS...
2026-01-29 11:48:46,462 - INFO - ⌛ aguardando janela de programação de lote de OS...
2026-01-29 11:48:57,019 - INFO - ⌛ aguardando janela de programação de lote de OS...
2026-01-29 11:49:07,531 - INFO - ⌛ aguardando janela de programação de lote de OS...
2026-01-29 11:49:18,153 - INFO - ⌛ aguardando janela de programação de lote de OS...
2026-01-29 11:53:37,249 - INFO - Data hoje: 29/01/2026
2026-01-29 11:53:37,249 - INFO - Data de referência: 31/01/2026
2026-01-29 11:55:11,528 - INFO - 
Qtde OS de LINHA VIVA: 613
2026-01-29 11:55:11,528 - INFO - Qtde OS poda de LINHA MORTA: 66
2026-01-29 11:55:11,528 - INFO - 
Qtde OS estrutural de LINHA MORTA : 4
2026-01-29 11:55:11,528 - INFO - Qtde OS poda de LINHA MORTA fora carteira: 1439
2026-01-29 11:55:11,528 - INFO - Qtde OS para desprogramar: 99923
2026-01-29 11:55:11,528 - INFO - 
 Qtd de lotes de LM: 3
2026-01-29 11:55:11,528 - INFO - 
 Qtd de lotes de LV: 25
2026-01-29 11:55:11,528 - INFO - 
 Qtd de lotes de ESTRUTURAL LM: 1
2026-01-29 11:55:11,528 - INFO - 
 Qtd de lotes de LEVE: 58
2026-01-29 11:55:11,528 - INFO - 
 Qtd de lotes para desprogramar: 3997
2026-01-29 11:55:11,528 - INFO - 
=== Iniciando lote 1/3 [LM] ===
2026-01-29 11:55:44,106 - INFO - 🟨 OS planejadas detectadas
2026-01-29 11:55:52,358 - INFO - ⌛ aguardando janela de programação de lote de OS...
2026-01-29 11:56:02,840 - INFO - ⌛ aguardando janela de programação de lote de OS...
2026-01-29 11:56:35,908 - INFO - Data hoje: 29/01/2026
2026-01-29 11:56:35,908 - INFO - Data de referência: 31/01/2026
2026-01-29 11:58:15,308 - INFO - 
Qtde OS de LINHA VIVA: 613
2026-01-29 11:58:15,308 - INFO - Qtde OS poda de LINHA MORTA: 66
2026-01-29 11:58:15,308 - INFO - 
Qtde OS estrutural de LINHA MORTA : 4
2026-01-29 11:58:15,308 - INFO - Qtde OS poda de LINHA MORTA fora carteira: 1439
2026-01-29 11:58:15,308 - INFO - Qtde OS para desprogramar: 99923
2026-01-29 11:58:15,308 - INFO - 
 Qtd de lotes de LM: 3
2026-01-29 11:58:15,308 - INFO - 
 Qtd de lotes de LV: 25
2026-01-29 11:58:15,308 - INFO - 
 Qtd de lotes de ESTRUTURAL LM: 1
2026-01-29 11:58:15,308 - INFO - 
 Qtd de lotes de LEVE: 58
2026-01-29 11:58:15,308 - INFO - 
 Qtd de lotes para desprogramar: 3997
2026-01-29 11:58:15,308 - INFO - 
=== Iniciando lote 1/3 [LM] ===
2026-01-29 11:58:47,803 - INFO - ⌛ Aguardando janela de confirmação de programação de OS...
2026-01-29 11:58:58,175 - INFO - 🟨 Janela de confirmação de programação de OS detectada
2026-01-29 11:59:11,494 - INFO - 🟨 Janela de aviso de edição de OS programadas detectada
2026-01-29 11:59:15,776 - INFO - ⌛ aguardando janela de programação de lote de OS...
2026-01-29 11:59:26,264 - INFO - 🟨 Janela de aviso de substituição de lote de OS detectada
2026-01-29 11:59:32,530 - INFO - ⌛ aguardando janela de programação de lote de OS...
2026-01-29 11:59:42,982 - INFO - ⌛ aguardando janela de programação de lote de OS...
2026-01-29 11:59:53,490 - INFO - 🟨 Janela de programação de lote de OS detectada
2026-01-29 12:00:20,905 - INFO - ⌛ aguardando janela de confirmação de programação de lote de OS...
2026-01-29 12:00:31,268 - INFO - 🟨 Janela de confirmação de programação de lote de OS detectada
2026-01-29 12:00:35,529 - INFO - ⌛ aguardando confirmação final de programação do lote
2026-01-29 12:00:45,911 - INFO - ⌛ aguardando confirmação final de programação do lote
2026-01-29 12:00:56,337 - INFO - 🟨 programação do lote 1 efetuado com sucesso
2026-01-29 12:01:06,493 - INFO - 
=== Iniciando lote 2/3 [LM] ===
2026-01-29 12:02:27,260 - INFO - Data hoje: 29/01/2026
2026-01-29 12:02:27,260 - INFO - Data de referência: 31/01/2026
2026-01-29 12:04:03,793 - INFO - 
Qtde OS de LINHA VIVA: 613
2026-01-29 12:04:03,793 - INFO - Qtde OS poda de LINHA MORTA: 66
2026-01-29 12:04:03,793 - INFO - 
Qtde OS estrutural de LINHA MORTA : 4
2026-01-29 12:04:03,793 - INFO - Qtde OS poda de LINHA MORTA fora carteira: 1441
2026-01-29 12:04:03,793 - INFO - Qtde OS para desprogramar: 99953
2026-01-29 12:04:03,793 - INFO - 
 Qtd de lotes de LM: 3
2026-01-29 12:04:03,793 - INFO - 
 Qtd de lotes de LV: 25
2026-01-29 12:04:03,793 - INFO - 
 Qtd de lotes de ESTRUTURAL LM: 1
2026-01-29 12:04:03,793 - INFO - 
 Qtd de lotes de LEVE: 58
2026-01-29 12:04:03,793 - INFO - 
 Qtd de lotes para desprogramar: 3999
2026-01-29 12:04:03,793 - INFO - 
=== Iniciando lote 3/3 [LM] ===
2026-01-29 12:04:10,194 - INFO - Janela de seleção aberta
2026-01-29 12:04:14,433 - INFO - DEBUG: idx=2, inicio=50, fim=75
2026-01-29 12:04:14,433 - INFO - ✅ 16 OS copiadas para a área de transferência.
2026-01-29 12:04:14,433 - INFO - 📋 Lote 3 copiado.
2026-01-29 12:04:22,761 - INFO - ⌛ Esperando mudança visual...
2026-01-29 12:04:23,771 - INFO - ⌛ Esperando mudança visual...
2026-01-29 12:04:24,788 - INFO - ⌛ Esperando mudança visual...
2026-01-29 12:04:25,809 - INFO - ⌛ Esperando mudança visual...
2026-01-29 12:04:26,819 - INFO - ⌛ Esperando mudança visual...
2026-01-29 12:04:27,836 - INFO - ⌛ Esperando mudança visual...
2026-01-29 12:04:28,853 - INFO - ⌛ Esperando mudança visual...
2026-01-29 12:04:29,870 - INFO - ⌛ Esperando mudança visual...
2026-01-29 12:04:30,873 - INFO - ⌛ Esperando mudança visual...
2026-01-29 12:04:31,883 - INFO - ⌛ Esperando mudança visual...
2026-01-29 12:04:32,896 - INFO - ⌛ Esperando mudança visual...
2026-01-29 12:04:33,930 - INFO - ✅ Tela carregada!
2026-01-29 12:04:44,417 - INFO - ⌛ Aguardando janela de confirmação de desbloqueio...
2026-01-29 12:04:54,773 - INFO - 🟨 Registros desbloqueados com sucesso
2026-01-29 12:05:08,295 - INFO - 🟨 OS programadas detectadas
2026-01-29 12:05:11,477 - INFO - ⌛ Aguardando janela de edição de OS...
2026-01-29 12:05:26,866 - INFO - 🟨 Janela de edição de OS detectada
2026-01-29 12:05:48,224 - INFO - 🟨 Janela de edição de habilidade da turma detectada
2026-01-29 12:06:36,540 - INFO - ⌛ Aguardando detecção do campo de caracteristica 'EQUIPE PRÓPRIA OU EPS' ...
2026-01-29 12:06:55,898 - INFO - 🟨 campo de caracteristica 'EQUIPE PRÓPRIA OU EPS detectado
2026-01-29 12:07:17,664 - INFO - ⌛ Aguardando confirmação 4 - editar OS...
2026-01-29 12:07:33,037 - INFO - ⌛ Aguardando confirmação 4 - editar OS...
2026-01-29 12:07:48,437 - INFO - 🟨 Janela de confirmação 4 de edição de OS detectada
2026-01-29 12:08:19,101 - INFO - ⌛ Aguardando janela de confirmação de programação de OS...
2026-01-29 12:08:29,540 - INFO - 🟨 Janela de confirmação de programação de OS detectada
2026-01-29 12:08:42,854 - INFO - 🟨 Janela de aviso de edição de OS programadas detectada
2026-01-29 12:08:47,132 - INFO - ⌛ aguardando janela de programação de lote de OS...
2026-01-29 12:08:57,621 - INFO - 🟨 Janela de aviso de substituição de lote de OS detectada
2026-01-29 12:09:03,887 - INFO - ⌛ aguardando janela de programação de lote de OS...
2026-01-29 12:09:14,363 - INFO - ⌛ aguardando janela de programação de lote de OS...
2026-01-29 12:09:24,913 - INFO - 🟨 Janela de programação de lote de OS detectada
2026-01-29 12:09:52,320 - INFO - ⌛ aguardando janela de confirmação de programação de lote de OS...
2026-01-29 12:10:02,691 - INFO - 🟨 Janela de confirmação de programação de lote de OS detectada
2026-01-29 12:10:06,972 - INFO - ⌛ aguardando confirmação final de programação do lote
2026-01-29 12:10:17,426 - INFO - 🟨 programação do lote 3 efetuado com sucesso
2026-01-29 12:10:27,590 - INFO - 
=== Iniciando lote 1/25 [LV] ===
2026-01-29 12:10:33,947 - INFO - Janela de seleção aberta
2026-01-29 12:10:38,175 - INFO - DEBUG: idx=0, inicio=0, fim=25
2026-01-29 12:10:38,175 - INFO - ✅ 25 OS copiadas para a área de transferência.
2026-01-29 12:10:38,175 - INFO - 📋 Lote 1 copiado.
2026-01-29 12:10:46,513 - INFO - ⌛ Esperando mudança visual...
2026-01-29 12:10:47,531 - INFO - ⌛ Esperando mudança visual...
2026-01-29 12:10:48,547 - INFO - ⌛ Esperando mudança visual...
2026-01-29 12:10:49,550 - INFO - ⌛ Esperando mudança visual...
2026-01-29 12:10:50,561 - INFO - ⌛ Esperando mudança visual...
2026-01-29 12:10:51,564 - INFO - ⌛ Esperando mudança visual...
2026-01-29 12:10:52,592 - INFO - ⌛ Esperando mudança visual...
2026-01-29 12:10:53,608 - INFO - ⌛ Esperando mudança visual...
2026-01-29 12:10:54,625 - INFO - ⌛ Esperando mudança visual...
2026-01-29 12:10:55,640 - INFO - ⌛ Esperando mudança visual...
2026-01-29 12:10:56,656 - INFO - ✅ Tela carregada!
2026-01-29 12:11:07,122 - INFO - ⌛ Aguardando janela de confirmação de desbloqueio...
2026-01-29 12:11:17,523 - INFO - 🟨 Registros desbloqueados com sucesso
2026-01-29 12:11:31,067 - INFO - 🟨 OS programadas detectadas
2026-01-29 12:11:34,234 - INFO - ⌛ Aguardando janela de edição de OS...
2026-01-29 12:11:49,654 - INFO - 🟨 Janela de edição de OS detectada
2026-01-29 12:12:11,003 - INFO - 🟨 Janela de edição de habilidade da turma detectada
2026-01-29 12:12:59,327 - INFO - ⌛ Aguardando detecção do campo de caracteristica 'EQUIPE PRÓPRIA OU EPS' ...
2026-01-29 12:13:18,698 - INFO - 🟨 campo de caracteristica 'EQUIPE PRÓPRIA OU EPS detectado
2026-01-29 12:13:40,489 - INFO - ⌛ Aguardando confirmação 4 - editar OS...
2026-01-29 12:13:55,927 - INFO - ⌛ Aguardando confirmação 4 - editar OS...
2026-01-29 12:14:11,331 - INFO - 🟨 Janela de confirmação 4 de edição de OS detectada
2026-01-29 12:14:42,012 - INFO - ⌛ Aguardando janela de confirmação de programação de OS...
2026-01-29 12:14:52,453 - INFO - 🟨 Janela de confirmação de programação de OS detectada
2026-01-29 12:15:05,793 - INFO - 🟨 Janela de aviso de edição de OS programadas detectada
2026-01-29 12:15:10,069 - INFO - ⌛ aguardando janela de programação de lote de OS...
2026-01-29 12:15:20,541 - INFO - 🟨 Janela de aviso de substituição de lote de OS detectada
2026-01-29 12:15:26,806 - INFO - ⌛ aguardando janela de programação de lote de OS...
2026-01-29 12:15:37,260 - INFO - ⌛ aguardando janela de programação de lote de OS...
2026-01-29 12:15:47,731 - INFO - 🟨 Janela de programação de lote de OS detectada
2026-01-29 12:16:15,165 - INFO - ⌛ aguardando janela de confirmação de programação de lote de OS...
2026-01-29 12:16:25,512 - INFO - 🟨 Janela de confirmação de programação de lote de OS detectada
2026-01-29 12:16:29,799 - INFO - ⌛ aguardando confirmação final de programação do lote
2026-01-29 12:16:40,254 - INFO - ⌛ aguardando confirmação final de programação do lote
2026-01-29 12:16:50,700 - INFO - 🟨 programação do lote 1 efetuado com sucesso
2026-01-29 12:17:00,870 - INFO - 
=== Iniciando lote 2/25 [LV] ===
2026-01-29 12:17:07,223 - INFO - Janela de seleção aberta
2026-01-29 12:17:11,452 - INFO - DEBUG: idx=1, inicio=25, fim=50
2026-01-29 12:17:11,452 - INFO - ✅ 25 OS copiadas para a área de transferência.
2026-01-29 12:17:11,452 - INFO - 📋 Lote 2 copiado.
2026-01-29 12:17:19,795 - INFO - ⌛ Esperando mudança visual...
2026-01-29 12:17:20,812 - INFO - ⌛ Esperando mudança visual...
2026-01-29 12:17:21,826 - INFO - ⌛ Esperando mudança visual...
2026-01-29 12:17:22,841 - INFO - ⌛ Esperando mudança visual...
2026-01-29 12:17:23,857 - INFO - ⌛ Esperando mudança visual...
2026-01-29 12:17:24,872 - INFO - ⌛ Esperando mudança visual...
2026-01-29 12:17:25,888 - INFO - ⌛ Esperando mudança visual...
2026-01-29 12:17:26,905 - INFO - ⌛ Esperando mudança visual...
2026-01-29 12:17:27,919 - INFO - ⌛ Esperando mudança visual...
2026-01-29 12:17:28,935 - INFO - ⌛ Esperando mudança visual...
2026-01-29 12:17:29,952 - INFO - ✅ Tela carregada!
2026-01-29 12:17:40,425 - INFO - ⌛ Aguardando janela de confirmação de desbloqueio...
2026-01-29 12:17:50,835 - INFO - 🟨 Registros desbloqueados com sucesso
2026-01-29 12:18:04,354 - INFO - 🟨 OS programadas detectadas
2026-01-29 12:18:07,529 - INFO - ⌛ Aguardando janela de edição de OS...
2026-01-29 12:18:22,932 - INFO - 🟨 Janela de edição de OS detectada
2026-01-29 12:18:44,315 - INFO - 🟨 Janela de edição de habilidade da turma detectada
2026-01-29 12:19:32,630 - INFO - ⌛ Aguardando detecção do campo de caracteristica 'EQUIPE PRÓPRIA OU EPS' ...
2026-01-29 12:19:51,983 - INFO - 🟨 campo de caracteristica 'EQUIPE PRÓPRIA OU EPS detectado
2026-01-29 12:20:13,744 - INFO - ⌛ Aguardando confirmação 4 - editar OS...
2026-01-29 12:20:29,126 - INFO - ⌛ Aguardando confirmação 4 - editar OS...
2026-01-29 12:20:44,523 - INFO - 🟨 Janela de confirmação 4 de edição de OS detectada
2026-01-29 12:21:15,180 - INFO - ⌛ Aguardando janela de confirmação de programação de OS...
2026-01-29 12:21:25,551 - INFO - 🟨 Janela de confirmação de programação de OS detectada
2026-01-29 12:21:38,861 - INFO - 🟨 Janela de aviso de edição de OS programadas detectada
2026-01-29 12:21:43,151 - INFO - ⌛ aguardando janela de programação de lote de OS...
2026-01-29 12:21:53,749 - INFO - 🟨 Janela de aviso de substituição de lote de OS detectada
2026-01-29 12:22:00,017 - INFO - ⌛ aguardando janela de programação de lote de OS...
2026-01-29 12:22:10,515 - INFO - ⌛ aguardando janela de programação de lote de OS...
2026-01-29 12:22:21,024 - INFO - 🟨 Janela de programação de lote de OS detectada
2026-01-29 12:22:48,477 - INFO - ⌛ aguardando janela de confirmação de programação de lote de OS...
2026-01-29 12:22:58,907 - INFO - 🟨 Janela de confirmação de programação de lote de OS detectada
2026-01-29 12:23:03,184 - INFO - ⌛ aguardando confirmação final de programação do lote
2026-01-29 12:23:13,628 - INFO - ⌛ aguardando confirmação final de programação do lote
2026-01-29 12:23:24,084 - INFO - 🟨 programação do lote 2 efetuado com sucesso
2026-01-29 12:23:34,246 - INFO - 
=== Iniciando lote 3/25 [LV] ===
2026-01-29 12:23:40,596 - INFO - Janela de seleção aberta
2026-01-29 12:23:44,830 - INFO - DEBUG: idx=2, inicio=50, fim=75
2026-01-29 12:23:44,830 - INFO - ✅ 25 OS copiadas para a área de transferência.
2026-01-29 12:23:44,830 - INFO - 📋 Lote 3 copiado.
2026-01-29 12:23:53,185 - INFO - ⌛ Esperando mudança visual...
2026-01-29 12:23:54,188 - INFO - ⌛ Esperando mudança visual...
2026-01-29 12:23:55,219 - INFO - ⌛ Esperando mudança visual...
2026-01-29 12:23:56,236 - INFO - ⌛ Esperando mudança visual...
2026-01-29 12:23:57,252 - INFO - ⌛ Esperando mudança visual...
2026-01-29 12:23:58,268 - INFO - ⌛ Esperando mudança visual...
2026-01-29 12:23:59,284 - INFO - ⌛ Esperando mudança visual...
2026-01-29 12:24:00,298 - INFO - ⌛ Esperando mudança visual...
2026-01-29 12:24:01,314 - INFO - ⌛ Esperando mudança visual...
2026-01-29 12:24:02,329 - INFO - ⌛ Esperando mudança visual...
2026-01-29 12:24:03,350 - INFO - ✅ Tela carregada!
2026-01-29 12:24:13,836 - INFO - ⌛ Aguardando janela de confirmação de desbloqueio...
2026-01-29 12:24:24,210 - INFO - 🟨 Registros desbloqueados com sucesso
2026-01-29 12:24:37,718 - INFO - 🟨 OS programadas detectadas
2026-01-29 12:24:40,869 - INFO - ⌛ Aguardando janela de edição de OS...
2026-01-29 12:24:56,247 - INFO - 🟨 Janela de edição de OS detectada
2026-01-29 12:25:17,609 - INFO - 🟨 Janela de edição de habilidade da turma detectada
2026-01-29 12:26:05,901 - INFO - ⌛ Aguardando detecção do campo de caracteristica 'EQUIPE PRÓPRIA OU EPS' ...
2026-01-29 12:26:25,259 - INFO - 🟨 campo de caracteristica 'EQUIPE PRÓPRIA OU EPS detectado
2026-01-29 12:26:47,005 - INFO - ⌛ Aguardando confirmação 4 - editar OS...
2026-01-29 12:27:02,348 - INFO - ⌛ Aguardando confirmação 4 - editar OS...
2026-01-29 12:27:17,696 - INFO - 🟨 Janela de confirmação 4 de edição de OS detectada
2026-01-29 12:27:48,306 - INFO - ⌛ Aguardando janela de confirmação de programação de OS...
2026-01-29 12:27:58,660 - INFO - 🟨 Janela de confirmação de programação de OS detectada
2026-01-29 12:28:11,973 - INFO - 🟨 Janela de aviso de edição de OS programadas detectada
2026-01-29 12:28:16,244 - INFO - ⌛ aguardando janela de programação de lote de OS...
2026-01-29 12:28:26,752 - INFO - 🟨 Janela de aviso de substituição de lote de OS detectada
2026-01-29 12:28:33,011 - INFO - ⌛ aguardando janela de programação de lote de OS...
2026-01-29 12:28:43,476 - INFO - ⌛ aguardando janela de programação de lote de OS...
2026-01-29 12:28:53,963 - INFO - 🟨 Janela de programação de lote de OS detectada
2026-01-29 12:29:21,402 - INFO - ⌛ aguardando janela de confirmação de programação de lote de OS...
2026-01-29 12:29:31,855 - INFO - 🟨 Janela de confirmação de programação de lote de OS detectada
2026-01-29 12:29:36,148 - INFO - ⌛ aguardando confirmação final de programação do lote
2026-01-29 12:29:46,587 - INFO - 🟨 programação do lote 3 efetuado com sucesso
2026-01-29 12:29:56,751 - INFO - 
=== Iniciando lote 4/25 [LV] ===
2026-01-29 12:30:03,106 - INFO - Janela de seleção aberta
2026-01-29 12:30:07,337 - INFO - DEBUG: idx=3, inicio=75, fim=100
2026-01-29 12:30:07,337 - INFO - ✅ 25 OS copiadas para a área de transferência.
2026-01-29 12:30:07,337 - INFO - 📋 Lote 4 copiado.
2026-01-29 12:30:15,678 - INFO - ⌛ Esperando mudança visual...
2026-01-29 12:30:16,694 - INFO - ⌛ Esperando mudança visual...
2026-01-29 12:30:17,711 - INFO - ⌛ Esperando mudança visual...
2026-01-29 12:30:18,725 - INFO - ⌛ Esperando mudança visual...
2026-01-29 12:30:19,740 - INFO - ⌛ Esperando mudança visual...
2026-01-29 12:30:20,763 - INFO - ⌛ Esperando mudança visual...
2026-01-29 12:30:21,772 - INFO - ⌛ Esperando mudança visual...
2026-01-29 12:30:22,787 - INFO - ⌛ Esperando mudança visual...
2026-01-29 12:30:23,806 - INFO - ⌛ Esperando mudança visual...
2026-01-29 12:30:24,818 - INFO - ⌛ Esperando mudança visual...
2026-01-29 12:30:25,834 - INFO - ⌛ Esperando mudança visual...
2026-01-29 12:30:26,850 - INFO - ✅ Tela carregada!
2026-01-29 12:30:37,313 - INFO - ⌛ Aguardando janela de confirmação de desbloqueio...
2026-01-29 12:30:47,662 - INFO - ⌛ Aguardando janela de confirmação de desbloqueio...
2026-01-29 12:30:58,062 - INFO - 🟨 Registros desbloqueados com sucesso
2026-01-29 12:31:11,589 - INFO - ⌛ Aguardando janela de edição de OS...
2026-01-29 12:31:26,998 - INFO - 🟨 OS programadas detectadas
2026-01-29 12:31:30,149 - INFO - ⌛ Aguardando janela de edição de OS...
2026-01-29 12:31:45,542 - INFO - 🟨 Janela de edição de OS detectada
2026-01-29 12:32:06,913 - INFO - 🟨 Janela de edição de habilidade da turma detectada
2026-01-29 12:32:55,231 - INFO - ⌛ Aguardando detecção do campo de caracteristica 'EQUIPE PRÓPRIA OU EPS' ...
2026-01-29 12:33:14,584 - INFO - 🟨 campo de caracteristica 'EQUIPE PRÓPRIA OU EPS detectado
2026-01-29 12:33:36,320 - INFO - ⌛ Aguardando confirmação 4 - editar OS...
2026-01-29 12:33:51,667 - INFO - ⌛ Aguardando confirmação 4 - editar OS...
2026-01-29 12:34:07,065 - INFO - 🟨 Janela de confirmação 4 de edição de OS detectada
2026-01-29 12:34:37,738 - INFO - ⌛ Aguardando janela de confirmação de programação de OS...
2026-01-29 12:34:48,123 - INFO - 🟨 Janela de confirmação de programação de OS detectada
2026-01-29 12:35:01,490 - INFO - 🟨 Janela de aviso de edição de OS programadas detectada
2026-01-29 12:35:05,757 - INFO - ⌛ aguardando janela de programação de lote de OS...
2026-01-29 12:35:16,276 - INFO - 🟨 Janela de aviso de substituição de lote de OS detectada
2026-01-29 12:35:22,545 - INFO - ⌛ aguardando janela de programação de lote de OS...
2026-01-29 12:35:33,008 - INFO - ⌛ aguardando janela de programação de lote de OS...
2026-01-29 12:35:43,510 - INFO - 🟨 Janela de programação de lote de OS detectada
2026-01-29 12:36:10,937 - INFO - ⌛ aguardando janela de confirmação de programação de lote de OS...
2026-01-29 12:36:21,289 - INFO - 🟨 Janela de confirmação de programação de lote de OS detectada
2026-01-29 12:36:25,538 - INFO - ⌛ aguardando confirmação final de programação do lote
2026-01-29 12:36:35,936 - INFO - ⌛ aguardando confirmação final de programação do lote
2026-01-29 12:36:46,398 - INFO - 🟨 programação do lote 4 efetuado com sucesso
2026-01-29 12:36:56,556 - INFO - 
=== Iniciando lote 5/25 [LV] ===
2026-01-29 12:37:02,929 - INFO - Janela de seleção aberta
2026-01-29 12:37:07,160 - INFO - DEBUG: idx=4, inicio=100, fim=125
2026-01-29 12:37:07,160 - INFO - ✅ 25 OS copiadas para a área de transferência.
2026-01-29 12:37:07,160 - INFO - 📋 Lote 5 copiado.
2026-01-29 12:37:15,495 - INFO - ⌛ Esperando mudança visual...
2026-01-29 12:37:16,513 - INFO - ⌛ Esperando mudança visual...
2026-01-29 12:37:17,528 - INFO - ⌛ Esperando mudança visual...
2026-01-29 12:37:18,544 - INFO - ⌛ Esperando mudança visual...
2026-01-29 12:37:19,560 - INFO - ⌛ Esperando mudança visual...
2026-01-29 12:37:20,577 - INFO - ⌛ Esperando mudança visual...
2026-01-29 12:37:21,591 - INFO - ⌛ Esperando mudança visual...
2026-01-29 12:37:22,606 - INFO - ⌛ Esperando mudança visual...
2026-01-29 12:37:23,622 - INFO - ⌛ Esperando mudança visual...
2026-01-29 12:37:24,637 - INFO - ⌛ Esperando mudança visual...
2026-01-29 12:37:25,653 - INFO - ✅ Tela carregada!
2026-01-29 12:37:36,143 - INFO - ⌛ Aguardando janela de confirmação de desbloqueio...
2026-01-29 12:37:46,484 - INFO - ⌛ Aguardando janela de confirmação de desbloqueio...
2026-01-29 12:37:56,872 - INFO - 🟨 Registros desbloqueados com sucesso
2026-01-29 12:38:10,408 - INFO - ⌛ Aguardando janela de edição de OS...
2026-01-29 12:38:25,870 - INFO - 🟨 OS programadas detectadas
2026-01-29 12:38:29,022 - INFO - ⌛ Aguardando janela de edição de OS...
2026-01-29 12:38:44,449 - INFO - 🟨 Janela de edição de OS detectada
2026-01-29 12:39:05,812 - INFO - 🟨 Janela de edição de habilidade da turma detectada
2026-01-29 12:39:54,105 - INFO - ⌛ Aguardando detecção do campo de caracteristica 'EQUIPE PRÓPRIA OU EPS' ...
2026-01-29 12:40:13,500 - INFO - 🟨 campo de caracteristica 'EQUIPE PRÓPRIA OU EPS detectado
2026-01-29 12:40:35,259 - INFO - ⌛ Aguardando confirmação 4 - editar OS...
2026-01-29 12:40:50,630 - INFO - ⌛ Aguardando confirmação 4 - editar OS...
2026-01-29 12:41:05,993 - INFO - ⌛ Aguardando confirmação 4 - editar OS...
2026-01-29 12:41:21,385 - INFO - 🟨 Janela de confirmação 4 de edição de OS detectada
2026-01-29 12:41:52,033 - INFO - ⌛ Aguardando janela de confirmação de programação de OS...
2026-01-29 12:42:02,433 - INFO - 🟨 Janela de confirmação de programação de OS detectada
2026-01-29 12:42:15,778 - INFO - 🟨 Janela de aviso de edição de OS programadas detectada
2026-01-29 12:42:20,044 - INFO - ⌛ aguardando janela de programação de lote de OS...
2026-01-29 12:42:30,517 - INFO - 🟨 Janela de aviso de substituição de lote de OS detectada
2026-01-29 12:42:36,778 - INFO - ⌛ aguardando janela de programação de lote de OS...
2026-01-29 12:42:47,234 - INFO - ⌛ aguardando janela de programação de lote de OS...
2026-01-29 12:42:57,737 - INFO - 🟨 Janela de programação de lote de OS detectada
2026-01-29 12:43:25,177 - INFO - ⌛ aguardando janela de confirmação de programação de lote de OS...
2026-01-29 12:43:35,599 - INFO - 🟨 Janela de confirmação de programação de lote de OS detectada
2026-01-29 12:43:39,840 - INFO - ⌛ aguardando confirmação final de programação do lote
2026-01-29 12:43:50,234 - INFO - ⌛ aguardando confirmação final de programação do lote
2026-01-29 12:44:00,692 - INFO - 🟨 programação do lote 5 efetuado com sucesso
2026-01-29 12:44:10,861 - INFO - 
=== Iniciando lote 6/25 [LV] ===
2026-01-29 12:44:17,228 - INFO - Janela de seleção aberta
2026-01-29 12:44:21,473 - INFO - DEBUG: idx=5, inicio=125, fim=150
2026-01-29 12:44:21,473 - INFO - ✅ 25 OS copiadas para a área de transferência.
2026-01-29 12:44:21,473 - INFO - 📋 Lote 6 copiado.
2026-01-29 12:44:29,797 - INFO - ⌛ Esperando mudança visual...
2026-01-29 12:44:30,817 - INFO - ⌛ Esperando mudança visual...
2026-01-29 12:44:31,833 - INFO - ⌛ Esperando mudança visual...
2026-01-29 12:44:32,849 - INFO - ⌛ Esperando mudança visual...
2026-01-29 12:44:33,864 - INFO - ⌛ Esperando mudança visual...
2026-01-29 12:44:34,867 - INFO - ⌛ Esperando mudança visual...
2026-01-29 12:44:35,879 - INFO - ⌛ Esperando mudança visual...
2026-01-29 12:44:36,895 - INFO - ⌛ Esperando mudança visual...
2026-01-29 12:44:37,928 - INFO - ⌛ Esperando mudança visual...
2026-01-29 12:44:38,943 - INFO - ⌛ Esperando mudança visual...
2026-01-29 12:44:39,959 - INFO - ✅ Tela carregada!
2026-01-29 12:44:50,424 - INFO - ⌛ Aguardando janela de confirmação de desbloqueio...
2026-01-29 12:45:00,758 - INFO - ⌛ Aguardando janela de confirmação de desbloqueio...
2026-01-29 12:45:11,136 - INFO - 🟨 Registros desbloqueados com sucesso
2026-01-29 12:45:24,653 - INFO - ⌛ Aguardando janela de edição de OS...
2026-01-29 12:45:40,038 - INFO - 🟨 OS programadas detectadas
2026-01-29 12:45:43,192 - INFO - ⌛ Aguardando janela de edição de OS...
2026-01-29 12:45:58,588 - INFO - 🟨 Janela de edição de OS detectada
2026-01-29 12:46:19,990 - INFO - 🟨 Janela de edição de habilidade da turma detectada
2026-01-29 12:47:08,296 - INFO - ⌛ Aguardando detecção do campo de caracteristica 'EQUIPE PRÓPRIA OU EPS' ...
2026-01-29 12:47:27,642 - INFO - 🟨 campo de caracteristica 'EQUIPE PRÓPRIA OU EPS detectado
2026-01-29 12:47:49,375 - INFO - ⌛ Aguardando confirmação 4 - editar OS...
2026-01-29 12:48:04,728 - INFO - ⌛ Aguardando confirmação 4 - editar OS...
2026-01-29 12:48:20,091 - INFO - 🟨 Janela de confirmação 4 de edição de OS detectada
2026-01-29 12:48:50,716 - INFO - ⌛ Aguardando janela de confirmação de programação de OS...
2026-01-29 12:49:01,083 - INFO - 🟨 Janela de confirmação de programação de OS detectada
2026-01-29 12:49:14,462 - INFO - 🟨 Janela de aviso de edição de OS programadas detectada
2026-01-29 12:49:18,727 - INFO - ⌛ aguardando janela de programação de lote de OS...
2026-01-29 12:49:29,203 - INFO - 🟨 Janela de aviso de substituição de lote de OS detectada
2026-01-29 12:49:35,464 - INFO - ⌛ aguardando janela de programação de lote de OS...
2026-01-29 12:49:45,913 - INFO - ⌛ aguardando janela de programação de lote de OS...
2026-01-29 12:49:56,402 - INFO - 🟨 Janela de programação de lote de OS detectada
2026-01-29 12:50:23,828 - INFO - ⌛ aguardando janela de confirmação de programação de lote de OS...
2026-01-29 12:50:34,158 - INFO - 🟨 Janela de confirmação de programação de lote de OS detectada
2026-01-29 12:50:38,414 - INFO - ⌛ aguardando confirmação final de programação do lote
2026-01-29 12:50:48,800 - INFO - ⌛ aguardando confirmação final de programação do lote
2026-01-29 12:50:59,210 - INFO - 🟨 programação do lote 6 efetuado com sucesso
2026-01-29 12:51:09,377 - INFO - 
=== Iniciando lote 7/25 [LV] ===
2026-01-29 12:51:15,740 - INFO - Janela de seleção aberta
2026-01-29 12:51:19,966 - INFO - DEBUG: idx=6, inicio=150, fim=175
2026-01-29 12:51:19,966 - INFO - ✅ 25 OS copiadas para a área de transferência.
2026-01-29 12:51:19,966 - INFO - 📋 Lote 7 copiado.
2026-01-29 12:51:28,303 - INFO - ⌛ Esperando mudança visual...
2026-01-29 12:51:29,320 - INFO - ⌛ Esperando mudança visual...
2026-01-29 12:51:30,336 - INFO - ⌛ Esperando mudança visual...
2026-01-29 12:51:31,349 - INFO - ⌛ Esperando mudança visual...
2026-01-29 12:51:32,367 - INFO - ⌛ Esperando mudança visual...
2026-01-29 12:51:33,379 - INFO - ⌛ Esperando mudança visual...
2026-01-29 12:51:34,395 - INFO - ⌛ Esperando mudança visual...
2026-01-29 12:51:35,413 - INFO - ⌛ Esperando mudança visual...
2026-01-29 12:51:36,426 - INFO - ⌛ Esperando mudança visual...
2026-01-29 12:51:37,445 - INFO - ⌛ Esperando mudança visual...
2026-01-29 12:51:38,450 - INFO - ✅ Tela carregada!
2026-01-29 12:51:48,930 - INFO - ⌛ Aguardando janela de confirmação de desbloqueio...
2026-01-29 12:51:59,315 - INFO - 🟨 Registros desbloqueados com sucesso
2026-01-29 12:52:12,840 - INFO - ⌛ Aguardando janela de edição de OS...
2026-01-29 12:52:28,252 - INFO - 🟨 OS programadas detectadas
2026-01-29 12:52:31,438 - INFO - ⌛ Aguardando janela de edição de OS...
2026-01-29 12:52:46,876 - INFO - 🟨 Janela de edição de OS detectada
2026-01-29 12:53:08,228 - INFO - 🟨 Janela de edição de habilidade da turma detectada
2026-01-29 12:53:56,551 - INFO - ⌛ Aguardando detecção do campo de caracteristica 'EQUIPE PRÓPRIA OU EPS' ...
2026-01-29 12:54:15,901 - INFO - 🟨 campo de caracteristica 'EQUIPE PRÓPRIA OU EPS detectado
2026-01-29 12:54:37,626 - INFO - ⌛ Aguardando confirmação 4 - editar OS...
2026-01-29 12:54:52,982 - INFO - ⌛ Aguardando confirmação 4 - editar OS...
2026-01-29 12:55:08,386 - INFO - ⌛ Aguardando confirmação 4 - editar OS...
2026-01-29 12:55:23,781 - INFO - 🟨 Janela de confirmação 4 de edição de OS detectada
2026-01-29 12:55:54,411 - INFO - ⌛ Aguardando janela de confirmação de programação de OS...
2026-01-29 12:56:04,780 - INFO - 🟨 Janela de confirmação de programação de OS detectada
2026-01-29 12:56:18,112 - INFO - 🟨 Janela de aviso de edição de OS programadas detectada
2026-01-29 12:56:22,380 - INFO - ⌛ aguardando janela de programação de lote de OS...
2026-01-29 12:56:32,878 - INFO - 🟨 Janela de aviso de substituição de lote de OS detectada
2026-01-29 12:56:39,185 - INFO - ⌛ aguardando janela de programação de lote de OS...
2026-01-29 12:56:49,660 - INFO - ⌛ aguardando janela de programação de lote de OS...
2026-01-29 12:57:00,159 - INFO - 🟨 Janela de programação de lote de OS detectada
2026-01-29 12:57:27,605 - INFO - ⌛ aguardando janela de confirmação de programação de lote de OS...
2026-01-29 12:57:37,980 - INFO - 🟨 Janela de confirmação de programação de lote de OS detectada
2026-01-29 12:57:42,255 - INFO - ⌛ aguardando confirmação final de programação do lote
2026-01-29 12:57:52,683 - INFO - ⌛ aguardando confirmação final de programação do lote
2026-01-29 12:58:03,132 - INFO - 🟨 programação do lote 7 efetuado com sucesso
2026-01-29 12:58:13,297 - INFO - 
=== Iniciando lote 8/25 [LV] ===
2026-01-29 12:58:19,668 - INFO - Janela de seleção aberta
2026-01-29 12:58:23,920 - INFO - DEBUG: idx=7, inicio=175, fim=200
2026-01-29 12:58:23,920 - INFO - ✅ 25 OS copiadas para a área de transferência.
2026-01-29 12:58:23,920 - INFO - 📋 Lote 8 copiado.
2026-01-29 12:58:32,248 - INFO - ⌛ Esperando mudança visual...
2026-01-29 12:58:33,268 - INFO - ⌛ Esperando mudança visual...
2026-01-29 12:58:34,296 - INFO - ⌛ Esperando mudança visual...
2026-01-29 12:58:35,315 - INFO - ⌛ Esperando mudança visual...
2026-01-29 12:58:36,331 - INFO - ⌛ Esperando mudança visual...
2026-01-29 12:58:37,344 - INFO - ⌛ Esperando mudança visual...
2026-01-29 12:58:38,362 - INFO - ⌛ Esperando mudança visual...
2026-01-29 12:58:39,374 - INFO - ⌛ Esperando mudança visual...
2026-01-29 12:58:40,394 - INFO - ⌛ Esperando mudança visual...
2026-01-29 12:58:41,406 - INFO - ⌛ Esperando mudança visual...
2026-01-29 12:58:42,422 - INFO - ✅ Tela carregada!
2026-01-29 12:58:52,892 - INFO - ⌛ Aguardando janela de confirmação de desbloqueio...
2026-01-29 12:59:03,262 - INFO - ⌛ Aguardando janela de confirmação de desbloqueio...
2026-01-29 12:59:13,615 - INFO - 🟨 Registros desbloqueados com sucesso
2026-01-29 12:59:27,141 - INFO - ⌛ Aguardando janela de edição de OS...
2026-01-29 12:59:42,570 - INFO - 🟨 OS programadas detectadas
2026-01-29 12:59:45,731 - INFO - ⌛ Aguardando janela de edição de OS...
2026-01-29 13:00:01,163 - INFO - 🟨 Janela de edição de OS detectada
2026-01-29 13:00:22,512 - INFO - 🟨 Janela de edição de habilidade da turma detectada
2026-01-29 13:01:10,809 - INFO - ⌛ Aguardando detecção do campo de caracteristica 'EQUIPE PRÓPRIA OU EPS' ...
2026-01-29 13:01:30,166 - INFO - 🟨 campo de caracteristica 'EQUIPE PRÓPRIA OU EPS detectado
2026-01-29 13:01:51,920 - INFO - ⌛ Aguardando confirmação 4 - editar OS...
2026-01-29 13:02:07,285 - INFO - ⌛ Aguardando confirmação 4 - editar OS...
2026-01-29 13:02:22,656 - INFO - 🟨 Janela de confirmação 4 de edição de OS detectada
2026-01-29 13:02:53,311 - INFO - ⌛ Aguardando janela de confirmação de programação de OS...
2026-01-29 13:03:03,661 - INFO - 🟨 Janela de confirmação de programação de OS detectada
2026-01-29 13:03:17,030 - INFO - 🟨 Janela de aviso de edição de OS programadas detectada
2026-01-29 13:03:21,295 - INFO - ⌛ aguardando janela de programação de lote de OS...
2026-01-29 13:03:31,769 - INFO - 🟨 Janela de aviso de substituição de lote de OS detectada
2026-01-29 13:03:38,032 - INFO - ⌛ aguardando janela de programação de lote de OS...
2026-01-29 13:03:48,457 - INFO - ⌛ aguardando janela de programação de lote de OS...
2026-01-29 13:03:58,921 - INFO - ⌛ aguardando janela de programação de lote de OS...
2026-01-29 13:04:09,387 - INFO - 🟨 Janela de programação de lote de OS detectada
2026-01-29 13:04:36,819 - INFO - ⌛ aguardando janela de confirmação de programação de lote de OS...
2026-01-29 13:04:47,163 - INFO - 🟨 Janela de confirmação de programação de lote de OS detectada
2026-01-29 13:04:51,433 - INFO - ⌛ aguardando confirmação final de programação do lote
2026-01-29 13:05:01,884 - INFO - ⌛ aguardando confirmação final de programação do lote
2026-01-29 13:05:12,358 - INFO - 🟨 programação do lote 8 efetuado com sucesso
2026-01-29 13:05:22,525 - INFO - 
=== Iniciando lote 9/25 [LV] ===
2026-01-29 13:05:28,899 - INFO - Janela de seleção aberta
2026-01-29 13:05:33,120 - INFO - DEBUG: idx=8, inicio=200, fim=225
2026-01-29 13:05:33,120 - INFO - ✅ 25 OS copiadas para a área de transferência.
2026-01-29 13:05:33,120 - INFO - 📋 Lote 9 copiado.
2026-01-29 13:05:41,462 - INFO - ⌛ Esperando mudança visual...
2026-01-29 13:05:42,475 - INFO - ⌛ Esperando mudança visual...
2026-01-29 13:05:43,491 - INFO - ⌛ Esperando mudança visual...
2026-01-29 13:05:44,524 - INFO - ⌛ Esperando mudança visual...
2026-01-29 13:05:45,543 - INFO - ⌛ Esperando mudança visual...
2026-01-29 13:05:46,556 - INFO - ⌛ Esperando mudança visual...
2026-01-29 13:05:47,577 - INFO - ⌛ Esperando mudança visual...
2026-01-29 13:05:48,587 - INFO - ⌛ Esperando mudança visual...
2026-01-29 13:05:49,603 - INFO - ⌛ Esperando mudança visual...
2026-01-29 13:05:50,628 - INFO - ✅ Tela carregada!
2026-01-29 13:06:01,091 - INFO - ⌛ Aguardando janela de confirmação de desbloqueio...
2026-01-29 13:06:11,451 - INFO - ⌛ Aguardando janela de confirmação de desbloqueio...
2026-01-29 13:06:21,857 - INFO - 🟨 Registros desbloqueados com sucesso
2026-01-29 13:06:35,386 - INFO - ⌛ Aguardando janela de edição de OS...
2026-01-29 13:06:50,848 - INFO - 🟨 OS programadas detectadas
2026-01-29 13:06:54,006 - INFO - ⌛ Aguardando janela de edição de OS...
2026-01-29 13:07:09,405 - INFO - 🟨 Janela de edição de OS detectada
2026-01-29 13:07:30,768 - INFO - 🟨 Janela de edição de habilidade da turma detectada
2026-01-29 13:08:19,091 - INFO - ⌛ Aguardando detecção do campo de caracteristica 'EQUIPE PRÓPRIA OU EPS' ...
2026-01-29 13:08:38,450 - INFO - 🟨 campo de caracteristica 'EQUIPE PRÓPRIA OU EPS detectado
2026-01-29 13:09:00,179 - INFO - ⌛ Aguardando confirmação 4 - editar OS...
2026-01-29 13:09:15,570 - INFO - ⌛ Aguardando confirmação 4 - editar OS...
2026-01-29 13:09:30,955 - INFO - ⌛ Aguardando confirmação 4 - editar OS...
2026-01-29 13:09:46,321 - INFO - 🟨 Janela de confirmação 4 de edição de OS detectada
2026-01-29 13:10:16,961 - INFO - ⌛ Aguardando janela de confirmação de programação de OS...
2026-01-29 13:10:27,332 - INFO - 🟨 Janela de confirmação de programação de OS detectada
2026-01-29 13:10:40,658 - INFO - 🟨 Janela de aviso de edição de OS programadas detectada
2026-01-29 13:10:44,930 - INFO - ⌛ aguardando janela de programação de lote de OS...
2026-01-29 13:10:55,403 - INFO - 🟨 Janela de aviso de substituição de lote de OS detectada
2026-01-29 13:11:01,664 - INFO - ⌛ aguardando janela de programação de lote de OS...
2026-01-29 13:11:12,131 - INFO - ⌛ aguardando janela de programação de lote de OS...
2026-01-29 13:11:22,607 - INFO - 🟨 Janela de programação de lote de OS detectada
2026-01-29 13:11:50,042 - INFO - ⌛ aguardando janela de confirmação de programação de lote de OS...
2026-01-29 13:12:00,424 - INFO - 🟨 Janela de confirmação de programação de lote de OS detectada
2026-01-29 13:12:04,678 - INFO - ⌛ aguardando confirmação final de programação do lote
2026-01-29 13:12:15,131 - INFO - ⌛ aguardando confirmação final de programação do lote
2026-01-29 13:12:25,540 - INFO - 🟨 programação do lote 9 efetuado com sucesso
2026-01-29 13:12:35,694 - INFO - 
=== Iniciando lote 10/25 [LV] ===
2026-01-29 13:12:42,056 - INFO - Janela de seleção aberta
2026-01-29 13:12:46,279 - INFO - DEBUG: idx=9, inicio=225, fim=250
2026-01-29 13:12:46,294 - INFO - ✅ 25 OS copiadas para a área de transferência.
2026-01-29 13:12:46,294 - INFO - 📋 Lote 10 copiado.
2026-01-29 13:12:54,625 - INFO - ⌛ Esperando mudança visual...
2026-01-29 13:12:55,632 - INFO - ⌛ Esperando mudança visual...
2026-01-29 13:12:56,647 - INFO - ⌛ Esperando mudança visual...
2026-01-29 13:12:57,666 - INFO - ⌛ Esperando mudança visual...
2026-01-29 13:12:58,672 - INFO - ⌛ Esperando mudança visual...
2026-01-29 13:12:59,680 - INFO - ⌛ Esperando mudança visual...
2026-01-29 13:13:00,694 - INFO - ⌛ Esperando mudança visual...
2026-01-29 13:13:01,713 - INFO - ⌛ Esperando mudança visual...
2026-01-29 13:13:02,717 - INFO - ⌛ Esperando mudança visual...
2026-01-29 13:13:03,743 - INFO - ⌛ Esperando mudança visual...
2026-01-29 13:13:04,756 - INFO - ✅ Tela carregada!
2026-01-29 13:13:15,221 - INFO - ⌛ Aguardando janela de confirmação de desbloqueio...
2026-01-29 13:13:25,570 - INFO - ⌛ Aguardando janela de confirmação de desbloqueio...
2026-01-29 13:13:35,947 - INFO - 🟨 Registros desbloqueados com sucesso
2026-01-29 13:13:49,479 - INFO - ⌛ Aguardando janela de edição de OS...
2026-01-29 13:14:04,879 - INFO - 🟨 OS programadas detectadas
2026-01-29 13:14:08,053 - INFO - ⌛ Aguardando janela de edição de OS...
2026-01-29 13:14:23,483 - INFO - 🟨 Janela de edição de OS detectada
2026-01-29 13:14:44,855 - INFO - 🟨 Janela de edição de habilidade da turma detectada
2026-01-29 13:15:33,177 - INFO - ⌛ Aguardando detecção do campo de caracteristica 'EQUIPE PRÓPRIA OU EPS' ...
2026-01-29 13:15:52,527 - INFO - 🟨 campo de caracteristica 'EQUIPE PRÓPRIA OU EPS detectado
2026-01-29 13:16:14,272 - INFO - ⌛ Aguardando confirmação 4 - editar OS...
2026-01-29 13:16:29,617 - INFO - ⌛ Aguardando confirmação 4 - editar OS...
2026-01-29 13:16:44,989 - INFO - ⌛ Aguardando confirmação 4 - editar OS...
2026-01-29 13:17:00,361 - INFO - 🟨 Janela de confirmação 4 de edição de OS detectada
2026-01-29 13:17:30,979 - INFO - ⌛ Aguardando janela de confirmação de programação de OS...
2026-01-29 13:17:41,344 - INFO - 🟨 Janela de confirmação de programação de OS detectada
2026-01-29 13:17:54,668 - INFO - 🟨 Janela de aviso de edição de OS programadas detectada
2026-01-29 13:17:58,931 - INFO - ⌛ aguardando janela de programação de lote de OS...
2026-01-29 13:18:09,382 - INFO - 🟨 Janela de aviso de substituição de lote de OS detectada
2026-01-29 13:18:15,634 - INFO - ⌛ aguardando janela de programação de lote de OS...
2026-01-29 13:18:26,101 - INFO - ⌛ aguardando janela de programação de lote de OS...
2026-01-29 13:18:36,562 - INFO - ⌛ aguardando janela de programação de lote de OS...
2026-01-29 13:18:46,997 - INFO - 🟨 Janela de programação de lote de OS detectada
2026-01-29 13:19:14,420 - INFO - ⌛ aguardando janela de confirmação de programação de lote de OS...
2026-01-29 13:19:24,819 - INFO - 🟨 Janela de confirmação de programação de lote de OS detectada
2026-01-29 13:19:29,084 - INFO - ⌛ aguardando confirmação final de programação do lote
2026-01-29 13:19:39,505 - INFO - ⌛ aguardando confirmação final de programação do lote
2026-01-29 13:19:49,936 - INFO - 🟨 programação do lote 10 efetuado com sucesso
2026-01-29 13:20:00,089 - INFO - 
=== Iniciando lote 11/25 [LV] ===
2026-01-29 13:20:06,451 - INFO - Janela de seleção aberta
2026-01-29 13:20:10,672 - INFO - DEBUG: idx=10, inicio=250, fim=275
2026-01-29 13:20:10,672 - INFO - ✅ 25 OS copiadas para a área de transferência.
2026-01-29 13:20:10,672 - INFO - 📋 Lote 11 copiado.
2026-01-29 13:20:19,007 - INFO - ⌛ Esperando mudança visual...
2026-01-29 13:20:20,010 - INFO - ⌛ Esperando mudança visual...
2026-01-29 13:20:21,030 - INFO - ⌛ Esperando mudança visual...
2026-01-29 13:20:22,043 - INFO - ⌛ Esperando mudança visual...
2026-01-29 13:20:23,058 - INFO - ⌛ Esperando mudança visual...
2026-01-29 13:20:24,070 - INFO - ⌛ Esperando mudança visual...
2026-01-29 13:20:25,076 - INFO - ⌛ Esperando mudança visual...
2026-01-29 13:20:26,089 - INFO - ⌛ Esperando mudança visual...
2026-01-29 13:20:27,095 - INFO - ⌛ Esperando mudança visual...
2026-01-29 13:20:28,118 - INFO - ⌛ Esperando mudança visual...
2026-01-29 13:20:29,137 - INFO - ⌛ Esperando mudança visual...
2026-01-29 13:20:30,155 - INFO - ✅ Tela carregada!
2026-01-29 13:20:40,660 - INFO - ⌛ Aguardando janela de confirmação de desbloqueio...
2026-01-29 13:20:51,069 - INFO - 🟨 Registros desbloqueados com sucesso
2026-01-29 13:21:04,581 - INFO - ⌛ Aguardando janela de edição de OS...
2026-01-29 13:21:19,961 - INFO - 🟨 OS programadas detectadas
2026-01-29 13:21:23,116 - INFO - ⌛ Aguardando janela de edição de OS...
2026-01-29 13:21:38,511 - INFO - 🟨 Janela de edição de OS detectada
2026-01-29 13:21:59,893 - INFO - 🟨 Janela de edição de habilidade da turma detectada
2026-01-29 13:22:48,188 - INFO - ⌛ Aguardando detecção do campo de caracteristica 'EQUIPE PRÓPRIA OU EPS' ...
2026-01-29 13:23:07,544 - INFO - 🟨 campo de caracteristica 'EQUIPE PRÓPRIA OU EPS detectado
2026-01-29 13:23:29,293 - INFO - ⌛ Aguardando confirmação 4 - editar OS...
2026-01-29 13:23:44,648 - INFO - ⌛ Aguardando confirmação 4 - editar OS...
2026-01-29 13:24:00,055 - INFO - ⌛ Aguardando confirmação 4 - editar OS...
2026-01-29 13:24:15,394 - INFO - 🟨 Janela de confirmação 4 de edição de OS detectada
2026-01-29 13:24:46,008 - INFO - ⌛ Aguardando janela de confirmação de programação de OS...
2026-01-29 13:24:56,372 - INFO - 🟨 Janela de confirmação de programação de OS detectada
2026-01-29 13:25:09,684 - INFO - 🟨 Janela de aviso de edição de OS programadas detectada
2026-01-29 13:25:13,954 - INFO - ⌛ aguardando janela de programação de lote de OS...
2026-01-29 13:25:24,405 - INFO - 🟨 Janela de aviso de substituição de lote de OS detectada
2026-01-29 13:25:30,673 - INFO - ⌛ aguardando janela de programação de lote de OS...
2026-01-29 13:25:41,116 - INFO - ⌛ aguardando janela de programação de lote de OS...
2026-01-29 13:25:51,669 - INFO - 🟨 Janela de programação de lote de OS detectada
2026-01-29 13:26:19,097 - INFO - ⌛ aguardando janela de confirmação de programação de lote de OS...
2026-01-29 13:26:29,463 - INFO - 🟨 Janela de confirmação de programação de lote de OS detectada
2026-01-29 13:26:33,715 - INFO - ⌛ aguardando confirmação final de programação do lote
2026-01-29 13:26:44,112 - INFO - ⌛ aguardando confirmação final de programação do lote
2026-01-29 13:26:54,536 - INFO - 🟨 programação do lote 11 efetuado com sucesso
2026-01-29 13:27:04,697 - INFO - 
=== Iniciando lote 12/25 [LV] ===
2026-01-29 13:27:11,033 - INFO - Janela de seleção aberta
2026-01-29 13:27:15,274 - INFO - DEBUG: idx=11, inicio=275, fim=300
2026-01-29 13:27:15,274 - INFO - ✅ 25 OS copiadas para a área de transferência.
2026-01-29 13:27:15,274 - INFO - 📋 Lote 12 copiado.
2026-01-29 13:27:23,608 - INFO - ⌛ Esperando mudança visual...
2026-01-29 13:27:24,631 - INFO - ⌛ Esperando mudança visual...
2026-01-29 13:27:25,658 - INFO - ⌛ Esperando mudança visual...
2026-01-29 13:27:26,688 - INFO - ⌛ Esperando mudança visual...
2026-01-29 13:27:27,692 - INFO - ⌛ Esperando mudança visual...
2026-01-29 13:27:28,722 - INFO - ⌛ Esperando mudança visual...
2026-01-29 13:27:29,754 - INFO - ⌛ Esperando mudança visual...
2026-01-29 13:27:30,755 - INFO - ⌛ Esperando mudança visual...
2026-01-29 13:27:31,772 - INFO - ⌛ Esperando mudança visual...
2026-01-29 13:27:32,784 - INFO - ⌛ Esperando mudança visual...
2026-01-29 13:27:33,799 - INFO - ⌛ Esperando mudança visual...
2026-01-29 13:27:34,822 - INFO - ✅ Tela carregada!
2026-01-29 13:27:45,274 - INFO - ⌛ Aguardando janela de confirmação de desbloqueio...
2026-01-29 13:27:55,632 - INFO - ⌛ Aguardando janela de confirmação de desbloqueio...
2026-01-29 13:28:05,965 - INFO - 🟨 Registros desbloqueados com sucesso
2026-01-29 13:28:19,516 - INFO - ⌛ Aguardando janela de edição de OS...
2026-01-29 13:28:34,948 - INFO - 🟨 OS programadas detectadas
2026-01-29 13:28:38,101 - INFO - ⌛ Aguardando janela de edição de OS...
2026-01-29 13:28:53,485 - INFO - 🟨 Janela de edição de OS detectada
2026-01-29 13:29:14,859 - INFO - 🟨 Janela de edição de habilidade da turma detectada
2026-01-29 13:30:03,160 - INFO - ⌛ Aguardando detecção do campo de caracteristica 'EQUIPE PRÓPRIA OU EPS' ...
2026-01-29 13:30:22,513 - INFO - 🟨 campo de caracteristica 'EQUIPE PRÓPRIA OU EPS detectado
2026-01-29 13:30:44,258 - INFO - ⌛ Aguardando confirmação 4 - editar OS...
2026-01-29 13:30:59,650 - INFO - ⌛ Aguardando confirmação 4 - editar OS...
2026-01-29 13:31:15,015 - INFO - ⌛ Aguardando confirmação 4 - editar OS...
2026-01-29 13:31:30,367 - INFO - 🟨 Janela de confirmação 4 de edição de OS detectada
2026-01-29 13:32:01,000 - INFO - ⌛ Aguardando janela de confirmação de programação de OS...
2026-01-29 13:32:11,340 - INFO - 🟨 Janela de confirmação de programação de OS detectada
2026-01-29 13:32:24,663 - INFO - 🟨 Janela de aviso de edição de OS programadas detectada
2026-01-29 13:32:28,942 - INFO - ⌛ aguardando janela de programação de lote de OS...
2026-01-29 13:32:39,409 - INFO - 🟨 Janela de aviso de substituição de lote de OS detectada
2026-01-29 13:32:45,674 - INFO - ⌛ aguardando janela de programação de lote de OS...
2026-01-29 13:32:56,124 - INFO - ⌛ aguardando janela de programação de lote de OS...
2026-01-29 13:33:06,570 - INFO - 🟨 Janela de programação de lote de OS detectada
2026-01-29 13:33:34,010 - INFO - ⌛ aguardando janela de confirmação de programação de lote de OS...
2026-01-29 13:33:44,364 - INFO - 🟨 Janela de confirmação de programação de lote de OS detectada
2026-01-29 13:33:48,609 - INFO - ⌛ aguardando confirmação final de programação do lote
2026-01-29 13:33:59,002 - INFO - ⌛ aguardando confirmação final de programação do lote
2026-01-29 13:34:09,388 - INFO - 🟨 programação do lote 12 efetuado com sucesso
2026-01-29 13:34:19,551 - INFO - 
=== Iniciando lote 13/25 [LV] ===
2026-01-29 13:34:25,895 - INFO - Janela de seleção aberta
2026-01-29 14:48:15,631 - INFO - Data hoje: 29/01/2026
2026-01-29 14:48:15,631 - INFO - Data de referência: 31/01/2026
2026-01-29 14:49:56,079 - INFO - 
Qtde OS de LINHA VIVA: 935
2026-01-29 14:49:56,079 - INFO - Qtde OS poda de LINHA MORTA: 150
2026-01-29 14:49:56,079 - INFO - 
Qtde OS estrutural de LINHA MORTA : 12
2026-01-29 14:49:56,079 - INFO - Qtde OS poda de LINHA MORTA fora carteira: 1642
2026-01-29 14:49:56,079 - INFO - Qtde OS para desprogramar: 99374
2026-01-29 14:49:56,079 - INFO - 
 Qtd de lotes de LM: 6
2026-01-29 14:49:56,079 - INFO - 
 Qtd de lotes de LV: 38
2026-01-29 14:49:56,079 - INFO - 
 Qtd de lotes de ESTRUTURAL LM: 1
2026-01-29 14:49:56,079 - INFO - 
 Qtd de lotes de LEVE: 66
2026-01-29 14:49:56,079 - INFO - 
 Qtd de lotes para desprogramar: 3975
2026-01-29 14:49:56,079 - INFO - 
=== Iniciando lote 1/66 [LEVE] ===
2026-01-29 14:50:02,534 - INFO - Janela de seleção aberta
2026-01-29 14:50:08,889 - INFO - DEBUG: idx=0, inicio=0, fim=25
2026-01-29 14:50:08,889 - INFO - ✅ 25 OS copiadas para a área de transferência.
2026-01-29 14:50:08,889 - INFO - 📋 Lote 1 copiado.
2026-01-29 14:50:17,219 - INFO - ⌛ Esperando mudança visual...
2026-01-29 14:50:18,239 - INFO - ⌛ Esperando mudança visual...
2026-01-29 14:50:19,244 - INFO - ⌛ Esperando mudança visual...
2026-01-29 14:50:20,253 - INFO - ⌛ Esperando mudança visual...
2026-01-29 14:50:21,260 - INFO - ⌛ Esperando mudança visual...
2026-01-29 14:50:22,268 - INFO - ⌛ Esperando mudança visual...
2026-01-29 14:50:23,276 - INFO - ⌛ Esperando mudança visual...
2026-01-29 14:50:24,307 - INFO - ⌛ Esperando mudança visual...
2026-01-29 14:50:25,321 - INFO - ⌛ Esperando mudança visual...
2026-01-29 14:50:26,337 - INFO - ⌛ Esperando mudança visual...
2026-01-29 14:50:27,353 - INFO - ⌛ Esperando mudança visual...
2026-01-29 14:50:28,370 - INFO - ✅ Tela carregada!
2026-01-29 14:50:38,854 - INFO - ⌛ Aguardando janela de confirmação de desbloqueio...
2026-01-29 14:50:49,231 - INFO - ⌛ Aguardando janela de confirmação de desbloqueio...
2026-01-29 14:50:59,594 - INFO - 🟨 Registros desbloqueados com sucesso
2026-01-29 14:51:13,123 - INFO - ⌛ Aguardando janela de edição de OS...
2026-01-29 14:51:28,539 - INFO - 🟨 Janela de edição de OS detectada
2026-01-29 14:51:49,935 - INFO - 🟨 Janela de edição de habilidade da turma detectada
2026-01-29 14:52:38,258 - INFO - ⌛ Aguardando detecção do campo de caracteristica 'EQUIPE PRÓPRIA OU EPS' ...
2026-01-29 14:52:57,612 - INFO - 🟨 campo de caracteristica 'EQUIPE PRÓPRIA OU EPS detectado
2026-01-29 14:53:19,362 - INFO - ⌛ Aguardando confirmação 4 - editar OS...
2026-01-29 14:53:34,826 - INFO - ⌛ Aguardando confirmação 4 - editar OS...
2026-01-29 14:53:50,240 - INFO - ⌛ Aguardando confirmação 4 - editar OS...
2026-01-29 14:54:05,612 - INFO - ⌛ Aguardando confirmação 4 - editar OS...
2026-01-29 14:54:21,036 - INFO - ⌛ Aguardando confirmação 4 - editar OS...
2026-01-29 14:54:36,487 - INFO - ⌛ Aguardando confirmação 4 - editar OS...
2026-01-29 14:54:51,893 - INFO - 🟨 Janela de confirmação 4 de edição de OS detectada
2026-01-29 14:55:22,584 - INFO - ⌛ Aguardando janela de confirmação de programação de OS...
2026-01-29 14:55:32,958 - INFO - 🟨 Janela de confirmação de programação de OS detectada
2026-01-29 14:55:46,282 - INFO - ⌛ aguardando janela de programação de lote de OS...
2026-01-29 14:55:56,768 - INFO - ⌛ aguardando janela de programação de lote de OS...
2026-01-29 14:56:07,270 - INFO - 🟨 Janela de programação de lote de OS detectada
2026-01-29 14:56:34,717 - INFO - ⌛ aguardando janela de confirmação de programação de lote de OS...
2026-01-29 14:56:45,102 - INFO - 🟨 Janela de confirmação de programação de lote de OS detectada
2026-01-29 14:56:49,390 - INFO - ⌛ aguardando confirmação final de programação do lote
2026-01-29 14:56:59,828 - INFO - ⌛ aguardando confirmação final de programação do lote
2026-01-29 14:57:10,336 - INFO - ⌛ aguardando confirmação final de programação do lote
2026-01-29 14:57:20,801 - INFO - 🟨 programação do lote 1 efetuado com sucesso
2026-01-29 14:57:30,967 - INFO - 
=== Iniciando lote 2/66 [LEVE] ===
2026-01-29 14:57:37,321 - INFO - Janela de seleção aberta
2026-01-29 14:57:41,547 - INFO - DEBUG: idx=1, inicio=25, fim=50
2026-01-29 14:57:41,547 - INFO - ✅ 25 OS copiadas para a área de transferência.
2026-01-29 14:57:41,547 - INFO - 📋 Lote 2 copiado.
2026-01-29 14:57:49,888 - INFO - ⌛ Esperando mudança visual...
2026-01-29 14:57:50,905 - INFO - ⌛ Esperando mudança visual...
2026-01-29 14:57:51,921 - INFO - ⌛ Esperando mudança visual...
2026-01-29 14:57:52,936 - INFO - ⌛ Esperando mudança visual...
2026-01-29 14:57:53,952 - INFO - ⌛ Esperando mudança visual...
2026-01-29 14:57:54,970 - INFO - ⌛ Esperando mudança visual...
2026-01-29 14:57:55,984 - INFO - ⌛ Esperando mudança visual...
2026-01-29 14:57:57,002 - INFO - ⌛ Esperando mudança visual...
2026-01-29 14:57:58,014 - INFO - ⌛ Esperando mudança visual...
2026-01-29 14:57:59,030 - INFO - ⌛ Esperando mudança visual...
2026-01-29 14:58:00,045 - INFO - ⌛ Esperando mudança visual...
2026-01-29 14:58:01,062 - INFO - ⌛ Esperando mudança visual...
2026-01-29 14:58:02,079 - INFO - ⌛ Esperando mudança visual...
2026-01-29 14:58:03,093 - INFO - ✅ Tela carregada!
2026-01-29 14:58:13,564 - INFO - ⌛ Aguardando janela de confirmação de desbloqueio...
2026-01-29 14:58:23,904 - INFO - ⌛ Aguardando janela de confirmação de desbloqueio...
2026-01-29 14:58:34,278 - INFO - 🟨 Registros desbloqueados com sucesso
2026-01-29 14:58:47,780 - INFO - ⌛ Aguardando janela de edição de OS...
2026-01-29 14:59:03,196 - INFO - 🟨 OS programadas detectadas
2026-01-29 14:59:06,397 - INFO - ⌛ Aguardando janela de edição de OS...
2026-01-29 14:59:21,905 - INFO - 🟨 Janela de edição de OS detectada
2026-01-29 14:59:43,286 - INFO - 🟨 Janela de edição de habilidade da turma detectada
2026-01-29 15:00:31,588 - INFO - ⌛ Aguardando detecção do campo de caracteristica 'EQUIPE PRÓPRIA OU EPS' ...
2026-01-29 15:00:50,950 - INFO - 🟨 campo de caracteristica 'EQUIPE PRÓPRIA OU EPS detectado
2026-01-29 15:01:12,709 - INFO - ⌛ Aguardando confirmação 4 - editar OS...
2026-01-29 15:01:28,114 - INFO - ⌛ Aguardando confirmação 4 - editar OS...
2026-01-29 15:01:43,535 - INFO - ⌛ Aguardando confirmação 4 - editar OS...
2026-01-29 15:01:59,000 - INFO - 🟨 Janela de confirmação 4 de edição de OS detectada
2026-01-29 15:02:29,670 - INFO - ⌛ Aguardando janela de confirmação de programação de OS...
2026-01-29 15:02:40,090 - INFO - 🟨 Janela de confirmação de programação de OS detectada
2026-01-29 15:02:53,448 - INFO - 🟨 Janela de aviso de edição de OS programadas detectada
2026-01-29 15:02:57,737 - INFO - ⌛ aguardando janela de programação de lote de OS...
2026-01-29 15:03:08,312 - INFO - 🟨 Janela de aviso de substituição de lote de OS detectada
2026-01-29 15:03:14,570 - INFO - ⌛ aguardando janela de programação de lote de OS...
2026-01-29 15:03:25,244 - INFO - ⌛ aguardando janela de programação de lote de OS...
2026-01-29 15:03:36,025 - INFO - ⌛ aguardando janela de programação de lote de OS...
2026-01-29 15:03:46,499 - INFO - 🟨 Janela de programação de lote de OS detectada
2026-01-29 15:04:13,943 - INFO - ⌛ aguardando janela de confirmação de programação de lote de OS...
2026-01-29 15:04:24,317 - INFO - 🟨 Janela de confirmação de programação de lote de OS detectada
2026-01-29 15:04:28,611 - INFO - ⌛ aguardando confirmação final de programação do lote
2026-01-29 15:04:39,092 - INFO - ⌛ aguardando confirmação final de programação do lote
2026-01-29 15:04:49,604 - INFO - 🟨 programação do lote 2 efetuado com sucesso
2026-01-29 15:04:59,756 - INFO - 
=== Iniciando lote 3/66 [LEVE] ===
2026-01-29 15:05:06,122 - INFO - Janela de seleção aberta
2026-01-29 15:05:10,366 - INFO - DEBUG: idx=2, inicio=50, fim=75
2026-01-29 15:05:10,366 - INFO - ✅ 25 OS copiadas para a área de transferência.
2026-01-29 15:05:10,366 - INFO - 📋 Lote 3 copiado.
2026-01-29 15:05:18,703 - INFO - ⌛ Esperando mudança visual...
2026-01-29 15:05:19,713 - INFO - ⌛ Esperando mudança visual...
2026-01-29 15:05:20,729 - INFO - ⌛ Esperando mudança visual...
2026-01-29 15:05:21,745 - INFO - ⌛ Esperando mudança visual...
2026-01-29 15:05:22,768 - INFO - ⌛ Esperando mudança visual...
2026-01-29 15:05:23,776 - INFO - ⌛ Esperando mudança visual...
2026-01-29 15:05:24,792 - INFO - ⌛ Esperando mudança visual...
2026-01-29 15:05:25,802 - INFO - ⌛ Esperando mudança visual...
2026-01-29 15:05:26,806 - INFO - ⌛ Esperando mudança visual...
2026-01-29 15:05:27,818 - INFO - ⌛ Esperando mudança visual...
2026-01-29 15:05:28,835 - INFO - ⌛ Esperando mudança visual...
2026-01-29 15:05:29,852 - INFO - ✅ Tela carregada!
2026-01-29 15:05:40,342 - INFO - ⌛ Aguardando janela de confirmação de desbloqueio...
2026-01-29 15:05:50,715 - INFO - 🟨 Registros desbloqueados com sucesso
2026-01-29 15:06:04,261 - INFO - ⌛ Aguardando janela de edição de OS...
2026-01-29 15:06:19,687 - INFO - 🟨 Janela de edição de OS detectada
2026-01-29 15:06:41,076 - INFO - 🟨 Janela de edição de habilidade da turma detectada
2026-01-29 15:07:29,404 - INFO - ⌛ Aguardando detecção do campo de caracteristica 'EQUIPE PRÓPRIA OU EPS' ...
2026-01-29 15:07:48,776 - INFO - 🟨 campo de caracteristica 'EQUIPE PRÓPRIA OU EPS detectado
2026-01-29 15:08:10,508 - INFO - ⌛ Aguardando confirmação 4 - editar OS...
2026-01-29 15:08:25,882 - INFO - ⌛ Aguardando confirmação 4 - editar OS...
2026-01-29 15:08:41,268 - INFO - ⌛ Aguardando confirmação 4 - editar OS...
2026-01-29 15:08:56,725 - INFO - 🟨 Janela de confirmação 4 de edição de OS detectada
2026-01-29 15:09:27,526 - INFO - ⌛ Aguardando janela de confirmação de programação de OS...
2026-01-29 15:09:37,964 - INFO - 🟨 Janela de confirmação de programação de OS detectada
2026-01-29 15:09:51,293 - INFO - ⌛ aguardando janela de programação de lote de OS...
2026-01-29 15:10:01,800 - INFO - 🟨 Janela de programação de lote de OS detectada
2026-01-29 15:10:29,241 - INFO - ⌛ aguardando janela de confirmação de programação de lote de OS...
2026-01-29 15:10:39,613 - INFO - 🟨 Janela de confirmação de programação de lote de OS detectada
2026-01-29 15:10:43,908 - INFO - ⌛ aguardando confirmação final de programação do lote
2026-01-29 15:10:54,345 - INFO - ⌛ aguardando confirmação final de programação do lote
2026-01-29 15:11:04,809 - INFO - 🟨 programação do lote 3 efetuado com sucesso
2026-01-29 15:11:14,991 - INFO - 
=== Iniciando lote 4/66 [LEVE] ===
2026-01-29 15:11:21,336 - INFO - Janela de seleção aberta
2026-01-29 15:11:25,569 - INFO - DEBUG: idx=3, inicio=75, fim=100
2026-01-29 15:11:25,569 - INFO - ✅ 25 OS copiadas para a área de transferência.
2026-01-29 15:11:25,569 - INFO - 📋 Lote 4 copiado.
2026-01-29 15:11:33,910 - INFO - ⌛ Esperando mudança visual...
2026-01-29 15:11:34,927 - INFO - ⌛ Esperando mudança visual...
2026-01-29 15:11:35,943 - INFO - ⌛ Esperando mudança visual...
2026-01-29 15:11:36,958 - INFO - ⌛ Esperando mudança visual...
2026-01-29 15:11:37,962 - INFO - ⌛ Esperando mudança visual...
2026-01-29 15:11:38,974 - INFO - ⌛ Esperando mudança visual...
2026-01-29 15:11:39,989 - INFO - ⌛ Esperando mudança visual...
2026-01-29 15:11:41,005 - INFO - ⌛ Esperando mudança visual...
2026-01-29 15:11:42,021 - INFO - ⌛ Esperando mudança visual...
2026-01-29 15:11:43,033 - INFO - ⌛ Esperando mudança visual...
2026-01-29 15:11:44,052 - INFO - ⌛ Esperando mudança visual...
2026-01-29 15:11:45,068 - INFO - ✅ Tela carregada!
2026-01-29 15:11:55,572 - INFO - ⌛ Aguardando janela de confirmação de desbloqueio...
2026-01-29 15:12:06,039 - INFO - ⌛ Aguardando janela de confirmação de desbloqueio...
2026-01-29 15:12:16,413 - INFO - 🟨 Registros desbloqueados com sucesso
2026-01-29 15:12:29,937 - INFO - ⌛ Aguardando janela de edição de OS...
2026-01-29 15:12:45,374 - INFO - 🟨 OS programadas detectadas
2026-01-29 15:12:48,539 - INFO - ⌛ Aguardando janela de edição de OS...
2026-01-29 15:13:03,985 - INFO - 🟨 Janela de edição de OS detectada
2026-01-29 15:13:25,349 - INFO - 🟨 Janela de edição de habilidade da turma detectada
2026-01-29 16:59:51,963 - INFO - Data hoje: 29/01/2026
2026-01-29 16:59:51,963 - INFO - Data de referência: 31/01/2026
2026-01-29 17:01:30,760 - INFO - 
Qtde OS de LINHA VIVA: 2292
2026-01-29 17:01:30,760 - INFO - Qtde OS poda de LINHA MORTA: 857
2026-01-29 17:01:30,760 - INFO - 
Qtde OS estrutural de LINHA MORTA : 20
2026-01-29 17:01:30,760 - INFO - Qtde OS poda de LINHA MORTA fora carteira: 1703
2026-01-29 17:01:30,760 - INFO - Qtde OS para desprogramar: 99020
2026-01-29 17:01:30,760 - INFO - 
 Qtd de lotes de LM: 35
2026-01-29 17:01:30,760 - INFO - 
 Qtd de lotes de LV: 92
2026-01-29 17:01:30,760 - INFO - 
 Qtd de lotes de ESTRUTURAL LM: 1
2026-01-29 17:01:30,760 - INFO - 
 Qtd de lotes de LEVE: 69
2026-01-29 17:01:30,760 - INFO - 
 Qtd de lotes para desprogramar: 3961
2026-01-29 17:01:30,760 - INFO - 
=== Iniciando lote 4/69 [LEVE] ===
2026-01-29 17:01:37,229 - INFO - ⌛ Aguardando janela de seleção...
2026-01-29 17:01:47,587 - INFO - Janela de seleção aberta
2026-01-29 17:01:51,812 - INFO - DEBUG: idx=3, inicio=75, fim=100
2026-01-29 17:01:51,812 - INFO - ✅ 25 OS copiadas para a área de transferência.
2026-01-29 17:01:51,812 - INFO - 📋 Lote 4 copiado.
2026-01-29 17:02:00,155 - INFO - ⌛ Esperando mudança visual...
2026-01-29 17:02:01,180 - INFO - ⌛ Esperando mudança visual...
2026-01-29 17:02:02,199 - INFO - ✅ Tela carregada!
2026-01-29 17:02:12,730 - INFO - ⌛ Aguardando janela de confirmação de desbloqueio...
2026-01-29 17:02:23,097 - INFO - ⌛ Aguardando janela de confirmação de desbloqueio...
2026-01-29 17:02:33,470 - INFO - 🟨 Registros desbloqueados com sucesso
2026-01-29 17:02:47,008 - INFO - ⌛ Aguardando janela de edição de OS...
2026-01-29 17:03:02,484 - INFO - 🟨 OS programadas detectadas
2026-01-29 17:03:05,653 - INFO - ⌛ Aguardando janela de edição de OS...
2026-01-29 17:03:21,077 - INFO - 🟨 Janela de edição de OS detectada
2026-01-29 17:03:42,446 - INFO - 🟨 Janela de edição de habilidade da turma detectada
2026-01-29 17:04:30,768 - INFO - ⌛ Aguardando detecção do campo de caracteristica 'EQUIPE PRÓPRIA OU EPS' ...
2026-01-29 17:04:50,164 - INFO - 🟨 campo de caracteristica 'EQUIPE PRÓPRIA OU EPS detectado
2026-01-29 17:05:11,926 - INFO - ⌛ Aguardando confirmação 4 - editar OS...
2026-01-29 17:05:27,311 - INFO - ⌛ Aguardando confirmação 4 - editar OS...
2026-01-29 17:05:42,724 - INFO - ⌛ Aguardando confirmação 4 - editar OS...
2026-01-29 17:05:58,115 - INFO - 🟨 Janela de confirmação 4 de edição de OS detectada
2026-01-29 17:06:28,785 - INFO - ⌛ Aguardando janela de confirmação de programação de OS...
2026-01-29 17:06:39,182 - INFO - 🟨 Janela de confirmação de programação de OS detectada
2026-01-29 17:06:52,480 - INFO - 🟨 Janela de aviso de edição de OS programadas detectada
2026-01-29 17:06:56,752 - INFO - ⌛ aguardando janela de programação de lote de OS...
2026-01-29 17:07:07,196 - INFO - 🟨 Janela de aviso de substituição de lote de OS detectada
2026-01-29 17:07:13,453 - INFO - ⌛ aguardando janela de programação de lote de OS...
2026-01-29 17:07:23,884 - INFO - ⌛ aguardando janela de programação de lote de OS...
2026-01-29 17:07:34,362 - INFO - ⌛ aguardando janela de programação de lote de OS...
2026-01-29 17:07:44,839 - INFO - ⌛ aguardando janela de programação de lote de OS...
2026-01-29 17:07:55,290 - INFO - ⌛ aguardando janela de programação de lote de OS...
2026-01-29 17:08:05,764 - INFO - ⌛ aguardando janela de programação de lote de OS...
2026-01-29 17:08:16,237 - INFO - ⌛ aguardando janela de programação de lote de OS...
2026-01-29 17:08:26,717 - INFO - ⌛ aguardando janela de programação de lote de OS...
2026-01-29 17:08:37,191 - INFO - ⌛ aguardando janela de programação de lote de OS...
2026-01-29 17:08:47,677 - INFO - ⌛ aguardando janela de programação de lote de OS...
2026-01-29 17:08:58,182 - INFO - 🟨 Janela de programação de lote de OS detectada
2026-01-29 17:09:25,621 - INFO - ⌛ aguardando janela de confirmação de programação de lote de OS...
2026-01-29 17:09:36,036 - INFO - 🟨 Janela de confirmação de programação de lote de OS detectada
2026-01-29 17:09:40,292 - INFO - ⌛ aguardando confirmação final de programação do lote
2026-01-29 17:09:50,781 - INFO - ⌛ aguardando confirmação final de programação do lote
2026-01-29 17:10:01,310 - INFO - 🟨 programação do lote 4 efetuado com sucesso
2026-01-29 17:10:11,472 - INFO - 
=== Iniciando lote 5/69 [LEVE] ===
2026-01-29 17:10:17,830 - INFO - Janela de seleção aberta
2026-01-29 17:10:22,066 - INFO - DEBUG: idx=4, inicio=100, fim=125
2026-01-29 17:10:22,066 - INFO - ✅ 25 OS copiadas para a área de transferência.
2026-01-29 17:10:22,066 - INFO - 📋 Lote 5 copiado.
2026-01-29 17:10:30,398 - INFO - ⌛ Esperando mudança visual...
2026-01-29 17:10:31,413 - INFO - ⌛ Esperando mudança visual...
2026-01-29 17:10:32,429 - INFO - ⌛ Esperando mudança visual...
2026-01-29 17:10:33,450 - INFO - ⌛ Esperando mudança visual...
2026-01-29 17:10:34,466 - INFO - ⌛ Esperando mudança visual...
2026-01-29 17:10:35,475 - INFO - ⌛ Esperando mudança visual...
2026-01-29 17:10:36,491 - INFO - ⌛ Esperando mudança visual...
2026-01-29 17:10:37,507 - INFO - ⌛ Esperando mudança visual...
2026-01-29 17:10:38,510 - INFO - ⌛ Esperando mudança visual...
2026-01-29 17:10:39,522 - INFO - ⌛ Esperando mudança visual...
2026-01-29 17:10:40,526 - INFO - ⌛ Esperando mudança visual...
2026-01-29 17:10:41,553 - INFO - ⌛ Esperando mudança visual...
2026-01-29 17:10:42,568 - INFO - ⌛ Esperando mudança visual...
2026-01-29 17:10:43,584 - INFO - ⌛ Esperando mudança visual...
2026-01-29 17:10:44,600 - INFO - ⌛ Esperando mudança visual...
2026-01-29 17:10:45,616 - INFO - ⌛ Esperando mudança visual...
2026-01-29 17:10:46,634 - INFO - ⌛ Esperando mudança visual...
2026-01-29 17:10:47,646 - INFO - ⌛ Esperando mudança visual...
2026-01-29 17:10:48,662 - INFO - ⌛ Esperando mudança visual...
2026-01-29 17:10:49,678 - INFO - ✅ Tela carregada!
2026-01-29 17:11:00,166 - INFO - ⌛ Aguardando janela de confirmação de desbloqueio...
2026-01-29 17:11:10,539 - INFO - ⌛ Aguardando janela de confirmação de desbloqueio...
2026-01-29 17:11:20,908 - INFO - 🟨 Registros desbloqueados com sucesso
2026-01-29 17:11:34,433 - INFO - ⌛ Aguardando janela de edição de OS...
2026-01-29 17:11:49,852 - INFO - 🟨 OS programadas detectadas
2026-01-29 17:11:53,033 - INFO - ⌛ Aguardando janela de edição de OS...
2026-01-29 17:12:08,441 - INFO - 🟨 Janela de edição de OS detectada
2026-01-29 17:12:29,809 - INFO - 🟨 Janela de edição de habilidade da turma detectada
2026-01-29 17:13:18,143 - INFO - ⌛ Aguardando detecção do campo de caracteristica 'EQUIPE PRÓPRIA OU EPS' ...
2026-01-29 17:13:37,504 - INFO - 🟨 campo de caracteristica 'EQUIPE PRÓPRIA OU EPS detectado
2026-01-29 17:13:59,234 - INFO - ⌛ Aguardando confirmação 4 - editar OS...
2026-01-29 17:14:14,627 - INFO - ⌛ Aguardando confirmação 4 - editar OS...
2026-01-29 17:14:29,974 - INFO - ⌛ Aguardando confirmação 4 - editar OS...
2026-01-29 17:14:45,363 - INFO - 🟨 Janela de confirmação 4 de edição de OS detectada
2026-01-29 17:15:16,004 - INFO - ⌛ Aguardando janela de confirmação de programação de OS...
2026-01-29 17:15:26,371 - INFO - 🟨 Janela de confirmação de programação de OS detectada
2026-01-29 17:15:39,684 - INFO - 🟨 Janela de aviso de edição de OS programadas detectada
2026-01-29 17:15:43,951 - INFO - ⌛ aguardando janela de programação de lote de OS...
2026-01-29 17:15:54,386 - INFO - 🟨 Janela de aviso de substituição de lote de OS detectada
2026-01-29 17:16:00,652 - INFO - ⌛ aguardando janela de programação de lote de OS...
2026-01-29 17:16:11,087 - INFO - ⌛ aguardando janela de programação de lote de OS...
2026-01-29 17:16:21,555 - INFO - ⌛ aguardando janela de programação de lote de OS...
2026-01-29 17:16:32,042 - INFO - ⌛ aguardando janela de programação de lote de OS...
2026-01-29 17:16:42,578 - INFO - ⌛ aguardando janela de programação de lote de OS...
2026-01-29 17:16:53,042 - INFO - ⌛ aguardando janela de programação de lote de OS...
2026-01-29 17:17:03,522 - INFO - ⌛ aguardando janela de programação de lote de OS...
2026-01-29 17:17:14,006 - INFO - ⌛ aguardando janela de programação de lote de OS...
2026-01-29 17:17:24,471 - INFO - ⌛ aguardando janela de programação de lote de OS...
2026-01-29 17:17:34,930 - INFO - ⌛ aguardando janela de programação de lote de OS...
2026-01-29 17:17:45,435 - INFO - ⌛ aguardando janela de programação de lote de OS...
2026-01-29 17:17:55,901 - INFO - ⌛ aguardando janela de programação de lote de OS...
2026-01-29 17:18:06,379 - INFO - ⌛ aguardando janela de programação de lote de OS...
2026-01-29 17:18:16,866 - INFO - ⌛ aguardando janela de programação de lote de OS...
2026-01-29 17:18:27,405 - INFO - ⌛ aguardando janela de programação de lote de OS...
2026-01-29 17:18:37,907 - INFO - ⌛ aguardando janela de programação de lote de OS...
2026-01-29 17:18:48,377 - INFO - ⌛ aguardando janela de programação de lote de OS...
2026-01-29 17:18:58,839 - INFO - ⌛ aguardando janela de programação de lote de OS...
2026-01-29 17:19:09,318 - INFO - ⌛ aguardando janela de programação de lote de OS...
2026-01-29 17:19:19,792 - INFO - ⌛ aguardando janela de programação de lote de OS...
2026-01-29 17:19:30,307 - INFO - ⌛ aguardando janela de programação de lote de OS...
2026-01-29 17:19:40,783 - INFO - ⌛ aguardando janela de programação de lote de OS...
2026-01-29 17:19:51,278 - INFO - ⌛ aguardando janela de programação de lote de OS...
2026-01-29 17:20:01,820 - INFO - ⌛ aguardando janela de programação de lote de OS...
2026-01-29 17:20:12,334 - INFO - ⌛ aguardando janela de programação de lote de OS...
2026-01-29 17:20:22,876 - INFO - ⌛ aguardando janela de programação de lote de OS...
2026-01-29 17:20:33,374 - INFO - ⌛ aguardando janela de programação de lote de OS...
2026-01-29 17:20:43,909 - INFO - ⌛ aguardando janela de programação de lote de OS...
2026-01-29 17:20:54,427 - INFO - ⌛ aguardando janela de programação de lote de OS...
2026-01-29 17:21:04,921 - INFO - ⌛ aguardando janela de programação de lote de OS...
2026-01-29 17:21:15,431 - INFO - ⌛ aguardando janela de programação de lote de OS...
2026-01-29 17:21:25,909 - INFO - ⌛ aguardando janela de programação de lote de OS...
2026-01-29 17:21:36,473 - INFO - ⌛ aguardando janela de programação de lote de OS...
2026-01-29 17:21:47,020 - INFO - ⌛ aguardando janela de programação de lote de OS...
2026-01-29 17:21:57,557 - INFO - ⌛ aguardando janela de programação de lote de OS...
2026-01-29 17:22:08,117 - INFO - ⌛ aguardando janela de programação de lote de OS...
2026-01-29 17:22:18,592 - INFO - ⌛ aguardando janela de programação de lote de OS...
2026-01-29 17:22:29,050 - INFO - ⌛ aguardando janela de programação de lote de OS...
2026-01-29 17:22:39,514 - INFO - ⌛ aguardando janela de programação de lote de OS...
2026-01-29 17:22:50,013 - INFO - ⌛ aguardando janela de programação de lote de OS...
2026-01-29 17:23:00,504 - INFO - ⌛ aguardando janela de programação de lote de OS...
2026-01-29 17:23:10,977 - INFO - ⌛ aguardando janela de programação de lote de OS...
2026-01-29 17:23:21,473 - INFO - ⌛ aguardando janela de programação de lote de OS...
2026-01-29 17:23:32,010 - INFO - ⌛ aguardando janela de programação de lote de OS...
2026-01-29 17:23:42,567 - INFO - ⌛ aguardando janela de programação de lote de OS...
2026-01-29 17:23:53,123 - INFO - ⌛ aguardando janela de programação de lote de OS...
2026-01-29 17:24:03,646 - INFO - ⌛ aguardando janela de programação de lote de OS...
2026-01-29 17:24:14,187 - INFO - 🟨 Janela de programação de lote de OS detectada
2026-01-29 17:24:41,607 - INFO - ⌛ aguardando janela de confirmação de programação de lote de OS...
2026-01-29 17:24:52,000 - INFO - 🟨 Janela de confirmação de programação de lote de OS detectada
2026-01-29 17:24:56,313 - INFO - ⌛ aguardando confirmação final de programação do lote
2026-01-29 17:25:06,769 - INFO - ⌛ aguardando confirmação final de programação do lote
2026-01-29 17:25:17,237 - INFO - 🟨 programação do lote 5 efetuado com sucesso
2026-01-29 17:25:27,407 - INFO - 
=== Iniciando lote 6/69 [LEVE] ===
2026-01-29 17:25:33,765 - INFO - Janela de seleção aberta
2026-01-29 17:25:37,996 - INFO - DEBUG: idx=5, inicio=125, fim=150
2026-01-29 17:25:37,996 - INFO - ✅ 25 OS copiadas para a área de transferência.
2026-01-29 17:25:37,996 - INFO - 📋 Lote 6 copiado.
2026-01-29 17:25:46,346 - INFO - ⌛ Esperando mudança visual...
2026-01-29 17:25:47,362 - INFO - ⌛ Esperando mudança visual...
2026-01-29 17:25:48,380 - INFO - ⌛ Esperando mudança visual...
2026-01-29 17:25:49,394 - INFO - ⌛ Esperando mudança visual...
2026-01-29 17:25:50,410 - INFO - ⌛ Esperando mudança visual...
2026-01-29 17:25:51,428 - INFO - ⌛ Esperando mudança visual...
2026-01-29 17:25:52,442 - INFO - ⌛ Esperando mudança visual...
2026-01-29 17:25:53,457 - INFO - ⌛ Esperando mudança visual...
2026-01-29 17:25:54,481 - INFO - ⌛ Esperando mudança visual...
2026-01-29 17:25:55,488 - INFO - ⌛ Esperando mudança visual...
2026-01-29 17:25:56,504 - INFO - ⌛ Esperando mudança visual...
2026-01-29 17:25:57,519 - INFO - ⌛ Esperando mudança visual...
2026-01-29 17:25:58,536 - INFO - ✅ Tela carregada!
2026-01-29 17:26:09,029 - INFO - ⌛ Aguardando janela de confirmação de desbloqueio...
2026-01-29 17:26:19,452 - INFO - ⌛ Aguardando janela de confirmação de desbloqueio...
2026-01-29 17:26:29,853 - INFO - 🟨 Registros desbloqueados com sucesso
2026-01-29 17:26:43,403 - INFO - ⌛ Aguardando janela de edição de OS...
2026-01-29 17:26:58,798 - INFO - 🟨 OS programadas detectadas
2026-01-29 17:27:01,957 - INFO - ⌛ Aguardando janela de edição de OS...
2026-01-29 17:27:17,349 - INFO - 🟨 Janela de edição de OS detectada
2026-01-29 17:27:38,699 - INFO - 🟨 Janela de edição de habilidade da turma detectada
2026-01-29 17:28:27,035 - INFO - ⌛ Aguardando detecção do campo de caracteristica 'EQUIPE PRÓPRIA OU EPS' ...
2026-01-29 17:28:46,406 - INFO - 🟨 campo de caracteristica 'EQUIPE PRÓPRIA OU EPS detectado
2026-01-29 17:29:08,181 - INFO - ⌛ Aguardando confirmação 4 - editar OS...
2026-01-29 17:29:23,554 - INFO - ⌛ Aguardando confirmação 4 - editar OS...
2026-01-29 17:29:38,952 - INFO - ⌛ Aguardando confirmação 4 - editar OS...
2026-01-29 17:29:54,352 - INFO - 🟨 Janela de confirmação 4 de edição de OS detectada
2026-01-29 17:30:25,006 - INFO - ⌛ Aguardando janela de confirmação de programação de OS...
2026-01-29 17:30:35,357 - INFO - 🟨 Janela de confirmação de programação de OS detectada
2026-01-29 17:30:48,667 - INFO - 🟨 Janela de aviso de edição de OS programadas detectada
2026-01-29 17:30:52,921 - INFO - ⌛ aguardando janela de programação de lote de OS...
2026-01-29 17:31:03,379 - INFO - 🟨 Janela de aviso de substituição de lote de OS detectada
2026-01-29 17:31:09,650 - INFO - ⌛ aguardando janela de programação de lote de OS...
2026-01-29 17:31:20,091 - INFO - ⌛ aguardando janela de programação de lote de OS...
2026-01-29 17:31:30,531 - INFO - ⌛ aguardando janela de programação de lote de OS...
2026-01-29 17:31:40,996 - INFO - ⌛ aguardando janela de programação de lote de OS...
2026-01-29 17:31:51,432 - INFO - ⌛ aguardando janela de programação de lote de OS...
2026-01-29 17:32:01,892 - INFO - ⌛ aguardando janela de programação de lote de OS...
2026-01-29 17:32:12,376 - INFO - ⌛ aguardando janela de programação de lote de OS...
2026-01-29 17:32:22,830 - INFO - ⌛ aguardando janela de programação de lote de OS...
2026-01-29 17:32:33,288 - INFO - ⌛ aguardando janela de programação de lote de OS...
2026-01-29 17:32:43,789 - INFO - ⌛ aguardando janela de programação de lote de OS...
2026-01-29 17:32:54,256 - INFO - ⌛ aguardando janela de programação de lote de OS...
2026-01-29 17:33:04,717 - INFO - ⌛ aguardando janela de programação de lote de OS...
2026-01-29 17:33:15,226 - INFO - ⌛ aguardando janela de programação de lote de OS...
2026-01-29 17:33:25,752 - INFO - ⌛ aguardando janela de programação de lote de OS...
2026-01-29 17:33:36,328 - INFO - ⌛ aguardando janela de programação de lote de OS...
2026-01-29 17:33:46,885 - INFO - ⌛ aguardando janela de programação de lote de OS...
2026-01-29 17:33:57,438 - INFO - ⌛ aguardando janela de programação de lote de OS...
2026-01-29 17:34:07,962 - INFO - ⌛ aguardando janela de programação de lote de OS...
2026-01-29 17:34:18,421 - INFO - ⌛ aguardando janela de programação de lote de OS...
2026-01-29 17:34:28,975 - INFO - ⌛ aguardando janela de programação de lote de OS...
2026-01-29 17:34:39,488 - INFO - ⌛ aguardando janela de programação de lote de OS...
2026-01-29 17:34:49,994 - INFO - ⌛ aguardando janela de programação de lote de OS...
2026-01-29 17:35:00,492 - INFO - ⌛ aguardando janela de programação de lote de OS...
2026-01-29 17:35:11,021 - INFO - ⌛ aguardando janela de programação de lote de OS...
2026-01-29 17:35:21,498 - INFO - ⌛ aguardando janela de programação de lote de OS...
2026-01-29 17:35:31,970 - INFO - ⌛ aguardando janela de programação de lote de OS...
2026-01-29 17:35:42,451 - INFO - ⌛ aguardando janela de programação de lote de OS...
2026-01-29 17:35:52,933 - INFO - ⌛ aguardando janela de programação de lote de OS...
2026-01-29 17:36:03,410 - INFO - ⌛ aguardando janela de programação de lote de OS...
2026-01-29 17:36:13,881 - INFO - ⌛ aguardando janela de programação de lote de OS...
2026-01-29 17:36:24,334 - INFO - ⌛ aguardando janela de programação de lote de OS...
2026-01-29 17:36:34,823 - INFO - ⌛ aguardando janela de programação de lote de OS...
2026-01-29 17:36:45,443 - INFO - ⌛ aguardando janela de programação de lote de OS...
2026-01-29 17:36:56,070 - INFO - ⌛ aguardando janela de programação de lote de OS...
2026-01-29 17:37:06,617 - INFO - ⌛ aguardando janela de programação de lote de OS...
2026-01-29 17:37:17,167 - INFO - ⌛ aguardando janela de programação de lote de OS...
2026-01-29 17:37:27,745 - INFO - ⌛ aguardando janela de programação de lote de OS...
2026-01-29 17:37:38,309 - INFO - ⌛ aguardando janela de programação de lote de OS...
2026-01-29 17:37:48,848 - INFO - ⌛ aguardando janela de programação de lote de OS...
2026-01-29 17:37:59,336 - INFO - ⌛ aguardando janela de programação de lote de OS...
2026-01-29 17:38:09,839 - INFO - ⌛ aguardando janela de programação de lote de OS...
2026-01-29 17:38:20,354 - INFO - ⌛ aguardando janela de programação de lote de OS...
2026-01-29 17:38:30,855 - INFO - ⌛ aguardando janela de programação de lote de OS...
2026-01-29 17:38:41,336 - INFO - ⌛ aguardando janela de programação de lote de OS...
2026-01-29 17:38:51,864 - INFO - ⌛ aguardando janela de programação de lote de OS...
2026-01-29 17:39:02,372 - INFO - ⌛ aguardando janela de programação de lote de OS...
2026-01-29 17:39:12,919 - INFO - ⌛ aguardando janela de programação de lote de OS...
2026-01-29 17:39:23,436 - INFO - ⌛ aguardando janela de programação de lote de OS...
2026-01-29 17:39:33,954 - INFO - ⌛ aguardando janela de programação de lote de OS...
2026-01-29 17:39:44,492 - INFO - ⌛ aguardando janela de programação de lote de OS...
2026-01-29 17:39:55,008 - INFO - ⌛ aguardando janela de programação de lote de OS...
2026-01-29 17:40:05,513 - INFO - ⌛ aguardando janela de programação de lote de OS...
2026-01-29 17:40:16,026 - INFO - ⌛ aguardando janela de programação de lote de OS...
2026-01-29 17:40:26,572 - INFO - ⌛ aguardando janela de programação de lote de OS...
2026-01-29 17:40:37,084 - INFO - ⌛ aguardando janela de programação de lote de OS...
2026-01-29 17:40:47,628 - INFO - verificando janela oculta
2026-01-29 17:41:10,111 - INFO - Janela restaurada
2026-01-29 17:41:10,111 - INFO - ⌛ aguardando janela de programação de lote de OS...
2026-01-29 17:41:20,584 - INFO - 🟨 Janela de programação de lote de OS detectada
2026-01-29 17:41:48,037 - INFO - ⌛ aguardando janela de confirmação de programação de lote de OS...
2026-01-29 17:41:58,444 - INFO - 🟨 Janela de confirmação de programação de lote de OS detectada
2026-01-29 17:42:02,711 - INFO - ⌛ aguardando confirmação final de programação do lote
2026-01-29 17:42:13,158 - INFO - ⌛ aguardando confirmação final de programação do lote
2026-01-29 17:42:23,617 - INFO - ⌛ aguardando confirmação final de programação do lote
2026-01-29 17:42:34,384 - INFO - 🟨 programação do lote 6 efetuado com sucesso
2026-01-29 17:42:44,677 - INFO - 
=== Iniciando lote 7/69 [LEVE] ===
2026-01-29 17:42:51,168 - INFO - Janela de seleção aberta
2026-01-29 17:42:55,487 - INFO - DEBUG: idx=6, inicio=150, fim=175
2026-01-29 17:42:55,487 - INFO - ✅ 25 OS copiadas para a área de transferência.
2026-01-29 17:42:55,487 - INFO - 📋 Lote 7 copiado.
2026-01-29 17:43:03,814 - INFO - ⌛ Esperando mudança visual...
2026-01-29 17:43:04,826 - INFO - ⌛ Esperando mudança visual...
2026-01-29 17:43:05,843 - INFO - ⌛ Esperando mudança visual...
2026-01-29 17:43:06,862 - INFO - ⌛ Esperando mudança visual...
2026-01-29 17:43:07,876 - INFO - ⌛ Esperando mudança visual...
2026-01-29 17:43:08,892 - INFO - ⌛ Esperando mudança visual...
2026-01-29 17:43:09,904 - INFO - ⌛ Esperando mudança visual...
2026-01-29 17:43:10,920 - INFO - ⌛ Esperando mudança visual...
2026-01-29 17:43:11,944 - INFO - ⌛ Esperando mudança visual...
2026-01-29 17:43:12,960 - INFO - ⌛ Esperando mudança visual...
2026-01-29 17:43:13,967 - INFO - ⌛ Esperando mudança visual...
2026-01-29 17:43:14,997 - INFO - ✅ Tela carregada!
2026-01-29 17:43:25,615 - INFO - ⌛ Aguardando janela de confirmação de desbloqueio...
2026-01-29 17:43:36,550 - INFO - ⌛ Aguardando janela de confirmação de desbloqueio...
2026-01-29 17:43:47,492 - INFO - 🟨 Registros desbloqueados com sucesso
2026-01-29 17:44:01,339 - INFO - ⌛ Aguardando janela de edição de OS...
2026-01-29 17:44:17,605 - INFO - 🟨 OS programadas detectadas
2026-01-29 17:44:20,918 - INFO - ⌛ Aguardando janela de edição de OS...
2026-01-29 17:44:37,021 - INFO - 🟨 Janela de edição de OS detectada
2026-01-29 17:44:58,523 - INFO - 🟨 Janela de edição de habilidade da turma detectada
2026-01-29 17:45:47,006 - INFO - ⌛ Aguardando detecção do campo de caracteristica 'EQUIPE PRÓPRIA OU EPS' ...
2026-01-29 17:46:06,490 - INFO - 🟨 campo de caracteristica 'EQUIPE PRÓPRIA OU EPS detectado
2026-01-29 17:46:28,480 - INFO - ⌛ Aguardando confirmação 4 - editar OS...
2026-01-29 17:46:44,343 - INFO - ⌛ Aguardando confirmação 4 - editar OS...
2026-01-29 17:47:00,214 - INFO - 🟨 Janela de confirmação 4 de edição de OS detectada
2026-01-29 17:47:31,120 - INFO - ⌛ Aguardando janela de confirmação de programação de OS...
2026-01-29 17:47:41,987 - INFO - 🟨 Janela de confirmação de programação de OS detectada
2026-01-29 17:47:55,755 - INFO - 🟨 Janela de aviso de edição de OS programadas detectada
2026-01-29 17:48:00,127 - INFO - ⌛ aguardando janela de programação de lote de OS...
2026-01-29 17:48:11,327 - INFO - 🟨 Janela de aviso de substituição de lote de OS detectada
2026-01-29 17:48:17,698 - INFO - ⌛ aguardando janela de programação de lote de OS...
2026-01-29 17:48:28,934 - INFO - ⌛ aguardando janela de programação de lote de OS...
2026-01-29 17:48:40,162 - INFO - ⌛ aguardando janela de programação de lote de OS...
2026-01-29 17:48:51,325 - INFO - ⌛ aguardando janela de programação de lote de OS...
2026-01-29 17:49:02,598 - INFO - ⌛ aguardando janela de programação de lote de OS...
2026-01-29 17:49:13,728 - INFO - ⌛ aguardando janela de programação de lote de OS...
2026-01-29 17:49:24,933 - INFO - ⌛ aguardando janela de programação de lote de OS...
2026-01-29 17:49:36,222 - INFO - ⌛ aguardando janela de programação de lote de OS...
2026-01-29 17:49:47,404 - INFO - ⌛ aguardando janela de programação de lote de OS...
2026-01-29 17:49:58,605 - INFO - ⌛ aguardando janela de programação de lote de OS...
2026-01-29 17:50:09,787 - INFO - ⌛ aguardando janela de programação de lote de OS...
2026-01-29 17:50:21,186 - INFO - ⌛ aguardando janela de programação de lote de OS...
2026-01-29 17:50:32,492 - INFO - ⌛ aguardando janela de programação de lote de OS...
2026-01-29 17:50:43,866 - INFO - ⌛ aguardando janela de programação de lote de OS...
2026-01-29 17:50:55,078 - INFO - ⌛ aguardando janela de programação de lote de OS...
2026-01-29 17:51:06,405 - INFO - ⌛ aguardando janela de programação de lote de OS...
2026-01-29 17:51:17,750 - INFO - ⌛ aguardando janela de programação de lote de OS...
2026-01-29 17:51:28,932 - INFO - ⌛ aguardando janela de programação de lote de OS...
2026-01-29 17:51:40,330 - INFO - ⌛ aguardando janela de programação de lote de OS...
2026-01-29 17:51:51,706 - INFO - ⌛ aguardando janela de programação de lote de OS...
2026-01-29 17:52:02,943 - INFO - ⌛ aguardando janela de programação de lote de OS...
2026-01-29 17:52:14,087 - INFO - ⌛ aguardando janela de programação de lote de OS...
2026-01-29 17:52:25,303 - INFO - ⌛ aguardando janela de programação de lote de OS...
2026-01-29 17:52:36,564 - INFO - ⌛ aguardando janela de programação de lote de OS...
2026-01-29 17:52:47,761 - INFO - ⌛ aguardando janela de programação de lote de OS...
2026-01-29 17:52:58,952 - INFO - ⌛ aguardando janela de programação de lote de OS...
2026-01-29 17:53:10,080 - INFO - ⌛ aguardando janela de programação de lote de OS...
2026-01-29 17:53:21,290 - INFO - ⌛ aguardando janela de programação de lote de OS...
2026-01-29 17:53:32,510 - INFO - ⌛ aguardando janela de programação de lote de OS...
2026-01-29 17:53:43,639 - INFO - ⌛ aguardando janela de programação de lote de OS...
2026-01-29 17:53:54,849 - INFO - ⌛ aguardando janela de programação de lote de OS...
2026-01-29 17:54:06,113 - INFO - ⌛ aguardando janela de programação de lote de OS...
2026-01-29 17:54:17,591 - INFO - ⌛ aguardando janela de programação de lote de OS...
2026-01-29 17:54:28,986 - INFO - ⌛ aguardando janela de programação de lote de OS...
2026-01-29 17:54:40,311 - INFO - ⌛ aguardando janela de programação de lote de OS...
2026-01-29 17:54:51,773 - INFO - ⌛ aguardando janela de programação de lote de OS...
2026-01-29 17:55:03,063 - INFO - ⌛ aguardando janela de programação de lote de OS...
2026-01-29 17:55:14,339 - INFO - ⌛ aguardando janela de programação de lote de OS...
2026-01-29 17:55:25,628 - INFO - ⌛ aguardando janela de programação de lote de OS...
2026-01-29 17:55:36,900 - INFO - ⌛ aguardando janela de programação de lote de OS...
2026-01-29 17:55:48,187 - INFO - ⌛ aguardando janela de programação de lote de OS...
2026-01-29 17:55:59,428 - INFO - ⌛ aguardando janela de programação de lote de OS...
2026-01-29 17:56:10,667 - INFO - ⌛ aguardando janela de programação de lote de OS...
2026-01-29 17:56:21,893 - INFO - ⌛ aguardando janela de programação de lote de OS...
2026-01-29 17:56:33,171 - INFO - ⌛ aguardando janela de programação de lote de OS...
2026-01-29 17:56:44,521 - INFO - ⌛ aguardando janela de programação de lote de OS...
2026-01-29 17:56:55,950 - INFO - ⌛ aguardando janela de programação de lote de OS...
2026-01-29 17:57:07,382 - INFO - ⌛ aguardando janela de programação de lote de OS...
2026-01-29 17:57:18,958 - INFO - ⌛ aguardando janela de programação de lote de OS...
2026-01-29 17:57:30,440 - INFO - ⌛ aguardando janela de programação de lote de OS...
2026-01-29 17:57:41,900 - INFO - ⌛ aguardando janela de programação de lote de OS...
2026-01-29 17:57:53,409 - INFO - verificando janela oculta
2026-01-29 17:58:15,998 - INFO - Janela restaurada
2026-01-29 17:58:15,998 - INFO - ⌛ aguardando janela de programação de lote de OS...
2026-01-29 17:58:27,244 - INFO - 🟨 Janela de programação de lote de OS detectada
2026-01-29 17:58:54,833 - INFO - ⌛ aguardando janela de confirmação de programação de lote de OS...
2026-01-29 17:59:05,679 - INFO - 🟨 Janela de confirmação de programação de lote de OS detectada
2026-01-29 17:59:10,280 - INFO - ⌛ aguardando confirmação final de programação do lote
2026-01-29 17:59:21,103 - INFO - ⌛ aguardando confirmação final de programação do lote
2026-01-29 17:59:31,641 - INFO - 🟨 programação do lote 7 efetuado com sucesso
2026-01-29 17:59:41,792 - INFO - 
=== Iniciando lote 8/69 [LEVE] ===
2026-01-29 17:59:48,152 - INFO - Janela de seleção aberta
2026-01-29 17:59:52,391 - INFO - DEBUG: idx=7, inicio=175, fim=200
2026-01-29 17:59:52,391 - INFO - ✅ 25 OS copiadas para a área de transferência.
2026-01-29 17:59:52,391 - INFO - 📋 Lote 8 copiado.
2026-01-29 18:00:00,728 - INFO - ⌛ Esperando mudança visual...
2026-01-29 18:00:01,753 - INFO - ⌛ Esperando mudança visual...
2026-01-29 18:00:02,755 - INFO - ⌛ Esperando mudança visual...
2026-01-29 18:00:03,767 - INFO - ⌛ Esperando mudança visual...
2026-01-29 18:00:04,783 - INFO - ⌛ Esperando mudança visual...
2026-01-29 18:00:05,799 - INFO - ⌛ Esperando mudança visual...
2026-01-29 18:00:06,814 - INFO - ⌛ Esperando mudança visual...
2026-01-29 18:00:07,830 - INFO - ⌛ Esperando mudança visual...
2026-01-29 18:00:08,846 - INFO - ⌛ Esperando mudança visual...
2026-01-29 18:00:09,861 - INFO - ⌛ Esperando mudança visual...
2026-01-29 18:00:10,877 - INFO - ✅ Tela carregada!
2026-01-29 18:00:21,373 - INFO - ⌛ Aguardando janela de confirmação de desbloqueio...
2026-01-29 18:00:31,720 - INFO - ⌛ Aguardando janela de confirmação de desbloqueio...
2026-01-29 18:00:42,092 - INFO - 🟨 Registros desbloqueados com sucesso
2026-01-29 18:00:55,615 - INFO - ⌛ Aguardando janela de edição de OS...
2026-01-29 18:01:10,996 - INFO - 🟨 OS programadas detectadas
2026-01-29 18:01:14,156 - INFO - ⌛ Aguardando janela de edição de OS...
2026-01-29 18:01:29,537 - INFO - 🟨 Janela de edição de OS detectada
2026-01-29 18:01:50,919 - INFO - 🟨 Janela de edição de habilidade da turma detectada
2026-01-29 18:02:39,234 - INFO - ⌛ Aguardando detecção do campo de caracteristica 'EQUIPE PRÓPRIA OU EPS' ...
2026-01-29 18:02:58,571 - INFO - 🟨 campo de caracteristica 'EQUIPE PRÓPRIA OU EPS detectado
2026-01-29 18:03:20,310 - INFO - ⌛ Aguardando confirmação 4 - editar OS...
2026-01-29 18:03:35,685 - INFO - ⌛ Aguardando confirmação 4 - editar OS...
2026-01-29 18:03:51,022 - INFO - ⌛ Aguardando confirmação 4 - editar OS...
2026-01-29 18:04:06,461 - INFO - 🟨 Janela de confirmação 4 de edição de OS detectada
2026-01-29 18:04:37,153 - INFO - ⌛ Aguardando janela de confirmação de programação de OS...
2026-01-29 18:04:47,536 - INFO - 🟨 Janela de confirmação de programação de OS detectada
2026-01-29 18:05:00,867 - INFO - 🟨 Janela de aviso de edição de OS programadas detectada
2026-01-29 18:05:05,166 - INFO - ⌛ aguardando janela de programação de lote de OS...
2026-01-29 18:05:15,656 - INFO - 🟨 Janela de aviso de substituição de lote de OS detectada
2026-01-29 18:05:21,921 - INFO - ⌛ aguardando janela de programação de lote de OS...
2026-01-29 18:05:32,408 - INFO - ⌛ aguardando janela de programação de lote de OS...
2026-01-29 18:05:42,851 - INFO - ⌛ aguardando janela de programação de lote de OS...
2026-01-29 18:05:53,322 - INFO - ⌛ aguardando janela de programação de lote de OS...
2026-01-29 18:06:03,785 - INFO - ⌛ aguardando janela de programação de lote de OS...
2026-01-29 18:06:14,276 - INFO - ⌛ aguardando janela de programação de lote de OS...
2026-01-29 18:06:24,758 - INFO - ⌛ aguardando janela de programação de lote de OS...
2026-01-29 18:06:35,216 - INFO - ⌛ aguardando janela de programação de lote de OS...
2026-01-29 18:06:45,716 - INFO - ⌛ aguardando janela de programação de lote de OS...
2026-01-29 18:06:56,196 - INFO - ⌛ aguardando janela de programação de lote de OS...
2026-01-29 18:07:06,721 - INFO - ⌛ aguardando janela de programação de lote de OS...
2026-01-29 18:07:17,194 - INFO - ⌛ aguardando janela de programação de lote de OS...
2026-01-29 18:07:27,646 - INFO - ⌛ aguardando janela de programação de lote de OS...
2026-01-29 18:07:38,129 - INFO - ⌛ aguardando janela de programação de lote de OS...
2026-01-29 18:07:48,683 - INFO - ⌛ aguardando janela de programação de lote de OS...
2026-01-29 18:07:59,184 - INFO - ⌛ aguardando janela de programação de lote de OS...
2026-01-29 18:08:09,706 - INFO - ⌛ aguardando janela de programação de lote de OS...
2026-01-29 18:08:20,215 - INFO - ⌛ aguardando janela de programação de lote de OS...
2026-01-29 18:08:30,703 - INFO - ⌛ aguardando janela de programação de lote de OS...
2026-01-29 18:08:41,168 - INFO - ⌛ aguardando janela de programação de lote de OS...
2026-01-29 18:08:51,680 - INFO - ⌛ aguardando janela de programação de lote de OS...
2026-01-29 18:09:02,167 - INFO - ⌛ aguardando janela de programação de lote de OS...
2026-01-29 18:09:12,695 - INFO - ⌛ aguardando janela de programação de lote de OS...
2026-01-29 18:09:23,196 - INFO - ⌛ aguardando janela de programação de lote de OS...
2026-01-29 18:09:33,709 - INFO - ⌛ aguardando janela de programação de lote de OS...
2026-01-29 18:09:44,233 - INFO - ⌛ aguardando janela de programação de lote de OS...
2026-01-29 18:09:54,748 - INFO - ⌛ aguardando janela de programação de lote de OS...
2026-01-29 18:10:05,313 - INFO - ⌛ aguardando janela de programação de lote de OS...
2026-01-29 18:10:15,840 - INFO - ⌛ aguardando janela de programação de lote de OS...
2026-01-29 18:10:26,353 - INFO - ⌛ aguardando janela de programação de lote de OS...
2026-01-29 18:10:36,916 - INFO - ⌛ aguardando janela de programação de lote de OS...
2026-01-29 18:10:47,366 - INFO - ⌛ aguardando janela de programação de lote de OS...
2026-01-29 18:10:57,857 - INFO - ⌛ aguardando janela de programação de lote de OS...
2026-01-29 18:11:08,377 - INFO - ⌛ aguardando janela de programação de lote de OS...
2026-01-29 18:11:18,885 - INFO - ⌛ aguardando janela de programação de lote de OS...
2026-01-29 18:11:29,410 - INFO - ⌛ aguardando janela de programação de lote de OS...
2026-01-29 18:11:39,919 - INFO - ⌛ aguardando janela de programação de lote de OS...
2026-01-29 18:11:50,418 - INFO - ⌛ aguardando janela de programação de lote de OS...
2026-01-29 18:12:00,945 - INFO - ⌛ aguardando janela de programação de lote de OS...
2026-01-29 18:12:11,454 - INFO - ⌛ aguardando janela de programação de lote de OS...
2026-01-29 18:12:21,983 - INFO - ⌛ aguardando janela de programação de lote de OS...
2026-01-29 18:12:32,472 - INFO - ⌛ aguardando janela de programação de lote de OS...
2026-01-29 18:12:43,024 - INFO - ⌛ aguardando janela de programação de lote de OS...
2026-01-29 18:12:53,526 - INFO - ⌛ aguardando janela de programação de lote de OS...
2026-01-29 18:13:04,032 - INFO - ⌛ aguardando janela de programação de lote de OS...
2026-01-29 18:13:14,487 - INFO - ⌛ aguardando janela de programação de lote de OS...
2026-01-29 18:13:24,994 - INFO - ⌛ aguardando janela de programação de lote de OS...
2026-01-29 18:13:35,543 - INFO - ⌛ aguardando janela de programação de lote de OS...
2026-01-29 18:13:46,062 - INFO - ⌛ aguardando janela de programação de lote de OS...
2026-01-29 18:13:56,593 - INFO - ⌛ aguardando janela de programação de lote de OS...
2026-01-29 18:14:07,158 - INFO - ⌛ aguardando janela de programação de lote de OS...
2026-01-29 18:14:17,640 - INFO - ⌛ aguardando janela de programação de lote de OS...
2026-01-29 18:14:28,211 - INFO - ⌛ aguardando janela de programação de lote de OS...
2026-01-29 18:14:38,704 - INFO - ⌛ aguardando janela de programação de lote de OS...
2026-01-29 18:14:49,228 - INFO - ⌛ aguardando janela de programação de lote de OS...
2026-01-29 18:14:59,722 - INFO - verificando janela oculta
2026-01-29 18:15:22,181 - INFO - Janela restaurada
2026-01-29 18:15:22,181 - INFO - ⌛ aguardando janela de programação de lote de OS...
2026-01-29 18:15:32,665 - INFO - 🟨 Janela de programação de lote de OS detectada
2026-01-29 18:16:00,110 - INFO - ⌛ aguardando janela de confirmação de programação de lote de OS...
2026-01-29 18:16:10,508 - INFO - 🟨 Janela de confirmação de programação de lote de OS detectada
2026-01-29 18:16:14,791 - INFO - ⌛ aguardando confirmação final de programação do lote
2026-01-29 18:16:25,218 - INFO - ⌛ aguardando confirmação final de programação do lote
2026-01-29 18:16:35,688 - INFO - 🟨 programação do lote 8 efetuado com sucesso
2026-01-29 18:16:45,873 - INFO - 
=== Iniciando lote 9/69 [LEVE] ===
2026-01-29 18:16:52,243 - INFO - Janela de seleção aberta
2026-01-29 18:16:56,513 - INFO - DEBUG: idx=8, inicio=200, fim=225
2026-01-29 18:16:56,513 - INFO - ✅ 25 OS copiadas para a área de transferência.
2026-01-29 18:16:56,513 - INFO - 📋 Lote 9 copiado.
2026-01-29 18:17:04,840 - INFO - ⌛ Esperando mudança visual...
2026-01-29 18:17:05,860 - INFO - ⌛ Esperando mudança visual...
2026-01-29 18:17:06,873 - INFO - ⌛ Esperando mudança visual...
2026-01-29 18:17:07,890 - INFO - ⌛ Esperando mudança visual...
2026-01-29 18:17:08,906 - INFO - ⌛ Esperando mudança visual...
2026-01-29 18:17:09,921 - INFO - ⌛ Esperando mudança visual...
2026-01-29 18:17:10,937 - INFO - ⌛ Esperando mudança visual...
2026-01-29 18:17:11,954 - INFO - ⌛ Esperando mudança visual...
2026-01-29 18:17:12,969 - INFO - ⌛ Esperando mudança visual...
2026-01-29 18:17:13,984 - INFO - ⌛ Esperando mudança visual...
2026-01-29 18:17:15,000 - INFO - ⌛ Esperando mudança visual...
2026-01-29 18:17:16,018 - INFO - ✅ Tela carregada!
2026-01-29 18:17:26,492 - INFO - ⌛ Aguardando janela de confirmação de desbloqueio...
2026-01-29 18:17:36,869 - INFO - ⌛ Aguardando janela de confirmação de desbloqueio...
2026-01-29 18:17:47,240 - INFO - 🟨 Registros desbloqueados com sucesso
2026-01-29 18:18:00,825 - INFO - ⌛ Aguardando janela de edição de OS...
2026-01-29 18:18:16,303 - INFO - 🟨 OS programadas detectadas
2026-01-29 18:18:19,473 - INFO - ⌛ Aguardando janela de edição de OS...
2026-01-29 18:18:34,880 - INFO - 🟨 Janela de edição de OS detectada
2026-01-29 18:18:56,252 - INFO - 🟨 Janela de edição de habilidade da turma detectada
2026-01-29 18:19:44,568 - INFO - ⌛ Aguardando detecção do campo de caracteristica 'EQUIPE PRÓPRIA OU EPS' ...
2026-01-29 18:20:03,914 - INFO - 🟨 campo de caracteristica 'EQUIPE PRÓPRIA OU EPS detectado
2026-01-29 18:20:25,650 - INFO - ⌛ Aguardando confirmação 4 - editar OS...
2026-01-29 18:20:41,011 - INFO - ⌛ Aguardando confirmação 4 - editar OS...
2026-01-29 18:20:56,403 - INFO - ⌛ Aguardando confirmação 4 - editar OS...
2026-01-29 18:21:11,848 - INFO - 🟨 Janela de confirmação 4 de edição de OS detectada
2026-01-29 18:21:42,492 - INFO - ⌛ Aguardando janela de confirmação de programação de OS...
2026-01-29 18:21:52,852 - INFO - 🟨 Janela de confirmação de programação de OS detectada
2026-01-29 18:22:06,181 - INFO - 🟨 Janela de aviso de edição de OS programadas detectada
2026-01-29 18:22:10,452 - INFO - ⌛ aguardando janela de programação de lote de OS...
2026-01-29 18:22:20,901 - INFO - 🟨 Janela de aviso de substituição de lote de OS detectada
2026-01-29 18:22:27,174 - INFO - ⌛ aguardando janela de programação de lote de OS...
2026-01-29 18:22:37,627 - INFO - ⌛ aguardando janela de programação de lote de OS...
2026-01-29 18:22:48,092 - INFO - ⌛ aguardando janela de programação de lote de OS...
2026-01-29 18:22:58,624 - INFO - ⌛ aguardando janela de programação de lote de OS...
2026-01-29 18:23:09,200 - INFO - ⌛ aguardando janela de programação de lote de OS...
2026-01-29 18:23:19,692 - INFO - ⌛ aguardando janela de programação de lote de OS...
2026-01-29 18:23:30,214 - INFO - ⌛ aguardando janela de programação de lote de OS...
2026-01-29 18:23:40,653 - INFO - ⌛ aguardando janela de programação de lote de OS...
2026-01-29 18:23:51,112 - INFO - ⌛ aguardando janela de programação de lote de OS...
2026-01-29 18:24:01,564 - INFO - ⌛ aguardando janela de programação de lote de OS...
2026-01-29 18:24:12,058 - INFO - ⌛ aguardando janela de programação de lote de OS...
2026-01-29 18:24:22,585 - INFO - ⌛ aguardando janela de programação de lote de OS...
2026-01-29 18:24:33,049 - INFO - ⌛ aguardando janela de programação de lote de OS...
2026-01-29 18:24:43,513 - INFO - ⌛ aguardando janela de programação de lote de OS...
2026-01-29 18:24:53,965 - INFO - ⌛ aguardando janela de programação de lote de OS...
2026-01-29 18:25:04,439 - INFO - ⌛ aguardando janela de programação de lote de OS...
2026-01-29 18:25:15,009 - INFO - ⌛ aguardando janela de programação de lote de OS...
2026-01-29 18:25:25,518 - INFO - ⌛ aguardando janela de programação de lote de OS...
2026-01-29 18:25:35,954 - INFO - ⌛ aguardando janela de programação de lote de OS...
2026-01-29 18:25:46,419 - INFO - ⌛ aguardando janela de programação de lote de OS...
2026-01-29 18:25:56,937 - INFO - ⌛ aguardando janela de programação de lote de OS...
2026-01-29 18:26:07,400 - INFO - ⌛ aguardando janela de programação de lote de OS...
2026-01-29 18:26:17,879 - INFO - ⌛ aguardando janela de programação de lote de OS...
2026-01-29 18:26:28,367 - INFO - ⌛ aguardando janela de programação de lote de OS...
2026-01-29 18:26:38,875 - INFO - ⌛ aguardando janela de programação de lote de OS...
2026-01-29 18:26:49,363 - INFO - ⌛ aguardando janela de programação de lote de OS...
2026-01-29 18:26:59,860 - INFO - ⌛ aguardando janela de programação de lote de OS...
2026-01-29 18:27:10,361 - INFO - ⌛ aguardando janela de programação de lote de OS...
2026-01-29 18:27:20,855 - INFO - ⌛ aguardando janela de programação de lote de OS...
2026-01-29 18:27:31,353 - INFO - ⌛ aguardando janela de programação de lote de OS...
2026-01-29 18:27:41,884 - INFO - ⌛ aguardando janela de programação de lote de OS...
2026-01-29 18:27:52,342 - INFO - ⌛ aguardando janela de programação de lote de OS...
2026-01-29 18:28:02,842 - INFO - ⌛ aguardando janela de programação de lote de OS...
2026-01-29 18:28:13,337 - INFO - ⌛ aguardando janela de programação de lote de OS...
2026-01-29 18:28:23,806 - INFO - ⌛ aguardando janela de programação de lote de OS...
2026-01-29 18:28:34,291 - INFO - ⌛ aguardando janela de programação de lote de OS...
2026-01-29 18:28:44,752 - INFO - ⌛ aguardando janela de programação de lote de OS...
2026-01-29 18:28:55,193 - INFO - ⌛ aguardando janela de programação de lote de OS...
2026-01-29 18:29:05,681 - INFO - ⌛ aguardando janela de programação de lote de OS...
2026-01-29 18:29:16,176 - INFO - ⌛ aguardando janela de programação de lote de OS...
2026-01-29 18:29:26,677 - INFO - ⌛ aguardando janela de programação de lote de OS...
2026-01-29 18:29:37,131 - INFO - ⌛ aguardando janela de programação de lote de OS...
2026-01-29 18:29:47,604 - INFO - ⌛ aguardando janela de programação de lote de OS...
2026-01-29 18:29:58,076 - INFO - ⌛ aguardando janela de programação de lote de OS...
2026-01-29 18:30:08,640 - INFO - ⌛ aguardando janela de programação de lote de OS...
2026-01-29 18:30:19,174 - INFO - ⌛ aguardando janela de programação de lote de OS...
2026-01-29 18:30:29,665 - INFO - ⌛ aguardando janela de programação de lote de OS...
2026-01-29 18:30:40,233 - INFO - ⌛ aguardando janela de programação de lote de OS...
2026-01-29 18:30:50,761 - INFO - ⌛ aguardando janela de programação de lote de OS...
2026-01-29 18:31:01,282 - INFO - ⌛ aguardando janela de programação de lote de OS...
2026-01-29 18:31:11,755 - INFO - ⌛ aguardando janela de programação de lote de OS...
2026-01-29 18:31:22,208 - INFO - ⌛ aguardando janela de programação de lote de OS...
2026-01-29 18:31:32,662 - INFO - ⌛ aguardando janela de programação de lote de OS...
2026-01-29 18:31:43,147 - INFO - ⌛ aguardando janela de programação de lote de OS...
2026-01-29 18:31:53,632 - INFO - ⌛ aguardando janela de programação de lote de OS...
2026-01-29 18:32:04,133 - INFO - verificando janela oculta
2026-01-29 18:32:26,622 - INFO - Janela restaurada
2026-01-29 18:32:26,622 - INFO - ⌛ aguardando janela de programação de lote de OS...
2026-01-29 18:32:37,153 - INFO - 🟨 Janela de programação de lote de OS detectada
2026-01-29 18:33:04,626 - INFO - ⌛ aguardando janela de confirmação de programação de lote de OS...
2026-01-29 18:33:14,977 - INFO - 🟨 Janela de confirmação de programação de lote de OS detectada
