2026-06-08 11:06:09,852 - INFO - Data hoje: 08/06/2026
2026-06-08 11:06:09,852 - INFO - Data de referência: 30/06/2026
2026-06-08 11:07:43,351 - INFO - Qtde OS de LINHA VIVA: 1566
2026-06-08 11:07:43,351 - INFO - Qtde OS poda de LINHA MORTA: 950
2026-06-08 11:07:43,353 - INFO - Qtde OS estrutural de LINHA MORTA : 14199
2026-06-08 11:07:43,353 - INFO - Qtde OS poda de LINHA MORTA fora carteira: 675
2026-06-08 11:07:43,353 - INFO - Qtde OS para desprogramar: 1991
2026-06-08 11:07:43,353 - INFO - 
 Qtd de lotes de LM: 38
2026-06-08 11:07:43,353 - INFO - 
 Qtd de lotes de LV: 63
2026-06-08 11:07:43,353 - INFO - 
 Qtd de lotes de ESTRUTURAL LM: 568
2026-06-08 11:07:43,353 - INFO - 
 Qtd de lotes de LEVE: 27
2026-06-08 11:07:43,353 - INFO - 
 Qtd de lotes para desprogramar: 80
2026-06-08 11:07:43,353 - INFO - 
=== Iniciando lote 1/568 [REDES] ===
2026-06-08 11:07:43,353 - INFO - 
=== abrir_janela_selecao ===
2026-06-08 11:07:49,678 - INFO - 
=== rotina abrir_selecao_colar_os ===
2026-06-08 11:07:49,761 - INFO - ⌛ Aguardando janela de seleção...
2026-06-08 11:08:00,191 - INFO - Janela de seleção aberta
2026-06-08 11:08:06,516 - INFO - DEBUG: idx=0, inicio=0, fim=25
2026-06-08 11:08:06,516 - INFO - ✅ 25 OS copiadas para a área de transferência.
2026-06-08 11:08:06,516 - INFO - 📋 Lote 1 copiado.
2026-06-08 11:08:14,828 - INFO - ⌛ Esperando mudança visual...
2026-06-08 11:08:15,855 - INFO - ⌛ Esperando mudança visual...
2026-06-08 11:08:16,867 - INFO - ⌛ Esperando mudança visual...
2026-06-08 11:08:17,882 - INFO - ✅ Tela carregada!
2026-06-08 11:08:21,895 - INFO - 
=== rotina desbloquear_os ===
2026-06-08 11:08:48,386 - INFO - ⌛ Aguardando janela de confirmação de desbloqueio...
2026-06-08 11:09:03,836 - INFO - 🟨 Registros desbloqueados com sucesso
2026-06-08 11:09:07,942 - INFO - 
=== rotina editar_os ===
2026-06-08 11:09:17,360 - INFO - ⌛ Aguardando janela de edição de OS...
2026-06-08 11:09:32,825 - INFO - 🟨 OS programadas detectadas
2026-06-08 11:09:35,936 - INFO - ⌛ Aguardando janela de edição de OS...
2026-06-08 11:09:51,381 - INFO - 🟨 Janela de edição de OS detectada
2026-06-08 11:10:12,739 - INFO - 🟨 Janela de edição de habilidade da turma detectada
2026-06-08 11:11:31,041 - INFO - ⌛ Aguardando detecção do campo de caracteristica 'EQUIPE PRÓPRIA OU EPS' ...
2026-06-08 11:11:50,406 - INFO - 🟨 campo de caracteristica 'EQUIPE PRÓPRIA OU EPS detectado
2026-06-08 11:12:12,211 - INFO - ⌛ Aguardando confirmação 4 - editar OS...
2026-06-08 11:12:27,662 - INFO - ⌛ Aguardando confirmação 4 - editar OS...
2026-06-08 11:12:27,788 - INFO - 🟨 Identificado travamento no EQM, reiniciando contador de espera
2026-06-08 11:12:43,116 - INFO - ⌛ Aguardando confirmação 4 - editar OS...
2026-06-08 11:12:58,575 - INFO - ⌛ Aguardando confirmação 4 - editar OS...
2026-06-08 11:13:14,027 - INFO - 🟨 Janela de confirmação 4 de edição de OS detectada
2026-06-08 11:13:18,136 - INFO - 
=== rotina programar_os ===
2026-06-08 11:13:44,665 - INFO - ⌛ Aguardando janela de confirmação de programação de OS...
2026-06-08 11:14:10,094 - INFO - 🟨 Janela de confirmação de programação de OS detectada
2026-06-08 11:14:23,449 - INFO - 🟨 Janela de aviso de edição de OS programadas detectada
2026-06-08 11:14:30,664 - INFO - ⌛ aguardando janela de programação de lote de OS...
2026-06-08 11:14:56,215 - INFO - 🟨 Janela de aviso de substituição de lote de OS detectada
2026-06-08 11:15:16,323 - INFO - ⌛ aguardando janela de programação de lote de OS...
2026-06-08 11:15:41,829 - INFO - 🟨 Janela de aviso de substituição de lote de OS detectada
2026-06-08 11:16:01,933 - INFO - ⌛ aguardando janela de programação de lote de OS...
2026-06-08 11:16:02,064 - INFO - 🟨 Identificado travamento no EQM, reiniciando contador de espera
2026-06-08 11:16:27,467 - INFO - 🟨 Janela de programação de lote de OS detectada
2026-06-08 11:17:17,016 - INFO - 🟨 Janela de confirmação de programação de lote de OS detectada
2026-06-08 11:17:21,229 - INFO - ⌛ aguardando confirmação final de programação do lote
2026-06-08 11:17:46,726 - INFO - ⌛ aguardando confirmação final de programação do lote
2026-06-08 11:18:12,184 - INFO - ⌛ aguardando confirmação final de programação do lote
2026-06-08 11:18:37,696 - INFO - 🟨 programação do lote 1 efetuado com sucesso
2026-06-08 11:18:47,806 - INFO - 
=== Iniciando lote 2/568 [REDES] ===
2026-06-08 11:18:47,806 - INFO - 
=== abrir_janela_selecao ===
2026-06-08 11:18:54,115 - INFO - 
=== rotina abrir_selecao_colar_os ===
2026-06-08 11:18:54,167 - INFO - Janela de seleção aberta
2026-06-08 11:18:58,400 - INFO - DEBUG: idx=1, inicio=25, fim=50
2026-06-08 11:18:58,400 - INFO - ✅ 25 OS copiadas para a área de transferência.
2026-06-08 11:18:58,400 - INFO - 📋 Lote 2 copiado.
2026-06-08 11:19:06,720 - INFO - ⌛ Esperando mudança visual...
2026-06-08 11:19:07,731 - INFO - ⌛ Esperando mudança visual...
2026-06-08 11:19:08,757 - INFO - ⌛ Esperando mudança visual...
2026-06-08 11:19:09,775 - INFO - ⌛ Esperando mudança visual...
2026-06-08 11:19:10,790 - INFO - ⌛ Esperando mudança visual...
2026-06-08 11:19:11,806 - INFO - ⌛ Esperando mudança visual...
2026-06-08 11:19:12,821 - INFO - ⌛ Esperando mudança visual...
2026-06-08 11:19:13,839 - INFO - ⌛ Esperando mudança visual...
2026-06-08 11:19:14,854 - INFO - ⌛ Esperando mudança visual...
2026-06-08 11:19:15,868 - INFO - ⌛ Esperando mudança visual...
2026-06-08 11:19:16,883 - INFO - ⌛ Esperando mudança visual...
2026-06-08 11:19:17,899 - INFO - ⌛ Esperando mudança visual...
2026-06-08 11:19:18,915 - INFO - ✅ Tela carregada!
2026-06-08 11:19:22,917 - INFO - 
=== rotina desbloquear_os ===
2026-06-08 11:19:49,377 - INFO - ⌛ Aguardando janela de confirmação de desbloqueio...
2026-06-08 11:20:04,765 - INFO - 🟨 Registros desbloqueados com sucesso
2026-06-08 11:20:08,868 - INFO - 
=== rotina editar_os ===
2026-06-08 11:20:18,279 - INFO - ⌛ Aguardando janela de edição de OS...
2026-06-08 11:20:33,758 - INFO - 🟨 OS programadas detectadas
2026-06-08 11:20:36,861 - INFO - ⌛ Aguardando janela de edição de OS...
2026-06-08 11:20:52,305 - INFO - 🟨 Janela de edição de OS detectada
2026-06-08 11:21:13,675 - INFO - 🟨 Janela de edição de habilidade da turma detectada
2026-06-08 11:22:31,971 - INFO - ⌛ Aguardando detecção do campo de caracteristica 'EQUIPE PRÓPRIA OU EPS' ...
2026-06-08 11:22:51,326 - INFO - 🟨 campo de caracteristica 'EQUIPE PRÓPRIA OU EPS detectado
2026-06-08 11:23:13,100 - INFO - ⌛ Aguardando confirmação 4 - editar OS...
2026-06-08 11:23:28,559 - INFO - ⌛ Aguardando confirmação 4 - editar OS...
2026-06-08 11:23:28,687 - INFO - 🟨 Identificado travamento no EQM, reiniciando contador de espera
2026-06-08 11:23:44,020 - INFO - ⌛ Aguardando confirmação 4 - editar OS...
2026-06-08 11:23:44,153 - INFO - 🟨 Identificado travamento no EQM, reiniciando contador de espera
2026-06-08 11:23:59,503 - INFO - ⌛ Aguardando confirmação 4 - editar OS...
2026-06-08 11:24:14,950 - INFO - ⌛ Aguardando confirmação 4 - editar OS...
2026-06-08 11:24:30,439 - INFO - ⌛ Aguardando confirmação 4 - editar OS...
2026-06-08 11:24:45,934 - INFO - ⌛ Aguardando confirmação 4 - editar OS...
2026-06-08 11:25:01,419 - INFO - ⌛ Aguardando confirmação 4 - editar OS...
2026-06-08 11:25:16,883 - INFO - 🟨 Janela de confirmação 4 de edição de OS detectada
2026-06-08 11:25:20,990 - INFO - 
=== rotina programar_os ===
2026-06-08 11:25:47,519 - INFO - ⌛ Aguardando janela de confirmação de programação de OS...
2026-06-08 11:26:12,970 - INFO - 🟨 Janela de confirmação de programação de OS detectada
2026-06-08 11:26:26,234 - INFO - 🟨 Janela de aviso de edição de OS programadas detectada
2026-06-08 11:26:33,475 - INFO - ⌛ aguardando janela de programação de lote de OS...
2026-06-08 11:26:58,988 - INFO - 🟨 Janela de aviso de substituição de lote de OS detectada
2026-06-08 11:27:19,092 - INFO - ⌛ aguardando janela de programação de lote de OS...
2026-06-08 11:27:44,600 - INFO - 🟨 Janela de aviso de substituição de lote de OS detectada
2026-06-08 11:28:04,714 - INFO - ⌛ aguardando janela de programação de lote de OS...
2026-06-08 11:28:04,858 - INFO - 🟨 Identificado travamento no EQM, reiniciando contador de espera
2026-06-08 11:28:30,252 - INFO - 🟨 Janela de aviso de substituição de lote de OS detectada
2026-06-08 11:28:50,356 - INFO - ⌛ aguardando janela de programação de lote de OS...
2026-06-08 11:28:50,494 - INFO - 🟨 Identificado travamento no EQM, reiniciando contador de espera
2026-06-08 11:29:15,850 - INFO - 🟨 Janela de aviso de substituição de lote de OS detectada
2026-06-08 11:29:35,953 - INFO - ⌛ aguardando janela de programação de lote de OS...
2026-06-08 11:29:36,077 - INFO - 🟨 Identificado travamento no EQM, reiniciando contador de espera
2026-06-08 11:30:01,449 - INFO - 🟨 Janela de aviso de substituição de lote de OS detectada
2026-06-08 11:30:21,559 - INFO - ⌛ aguardando janela de programação de lote de OS...
2026-06-08 11:30:21,683 - INFO - 🟨 Identificado travamento no EQM, reiniciando contador de espera
2026-06-08 11:30:47,043 - INFO - 🟨 Janela de aviso de substituição de lote de OS detectada
2026-06-08 11:31:07,146 - INFO - ⌛ aguardando janela de programação de lote de OS...
2026-06-08 11:31:07,276 - INFO - 🟨 Identificado travamento no EQM, reiniciando contador de espera
2026-06-08 11:31:32,674 - INFO - 🟨 Janela de aviso de substituição de lote de OS detectada
2026-06-08 11:31:52,806 - INFO - ⌛ aguardando janela de programação de lote de OS...
2026-06-08 11:31:53,035 - INFO - 🟨 Identificado travamento no EQM, reiniciando contador de espera
2026-06-08 11:32:18,525 - INFO - 🟨 Janela de aviso de substituição de lote de OS detectada
2026-06-08 11:32:38,629 - INFO - ⌛ aguardando janela de programação de lote de OS...
2026-06-08 11:32:38,764 - INFO - 🟨 Identificado travamento no EQM, reiniciando contador de espera
2026-06-08 11:33:04,141 - INFO - 🟨 Janela de aviso de substituição de lote de OS detectada
2026-06-08 11:33:24,245 - INFO - ⌛ aguardando janela de programação de lote de OS...
2026-06-08 11:33:24,382 - INFO - 🟨 Identificado travamento no EQM, reiniciando contador de espera
2026-06-08 11:33:49,817 - INFO - 🟨 Janela de aviso de substituição de lote de OS detectada
2026-06-08 11:34:09,932 - INFO - ⌛ aguardando janela de programação de lote de OS...
2026-06-08 11:34:10,054 - INFO - 🟨 Identificado travamento no EQM, reiniciando contador de espera
2026-06-08 11:34:35,426 - INFO - 🟨 Janela de aviso de substituição de lote de OS detectada
2026-06-08 11:34:55,539 - INFO - ⌛ aguardando janela de programação de lote de OS...
2026-06-08 11:34:55,659 - INFO - 🟨 Identificado travamento no EQM, reiniciando contador de espera
2026-06-08 11:35:21,056 - INFO - 🟨 Janela de aviso de substituição de lote de OS detectada
2026-06-08 11:35:41,158 - INFO - ⌛ aguardando janela de programação de lote de OS...
2026-06-08 11:35:41,282 - INFO - 🟨 Identificado travamento no EQM, reiniciando contador de espera
2026-06-08 11:36:06,668 - INFO - 🟨 Janela de aviso de substituição de lote de OS detectada
2026-06-08 11:36:26,773 - INFO - ⌛ aguardando janela de programação de lote de OS...
2026-06-08 11:36:26,902 - INFO - 🟨 Identificado travamento no EQM, reiniciando contador de espera
2026-06-08 11:36:52,277 - INFO - 🟨 Janela de aviso de substituição de lote de OS detectada
2026-06-08 11:37:12,383 - INFO - ⌛ aguardando janela de programação de lote de OS...
2026-06-08 11:37:12,509 - INFO - 🟨 Identificado travamento no EQM, reiniciando contador de espera
2026-06-08 11:37:37,917 - INFO - 🟨 Janela de aviso de substituição de lote de OS detectada
2026-06-08 11:37:58,022 - INFO - ⌛ aguardando janela de programação de lote de OS...
2026-06-08 11:37:58,145 - INFO - 🟨 Identificado travamento no EQM, reiniciando contador de espera
2026-06-08 11:38:23,527 - INFO - 🟨 Janela de aviso de substituição de lote de OS detectada
2026-06-08 11:38:43,633 - INFO - ⌛ aguardando janela de programação de lote de OS...
2026-06-08 11:38:43,789 - INFO - 🟨 Identificado travamento no EQM, reiniciando contador de espera
2026-06-08 11:39:09,161 - INFO - 🟨 Janela de aviso de substituição de lote de OS detectada
2026-06-08 11:39:29,264 - INFO - ⌛ aguardando janela de programação de lote de OS...
2026-06-08 11:39:29,388 - INFO - 🟨 Identificado travamento no EQM, reiniciando contador de espera
2026-06-08 11:39:54,833 - INFO - 🟨 Janela de aviso de substituição de lote de OS detectada
2026-06-08 11:40:14,937 - INFO - ⌛ aguardando janela de programação de lote de OS...
2026-06-08 11:40:15,060 - INFO - 🟨 Identificado travamento no EQM, reiniciando contador de espera
2026-06-08 11:40:40,432 - INFO - 🟨 Janela de aviso de substituição de lote de OS detectada
2026-06-08 11:41:00,546 - INFO - ⌛ aguardando janela de programação de lote de OS...
2026-06-08 11:41:00,694 - INFO - 🟨 Identificado travamento no EQM, reiniciando contador de espera
2026-06-08 11:41:26,116 - INFO - 🟨 Janela de aviso de substituição de lote de OS detectada
2026-06-08 11:41:46,235 - INFO - ⌛ aguardando janela de programação de lote de OS...
2026-06-08 11:41:46,369 - INFO - 🟨 Identificado travamento no EQM, reiniciando contador de espera
2026-06-08 11:42:11,751 - INFO - 🟨 Janela de aviso de substituição de lote de OS detectada
2026-06-08 11:42:31,855 - INFO - ⌛ aguardando janela de programação de lote de OS...
2026-06-08 11:42:31,970 - INFO - 🟨 Identificado travamento no EQM, reiniciando contador de espera
2026-06-08 11:42:57,363 - INFO - 🟨 Janela de aviso de substituição de lote de OS detectada
2026-06-08 11:43:17,477 - INFO - ⌛ aguardando janela de programação de lote de OS...
2026-06-08 11:43:17,608 - INFO - 🟨 Identificado travamento no EQM, reiniciando contador de espera
2026-06-08 11:43:43,035 - INFO - 🟨 Janela de aviso de substituição de lote de OS detectada
2026-06-08 11:44:03,148 - INFO - ⌛ aguardando janela de programação de lote de OS...
2026-06-08 11:44:03,313 - INFO - 🟨 Identificado travamento no EQM, reiniciando contador de espera
2026-06-08 11:44:28,789 - INFO - 🟨 Janela de aviso de substituição de lote de OS detectada
2026-06-08 11:44:48,901 - INFO - ⌛ aguardando janela de programação de lote de OS...
2026-06-08 11:44:49,020 - INFO - 🟨 Identificado travamento no EQM, reiniciando contador de espera
2026-06-08 11:45:14,412 - INFO - 🟨 Janela de aviso de substituição de lote de OS detectada
2026-06-08 11:45:34,521 - INFO - ⌛ aguardando janela de programação de lote de OS...
2026-06-08 11:45:34,629 - INFO - 🟨 Identificado travamento no EQM, reiniciando contador de espera
2026-06-08 11:46:00,098 - INFO - 🟨 Janela de aviso de substituição de lote de OS detectada
2026-06-08 11:46:20,203 - INFO - ⌛ aguardando janela de programação de lote de OS...
2026-06-08 11:46:20,334 - INFO - 🟨 Identificado travamento no EQM, reiniciando contador de espera
2026-06-08 11:46:45,793 - INFO - 🟨 Janela de aviso de substituição de lote de OS detectada
2026-06-08 11:47:05,896 - INFO - ⌛ aguardando janela de programação de lote de OS...
2026-06-08 11:47:31,408 - INFO - ⌛ aguardando janela de programação de lote de OS...
2026-06-08 11:47:31,531 - INFO - 🟨 Identificado travamento no EQM, reiniciando contador de espera
2026-06-08 11:47:56,980 - INFO - ⌛ aguardando janela de programação de lote de OS...
2026-06-08 11:47:57,101 - INFO - 🟨 Identificado travamento no EQM, reiniciando contador de espera
2026-06-08 11:48:22,525 - INFO - ⌛ aguardando janela de programação de lote de OS...
2026-06-08 11:48:22,663 - INFO - 🟨 Identificado travamento no EQM, reiniciando contador de espera
2026-06-08 11:48:48,050 - INFO - ⌛ aguardando janela de programação de lote de OS...
2026-06-08 11:48:48,185 - INFO - 🟨 Identificado travamento no EQM, reiniciando contador de espera
2026-06-08 11:49:13,594 - INFO - ⌛ aguardando janela de programação de lote de OS...
2026-06-08 11:49:13,728 - INFO - 🟨 Identificado travamento no EQM, reiniciando contador de espera
2026-06-08 11:49:39,123 - INFO - ⌛ aguardando janela de programação de lote de OS...
2026-06-08 11:49:39,250 - INFO - 🟨 Identificado travamento no EQM, reiniciando contador de espera
2026-06-08 11:50:04,655 - INFO - ⌛ aguardando janela de programação de lote de OS...
2026-06-08 11:50:04,777 - INFO - 🟨 Identificado travamento no EQM, reiniciando contador de espera
2026-06-08 11:50:30,256 - INFO - ⌛ aguardando janela de programação de lote de OS...
2026-06-08 11:50:30,464 - INFO - 🟨 Identificado travamento no EQM, reiniciando contador de espera
2026-06-08 11:50:55,917 - INFO - 🟨 Janela de programação de lote de OS detectada
2026-06-08 11:51:45,429 - INFO - 🟨 Janela de confirmação de programação de lote de OS detectada
2026-06-08 11:51:49,696 - INFO - ⌛ aguardando confirmação final de programação do lote
2026-06-08 11:52:15,236 - INFO - ⌛ aguardando confirmação final de programação do lote
2026-06-08 11:52:40,719 - INFO - 🟨 programação do lote 2 efetuado com sucesso
2026-06-08 11:52:50,833 - INFO - 
=== Iniciando lote 3/568 [REDES] ===
2026-06-08 11:52:50,833 - INFO - 
=== abrir_janela_selecao ===
2026-06-08 11:52:57,142 - INFO - 
=== rotina abrir_selecao_colar_os ===
2026-06-08 11:52:57,207 - INFO - Janela de seleção aberta
2026-06-08 11:53:01,437 - INFO - DEBUG: idx=2, inicio=50, fim=75
2026-06-08 11:53:01,437 - INFO - ✅ 25 OS copiadas para a área de transferência.
2026-06-08 11:53:01,437 - INFO - 📋 Lote 3 copiado.
2026-06-08 11:53:09,754 - INFO - ⌛ Esperando mudança visual...
2026-06-08 11:53:10,777 - INFO - ⌛ Esperando mudança visual...
2026-06-08 11:53:11,796 - INFO - ⌛ Esperando mudança visual...
2026-06-08 11:53:12,809 - INFO - ⌛ Esperando mudança visual...
2026-06-08 11:53:13,812 - INFO - ⌛ Esperando mudança visual...
2026-06-08 11:53:14,840 - INFO - ⌛ Esperando mudança visual...
2026-06-08 11:53:15,856 - INFO - ⌛ Esperando mudança visual...
2026-06-08 11:53:16,871 - INFO - ⌛ Esperando mudança visual...
2026-06-08 11:53:17,888 - INFO - ⌛ Esperando mudança visual...
2026-06-08 11:53:18,903 - INFO - ⌛ Esperando mudança visual...
2026-06-08 11:53:19,921 - INFO - ⌛ Esperando mudança visual...
2026-06-08 11:53:20,934 - INFO - ✅ Tela carregada!
2026-06-08 11:53:24,937 - INFO - 
=== rotina desbloquear_os ===
2026-06-08 11:53:51,407 - INFO - ⌛ Aguardando janela de confirmação de desbloqueio...
2026-06-08 11:54:06,861 - INFO - 🟨 Registros desbloqueados com sucesso
2026-06-08 11:54:10,963 - INFO - 
=== rotina editar_os ===
2026-06-08 11:54:20,367 - INFO - ⌛ Aguardando janela de edição de OS...
2026-06-08 11:54:35,834 - INFO - 🟨 OS programadas detectadas
2026-06-08 11:54:38,937 - INFO - ⌛ Aguardando janela de edição de OS...
2026-06-08 11:54:54,396 - INFO - 🟨 Janela de edição de OS detectada
2026-06-08 11:55:15,759 - INFO - 🟨 Janela de edição de habilidade da turma detectada
2026-06-08 11:56:34,065 - INFO - ⌛ Aguardando detecção do campo de caracteristica 'EQUIPE PRÓPRIA OU EPS' ...
2026-06-08 11:56:53,430 - INFO - 🟨 campo de caracteristica 'EQUIPE PRÓPRIA OU EPS detectado
2026-06-08 11:57:15,209 - INFO - ⌛ Aguardando confirmação 4 - editar OS...
2026-06-08 11:57:30,652 - INFO - ⌛ Aguardando confirmação 4 - editar OS...
2026-06-08 11:57:30,792 - INFO - 🟨 Identificado travamento no EQM, reiniciando contador de espera
2026-06-08 11:57:46,107 - INFO - ⌛ Aguardando confirmação 4 - editar OS...
2026-06-08 11:57:46,241 - INFO - 🟨 Identificado travamento no EQM, reiniciando contador de espera
2026-06-08 11:58:01,598 - INFO - ⌛ Aguardando confirmação 4 - editar OS...
2026-06-08 11:58:17,155 - INFO - ⌛ Aguardando confirmação 4 - editar OS...
2026-06-08 11:58:32,628 - INFO - ⌛ Aguardando confirmação 4 - editar OS...
2026-06-08 11:58:48,431 - INFO - 🟨 Janela de confirmação 4 de edição de OS detectada
2026-06-08 11:58:52,550 - INFO - 
=== rotina programar_os ===
2026-06-08 11:59:19,089 - INFO - ⌛ Aguardando janela de confirmação de programação de OS...
2026-06-08 11:59:44,635 - INFO - 🟨 Janela de confirmação de programação de OS detectada
2026-06-08 11:59:57,998 - INFO - 🟨 Janela de aviso de edição de OS programadas detectada
2026-06-08 12:00:05,204 - INFO - ⌛ aguardando janela de programação de lote de OS...
2026-06-08 12:00:30,835 - INFO - 🟨 Janela de aviso de substituição de lote de OS detectada
2026-06-08 12:00:50,938 - INFO - ⌛ aguardando janela de programação de lote de OS...
2026-06-08 12:01:16,594 - INFO - 🟨 Janela de aviso de substituição de lote de OS detectada
2026-06-08 12:01:36,698 - INFO - ⌛ aguardando janela de programação de lote de OS...
2026-06-08 12:02:02,383 - INFO - 🟨 Janela de programação de lote de OS detectada
2026-06-08 12:02:51,966 - INFO - 🟨 Janela de confirmação de programação de lote de OS detectada
2026-06-08 12:02:56,246 - INFO - ⌛ aguardando confirmação final de programação do lote
2026-06-08 12:03:21,920 - INFO - 🟨 programação do lote 3 efetuado com sucesso
2026-06-08 12:03:32,031 - INFO - 
=== Iniciando lote 4/568 [REDES] ===
2026-06-08 12:03:32,031 - INFO - 
=== abrir_janela_selecao ===
2026-06-08 12:03:38,336 - INFO - 
=== rotina abrir_selecao_colar_os ===
2026-06-08 12:03:38,396 - INFO - Janela de seleção aberta
2026-06-08 12:03:42,619 - INFO - DEBUG: idx=3, inicio=75, fim=100
2026-06-08 12:03:42,619 - INFO - ✅ 25 OS copiadas para a área de transferência.
2026-06-08 12:03:42,619 - INFO - 📋 Lote 4 copiado.
2026-06-08 12:03:50,941 - INFO - ⌛ Esperando mudança visual...
2026-06-08 12:03:51,965 - INFO - ⌛ Esperando mudança visual...
2026-06-08 12:03:52,983 - INFO - ⌛ Esperando mudança visual...
2026-06-08 12:03:54,001 - INFO - ⌛ Esperando mudança visual...
2026-06-08 12:03:55,012 - INFO - ⌛ Esperando mudança visual...
2026-06-08 12:03:56,028 - INFO - ⌛ Esperando mudança visual...
2026-06-08 12:03:57,032 - INFO - ⌛ Esperando mudança visual...
2026-06-08 12:03:58,043 - INFO - ⌛ Esperando mudança visual...
2026-06-08 12:03:59,059 - INFO - ⌛ Esperando mudança visual...
2026-06-08 12:04:00,061 - INFO - ⌛ Esperando mudança visual...
2026-06-08 12:04:01,077 - INFO - ✅ Tela carregada!
2026-06-08 12:04:05,077 - INFO - 
=== rotina desbloquear_os ===
2026-06-08 12:04:31,551 - INFO - ⌛ Aguardando janela de confirmação de desbloqueio...
2026-06-08 12:04:46,971 - INFO - 🟨 Registros desbloqueados com sucesso
2026-06-08 12:04:51,088 - INFO - 
=== rotina editar_os ===
2026-06-08 12:05:00,505 - INFO - ⌛ Aguardando janela de edição de OS...
2026-06-08 12:05:16,000 - INFO - 🟨 OS programadas detectadas
2026-06-08 12:05:19,105 - INFO - ⌛ Aguardando janela de edição de OS...
2026-06-08 12:05:34,684 - INFO - 🟨 Janela de edição de OS detectada
2026-06-08 12:05:56,063 - INFO - 🟨 Janela de edição de habilidade da turma detectada
2026-06-08 12:07:14,395 - INFO - ⌛ Aguardando detecção do campo de caracteristica 'EQUIPE PRÓPRIA OU EPS' ...
2026-06-08 12:07:33,760 - INFO - 🟨 campo de caracteristica 'EQUIPE PRÓPRIA OU EPS detectado
2026-06-08 12:07:55,503 - INFO - ⌛ Aguardando confirmação 4 - editar OS...
2026-06-08 12:08:10,956 - INFO - ⌛ Aguardando confirmação 4 - editar OS...
2026-06-08 12:08:11,079 - INFO - 🟨 Identificado travamento no EQM, reiniciando contador de espera
2026-06-08 12:08:26,397 - INFO - ⌛ Aguardando confirmação 4 - editar OS...
2026-06-08 12:08:41,867 - INFO - 🟨 Janela de confirmação 4 de edição de OS detectada
2026-06-08 12:08:45,979 - INFO - 
=== rotina programar_os ===
2026-06-08 12:09:12,488 - INFO - ⌛ Aguardando janela de confirmação de programação de OS...
2026-06-08 12:09:37,891 - INFO - 🟨 Janela de confirmação de programação de OS detectada
2026-06-08 12:09:51,153 - INFO - 🟨 Janela de aviso de edição de OS programadas detectada
2026-06-08 12:09:58,358 - INFO - ⌛ aguardando janela de programação de lote de OS...
2026-06-08 12:10:23,909 - INFO - 🟨 Janela de aviso de substituição de lote de OS detectada
2026-06-08 12:10:44,023 - INFO - ⌛ aguardando janela de programação de lote de OS...
2026-06-08 12:11:09,602 - INFO - 🟨 Janela de programação de lote de OS detectada
2026-06-08 12:11:59,149 - INFO - 🟨 Janela de confirmação de programação de lote de OS detectada
2026-06-08 12:12:03,356 - INFO - ⌛ aguardando confirmação final de programação do lote
2026-06-08 12:12:28,826 - INFO - 🟨 programação do lote 4 efetuado com sucesso
2026-06-08 12:12:38,930 - INFO - 
=== Iniciando lote 5/568 [REDES] ===
2026-06-08 12:12:38,930 - INFO - 
=== abrir_janela_selecao ===
2026-06-08 12:12:45,237 - INFO - 
=== rotina abrir_selecao_colar_os ===
2026-06-08 12:12:45,286 - INFO - Janela de seleção aberta
2026-06-08 12:12:49,506 - INFO - DEBUG: idx=4, inicio=100, fim=125
2026-06-08 12:12:49,506 - INFO - ✅ 25 OS copiadas para a área de transferência.
2026-06-08 12:12:49,506 - INFO - 📋 Lote 5 copiado.
2026-06-08 12:12:57,827 - INFO - ⌛ Esperando mudança visual...
2026-06-08 12:12:58,847 - INFO - ⌛ Esperando mudança visual...
2026-06-08 12:12:59,862 - INFO - ⌛ Esperando mudança visual...
2026-06-08 12:13:00,878 - INFO - ⌛ Esperando mudança visual...
2026-06-08 12:13:01,894 - INFO - ⌛ Esperando mudança visual...
2026-06-08 12:13:02,912 - INFO - ⌛ Esperando mudança visual...
2026-06-08 12:13:03,914 - INFO - ⌛ Esperando mudança visual...
2026-06-08 12:13:04,927 - INFO - ⌛ Esperando mudança visual...
2026-06-08 12:13:05,956 - INFO - ⌛ Esperando mudança visual...
2026-06-08 12:13:06,971 - INFO - ⌛ Esperando mudança visual...
2026-06-08 12:13:07,986 - INFO - ✅ Tela carregada!
2026-06-08 12:13:11,987 - INFO - 
=== rotina desbloquear_os ===
2026-06-08 12:13:38,470 - INFO - ⌛ Aguardando janela de confirmação de desbloqueio...
2026-06-08 12:13:53,862 - INFO - 🟨 Registros desbloqueados com sucesso
2026-06-08 12:13:57,973 - INFO - 
=== rotina editar_os ===
2026-06-08 12:14:07,382 - INFO - ⌛ Aguardando janela de edição de OS...
2026-06-08 12:14:22,827 - INFO - 🟨 OS programadas detectadas
2026-06-08 12:14:25,942 - INFO - ⌛ Aguardando janela de edição de OS...
2026-06-08 12:14:41,381 - INFO - 🟨 Janela de edição de OS detectada
2026-06-08 12:15:02,735 - INFO - 🟨 Janela de edição de habilidade da turma detectada
2026-06-08 12:16:21,057 - INFO - ⌛ Aguardando detecção do campo de caracteristica 'EQUIPE PRÓPRIA OU EPS' ...
2026-06-08 12:16:40,402 - INFO - 🟨 campo de caracteristica 'EQUIPE PRÓPRIA OU EPS detectado
2026-06-08 12:17:02,181 - INFO - ⌛ Aguardando confirmação 4 - editar OS...
2026-06-08 12:17:17,647 - INFO - ⌛ Aguardando confirmação 4 - editar OS...
2026-06-08 12:17:33,101 - INFO - ⌛ Aguardando confirmação 4 - editar OS...
2026-06-08 12:17:48,575 - INFO - 🟨 Janela de confirmação 4 de edição de OS detectada
2026-06-08 12:17:52,684 - INFO - 
=== rotina programar_os ===
2026-06-08 12:18:19,241 - INFO - ⌛ Aguardando janela de confirmação de programação de OS...
2026-06-08 12:18:44,636 - INFO - 🟨 Janela de confirmação de programação de OS detectada
2026-06-08 12:18:57,908 - INFO - 🟨 Janela de aviso de edição de OS programadas detectada
2026-06-08 12:19:05,127 - INFO - ⌛ aguardando janela de programação de lote de OS...
2026-06-08 12:19:30,643 - INFO - 🟨 Janela de aviso de substituição de lote de OS detectada
2026-06-08 12:19:50,748 - INFO - ⌛ aguardando janela de programação de lote de OS...
2026-06-08 12:20:16,298 - INFO - 🟨 Janela de programação de lote de OS detectada
2026-06-08 12:21:05,808 - INFO - 🟨 Janela de confirmação de programação de lote de OS detectada
2026-06-08 12:21:10,014 - INFO - ⌛ aguardando confirmação final de programação do lote
2026-06-08 12:21:35,532 - INFO - 🟨 programação do lote 5 efetuado com sucesso
2026-06-08 12:21:45,641 - INFO - 
=== Iniciando lote 6/568 [REDES] ===
2026-06-08 12:21:45,641 - INFO - 
=== abrir_janela_selecao ===
2026-06-08 12:21:51,950 - INFO - 
=== rotina abrir_selecao_colar_os ===
2026-06-08 12:21:52,010 - INFO - Janela de seleção aberta
2026-06-08 12:21:56,234 - INFO - DEBUG: idx=5, inicio=125, fim=150
2026-06-08 12:21:56,234 - INFO - ✅ 25 OS copiadas para a área de transferência.
2026-06-08 12:21:56,234 - INFO - 📋 Lote 6 copiado.
2026-06-08 12:22:04,572 - INFO - ⌛ Esperando mudança visual...
2026-06-08 12:22:05,594 - INFO - ⌛ Esperando mudança visual...
2026-06-08 12:22:06,612 - INFO - ⌛ Esperando mudança visual...
2026-06-08 12:22:07,613 - INFO - ⌛ Esperando mudança visual...
2026-06-08 12:22:08,625 - INFO - ⌛ Esperando mudança visual...
2026-06-08 12:22:09,641 - INFO - ⌛ Esperando mudança visual...
2026-06-08 12:22:10,656 - INFO - ⌛ Esperando mudança visual...
2026-06-08 12:22:11,671 - INFO - ⌛ Esperando mudança visual...
2026-06-08 12:22:12,688 - INFO - ⌛ Esperando mudança visual...
2026-06-08 12:22:13,703 - INFO - ⌛ Esperando mudança visual...
2026-06-08 12:22:14,719 - INFO - ✅ Tela carregada!
2026-06-08 12:22:18,723 - INFO - 
=== rotina desbloquear_os ===
2026-06-08 12:22:45,186 - INFO - ⌛ Aguardando janela de confirmação de desbloqueio...
2026-06-08 12:23:00,588 - INFO - 🟨 Registros desbloqueados com sucesso
2026-06-08 12:23:04,693 - INFO - 
=== rotina editar_os ===
2026-06-08 12:23:14,107 - INFO - ⌛ Aguardando janela de edição de OS...
2026-06-08 12:23:29,569 - INFO - 🟨 OS programadas detectadas
2026-06-08 12:23:32,678 - INFO - ⌛ Aguardando janela de edição de OS...
2026-06-08 12:23:48,143 - INFO - 🟨 Janela de edição de OS detectada
2026-06-08 12:24:09,515 - INFO - 🟨 Janela de edição de habilidade da turma detectada
2026-06-08 12:25:27,805 - INFO - ⌛ Aguardando detecção do campo de caracteristica 'EQUIPE PRÓPRIA OU EPS' ...
2026-06-08 12:25:47,170 - INFO - 🟨 campo de caracteristica 'EQUIPE PRÓPRIA OU EPS detectado
2026-06-08 12:26:08,955 - INFO - ⌛ Aguardando confirmação 4 - editar OS...
2026-06-08 12:26:24,407 - INFO - ⌛ Aguardando confirmação 4 - editar OS...
2026-06-08 12:26:24,554 - INFO - 🟨 Identificado travamento no EQM, reiniciando contador de espera
2026-06-08 12:26:39,885 - INFO - ⌛ Aguardando confirmação 4 - editar OS...
2026-06-08 12:26:55,369 - INFO - 🟨 Janela de confirmação 4 de edição de OS detectada
2026-06-08 12:26:59,472 - INFO - 
=== rotina programar_os ===
2026-06-08 12:27:26,002 - INFO - ⌛ Aguardando janela de confirmação de programação de OS...
2026-06-08 12:27:51,483 - INFO - 🟨 Janela de confirmação de programação de OS detectada
2026-06-08 12:28:04,753 - INFO - 🟨 Janela de aviso de edição de OS programadas detectada
2026-06-08 12:28:11,963 - INFO - ⌛ aguardando janela de programação de lote de OS...
2026-06-08 12:28:37,620 - INFO - 🟨 Janela de aviso de substituição de lote de OS detectada
2026-06-08 12:28:57,723 - INFO - ⌛ aguardando janela de programação de lote de OS...
2026-06-08 12:29:23,281 - INFO - 🟨 Janela de programação de lote de OS detectada
2026-06-08 12:30:12,839 - INFO - 🟨 Janela de confirmação de programação de lote de OS detectada
2026-06-08 12:30:17,045 - INFO - ⌛ aguardando confirmação final de programação do lote
2026-06-08 12:30:42,572 - INFO - 🟨 programação do lote 6 efetuado com sucesso
2026-06-08 12:30:52,680 - INFO - 
=== Iniciando lote 7/568 [REDES] ===
2026-06-08 12:30:52,680 - INFO - 
=== abrir_janela_selecao ===
2026-06-08 12:30:58,988 - INFO - 
=== rotina abrir_selecao_colar_os ===
2026-06-08 12:30:59,055 - INFO - Janela de seleção aberta
2026-06-08 12:31:03,278 - INFO - DEBUG: idx=6, inicio=150, fim=175
2026-06-08 12:31:03,278 - INFO - ✅ 25 OS copiadas para a área de transferência.
2026-06-08 12:31:03,278 - INFO - 📋 Lote 7 copiado.
2026-06-08 12:31:11,644 - INFO - ⌛ Esperando mudança visual...
2026-06-08 12:31:12,661 - INFO - ⌛ Esperando mudança visual...
2026-06-08 12:31:13,662 - INFO - ⌛ Esperando mudança visual...
2026-06-08 12:31:14,673 - INFO - ⌛ Esperando mudança visual...
2026-06-08 12:31:15,706 - INFO - ⌛ Esperando mudança visual...
2026-06-08 12:31:16,721 - INFO - ⌛ Esperando mudança visual...
2026-06-08 12:31:17,737 - INFO - ⌛ Esperando mudança visual...
2026-06-08 12:31:18,752 - INFO - ⌛ Esperando mudança visual...
2026-06-08 12:31:19,768 - INFO - ⌛ Esperando mudança visual...
2026-06-08 12:31:20,783 - INFO - ⌛ Esperando mudança visual...
2026-06-08 12:31:21,799 - INFO - ✅ Tela carregada!
2026-06-08 12:31:25,804 - INFO - 
=== rotina desbloquear_os ===
2026-06-08 12:31:52,290 - INFO - ⌛ Aguardando janela de confirmação de desbloqueio...
2026-06-08 12:32:07,729 - INFO - 🟨 Registros desbloqueados com sucesso
2026-06-08 12:32:11,837 - INFO - 
=== rotina editar_os ===
2026-06-08 12:32:21,240 - INFO - ⌛ Aguardando janela de edição de OS...
2026-06-08 12:32:36,706 - INFO - 🟨 OS programadas detectadas
2026-06-08 12:32:39,808 - INFO - ⌛ Aguardando janela de edição de OS...
2026-06-08 12:32:55,284 - INFO - 🟨 Janela de edição de OS detectada
2026-06-08 12:33:16,643 - INFO - 🟨 Janela de edição de habilidade da turma detectada
2026-06-08 12:34:34,982 - INFO - ⌛ Aguardando detecção do campo de caracteristica 'EQUIPE PRÓPRIA OU EPS' ...
2026-06-08 12:34:54,344 - INFO - 🟨 campo de caracteristica 'EQUIPE PRÓPRIA OU EPS detectado
2026-06-08 12:35:16,114 - INFO - ⌛ Aguardando confirmação 4 - editar OS...
2026-06-08 12:35:31,601 - INFO - ⌛ Aguardando confirmação 4 - editar OS...
2026-06-08 12:35:47,101 - INFO - ⌛ Aguardando confirmação 4 - editar OS...
2026-06-08 12:36:02,575 - INFO - 🟨 Janela de confirmação 4 de edição de OS detectada
2026-06-08 12:36:06,687 - INFO - 
=== rotina programar_os ===
2026-06-08 12:36:33,220 - INFO - ⌛ Aguardando janela de confirmação de programação de OS...
2026-06-08 12:36:58,694 - INFO - 🟨 Janela de confirmação de programação de OS detectada
2026-06-08 12:37:11,981 - INFO - 🟨 Janela de aviso de edição de OS programadas detectada
2026-06-08 12:37:19,185 - INFO - ⌛ aguardando janela de programação de lote de OS...
2026-06-08 12:37:44,709 - INFO - 🟨 Janela de aviso de substituição de lote de OS detectada
2026-06-08 12:38:04,820 - INFO - ⌛ aguardando janela de programação de lote de OS...
2026-06-08 12:38:30,351 - INFO - 🟨 Janela de programação de lote de OS detectada
2026-06-08 12:39:19,928 - INFO - 🟨 Janela de confirmação de programação de lote de OS detectada
2026-06-08 12:39:24,168 - INFO - ⌛ aguardando confirmação final de programação do lote
2026-06-08 12:39:49,653 - INFO - 🟨 programação do lote 7 efetuado com sucesso
2026-06-08 12:39:59,765 - INFO - 
=== Iniciando lote 8/568 [REDES] ===
2026-06-08 12:39:59,765 - INFO - 
=== abrir_janela_selecao ===
2026-06-08 12:40:06,074 - INFO - 
=== rotina abrir_selecao_colar_os ===
2026-06-08 12:40:06,114 - INFO - Janela de seleção aberta
2026-06-08 12:40:10,359 - INFO - DEBUG: idx=7, inicio=175, fim=200
2026-06-08 12:40:10,359 - INFO - ✅ 25 OS copiadas para a área de transferência.
2026-06-08 12:40:10,359 - INFO - 📋 Lote 8 copiado.
2026-06-08 12:40:18,706 - INFO - ⌛ Esperando mudança visual...
2026-06-08 12:40:19,707 - INFO - ⌛ Esperando mudança visual...
2026-06-08 12:40:20,717 - INFO - ⌛ Esperando mudança visual...
2026-06-08 12:40:21,748 - INFO - ⌛ Esperando mudança visual...
2026-06-08 12:40:22,764 - INFO - ⌛ Esperando mudança visual...
2026-06-08 12:40:23,779 - INFO - ⌛ Esperando mudança visual...
2026-06-08 12:40:24,799 - INFO - ⌛ Esperando mudança visual...
2026-06-08 12:40:25,811 - INFO - ⌛ Esperando mudança visual...
2026-06-08 12:40:26,828 - INFO - ⌛ Esperando mudança visual...
2026-06-08 12:40:27,843 - INFO - ⌛ Esperando mudança visual...
2026-06-08 12:40:28,859 - INFO - ✅ Tela carregada!
2026-06-08 12:40:32,867 - INFO - 
=== rotina desbloquear_os ===
2026-06-08 12:40:59,349 - INFO - ⌛ Aguardando janela de confirmação de desbloqueio...
2026-06-08 12:41:14,805 - INFO - 🟨 Registros desbloqueados com sucesso
2026-06-08 12:41:18,908 - INFO - 
=== rotina editar_os ===
2026-06-08 12:41:28,381 - INFO - ⌛ Aguardando janela de edição de OS...
2026-06-08 12:41:43,971 - INFO - 🟨 OS programadas detectadas
2026-06-08 12:41:47,075 - INFO - ⌛ Aguardando janela de edição de OS...
2026-06-08 12:42:02,535 - INFO - 🟨 Janela de edição de OS detectada
2026-06-08 12:42:23,909 - INFO - 🟨 Janela de edição de habilidade da turma detectada
2026-06-08 12:43:42,209 - INFO - ⌛ Aguardando detecção do campo de caracteristica 'EQUIPE PRÓPRIA OU EPS' ...
2026-06-08 12:44:01,568 - INFO - 🟨 campo de caracteristica 'EQUIPE PRÓPRIA OU EPS detectado
2026-06-08 12:44:23,393 - INFO - ⌛ Aguardando confirmação 4 - editar OS...
2026-06-08 12:44:38,884 - INFO - ⌛ Aguardando confirmação 4 - editar OS...
2026-06-08 12:44:54,392 - INFO - ⌛ Aguardando confirmação 4 - editar OS...
2026-06-08 12:45:09,890 - INFO - 🟨 Janela de confirmação 4 de edição de OS detectada
2026-06-08 12:45:13,998 - INFO - 
=== rotina programar_os ===
2026-06-08 12:45:40,540 - INFO - ⌛ Aguardando janela de confirmação de programação de OS...
2026-06-08 12:46:06,055 - INFO - 🟨 Janela de confirmação de programação de OS detectada
2026-06-08 12:46:19,337 - INFO - 🟨 Janela de aviso de edição de OS programadas detectada
2026-06-08 12:46:26,546 - INFO - ⌛ aguardando janela de programação de lote de OS...
2026-06-08 12:46:52,073 - INFO - 🟨 Janela de aviso de substituição de lote de OS detectada
2026-06-08 12:47:12,180 - INFO - ⌛ aguardando janela de programação de lote de OS...
2026-06-08 12:47:37,752 - INFO - 🟨 Janela de programação de lote de OS detectada
2026-06-08 12:48:27,283 - INFO - 🟨 Janela de confirmação de programação de lote de OS detectada
2026-06-08 12:48:31,496 - INFO - ⌛ aguardando confirmação final de programação do lote
2026-06-08 12:48:56,990 - INFO - 🟨 programação do lote 8 efetuado com sucesso
2026-06-08 12:49:07,095 - INFO - 
=== Iniciando lote 9/568 [REDES] ===
2026-06-08 12:49:07,095 - INFO - 
=== abrir_janela_selecao ===
2026-06-08 12:49:13,405 - INFO - 
=== rotina abrir_selecao_colar_os ===
2026-06-08 12:49:13,462 - INFO - Janela de seleção aberta
2026-06-08 12:49:17,681 - INFO - DEBUG: idx=8, inicio=200, fim=225
2026-06-08 12:49:17,681 - INFO - ✅ 25 OS copiadas para a área de transferência.
2026-06-08 12:49:17,681 - INFO - 📋 Lote 9 copiado.
2026-06-08 12:49:26,024 - INFO - ⌛ Esperando mudança visual...
2026-06-08 12:49:27,029 - INFO - ⌛ Esperando mudança visual...
2026-06-08 12:49:28,062 - INFO - ⌛ Esperando mudança visual...
2026-06-08 12:49:29,078 - INFO - ⌛ Esperando mudança visual...
2026-06-08 12:49:30,093 - INFO - ⌛ Esperando mudança visual...
2026-06-08 12:49:31,109 - INFO - ⌛ Esperando mudança visual...
2026-06-08 12:49:32,124 - INFO - ⌛ Esperando mudança visual...
2026-06-08 12:49:33,140 - INFO - ⌛ Esperando mudança visual...
2026-06-08 12:49:34,155 - INFO - ⌛ Esperando mudança visual...
2026-06-08 12:49:35,171 - INFO - ✅ Tela carregada!
2026-06-08 12:49:39,174 - INFO - 
=== rotina desbloquear_os ===
2026-06-08 12:50:05,630 - INFO - ⌛ Aguardando janela de confirmação de desbloqueio...
2026-06-08 12:50:21,052 - INFO - 🟨 Registros desbloqueados com sucesso
2026-06-08 12:50:25,161 - INFO - 
=== rotina editar_os ===
2026-06-08 12:50:34,561 - INFO - ⌛ Aguardando janela de edição de OS...
2026-06-08 12:50:50,058 - INFO - 🟨 OS programadas detectadas
2026-06-08 12:50:53,173 - INFO - ⌛ Aguardando janela de edição de OS...
2026-06-08 12:51:08,674 - INFO - 🟨 Janela de edição de OS detectada
2026-06-08 12:51:30,027 - INFO - 🟨 Janela de edição de habilidade da turma detectada
2026-06-08 12:52:48,346 - INFO - ⌛ Aguardando detecção do campo de caracteristica 'EQUIPE PRÓPRIA OU EPS' ...
2026-06-08 12:53:07,712 - INFO - 🟨 campo de caracteristica 'EQUIPE PRÓPRIA OU EPS detectado
2026-06-08 12:53:29,517 - INFO - ⌛ Aguardando confirmação 4 - editar OS...
2026-06-08 12:53:45,028 - INFO - ⌛ Aguardando confirmação 4 - editar OS...
2026-06-08 12:54:00,577 - INFO - ⌛ Aguardando confirmação 4 - editar OS...
2026-06-08 12:54:16,135 - INFO - 🟨 Janela de confirmação 4 de edição de OS detectada
2026-06-08 12:54:20,245 - INFO - 
=== rotina programar_os ===
2026-06-08 12:54:46,761 - INFO - ⌛ Aguardando janela de confirmação de programação de OS...
2026-06-08 12:55:12,236 - INFO - 🟨 Janela de confirmação de programação de OS detectada
2026-06-08 12:55:25,500 - INFO - 🟨 Janela de aviso de edição de OS programadas detectada
2026-06-08 12:55:32,711 - INFO - ⌛ aguardando janela de programação de lote de OS...
2026-06-08 12:55:58,224 - INFO - 🟨 Janela de aviso de substituição de lote de OS detectada
2026-06-08 12:56:18,327 - INFO - ⌛ aguardando janela de programação de lote de OS...
2026-06-08 12:56:43,858 - INFO - 🟨 Janela de programação de lote de OS detectada
2026-06-08 12:57:33,365 - INFO - 🟨 Janela de confirmação de programação de lote de OS detectada
2026-06-08 12:57:37,610 - INFO - ⌛ aguardando confirmação final de programação do lote
2026-06-08 12:58:03,120 - INFO - 🟨 programação do lote 9 efetuado com sucesso
2026-06-08 12:58:13,224 - INFO - 
=== Iniciando lote 10/568 [REDES] ===
2026-06-08 12:58:13,224 - INFO - 
=== abrir_janela_selecao ===
2026-06-08 12:58:19,530 - INFO - 
=== rotina abrir_selecao_colar_os ===
2026-06-08 12:58:19,589 - INFO - Janela de seleção aberta
2026-06-08 12:58:23,822 - INFO - DEBUG: idx=9, inicio=225, fim=250
2026-06-08 12:58:23,822 - INFO - ✅ 25 OS copiadas para a área de transferência.
2026-06-08 12:58:23,822 - INFO - 📋 Lote 10 copiado.
2026-06-08 12:58:32,136 - INFO - ⌛ Esperando mudança visual...
2026-06-08 12:58:33,159 - INFO - ⌛ Esperando mudança visual...
2026-06-08 12:58:34,177 - INFO - ⌛ Esperando mudança visual...
2026-06-08 12:58:35,191 - INFO - ⌛ Esperando mudança visual...
2026-06-08 12:58:36,206 - INFO - ⌛ Esperando mudança visual...
2026-06-08 12:58:37,221 - INFO - ⌛ Esperando mudança visual...
2026-06-08 12:58:38,237 - INFO - ⌛ Esperando mudança visual...
2026-06-08 12:58:39,253 - INFO - ⌛ Esperando mudança visual...
2026-06-08 12:58:40,268 - INFO - ⌛ Esperando mudança visual...
2026-06-08 12:58:41,284 - INFO - ✅ Tela carregada!
2026-06-08 12:58:45,287 - INFO - 
=== rotina desbloquear_os ===
2026-06-08 12:59:11,743 - INFO - ⌛ Aguardando janela de confirmação de desbloqueio...
2026-06-08 12:59:27,203 - INFO - 🟨 Registros desbloqueados com sucesso
2026-06-08 12:59:31,310 - INFO - 
=== rotina editar_os ===
2026-06-08 12:59:40,711 - INFO - ⌛ Aguardando janela de edição de OS...
2026-06-08 12:59:56,198 - INFO - 🟨 OS programadas detectadas
2026-06-08 12:59:59,303 - INFO - ⌛ Aguardando janela de edição de OS...
2026-06-08 13:00:14,761 - INFO - 🟨 Janela de edição de OS detectada
2026-06-08 13:00:36,125 - INFO - 🟨 Janela de edição de habilidade da turma detectada
2026-06-08 13:01:54,423 - INFO - ⌛ Aguardando detecção do campo de caracteristica 'EQUIPE PRÓPRIA OU EPS' ...
2026-06-08 13:02:13,780 - INFO - 🟨 campo de caracteristica 'EQUIPE PRÓPRIA OU EPS detectado
2026-06-08 13:02:35,548 - INFO - ⌛ Aguardando confirmação 4 - editar OS...
2026-06-08 13:02:51,007 - INFO - ⌛ Aguardando confirmação 4 - editar OS...
2026-06-08 13:02:51,134 - INFO - 🟨 Identificado travamento no EQM, reiniciando contador de espera
2026-06-08 13:03:06,479 - INFO - ⌛ Aguardando confirmação 4 - editar OS...
2026-06-08 13:03:21,936 - INFO - 🟨 Janela de confirmação 4 de edição de OS detectada
2026-06-08 13:03:26,039 - INFO - 
=== rotina programar_os ===
2026-06-08 13:03:52,586 - INFO - ⌛ Aguardando janela de confirmação de programação de OS...
2026-06-08 13:04:18,090 - INFO - 🟨 Janela de confirmação de programação de OS detectada
2026-06-08 13:04:31,377 - INFO - 🟨 Janela de aviso de edição de OS programadas detectada
2026-06-08 13:04:38,628 - INFO - ⌛ aguardando janela de programação de lote de OS...
2026-06-08 13:05:04,146 - INFO - 🟨 Janela de aviso de substituição de lote de OS detectada
2026-06-08 13:05:24,265 - INFO - ⌛ aguardando janela de programação de lote de OS...
2026-06-08 13:05:49,794 - INFO - 🟨 Janela de programação de lote de OS detectada
2026-06-08 13:06:39,314 - INFO - 🟨 Janela de confirmação de programação de lote de OS detectada
2026-06-08 13:06:43,514 - INFO - ⌛ aguardando confirmação final de programação do lote
2026-06-08 13:07:08,984 - INFO - ⌛ aguardando confirmação final de programação do lote
2026-06-08 13:07:34,490 - INFO - 🟨 programação do lote 10 efetuado com sucesso
2026-06-08 13:07:44,598 - INFO - 
=== Iniciando lote 11/568 [REDES] ===
2026-06-08 13:07:44,598 - INFO - 
=== abrir_janela_selecao ===
2026-06-08 13:07:50,906 - INFO - 
=== rotina abrir_selecao_colar_os ===
2026-06-08 13:07:50,952 - INFO - Janela de seleção aberta
2026-06-08 13:07:55,180 - INFO - DEBUG: idx=10, inicio=250, fim=275
2026-06-08 13:07:55,180 - INFO - ✅ 25 OS copiadas para a área de transferência.
2026-06-08 13:07:55,180 - INFO - 📋 Lote 11 copiado.
2026-06-08 13:08:03,506 - INFO - ⌛ Esperando mudança visual...
2026-06-08 13:08:04,522 - INFO - ⌛ Esperando mudança visual...
2026-06-08 13:08:05,538 - INFO - ⌛ Esperando mudança visual...
2026-06-08 13:08:06,553 - INFO - ⌛ Esperando mudança visual...
2026-06-08 13:08:07,569 - INFO - ⌛ Esperando mudança visual...
2026-06-08 13:08:08,584 - INFO - ⌛ Esperando mudança visual...
2026-06-08 13:08:09,597 - INFO - ⌛ Esperando mudança visual...
2026-06-08 13:08:10,614 - INFO - ⌛ Esperando mudança visual...
2026-06-08 13:08:11,632 - INFO - ⌛ Esperando mudança visual...
2026-06-08 13:08:12,647 - INFO - ✅ Tela carregada!
2026-06-08 13:08:16,652 - INFO - 
=== rotina desbloquear_os ===
2026-06-08 13:08:43,153 - INFO - ⌛ Aguardando janela de confirmação de desbloqueio...
2026-06-08 13:08:58,576 - INFO - 🟨 Registros desbloqueados com sucesso
2026-06-08 13:09:02,680 - INFO - 
=== rotina editar_os ===
2026-06-08 13:09:12,100 - INFO - ⌛ Aguardando janela de edição de OS...
2026-06-08 13:09:27,572 - INFO - 🟨 OS programadas detectadas
2026-06-08 13:09:30,675 - INFO - ⌛ Aguardando janela de edição de OS...
2026-06-08 13:09:46,207 - INFO - 🟨 Janela de edição de OS detectada
2026-06-08 13:10:07,620 - INFO - 🟨 Janela de edição de habilidade da turma detectada
2026-06-08 13:11:25,969 - INFO - ⌛ Aguardando detecção do campo de caracteristica 'EQUIPE PRÓPRIA OU EPS' ...
2026-06-08 13:11:45,329 - INFO - 🟨 campo de caracteristica 'EQUIPE PRÓPRIA OU EPS detectado
2026-06-08 13:12:07,144 - INFO - ⌛ Aguardando confirmação 4 - editar OS...
2026-06-08 13:12:22,586 - INFO - ⌛ Aguardando confirmação 4 - editar OS...
2026-06-08 13:12:22,726 - INFO - 🟨 Identificado travamento no EQM, reiniciando contador de espera
2026-06-08 13:12:38,101 - INFO - ⌛ Aguardando confirmação 4 - editar OS...
2026-06-08 13:12:53,611 - INFO - ⌛ Aguardando confirmação 4 - editar OS...
2026-06-08 13:13:09,137 - INFO - ⌛ Aguardando confirmação 4 - editar OS...
2026-06-08 13:13:24,697 - INFO - ⌛ Aguardando confirmação 4 - editar OS...
2026-06-08 13:13:40,212 - INFO - ⌛ Aguardando confirmação 4 - editar OS...
2026-06-08 13:13:55,731 - INFO - ⌛ Aguardando confirmação 4 - editar OS...
2026-06-08 13:14:11,242 - INFO - ⌛ Aguardando confirmação 4 - editar OS...
2026-06-08 13:14:26,725 - INFO - ⌛ Aguardando confirmação 4 - editar OS...
2026-06-08 13:14:42,219 - INFO - ⌛ Aguardando confirmação 4 - editar OS...
2026-06-08 13:14:57,703 - INFO - ⌛ Aguardando confirmação 4 - editar OS...
2026-06-08 13:15:13,222 - INFO - ⌛ Aguardando confirmação 4 - editar OS...
2026-06-08 13:15:28,697 - INFO - ⌛ Aguardando confirmação 4 - editar OS...
2026-06-08 13:15:44,187 - INFO - ⌛ Aguardando confirmação 4 - editar OS...
2026-06-08 13:15:59,696 - INFO - ⌛ Aguardando confirmação 4 - editar OS...
2026-06-08 13:16:15,227 - INFO - ⌛ Aguardando confirmação 4 - editar OS...
2026-06-08 13:16:30,690 - INFO - ⌛ Aguardando confirmação 4 - editar OS...
2026-06-08 13:16:46,192 - INFO - ⌛ Aguardando confirmação 4 - editar OS...
2026-06-08 13:17:01,713 - INFO - ⌛ Aguardando confirmação 4 - editar OS...
2026-06-08 13:17:17,207 - INFO - ⌛ Aguardando confirmação 4 - editar OS...
2026-06-08 13:17:32,695 - INFO - ⌛ Aguardando confirmação 4 - editar OS...
2026-06-08 13:17:48,159 - INFO - ⌛ Aguardando confirmação 4 - editar OS...
2026-06-08 13:18:03,663 - INFO - ⌛ Aguardando confirmação 4 - editar OS...
2026-06-08 13:18:19,137 - INFO - ⌛ Aguardando confirmação 4 - editar OS...
2026-06-08 13:18:34,645 - INFO - ⌛ Aguardando confirmação 4 - editar OS...
2026-06-08 13:18:50,166 - INFO - ⌛ Aguardando confirmação 4 - editar OS...
2026-06-08 13:19:05,676 - INFO - ⌛ Aguardando confirmação 4 - editar OS...
2026-06-08 13:19:21,153 - INFO - ⌛ Aguardando confirmação 4 - editar OS...
2026-06-08 13:19:36,631 - INFO - ⌛ Aguardando confirmação 4 - editar OS...
2026-06-08 13:19:52,071 - INFO - ⌛ Aguardando confirmação 4 - editar OS...
2026-06-08 13:20:07,515 - INFO - ⌛ Aguardando confirmação 4 - editar OS...
2026-06-08 13:20:23,035 - INFO - ⌛ Aguardando confirmação 4 - editar OS...
2026-06-08 13:20:38,505 - INFO - ⌛ Aguardando confirmação 4 - editar OS...
2026-06-08 13:20:53,986 - INFO - ⌛ Aguardando confirmação 4 - editar OS...
2026-06-08 13:21:09,507 - INFO - ⌛ Aguardando confirmação 4 - editar OS...
2026-06-08 13:21:25,063 - INFO - ⌛ Aguardando confirmação 4 - editar OS...
2026-06-08 13:21:40,614 - INFO - ⌛ Aguardando confirmação 4 - editar OS...
2026-06-08 13:21:56,091 - INFO - ⌛ Aguardando confirmação 4 - editar OS...
2026-06-08 13:22:11,552 - INFO - ⌛ Aguardando confirmação 4 - editar OS...
2026-06-08 13:22:27,031 - INFO - ⌛ Aguardando confirmação 4 - editar OS...
2026-06-08 13:22:42,545 - INFO - ⌛ Aguardando confirmação 4 - editar OS...
2026-06-08 13:22:58,106 - INFO - ⌛ Aguardando confirmação 4 - editar OS...
2026-06-08 13:23:13,659 - INFO - ⌛ Aguardando confirmação 4 - editar OS...
2026-06-08 13:23:29,176 - INFO - ⌛ Aguardando confirmação 4 - editar OS...
2026-06-08 13:23:44,658 - INFO - ⌛ Aguardando confirmação 4 - editar OS...
2026-06-08 13:24:00,169 - INFO - ⌛ Aguardando confirmação 4 - editar OS...
2026-06-08 13:24:15,690 - INFO - ⌛ Aguardando confirmação 4 - editar OS...
2026-06-08 13:24:31,199 - INFO - ⌛ Aguardando confirmação 4 - editar OS...
2026-06-08 13:24:46,690 - INFO - ⌛ Aguardando confirmação 4 - editar OS...
2026-06-08 13:25:02,196 - INFO - ⌛ Aguardando confirmação 4 - editar OS...
2026-06-08 13:25:17,677 - INFO - 🟨 Janela de confirmação 4 de edição de OS detectada
2026-06-08 13:25:21,785 - INFO - 
=== rotina programar_os ===
2026-06-08 13:25:48,313 - INFO - ⌛ Aguardando janela de confirmação de programação de OS...
2026-06-08 13:26:13,765 - INFO - 🟨 Janela de confirmação de programação de OS detectada
2026-06-08 13:26:27,032 - INFO - 🟨 Janela de aviso de edição de OS programadas detectada
2026-06-08 13:26:34,246 - INFO - ⌛ aguardando janela de programação de lote de OS...
2026-06-08 13:26:59,745 - INFO - 🟨 Janela de aviso de substituição de lote de OS detectada
2026-06-08 13:27:19,859 - INFO - ⌛ aguardando janela de programação de lote de OS...
2026-06-08 13:27:45,363 - INFO - 🟨 Janela de aviso de substituição de lote de OS detectada
2026-06-08 13:28:05,471 - INFO - ⌛ aguardando janela de programação de lote de OS...
2026-06-08 13:28:05,607 - INFO - 🟨 Identificado travamento no EQM, reiniciando contador de espera
2026-06-08 13:28:31,025 - INFO - 🟨 Janela de aviso de substituição de lote de OS detectada
2026-06-08 13:28:51,142 - INFO - ⌛ aguardando janela de programação de lote de OS...
2026-06-08 13:28:51,278 - INFO - 🟨 Identificado travamento no EQM, reiniciando contador de espera
2026-06-08 13:29:16,695 - INFO - 🟨 Janela de aviso de substituição de lote de OS detectada
2026-06-08 13:29:36,814 - INFO - ⌛ aguardando janela de programação de lote de OS...
2026-06-08 13:29:36,955 - INFO - 🟨 Identificado travamento no EQM, reiniciando contador de espera
2026-06-08 13:30:02,367 - INFO - 🟨 Janela de aviso de substituição de lote de OS detectada
2026-06-08 13:30:22,470 - INFO - ⌛ aguardando janela de programação de lote de OS...
2026-06-08 13:30:22,630 - INFO - 🟨 Identificado travamento no EQM, reiniciando contador de espera
2026-06-08 13:30:48,037 - INFO - 🟨 Janela de aviso de substituição de lote de OS detectada
2026-06-08 13:31:08,142 - INFO - ⌛ aguardando janela de programação de lote de OS...
2026-06-08 13:31:08,308 - INFO - 🟨 Identificado travamento no EQM, reiniciando contador de espera
2026-06-08 13:31:33,730 - INFO - 🟨 Janela de aviso de substituição de lote de OS detectada
2026-06-08 13:31:53,845 - INFO - ⌛ aguardando janela de programação de lote de OS...
2026-06-08 13:31:53,993 - INFO - 🟨 Identificado travamento no EQM, reiniciando contador de espera
2026-06-08 13:32:19,409 - INFO - 🟨 Janela de aviso de substituição de lote de OS detectada
2026-06-08 13:32:39,518 - INFO - ⌛ aguardando janela de programação de lote de OS...
2026-06-08 13:32:39,681 - INFO - 🟨 Identificado travamento no EQM, reiniciando contador de espera
2026-06-08 13:33:05,101 - INFO - 🟨 Janela de aviso de substituição de lote de OS detectada
2026-06-08 13:33:25,205 - INFO - ⌛ aguardando janela de programação de lote de OS...
2026-06-08 13:33:25,348 - INFO - 🟨 Identificado travamento no EQM, reiniciando contador de espera
2026-06-08 13:33:50,748 - INFO - 🟨 Janela de aviso de substituição de lote de OS detectada
2026-06-08 13:34:10,860 - INFO - ⌛ aguardando janela de programação de lote de OS...
2026-06-08 13:34:11,004 - INFO - 🟨 Identificado travamento no EQM, reiniciando contador de espera
2026-06-08 13:34:36,395 - INFO - 🟨 Janela de aviso de substituição de lote de OS detectada
2026-06-08 13:34:56,499 - INFO - ⌛ aguardando janela de programação de lote de OS...
2026-06-08 13:34:56,633 - INFO - 🟨 Identificado travamento no EQM, reiniciando contador de espera
2026-06-08 13:35:22,053 - INFO - 🟨 Janela de aviso de substituição de lote de OS detectada
2026-06-08 13:35:42,164 - INFO - ⌛ aguardando janela de programação de lote de OS...
2026-06-08 13:35:42,291 - INFO - 🟨 Identificado travamento no EQM, reiniciando contador de espera
2026-06-08 13:36:07,704 - INFO - 🟨 Janela de aviso de substituição de lote de OS detectada
2026-06-08 13:36:27,818 - INFO - ⌛ aguardando janela de programação de lote de OS...
2026-06-08 13:36:27,966 - INFO - 🟨 Identificado travamento no EQM, reiniciando contador de espera
2026-06-08 13:36:53,383 - INFO - 🟨 Janela de aviso de substituição de lote de OS detectada
2026-06-08 13:37:13,498 - INFO - ⌛ aguardando janela de programação de lote de OS...
2026-06-08 13:37:13,630 - INFO - 🟨 Identificado travamento no EQM, reiniciando contador de espera
2026-06-08 13:37:39,040 - INFO - 🟨 Janela de aviso de substituição de lote de OS detectada
2026-06-08 13:37:59,150 - INFO - ⌛ aguardando janela de programação de lote de OS...
2026-06-08 13:37:59,285 - INFO - 🟨 Identificado travamento no EQM, reiniciando contador de espera
2026-06-08 13:38:24,684 - INFO - 🟨 Janela de aviso de substituição de lote de OS detectada
2026-06-08 13:38:44,788 - INFO - ⌛ aguardando janela de programação de lote de OS...
2026-06-08 13:38:44,920 - INFO - 🟨 Identificado travamento no EQM, reiniciando contador de espera
2026-06-08 13:39:10,350 - INFO - 🟨 Janela de aviso de substituição de lote de OS detectada
2026-06-08 13:39:30,459 - INFO - ⌛ aguardando janela de programação de lote de OS...
2026-06-08 13:39:30,605 - INFO - 🟨 Identificado travamento no EQM, reiniciando contador de espera
2026-06-08 13:39:55,980 - INFO - 🟨 Janela de aviso de substituição de lote de OS detectada
2026-06-08 13:40:16,092 - INFO - ⌛ aguardando janela de programação de lote de OS...
2026-06-08 13:40:16,220 - INFO - 🟨 Identificado travamento no EQM, reiniciando contador de espera
2026-06-08 13:40:41,607 - INFO - 🟨 Janela de aviso de substituição de lote de OS detectada
2026-06-08 13:41:01,712 - INFO - ⌛ aguardando janela de programação de lote de OS...
2026-06-08 13:41:01,836 - INFO - 🟨 Identificado travamento no EQM, reiniciando contador de espera
2026-06-08 13:41:27,282 - INFO - 🟨 Janela de aviso de substituição de lote de OS detectada
2026-06-08 13:41:47,391 - INFO - ⌛ aguardando janela de programação de lote de OS...
2026-06-08 13:41:47,537 - INFO - 🟨 Identificado travamento no EQM, reiniciando contador de espera
2026-06-08 13:42:12,947 - INFO - 🟨 Janela de aviso de substituição de lote de OS detectada
2026-06-08 13:42:33,061 - INFO - ⌛ aguardando janela de programação de lote de OS...
2026-06-08 13:42:33,196 - INFO - 🟨 Identificado travamento no EQM, reiniciando contador de espera
2026-06-08 13:42:58,599 - INFO - 🟨 Janela de aviso de substituição de lote de OS detectada
2026-06-08 13:43:18,716 - INFO - ⌛ aguardando janela de programação de lote de OS...
2026-06-08 13:43:18,858 - INFO - 🟨 Identificado travamento no EQM, reiniciando contador de espera
2026-06-08 13:43:44,249 - INFO - 🟨 Janela de programação de lote de OS detectada
2026-06-08 13:44:33,750 - INFO - 🟨 Janela de confirmação de programação de lote de OS detectada
2026-06-08 13:44:37,968 - INFO - ⌛ aguardando confirmação final de programação do lote
2026-06-08 13:45:03,400 - INFO - ⌛ aguardando confirmação final de programação do lote
2026-06-08 13:45:28,860 - INFO - 🟨 programação do lote 11 efetuado com sucesso
2026-06-08 13:45:38,967 - INFO - 
=== Iniciando lote 12/568 [REDES] ===
2026-06-08 13:45:38,967 - INFO - 
=== abrir_janela_selecao ===
2026-06-08 13:45:45,275 - INFO - 
=== rotina abrir_selecao_colar_os ===
2026-06-08 13:45:45,320 - INFO - Janela de seleção aberta
2026-06-08 13:45:49,545 - INFO - DEBUG: idx=11, inicio=275, fim=300
2026-06-08 13:45:49,545 - INFO - ✅ 25 OS copiadas para a área de transferência.
2026-06-08 13:45:49,545 - INFO - 📋 Lote 12 copiado.
2026-06-08 13:45:57,867 - INFO - ⌛ Esperando mudança visual...
2026-06-08 13:45:58,890 - INFO - ⌛ Esperando mudança visual...
2026-06-08 13:45:59,906 - INFO - ⌛ Esperando mudança visual...
2026-06-08 13:46:00,922 - INFO - ⌛ Esperando mudança visual...
2026-06-08 13:46:01,936 - INFO - ⌛ Esperando mudança visual...
2026-06-08 13:46:02,952 - INFO - ⌛ Esperando mudança visual...
2026-06-08 13:46:03,968 - INFO - ⌛ Esperando mudança visual...
2026-06-08 13:46:04,984 - INFO - ⌛ Esperando mudança visual...
2026-06-08 13:46:06,000 - INFO - ⌛ Esperando mudança visual...
2026-06-08 13:46:07,015 - INFO - ⌛ Esperando mudança visual...
2026-06-08 13:46:08,031 - INFO - ⌛ Esperando mudança visual...
2026-06-08 13:46:09,047 - INFO - ⌛ Esperando mudança visual...
2026-06-08 13:46:10,062 - INFO - ✅ Tela carregada!
2026-06-08 13:46:14,064 - INFO - 
=== rotina desbloquear_os ===
2026-06-08 13:46:40,543 - INFO - ⌛ Aguardando janela de confirmação de desbloqueio...
2026-06-08 13:46:55,947 - INFO - 🟨 Registros desbloqueados com sucesso
2026-06-08 13:47:00,051 - INFO - 
=== rotina editar_os ===
2026-06-08 13:47:09,482 - INFO - ⌛ Aguardando janela de edição de OS...
2026-06-08 13:47:24,947 - INFO - 🟨 OS programadas detectadas
2026-06-08 13:47:28,051 - INFO - ⌛ Aguardando janela de edição de OS...
2026-06-08 13:47:43,500 - INFO - 🟨 Janela de edição de OS detectada
2026-06-08 13:48:04,905 - INFO - 🟨 Janela de edição de habilidade da turma detectada
2026-06-08 13:49:23,209 - INFO - ⌛ Aguardando detecção do campo de caracteristica 'EQUIPE PRÓPRIA OU EPS' ...
2026-06-08 13:49:42,578 - INFO - 🟨 campo de caracteristica 'EQUIPE PRÓPRIA OU EPS detectado
2026-06-08 13:50:04,343 - INFO - ⌛ Aguardando confirmação 4 - editar OS...
2026-06-08 13:50:19,789 - INFO - ⌛ Aguardando confirmação 4 - editar OS...
2026-06-08 13:50:19,917 - INFO - 🟨 Identificado travamento no EQM, reiniciando contador de espera
2026-06-08 13:50:35,226 - INFO - ⌛ Aguardando confirmação 4 - editar OS...
2026-06-08 13:50:50,660 - INFO - ⌛ Aguardando confirmação 4 - editar OS...
2026-06-08 13:51:06,108 - INFO - 🟨 Janela de confirmação 4 de edição de OS detectada
2026-06-08 13:51:10,214 - INFO - 
=== rotina programar_os ===
2026-06-08 13:51:36,768 - INFO - ⌛ Aguardando janela de confirmação de programação de OS...
2026-06-08 13:52:02,216 - INFO - ⌛ Aguardando janela de confirmação de programação de OS...
2026-06-08 13:52:27,636 - INFO - ⌛ Aguardando janela de confirmação de programação de OS...
2026-06-08 13:52:27,876 - INFO - 🟨 Identificado travamento no EQM, reiniciando contador de espera
2026-06-08 13:52:53,103 - INFO - ⌛ Aguardando janela de confirmação de programação de OS...
2026-06-08 13:53:18,540 - INFO - ⌛ Aguardando janela de confirmação de programação de OS...
2026-06-08 13:53:44,006 - INFO - ⌛ Aguardando janela de confirmação de programação de OS...
2026-06-08 13:54:09,449 - INFO - ⌛ Aguardando janela de confirmação de programação de OS...
2026-06-08 13:54:34,927 - INFO - ⌛ Aguardando janela de confirmação de programação de OS...
2026-06-08 13:55:00,389 - INFO - ⌛ Aguardando janela de confirmação de programação de OS...
2026-06-08 13:55:25,853 - INFO - ⌛ Aguardando janela de confirmação de programação de OS...
2026-06-08 13:55:51,336 - INFO - ⌛ Aguardando janela de confirmação de programação de OS...
2026-06-08 13:56:16,817 - INFO - ⌛ Aguardando janela de confirmação de programação de OS...
2026-06-08 13:56:42,265 - INFO - ⌛ Aguardando janela de confirmação de programação de OS...
2026-06-08 13:57:07,742 - INFO - ⌛ Aguardando janela de confirmação de programação de OS...
2026-06-08 13:57:33,253 - INFO - ⌛ Aguardando janela de confirmação de programação de OS...
2026-06-08 13:57:58,689 - INFO - ⌛ Aguardando janela de confirmação de programação de OS...
2026-06-08 13:58:24,166 - INFO - ⌛ Aguardando janela de confirmação de programação de OS...
2026-06-08 13:58:49,686 - INFO - ⌛ Aguardando janela de confirmação de programação de OS...
2026-06-08 13:59:15,184 - INFO - ⌛ Aguardando janela de confirmação de programação de OS...
2026-06-08 13:59:40,640 - INFO - ⌛ Aguardando janela de confirmação de programação de OS...
2026-06-08 14:00:06,111 - INFO - ⌛ Aguardando janela de confirmação de programação de OS...
2026-06-08 14:00:31,575 - INFO - ⌛ Aguardando janela de confirmação de programação de OS...
2026-06-08 14:00:57,044 - INFO - ⌛ Aguardando janela de confirmação de programação de OS...
2026-06-08 14:01:22,501 - INFO - ⌛ Aguardando janela de confirmação de programação de OS...
2026-06-08 14:01:47,959 - INFO - ⌛ Aguardando janela de confirmação de programação de OS...
2026-06-08 14:02:13,420 - INFO - ⌛ Aguardando janela de confirmação de programação de OS...
2026-06-08 14:02:38,857 - INFO - ⌛ Aguardando janela de confirmação de programação de OS...
2026-06-08 14:03:04,308 - INFO - ⌛ Aguardando janela de confirmação de programação de OS...
2026-06-08 14:03:29,767 - INFO - ⌛ Aguardando janela de confirmação de programação de OS...
2026-06-08 14:03:55,261 - INFO - ⌛ Aguardando janela de confirmação de programação de OS...
2026-06-08 14:04:20,720 - INFO - ⌛ Aguardando janela de confirmação de programação de OS...
2026-06-08 14:04:46,216 - INFO - ⌛ Aguardando janela de confirmação de programação de OS...
2026-06-08 14:05:11,764 - INFO - ⌛ Aguardando janela de confirmação de programação de OS...
2026-06-08 14:05:37,248 - INFO - ⌛ Aguardando janela de confirmação de programação de OS...
2026-06-08 14:06:02,687 - INFO - ⌛ Aguardando janela de confirmação de programação de OS...
2026-06-08 14:06:28,123 - INFO - ⌛ Aguardando janela de confirmação de programação de OS...
2026-06-08 14:06:53,611 - INFO - ⌛ Aguardando janela de confirmação de programação de OS...
2026-06-08 14:07:19,042 - INFO - ⌛ Aguardando janela de confirmação de programação de OS...
2026-06-08 14:07:44,493 - INFO - ⌛ Aguardando janela de confirmação de programação de OS...
2026-06-08 14:08:09,932 - INFO - ⌛ Aguardando janela de confirmação de programação de OS...
2026-06-08 14:08:35,356 - INFO - ⌛ Aguardando janela de confirmação de programação de OS...
2026-06-08 14:09:00,801 - INFO - ⌛ Aguardando janela de confirmação de programação de OS...
2026-06-08 14:09:26,217 - INFO - ⌛ Aguardando janela de confirmação de programação de OS...
2026-06-08 14:09:51,664 - INFO - ⌛ Aguardando janela de confirmação de programação de OS...
2026-06-08 14:10:17,091 - INFO - ⌛ Aguardando janela de confirmação de programação de OS...
2026-06-08 14:10:42,554 - INFO - ⌛ Aguardando janela de confirmação de programação de OS...
2026-06-08 14:11:07,996 - INFO - ⌛ Aguardando janela de confirmação de programação de OS...
2026-06-08 14:11:33,482 - INFO - ⌛ Aguardando janela de confirmação de programação de OS...
2026-06-08 14:11:58,940 - INFO - ⌛ Aguardando janela de confirmação de programação de OS...
2026-06-08 14:12:24,387 - INFO - ⌛ Aguardando janela de confirmação de programação de OS...
2026-06-08 14:12:49,811 - INFO - ⌛ Aguardando janela de confirmação de programação de OS...
2026-06-08 14:13:15,258 - INFO - ⌛ Aguardando janela de confirmação de programação de OS...
2026-06-08 14:13:40,692 - INFO - ⌛ Aguardando janela de confirmação de programação de OS...
2026-06-08 14:14:06,128 - INFO - ⌛ Aguardando janela de confirmação de programação de OS...
2026-06-08 14:14:31,553 - INFO - ⌛ Aguardando janela de confirmação de programação de OS...
2026-06-08 14:14:56,996 - INFO - ⌛ Aguardando janela de confirmação de programação de OS...
2026-06-08 14:15:22,414 - INFO - ⌛ Aguardando janela de confirmação de programação de OS...
2026-06-08 14:15:47,878 - INFO - ⌛ Aguardando janela de confirmação de programação de OS...
2026-06-08 14:16:13,327 - INFO - ⌛ Aguardando janela de confirmação de programação de OS...
2026-06-08 14:16:38,812 - INFO - ⌛ Aguardando janela de confirmação de programação de OS...
2026-06-08 14:17:04,262 - INFO - ⌛ Aguardando janela de confirmação de programação de OS...
2026-06-08 14:17:29,688 - INFO - ⌛ Aguardando janela de confirmação de programação de OS...
2026-06-08 14:17:55,138 - INFO - ⌛ Aguardando janela de confirmação de programação de OS...
2026-06-08 14:18:20,653 - INFO - ⌛ Aguardando janela de confirmação de programação de OS...
2026-06-08 14:18:46,110 - INFO - ⌛ Aguardando janela de confirmação de programação de OS...
2026-06-08 14:19:11,558 - INFO - ⌛ Aguardando janela de confirmação de programação de OS...
2026-06-08 14:19:36,998 - INFO - ⌛ Aguardando janela de confirmação de programação de OS...
2026-06-08 14:20:02,426 - INFO - ⌛ Aguardando janela de confirmação de programação de OS...
2026-06-08 14:20:27,845 - INFO - ⌛ Aguardando janela de confirmação de programação de OS...
2026-06-08 14:20:53,301 - INFO - ⌛ Aguardando janela de confirmação de programação de OS...
2026-06-08 14:21:18,746 - INFO - ⌛ Aguardando janela de confirmação de programação de OS...
2026-06-08 14:21:44,224 - INFO - ⌛ Aguardando janela de confirmação de programação de OS...
2026-06-08 14:22:09,716 - INFO - ⌛ Aguardando janela de confirmação de programação de OS...
2026-06-08 14:22:35,225 - INFO - ⌛ Aguardando janela de confirmação de programação de OS...
2026-06-08 14:23:00,641 - INFO - ⌛ Aguardando janela de confirmação de programação de OS...
2026-06-08 14:23:26,073 - INFO - ⌛ Aguardando janela de confirmação de programação de OS...
2026-06-08 14:23:51,475 - INFO - ⌛ Aguardando janela de confirmação de programação de OS...
2026-06-08 14:24:16,939 - INFO - ⌛ Aguardando janela de confirmação de programação de OS...
2026-06-08 14:24:42,400 - INFO - ⌛ Aguardando janela de confirmação de programação de OS...
2026-06-08 14:25:07,891 - INFO - ⌛ Aguardando janela de confirmação de programação de OS...
2026-06-08 14:25:33,333 - INFO - ⌛ Aguardando janela de confirmação de programação de OS...
2026-06-08 14:25:58,738 - INFO - ⌛ Aguardando janela de confirmação de programação de OS...
2026-06-08 14:26:24,182 - INFO - ⌛ Aguardando janela de confirmação de programação de OS...
2026-06-08 14:26:49,613 - INFO - ⌛ Aguardando janela de confirmação de programação de OS...
2026-06-08 14:27:15,083 - INFO - ⌛ Aguardando janela de confirmação de programação de OS...
2026-06-08 14:27:40,526 - INFO - ⌛ Aguardando janela de confirmação de programação de OS...
2026-06-08 14:28:05,980 - INFO - ⌛ Aguardando janela de confirmação de programação de OS...
2026-06-08 14:28:31,413 - INFO - ⌛ Aguardando janela de confirmação de programação de OS...
2026-06-08 14:28:56,844 - INFO - ⌛ Aguardando janela de confirmação de programação de OS...
2026-06-08 14:29:22,266 - INFO - ⌛ Aguardando janela de confirmação de programação de OS...
2026-06-08 14:29:47,688 - INFO - ⌛ Aguardando janela de confirmação de programação de OS...
2026-06-08 14:30:13,113 - INFO - ⌛ Aguardando janela de confirmação de programação de OS...
2026-06-08 14:30:38,548 - INFO - ⌛ Aguardando janela de confirmação de programação de OS...
2026-06-08 14:31:03,983 - INFO - ⌛ Aguardando janela de confirmação de programação de OS...
2026-06-08 14:31:29,420 - INFO - ⌛ Aguardando janela de confirmação de programação de OS...
2026-06-08 14:31:54,903 - INFO - ⌛ Aguardando janela de confirmação de programação de OS...
2026-06-08 14:32:20,426 - INFO - ⌛ Aguardando janela de confirmação de programação de OS...
2026-06-08 14:32:45,888 - INFO - verificando janela oculta
2026-06-08 14:33:06,360 - INFO - ⏱️ Tempo limite atingido. Abortando seleção
2026-06-08 14:33:06,360 - INFO - Capturando print...
2026-06-08 14:53:28,349 - INFO - Data hoje: 08/06/2026
2026-06-08 14:53:28,350 - INFO - Data de referência: 30/06/2026
2026-06-08 14:55:05,444 - INFO - Qtde OS de LINHA VIVA: 1566
2026-06-08 14:55:05,445 - INFO - Qtde OS poda de LINHA MORTA: 950
2026-06-08 14:55:05,445 - INFO - Qtde OS estrutural de LINHA MORTA : 14199
2026-06-08 14:55:05,445 - INFO - Qtde OS poda de LINHA MORTA fora carteira: 675
2026-06-08 14:55:05,445 - INFO - Qtde OS para desprogramar: 1991
2026-06-08 14:55:05,445 - INFO - 
 Qtd de lotes de LM: 38
2026-06-08 14:55:05,445 - INFO - 
 Qtd de lotes de LV: 63
2026-06-08 14:55:05,445 - INFO - 
 Qtd de lotes de ESTRUTURAL LM: 568
2026-06-08 14:55:05,445 - INFO - 
 Qtd de lotes de LEVE: 27
2026-06-08 14:55:05,445 - INFO - 
 Qtd de lotes para desprogramar: 80
2026-06-08 14:55:05,445 - INFO - 
=== Iniciando lote 1/63 [LV] ===
2026-06-08 14:55:05,445 - INFO - 
=== abrir_janela_selecao ===
2026-06-08 14:55:11,774 - INFO - 
=== rotina abrir_selecao_colar_os ===
2026-06-08 14:55:11,884 - INFO - Janela de seleção aberta
2026-06-08 14:55:16,115 - INFO - DEBUG: idx=0, inicio=0, fim=25
2026-06-08 14:55:16,115 - INFO - ✅ 25 OS copiadas para a área de transferência.
2026-06-08 14:55:16,115 - INFO - 📋 Lote 1 copiado.
2026-06-08 14:55:24,454 - INFO - ⌛ Esperando mudança visual...
2026-06-08 14:55:25,469 - INFO - ⌛ Esperando mudança visual...
2026-06-08 14:55:26,486 - INFO - ⌛ Esperando mudança visual...
2026-06-08 14:55:27,501 - INFO - ⌛ Esperando mudança visual...
2026-06-08 14:55:28,517 - INFO - ⌛ Esperando mudança visual...
2026-06-08 14:55:29,533 - INFO - ⌛ Esperando mudança visual...
2026-06-08 14:55:30,548 - INFO - ⌛ Esperando mudança visual...
2026-06-08 14:55:31,563 - INFO - ⌛ Esperando mudança visual...
2026-06-08 14:55:32,580 - INFO - ⌛ Esperando mudança visual...
2026-06-08 14:55:33,595 - INFO - ⌛ Esperando mudança visual...
2026-06-08 14:55:34,610 - INFO - ⌛ Esperando mudança visual...
2026-06-08 14:55:35,626 - INFO - ⌛ Esperando mudança visual...
2026-06-08 14:55:36,642 - INFO - ⌛ Esperando mudança visual...
2026-06-08 14:55:37,658 - INFO - ⌛ Esperando mudança visual...
2026-06-08 14:55:38,674 - INFO - ✅ Tela carregada!
2026-06-08 14:55:42,679 - INFO - 
=== rotina desbloquear_os ===
2026-06-08 14:56:09,143 - INFO - ⌛ Aguardando janela de confirmação de desbloqueio...
2026-06-08 14:56:24,558 - INFO - 🟨 Registros desbloqueados com sucesso
2026-06-08 14:56:28,664 - INFO - 
=== rotina editar_os ===
2026-06-08 14:56:38,070 - INFO - ⌛ Aguardando janela de edição de OS...
2026-06-08 14:56:53,511 - INFO - 🟨 OS programadas detectadas
2026-06-08 14:56:56,614 - INFO - ⌛ Aguardando janela de edição de OS...
2026-06-08 14:57:12,114 - INFO - 🟨 Janela de edição de OS detectada
2026-06-08 14:57:33,475 - INFO - 🟨 Janela de edição de habilidade da turma detectada
2026-06-08 14:58:51,811 - INFO - ⌛ Aguardando detecção do campo de caracteristica 'EQUIPE PRÓPRIA OU EPS' ...
2026-06-08 14:59:11,188 - INFO - 🟨 campo de caracteristica 'EQUIPE PRÓPRIA OU EPS detectado
2026-06-08 14:59:32,986 - INFO - ⌛ Aguardando confirmação 4 - editar OS...
2026-06-08 14:59:48,411 - INFO - ⌛ Aguardando confirmação 4 - editar OS...
2026-06-08 14:59:48,530 - INFO - 🟨 Identificado travamento no EQM, reiniciando contador de espera
2026-06-08 15:00:03,859 - INFO - ⌛ Aguardando confirmação 4 - editar OS...
2026-06-08 15:00:19,314 - INFO - ⌛ Aguardando confirmação 4 - editar OS...
2026-06-08 15:00:34,799 - INFO - ⌛ Aguardando confirmação 4 - editar OS...
2026-06-08 15:00:50,247 - INFO - ⌛ Aguardando confirmação 4 - editar OS...
2026-06-08 15:01:05,669 - INFO - ⌛ Aguardando confirmação 4 - editar OS...
2026-06-08 15:01:21,115 - INFO - 🟨 Janela de confirmação 4 de edição de OS detectada
2026-06-08 15:01:25,218 - INFO - 
=== rotina programar_os ===
2026-06-08 15:01:51,753 - INFO - ⌛ Aguardando janela de confirmação de programação de OS...
2026-06-08 15:02:17,186 - INFO - 🟨 Janela de confirmação de programação de OS detectada
2026-06-08 15:02:30,447 - INFO - 🟨 Janela de aviso de edição de OS programadas detectada
2026-06-08 15:02:37,651 - INFO - ⌛ aguardando janela de programação de lote de OS...
2026-06-08 15:03:03,164 - INFO - 🟨 Janela de aviso de substituição de lote de OS detectada
2026-06-08 15:03:23,270 - INFO - ⌛ aguardando janela de programação de lote de OS...
2026-06-08 15:03:48,759 - INFO - 🟨 Janela de aviso de substituição de lote de OS detectada
2026-06-08 15:04:08,874 - INFO - ⌛ aguardando janela de programação de lote de OS...
2026-06-08 15:04:34,459 - INFO - 🟨 Janela de programação de lote de OS detectada
2026-06-08 15:05:24,013 - INFO - ⌛ aguardando janela de confirmação de programação de lote de OS...
2026-06-08 15:05:49,478 - INFO - 🟨 Janela de confirmação de programação de lote de OS detectada
2026-06-08 15:05:53,669 - INFO - ⌛ aguardando confirmação final de programação do lote
2026-06-08 15:06:19,135 - INFO - 🟨 programação do lote 1 efetuado com sucesso
2026-06-08 15:06:29,244 - INFO - 
=== Iniciando lote 2/63 [LV] ===
2026-06-08 15:06:29,244 - INFO - 
=== abrir_janela_selecao ===
2026-06-08 15:06:35,550 - INFO - 
=== rotina abrir_selecao_colar_os ===
2026-06-08 15:06:35,607 - INFO - Janela de seleção aberta
2026-06-08 15:06:39,836 - INFO - DEBUG: idx=1, inicio=25, fim=50
2026-06-08 15:06:39,836 - INFO - ✅ 25 OS copiadas para a área de transferência.
2026-06-08 15:06:39,836 - INFO - 📋 Lote 2 copiado.
2026-06-08 15:06:48,166 - INFO - ⌛ Esperando mudança visual...
2026-06-08 15:06:49,186 - INFO - ⌛ Esperando mudança visual...
2026-06-08 15:06:50,201 - INFO - ⌛ Esperando mudança visual...
2026-06-08 15:06:51,213 - INFO - ⌛ Esperando mudança visual...
2026-06-08 15:06:52,232 - INFO - ⌛ Esperando mudança visual...
2026-06-08 15:06:53,249 - INFO - ⌛ Esperando mudança visual...
2026-06-08 15:06:54,260 - INFO - ⌛ Esperando mudança visual...
2026-06-08 15:06:55,279 - INFO - ⌛ Esperando mudança visual...
2026-06-08 15:06:56,296 - INFO - ⌛ Esperando mudança visual...
2026-06-08 15:06:57,307 - INFO - ⌛ Esperando mudança visual...
2026-06-08 15:06:58,326 - INFO - ⌛ Esperando mudança visual...
2026-06-08 15:06:59,341 - INFO - ⌛ Esperando mudança visual...
2026-06-08 15:07:00,354 - INFO - ⌛ Esperando mudança visual...
2026-06-08 15:07:01,370 - INFO - ⌛ Esperando mudança visual...
2026-06-08 15:07:02,389 - INFO - ✅ Tela carregada!
2026-06-08 15:07:06,391 - INFO - 
=== rotina desbloquear_os ===
2026-06-08 15:07:32,856 - INFO - ⌛ Aguardando janela de confirmação de desbloqueio...
2026-06-08 15:07:48,257 - INFO - ⌛ Aguardando janela de confirmação de desbloqueio...
2026-06-08 15:08:03,640 - INFO - 🟨 Registros desbloqueados com sucesso
2026-06-08 15:08:07,744 - INFO - 
=== rotina editar_os ===
2026-06-08 15:08:17,162 - INFO - ⌛ Aguardando janela de edição de OS...
2026-06-08 15:08:32,591 - INFO - 🟨 OS programadas detectadas
2026-06-08 15:08:35,694 - INFO - ⌛ Aguardando janela de edição de OS...
2026-06-08 15:08:51,162 - INFO - 🟨 Janela de edição de OS detectada
2026-06-08 15:09:12,534 - INFO - 🟨 Janela de edição de habilidade da turma detectada
2026-06-08 15:10:30,842 - INFO - ⌛ Aguardando detecção do campo de caracteristica 'EQUIPE PRÓPRIA OU EPS' ...
2026-06-08 15:10:50,206 - INFO - 🟨 campo de caracteristica 'EQUIPE PRÓPRIA OU EPS detectado
2026-06-08 15:11:11,965 - INFO - ⌛ Aguardando confirmação 4 - editar OS...
2026-06-08 15:11:27,364 - INFO - ⌛ Aguardando confirmação 4 - editar OS...
2026-06-08 15:11:27,478 - INFO - 🟨 Identificado travamento no EQM, reiniciando contador de espera
2026-06-08 15:11:42,811 - INFO - ⌛ Aguardando confirmação 4 - editar OS...
2026-06-08 15:11:42,950 - INFO - 🟨 Identificado travamento no EQM, reiniciando contador de espera
2026-06-08 15:11:58,299 - INFO - ⌛ Aguardando confirmação 4 - editar OS...
2026-06-08 15:12:13,814 - INFO - ⌛ Aguardando confirmação 4 - editar OS...
2026-06-08 15:12:29,321 - INFO - ⌛ Aguardando confirmação 4 - editar OS...
2026-06-08 15:12:44,852 - INFO - 🟨 Janela de confirmação 4 de edição de OS detectada
2026-06-08 15:12:48,955 - INFO - 
=== rotina programar_os ===
2026-06-08 15:13:15,489 - INFO - ⌛ Aguardando janela de confirmação de programação de OS...
2026-06-08 15:13:40,972 - INFO - 🟨 Janela de confirmação de programação de OS detectada
2026-06-08 15:13:54,249 - INFO - 🟨 Janela de aviso de edição de OS programadas detectada
2026-06-08 15:14:01,453 - INFO - ⌛ aguardando janela de programação de lote de OS...
2026-06-08 15:14:26,966 - INFO - 🟨 Janela de aviso de substituição de lote de OS detectada
2026-06-08 15:14:47,074 - INFO - ⌛ aguardando janela de programação de lote de OS...
2026-06-08 15:15:12,598 - INFO - ⌛ aguardando janela de programação de lote de OS...
2026-06-08 15:15:38,095 - INFO - 🟨 Janela de programação de lote de OS detectada
2026-06-08 15:16:27,604 - INFO - 🟨 Janela de confirmação de programação de lote de OS detectada
2026-06-08 15:16:31,833 - INFO - ⌛ aguardando confirmação final de programação do lote
2026-06-08 15:16:57,286 - INFO - 🟨 programação do lote 2 efetuado com sucesso
2026-06-08 15:17:07,392 - INFO - 
=== Iniciando lote 3/63 [LV] ===
2026-06-08 15:17:07,393 - INFO - 
=== abrir_janela_selecao ===
2026-06-08 15:17:13,699 - INFO - 
=== rotina abrir_selecao_colar_os ===
2026-06-08 15:17:13,756 - INFO - Janela de seleção aberta
2026-06-08 15:17:17,983 - INFO - DEBUG: idx=2, inicio=50, fim=75
2026-06-08 15:17:17,983 - INFO - ✅ 25 OS copiadas para a área de transferência.
2026-06-08 15:17:17,983 - INFO - 📋 Lote 3 copiado.
2026-06-08 15:17:26,301 - INFO - ⌛ Esperando mudança visual...
2026-06-08 15:17:27,320 - INFO - ⌛ Esperando mudança visual...
2026-06-08 15:17:28,337 - INFO - ⌛ Esperando mudança visual...
2026-06-08 15:17:29,348 - INFO - ⌛ Esperando mudança visual...
2026-06-08 15:17:30,368 - INFO - ⌛ Esperando mudança visual...
2026-06-08 15:17:31,383 - INFO - ⌛ Esperando mudança visual...
2026-06-08 15:17:32,399 - INFO - ⌛ Esperando mudança visual...
2026-06-08 15:17:33,411 - INFO - ⌛ Esperando mudança visual...
2026-06-08 15:17:34,428 - INFO - ⌛ Esperando mudança visual...
2026-06-08 15:17:35,446 - INFO - ⌛ Esperando mudança visual...
2026-06-08 15:17:36,458 - INFO - ⌛ Esperando mudança visual...
2026-06-08 15:17:37,477 - INFO - ⌛ Esperando mudança visual...
2026-06-08 15:17:38,490 - INFO - ⌛ Esperando mudança visual...
2026-06-08 15:17:39,504 - INFO - ⌛ Esperando mudança visual...
2026-06-08 15:17:40,521 - INFO - ✅ Tela carregada!
2026-06-08 15:17:44,523 - INFO - 
=== rotina desbloquear_os ===
2026-06-08 15:18:11,005 - INFO - ⌛ Aguardando janela de confirmação de desbloqueio...
2026-06-08 15:18:26,445 - INFO - ⌛ Aguardando janela de confirmação de desbloqueio...
2026-06-08 15:18:41,830 - INFO - 🟨 Registros desbloqueados com sucesso
2026-06-08 15:18:45,934 - INFO - 
=== rotina editar_os ===
2026-06-08 15:18:55,385 - INFO - ⌛ Aguardando janela de edição de OS...
2026-06-08 15:19:10,908 - INFO - 🟨 OS programadas detectadas
2026-06-08 15:19:14,012 - INFO - ⌛ Aguardando janela de edição de OS...
2026-06-08 15:19:29,443 - INFO - 🟨 Janela de edição de OS detectada
2026-06-08 15:19:50,804 - INFO - 🟨 Janela de edição de habilidade da turma detectada
2026-06-08 15:21:09,123 - INFO - ⌛ Aguardando detecção do campo de caracteristica 'EQUIPE PRÓPRIA OU EPS' ...
2026-06-08 15:21:28,485 - INFO - 🟨 campo de caracteristica 'EQUIPE PRÓPRIA OU EPS detectado
2026-06-08 15:21:50,273 - INFO - ⌛ Aguardando confirmação 4 - editar OS...
2026-06-08 15:22:05,769 - INFO - ⌛ Aguardando confirmação 4 - editar OS...
2026-06-08 15:22:05,916 - INFO - 🟨 Identificado travamento no EQM, reiniciando contador de espera
2026-06-08 15:22:21,285 - INFO - ⌛ Aguardando confirmação 4 - editar OS...
2026-06-08 15:22:21,427 - INFO - 🟨 Identificado travamento no EQM, reiniciando contador de espera
2026-06-08 15:22:36,769 - INFO - ⌛ Aguardando confirmação 4 - editar OS...
2026-06-08 15:22:36,888 - INFO - 🟨 Identificado travamento no EQM, reiniciando contador de espera
2026-06-08 15:22:52,239 - INFO - ⌛ Aguardando confirmação 4 - editar OS...
2026-06-08 15:23:07,778 - INFO - ⌛ Aguardando confirmação 4 - editar OS...
2026-06-08 15:23:23,278 - INFO - 🟨 Janela de confirmação 4 de edição de OS detectada
2026-06-08 15:23:27,380 - INFO - 
=== rotina programar_os ===
2026-06-08 15:23:53,899 - INFO - ⌛ Aguardando janela de confirmação de programação de OS...
2026-06-08 15:24:19,401 - INFO - 🟨 Janela de confirmação de programação de OS detectada
2026-06-08 15:24:32,685 - INFO - 🟨 Janela de aviso de edição de OS programadas detectada
2026-06-08 15:24:39,890 - INFO - ⌛ aguardando janela de programação de lote de OS...
2026-06-08 15:25:05,442 - INFO - 🟨 Janela de aviso de substituição de lote de OS detectada
2026-06-08 15:25:25,545 - INFO - ⌛ aguardando janela de programação de lote de OS...
2026-06-08 15:25:51,063 - INFO - 🟨 Janela de programação de lote de OS detectada
2026-06-08 15:26:40,593 - INFO - 🟨 Janela de confirmação de programação de lote de OS detectada
2026-06-08 15:26:44,839 - INFO - ⌛ aguardando confirmação final de programação do lote
2026-06-08 15:27:10,373 - INFO - ⌛ aguardando confirmação final de programação do lote
2026-06-08 15:27:35,953 - INFO - 🟨 programação do lote 3 efetuado com sucesso
2026-06-08 15:27:46,057 - INFO - 
=== Iniciando lote 4/63 [LV] ===
2026-06-08 15:27:46,057 - INFO - 
=== abrir_janela_selecao ===
2026-06-08 15:27:52,364 - INFO - 
=== rotina abrir_selecao_colar_os ===
2026-06-08 15:27:52,425 - INFO - Janela de seleção aberta
2026-06-08 15:27:56,655 - INFO - DEBUG: idx=3, inicio=75, fim=100
2026-06-08 15:27:56,655 - INFO - ✅ 25 OS copiadas para a área de transferência.
2026-06-08 15:27:56,655 - INFO - 📋 Lote 4 copiado.
2026-06-08 15:28:04,978 - INFO - ⌛ Esperando mudança visual...
2026-06-08 15:28:05,995 - INFO - ⌛ Esperando mudança visual...
2026-06-08 15:28:07,009 - INFO - ⌛ Esperando mudança visual...
2026-06-08 15:28:08,026 - INFO - ⌛ Esperando mudança visual...
2026-06-08 15:28:09,041 - INFO - ⌛ Esperando mudança visual...
2026-06-08 15:28:10,057 - INFO - ⌛ Esperando mudança visual...
2026-06-08 15:28:11,074 - INFO - ⌛ Esperando mudança visual...
2026-06-08 15:28:12,090 - INFO - ⌛ Esperando mudança visual...
2026-06-08 15:28:13,105 - INFO - ⌛ Esperando mudança visual...
2026-06-08 15:28:14,121 - INFO - ⌛ Esperando mudança visual...
2026-06-08 15:28:15,134 - INFO - ⌛ Esperando mudança visual...
2026-06-08 15:28:16,152 - INFO - ⌛ Esperando mudança visual...
2026-06-08 15:28:17,166 - INFO - ⌛ Esperando mudança visual...
2026-06-08 15:28:18,183 - INFO - ⌛ Esperando mudança visual...
2026-06-08 15:28:19,195 - INFO - ✅ Tela carregada!
2026-06-08 15:28:23,202 - INFO - 
=== rotina desbloquear_os ===
2026-06-08 15:28:49,681 - INFO - ⌛ Aguardando janela de confirmação de desbloqueio...
2026-06-08 15:29:05,138 - INFO - ⌛ Aguardando janela de confirmação de desbloqueio...
2026-06-08 15:29:20,575 - INFO - 🟨 Registros desbloqueados com sucesso
2026-06-08 15:29:24,678 - INFO - 
=== rotina editar_os ===
2026-06-08 15:29:34,093 - INFO - ⌛ Aguardando janela de edição de OS...
2026-06-08 15:29:49,587 - INFO - 🟨 OS programadas detectadas
2026-06-08 15:29:52,693 - INFO - ⌛ Aguardando janela de edição de OS...
2026-06-08 15:30:08,174 - INFO - 🟨 Janela de edição de OS detectada
2026-06-08 15:30:29,543 - INFO - 🟨 Janela de edição de habilidade da turma detectada
2026-06-08 15:31:47,874 - INFO - ⌛ Aguardando detecção do campo de caracteristica 'EQUIPE PRÓPRIA OU EPS' ...
2026-06-08 15:32:07,231 - INFO - 🟨 campo de caracteristica 'EQUIPE PRÓPRIA OU EPS detectado
2026-06-08 15:32:29,028 - INFO - ⌛ Aguardando confirmação 4 - editar OS...
2026-06-08 15:32:44,516 - INFO - ⌛ Aguardando confirmação 4 - editar OS...
2026-06-08 15:32:44,656 - INFO - 🟨 Identificado travamento no EQM, reiniciando contador de espera
2026-06-08 15:32:59,989 - INFO - ⌛ Aguardando confirmação 4 - editar OS...
2026-06-08 15:33:00,123 - INFO - 🟨 Identificado travamento no EQM, reiniciando contador de espera
2026-06-08 15:33:15,486 - INFO - ⌛ Aguardando confirmação 4 - editar OS...
2026-06-08 15:33:31,059 - INFO - ⌛ Aguardando confirmação 4 - editar OS...
2026-06-08 15:33:46,570 - INFO - 🟨 Janela de confirmação 4 de edição de OS detectada
2026-06-08 15:33:50,673 - INFO - 
=== rotina programar_os ===
2026-06-08 15:34:17,222 - INFO - ⌛ Aguardando janela de confirmação de programação de OS...
2026-06-08 15:34:42,721 - INFO - 🟨 Janela de confirmação de programação de OS detectada
2026-06-08 15:34:55,973 - INFO - 🟨 Janela de aviso de edição de OS programadas detectada
2026-06-08 15:35:03,184 - INFO - ⌛ aguardando janela de programação de lote de OS...
2026-06-08 15:35:28,691 - INFO - 🟨 Janela de aviso de substituição de lote de OS detectada
2026-06-08 15:35:48,800 - INFO - ⌛ aguardando janela de programação de lote de OS...
2026-06-08 15:36:14,329 - INFO - 🟨 Janela de programação de lote de OS detectada
2026-06-08 15:37:03,890 - INFO - 🟨 Janela de confirmação de programação de lote de OS detectada
2026-06-08 15:37:08,123 - INFO - ⌛ aguardando confirmação final de programação do lote
2026-06-08 15:37:33,663 - INFO - ⌛ aguardando confirmação final de programação do lote
2026-06-08 15:37:59,169 - INFO - 🟨 programação do lote 4 efetuado com sucesso
2026-06-08 15:38:09,273 - INFO - 
=== Iniciando lote 5/63 [LV] ===
2026-06-08 15:38:09,275 - INFO - 
=== abrir_janela_selecao ===
2026-06-08 15:38:15,583 - INFO - 
=== rotina abrir_selecao_colar_os ===
2026-06-08 15:38:15,638 - INFO - ⌛ Aguardando janela de seleção...
2026-06-08 15:38:15,778 - INFO - 🟨 Identificado travamento no EQM, reiniciando contador de espera
2026-06-08 15:38:26,050 - INFO - ⌛ Aguardando janela de seleção...
2026-06-08 15:38:26,177 - INFO - 🟨 Identificado travamento no EQM, reiniciando contador de espera
2026-06-08 15:38:36,472 - INFO - ⌛ Aguardando janela de seleção...
2026-06-08 15:38:36,633 - INFO - 🟨 Identificado travamento no EQM, reiniciando contador de espera
2026-06-08 15:38:46,922 - INFO - ⌛ Aguardando janela de seleção...
2026-06-08 15:38:47,063 - INFO - 🟨 Identificado travamento no EQM, reiniciando contador de espera
2026-06-08 15:38:57,338 - INFO - ⌛ Aguardando janela de seleção...
2026-06-08 15:38:57,469 - INFO - 🟨 Identificado travamento no EQM, reiniciando contador de espera
2026-06-08 15:39:07,744 - INFO - ⌛ Aguardando janela de seleção...
2026-06-08 15:39:07,875 - INFO - 🟨 Identificado travamento no EQM, reiniciando contador de espera
2026-06-08 15:39:18,171 - INFO - ⌛ Aguardando janela de seleção...
2026-06-08 15:39:18,298 - INFO - 🟨 Identificado travamento no EQM, reiniciando contador de espera
2026-06-08 15:39:28,581 - INFO - ⌛ Aguardando janela de seleção...
2026-06-08 15:39:28,731 - INFO - 🟨 Identificado travamento no EQM, reiniciando contador de espera
2026-06-08 15:39:39,066 - INFO - ⌛ Aguardando janela de seleção...
2026-06-08 15:39:39,188 - INFO - 🟨 Identificado travamento no EQM, reiniciando contador de espera
2026-06-08 15:39:49,493 - INFO - ⌛ Aguardando janela de seleção...
2026-06-08 15:39:49,617 - INFO - 🟨 Identificado travamento no EQM, reiniciando contador de espera
2026-06-08 15:39:59,884 - INFO - ⌛ Aguardando janela de seleção...
2026-06-08 15:40:10,350 - INFO - ⌛ Aguardando janela de seleção...
2026-06-08 15:40:20,820 - INFO - ⌛ Aguardando janela de seleção...
2026-06-08 15:40:31,186 - INFO - ⌛ Aguardando janela de seleção...
2026-06-08 15:40:41,603 - INFO - ⌛ Aguardando janela de seleção...
2026-06-08 15:40:51,992 - INFO - ⌛ Aguardando janela de seleção...
2026-06-08 15:41:02,365 - INFO - ⌛ Aguardando janela de seleção...
2026-06-08 15:41:12,727 - INFO - ⌛ Aguardando janela de seleção...
2026-06-08 15:41:23,131 - INFO - ⌛ Aguardando janela de seleção...
2026-06-08 15:41:33,505 - INFO - ⌛ Aguardando janela de seleção...
2026-06-08 15:41:43,914 - INFO - ⌛ Aguardando janela de seleção...
2026-06-08 15:41:54,317 - INFO - ⌛ Aguardando janela de seleção...
2026-06-08 15:42:04,708 - INFO - ⌛ Aguardando janela de seleção...
2026-06-08 15:42:15,100 - INFO - ⌛ Aguardando janela de seleção...
2026-06-08 15:42:25,521 - INFO - ⌛ Aguardando janela de seleção...
2026-06-08 15:42:35,910 - INFO - ⌛ Aguardando janela de seleção...
2026-06-08 15:42:46,301 - INFO - ⌛ Aguardando janela de seleção...
2026-06-08 15:42:56,706 - INFO - ⌛ Aguardando janela de seleção...
2026-06-08 15:43:07,111 - INFO - ⌛ Aguardando janela de seleção...
2026-06-08 15:43:17,553 - INFO - ⌛ Aguardando janela de seleção...
2026-06-08 15:43:27,974 - INFO - ⌛ Aguardando janela de seleção...
2026-06-08 15:43:38,385 - INFO - ⌛ Aguardando janela de seleção...
2026-06-08 15:43:48,792 - INFO - ⌛ Aguardando janela de seleção...
2026-06-08 15:43:59,214 - INFO - ⌛ Aguardando janela de seleção...
2026-06-08 15:44:09,648 - INFO - ⌛ Aguardando janela de seleção...
2026-06-08 15:44:20,071 - INFO - ⌛ Aguardando janela de seleção...
2026-06-08 15:44:30,434 - INFO - ⌛ Aguardando janela de seleção...
2026-06-08 15:44:40,836 - INFO - ⌛ Aguardando janela de seleção...
2026-06-08 15:44:51,330 - INFO - ⌛ Aguardando janela de seleção...
2026-06-08 15:45:01,720 - INFO - ⌛ Aguardando janela de seleção...
2026-06-08 15:45:12,135 - INFO - ⌛ Aguardando janela de seleção...
2026-06-08 15:45:22,533 - INFO - ⌛ Aguardando janela de seleção...
2026-06-08 15:45:32,922 - INFO - ⌛ Aguardando janela de seleção...
2026-06-08 15:45:43,329 - INFO - ⌛ Aguardando janela de seleção...
2026-06-08 15:45:53,735 - INFO - ⌛ Aguardando janela de seleção...
2026-06-08 15:46:04,133 - INFO - ⌛ Aguardando janela de seleção...
2026-06-08 15:46:14,563 - INFO - ⌛ Aguardando janela de seleção...
2026-06-08 15:46:24,944 - INFO - ⌛ Aguardando janela de seleção...
2026-06-08 15:46:35,337 - INFO - ⌛ Aguardando janela de seleção...
2026-06-08 15:46:45,734 - INFO - ⌛ Aguardando janela de seleção...
2026-06-08 15:46:56,124 - INFO - ⌛ Aguardando janela de seleção...
2026-06-08 15:47:06,527 - INFO - ⌛ Aguardando janela de seleção...
2026-06-08 15:47:16,916 - INFO - ⌛ Aguardando janela de seleção...
2026-06-08 15:47:27,308 - INFO - ⌛ Aguardando janela de seleção...
2026-06-08 15:47:37,683 - INFO - ⌛ Aguardando janela de seleção...
2026-06-08 15:47:48,094 - INFO - ⌛ Aguardando janela de seleção...
2026-06-08 15:47:58,509 - INFO - ⌛ Aguardando janela de seleção...
2026-06-08 15:48:08,899 - INFO - ⌛ Aguardando janela de seleção...
2026-06-08 15:48:19,306 - INFO - ⌛ Aguardando janela de seleção...
2026-06-08 15:48:29,718 - INFO - ⌛ Aguardando janela de seleção...
2026-06-08 15:48:40,118 - INFO - ⌛ Aguardando janela de seleção...
2026-06-08 15:48:50,575 - INFO - ⌛ Aguardando janela de seleção...
2026-06-08 15:49:00,964 - INFO - ⌛ Aguardando janela de seleção...
2026-06-08 15:49:11,371 - INFO - ⌛ Aguardando janela de seleção...
2026-06-08 15:49:21,793 - INFO - ⌛ Aguardando janela de seleção...
2026-06-08 15:49:32,206 - INFO - ⌛ Aguardando janela de seleção...
2026-06-08 15:49:42,625 - INFO - ⌛ Aguardando janela de seleção...
2026-06-08 15:49:53,033 - INFO - verificando janela oculta
2026-06-08 15:50:13,509 - INFO - ⏱️ Tempo limite atingido. Abortando seleção
2026-06-08 15:50:13,509 - INFO - Capturando print...
2026-06-08 16:42:39,242 - INFO - Data hoje: 08/06/2026
2026-06-08 16:42:39,242 - INFO - Data de referência: 30/06/2026
2026-06-08 16:44:11,958 - INFO - Qtde OS de LINHA VIVA: 1566
2026-06-08 16:44:11,958 - INFO - Qtde OS poda de LINHA MORTA: 950
2026-06-08 16:44:11,958 - INFO - Qtde OS estrutural de LINHA MORTA : 14199
2026-06-08 16:44:11,960 - INFO - Qtde OS poda de LINHA MORTA fora carteira: 671
2026-06-08 16:44:11,960 - INFO - Qtde OS para desprogramar: 1992
2026-06-08 16:44:11,960 - INFO - 
 Qtd de lotes de LM: 38
2026-06-08 16:44:11,960 - INFO - 
 Qtd de lotes de LV: 63
2026-06-08 16:44:11,960 - INFO - 
 Qtd de lotes de ESTRUTURAL LM: 568
2026-06-08 16:44:11,960 - INFO - 
 Qtd de lotes de LEVE: 27
2026-06-08 16:44:11,960 - INFO - 
 Qtd de lotes para desprogramar: 80
2026-06-08 16:44:11,960 - INFO - 
=== Iniciando lote 5/63 [LV] ===
2026-06-08 16:44:11,960 - INFO - 
=== abrir_janela_selecao ===
2026-06-08 16:44:18,284 - INFO - 
=== rotina abrir_selecao_colar_os ===
2026-06-08 16:44:18,368 - INFO - ⌛ Aguardando janela de seleção...
2026-06-08 16:44:28,829 - INFO - Janela de seleção aberta
2026-06-08 16:44:33,052 - INFO - DEBUG: idx=4, inicio=100, fim=125
2026-06-08 16:44:33,052 - INFO - ✅ 25 OS copiadas para a área de transferência.
2026-06-08 16:44:33,052 - INFO - 📋 Lote 5 copiado.
2026-06-08 16:44:41,373 - INFO - ⌛ Esperando mudança visual...
2026-06-08 16:44:42,387 - INFO - ⌛ Esperando mudança visual...
2026-06-08 16:44:43,404 - INFO - ✅ Tela carregada!
2026-06-08 16:44:47,405 - INFO - 
=== rotina desbloquear_os ===
2026-06-08 16:45:13,892 - INFO - ⌛ Aguardando janela de confirmação de desbloqueio...
2026-06-08 16:45:29,316 - INFO - 🟨 Registros desbloqueados com sucesso
2026-06-08 16:45:33,419 - INFO - 
=== rotina editar_os ===
2026-06-08 16:45:42,859 - INFO - ⌛ Aguardando janela de edição de OS...
2026-06-08 16:45:58,327 - INFO - 🟨 OS programadas detectadas
2026-06-08 16:46:01,432 - INFO - ⌛ Aguardando janela de edição de OS...
2026-06-08 16:46:16,909 - INFO - 🟨 Janela de edição de OS detectada
2026-06-08 16:46:38,267 - INFO - 🟨 Janela de edição de habilidade da turma detectada
2026-06-08 16:47:56,575 - INFO - ⌛ Aguardando detecção do campo de caracteristica 'EQUIPE PRÓPRIA OU EPS' ...
2026-06-08 16:48:15,941 - INFO - 🟨 campo de caracteristica 'EQUIPE PRÓPRIA OU EPS detectado
2026-06-08 16:48:37,760 - INFO - ⌛ Aguardando confirmação 4 - editar OS...
2026-06-08 16:48:53,298 - INFO - ⌛ Aguardando confirmação 4 - editar OS...
2026-06-08 16:48:53,461 - INFO - 🟨 Identificado travamento no EQM, reiniciando contador de espera
2026-06-08 16:49:08,894 - INFO - ⌛ Aguardando confirmação 4 - editar OS...
2026-06-08 16:49:24,445 - INFO - 🟨 Janela de confirmação 4 de edição de OS detectada
2026-06-08 16:49:28,555 - INFO - 
=== rotina programar_os ===
2026-06-08 16:49:55,077 - INFO - ⌛ Aguardando janela de confirmação de programação de OS...
2026-06-08 16:50:20,515 - INFO - 🟨 Janela de confirmação de programação de OS detectada
2026-06-08 16:50:33,765 - INFO - 🟨 Janela de aviso de edição de OS programadas detectada
2026-06-08 16:50:40,970 - INFO - ⌛ aguardando janela de programação de lote de OS...
2026-06-08 16:51:06,472 - INFO - 🟨 Janela de aviso de substituição de lote de OS detectada
2026-06-08 16:51:26,587 - INFO - ⌛ aguardando janela de programação de lote de OS...
2026-06-08 16:51:52,101 - INFO - 🟨 Janela de aviso de substituição de lote de OS detectada
2026-06-08 16:52:12,205 - INFO - ⌛ aguardando janela de programação de lote de OS...
2026-06-08 16:52:37,717 - INFO - 🟨 Janela de programação de lote de OS detectada
2026-06-08 16:53:27,242 - INFO - 🟨 Janela de confirmação de programação de lote de OS detectada
2026-06-08 16:53:31,475 - INFO - ⌛ aguardando confirmação final de programação do lote
2026-06-08 16:53:56,923 - INFO - ⌛ aguardando confirmação final de programação do lote
2026-06-08 16:54:22,404 - INFO - 🟨 programação do lote 5 efetuado com sucesso
2026-06-08 16:54:32,509 - INFO - 
=== Iniciando lote 6/63 [LV] ===
2026-06-08 16:54:32,509 - INFO - 
=== abrir_janela_selecao ===
2026-06-08 16:54:38,817 - INFO - 
=== rotina abrir_selecao_colar_os ===
2026-06-08 16:54:38,865 - INFO - Janela de seleção aberta
2026-06-08 16:54:43,101 - INFO - DEBUG: idx=5, inicio=125, fim=150
2026-06-08 16:54:43,101 - INFO - ✅ 25 OS copiadas para a área de transferência.
2026-06-08 16:54:43,101 - INFO - 📋 Lote 6 copiado.
2026-06-08 16:54:51,418 - INFO - ⌛ Esperando mudança visual...
2026-06-08 16:54:52,436 - INFO - ⌛ Esperando mudança visual...
2026-06-08 16:54:53,451 - INFO - ⌛ Esperando mudança visual...
2026-06-08 16:54:54,465 - INFO - ⌛ Esperando mudança visual...
2026-06-08 16:54:55,481 - INFO - ⌛ Esperando mudança visual...
2026-06-08 16:54:56,498 - INFO - ⌛ Esperando mudança visual...
2026-06-08 16:54:57,514 - INFO - ⌛ Esperando mudança visual...
2026-06-08 16:54:58,527 - INFO - ⌛ Esperando mudança visual...
2026-06-08 16:54:59,546 - INFO - ⌛ Esperando mudança visual...
2026-06-08 16:55:00,560 - INFO - ⌛ Esperando mudança visual...
2026-06-08 16:55:01,575 - INFO - ⌛ Esperando mudança visual...
2026-06-08 16:55:02,592 - INFO - ⌛ Esperando mudança visual...
2026-06-08 16:55:03,608 - INFO - ⌛ Esperando mudança visual...
2026-06-08 16:55:04,622 - INFO - ⌛ Esperando mudança visual...
2026-06-08 16:55:05,639 - INFO - ⌛ Esperando mudança visual...
2026-06-08 16:55:06,654 - INFO - ⌛ Esperando mudança visual...
2026-06-08 16:55:07,669 - INFO - ⌛ Esperando mudança visual...
2026-06-08 16:55:08,686 - INFO - ⌛ Esperando mudança visual...
2026-06-08 16:55:09,703 - INFO - ⌛ Esperando mudança visual...
2026-06-08 16:55:10,716 - INFO - ⌛ Esperando mudança visual...
2026-06-08 16:55:11,734 - INFO - ⌛ Esperando mudança visual...
2026-06-08 16:55:12,748 - INFO - ⌛ Esperando mudança visual...
2026-06-08 16:55:13,765 - INFO - ⌛ Esperando mudança visual...
2026-06-08 16:55:14,779 - INFO - ✅ Tela carregada!
2026-06-08 16:55:18,784 - INFO - 
=== rotina desbloquear_os ===
2026-06-08 16:55:45,283 - INFO - ⌛ Aguardando janela de confirmação de desbloqueio...
2026-06-08 16:56:00,703 - INFO - ⌛ Aguardando janela de confirmação de desbloqueio...
2026-06-08 16:56:16,143 - INFO - 🟨 Registros desbloqueados com sucesso
2026-06-08 16:56:20,253 - INFO - 
=== rotina editar_os ===
2026-06-08 16:56:29,668 - INFO - ⌛ Aguardando janela de edição de OS...
2026-06-08 16:56:45,102 - INFO - 🟨 OS programadas detectadas
2026-06-08 16:56:48,206 - INFO - ⌛ Aguardando janela de edição de OS...
2026-06-08 16:57:03,648 - INFO - 🟨 Janela de edição de OS detectada
2026-06-08 16:57:25,011 - INFO - 🟨 Janela de edição de habilidade da turma detectada
2026-06-08 16:58:43,300 - INFO - ⌛ Aguardando detecção do campo de caracteristica 'EQUIPE PRÓPRIA OU EPS' ...
2026-06-08 16:59:02,665 - INFO - 🟨 campo de caracteristica 'EQUIPE PRÓPRIA OU EPS detectado
2026-06-08 16:59:24,443 - INFO - ⌛ Aguardando confirmação 4 - editar OS...
2026-06-08 16:59:39,873 - INFO - ⌛ Aguardando confirmação 4 - editar OS...
2026-06-08 16:59:39,991 - INFO - 🟨 Identificado travamento no EQM, reiniciando contador de espera
2026-06-08 16:59:55,325 - INFO - ⌛ Aguardando confirmação 4 - editar OS...
2026-06-08 17:00:10,846 - INFO - ⌛ Aguardando confirmação 4 - editar OS...
2026-06-08 17:00:26,327 - INFO - 🟨 Janela de confirmação 4 de edição de OS detectada
2026-06-08 17:00:30,441 - INFO - 
=== rotina programar_os ===
2026-06-08 17:00:56,960 - INFO - ⌛ Aguardando janela de confirmação de programação de OS...
2026-06-08 17:01:22,443 - INFO - 🟨 Janela de confirmação de programação de OS detectada
2026-06-08 17:01:35,718 - INFO - 🟨 Janela de aviso de edição de OS programadas detectada
2026-06-08 17:01:42,937 - INFO - ⌛ aguardando janela de programação de lote de OS...
2026-06-08 17:02:08,472 - INFO - 🟨 Janela de aviso de substituição de lote de OS detectada
2026-06-08 17:02:28,603 - INFO - ⌛ aguardando janela de programação de lote de OS...
2026-06-08 17:02:54,127 - INFO - 🟨 Janela de programação de lote de OS detectada
2026-06-08 17:03:43,695 - INFO - 🟨 Janela de confirmação de programação de lote de OS detectada
2026-06-08 17:03:47,926 - INFO - ⌛ aguardando confirmação final de programação do lote
2026-06-08 17:04:13,416 - INFO - ⌛ aguardando confirmação final de programação do lote
2026-06-08 17:04:39,335 - INFO - 🟨 programação do lote 6 efetuado com sucesso
2026-06-08 17:04:49,441 - INFO - 
=== Iniciando lote 7/63 [LV] ===
2026-06-08 17:04:49,442 - INFO - 
=== abrir_janela_selecao ===
2026-06-08 17:04:55,768 - INFO - 
=== rotina abrir_selecao_colar_os ===
2026-06-08 17:04:55,808 - INFO - Janela de seleção aberta
2026-06-08 17:05:00,046 - INFO - DEBUG: idx=6, inicio=150, fim=175
2026-06-08 17:05:00,046 - INFO - ✅ 25 OS copiadas para a área de transferência.
2026-06-08 17:05:00,046 - INFO - 📋 Lote 7 copiado.
2026-06-08 17:05:08,363 - INFO - ⌛ Esperando mudança visual...
2026-06-08 17:05:09,377 - INFO - ⌛ Esperando mudança visual...
2026-06-08 17:05:10,394 - INFO - ⌛ Esperando mudança visual...
2026-06-08 17:05:11,410 - INFO - ⌛ Esperando mudança visual...
2026-06-08 17:05:12,424 - INFO - ⌛ Esperando mudança visual...
2026-06-08 17:05:13,443 - INFO - ⌛ Esperando mudança visual...
2026-06-08 17:05:14,460 - INFO - ⌛ Esperando mudança visual...
2026-06-08 17:05:15,471 - INFO - ⌛ Esperando mudança visual...
2026-06-08 17:05:16,489 - INFO - ⌛ Esperando mudança visual...
2026-06-08 17:05:17,507 - INFO - ⌛ Esperando mudança visual...
2026-06-08 17:05:18,519 - INFO - ⌛ Esperando mudança visual...
2026-06-08 17:05:19,538 - INFO - ⌛ Esperando mudança visual...
2026-06-08 17:05:20,551 - INFO - ⌛ Esperando mudança visual...
2026-06-08 17:05:21,566 - INFO - ⌛ Esperando mudança visual...
2026-06-08 17:05:22,584 - INFO - ⌛ Esperando mudança visual...
2026-06-08 17:05:23,600 - INFO - ⌛ Esperando mudança visual...
2026-06-08 17:05:24,612 - INFO - ⌛ Esperando mudança visual...
2026-06-08 17:05:25,628 - INFO - ⌛ Esperando mudança visual...
2026-06-08 17:05:26,646 - INFO - ⌛ Esperando mudança visual...
2026-06-08 17:05:27,662 - INFO - ⌛ Esperando mudança visual...
2026-06-08 17:05:28,680 - INFO - ✅ Tela carregada!
2026-06-08 17:05:32,681 - INFO - 
=== rotina desbloquear_os ===
2026-06-08 17:05:59,165 - INFO - ⌛ Aguardando janela de confirmação de desbloqueio...
2026-06-08 17:06:14,563 - INFO - ⌛ Aguardando janela de confirmação de desbloqueio...
2026-06-08 17:06:29,946 - INFO - 🟨 Registros desbloqueados com sucesso
2026-06-08 17:06:34,049 - INFO - 
=== rotina editar_os ===
2026-06-08 17:06:43,468 - INFO - ⌛ Aguardando janela de edição de OS...
2026-06-08 17:06:58,917 - INFO - 🟨 OS programadas detectadas
2026-06-08 17:07:02,021 - INFO - ⌛ Aguardando janela de edição de OS...
2026-06-08 17:07:17,465 - INFO - 🟨 Janela de edição de OS detectada
2026-06-08 17:07:38,814 - INFO - 🟨 Janela de edição de habilidade da turma detectada
2026-06-08 17:08:57,113 - INFO - ⌛ Aguardando detecção do campo de caracteristica 'EQUIPE PRÓPRIA OU EPS' ...
2026-06-08 17:09:16,477 - INFO - 🟨 campo de caracteristica 'EQUIPE PRÓPRIA OU EPS detectado
2026-06-08 17:09:38,257 - INFO - ⌛ Aguardando confirmação 4 - editar OS...
2026-06-08 17:09:53,692 - INFO - ⌛ Aguardando confirmação 4 - editar OS...
2026-06-08 17:09:53,804 - INFO - 🟨 Identificado travamento no EQM, reiniciando contador de espera
2026-06-08 17:10:09,147 - INFO - ⌛ Aguardando confirmação 4 - editar OS...
2026-06-08 17:10:24,590 - INFO - 🟨 Janela de confirmação 4 de edição de OS detectada
2026-06-08 17:10:28,700 - INFO - 
=== rotina programar_os ===
2026-06-08 17:10:55,216 - INFO - ⌛ Aguardando janela de confirmação de programação de OS...
2026-06-08 17:11:20,657 - INFO - 🟨 Janela de confirmação de programação de OS detectada
2026-06-08 17:11:33,952 - INFO - 🟨 Janela de aviso de edição de OS programadas detectada
2026-06-08 17:11:41,165 - INFO - ⌛ aguardando janela de programação de lote de OS...
2026-06-08 17:12:06,737 - INFO - 🟨 Janela de aviso de substituição de lote de OS detectada
2026-06-08 17:12:26,841 - INFO - ⌛ aguardando janela de programação de lote de OS...
2026-06-08 17:12:52,409 - INFO - 🟨 Janela de programação de lote de OS detectada
2026-06-08 17:13:41,947 - INFO - 🟨 Janela de confirmação de programação de lote de OS detectada
2026-06-08 17:13:46,170 - INFO - ⌛ aguardando confirmação final de programação do lote
2026-06-08 17:14:11,689 - INFO - 🟨 programação do lote 7 efetuado com sucesso
2026-06-08 17:14:21,793 - INFO - 
=== Iniciando lote 8/63 [LV] ===
2026-06-08 17:14:21,793 - INFO - 
=== abrir_janela_selecao ===
2026-06-08 17:14:28,099 - INFO - 
=== rotina abrir_selecao_colar_os ===
2026-06-08 17:14:28,163 - INFO - Janela de seleção aberta
2026-06-08 17:14:32,390 - INFO - DEBUG: idx=7, inicio=175, fim=200
2026-06-08 17:14:32,390 - INFO - ✅ 25 OS copiadas para a área de transferência.
2026-06-08 17:14:32,390 - INFO - 📋 Lote 8 copiado.
2026-06-08 17:14:40,716 - INFO - ⌛ Esperando mudança visual...
2026-06-08 17:14:41,733 - INFO - ⌛ Esperando mudança visual...
2026-06-08 17:14:42,749 - INFO - ⌛ Esperando mudança visual...
2026-06-08 17:14:43,764 - INFO - ⌛ Esperando mudança visual...
2026-06-08 17:14:44,781 - INFO - ⌛ Esperando mudança visual...
2026-06-08 17:14:45,797 - INFO - ⌛ Esperando mudança visual...
2026-06-08 17:14:46,813 - INFO - ⌛ Esperando mudança visual...
2026-06-08 17:14:47,826 - INFO - ⌛ Esperando mudança visual...
2026-06-08 17:14:48,844 - INFO - ⌛ Esperando mudança visual...
2026-06-08 17:14:49,860 - INFO - ⌛ Esperando mudança visual...
2026-06-08 17:14:50,872 - INFO - ⌛ Esperando mudança visual...
2026-06-08 17:14:51,891 - INFO - ⌛ Esperando mudança visual...
2026-06-08 17:14:52,905 - INFO - ⌛ Esperando mudança visual...
2026-06-08 17:14:53,919 - INFO - ⌛ Esperando mudança visual...
2026-06-08 17:14:54,938 - INFO - ⌛ Esperando mudança visual...
2026-06-08 17:14:55,953 - INFO - ⌛ Esperando mudança visual...
2026-06-08 17:14:56,970 - INFO - ⌛ Esperando mudança visual...
2026-06-08 17:14:57,985 - INFO - ⌛ Esperando mudança visual...
2026-06-08 17:14:59,002 - INFO - ⌛ Esperando mudança visual...
2026-06-08 17:15:00,018 - INFO - ⌛ Esperando mudança visual...
2026-06-08 17:15:01,033 - INFO - ⌛ Esperando mudança visual...
2026-06-08 17:15:02,050 - INFO - ⌛ Esperando mudança visual...
2026-06-08 17:15:03,061 - INFO - ✅ Tela carregada!
2026-06-08 17:15:07,067 - INFO - 
=== rotina desbloquear_os ===
2026-06-08 17:15:33,544 - INFO - ⌛ Aguardando janela de confirmação de desbloqueio...
2026-06-08 17:15:48,991 - INFO - ⌛ Aguardando janela de confirmação de desbloqueio...
2026-06-08 17:16:04,416 - INFO - 🟨 Registros desbloqueados com sucesso
2026-06-08 17:16:08,519 - INFO - 
=== rotina editar_os ===
2026-06-08 17:16:17,960 - INFO - ⌛ Aguardando janela de edição de OS...
2026-06-08 17:16:33,467 - INFO - 🟨 OS programadas detectadas
2026-06-08 17:16:36,571 - INFO - ⌛ Aguardando janela de edição de OS...
2026-06-08 17:16:52,198 - INFO - 🟨 Janela de edição de OS detectada
2026-06-08 17:17:13,566 - INFO - 🟨 Janela de edição de habilidade da turma detectada
2026-06-08 17:18:31,890 - INFO - ⌛ Aguardando detecção do campo de caracteristica 'EQUIPE PRÓPRIA OU EPS' ...
2026-06-08 17:18:51,258 - INFO - 🟨 campo de caracteristica 'EQUIPE PRÓPRIA OU EPS detectado
2026-06-08 17:19:13,066 - INFO - ⌛ Aguardando confirmação 4 - editar OS...
2026-06-08 17:19:28,567 - INFO - ⌛ Aguardando confirmação 4 - editar OS...
2026-06-08 17:19:28,711 - INFO - 🟨 Identificado travamento no EQM, reiniciando contador de espera
2026-06-08 17:19:44,069 - INFO - ⌛ Aguardando confirmação 4 - editar OS...
2026-06-08 17:19:44,214 - INFO - 🟨 Identificado travamento no EQM, reiniciando contador de espera
2026-06-08 17:19:59,570 - INFO - ⌛ Aguardando confirmação 4 - editar OS...
2026-06-08 17:20:15,113 - INFO - ⌛ Aguardando confirmação 4 - editar OS...
2026-06-08 17:20:30,627 - INFO - 🟨 Janela de confirmação 4 de edição de OS detectada
2026-06-08 17:20:34,733 - INFO - 
=== rotina programar_os ===
2026-06-08 17:21:01,260 - INFO - ⌛ Aguardando janela de confirmação de programação de OS...
2026-06-08 17:21:26,756 - INFO - 🟨 Janela de confirmação de programação de OS detectada
2026-06-08 17:21:40,056 - INFO - 🟨 Janela de aviso de edição de OS programadas detectada
2026-06-08 17:21:47,271 - INFO - ⌛ aguardando janela de programação de lote de OS...
2026-06-08 17:22:12,823 - INFO - 🟨 Janela de aviso de substituição de lote de OS detectada
2026-06-08 17:22:32,938 - INFO - ⌛ aguardando janela de programação de lote de OS...
2026-06-08 17:22:58,495 - INFO - 🟨 Janela de programação de lote de OS detectada
2026-06-08 17:23:48,085 - INFO - 🟨 Janela de confirmação de programação de lote de OS detectada
2026-06-08 17:23:52,313 - INFO - ⌛ aguardando confirmação final de programação do lote
2026-06-08 17:24:17,887 - INFO - 🟨 programação do lote 8 efetuado com sucesso
2026-06-08 17:24:27,990 - INFO - 
=== Iniciando lote 9/63 [LV] ===
2026-06-08 17:24:27,991 - INFO - 
=== abrir_janela_selecao ===
2026-06-08 17:24:34,297 - INFO - 
=== rotina abrir_selecao_colar_os ===
2026-06-08 17:24:34,356 - INFO - Janela de seleção aberta
2026-06-08 17:24:38,573 - INFO - DEBUG: idx=8, inicio=200, fim=225
2026-06-08 17:24:38,573 - INFO - ✅ 25 OS copiadas para a área de transferência.
2026-06-08 17:24:38,573 - INFO - 📋 Lote 9 copiado.
2026-06-08 17:24:46,909 - INFO - ⌛ Esperando mudança visual...
2026-06-08 17:24:47,921 - INFO - ⌛ Esperando mudança visual...
2026-06-08 17:24:48,939 - INFO - ⌛ Esperando mudança visual...
2026-06-08 17:24:49,952 - INFO - ⌛ Esperando mudança visual...
2026-06-08 17:24:50,969 - INFO - ⌛ Esperando mudança visual...
2026-06-08 17:24:51,986 - INFO - ⌛ Esperando mudança visual...
2026-06-08 17:24:53,001 - INFO - ⌛ Esperando mudança visual...
2026-06-08 17:24:54,017 - INFO - ⌛ Esperando mudança visual...
2026-06-08 17:24:55,032 - INFO - ⌛ Esperando mudança visual...
2026-06-08 17:24:56,048 - INFO - ⌛ Esperando mudança visual...
2026-06-08 17:24:57,062 - INFO - ⌛ Esperando mudança visual...
2026-06-08 17:24:58,080 - INFO - ⌛ Esperando mudança visual...
2026-06-08 17:24:59,095 - INFO - ⌛ Esperando mudança visual...
2026-06-08 17:25:00,111 - INFO - ⌛ Esperando mudança visual...
2026-06-08 17:25:01,125 - INFO - ⌛ Esperando mudança visual...
2026-06-08 17:25:02,145 - INFO - ⌛ Esperando mudança visual...
2026-06-08 17:25:03,159 - INFO - ⌛ Esperando mudança visual...
2026-06-08 17:25:04,175 - INFO - ⌛ Esperando mudança visual...
2026-06-08 17:25:05,189 - INFO - ⌛ Esperando mudança visual...
2026-06-08 17:25:06,205 - INFO - ✅ Tela carregada!
2026-06-08 17:25:10,206 - INFO - 
=== rotina desbloquear_os ===
2026-06-08 17:25:36,673 - INFO - ⌛ Aguardando janela de confirmação de desbloqueio...
2026-06-08 17:25:52,138 - INFO - 🟨 Registros desbloqueados com sucesso
2026-06-08 17:25:56,242 - INFO - 
=== rotina editar_os ===
2026-06-08 17:26:05,655 - INFO - ⌛ Aguardando janela de edição de OS...
2026-06-08 17:26:21,091 - INFO - 🟨 OS programadas detectadas
2026-06-08 17:26:24,194 - INFO - ⌛ Aguardando janela de edição de OS...
2026-06-08 17:26:39,683 - INFO - 🟨 Janela de edição de OS detectada
2026-06-08 17:27:01,070 - INFO - 🟨 Janela de edição de habilidade da turma detectada
2026-06-08 17:28:19,399 - INFO - ⌛ Aguardando detecção do campo de caracteristica 'EQUIPE PRÓPRIA OU EPS' ...
2026-06-08 17:28:38,770 - INFO - 🟨 campo de caracteristica 'EQUIPE PRÓPRIA OU EPS detectado
2026-06-08 17:29:00,572 - INFO - ⌛ Aguardando confirmação 4 - editar OS...
2026-06-08 17:29:16,056 - INFO - ⌛ Aguardando confirmação 4 - editar OS...
2026-06-08 17:29:31,525 - INFO - ⌛ Aguardando confirmação 4 - editar OS...
2026-06-08 17:29:47,038 - INFO - 🟨 Janela de confirmação 4 de edição de OS detectada
2026-06-08 17:29:51,141 - INFO - 
=== rotina programar_os ===
2026-06-08 17:30:17,681 - INFO - ⌛ Aguardando janela de confirmação de programação de OS...
2026-06-08 17:30:43,158 - INFO - 🟨 Janela de confirmação de programação de OS detectada
2026-06-08 17:30:56,443 - INFO - 🟨 Janela de aviso de edição de OS programadas detectada
2026-06-08 17:31:03,647 - INFO - ⌛ aguardando janela de programação de lote de OS...
2026-06-08 17:31:29,196 - INFO - 🟨 Janela de aviso de substituição de lote de OS detectada
2026-06-08 17:31:49,299 - INFO - ⌛ aguardando janela de programação de lote de OS...
2026-06-08 17:32:14,862 - INFO - 🟨 Janela de programação de lote de OS detectada
2026-06-08 17:33:04,414 - INFO - 🟨 Janela de confirmação de programação de lote de OS detectada
2026-06-08 17:33:08,642 - INFO - ⌛ aguardando confirmação final de programação do lote
2026-06-08 17:33:34,137 - INFO - ⌛ aguardando confirmação final de programação do lote
2026-06-08 17:33:59,642 - INFO - 🟨 programação do lote 9 efetuado com sucesso
2026-06-08 17:34:09,758 - INFO - 
=== Iniciando lote 10/63 [LV] ===
2026-06-08 17:34:09,759 - INFO - 
=== abrir_janela_selecao ===
2026-06-08 17:34:16,071 - INFO - 
=== rotina abrir_selecao_colar_os ===
2026-06-08 17:34:16,110 - INFO - Janela de seleção aberta
2026-06-08 17:34:20,337 - INFO - DEBUG: idx=9, inicio=225, fim=250
2026-06-08 17:34:20,337 - INFO - ✅ 25 OS copiadas para a área de transferência.
2026-06-08 17:34:20,337 - INFO - 📋 Lote 10 copiado.
2026-06-08 17:34:28,662 - INFO - ⌛ Esperando mudança visual...
2026-06-08 17:34:29,682 - INFO - ⌛ Esperando mudança visual...
2026-06-08 17:34:30,697 - INFO - ⌛ Esperando mudança visual...
2026-06-08 17:34:31,709 - INFO - ⌛ Esperando mudança visual...
2026-06-08 17:34:32,728 - INFO - ⌛ Esperando mudança visual...
2026-06-08 17:34:33,745 - INFO - ⌛ Esperando mudança visual...
2026-06-08 17:34:34,756 - INFO - ⌛ Esperando mudança visual...
2026-06-08 17:34:35,776 - INFO - ⌛ Esperando mudança visual...
2026-06-08 17:34:36,789 - INFO - ⌛ Esperando mudança visual...
2026-06-08 17:34:37,803 - INFO - ⌛ Esperando mudança visual...
2026-06-08 17:34:38,819 - INFO - ⌛ Esperando mudança visual...
2026-06-08 17:34:39,838 - INFO - ⌛ Esperando mudança visual...
2026-06-08 17:34:40,851 - INFO - ⌛ Esperando mudança visual...
2026-06-08 17:34:41,867 - INFO - ⌛ Esperando mudança visual...
2026-06-08 17:34:42,882 - INFO - ⌛ Esperando mudança visual...
2026-06-08 17:34:43,900 - INFO - ⌛ Esperando mudança visual...
2026-06-08 17:34:44,915 - INFO - ⌛ Esperando mudança visual...
2026-06-08 17:34:45,931 - INFO - ⌛ Esperando mudança visual...
2026-06-08 17:34:46,947 - INFO - ✅ Tela carregada!
2026-06-08 17:34:50,949 - INFO - 
=== rotina desbloquear_os ===
2026-06-08 17:35:17,411 - INFO - ⌛ Aguardando janela de confirmação de desbloqueio...
2026-06-08 17:35:32,835 - INFO - 🟨 Registros desbloqueados com sucesso
2026-06-08 17:35:36,937 - INFO - 
=== rotina editar_os ===
2026-06-08 17:35:46,350 - INFO - ⌛ Aguardando janela de edição de OS...
2026-06-08 17:36:01,794 - INFO - 🟨 OS programadas detectadas
2026-06-08 17:36:04,896 - INFO - ⌛ Aguardando janela de edição de OS...
2026-06-08 17:36:20,376 - INFO - 🟨 Janela de edição de OS detectada
2026-06-08 17:36:41,739 - INFO - 🟨 Janela de edição de habilidade da turma detectada
2026-06-08 17:38:00,067 - INFO - ⌛ Aguardando detecção do campo de caracteristica 'EQUIPE PRÓPRIA OU EPS' ...
2026-06-08 17:38:19,433 - INFO - 🟨 campo de caracteristica 'EQUIPE PRÓPRIA OU EPS detectado
2026-06-08 17:38:41,226 - INFO - ⌛ Aguardando confirmação 4 - editar OS...
2026-06-08 17:38:56,730 - INFO - ⌛ Aguardando confirmação 4 - editar OS...
2026-06-08 17:38:56,860 - INFO - 🟨 Identificado travamento no EQM, reiniciando contador de espera
2026-06-08 17:39:12,235 - INFO - ⌛ Aguardando confirmação 4 - editar OS...
2026-06-08 17:39:27,729 - INFO - 🟨 Janela de confirmação 4 de edição de OS detectada
2026-06-08 17:39:31,832 - INFO - 
=== rotina programar_os ===
2026-06-08 17:39:58,368 - INFO - ⌛ Aguardando janela de confirmação de programação de OS...
2026-06-08 17:40:23,858 - INFO - 🟨 Janela de confirmação de programação de OS detectada
2026-06-08 17:40:37,142 - INFO - 🟨 Janela de aviso de edição de OS programadas detectada
2026-06-08 17:40:44,347 - INFO - ⌛ aguardando janela de programação de lote de OS...
2026-06-08 17:41:09,894 - INFO - 🟨 Janela de aviso de substituição de lote de OS detectada
2026-06-08 17:41:30,003 - INFO - ⌛ aguardando janela de programação de lote de OS...
2026-06-08 17:41:55,568 - INFO - 🟨 Janela de programação de lote de OS detectada
2026-06-08 17:42:45,122 - INFO - 🟨 Janela de confirmação de programação de lote de OS detectada
2026-06-08 17:42:49,347 - INFO - ⌛ aguardando confirmação final de programação do lote
2026-06-08 17:43:14,871 - INFO - 🟨 programação do lote 10 efetuado com sucesso
2026-06-08 17:43:24,975 - INFO - 
=== Iniciando lote 11/63 [LV] ===
2026-06-08 17:43:24,976 - INFO - 
=== abrir_janela_selecao ===
2026-06-08 17:43:31,285 - INFO - 
=== rotina abrir_selecao_colar_os ===
2026-06-08 17:43:31,324 - INFO - Janela de seleção aberta
2026-06-08 17:43:35,551 - INFO - DEBUG: idx=10, inicio=250, fim=275
2026-06-08 17:43:35,551 - INFO - ✅ 25 OS copiadas para a área de transferência.
2026-06-08 17:43:35,551 - INFO - 📋 Lote 11 copiado.
2026-06-08 17:43:43,880 - INFO - ⌛ Esperando mudança visual...
2026-06-08 17:43:44,893 - INFO - ⌛ Esperando mudança visual...
2026-06-08 17:43:45,908 - INFO - ⌛ Esperando mudança visual...
2026-06-08 17:43:46,928 - INFO - ⌛ Esperando mudança visual...
2026-06-08 17:43:47,939 - INFO - ⌛ Esperando mudança visual...
2026-06-08 17:43:48,955 - INFO - ⌛ Esperando mudança visual...
2026-06-08 17:43:49,973 - INFO - ⌛ Esperando mudança visual...
2026-06-08 17:43:50,990 - INFO - ⌛ Esperando mudança visual...
2026-06-08 17:43:52,001 - INFO - ⌛ Esperando mudança visual...
2026-06-08 17:43:53,021 - INFO - ⌛ Esperando mudança visual...
2026-06-08 17:43:54,037 - INFO - ✅ Tela carregada!
2026-06-08 17:43:58,038 - INFO - 
=== rotina desbloquear_os ===
2026-06-08 17:44:24,503 - INFO - ⌛ Aguardando janela de confirmação de desbloqueio...
2026-06-08 17:44:39,927 - INFO - 🟨 Registros desbloqueados com sucesso
2026-06-08 17:44:44,030 - INFO - 
=== rotina editar_os ===
2026-06-08 17:44:53,442 - INFO - ⌛ Aguardando janela de edição de OS...
2026-06-08 17:45:08,927 - INFO - 🟨 OS programadas detectadas
2026-06-08 17:45:12,030 - INFO - ⌛ Aguardando janela de edição de OS...
2026-06-08 17:45:27,555 - INFO - 🟨 Janela de edição de OS detectada
2026-06-08 17:45:48,902 - INFO - 🟨 Janela de edição de habilidade da turma detectada
2026-06-08 17:47:07,222 - INFO - ⌛ Aguardando detecção do campo de caracteristica 'EQUIPE PRÓPRIA OU EPS' ...
2026-06-08 17:47:26,586 - INFO - 🟨 campo de caracteristica 'EQUIPE PRÓPRIA OU EPS detectado
2026-06-08 17:47:48,391 - INFO - ⌛ Aguardando confirmação 4 - editar OS...
2026-06-08 17:48:03,888 - INFO - ⌛ Aguardando confirmação 4 - editar OS...
2026-06-08 17:48:04,027 - INFO - 🟨 Identificado travamento no EQM, reiniciando contador de espera
2026-06-08 17:48:19,398 - INFO - ⌛ Aguardando confirmação 4 - editar OS...
2026-06-08 17:48:34,932 - INFO - ⌛ Aguardando confirmação 4 - editar OS...
2026-06-08 17:48:50,424 - INFO - 🟨 Janela de confirmação 4 de edição de OS detectada
2026-06-08 17:48:54,526 - INFO - 
=== rotina programar_os ===
2026-06-08 17:49:21,075 - INFO - ⌛ Aguardando janela de confirmação de programação de OS...
2026-06-08 17:49:46,569 - INFO - 🟨 Janela de confirmação de programação de OS detectada
2026-06-08 17:49:59,854 - INFO - 🟨 Janela de aviso de edição de OS programadas detectada
2026-06-08 17:50:07,062 - INFO - ⌛ aguardando janela de programação de lote de OS...
2026-06-08 17:50:32,578 - INFO - 🟨 Janela de aviso de substituição de lote de OS detectada
2026-06-08 17:50:52,681 - INFO - ⌛ aguardando janela de programação de lote de OS...
2026-06-08 17:51:18,172 - INFO - 🟨 Janela de programação de lote de OS detectada
2026-06-08 17:52:07,730 - INFO - 🟨 Janela de confirmação de programação de lote de OS detectada
2026-06-08 17:52:11,934 - INFO - ⌛ aguardando confirmação final de programação do lote
2026-06-08 17:52:37,394 - INFO - 🟨 programação do lote 11 efetuado com sucesso
2026-06-08 17:52:47,497 - INFO - 
=== Iniciando lote 12/63 [LV] ===
2026-06-08 17:52:47,497 - INFO - 
=== abrir_janela_selecao ===
2026-06-08 17:52:53,806 - INFO - 
=== rotina abrir_selecao_colar_os ===
2026-06-08 17:52:53,850 - INFO - Janela de seleção aberta
2026-06-08 17:52:58,087 - INFO - DEBUG: idx=11, inicio=275, fim=300
2026-06-08 17:52:58,087 - INFO - ✅ 25 OS copiadas para a área de transferência.
2026-06-08 17:52:58,087 - INFO - 📋 Lote 12 copiado.
2026-06-08 17:53:06,404 - INFO - ⌛ Esperando mudança visual...
2026-06-08 17:53:07,423 - INFO - ⌛ Esperando mudança visual...
2026-06-08 17:53:08,438 - INFO - ⌛ Esperando mudança visual...
2026-06-08 17:53:09,450 - INFO - ⌛ Esperando mudança visual...
2026-06-08 17:53:10,469 - INFO - ⌛ Esperando mudança visual...
2026-06-08 17:53:11,484 - INFO - ⌛ Esperando mudança visual...
2026-06-08 17:53:12,498 - INFO - ⌛ Esperando mudança visual...
2026-06-08 17:53:13,515 - INFO - ⌛ Esperando mudança visual...
2026-06-08 17:53:14,532 - INFO - ⌛ Esperando mudança visual...
2026-06-08 17:53:15,545 - INFO - ⌛ Esperando mudança visual...
2026-06-08 17:53:16,563 - INFO - ✅ Tela carregada!
2026-06-08 17:53:20,564 - INFO - 
=== rotina desbloquear_os ===
2026-06-08 17:53:47,034 - INFO - ⌛ Aguardando janela de confirmação de desbloqueio...
2026-06-08 17:54:02,436 - INFO - ⌛ Aguardando janela de confirmação de desbloqueio...
2026-06-08 17:54:17,831 - INFO - 🟨 Registros desbloqueados com sucesso
2026-06-08 17:54:21,934 - INFO - 
=== rotina editar_os ===
2026-06-08 17:54:31,359 - INFO - ⌛ Aguardando janela de edição de OS...
2026-06-08 17:54:46,781 - INFO - 🟨 OS programadas detectadas
2026-06-08 17:54:49,885 - INFO - ⌛ Aguardando janela de edição de OS...
2026-06-08 17:55:05,347 - INFO - 🟨 Janela de edição de OS detectada
2026-06-08 17:55:26,698 - INFO - 🟨 Janela de edição de habilidade da turma detectada
2026-06-08 17:56:45,014 - INFO - ⌛ Aguardando detecção do campo de caracteristica 'EQUIPE PRÓPRIA OU EPS' ...
2026-06-08 17:57:04,369 - INFO - 🟨 campo de caracteristica 'EQUIPE PRÓPRIA OU EPS detectado
2026-06-08 17:57:26,147 - INFO - ⌛ Aguardando confirmação 4 - editar OS...
2026-06-08 17:57:41,570 - INFO - ⌛ Aguardando confirmação 4 - editar OS...
2026-06-08 17:57:41,685 - INFO - 🟨 Identificado travamento no EQM, reiniciando contador de espera
2026-06-08 17:57:57,000 - INFO - ⌛ Aguardando confirmação 4 - editar OS...
2026-06-08 17:58:12,495 - INFO - 🟨 Janela de confirmação 4 de edição de OS detectada
2026-06-08 17:58:16,598 - INFO - 
=== rotina programar_os ===
2026-06-08 17:58:43,116 - INFO - ⌛ Aguardando janela de confirmação de programação de OS...
2026-06-08 17:59:08,539 - INFO - 🟨 Janela de confirmação de programação de OS detectada
2026-06-08 17:59:21,791 - INFO - 🟨 Janela de aviso de edição de OS programadas detectada
2026-06-08 17:59:28,999 - INFO - ⌛ aguardando janela de programação de lote de OS...
2026-06-08 17:59:54,499 - INFO - 🟨 Janela de aviso de substituição de lote de OS detectada
2026-06-08 18:00:14,603 - INFO - ⌛ aguardando janela de programação de lote de OS...
2026-06-08 18:00:40,089 - INFO - 🟨 Janela de programação de lote de OS detectada
2026-06-08 18:01:29,618 - INFO - 🟨 Janela de confirmação de programação de lote de OS detectada
2026-06-08 18:01:33,830 - INFO - ⌛ aguardando confirmação final de programação do lote
2026-06-08 18:01:59,303 - INFO - 🟨 programação do lote 12 efetuado com sucesso
2026-06-08 18:02:09,412 - INFO - 
=== Iniciando lote 13/63 [LV] ===
2026-06-08 18:02:09,412 - INFO - 
=== abrir_janela_selecao ===
2026-06-08 18:02:15,737 - INFO - 
=== rotina abrir_selecao_colar_os ===
2026-06-08 18:02:15,788 - INFO - Janela de seleção aberta
2026-06-08 18:02:20,013 - INFO - DEBUG: idx=12, inicio=300, fim=325
2026-06-08 18:02:20,013 - INFO - ✅ 25 OS copiadas para a área de transferência.
2026-06-08 18:02:20,013 - INFO - 📋 Lote 13 copiado.
2026-06-08 18:02:28,337 - INFO - ⌛ Esperando mudança visual...
2026-06-08 18:02:29,348 - INFO - ⌛ Esperando mudança visual...
2026-06-08 18:02:30,368 - INFO - ⌛ Esperando mudança visual...
2026-06-08 18:02:31,383 - INFO - ⌛ Esperando mudança visual...
2026-06-08 18:02:32,395 - INFO - ⌛ Esperando mudança visual...
2026-06-08 18:02:33,415 - INFO - ⌛ Esperando mudança visual...
2026-06-08 18:02:34,431 - INFO - ⌛ Esperando mudança visual...
2026-06-08 18:02:35,442 - INFO - ⌛ Esperando mudança visual...
2026-06-08 18:02:36,462 - INFO - ⌛ Esperando mudança visual...
2026-06-08 18:02:37,477 - INFO - ⌛ Esperando mudança visual...
2026-06-08 18:02:38,490 - INFO - ✅ Tela carregada!
2026-06-08 18:02:42,497 - INFO - 
=== rotina desbloquear_os ===
2026-06-08 18:03:08,980 - INFO - ⌛ Aguardando janela de confirmação de desbloqueio...
2026-06-08 18:03:24,500 - INFO - ⌛ Aguardando janela de confirmação de desbloqueio...
2026-06-08 18:03:39,980 - INFO - ⌛ Aguardando janela de confirmação de desbloqueio...
2026-06-08 18:03:55,397 - INFO - ⌛ Aguardando janela de confirmação de desbloqueio...
2026-06-08 18:04:10,821 - INFO - ⌛ Aguardando janela de confirmação de desbloqueio...
2026-06-08 18:04:26,271 - INFO - 🟨 Registros desbloqueados com sucesso
2026-06-08 18:04:30,384 - INFO - 
=== rotina editar_os ===
2026-06-08 18:04:40,170 - INFO - ⌛ Aguardando janela de edição de OS...
2026-06-08 18:04:55,965 - INFO - 🟨 OS programadas detectadas
2026-06-08 18:04:59,068 - INFO - ⌛ Aguardando janela de edição de OS...
2026-06-08 18:05:14,528 - INFO - 🟨 Janela de edição de OS detectada
2026-06-08 18:05:35,893 - INFO - 🟨 Janela de edição de habilidade da turma detectada
2026-06-08 18:06:54,196 - INFO - ⌛ Aguardando detecção do campo de caracteristica 'EQUIPE PRÓPRIA OU EPS' ...
2026-06-08 18:07:13,563 - INFO - 🟨 campo de caracteristica 'EQUIPE PRÓPRIA OU EPS detectado
2026-06-08 18:07:35,324 - INFO - ⌛ Aguardando confirmação 4 - editar OS...
2026-06-08 18:07:50,775 - INFO - ⌛ Aguardando confirmação 4 - editar OS...
2026-06-08 18:07:50,888 - INFO - 🟨 Identificado travamento no EQM, reiniciando contador de espera
2026-06-08 18:08:06,221 - INFO - ⌛ Aguardando confirmação 4 - editar OS...
2026-06-08 18:08:21,668 - INFO - ⌛ Aguardando confirmação 4 - editar OS...
2026-06-08 18:08:37,136 - INFO - ⌛ Aguardando confirmação 4 - editar OS...
2026-06-08 18:08:52,683 - INFO - ⌛ Aguardando confirmação 4 - editar OS...
2026-06-08 18:09:08,229 - INFO - ⌛ Aguardando confirmação 4 - editar OS...
2026-06-08 18:09:23,745 - INFO - 🟨 Janela de confirmação 4 de edição de OS detectada
2026-06-08 18:09:27,855 - INFO - 
=== rotina programar_os ===
2026-06-08 18:09:54,390 - INFO - ⌛ Aguardando janela de confirmação de programação de OS...
2026-06-08 18:10:19,811 - INFO - 🟨 Janela de confirmação de programação de OS detectada
2026-06-08 18:10:33,064 - INFO - 🟨 Janela de aviso de edição de OS programadas detectada
2026-06-08 18:10:40,268 - INFO - ⌛ aguardando janela de programação de lote de OS...
2026-06-08 18:11:05,771 - INFO - 🟨 Janela de aviso de substituição de lote de OS detectada
2026-06-08 18:11:25,874 - INFO - ⌛ aguardando janela de programação de lote de OS...
2026-06-08 18:11:51,391 - INFO - 🟨 Janela de programação de lote de OS detectada
2026-06-08 18:12:40,891 - INFO - 🟨 Janela de confirmação de programação de lote de OS detectada
2026-06-08 18:12:45,092 - INFO - ⌛ aguardando confirmação final de programação do lote
2026-06-08 18:13:10,556 - INFO - ⌛ aguardando confirmação final de programação do lote
2026-06-08 18:13:36,003 - INFO - 🟨 programação do lote 13 efetuado com sucesso
2026-06-08 18:13:46,107 - INFO - 
=== Iniciando lote 14/63 [LV] ===
2026-06-08 18:13:46,108 - INFO - 
=== abrir_janela_selecao ===
2026-06-08 18:13:52,415 - INFO - 
=== rotina abrir_selecao_colar_os ===
2026-06-08 18:13:52,460 - INFO - Janela de seleção aberta
2026-06-08 18:13:56,688 - INFO - DEBUG: idx=13, inicio=325, fim=350
2026-06-08 18:13:56,688 - INFO - ✅ 25 OS copiadas para a área de transferência.
2026-06-08 18:13:56,688 - INFO - 📋 Lote 14 copiado.
2026-06-08 18:14:05,016 - INFO - ⌛ Esperando mudança visual...
2026-06-08 18:14:06,034 - INFO - ⌛ Esperando mudança visual...
2026-06-08 18:14:07,044 - INFO - ⌛ Esperando mudança visual...
2026-06-08 18:14:08,064 - INFO - ⌛ Esperando mudança visual...
2026-06-08 18:14:09,081 - INFO - ⌛ Esperando mudança visual...
2026-06-08 18:14:10,092 - INFO - ⌛ Esperando mudança visual...
2026-06-08 18:14:11,111 - INFO - ⌛ Esperando mudança visual...
2026-06-08 18:14:12,126 - INFO - ⌛ Esperando mudança visual...
2026-06-08 18:14:13,139 - INFO - ⌛ Esperando mudança visual...
2026-06-08 18:14:14,159 - INFO - ⌛ Esperando mudança visual...
2026-06-08 18:14:15,175 - INFO - ⌛ Esperando mudança visual...
2026-06-08 18:14:16,186 - INFO - ⌛ Esperando mudança visual...
2026-06-08 18:14:17,203 - INFO - ✅ Tela carregada!
2026-06-08 18:14:21,204 - INFO - 
=== rotina desbloquear_os ===
2026-06-08 18:14:47,673 - INFO - ⌛ Aguardando janela de confirmação de desbloqueio...
2026-06-08 18:15:03,059 - INFO - ⌛ Aguardando janela de confirmação de desbloqueio...
2026-06-08 18:15:18,439 - INFO - 🟨 Registros desbloqueados com sucesso
2026-06-08 18:15:22,544 - INFO - 
=== rotina editar_os ===
2026-06-08 18:15:31,945 - INFO - ⌛ Aguardando janela de edição de OS...
2026-06-08 18:15:47,389 - INFO - 🟨 OS programadas detectadas
2026-06-08 18:15:50,493 - INFO - ⌛ Aguardando janela de edição de OS...
2026-06-08 18:16:05,938 - INFO - 🟨 Janela de edição de OS detectada
2026-06-08 18:16:27,290 - INFO - 🟨 Janela de edição de habilidade da turma detectada
2026-06-08 18:17:45,604 - INFO - ⌛ Aguardando detecção do campo de caracteristica 'EQUIPE PRÓPRIA OU EPS' ...
2026-06-08 18:18:04,944 - INFO - 🟨 campo de caracteristica 'EQUIPE PRÓPRIA OU EPS detectado
2026-06-08 18:18:26,716 - INFO - ⌛ Aguardando confirmação 4 - editar OS...
2026-06-08 18:18:42,239 - INFO - ⌛ Aguardando confirmação 4 - editar OS...
2026-06-08 18:18:57,689 - INFO - ⌛ Aguardando confirmação 4 - editar OS...
2026-06-08 18:19:13,178 - INFO - ⌛ Aguardando confirmação 4 - editar OS...
2026-06-08 18:19:28,622 - INFO - 🟨 Janela de confirmação 4 de edição de OS detectada
2026-06-08 18:19:32,724 - INFO - 
=== rotina programar_os ===
2026-06-08 18:19:59,237 - INFO - ⌛ Aguardando janela de confirmação de programação de OS...
2026-06-08 18:20:24,667 - INFO - 🟨 Janela de confirmação de programação de OS detectada
2026-06-08 18:20:37,919 - INFO - 🟨 Janela de aviso de edição de OS programadas detectada
2026-06-08 18:20:45,124 - INFO - ⌛ aguardando janela de programação de lote de OS...
2026-06-08 18:21:10,741 - INFO - 🟨 Janela de aviso de substituição de lote de OS detectada
2026-06-08 18:21:30,846 - INFO - ⌛ aguardando janela de programação de lote de OS...
2026-06-08 18:21:56,377 - INFO - 🟨 Janela de programação de lote de OS detectada
2026-06-08 18:22:45,879 - INFO - 🟨 Janela de confirmação de programação de lote de OS detectada
2026-06-08 18:22:50,086 - INFO - ⌛ aguardando confirmação final de programação do lote
2026-06-08 18:23:15,531 - INFO - 🟨 programação do lote 14 efetuado com sucesso
2026-06-08 18:23:25,637 - INFO - 
=== Iniciando lote 15/63 [LV] ===
2026-06-08 18:23:25,637 - INFO - 
=== abrir_janela_selecao ===
2026-06-08 18:23:31,953 - INFO - 
=== rotina abrir_selecao_colar_os ===
2026-06-08 18:23:31,992 - INFO - Janela de seleção aberta
2026-06-08 18:23:36,220 - INFO - DEBUG: idx=14, inicio=350, fim=375
2026-06-08 18:23:36,220 - INFO - ✅ 25 OS copiadas para a área de transferência.
2026-06-08 18:23:36,220 - INFO - 📋 Lote 15 copiado.
2026-06-08 18:23:44,544 - INFO - ⌛ Esperando mudança visual...
2026-06-08 18:23:45,563 - INFO - ⌛ Esperando mudança visual...
2026-06-08 18:23:46,577 - INFO - ⌛ Esperando mudança visual...
2026-06-08 18:23:47,591 - INFO - ⌛ Esperando mudança visual...
2026-06-08 18:23:48,609 - INFO - ⌛ Esperando mudança visual...
2026-06-08 18:23:49,625 - INFO - ⌛ Esperando mudança visual...
2026-06-08 18:23:50,642 - INFO - ⌛ Esperando mudança visual...
2026-06-08 18:23:51,655 - INFO - ⌛ Esperando mudança visual...
2026-06-08 18:23:52,670 - INFO - ⌛ Esperando mudança visual...
2026-06-08 18:23:53,684 - INFO - ⌛ Esperando mudança visual...
2026-06-08 18:23:54,704 - INFO - ✅ Tela carregada!
2026-06-08 18:23:58,706 - INFO - 
=== rotina desbloquear_os ===
2026-06-08 18:24:25,170 - INFO - ⌛ Aguardando janela de confirmação de desbloqueio...
2026-06-08 18:24:40,579 - INFO - ⌛ Aguardando janela de confirmação de desbloqueio...
2026-06-08 18:24:55,987 - INFO - ⌛ Aguardando janela de confirmação de desbloqueio...
2026-06-08 18:24:56,090 - INFO - 🟨 Identificado travamento no EQM, reiniciando contador de espera
2026-06-08 18:25:11,372 - INFO - ⌛ Aguardando janela de confirmação de desbloqueio...
2026-06-08 18:25:11,491 - INFO - 🟨 Identificado travamento no EQM, reiniciando contador de espera
2026-06-08 18:25:26,775 - INFO - ⌛ Aguardando janela de confirmação de desbloqueio...
2026-06-08 18:25:26,883 - INFO - 🟨 Identificado travamento no EQM, reiniciando contador de espera
2026-06-08 18:25:42,155 - INFO - ⌛ Aguardando janela de confirmação de desbloqueio...
2026-06-08 18:25:42,299 - INFO - 🟨 Identificado travamento no EQM, reiniciando contador de espera
2026-06-08 18:25:57,609 - INFO - ⌛ Aguardando janela de confirmação de desbloqueio...
2026-06-08 18:25:57,729 - INFO - 🟨 Identificado travamento no EQM, reiniciando contador de espera
2026-06-08 18:26:13,013 - INFO - ⌛ Aguardando janela de confirmação de desbloqueio...
2026-06-08 18:26:13,153 - INFO - 🟨 Identificado travamento no EQM, reiniciando contador de espera
2026-06-08 18:26:28,405 - INFO - ⌛ Aguardando janela de confirmação de desbloqueio...
2026-06-08 18:26:28,520 - INFO - 🟨 Identificado travamento no EQM, reiniciando contador de espera
2026-06-08 18:26:43,784 - INFO - ⌛ Aguardando janela de confirmação de desbloqueio...
2026-06-08 18:26:43,923 - INFO - 🟨 Identificado travamento no EQM, reiniciando contador de espera
2026-06-08 18:26:59,185 - INFO - ⌛ Aguardando janela de confirmação de desbloqueio...
2026-06-08 18:26:59,325 - INFO - 🟨 Identificado travamento no EQM, reiniciando contador de espera
2026-06-08 18:27:14,604 - INFO - ⌛ Aguardando janela de confirmação de desbloqueio...
2026-06-08 18:27:14,737 - INFO - 🟨 Identificado travamento no EQM, reiniciando contador de espera
2026-06-08 18:27:30,019 - INFO - ⌛ Aguardando janela de confirmação de desbloqueio...
2026-06-08 18:27:30,145 - INFO - 🟨 Identificado travamento no EQM, reiniciando contador de espera
2026-06-08 18:27:45,423 - INFO - ⌛ Aguardando janela de confirmação de desbloqueio...
2026-06-08 18:27:45,564 - INFO - 🟨 Identificado travamento no EQM, reiniciando contador de espera
2026-06-08 18:28:00,842 - INFO - ⌛ Aguardando janela de confirmação de desbloqueio...
2026-06-08 18:28:00,968 - INFO - 🟨 Identificado travamento no EQM, reiniciando contador de espera
2026-06-08 18:28:16,222 - INFO - ⌛ Aguardando janela de confirmação de desbloqueio...
2026-06-08 18:28:16,347 - INFO - 🟨 Identificado travamento no EQM, reiniciando contador de espera
2026-06-08 18:28:31,628 - INFO - ⌛ Aguardando janela de confirmação de desbloqueio...
2026-06-08 18:28:31,768 - INFO - 🟨 Identificado travamento no EQM, reiniciando contador de espera
2026-06-08 18:28:47,044 - INFO - ⌛ Aguardando janela de confirmação de desbloqueio...
2026-06-08 18:28:47,168 - INFO - 🟨 Identificado travamento no EQM, reiniciando contador de espera
2026-06-08 18:29:02,414 - INFO - ⌛ Aguardando janela de confirmação de desbloqueio...
2026-06-08 18:29:02,531 - INFO - 🟨 Identificado travamento no EQM, reiniciando contador de espera
2026-06-08 18:29:17,797 - INFO - ⌛ Aguardando janela de confirmação de desbloqueio...
2026-06-08 18:29:17,933 - INFO - 🟨 Identificado travamento no EQM, reiniciando contador de espera
2026-06-08 18:29:33,217 - INFO - ⌛ Aguardando janela de confirmação de desbloqueio...
2026-06-08 18:29:33,334 - INFO - 🟨 Identificado travamento no EQM, reiniciando contador de espera
2026-06-08 18:29:48,616 - INFO - ⌛ Aguardando janela de confirmação de desbloqueio...
2026-06-08 18:29:48,727 - INFO - 🟨 Identificado travamento no EQM, reiniciando contador de espera
2026-06-08 18:30:03,994 - INFO - ⌛ Aguardando janela de confirmação de desbloqueio...
2026-06-08 18:30:04,113 - INFO - 🟨 Identificado travamento no EQM, reiniciando contador de espera
2026-06-08 18:30:19,391 - INFO - ⌛ Aguardando janela de confirmação de desbloqueio...
2026-06-08 18:30:19,511 - INFO - 🟨 Identificado travamento no EQM, reiniciando contador de espera
2026-06-08 18:30:34,770 - INFO - ⌛ Aguardando janela de confirmação de desbloqueio...
2026-06-08 18:30:34,883 - INFO - 🟨 Identificado travamento no EQM, reiniciando contador de espera
2026-06-08 18:30:50,144 - INFO - ⌛ Aguardando janela de confirmação de desbloqueio...
2026-06-08 18:30:50,279 - INFO - 🟨 Identificado travamento no EQM, reiniciando contador de espera
2026-06-08 18:31:05,529 - INFO - ⌛ Aguardando janela de confirmação de desbloqueio...
2026-06-08 18:31:05,651 - INFO - 🟨 Identificado travamento no EQM, reiniciando contador de espera
2026-06-08 18:31:20,908 - INFO - ⌛ Aguardando janela de confirmação de desbloqueio...
2026-06-08 18:31:21,028 - INFO - 🟨 Identificado travamento no EQM, reiniciando contador de espera
2026-06-08 18:31:36,339 - INFO - ⌛ Aguardando janela de confirmação de desbloqueio...
2026-06-08 18:31:36,513 - INFO - 🟨 Identificado travamento no EQM, reiniciando contador de espera
2026-06-08 18:31:51,797 - INFO - ⌛ Aguardando janela de confirmação de desbloqueio...
2026-06-08 18:31:51,903 - INFO - 🟨 Identificado travamento no EQM, reiniciando contador de espera
2026-06-08 18:32:07,181 - INFO - ⌛ Aguardando janela de confirmação de desbloqueio...
2026-06-08 18:32:07,322 - INFO - 🟨 Identificado travamento no EQM, reiniciando contador de espera
2026-06-08 18:32:22,648 - INFO - ⌛ Aguardando janela de confirmação de desbloqueio...
2026-06-08 18:32:22,757 - INFO - 🟨 Identificado travamento no EQM, reiniciando contador de espera
2026-06-08 18:32:38,009 - INFO - ⌛ Aguardando janela de confirmação de desbloqueio...
2026-06-08 18:32:38,127 - INFO - 🟨 Identificado travamento no EQM, reiniciando contador de espera
2026-06-08 18:32:53,385 - INFO - ⌛ Aguardando janela de confirmação de desbloqueio...
2026-06-08 18:32:53,508 - INFO - 🟨 Identificado travamento no EQM, reiniciando contador de espera
2026-06-08 18:33:08,773 - INFO - ⌛ Aguardando janela de confirmação de desbloqueio...
2026-06-08 18:33:08,911 - INFO - 🟨 Identificado travamento no EQM, reiniciando contador de espera
2026-06-08 18:33:24,189 - INFO - ⌛ Aguardando janela de confirmação de desbloqueio...
2026-06-08 18:33:24,313 - INFO - 🟨 Identificado travamento no EQM, reiniciando contador de espera
2026-06-08 18:33:39,599 - INFO - ⌛ Aguardando janela de confirmação de desbloqueio...
2026-06-08 18:33:39,725 - INFO - 🟨 Identificado travamento no EQM, reiniciando contador de espera
2026-06-08 18:33:54,982 - INFO - ⌛ Aguardando janela de confirmação de desbloqueio...
2026-06-08 18:33:55,116 - INFO - 🟨 Identificado travamento no EQM, reiniciando contador de espera
2026-06-08 18:34:10,378 - INFO - ⌛ Aguardando janela de confirmação de desbloqueio...
2026-06-08 18:34:10,520 - INFO - 🟨 Identificado travamento no EQM, reiniciando contador de espera
2026-06-08 18:34:25,778 - INFO - ⌛ Aguardando janela de confirmação de desbloqueio...
2026-06-08 18:34:25,903 - INFO - 🟨 Identificado travamento no EQM, reiniciando contador de espera
2026-06-08 18:34:41,165 - INFO - ⌛ Aguardando janela de confirmação de desbloqueio...
2026-06-08 18:34:41,305 - INFO - 🟨 Identificado travamento no EQM, reiniciando contador de espera
2026-06-08 18:34:56,563 - INFO - ⌛ Aguardando janela de confirmação de desbloqueio...
2026-06-08 18:34:56,683 - INFO - 🟨 Identificado travamento no EQM, reiniciando contador de espera
2026-06-08 18:35:11,955 - INFO - ⌛ Aguardando janela de confirmação de desbloqueio...
2026-06-08 18:35:12,103 - INFO - 🟨 Identificado travamento no EQM, reiniciando contador de espera
2026-06-08 18:35:27,401 - INFO - ⌛ Aguardando janela de confirmação de desbloqueio...
2026-06-08 18:35:27,536 - INFO - 🟨 Identificado travamento no EQM, reiniciando contador de espera
2026-06-08 18:35:42,822 - INFO - ⌛ Aguardando janela de confirmação de desbloqueio...
2026-06-08 18:35:42,962 - INFO - 🟨 Identificado travamento no EQM, reiniciando contador de espera
2026-06-08 18:35:58,238 - INFO - ⌛ Aguardando janela de confirmação de desbloqueio...
2026-06-08 18:35:58,377 - INFO - 🟨 Identificado travamento no EQM, reiniciando contador de espera
2026-06-08 18:36:13,677 - INFO - ⌛ Aguardando janela de confirmação de desbloqueio...
2026-06-08 18:36:13,816 - INFO - 🟨 Identificado travamento no EQM, reiniciando contador de espera
2026-06-08 18:36:29,095 - INFO - ⌛ Aguardando janela de confirmação de desbloqueio...
2026-06-08 18:36:29,242 - INFO - 🟨 Identificado travamento no EQM, reiniciando contador de espera
2026-06-08 18:36:44,549 - INFO - ⌛ Aguardando janela de confirmação de desbloqueio...
2026-06-08 18:36:44,703 - INFO - 🟨 Identificado travamento no EQM, reiniciando contador de espera
2026-06-08 18:37:00,001 - INFO - ⌛ Aguardando janela de confirmação de desbloqueio...
2026-06-08 18:37:00,156 - INFO - 🟨 Identificado travamento no EQM, reiniciando contador de espera
2026-06-08 18:37:15,452 - INFO - ⌛ Aguardando janela de confirmação de desbloqueio...
2026-06-08 18:37:15,594 - INFO - 🟨 Identificado travamento no EQM, reiniciando contador de espera
2026-06-08 18:37:30,886 - INFO - ⌛ Aguardando janela de confirmação de desbloqueio...
2026-06-08 18:37:31,027 - INFO - 🟨 Identificado travamento no EQM, reiniciando contador de espera
2026-06-08 18:37:46,353 - INFO - ⌛ Aguardando janela de confirmação de desbloqueio...
2026-06-08 18:37:46,493 - INFO - 🟨 Identificado travamento no EQM, reiniciando contador de espera
2026-06-08 18:38:01,777 - INFO - ⌛ Aguardando janela de confirmação de desbloqueio...
2026-06-08 18:38:01,916 - INFO - 🟨 Identificado travamento no EQM, reiniciando contador de espera
2026-06-08 18:38:17,209 - INFO - ⌛ Aguardando janela de confirmação de desbloqueio...
2026-06-08 18:38:17,352 - INFO - 🟨 Identificado travamento no EQM, reiniciando contador de espera
2026-06-08 18:38:32,657 - INFO - ⌛ Aguardando janela de confirmação de desbloqueio...
2026-06-08 18:38:32,788 - INFO - 🟨 Identificado travamento no EQM, reiniciando contador de espera
2026-06-08 18:38:48,089 - INFO - ⌛ Aguardando janela de confirmação de desbloqueio...
2026-06-08 18:38:48,232 - INFO - 🟨 Identificado travamento no EQM, reiniciando contador de espera
2026-06-08 18:39:03,512 - INFO - ⌛ Aguardando janela de confirmação de desbloqueio...
2026-06-08 18:39:03,641 - INFO - 🟨 Identificado travamento no EQM, reiniciando contador de espera
2026-06-08 18:39:18,946 - INFO - ⌛ Aguardando janela de confirmação de desbloqueio...
2026-06-08 18:39:19,076 - INFO - 🟨 Identificado travamento no EQM, reiniciando contador de espera
2026-06-08 18:39:34,377 - INFO - ⌛ Aguardando janela de confirmação de desbloqueio...
2026-06-08 18:39:34,559 - INFO - 🟨 Identificado travamento no EQM, reiniciando contador de espera
2026-06-08 18:39:49,878 - INFO - ⌛ Aguardando janela de confirmação de desbloqueio...
2026-06-08 18:39:50,011 - INFO - 🟨 Identificado travamento no EQM, reiniciando contador de espera
2026-06-08 18:40:05,319 - INFO - 🟨 Registros desbloqueados com sucesso
2026-06-08 18:40:09,422 - INFO - 
=== rotina editar_os ===
2026-06-08 18:40:18,833 - INFO - ⌛ Aguardando janela de edição de OS...
2026-06-08 18:40:34,284 - INFO - 🟨 OS programadas detectadas
2026-06-08 18:40:37,391 - INFO - ⌛ Aguardando janela de edição de OS...
2026-06-08 18:40:52,847 - INFO - 🟨 Janela de edição de OS detectada
2026-06-08 18:41:14,205 - INFO - 🟨 Janela de edição de habilidade da turma detectada
2026-06-08 18:42:32,513 - INFO - ⌛ Aguardando detecção do campo de caracteristica 'EQUIPE PRÓPRIA OU EPS' ...
2026-06-08 18:42:51,874 - INFO - 🟨 campo de caracteristica 'EQUIPE PRÓPRIA OU EPS detectado
2026-06-08 18:43:13,660 - INFO - ⌛ Aguardando confirmação 4 - editar OS...
2026-06-08 18:43:29,144 - INFO - ⌛ Aguardando confirmação 4 - editar OS...
2026-06-08 18:43:44,639 - INFO - ⌛ Aguardando confirmação 4 - editar OS...
2026-06-08 18:44:00,143 - INFO - 🟨 Janela de confirmação 4 de edição de OS detectada
2026-06-08 18:44:04,245 - INFO - 
=== rotina programar_os ===
2026-06-08 18:44:30,781 - INFO - ⌛ Aguardando janela de confirmação de programação de OS...
2026-06-08 18:44:56,305 - INFO - 🟨 Janela de confirmação de programação de OS detectada
2026-06-08 18:45:09,591 - INFO - 🟨 Janela de aviso de edição de OS programadas detectada
2026-06-08 18:45:16,795 - INFO - ⌛ aguardando janela de programação de lote de OS...
2026-06-08 18:45:42,313 - INFO - 🟨 Janela de aviso de substituição de lote de OS detectada
2026-06-08 18:46:02,416 - INFO - ⌛ aguardando janela de programação de lote de OS...
2026-06-08 18:46:27,952 - INFO - 🟨 Janela de programação de lote de OS detectada
2026-06-08 18:47:17,484 - INFO - 🟨 Janela de confirmação de programação de lote de OS detectada
2026-06-08 18:47:21,700 - INFO - ⌛ aguardando confirmação final de programação do lote
2026-06-08 18:47:47,183 - INFO - 🟨 programação do lote 15 efetuado com sucesso
2026-06-08 18:47:57,289 - INFO - 
=== Iniciando lote 16/63 [LV] ===
2026-06-08 18:47:57,289 - INFO - 
=== abrir_janela_selecao ===
2026-06-08 18:48:03,595 - INFO - 
=== rotina abrir_selecao_colar_os ===
2026-06-08 18:48:03,650 - INFO - Janela de seleção aberta
2026-06-08 18:48:07,865 - INFO - DEBUG: idx=15, inicio=375, fim=400
2026-06-08 18:48:07,865 - INFO - ✅ 25 OS copiadas para a área de transferência.
2026-06-08 18:48:07,865 - INFO - 📋 Lote 16 copiado.
2026-06-08 18:48:16,195 - INFO - ⌛ Esperando mudança visual...
2026-06-08 18:48:17,208 - INFO - ⌛ Esperando mudança visual...
2026-06-08 18:48:18,221 - INFO - ⌛ Esperando mudança visual...
2026-06-08 18:48:19,241 - INFO - ⌛ Esperando mudança visual...
2026-06-08 18:48:20,257 - INFO - ⌛ Esperando mudança visual...
2026-06-08 18:48:21,269 - INFO - ⌛ Esperando mudança visual...
2026-06-08 18:48:22,288 - INFO - ⌛ Esperando mudança visual...
2026-06-08 18:48:23,303 - INFO - ⌛ Esperando mudança visual...
2026-06-08 18:48:24,315 - INFO - ⌛ Esperando mudança visual...
2026-06-08 18:48:25,331 - INFO - ⌛ Esperando mudança visual...
2026-06-08 18:48:26,351 - INFO - ✅ Tela carregada!
2026-06-08 18:48:30,352 - INFO - 
=== rotina desbloquear_os ===
2026-06-08 18:48:56,816 - INFO - ⌛ Aguardando janela de confirmação de desbloqueio...
2026-06-08 18:49:12,268 - INFO - ⌛ Aguardando janela de confirmação de desbloqueio...
2026-06-08 18:49:27,708 - INFO - 🟨 Registros desbloqueados com sucesso
2026-06-08 18:49:31,811 - INFO - 
=== rotina editar_os ===
2026-06-08 18:49:41,222 - INFO - ⌛ Aguardando janela de edição de OS...
2026-06-08 18:49:56,710 - INFO - 🟨 OS programadas detectadas
2026-06-08 18:49:59,813 - INFO - ⌛ Aguardando janela de edição de OS...
2026-06-08 18:50:15,308 - INFO - 🟨 Janela de edição de OS detectada
2026-06-08 18:50:36,662 - INFO - 🟨 Janela de edição de habilidade da turma detectada
2026-06-08 18:51:54,970 - INFO - ⌛ Aguardando detecção do campo de caracteristica 'EQUIPE PRÓPRIA OU EPS' ...
2026-06-08 18:52:14,335 - INFO - 🟨 campo de caracteristica 'EQUIPE PRÓPRIA OU EPS detectado
2026-06-08 18:52:36,114 - INFO - ⌛ Aguardando confirmação 4 - editar OS...
2026-06-08 18:52:51,567 - INFO - ⌛ Aguardando confirmação 4 - editar OS...
2026-06-08 18:52:51,708 - INFO - 🟨 Identificado travamento no EQM, reiniciando contador de espera
2026-06-08 18:53:07,090 - INFO - ⌛ Aguardando confirmação 4 - editar OS...
2026-06-08 18:53:22,611 - INFO - 🟨 Janela de confirmação 4 de edição de OS detectada
2026-06-08 18:53:26,713 - INFO - 
=== rotina programar_os ===
2026-06-08 18:53:53,272 - INFO - ⌛ Aguardando janela de confirmação de programação de OS...
2026-06-08 18:54:18,813 - INFO - 🟨 Janela de confirmação de programação de OS detectada
2026-06-08 18:54:32,115 - INFO - 🟨 Janela de aviso de edição de OS programadas detectada
2026-06-08 18:54:39,322 - INFO - ⌛ aguardando janela de programação de lote de OS...
2026-06-08 18:55:04,900 - INFO - 🟨 Janela de aviso de substituição de lote de OS detectada
2026-06-08 18:55:25,003 - INFO - ⌛ aguardando janela de programação de lote de OS...
2026-06-08 18:55:50,523 - INFO - 🟨 Janela de programação de lote de OS detectada
2026-06-08 18:56:40,090 - INFO - 🟨 Janela de confirmação de programação de lote de OS detectada
2026-06-08 18:56:44,336 - INFO - ⌛ aguardando confirmação final de programação do lote
2026-06-08 18:57:09,843 - INFO - 🟨 programação do lote 16 efetuado com sucesso
2026-06-08 18:57:19,946 - INFO - 
=== Iniciando lote 17/63 [LV] ===
2026-06-08 18:57:19,947 - INFO - 
=== abrir_janela_selecao ===
2026-06-08 18:57:26,255 - INFO - 
=== rotina abrir_selecao_colar_os ===
2026-06-08 18:57:26,295 - INFO - Janela de seleção aberta
2026-06-08 18:57:30,543 - INFO - DEBUG: idx=16, inicio=400, fim=425
2026-06-08 18:57:30,543 - INFO - ✅ 25 OS copiadas para a área de transferência.
2026-06-08 18:57:30,543 - INFO - 📋 Lote 17 copiado.
2026-06-08 18:57:38,865 - INFO - ⌛ Esperando mudança visual...
2026-06-08 18:57:39,883 - INFO - ⌛ Esperando mudança visual...
2026-06-08 18:57:40,899 - INFO - ⌛ Esperando mudança visual...
2026-06-08 18:57:41,915 - INFO - ⌛ Esperando mudança visual...
2026-06-08 18:57:42,930 - INFO - ⌛ Esperando mudança visual...
2026-06-08 18:57:43,946 - INFO - ⌛ Esperando mudança visual...
2026-06-08 18:57:44,959 - INFO - ⌛ Esperando mudança visual...
2026-06-08 18:57:45,979 - INFO - ⌛ Esperando mudança visual...
2026-06-08 18:57:46,995 - INFO - ⌛ Esperando mudança visual...
2026-06-08 18:57:48,010 - INFO - ✅ Tela carregada!
2026-06-08 18:57:52,011 - INFO - 
=== rotina desbloquear_os ===
2026-06-08 18:58:18,492 - INFO - ⌛ Aguardando janela de confirmação de desbloqueio...
2026-06-08 18:58:33,976 - INFO - 🟨 Registros desbloqueados com sucesso
2026-06-08 18:58:38,080 - INFO - 
=== rotina editar_os ===
2026-06-08 18:58:47,495 - INFO - ⌛ Aguardando janela de edição de OS...
2026-06-08 18:59:02,915 - INFO - 🟨 OS programadas detectadas
2026-06-08 18:59:06,029 - INFO - ⌛ Aguardando janela de edição de OS...
2026-06-08 18:59:21,457 - INFO - 🟨 Janela de edição de OS detectada
2026-06-08 18:59:42,814 - INFO - 🟨 Janela de edição de habilidade da turma detectada
2026-06-08 19:01:01,115 - INFO - ⌛ Aguardando detecção do campo de caracteristica 'EQUIPE PRÓPRIA OU EPS' ...
2026-06-08 19:01:20,490 - INFO - 🟨 campo de caracteristica 'EQUIPE PRÓPRIA OU EPS detectado
2026-06-08 19:01:42,253 - INFO - ⌛ Aguardando confirmação 4 - editar OS...
2026-06-08 19:01:57,709 - INFO - ⌛ Aguardando confirmação 4 - editar OS...
2026-06-08 19:02:13,231 - INFO - ⌛ Aguardando confirmação 4 - editar OS...
2026-06-08 19:02:28,732 - INFO - 🟨 Janela de confirmação 4 de edição de OS detectada
2026-06-08 19:02:32,835 - INFO - 
=== rotina programar_os ===
2026-06-08 19:02:59,364 - INFO - ⌛ Aguardando janela de confirmação de programação de OS...
2026-06-08 19:03:24,839 - INFO - 🟨 Janela de confirmação de programação de OS detectada
2026-06-08 19:03:38,145 - INFO - 🟨 Janela de aviso de edição de OS programadas detectada
2026-06-08 19:03:45,361 - INFO - ⌛ aguardando janela de programação de lote de OS...
2026-06-08 19:04:10,934 - INFO - 🟨 Janela de aviso de substituição de lote de OS detectada
2026-06-08 19:04:31,036 - INFO - ⌛ aguardando janela de programação de lote de OS...
2026-06-08 19:04:56,565 - INFO - 🟨 Janela de programação de lote de OS detectada
2026-06-08 19:05:46,124 - INFO - 🟨 Janela de confirmação de programação de lote de OS detectada
2026-06-08 19:05:50,338 - INFO - ⌛ aguardando confirmação final de programação do lote
2026-06-08 19:06:15,797 - INFO - 🟨 programação do lote 17 efetuado com sucesso
2026-06-08 19:06:25,902 - INFO - 
=== Iniciando lote 18/63 [LV] ===
2026-06-08 19:06:25,903 - INFO - 
=== abrir_janela_selecao ===
2026-06-08 19:06:32,211 - INFO - 
=== rotina abrir_selecao_colar_os ===
2026-06-08 19:06:32,255 - INFO - Janela de seleção aberta
2026-06-08 19:06:36,476 - INFO - DEBUG: idx=17, inicio=425, fim=450
2026-06-08 19:06:36,476 - INFO - ✅ 25 OS copiadas para a área de transferência.
2026-06-08 19:06:36,476 - INFO - 📋 Lote 18 copiado.
2026-06-08 19:06:44,812 - INFO - ⌛ Esperando mudança visual...
2026-06-08 19:06:45,826 - INFO - ⌛ Esperando mudança visual...
2026-06-08 19:06:46,841 - INFO - ⌛ Esperando mudança visual...
2026-06-08 19:06:47,860 - INFO - ⌛ Esperando mudança visual...
2026-06-08 19:06:48,875 - INFO - ⌛ Esperando mudança visual...
2026-06-08 19:06:49,888 - INFO - ⌛ Esperando mudança visual...
2026-06-08 19:06:50,905 - INFO - ⌛ Esperando mudança visual...
2026-06-08 19:06:51,921 - INFO - ⌛ Esperando mudança visual...
2026-06-08 19:06:52,938 - INFO - ⌛ Esperando mudança visual...
2026-06-08 19:06:53,953 - INFO - ✅ Tela carregada!
2026-06-08 19:06:57,955 - INFO - 
=== rotina desbloquear_os ===
2026-06-08 19:07:24,402 - INFO - ⌛ Aguardando janela de confirmação de desbloqueio...
2026-06-08 19:07:39,804 - INFO - 🟨 Registros desbloqueados com sucesso
2026-06-08 19:07:43,915 - INFO - 
=== rotina editar_os ===
2026-06-08 19:07:53,307 - INFO - 🟨 OS programadas detectadas
2026-06-08 19:07:56,421 - INFO - ⌛ Aguardando janela de edição de OS...
2026-06-08 19:08:11,881 - INFO - 🟨 Janela de edição de OS detectada
2026-06-08 19:08:33,244 - INFO - 🟨 Janela de edição de habilidade da turma detectada
2026-06-08 19:09:51,557 - INFO - ⌛ Aguardando detecção do campo de caracteristica 'EQUIPE PRÓPRIA OU EPS' ...
2026-06-08 19:10:10,910 - INFO - 🟨 campo de caracteristica 'EQUIPE PRÓPRIA OU EPS detectado
2026-06-08 19:10:32,693 - INFO - ⌛ Aguardando confirmação 4 - editar OS...
2026-06-08 19:10:48,101 - INFO - ⌛ Aguardando confirmação 4 - editar OS...
2026-06-08 19:11:03,579 - INFO - 🟨 Janela de confirmação 4 de edição de OS detectada
2026-06-08 19:11:07,682 - INFO - 
=== rotina programar_os ===
2026-06-08 19:11:34,211 - INFO - ⌛ Aguardando janela de confirmação de programação de OS...
2026-06-08 19:11:59,641 - INFO - 🟨 Janela de confirmação de programação de OS detectada
2026-06-08 19:12:12,893 - INFO - 🟨 Janela de aviso de edição de OS programadas detectada
2026-06-08 19:12:20,099 - INFO - ⌛ aguardando janela de programação de lote de OS...
2026-06-08 19:12:45,625 - INFO - 🟨 Janela de aviso de substituição de lote de OS detectada
2026-06-08 19:13:05,735 - INFO - ⌛ aguardando janela de programação de lote de OS...
2026-06-08 19:13:31,229 - INFO - 🟨 Janela de programação de lote de OS detectada
2026-06-08 19:14:20,736 - INFO - 🟨 Janela de confirmação de programação de lote de OS detectada
2026-06-08 19:14:24,948 - INFO - ⌛ aguardando confirmação final de programação do lote
2026-06-08 19:14:50,404 - INFO - 🟨 programação do lote 18 efetuado com sucesso
2026-06-08 19:15:00,508 - INFO - 
=== Iniciando lote 19/63 [LV] ===
2026-06-08 19:15:00,508 - INFO - 
=== abrir_janela_selecao ===
2026-06-08 19:15:06,816 - INFO - 
=== rotina abrir_selecao_colar_os ===
2026-06-08 19:15:06,863 - INFO - Janela de seleção aberta
2026-06-08 19:15:11,093 - INFO - DEBUG: idx=18, inicio=450, fim=475
2026-06-08 19:15:11,093 - INFO - ✅ 25 OS copiadas para a área de transferência.
2026-06-08 19:15:11,094 - INFO - 📋 Lote 19 copiado.
2026-06-08 19:15:19,419 - INFO - ⌛ Esperando mudança visual...
2026-06-08 19:15:20,435 - INFO - ⌛ Esperando mudança visual...
2026-06-08 19:15:21,451 - INFO - ⌛ Esperando mudança visual...
2026-06-08 19:15:22,467 - INFO - ⌛ Esperando mudança visual...
2026-06-08 19:15:23,483 - INFO - ⌛ Esperando mudança visual...
2026-06-08 19:15:24,499 - INFO - ⌛ Esperando mudança visual...
2026-06-08 19:15:25,511 - INFO - ⌛ Esperando mudança visual...
2026-06-08 19:15:26,531 - INFO - ⌛ Esperando mudança visual...
2026-06-08 19:15:27,547 - INFO - ⌛ Esperando mudança visual...
2026-06-08 19:15:28,558 - INFO - ✅ Tela carregada!
2026-06-08 19:15:32,564 - INFO - 
=== rotina desbloquear_os ===
2026-06-08 19:15:59,028 - INFO - ⌛ Aguardando janela de confirmação de desbloqueio...
2026-06-08 19:16:14,396 - INFO - 🟨 Registros desbloqueados com sucesso
2026-06-08 19:16:18,515 - INFO - 
=== rotina editar_os ===
2026-06-08 19:16:27,926 - INFO - 🟨 OS programadas detectadas
2026-06-08 19:16:31,029 - INFO - ⌛ Aguardando janela de edição de OS...
2026-06-08 19:16:46,524 - INFO - 🟨 Janela de edição de OS detectada
2026-06-08 19:17:07,896 - INFO - 🟨 Janela de edição de habilidade da turma detectada
2026-06-08 19:18:26,193 - INFO - ⌛ Aguardando detecção do campo de caracteristica 'EQUIPE PRÓPRIA OU EPS' ...
2026-06-08 19:18:45,547 - INFO - 🟨 campo de caracteristica 'EQUIPE PRÓPRIA OU EPS detectado
2026-06-08 19:19:07,354 - INFO - ⌛ Aguardando confirmação 4 - editar OS...
2026-06-08 19:19:22,826 - INFO - ⌛ Aguardando confirmação 4 - editar OS...
2026-06-08 19:19:38,355 - INFO - 🟨 Janela de confirmação 4 de edição de OS detectada
2026-06-08 19:19:42,458 - INFO - 
=== rotina programar_os ===
2026-06-08 19:20:08,975 - INFO - ⌛ Aguardando janela de confirmação de programação de OS...
2026-06-08 19:20:34,406 - INFO - 🟨 Janela de confirmação de programação de OS detectada
2026-06-08 19:20:47,673 - INFO - 🟨 Janela de aviso de edição de OS programadas detectada
2026-06-08 19:20:54,878 - INFO - ⌛ aguardando janela de programação de lote de OS...
2026-06-08 19:21:20,406 - INFO - 🟨 Janela de aviso de substituição de lote de OS detectada
2026-06-08 19:21:40,510 - INFO - ⌛ aguardando janela de programação de lote de OS...
2026-06-08 19:22:06,022 - INFO - 🟨 Janela de programação de lote de OS detectada
2026-06-08 19:22:55,524 - INFO - 🟨 Janela de confirmação de programação de lote de OS detectada
2026-06-08 19:22:59,741 - INFO - ⌛ aguardando confirmação final de programação do lote
2026-06-08 19:23:25,197 - INFO - 🟨 programação do lote 19 efetuado com sucesso
2026-06-08 19:23:35,302 - INFO - 
=== Iniciando lote 20/63 [LV] ===
2026-06-08 19:23:35,302 - INFO - 
=== abrir_janela_selecao ===
2026-06-08 19:23:41,610 - INFO - 
=== rotina abrir_selecao_colar_os ===
2026-06-08 19:23:41,666 - INFO - Janela de seleção aberta
2026-06-08 19:23:45,886 - INFO - DEBUG: idx=19, inicio=475, fim=500
2026-06-08 19:23:45,886 - INFO - ✅ 25 OS copiadas para a área de transferência.
2026-06-08 19:23:45,886 - INFO - 📋 Lote 20 copiado.
2026-06-08 19:23:54,210 - INFO - ⌛ Esperando mudança visual...
2026-06-08 19:23:55,229 - INFO - ⌛ Esperando mudança visual...
2026-06-08 19:23:56,245 - INFO - ⌛ Esperando mudança visual...
2026-06-08 19:23:57,257 - INFO - ⌛ Esperando mudança visual...
2026-06-08 19:23:58,276 - INFO - ⌛ Esperando mudança visual...
2026-06-08 19:23:59,292 - INFO - ⌛ Esperando mudança visual...
2026-06-08 19:24:00,303 - INFO - ⌛ Esperando mudança visual...
2026-06-08 19:24:01,324 - INFO - ⌛ Esperando mudança visual...
2026-06-08 19:24:02,338 - INFO - ⌛ Esperando mudança visual...
2026-06-08 19:24:03,353 - INFO - ⌛ Esperando mudança visual...
2026-06-08 19:24:04,367 - INFO - ✅ Tela carregada!
2026-06-08 19:24:08,369 - INFO - 
=== rotina desbloquear_os ===
2026-06-08 19:24:34,838 - INFO - ⌛ Aguardando janela de confirmação de desbloqueio...
2026-06-08 19:24:50,204 - INFO - 🟨 Registros desbloqueados com sucesso
2026-06-08 19:24:54,323 - INFO - 
=== rotina editar_os ===
2026-06-08 19:25:03,734 - INFO - ⌛ Aguardando janela de edição de OS...
2026-06-08 19:25:19,154 - INFO - 🟨 OS programadas detectadas
2026-06-08 19:25:22,257 - INFO - ⌛ Aguardando janela de edição de OS...
2026-06-08 19:25:37,702 - INFO - 🟨 Janela de edição de OS detectada
2026-06-08 19:25:59,053 - INFO - 🟨 Janela de edição de habilidade da turma detectada
2026-06-08 19:27:17,367 - INFO - ⌛ Aguardando detecção do campo de caracteristica 'EQUIPE PRÓPRIA OU EPS' ...
2026-06-08 19:27:36,738 - INFO - 🟨 campo de caracteristica 'EQUIPE PRÓPRIA OU EPS detectado
2026-06-08 19:27:58,496 - INFO - ⌛ Aguardando confirmação 4 - editar OS...
2026-06-08 19:28:13,935 - INFO - ⌛ Aguardando confirmação 4 - editar OS...
2026-06-08 19:28:29,384 - INFO - 🟨 Janela de confirmação 4 de edição de OS detectada
2026-06-08 19:28:33,487 - INFO - 
=== rotina programar_os ===
2026-06-08 19:29:00,002 - INFO - ⌛ Aguardando janela de confirmação de programação de OS...
2026-06-08 19:29:25,422 - INFO - 🟨 Janela de confirmação de programação de OS detectada
2026-06-08 19:29:38,675 - INFO - 🟨 Janela de aviso de edição de OS programadas detectada
2026-06-08 19:29:45,886 - INFO - ⌛ aguardando janela de programação de lote de OS...
2026-06-08 19:30:11,436 - INFO - 🟨 Janela de aviso de substituição de lote de OS detectada
2026-06-08 19:30:31,539 - INFO - ⌛ aguardando janela de programação de lote de OS...
2026-06-08 19:30:57,075 - INFO - 🟨 Janela de programação de lote de OS detectada
2026-06-08 19:31:46,588 - INFO - 🟨 Janela de confirmação de programação de lote de OS detectada
2026-06-08 19:31:50,801 - INFO - ⌛ aguardando confirmação final de programação do lote
2026-06-08 19:32:16,261 - INFO - 🟨 programação do lote 20 efetuado com sucesso
2026-06-08 19:32:26,368 - INFO - 
=== Iniciando lote 21/63 [LV] ===
2026-06-08 19:32:26,368 - INFO - 
=== abrir_janela_selecao ===
2026-06-08 19:32:32,675 - INFO - 
=== rotina abrir_selecao_colar_os ===
2026-06-08 19:32:32,739 - INFO - Janela de seleção aberta
2026-06-08 19:32:36,966 - INFO - DEBUG: idx=20, inicio=500, fim=525
2026-06-08 19:32:36,966 - INFO - ✅ 25 OS copiadas para a área de transferência.
2026-06-08 19:32:36,966 - INFO - 📋 Lote 21 copiado.
2026-06-08 19:32:45,291 - INFO - ⌛ Esperando mudança visual...
2026-06-08 19:32:46,310 - INFO - ⌛ Esperando mudança visual...
2026-06-08 19:32:47,321 - INFO - ⌛ Esperando mudança visual...
2026-06-08 19:32:48,338 - INFO - ⌛ Esperando mudança visual...
2026-06-08 19:32:49,350 - INFO - ⌛ Esperando mudança visual...
2026-06-08 19:32:50,370 - INFO - ⌛ Esperando mudança visual...
2026-06-08 19:32:51,385 - INFO - ⌛ Esperando mudança visual...
2026-06-08 19:32:52,401 - INFO - ⌛ Esperando mudança visual...
2026-06-08 19:32:53,415 - INFO - ⌛ Esperando mudança visual...
2026-06-08 19:32:54,432 - INFO - ✅ Tela carregada!
2026-06-08 19:32:58,433 - INFO - 
=== rotina desbloquear_os ===
2026-06-08 19:33:24,906 - INFO - ⌛ Aguardando janela de confirmação de desbloqueio...
2026-06-08 19:33:40,337 - INFO - 🟨 Registros desbloqueados com sucesso
2026-06-08 19:33:44,440 - INFO - 
=== rotina editar_os ===
2026-06-08 19:33:53,879 - INFO - ⌛ Aguardando janela de edição de OS...
2026-06-08 19:34:09,354 - INFO - 🟨 OS programadas detectadas
2026-06-08 19:34:12,459 - INFO - ⌛ Aguardando janela de edição de OS...
2026-06-08 19:34:27,902 - INFO - 🟨 Janela de edição de OS detectada
2026-06-08 19:34:49,270 - INFO - 🟨 Janela de edição de habilidade da turma detectada
2026-06-08 19:36:07,584 - INFO - ⌛ Aguardando detecção do campo de caracteristica 'EQUIPE PRÓPRIA OU EPS' ...
2026-06-08 19:36:26,936 - INFO - 🟨 campo de caracteristica 'EQUIPE PRÓPRIA OU EPS detectado
2026-06-08 19:36:48,764 - INFO - ⌛ Aguardando confirmação 4 - editar OS...
2026-06-08 19:37:04,287 - INFO - ⌛ Aguardando confirmação 4 - editar OS...
2026-06-08 19:37:19,794 - INFO - ⌛ Aguardando confirmação 4 - editar OS...
2026-06-08 19:37:35,284 - INFO - 🟨 Janela de confirmação 4 de edição de OS detectada
2026-06-08 19:37:39,387 - INFO - 
=== rotina programar_os ===
2026-06-08 19:38:05,938 - INFO - ⌛ Aguardando janela de confirmação de programação de OS...
2026-06-08 19:38:31,413 - INFO - 🟨 Janela de confirmação de programação de OS detectada
2026-06-08 19:38:44,698 - INFO - 🟨 Janela de aviso de edição de OS programadas detectada
2026-06-08 19:38:51,904 - INFO - ⌛ aguardando janela de programação de lote de OS...
2026-06-08 19:39:17,433 - INFO - 🟨 Janela de aviso de substituição de lote de OS detectada
2026-06-08 19:39:37,535 - INFO - ⌛ aguardando janela de programação de lote de OS...
2026-06-08 19:40:03,039 - INFO - 🟨 Janela de programação de lote de OS detectada
2026-06-08 19:40:52,534 - INFO - 🟨 Janela de confirmação de programação de lote de OS detectada
2026-06-08 19:40:56,752 - INFO - ⌛ aguardando confirmação final de programação do lote
2026-06-08 19:41:22,203 - INFO - 🟨 programação do lote 21 efetuado com sucesso
2026-06-08 19:41:32,314 - INFO - 
=== Iniciando lote 22/63 [LV] ===
2026-06-08 19:41:32,314 - INFO - 
=== abrir_janela_selecao ===
2026-06-08 19:41:38,621 - INFO - 
=== rotina abrir_selecao_colar_os ===
2026-06-08 19:41:38,674 - INFO - Janela de seleção aberta
2026-06-08 19:41:42,899 - INFO - DEBUG: idx=21, inicio=525, fim=550
2026-06-08 19:41:42,899 - INFO - ✅ 25 OS copiadas para a área de transferência.
2026-06-08 19:41:42,899 - INFO - 📋 Lote 22 copiado.
2026-06-08 19:41:51,236 - INFO - ⌛ Esperando mudança visual...
2026-06-08 19:41:52,249 - INFO - ⌛ Esperando mudança visual...
2026-06-08 19:41:53,268 - INFO - ⌛ Esperando mudança visual...
2026-06-08 19:41:54,282 - INFO - ⌛ Esperando mudança visual...
2026-06-08 19:41:55,299 - INFO - ⌛ Esperando mudança visual...
2026-06-08 19:41:56,313 - INFO - ⌛ Esperando mudança visual...
2026-06-08 19:41:57,330 - INFO - ⌛ Esperando mudança visual...
2026-06-08 19:41:58,343 - INFO - ⌛ Esperando mudança visual...
2026-06-08 19:41:59,363 - INFO - ⌛ Esperando mudança visual...
2026-06-08 19:42:00,378 - INFO - ✅ Tela carregada!
2026-06-08 19:42:04,380 - INFO - 
=== rotina desbloquear_os ===
2026-06-08 19:42:30,862 - INFO - ⌛ Aguardando janela de confirmação de desbloqueio...
2026-06-08 19:42:46,244 - INFO - 🟨 Registros desbloqueados com sucesso
2026-06-08 19:42:50,349 - INFO - 
=== rotina editar_os ===
2026-06-08 19:42:59,749 - INFO - ⌛ Aguardando janela de edição de OS...
2026-06-08 19:43:15,201 - INFO - 🟨 OS programadas detectadas
2026-06-08 19:43:18,318 - INFO - ⌛ Aguardando janela de edição de OS...
2026-06-08 19:43:33,755 - INFO - 🟨 Janela de edição de OS detectada
2026-06-08 19:43:55,119 - INFO - 🟨 Janela de edição de habilidade da turma detectada
2026-06-08 19:45:13,433 - INFO - ⌛ Aguardando detecção do campo de caracteristica 'EQUIPE PRÓPRIA OU EPS' ...
2026-06-08 19:45:32,782 - INFO - 🟨 campo de caracteristica 'EQUIPE PRÓPRIA OU EPS detectado
2026-06-08 19:45:54,544 - INFO - ⌛ Aguardando confirmação 4 - editar OS...
2026-06-08 19:46:09,996 - INFO - ⌛ Aguardando confirmação 4 - editar OS...
2026-06-08 19:46:10,121 - INFO - 🟨 Identificado travamento no EQM, reiniciando contador de espera
2026-06-08 19:46:25,447 - INFO - ⌛ Aguardando confirmação 4 - editar OS...
2026-06-08 19:46:40,944 - INFO - 🟨 Janela de confirmação 4 de edição de OS detectada
2026-06-08 19:46:45,048 - INFO - 
=== rotina programar_os ===
2026-06-08 19:47:11,586 - INFO - ⌛ Aguardando janela de confirmação de programação de OS...
2026-06-08 19:47:37,036 - INFO - 🟨 Janela de confirmação de programação de OS detectada
2026-06-08 19:47:50,289 - INFO - 🟨 Janela de aviso de edição de OS programadas detectada
2026-06-08 19:47:57,496 - INFO - ⌛ aguardando janela de programação de lote de OS...
2026-06-08 19:48:23,013 - INFO - 🟨 Janela de aviso de substituição de lote de OS detectada
2026-06-08 19:48:43,117 - INFO - ⌛ aguardando janela de programação de lote de OS...
2026-06-08 19:49:08,630 - INFO - 🟨 Janela de programação de lote de OS detectada
2026-06-08 19:49:58,190 - INFO - 🟨 Janela de confirmação de programação de lote de OS detectada
2026-06-08 19:50:02,406 - INFO - ⌛ aguardando confirmação final de programação do lote
2026-06-08 19:50:27,885 - INFO - 🟨 programação do lote 22 efetuado com sucesso
2026-06-08 19:50:37,989 - INFO - 
=== Iniciando lote 23/63 [LV] ===
2026-06-08 19:50:37,989 - INFO - 
=== abrir_janela_selecao ===
2026-06-08 19:50:44,298 - INFO - 
=== rotina abrir_selecao_colar_os ===
2026-06-08 19:50:44,342 - INFO - Janela de seleção aberta
2026-06-08 19:50:48,568 - INFO - DEBUG: idx=22, inicio=550, fim=575
2026-06-08 19:50:48,569 - INFO - ✅ 25 OS copiadas para a área de transferência.
2026-06-08 19:50:48,569 - INFO - 📋 Lote 23 copiado.
2026-06-08 19:50:56,895 - INFO - ⌛ Esperando mudança visual...
2026-06-08 19:50:57,912 - INFO - ⌛ Esperando mudança visual...
2026-06-08 19:50:58,928 - INFO - ⌛ Esperando mudança visual...
2026-06-08 19:50:59,944 - INFO - ⌛ Esperando mudança visual...
2026-06-08 19:51:00,959 - INFO - ⌛ Esperando mudança visual...
2026-06-08 19:51:01,975 - INFO - ⌛ Esperando mudança visual...
2026-06-08 19:51:02,988 - INFO - ⌛ Esperando mudança visual...
2026-06-08 19:51:04,006 - INFO - ⌛ Esperando mudança visual...
2026-06-08 19:51:05,024 - INFO - ⌛ Esperando mudança visual...
2026-06-08 19:51:06,036 - INFO - ✅ Tela carregada!
2026-06-08 19:51:10,043 - INFO - 
=== rotina desbloquear_os ===
2026-06-08 19:51:36,508 - INFO - ⌛ Aguardando janela de confirmação de desbloqueio...
2026-06-08 19:51:51,917 - INFO - 🟨 Registros desbloqueados com sucesso
2026-06-08 19:51:56,021 - INFO - 
=== rotina editar_os ===
2026-06-08 19:52:05,437 - INFO - ⌛ Aguardando janela de edição de OS...
2026-06-08 19:52:20,850 - INFO - 🟨 OS programadas detectadas
2026-06-08 19:52:23,963 - INFO - ⌛ Aguardando janela de edição de OS...
2026-06-08 19:52:39,392 - INFO - 🟨 Janela de edição de OS detectada
2026-06-08 19:53:00,766 - INFO - 🟨 Janela de edição de habilidade da turma detectada
2026-06-08 19:54:19,069 - INFO - ⌛ Aguardando detecção do campo de caracteristica 'EQUIPE PRÓPRIA OU EPS' ...
2026-06-08 19:54:38,416 - INFO - 🟨 campo de caracteristica 'EQUIPE PRÓPRIA OU EPS detectado
2026-06-08 19:55:00,181 - INFO - ⌛ Aguardando confirmação 4 - editar OS...
2026-06-08 19:55:15,600 - INFO - ⌛ Aguardando confirmação 4 - editar OS...
2026-06-08 19:55:31,054 - INFO - ⌛ Aguardando confirmação 4 - editar OS...
2026-06-08 19:55:46,484 - INFO - 🟨 Janela de confirmação 4 de edição de OS detectada
2026-06-08 19:55:50,586 - INFO - 
=== rotina programar_os ===
2026-06-08 19:56:17,093 - INFO - ⌛ Aguardando janela de confirmação de programação de OS...
2026-06-08 19:56:42,555 - INFO - 🟨 Janela de confirmação de programação de OS detectada
2026-06-08 19:56:55,829 - INFO - 🟨 Janela de aviso de edição de OS programadas detectada
2026-06-08 19:57:03,035 - INFO - ⌛ aguardando janela de programação de lote de OS...
2026-06-08 19:57:28,536 - INFO - 🟨 Janela de aviso de substituição de lote de OS detectada
2026-06-08 19:57:48,640 - INFO - ⌛ aguardando janela de programação de lote de OS...
2026-06-08 19:58:14,149 - INFO - 🟨 Janela de programação de lote de OS detectada
2026-06-08 19:59:03,654 - INFO - 🟨 Janela de confirmação de programação de lote de OS detectada
2026-06-08 19:59:07,866 - INFO - ⌛ aguardando confirmação final de programação do lote
2026-06-08 19:59:33,304 - INFO - 🟨 programação do lote 23 efetuado com sucesso
2026-06-08 19:59:43,412 - INFO - 
=== Iniciando lote 24/63 [LV] ===
2026-06-08 19:59:43,413 - INFO - 
=== abrir_janela_selecao ===
2026-06-08 19:59:49,729 - INFO - 
=== rotina abrir_selecao_colar_os ===
2026-06-08 19:59:49,766 - INFO - Janela de seleção aberta
2026-06-08 19:59:53,999 - INFO - DEBUG: idx=23, inicio=575, fim=600
2026-06-08 19:59:53,999 - INFO - ✅ 25 OS copiadas para a área de transferência.
2026-06-08 19:59:53,999 - INFO - 📋 Lote 24 copiado.
2026-06-08 20:00:02,324 - INFO - ⌛ Esperando mudança visual...
2026-06-08 20:00:03,335 - INFO - ⌛ Esperando mudança visual...
2026-06-08 20:00:04,353 - INFO - ⌛ Esperando mudança visual...
2026-06-08 20:00:05,368 - INFO - ⌛ Esperando mudança visual...
2026-06-08 20:00:06,386 - INFO - ⌛ Esperando mudança visual...
2026-06-08 20:00:07,402 - INFO - ⌛ Esperando mudança visual...
2026-06-08 20:00:08,416 - INFO - ⌛ Esperando mudança visual...
2026-06-08 20:00:09,429 - INFO - ⌛ Esperando mudança visual...
2026-06-08 20:00:10,448 - INFO - ⌛ Esperando mudança visual...
2026-06-08 20:00:11,464 - INFO - ⌛ Esperando mudança visual...
2026-06-08 20:00:12,476 - INFO - ✅ Tela carregada!
2026-06-08 20:00:16,481 - INFO - 
=== rotina desbloquear_os ===
2026-06-08 20:00:42,944 - INFO - ⌛ Aguardando janela de confirmação de desbloqueio...
2026-06-08 20:00:58,364 - INFO - ⌛ Aguardando janela de confirmação de desbloqueio...
2026-06-08 20:01:13,746 - INFO - 🟨 Registros desbloqueados com sucesso
2026-06-08 20:01:17,850 - INFO - 
=== rotina editar_os ===
2026-06-08 20:01:27,274 - INFO - ⌛ Aguardando janela de edição de OS...
2026-06-08 20:01:42,780 - INFO - 🟨 OS programadas detectadas
2026-06-08 20:01:45,883 - INFO - ⌛ Aguardando janela de edição de OS...
2026-06-08 20:02:01,327 - INFO - 🟨 Janela de edição de OS detectada
2026-06-08 20:02:22,688 - INFO - 🟨 Janela de edição de habilidade da turma detectada
2026-06-08 20:03:40,985 - INFO - ⌛ Aguardando detecção do campo de caracteristica 'EQUIPE PRÓPRIA OU EPS' ...
2026-06-08 20:04:00,369 - INFO - 🟨 campo de caracteristica 'EQUIPE PRÓPRIA OU EPS detectado
2026-06-08 20:04:22,177 - INFO - ⌛ Aguardando confirmação 4 - editar OS...
2026-06-08 20:04:37,667 - INFO - ⌛ Aguardando confirmação 4 - editar OS...
2026-06-08 20:04:53,197 - INFO - ⌛ Aguardando confirmação 4 - editar OS...
2026-06-08 20:05:08,683 - INFO - 🟨 Janela de confirmação 4 de edição de OS detectada
2026-06-08 20:05:12,797 - INFO - 
=== rotina programar_os ===
2026-06-08 20:05:39,328 - INFO - ⌛ Aguardando janela de confirmação de programação de OS...
2026-06-08 20:06:04,753 - INFO - 🟨 Janela de confirmação de programação de OS detectada
2026-06-08 20:06:18,002 - INFO - 🟨 Janela de aviso de edição de OS programadas detectada
2026-06-08 20:06:25,213 - INFO - ⌛ aguardando janela de programação de lote de OS...
2026-06-08 20:06:50,737 - INFO - 🟨 Janela de aviso de substituição de lote de OS detectada
2026-06-08 20:07:10,846 - INFO - ⌛ aguardando janela de programação de lote de OS...
2026-06-08 20:07:36,361 - INFO - 🟨 Janela de programação de lote de OS detectada
2026-06-08 20:08:25,913 - INFO - 🟨 Janela de confirmação de programação de lote de OS detectada
2026-06-08 20:08:30,126 - INFO - ⌛ aguardando confirmação final de programação do lote
2026-06-08 20:08:55,581 - INFO - 🟨 programação do lote 24 efetuado com sucesso
2026-06-08 20:09:05,693 - INFO - 
=== Iniciando lote 25/63 [LV] ===
2026-06-08 20:09:05,693 - INFO - 
=== abrir_janela_selecao ===
2026-06-08 20:09:12,004 - INFO - 
=== rotina abrir_selecao_colar_os ===
2026-06-08 20:09:12,049 - INFO - Janela de seleção aberta
2026-06-08 20:09:16,271 - INFO - DEBUG: idx=24, inicio=600, fim=625
2026-06-08 20:09:16,271 - INFO - ✅ 25 OS copiadas para a área de transferência.
2026-06-08 20:09:16,271 - INFO - 📋 Lote 25 copiado.
2026-06-08 20:09:24,600 - INFO - ⌛ Esperando mudança visual...
2026-06-08 20:09:25,615 - INFO - ⌛ Esperando mudança visual...
2026-06-08 20:09:26,627 - INFO - ⌛ Esperando mudança visual...
2026-06-08 20:09:27,647 - INFO - ⌛ Esperando mudança visual...
2026-06-08 20:09:28,663 - INFO - ⌛ Esperando mudança visual...
2026-06-08 20:09:29,674 - INFO - ⌛ Esperando mudança visual...
2026-06-08 20:09:30,694 - INFO - ⌛ Esperando mudança visual...
2026-06-08 20:09:31,709 - INFO - ⌛ Esperando mudança visual...
2026-06-08 20:09:32,721 - INFO - ⌛ Esperando mudança visual...
2026-06-08 20:09:33,739 - INFO - ⌛ Esperando mudança visual...
2026-06-08 20:09:34,757 - INFO - ✅ Tela carregada!
2026-06-08 20:09:38,758 - INFO - 
=== rotina desbloquear_os ===
2026-06-08 20:10:05,220 - INFO - ⌛ Aguardando janela de confirmação de desbloqueio...
2026-06-08 20:10:20,607 - INFO - 🟨 Registros desbloqueados com sucesso
2026-06-08 20:10:24,712 - INFO - 
=== rotina editar_os ===
2026-06-08 20:10:34,121 - INFO - ⌛ Aguardando janela de edição de OS...
2026-06-08 20:10:49,528 - INFO - 🟨 OS programadas detectadas
2026-06-08 20:10:52,646 - INFO - ⌛ Aguardando janela de edição de OS...
2026-06-08 20:11:08,077 - INFO - 🟨 Janela de edição de OS detectada
2026-06-08 20:11:29,448 - INFO - 🟨 Janela de edição de habilidade da turma detectada
2026-06-08 20:12:47,754 - INFO - ⌛ Aguardando detecção do campo de caracteristica 'EQUIPE PRÓPRIA OU EPS' ...
2026-06-08 20:13:07,115 - INFO - 🟨 campo de caracteristica 'EQUIPE PRÓPRIA OU EPS detectado
2026-06-08 20:13:28,876 - INFO - ⌛ Aguardando confirmação 4 - editar OS...
2026-06-08 20:13:44,319 - INFO - ⌛ Aguardando confirmação 4 - editar OS...
2026-06-08 20:13:59,771 - INFO - ⌛ Aguardando confirmação 4 - editar OS...
2026-06-08 20:14:15,197 - INFO - 🟨 Janela de confirmação 4 de edição de OS detectada
2026-06-08 20:14:19,307 - INFO - 
=== rotina programar_os ===
2026-06-08 20:14:45,828 - INFO - ⌛ Aguardando janela de confirmação de programação de OS...
2026-06-08 20:15:11,262 - INFO - 🟨 Janela de confirmação de programação de OS detectada
2026-06-08 20:15:24,529 - INFO - 🟨 Janela de aviso de edição de OS programadas detectada
2026-06-08 20:15:31,740 - INFO - ⌛ aguardando janela de programação de lote de OS...
2026-06-08 20:15:57,224 - INFO - 🟨 Janela de aviso de substituição de lote de OS detectada
2026-06-08 20:16:17,342 - INFO - ⌛ aguardando janela de programação de lote de OS...
2026-06-08 20:16:42,866 - INFO - 🟨 Janela de programação de lote de OS detectada
2026-06-08 20:17:32,374 - INFO - 🟨 Janela de confirmação de programação de lote de OS detectada
2026-06-08 20:17:36,584 - INFO - ⌛ aguardando confirmação final de programação do lote
2026-06-08 20:18:02,043 - INFO - 🟨 programação do lote 25 efetuado com sucesso
2026-06-08 20:18:12,147 - INFO - 
=== Iniciando lote 26/63 [LV] ===
2026-06-08 20:18:12,149 - INFO - 
=== abrir_janela_selecao ===
2026-06-08 20:18:18,455 - INFO - 
=== rotina abrir_selecao_colar_os ===
2026-06-08 20:18:18,503 - INFO - Janela de seleção aberta
2026-06-08 20:18:22,731 - INFO - DEBUG: idx=25, inicio=625, fim=650
2026-06-08 20:18:22,731 - INFO - ✅ 25 OS copiadas para a área de transferência.
2026-06-08 20:18:22,731 - INFO - 📋 Lote 26 copiado.
2026-06-08 20:18:31,058 - INFO - ⌛ Esperando mudança visual...
2026-06-08 20:18:32,074 - INFO - ⌛ Esperando mudança visual...
2026-06-08 20:18:33,091 - INFO - ⌛ Esperando mudança visual...
2026-06-08 20:18:34,107 - INFO - ⌛ Esperando mudança visual...
2026-06-08 20:18:35,118 - INFO - ⌛ Esperando mudança visual...
2026-06-08 20:18:36,138 - INFO - ⌛ Esperando mudança visual...
2026-06-08 20:18:37,152 - INFO - ⌛ Esperando mudança visual...
2026-06-08 20:18:38,167 - INFO - ⌛ Esperando mudança visual...
2026-06-08 20:18:39,184 - INFO - ⌛ Esperando mudança visual...
2026-06-08 20:18:40,200 - INFO - ⌛ Esperando mudança visual...
2026-06-08 20:18:41,216 - INFO - ✅ Tela carregada!
2026-06-08 20:18:45,217 - INFO - 
=== rotina desbloquear_os ===
2026-06-08 20:19:11,698 - INFO - ⌛ Aguardando janela de confirmação de desbloqueio...
2026-06-08 20:19:27,077 - INFO - 🟨 Registros desbloqueados com sucesso
2026-06-08 20:19:31,186 - INFO - 
=== rotina editar_os ===
2026-06-08 20:19:40,617 - INFO - ⌛ Aguardando janela de edição de OS...
2026-06-08 20:19:56,022 - INFO - 🟨 OS programadas detectadas
2026-06-08 20:19:59,137 - INFO - ⌛ Aguardando janela de edição de OS...
2026-06-08 20:20:14,592 - INFO - 🟨 Janela de edição de OS detectada
2026-06-08 20:20:35,958 - INFO - 🟨 Janela de edição de habilidade da turma detectada
2026-06-08 20:21:54,264 - INFO - ⌛ Aguardando detecção do campo de caracteristica 'EQUIPE PRÓPRIA OU EPS' ...
2026-06-08 20:22:13,627 - INFO - 🟨 campo de caracteristica 'EQUIPE PRÓPRIA OU EPS detectado
2026-06-08 20:22:35,392 - INFO - ⌛ Aguardando confirmação 4 - editar OS...
2026-06-08 20:22:50,813 - INFO - ⌛ Aguardando confirmação 4 - editar OS...
2026-06-08 20:23:06,246 - INFO - ⌛ Aguardando confirmação 4 - editar OS...
2026-06-08 20:23:21,716 - INFO - 🟨 Janela de confirmação 4 de edição de OS detectada
2026-06-08 20:23:25,819 - INFO - 
=== rotina programar_os ===
2026-06-08 20:23:52,349 - INFO - ⌛ Aguardando janela de confirmação de programação de OS...
2026-06-08 20:24:17,819 - INFO - 🟨 Janela de confirmação de programação de OS detectada
2026-06-08 20:24:31,067 - INFO - 🟨 Janela de aviso de edição de OS programadas detectada
2026-06-08 20:24:38,284 - INFO - ⌛ aguardando janela de programação de lote de OS...
2026-06-08 20:25:03,769 - INFO - 🟨 Janela de aviso de substituição de lote de OS detectada
2026-06-08 20:25:23,885 - INFO - ⌛ aguardando janela de programação de lote de OS...
2026-06-08 20:25:49,448 - INFO - 🟨 Janela de programação de lote de OS detectada
2026-06-08 20:26:38,968 - INFO - 🟨 Janela de confirmação de programação de lote de OS detectada
2026-06-08 20:26:43,190 - INFO - ⌛ aguardando confirmação final de programação do lote
2026-06-08 20:27:08,670 - INFO - 🟨 programação do lote 26 efetuado com sucesso
2026-06-08 20:27:18,777 - INFO - 
=== Iniciando lote 27/63 [LV] ===
2026-06-08 20:27:18,777 - INFO - 
=== abrir_janela_selecao ===
2026-06-08 20:27:25,085 - INFO - 
=== rotina abrir_selecao_colar_os ===
2026-06-08 20:27:25,142 - INFO - Janela de seleção aberta
2026-06-08 20:27:29,361 - INFO - DEBUG: idx=26, inicio=650, fim=675
2026-06-08 20:27:29,361 - INFO - ✅ 25 OS copiadas para a área de transferência.
2026-06-08 20:27:29,361 - INFO - 📋 Lote 27 copiado.
2026-06-08 20:27:37,687 - INFO - ⌛ Esperando mudança visual...
2026-06-08 20:27:38,703 - INFO - ⌛ Esperando mudança visual...
2026-06-08 20:27:39,715 - INFO - ⌛ Esperando mudança visual...
2026-06-08 20:27:40,734 - INFO - ⌛ Esperando mudança visual...
2026-06-08 20:27:41,750 - INFO - ⌛ Esperando mudança visual...
2026-06-08 20:27:42,762 - INFO - ⌛ Esperando mudança visual...
2026-06-08 20:27:43,781 - INFO - ⌛ Esperando mudança visual...
2026-06-08 20:27:44,797 - INFO - ⌛ Esperando mudança visual...
2026-06-08 20:27:45,813 - INFO - ⌛ Esperando mudança visual...
2026-06-08 20:27:46,823 - INFO - ✅ Tela carregada!
2026-06-08 20:27:50,831 - INFO - 
=== rotina desbloquear_os ===
2026-06-08 20:28:17,309 - INFO - ⌛ Aguardando janela de confirmação de desbloqueio...
2026-06-08 20:28:32,711 - INFO - 🟨 Registros desbloqueados com sucesso
2026-06-08 20:28:36,815 - INFO - 
=== rotina editar_os ===
2026-06-08 20:28:46,233 - INFO - 🟨 OS programadas detectadas
2026-06-08 20:28:49,336 - INFO - ⌛ Aguardando janela de edição de OS...
2026-06-08 20:29:04,764 - INFO - 🟨 Janela de edição de OS detectada
2026-06-08 20:29:26,139 - INFO - 🟨 Janela de edição de habilidade da turma detectada
2026-06-08 20:30:44,442 - INFO - ⌛ Aguardando detecção do campo de caracteristica 'EQUIPE PRÓPRIA OU EPS' ...
2026-06-08 20:31:03,807 - INFO - 🟨 campo de caracteristica 'EQUIPE PRÓPRIA OU EPS detectado
2026-06-08 20:31:25,584 - INFO - ⌛ Aguardando confirmação 4 - editar OS...
2026-06-08 20:31:41,023 - INFO - ⌛ Aguardando confirmação 4 - editar OS...
2026-06-08 20:31:56,457 - INFO - 🟨 Janela de confirmação 4 de edição de OS detectada
2026-06-08 20:32:00,559 - INFO - 
=== rotina programar_os ===
2026-06-08 20:32:27,070 - INFO - ⌛ Aguardando janela de confirmação de programação de OS...
2026-06-08 20:32:52,500 - INFO - 🟨 Janela de confirmação de programação de OS detectada
2026-06-08 20:33:05,753 - INFO - 🟨 Janela de aviso de edição de OS programadas detectada
2026-06-08 20:33:12,959 - INFO - ⌛ aguardando janela de programação de lote de OS...
2026-06-08 20:33:38,461 - INFO - 🟨 Janela de aviso de substituição de lote de OS detectada
2026-06-08 20:33:58,564 - INFO - ⌛ aguardando janela de programação de lote de OS...
2026-06-08 20:34:24,064 - INFO - 🟨 Janela de programação de lote de OS detectada
2026-06-08 20:35:13,594 - INFO - 🟨 Janela de confirmação de programação de lote de OS detectada
2026-06-08 20:35:17,807 - INFO - ⌛ aguardando confirmação final de programação do lote
2026-06-08 20:35:43,283 - INFO - ⌛ aguardando confirmação final de programação do lote
2026-06-08 20:36:08,738 - INFO - 🟨 programação do lote 27 efetuado com sucesso
2026-06-08 20:36:18,844 - INFO - 
=== Iniciando lote 28/63 [LV] ===
2026-06-08 20:36:18,845 - INFO - 
=== abrir_janela_selecao ===
2026-06-08 20:36:25,152 - INFO - 
=== rotina abrir_selecao_colar_os ===
2026-06-08 20:36:25,205 - INFO - Janela de seleção aberta
2026-06-08 20:36:29,430 - INFO - DEBUG: idx=27, inicio=675, fim=700
2026-06-08 20:36:29,430 - INFO - ✅ 25 OS copiadas para a área de transferência.
2026-06-08 20:36:29,430 - INFO - 📋 Lote 28 copiado.
2026-06-08 20:36:37,755 - INFO - ⌛ Esperando mudança visual...
2026-06-08 20:36:38,766 - INFO - ⌛ Esperando mudança visual...
2026-06-08 20:36:39,787 - INFO - ⌛ Esperando mudança visual...
2026-06-08 20:36:40,803 - INFO - ⌛ Esperando mudança visual...
2026-06-08 20:36:41,815 - INFO - ⌛ Esperando mudança visual...
2026-06-08 20:36:42,835 - INFO - ⌛ Esperando mudança visual...
2026-06-08 20:36:43,851 - INFO - ⌛ Esperando mudança visual...
2026-06-08 20:36:44,861 - INFO - ⌛ Esperando mudança visual...
2026-06-08 20:36:45,881 - INFO - ⌛ Esperando mudança visual...
2026-06-08 20:36:46,897 - INFO - ✅ Tela carregada!
2026-06-08 20:36:50,898 - INFO - 
=== rotina desbloquear_os ===
2026-06-08 20:37:17,380 - INFO - ⌛ Aguardando janela de confirmação de desbloqueio...
2026-06-08 20:37:32,784 - INFO - ⌛ Aguardando janela de confirmação de desbloqueio...
2026-06-08 20:37:48,200 - INFO - 🟨 Registros desbloqueados com sucesso
2026-06-08 20:37:52,303 - INFO - 
=== rotina editar_os ===
2026-06-08 20:38:01,725 - INFO - ⌛ Aguardando janela de edição de OS...
2026-06-08 20:38:17,148 - INFO - 🟨 OS programadas detectadas
2026-06-08 20:38:20,250 - INFO - ⌛ Aguardando janela de edição de OS...
2026-06-08 20:38:35,697 - INFO - 🟨 Janela de edição de OS detectada
2026-06-08 20:38:57,093 - INFO - 🟨 Janela de edição de habilidade da turma detectada
2026-06-08 20:40:15,398 - INFO - ⌛ Aguardando detecção do campo de caracteristica 'EQUIPE PRÓPRIA OU EPS' ...
2026-06-08 20:40:34,767 - INFO - 🟨 campo de caracteristica 'EQUIPE PRÓPRIA OU EPS detectado
2026-06-08 20:40:56,558 - INFO - ⌛ Aguardando confirmação 4 - editar OS...
2026-06-08 20:41:11,993 - INFO - ⌛ Aguardando confirmação 4 - editar OS...
2026-06-08 20:41:12,115 - INFO - 🟨 Identificado travamento no EQM, reiniciando contador de espera
2026-06-08 20:41:27,417 - INFO - ⌛ Aguardando confirmação 4 - editar OS...
2026-06-08 20:41:42,897 - INFO - 🟨 Janela de confirmação 4 de edição de OS detectada
2026-06-08 20:41:47,001 - INFO - 
=== rotina programar_os ===
2026-06-08 20:42:13,538 - INFO - ⌛ Aguardando janela de confirmação de programação de OS...
2026-06-08 20:42:39,013 - INFO - 🟨 Janela de confirmação de programação de OS detectada
2026-06-08 20:42:52,299 - INFO - 🟨 Janela de aviso de edição de OS programadas detectada
2026-06-08 20:42:59,503 - INFO - ⌛ aguardando janela de programação de lote de OS...
2026-06-08 20:43:25,041 - INFO - 🟨 Janela de aviso de substituição de lote de OS detectada
2026-06-08 20:43:45,144 - INFO - ⌛ aguardando janela de programação de lote de OS...
2026-06-08 20:44:10,636 - INFO - 🟨 Janela de programação de lote de OS detectada
2026-06-08 20:45:00,163 - INFO - 🟨 Janela de confirmação de programação de lote de OS detectada
2026-06-08 20:45:04,370 - INFO - ⌛ aguardando confirmação final de programação do lote
2026-06-08 20:45:29,867 - INFO - 🟨 programação do lote 28 efetuado com sucesso
2026-06-08 20:45:39,978 - INFO - 
=== Iniciando lote 29/63 [LV] ===
2026-06-08 20:45:39,978 - INFO - 
=== abrir_janela_selecao ===
2026-06-08 20:45:46,300 - INFO - 
=== rotina abrir_selecao_colar_os ===
2026-06-08 20:45:46,347 - INFO - Janela de seleção aberta
2026-06-08 20:45:50,581 - INFO - DEBUG: idx=28, inicio=700, fim=725
2026-06-08 20:45:50,581 - INFO - ✅ 25 OS copiadas para a área de transferência.
2026-06-08 20:45:50,581 - INFO - 📋 Lote 29 copiado.
2026-06-08 20:45:58,905 - INFO - ⌛ Esperando mudança visual...
2026-06-08 20:45:59,916 - INFO - ⌛ Esperando mudança visual...
2026-06-08 20:46:00,934 - INFO - ⌛ Esperando mudança visual...
2026-06-08 20:46:01,950 - INFO - ⌛ Esperando mudança visual...
2026-06-08 20:46:02,967 - INFO - ⌛ Esperando mudança visual...
2026-06-08 20:46:03,981 - INFO - ⌛ Esperando mudança visual...
2026-06-08 20:46:04,998 - INFO - ⌛ Esperando mudança visual...
2026-06-08 20:46:06,010 - INFO - ⌛ Esperando mudança visual...
2026-06-08 20:46:07,030 - INFO - ⌛ Esperando mudança visual...
2026-06-08 20:46:08,043 - INFO - ✅ Tela carregada!
2026-06-08 20:46:12,045 - INFO - 
=== rotina desbloquear_os ===
2026-06-08 20:46:38,544 - INFO - ⌛ Aguardando janela de confirmação de desbloqueio...
2026-06-08 20:46:53,922 - INFO - 🟨 Registros desbloqueados com sucesso
2026-06-08 20:46:58,031 - INFO - 
=== rotina editar_os ===
2026-06-08 20:47:07,457 - INFO - ⌛ Aguardando janela de edição de OS...
2026-06-08 20:47:22,939 - INFO - 🟨 OS programadas detectadas
2026-06-08 20:47:26,048 - INFO - ⌛ Aguardando janela de edição de OS...
2026-06-08 20:47:41,488 - INFO - 🟨 Janela de edição de OS detectada
2026-06-08 20:48:02,853 - INFO - 🟨 Janela de edição de habilidade da turma detectada
2026-06-08 20:49:21,159 - INFO - ⌛ Aguardando detecção do campo de caracteristica 'EQUIPE PRÓPRIA OU EPS' ...
2026-06-08 20:49:40,507 - INFO - 🟨 campo de caracteristica 'EQUIPE PRÓPRIA OU EPS detectado
2026-06-08 20:50:02,341 - INFO - ⌛ Aguardando confirmação 4 - editar OS...
2026-06-08 20:50:17,862 - INFO - ⌛ Aguardando confirmação 4 - editar OS...
2026-06-08 20:50:33,363 - INFO - ⌛ Aguardando confirmação 4 - editar OS...
2026-06-08 20:50:48,887 - INFO - 🟨 Janela de confirmação 4 de edição de OS detectada
2026-06-08 20:50:52,995 - INFO - 
=== rotina programar_os ===
2026-06-08 20:51:19,512 - INFO - ⌛ Aguardando janela de confirmação de programação de OS...
2026-06-08 20:51:44,931 - INFO - 🟨 Janela de confirmação de programação de OS detectada
2026-06-08 20:51:58,185 - INFO - 🟨 Janela de aviso de edição de OS programadas detectada
2026-06-08 20:52:05,396 - INFO - ⌛ aguardando janela de programação de lote de OS...
2026-06-08 20:52:30,913 - INFO - 🟨 Janela de aviso de substituição de lote de OS detectada
2026-06-08 20:52:51,017 - INFO - ⌛ aguardando janela de programação de lote de OS...
2026-06-08 20:53:16,518 - INFO - 🟨 Janela de programação de lote de OS detectada
2026-06-08 20:54:06,027 - INFO - 🟨 Janela de confirmação de programação de lote de OS detectada
2026-06-08 20:54:10,248 - INFO - ⌛ aguardando confirmação final de programação do lote
2026-06-08 20:54:35,701 - INFO - 🟨 programação do lote 29 efetuado com sucesso
2026-06-08 20:54:45,805 - INFO - 
=== Iniciando lote 30/63 [LV] ===
2026-06-08 20:54:45,806 - INFO - 
=== abrir_janela_selecao ===
2026-06-08 20:54:52,114 - INFO - 
=== rotina abrir_selecao_colar_os ===
2026-06-08 20:54:52,162 - INFO - Janela de seleção aberta
2026-06-08 20:54:56,391 - INFO - DEBUG: idx=29, inicio=725, fim=750
2026-06-08 20:54:56,391 - INFO - ✅ 25 OS copiadas para a área de transferência.
2026-06-08 20:54:56,391 - INFO - 📋 Lote 30 copiado.
2026-06-08 20:55:04,714 - INFO - ⌛ Esperando mudança visual...
2026-06-08 20:55:05,731 - INFO - ⌛ Esperando mudança visual...
2026-06-08 20:55:06,750 - INFO - ⌛ Esperando mudança visual...
2026-06-08 20:55:07,761 - INFO - ⌛ Esperando mudança visual...
2026-06-08 20:55:08,781 - INFO - ⌛ Esperando mudança visual...
2026-06-08 20:55:09,795 - INFO - ⌛ Esperando mudança visual...
2026-06-08 20:55:10,808 - INFO - ⌛ Esperando mudança visual...
2026-06-08 20:55:11,826 - INFO - ⌛ Esperando mudança visual...
2026-06-08 20:55:12,842 - INFO - ⌛ Esperando mudança visual...
2026-06-08 20:55:13,855 - INFO - ✅ Tela carregada!
2026-06-08 20:55:17,862 - INFO - 
=== rotina desbloquear_os ===
2026-06-08 20:55:44,337 - INFO - ⌛ Aguardando janela de confirmação de desbloqueio...
2026-06-08 20:55:59,705 - INFO - 🟨 Registros desbloqueados com sucesso
2026-06-08 20:56:03,809 - INFO - 
=== rotina editar_os ===
2026-06-08 20:56:13,218 - INFO - ⌛ Aguardando janela de edição de OS...
2026-06-08 20:56:28,638 - INFO - 🟨 OS programadas detectadas
2026-06-08 20:56:31,744 - INFO - ⌛ Aguardando janela de edição de OS...
2026-06-08 20:56:47,206 - INFO - 🟨 Janela de edição de OS detectada
2026-06-08 20:57:08,575 - INFO - 🟨 Janela de edição de habilidade da turma detectada
2026-06-08 20:58:26,879 - INFO - ⌛ Aguardando detecção do campo de caracteristica 'EQUIPE PRÓPRIA OU EPS' ...
2026-06-08 20:58:46,241 - INFO - 🟨 campo de caracteristica 'EQUIPE PRÓPRIA OU EPS detectado
2026-06-08 20:59:08,003 - INFO - ⌛ Aguardando confirmação 4 - editar OS...
2026-06-08 20:59:23,486 - INFO - ⌛ Aguardando confirmação 4 - editar OS...
2026-06-08 20:59:38,976 - INFO - ⌛ Aguardando confirmação 4 - editar OS...
2026-06-08 20:59:54,508 - INFO - 🟨 Janela de confirmação 4 de edição de OS detectada
2026-06-08 20:59:58,617 - INFO - 
=== rotina programar_os ===
2026-06-08 21:00:25,135 - INFO - ⌛ Aguardando janela de confirmação de programação de OS...
2026-06-08 21:00:50,553 - INFO - 🟨 Janela de confirmação de programação de OS detectada
2026-06-08 21:01:03,811 - INFO - 🟨 Janela de aviso de edição de OS programadas detectada
2026-06-08 21:01:11,022 - INFO - ⌛ aguardando janela de programação de lote de OS...
2026-06-08 21:01:36,542 - INFO - 🟨 Janela de aviso de substituição de lote de OS detectada
2026-06-08 21:01:56,654 - INFO - ⌛ aguardando janela de programação de lote de OS...
2026-06-08 21:02:22,211 - INFO - 🟨 Janela de programação de lote de OS detectada
2026-06-08 21:03:11,744 - INFO - 🟨 Janela de confirmação de programação de lote de OS detectada
2026-06-08 21:03:15,981 - INFO - ⌛ aguardando confirmação final de programação do lote
2026-06-08 21:03:41,466 - INFO - ⌛ aguardando confirmação final de programação do lote
2026-06-08 21:04:06,980 - INFO - ⌛ aguardando confirmação final de programação do lote
2026-06-08 21:04:32,478 - INFO - 🟨 programação do lote 30 efetuado com sucesso
2026-06-08 21:04:42,583 - INFO - 
=== Iniciando lote 31/63 [LV] ===
2026-06-08 21:04:42,583 - INFO - 
=== abrir_janela_selecao ===
2026-06-08 21:04:48,908 - INFO - 
=== rotina abrir_selecao_colar_os ===
2026-06-08 21:04:48,949 - INFO - Janela de seleção aberta
2026-06-08 21:04:53,199 - INFO - DEBUG: idx=30, inicio=750, fim=775
2026-06-08 21:04:53,199 - INFO - ✅ 25 OS copiadas para a área de transferência.
2026-06-08 21:04:53,199 - INFO - 📋 Lote 31 copiado.
2026-06-08 21:05:01,540 - INFO - ⌛ Esperando mudança visual...
2026-06-08 21:05:02,552 - INFO - ⌛ Esperando mudança visual...
2026-06-08 21:05:03,571 - INFO - ⌛ Esperando mudança visual...
2026-06-08 21:05:04,586 - INFO - ⌛ Esperando mudança visual...
2026-06-08 21:05:05,599 - INFO - ⌛ Esperando mudança visual...
2026-06-08 21:05:06,618 - INFO - ⌛ Esperando mudança visual...
2026-06-08 21:05:07,635 - INFO - ⌛ Esperando mudança visual...
2026-06-08 21:05:08,646 - INFO - ⌛ Esperando mudança visual...
2026-06-08 21:05:09,665 - INFO - ⌛ Esperando mudança visual...
2026-06-08 21:05:10,682 - INFO - ⌛ Esperando mudança visual...
2026-06-08 21:05:11,695 - INFO - ⌛ Esperando mudança visual...
2026-06-08 21:05:12,711 - INFO - ⌛ Esperando mudança visual...
2026-06-08 21:05:13,726 - INFO - ⌛ Esperando mudança visual...
2026-06-08 21:05:14,744 - INFO - ✅ Tela carregada!
2026-06-08 21:05:18,745 - INFO - 
=== rotina desbloquear_os ===
2026-06-08 21:05:45,243 - INFO - ⌛ Aguardando janela de confirmação de desbloqueio...
2026-06-08 21:06:00,664 - INFO - ⌛ Aguardando janela de confirmação de desbloqueio...
2026-06-08 21:06:16,066 - INFO - 🟨 Registros desbloqueados com sucesso
2026-06-08 21:06:20,169 - INFO - 
=== rotina editar_os ===
2026-06-08 21:06:29,577 - INFO - 🟨 OS programadas detectadas
2026-06-08 21:06:32,680 - INFO - ⌛ Aguardando janela de edição de OS...
2026-06-08 21:06:48,141 - INFO - 🟨 Janela de edição de OS detectada
2026-06-08 21:07:09,515 - INFO - 🟨 Janela de edição de habilidade da turma detectada
2026-06-08 21:08:27,824 - INFO - ⌛ Aguardando detecção do campo de caracteristica 'EQUIPE PRÓPRIA OU EPS' ...
2026-06-08 21:08:47,172 - INFO - 🟨 campo de caracteristica 'EQUIPE PRÓPRIA OU EPS detectado
2026-06-08 21:09:08,946 - INFO - ⌛ Aguardando confirmação 4 - editar OS...
2026-06-08 21:09:24,389 - INFO - ⌛ Aguardando confirmação 4 - editar OS...
2026-06-08 21:09:39,839 - INFO - ⌛ Aguardando confirmação 4 - editar OS...
2026-06-08 21:09:55,290 - INFO - ⌛ Aguardando confirmação 4 - editar OS...
2026-06-08 21:10:10,722 - INFO - 🟨 Janela de confirmação 4 de edição de OS detectada
2026-06-08 21:10:14,825 - INFO - 
=== rotina programar_os ===
2026-06-08 21:10:41,344 - INFO - ⌛ Aguardando janela de confirmação de programação de OS...
2026-06-08 21:11:06,770 - INFO - 🟨 Janela de confirmação de programação de OS detectada
2026-06-08 21:11:20,037 - INFO - 🟨 Janela de aviso de edição de OS programadas detectada
2026-06-08 21:11:27,241 - INFO - ⌛ aguardando janela de programação de lote de OS...
2026-06-08 21:11:52,745 - INFO - 🟨 Janela de aviso de substituição de lote de OS detectada
2026-06-08 21:12:12,861 - INFO - ⌛ aguardando janela de programação de lote de OS...
2026-06-08 21:12:38,366 - INFO - 🟨 Janela de programação de lote de OS detectada
2026-06-08 21:13:27,894 - INFO - 🟨 Janela de confirmação de programação de lote de OS detectada
2026-06-08 21:13:32,123 - INFO - ⌛ aguardando confirmação final de programação do lote
2026-06-08 21:13:57,608 - INFO - ⌛ aguardando confirmação final de programação do lote
2026-06-08 21:14:23,046 - INFO - ⌛ aguardando confirmação final de programação do lote
2026-06-08 21:14:48,518 - INFO - ⌛ aguardando confirmação final de programação do lote
2026-06-08 21:15:13,954 - INFO - 🟨 programação do lote 31 efetuado com sucesso
2026-06-08 21:15:24,061 - INFO - 
=== Iniciando lote 32/63 [LV] ===
2026-06-08 21:15:24,062 - INFO - 
=== abrir_janela_selecao ===
2026-06-08 21:15:30,370 - INFO - 
=== rotina abrir_selecao_colar_os ===
2026-06-08 21:15:30,418 - INFO - Janela de seleção aberta
2026-06-08 21:15:34,645 - INFO - DEBUG: idx=31, inicio=775, fim=800
2026-06-08 21:15:34,645 - INFO - ✅ 25 OS copiadas para a área de transferência.
2026-06-08 21:15:34,645 - INFO - 📋 Lote 32 copiado.
2026-06-08 21:15:42,970 - INFO - ⌛ Esperando mudança visual...
2026-06-08 21:15:43,986 - INFO - ⌛ Esperando mudança visual...
2026-06-08 21:15:44,998 - INFO - ⌛ Esperando mudança visual...
2026-06-08 21:15:46,016 - INFO - ⌛ Esperando mudança visual...
2026-06-08 21:15:47,029 - INFO - ⌛ Esperando mudança visual...
2026-06-08 21:15:48,045 - INFO - ⌛ Esperando mudança visual...
2026-06-08 21:15:49,064 - INFO - ⌛ Esperando mudança visual...
2026-06-08 21:15:50,077 - INFO - ⌛ Esperando mudança visual...
2026-06-08 21:15:51,092 - INFO - ⌛ Esperando mudança visual...
2026-06-08 21:15:52,111 - INFO - ⌛ Esperando mudança visual...
2026-06-08 21:15:53,125 - INFO - ⌛ Esperando mudança visual...
2026-06-08 21:15:54,139 - INFO - ⌛ Esperando mudança visual...
2026-06-08 21:15:55,156 - INFO - ⌛ Esperando mudança visual...
2026-06-08 21:15:56,172 - INFO - ⌛ Esperando mudança visual...
2026-06-08 21:15:57,186 - INFO - ⌛ Esperando mudança visual...
2026-06-08 21:15:58,204 - INFO - ⌛ Esperando mudança visual...
2026-06-08 21:15:59,220 - INFO - ✅ Tela carregada!
2026-06-08 21:16:03,221 - INFO - 
=== rotina desbloquear_os ===
2026-06-08 21:16:29,686 - INFO - ⌛ Aguardando janela de confirmação de desbloqueio...
2026-06-08 21:16:45,096 - INFO - ⌛ Aguardando janela de confirmação de desbloqueio...
2026-06-08 21:17:00,475 - INFO - ⌛ Aguardando janela de confirmação de desbloqueio...
2026-06-08 21:17:15,887 - INFO - 🟨 Registros desbloqueados com sucesso
2026-06-08 21:17:19,992 - INFO - 
=== rotina editar_os ===
2026-06-08 21:17:29,399 - INFO - ⌛ Aguardando janela de edição de OS...
2026-06-08 21:17:44,839 - INFO - 🟨 OS programadas detectadas
2026-06-08 21:17:47,943 - INFO - ⌛ Aguardando janela de edição de OS...
2026-06-08 21:18:03,387 - INFO - 🟨 Janela de edição de OS detectada
2026-06-08 21:18:24,739 - INFO - 🟨 Janela de edição de habilidade da turma detectada
2026-06-08 21:19:43,057 - INFO - ⌛ Aguardando detecção do campo de caracteristica 'EQUIPE PRÓPRIA OU EPS' ...
2026-06-08 21:20:02,419 - INFO - 🟨 campo de caracteristica 'EQUIPE PRÓPRIA OU EPS detectado
2026-06-08 21:20:24,188 - INFO - ⌛ Aguardando confirmação 4 - editar OS...
2026-06-08 21:20:39,714 - INFO - ⌛ Aguardando confirmação 4 - editar OS...
2026-06-08 21:20:55,189 - INFO - ⌛ Aguardando confirmação 4 - editar OS...
2026-06-08 21:21:10,641 - INFO - ⌛ Aguardando confirmação 4 - editar OS...
2026-06-08 21:21:26,094 - INFO - ⌛ Aguardando confirmação 4 - editar OS...
2026-06-08 21:21:41,567 - INFO - 🟨 Janela de confirmação 4 de edição de OS detectada
2026-06-08 21:21:45,676 - INFO - 
=== rotina programar_os ===
2026-06-08 21:22:12,207 - INFO - ⌛ Aguardando janela de confirmação de programação de OS...
2026-06-08 21:22:37,661 - INFO - 🟨 Janela de confirmação de programação de OS detectada
2026-06-08 21:22:50,917 - INFO - 🟨 Janela de aviso de edição de OS programadas detectada
2026-06-08 21:22:58,124 - INFO - ⌛ aguardando janela de programação de lote de OS...
2026-06-08 21:23:23,624 - INFO - 🟨 Janela de aviso de substituição de lote de OS detectada
2026-06-08 21:23:43,728 - INFO - ⌛ aguardando janela de programação de lote de OS...
2026-06-08 21:24:09,233 - INFO - 🟨 Janela de programação de lote de OS detectada
2026-06-08 21:24:58,734 - INFO - 🟨 Janela de confirmação de programação de lote de OS detectada
2026-06-08 21:25:02,958 - INFO - ⌛ aguardando confirmação final de programação do lote
2026-06-08 21:25:28,384 - INFO - ⌛ aguardando confirmação final de programação do lote
2026-06-08 21:25:53,824 - INFO - ⌛ aguardando confirmação final de programação do lote
2026-06-08 21:26:19,292 - INFO - 🟨 programação do lote 32 efetuado com sucesso
2026-06-08 21:26:29,401 - INFO - 
=== Iniciando lote 33/63 [LV] ===
2026-06-08 21:26:29,401 - INFO - 
=== abrir_janela_selecao ===
2026-06-08 21:26:35,708 - INFO - 
=== rotina abrir_selecao_colar_os ===
2026-06-08 21:26:35,756 - INFO - Janela de seleção aberta
2026-06-08 21:26:40,000 - INFO - DEBUG: idx=32, inicio=800, fim=825
2026-06-08 21:26:40,000 - INFO - ✅ 25 OS copiadas para a área de transferência.
2026-06-08 21:26:40,000 - INFO - 📋 Lote 33 copiado.
2026-06-08 21:26:48,328 - INFO - ⌛ Esperando mudança visual...
2026-06-08 21:26:49,342 - INFO - ⌛ Esperando mudança visual...
2026-06-08 21:26:50,358 - INFO - ⌛ Esperando mudança visual...
2026-06-08 21:26:51,375 - INFO - ⌛ Esperando mudança visual...
2026-06-08 21:26:52,391 - INFO - ⌛ Esperando mudança visual...
2026-06-08 21:26:53,406 - INFO - ⌛ Esperando mudança visual...
2026-06-08 21:26:54,422 - INFO - ⌛ Esperando mudança visual...
2026-06-08 21:26:55,435 - INFO - ⌛ Esperando mudança visual...
2026-06-08 21:26:56,453 - INFO - ⌛ Esperando mudança visual...
2026-06-08 21:26:57,470 - INFO - ⌛ Esperando mudança visual...
2026-06-08 21:26:58,481 - INFO - ⌛ Esperando mudança visual...
2026-06-08 21:26:59,500 - INFO - ⌛ Esperando mudança visual...
2026-06-08 21:27:00,515 - INFO - ⌛ Esperando mudança visual...
2026-06-08 21:27:01,531 - INFO - ✅ Tela carregada!
2026-06-08 21:27:05,533 - INFO - 
=== rotina desbloquear_os ===
2026-06-08 21:27:32,000 - INFO - ⌛ Aguardando janela de confirmação de desbloqueio...
2026-06-08 21:27:47,451 - INFO - ⌛ Aguardando janela de confirmação de desbloqueio...
2026-06-08 21:28:02,872 - INFO - ⌛ Aguardando janela de confirmação de desbloqueio...
2026-06-08 21:28:18,271 - INFO - 🟨 Registros desbloqueados com sucesso
2026-06-08 21:28:22,375 - INFO - 
=== rotina editar_os ===
2026-06-08 21:28:31,790 - INFO - ⌛ Aguardando janela de edição de OS...
2026-06-08 21:28:47,225 - INFO - 🟨 OS programadas detectadas
2026-06-08 21:28:50,329 - INFO - ⌛ Aguardando janela de edição de OS...
2026-06-08 21:29:05,790 - INFO - 🟨 Janela de edição de OS detectada
2026-06-08 21:29:27,156 - INFO - 🟨 Janela de edição de habilidade da turma detectada
2026-06-08 21:30:45,469 - INFO - ⌛ Aguardando detecção do campo de caracteristica 'EQUIPE PRÓPRIA OU EPS' ...
2026-06-08 21:31:04,832 - INFO - 🟨 campo de caracteristica 'EQUIPE PRÓPRIA OU EPS detectado
2026-06-08 21:31:26,606 - INFO - ⌛ Aguardando confirmação 4 - editar OS...
2026-06-08 21:31:42,049 - INFO - ⌛ Aguardando confirmação 4 - editar OS...
2026-06-08 21:31:57,486 - INFO - ⌛ Aguardando confirmação 4 - editar OS...
2026-06-08 21:32:13,055 - INFO - ⌛ Aguardando confirmação 4 - editar OS...
2026-06-08 21:32:28,495 - INFO - 🟨 Janela de confirmação 4 de edição de OS detectada
2026-06-08 21:32:32,604 - INFO - 
=== rotina programar_os ===
2026-06-08 21:32:59,121 - INFO - ⌛ Aguardando janela de confirmação de programação de OS...
2026-06-08 21:33:24,556 - INFO - 🟨 Janela de confirmação de programação de OS detectada
2026-06-08 21:33:37,815 - INFO - 🟨 Janela de aviso de edição de OS programadas detectada
2026-06-08 21:33:45,020 - INFO - ⌛ aguardando janela de programação de lote de OS...
2026-06-08 21:34:10,524 - INFO - 🟨 Janela de aviso de substituição de lote de OS detectada
2026-06-08 21:34:30,628 - INFO - ⌛ aguardando janela de programação de lote de OS...
2026-06-08 21:34:56,205 - INFO - 🟨 Janela de aviso de substituição de lote de OS detectada
2026-06-08 21:35:16,308 - INFO - ⌛ aguardando janela de programação de lote de OS...
2026-06-08 21:35:41,813 - INFO - 🟨 Janela de programação de lote de OS detectada
2026-06-08 21:36:31,365 - INFO - 🟨 Janela de confirmação de programação de lote de OS detectada
2026-06-08 21:36:35,613 - INFO - ⌛ aguardando confirmação final de programação do lote
2026-06-08 21:37:01,120 - INFO - 🟨 programação do lote 33 efetuado com sucesso
2026-06-08 21:37:11,224 - INFO - 
=== Iniciando lote 34/63 [LV] ===
2026-06-08 21:37:11,225 - INFO - 
=== abrir_janela_selecao ===
2026-06-08 21:37:17,533 - INFO - 
=== rotina abrir_selecao_colar_os ===
2026-06-08 21:37:17,588 - INFO - Janela de seleção aberta
2026-06-08 21:37:21,819 - INFO - DEBUG: idx=33, inicio=825, fim=850
2026-06-08 21:37:21,819 - INFO - ✅ 25 OS copiadas para a área de transferência.
2026-06-08 21:37:21,819 - INFO - 📋 Lote 34 copiado.
2026-06-08 21:37:30,146 - INFO - ⌛ Esperando mudança visual...
2026-06-08 21:37:31,162 - INFO - ⌛ Esperando mudança visual...
2026-06-08 21:37:32,174 - INFO - ⌛ Esperando mudança visual...
2026-06-08 21:37:33,190 - INFO - ⌛ Esperando mudança visual...
2026-06-08 21:37:34,207 - INFO - ⌛ Esperando mudança visual...
2026-06-08 21:37:35,221 - INFO - ⌛ Esperando mudança visual...
2026-06-08 21:37:36,237 - INFO - ⌛ Esperando mudança visual...
2026-06-08 21:37:37,257 - INFO - ⌛ Esperando mudança visual...
2026-06-08 21:37:38,272 - INFO - ⌛ Esperando mudança visual...
2026-06-08 21:37:39,283 - INFO - ⌛ Esperando mudança visual...
2026-06-08 21:37:40,302 - INFO - ⌛ Esperando mudança visual...
2026-06-08 21:37:41,316 - INFO - ⌛ Esperando mudança visual...
2026-06-08 21:37:42,330 - INFO - ⌛ Esperando mudança visual...
2026-06-08 21:37:43,350 - INFO - ⌛ Esperando mudança visual...
2026-06-08 21:37:44,365 - INFO - ⌛ Esperando mudança visual...
2026-06-08 21:37:45,378 - INFO - ✅ Tela carregada!
2026-06-08 21:37:49,385 - INFO - 
=== rotina desbloquear_os ===
2026-06-08 21:38:15,864 - INFO - ⌛ Aguardando janela de confirmação de desbloqueio...
2026-06-08 21:38:31,299 - INFO - ⌛ Aguardando janela de confirmação de desbloqueio...
2026-06-08 21:38:46,681 - INFO - 🟨 Registros desbloqueados com sucesso
2026-06-08 21:38:50,786 - INFO - 
=== rotina editar_os ===
2026-06-08 21:39:00,187 - INFO - ⌛ Aguardando janela de edição de OS...
2026-06-08 21:39:15,631 - INFO - 🟨 OS programadas detectadas
2026-06-08 21:39:18,735 - INFO - ⌛ Aguardando janela de edição de OS...
2026-06-08 21:39:34,192 - INFO - 🟨 Janela de edição de OS detectada
2026-06-08 21:39:55,574 - INFO - 🟨 Janela de edição de habilidade da turma detectada
2026-06-08 21:41:13,869 - INFO - ⌛ Aguardando detecção do campo de caracteristica 'EQUIPE PRÓPRIA OU EPS' ...
2026-06-08 21:41:33,231 - INFO - 🟨 campo de caracteristica 'EQUIPE PRÓPRIA OU EPS detectado
2026-06-08 21:41:54,987 - INFO - ⌛ Aguardando confirmação 4 - editar OS...
2026-06-08 21:42:10,428 - INFO - ⌛ Aguardando confirmação 4 - editar OS...
2026-06-08 21:42:25,914 - INFO - ⌛ Aguardando confirmação 4 - editar OS...
2026-06-08 21:42:41,362 - INFO - 🟨 Janela de confirmação 4 de edição de OS detectada
2026-06-08 21:42:45,465 - INFO - 
=== rotina programar_os ===
2026-06-08 21:43:11,994 - INFO - ⌛ Aguardando janela de confirmação de programação de OS...
2026-06-08 21:43:37,424 - INFO - 🟨 Janela de confirmação de programação de OS detectada
2026-06-08 21:43:50,684 - INFO - 🟨 Janela de aviso de edição de OS programadas detectada
2026-06-08 21:43:57,903 - INFO - ⌛ aguardando janela de programação de lote de OS...
2026-06-08 21:44:23,392 - INFO - 🟨 Janela de aviso de substituição de lote de OS detectada
2026-06-08 21:44:43,502 - INFO - ⌛ aguardando janela de programação de lote de OS...
2026-06-08 21:45:08,974 - INFO - 🟨 Janela de programação de lote de OS detectada
2026-06-08 21:45:58,484 - INFO - 🟨 Janela de confirmação de programação de lote de OS detectada
2026-06-08 21:46:02,715 - INFO - ⌛ aguardando confirmação final de programação do lote
2026-06-08 21:46:28,158 - INFO - ⌛ aguardando confirmação final de programação do lote
2026-06-08 21:46:53,613 - INFO - 🟨 programação do lote 34 efetuado com sucesso
2026-06-08 21:47:03,717 - INFO - 
=== Iniciando lote 35/63 [LV] ===
2026-06-08 21:47:03,718 - INFO - 
=== abrir_janela_selecao ===
2026-06-08 21:47:10,024 - INFO - 
=== rotina abrir_selecao_colar_os ===
2026-06-08 21:47:10,072 - INFO - Janela de seleção aberta
2026-06-08 21:47:14,299 - INFO - DEBUG: idx=34, inicio=850, fim=875
2026-06-08 21:47:14,299 - INFO - ✅ 25 OS copiadas para a área de transferência.
2026-06-08 21:47:14,299 - INFO - 📋 Lote 35 copiado.
2026-06-08 21:47:22,625 - INFO - ⌛ Esperando mudança visual...
2026-06-08 21:47:23,646 - INFO - ⌛ Esperando mudança visual...
2026-06-08 21:47:24,661 - INFO - ⌛ Esperando mudança visual...
2026-06-08 21:47:25,673 - INFO - ⌛ Esperando mudança visual...
2026-06-08 21:47:26,692 - INFO - ⌛ Esperando mudança visual...
2026-06-08 21:47:27,708 - INFO - ⌛ Esperando mudança visual...
2026-06-08 21:47:28,724 - INFO - ⌛ Esperando mudança visual...
2026-06-08 21:47:29,735 - INFO - ⌛ Esperando mudança visual...
2026-06-08 21:47:30,754 - INFO - ⌛ Esperando mudança visual...
2026-06-08 21:47:31,771 - INFO - ⌛ Esperando mudança visual...
2026-06-08 21:47:32,783 - INFO - ✅ Tela carregada!
2026-06-08 21:47:36,789 - INFO - 
=== rotina desbloquear_os ===
2026-06-08 21:48:03,253 - INFO - ⌛ Aguardando janela de confirmação de desbloqueio...
2026-06-08 21:48:18,654 - INFO - ⌛ Aguardando janela de confirmação de desbloqueio...
2026-06-08 21:48:34,031 - INFO - 🟨 Registros desbloqueados com sucesso
2026-06-08 21:48:38,141 - INFO - 
=== rotina editar_os ===
2026-06-08 21:48:47,554 - INFO - 🟨 OS programadas detectadas
2026-06-08 21:48:50,659 - INFO - ⌛ Aguardando janela de edição de OS...
2026-06-08 21:49:06,117 - INFO - 🟨 Janela de edição de OS detectada
2026-06-08 21:49:27,486 - INFO - 🟨 Janela de edição de habilidade da turma detectada
2026-06-08 21:50:45,803 - INFO - ⌛ Aguardando detecção do campo de caracteristica 'EQUIPE PRÓPRIA OU EPS' ...
2026-06-08 21:51:05,166 - INFO - 🟨 campo de caracteristica 'EQUIPE PRÓPRIA OU EPS detectado
2026-06-08 21:51:26,930 - INFO - ⌛ Aguardando confirmação 4 - editar OS...
2026-06-08 21:51:42,376 - INFO - ⌛ Aguardando confirmação 4 - editar OS...
2026-06-08 21:51:57,822 - INFO - ⌛ Aguardando confirmação 4 - editar OS...
2026-06-08 21:52:13,267 - INFO - 🟨 Janela de confirmação 4 de edição de OS detectada
2026-06-08 21:52:17,369 - INFO - 
=== rotina programar_os ===
2026-06-08 21:52:43,881 - INFO - ⌛ Aguardando janela de confirmação de programação de OS...
2026-06-08 21:53:09,312 - INFO - 🟨 Janela de confirmação de programação de OS detectada
2026-06-08 21:53:22,572 - INFO - 🟨 Janela de aviso de edição de OS programadas detectada
2026-06-08 21:53:29,789 - INFO - ⌛ aguardando janela de programação de lote de OS...
2026-06-08 21:53:55,303 - INFO - 🟨 Janela de aviso de substituição de lote de OS detectada
2026-06-08 21:54:15,406 - INFO - ⌛ aguardando janela de programação de lote de OS...
2026-06-08 21:54:40,948 - INFO - 🟨 Janela de programação de lote de OS detectada
2026-06-08 21:55:30,429 - INFO - 🟨 Janela de confirmação de programação de lote de OS detectada
2026-06-08 21:55:34,669 - INFO - ⌛ aguardando confirmação final de programação do lote
2026-06-08 21:56:00,154 - INFO - ⌛ aguardando confirmação final de programação do lote
2026-06-08 21:56:25,668 - INFO - 🟨 programação do lote 35 efetuado com sucesso
2026-06-08 21:56:35,773 - INFO - 
=== Iniciando lote 36/63 [LV] ===
2026-06-08 21:56:35,774 - INFO - 
=== abrir_janela_selecao ===
2026-06-08 21:56:42,086 - INFO - 
=== rotina abrir_selecao_colar_os ===
2026-06-08 21:56:42,132 - INFO - Janela de seleção aberta
2026-06-08 21:56:46,358 - INFO - DEBUG: idx=35, inicio=875, fim=900
2026-06-08 21:56:46,358 - INFO - ✅ 25 OS copiadas para a área de transferência.
2026-06-08 21:56:46,358 - INFO - 📋 Lote 36 copiado.
2026-06-08 21:56:54,680 - INFO - ⌛ Esperando mudança visual...
2026-06-08 21:56:55,699 - INFO - ⌛ Esperando mudança visual...
2026-06-08 21:56:56,716 - INFO - ⌛ Esperando mudança visual...
2026-06-08 21:56:57,727 - INFO - ⌛ Esperando mudança visual...
2026-06-08 21:56:58,746 - INFO - ⌛ Esperando mudança visual...
2026-06-08 21:56:59,762 - INFO - ⌛ Esperando mudança visual...
2026-06-08 21:57:00,774 - INFO - ⌛ Esperando mudança visual...
2026-06-08 21:57:01,793 - INFO - ⌛ Esperando mudança visual...
2026-06-08 21:57:02,809 - INFO - ⌛ Esperando mudança visual...
2026-06-08 21:57:03,821 - INFO - ⌛ Esperando mudança visual...
2026-06-08 21:57:04,841 - INFO - ⌛ Esperando mudança visual...
2026-06-08 21:57:05,857 - INFO - ✅ Tela carregada!
2026-06-08 21:57:09,858 - INFO - 
=== rotina desbloquear_os ===
2026-06-08 21:57:36,322 - INFO - ⌛ Aguardando janela de confirmação de desbloqueio...
2026-06-08 21:57:51,764 - INFO - ⌛ Aguardando janela de confirmação de desbloqueio...
2026-06-08 21:58:07,196 - INFO - 🟨 Registros desbloqueados com sucesso
2026-06-08 21:58:11,299 - INFO - 
=== rotina editar_os ===
2026-06-08 21:58:20,728 - INFO - 🟨 OS programadas detectadas
2026-06-08 21:58:23,840 - INFO - ⌛ Aguardando janela de edição de OS...
2026-06-08 21:58:39,277 - INFO - 🟨 Janela de edição de OS detectada
2026-06-08 21:59:00,663 - INFO - 🟨 Janela de edição de habilidade da turma detectada
2026-06-08 22:00:18,974 - INFO - ⌛ Aguardando detecção do campo de caracteristica 'EQUIPE PRÓPRIA OU EPS' ...
2026-06-08 22:00:38,327 - INFO - 🟨 campo de caracteristica 'EQUIPE PRÓPRIA OU EPS detectado
2026-06-08 22:01:00,169 - INFO - ⌛ Aguardando confirmação 4 - editar OS...
2026-06-08 22:01:15,723 - INFO - ⌛ Aguardando confirmação 4 - editar OS...
2026-06-08 22:01:31,243 - INFO - 🟨 Janela de confirmação 4 de edição de OS detectada
2026-06-08 22:01:35,345 - INFO - 
=== rotina programar_os ===
2026-06-08 22:02:01,897 - INFO - ⌛ Aguardando janela de confirmação de programação de OS...
2026-06-08 22:02:27,389 - INFO - 🟨 Janela de confirmação de programação de OS detectada
2026-06-08 22:02:40,700 - INFO - 🟨 Janela de aviso de edição de OS programadas detectada
2026-06-08 22:02:47,907 - INFO - ⌛ aguardando janela de programação de lote de OS...
2026-06-08 22:03:13,458 - INFO - 🟨 Janela de aviso de substituição de lote de OS detectada
2026-06-08 22:03:33,563 - INFO - ⌛ aguardando janela de programação de lote de OS...
2026-06-08 22:03:59,098 - INFO - 🟨 Janela de programação de lote de OS detectada
2026-06-08 22:04:48,653 - INFO - 🟨 Janela de confirmação de programação de lote de OS detectada
2026-06-08 22:04:52,870 - INFO - ⌛ aguardando confirmação final de programação do lote
2026-06-08 22:05:18,341 - INFO - 🟨 programação do lote 36 efetuado com sucesso
2026-06-08 22:05:28,450 - INFO - 
=== Iniciando lote 37/63 [LV] ===
2026-06-08 22:05:28,450 - INFO - 
=== abrir_janela_selecao ===
2026-06-08 22:05:34,757 - INFO - 
=== rotina abrir_selecao_colar_os ===
2026-06-08 22:05:34,812 - INFO - Janela de seleção aberta
2026-06-08 22:05:39,031 - INFO - DEBUG: idx=36, inicio=900, fim=925
2026-06-08 22:05:39,031 - INFO - ✅ 25 OS copiadas para a área de transferência.
2026-06-08 22:05:39,031 - INFO - 📋 Lote 37 copiado.
2026-06-08 22:05:47,373 - INFO - ⌛ Esperando mudança visual...
2026-06-08 22:05:48,392 - INFO - ⌛ Esperando mudança visual...
2026-06-08 22:05:49,408 - INFO - ⌛ Esperando mudança visual...
2026-06-08 22:05:50,420 - INFO - ⌛ Esperando mudança visual...
2026-06-08 22:05:51,439 - INFO - ⌛ Esperando mudança visual...
2026-06-08 22:05:52,456 - INFO - ⌛ Esperando mudança visual...
2026-06-08 22:05:53,467 - INFO - ⌛ Esperando mudança visual...
2026-06-08 22:05:54,486 - INFO - ⌛ Esperando mudança visual...
2026-06-08 22:05:55,503 - INFO - ⌛ Esperando mudança visual...
2026-06-08 22:05:56,517 - INFO - ⌛ Esperando mudança visual...
2026-06-08 22:05:57,530 - INFO - ⌛ Esperando mudança visual...
2026-06-08 22:05:58,549 - INFO - ✅ Tela carregada!
2026-06-08 22:06:02,551 - INFO - 
=== rotina desbloquear_os ===
2026-06-08 22:06:29,016 - INFO - ⌛ Aguardando janela de confirmação de desbloqueio...
2026-06-08 22:06:44,417 - INFO - 🟨 Registros desbloqueados com sucesso
2026-06-08 22:06:48,523 - INFO - 
=== rotina editar_os ===
2026-06-08 22:06:57,935 - INFO - ⌛ Aguardando janela de edição de OS...
2026-06-08 22:07:13,344 - INFO - 🟨 OS programadas detectadas
2026-06-08 22:07:16,453 - INFO - ⌛ Aguardando janela de edição de OS...
2026-06-08 22:07:31,897 - INFO - 🟨 Janela de edição de OS detectada
2026-06-08 22:07:53,255 - INFO - 🟨 Janela de edição de habilidade da turma detectada
2026-06-08 22:09:11,566 - INFO - ⌛ Aguardando detecção do campo de caracteristica 'EQUIPE PRÓPRIA OU EPS' ...
2026-06-08 22:09:30,929 - INFO - 🟨 campo de caracteristica 'EQUIPE PRÓPRIA OU EPS detectado
2026-06-08 22:09:52,709 - INFO - ⌛ Aguardando confirmação 4 - editar OS...
2026-06-08 22:10:08,122 - INFO - ⌛ Aguardando confirmação 4 - editar OS...
2026-06-08 22:10:23,570 - INFO - ⌛ Aguardando confirmação 4 - editar OS...
2026-06-08 22:10:39,025 - INFO - ⌛ Aguardando confirmação 4 - editar OS...
2026-06-08 22:10:54,470 - INFO - 🟨 Janela de confirmação 4 de edição de OS detectada
2026-06-08 22:10:58,584 - INFO - 
=== rotina programar_os ===
2026-06-08 22:11:25,121 - INFO - ⌛ Aguardando janela de confirmação de programação de OS...
2026-06-08 22:11:50,542 - INFO - 🟨 Janela de confirmação de programação de OS detectada
2026-06-08 22:12:03,814 - INFO - 🟨 Janela de aviso de edição de OS programadas detectada
2026-06-08 22:12:11,035 - INFO - ⌛ aguardando janela de programação de lote de OS...
2026-06-08 22:12:36,527 - INFO - 🟨 Janela de aviso de substituição de lote de OS detectada
2026-06-08 22:12:56,637 - INFO - ⌛ aguardando janela de programação de lote de OS...
2026-06-08 22:13:22,151 - INFO - 🟨 Janela de aviso de substituição de lote de OS detectada
2026-06-08 22:13:42,256 - INFO - ⌛ aguardando janela de programação de lote de OS...
2026-06-08 22:14:07,793 - INFO - 🟨 Janela de programação de lote de OS detectada
2026-06-08 22:14:57,309 - INFO - 🟨 Janela de confirmação de programação de lote de OS detectada
2026-06-08 22:15:01,523 - INFO - ⌛ aguardando confirmação final de programação do lote
2026-06-08 22:15:26,965 - INFO - ⌛ aguardando confirmação final de programação do lote
2026-06-08 22:15:52,425 - INFO - 🟨 programação do lote 37 efetuado com sucesso
2026-06-08 22:16:02,530 - INFO - 
=== Iniciando lote 38/63 [LV] ===
2026-06-08 22:16:02,530 - INFO - 
=== abrir_janela_selecao ===
2026-06-08 22:16:08,837 - INFO - 
=== rotina abrir_selecao_colar_os ===
2026-06-08 22:16:08,907 - INFO - Janela de seleção aberta
2026-06-08 22:16:13,125 - INFO - DEBUG: idx=37, inicio=925, fim=950
2026-06-08 22:16:13,125 - INFO - ✅ 25 OS copiadas para a área de transferência.
2026-06-08 22:16:13,125 - INFO - 📋 Lote 38 copiado.
2026-06-08 22:16:21,455 - INFO - ⌛ Esperando mudança visual...
2026-06-08 22:16:22,466 - INFO - ⌛ Esperando mudança visual...
2026-06-08 22:16:23,486 - INFO - ⌛ Esperando mudança visual...
2026-06-08 22:16:24,501 - INFO - ⌛ Esperando mudança visual...
2026-06-08 22:16:25,517 - INFO - ⌛ Esperando mudança visual...
2026-06-08 22:16:26,529 - INFO - ⌛ Esperando mudança visual...
2026-06-08 22:16:27,548 - INFO - ⌛ Esperando mudança visual...
2026-06-08 22:16:28,564 - INFO - ⌛ Esperando mudança visual...
2026-06-08 22:16:29,576 - INFO - ⌛ Esperando mudança visual...
2026-06-08 22:16:30,594 - INFO - ⌛ Esperando mudança visual...
2026-06-08 22:16:31,612 - INFO - ⌛ Esperando mudança visual...
2026-06-08 22:16:32,625 - INFO - ⌛ Esperando mudança visual...
2026-06-08 22:16:33,640 - INFO - ⌛ Esperando mudança visual...
2026-06-08 22:16:34,658 - INFO - ⌛ Esperando mudança visual...
2026-06-08 22:16:35,670 - INFO - ✅ Tela carregada!
2026-06-08 22:16:39,675 - INFO - 
=== rotina desbloquear_os ===
2026-06-08 22:17:06,159 - INFO - ⌛ Aguardando janela de confirmação de desbloqueio...
2026-06-08 22:17:21,545 - INFO - ⌛ Aguardando janela de confirmação de desbloqueio...
2026-06-08 22:17:36,925 - INFO - 🟨 Registros desbloqueados com sucesso
2026-06-08 22:17:41,028 - INFO - 
=== rotina editar_os ===
2026-06-08 22:17:50,429 - INFO - ⌛ Aguardando janela de edição de OS...
2026-06-08 22:18:05,890 - INFO - 🟨 OS programadas detectadas
2026-06-08 22:18:08,994 - INFO - ⌛ Aguardando janela de edição de OS...
2026-06-08 22:18:24,435 - INFO - 🟨 Janela de edição de OS detectada
2026-06-08 22:18:45,799 - INFO - 🟨 Janela de edição de habilidade da turma detectada
2026-06-08 22:20:04,107 - INFO - ⌛ Aguardando detecção do campo de caracteristica 'EQUIPE PRÓPRIA OU EPS' ...
2026-06-08 22:20:23,470 - INFO - 🟨 campo de caracteristica 'EQUIPE PRÓPRIA OU EPS detectado
2026-06-08 22:20:45,226 - INFO - ⌛ Aguardando confirmação 4 - editar OS...
2026-06-08 22:21:00,685 - INFO - ⌛ Aguardando confirmação 4 - editar OS...
2026-06-08 22:21:16,123 - INFO - ⌛ Aguardando confirmação 4 - editar OS...
2026-06-08 22:21:31,572 - INFO - 🟨 Janela de confirmação 4 de edição de OS detectada
2026-06-08 22:21:35,675 - INFO - 
=== rotina programar_os ===
2026-06-08 22:22:02,188 - INFO - ⌛ Aguardando janela de confirmação de programação de OS...
2026-06-08 22:22:27,617 - INFO - 🟨 Janela de confirmação de programação de OS detectada
2026-06-08 22:22:40,873 - INFO - 🟨 Janela de aviso de edição de OS programadas detectada
2026-06-08 22:22:48,081 - INFO - ⌛ aguardando janela de programação de lote de OS...
2026-06-08 22:23:13,579 - INFO - 🟨 Janela de aviso de substituição de lote de OS detectada
2026-06-08 22:23:33,689 - INFO - ⌛ aguardando janela de programação de lote de OS...
2026-06-08 22:23:59,191 - INFO - 🟨 Janela de programação de lote de OS detectada
2026-06-08 22:24:48,712 - INFO - 🟨 Janela de confirmação de programação de lote de OS detectada
2026-06-08 22:24:52,942 - INFO - ⌛ aguardando confirmação final de programação do lote
2026-06-08 22:25:18,401 - INFO - 🟨 programação do lote 38 efetuado com sucesso
2026-06-08 22:25:28,506 - INFO - 
=== Iniciando lote 39/63 [LV] ===
2026-06-08 22:25:28,507 - INFO - 
=== abrir_janela_selecao ===
2026-06-08 22:25:34,814 - INFO - 
=== rotina abrir_selecao_colar_os ===
2026-06-08 22:25:34,868 - INFO - Janela de seleção aberta
2026-06-08 22:25:39,091 - INFO - DEBUG: idx=38, inicio=950, fim=975
2026-06-08 22:25:39,091 - INFO - ✅ 25 OS copiadas para a área de transferência.
2026-06-08 22:25:39,091 - INFO - 📋 Lote 39 copiado.
2026-06-08 22:25:47,415 - INFO - ⌛ Esperando mudança visual...
2026-06-08 22:25:48,428 - INFO - ⌛ Esperando mudança visual...
2026-06-08 22:25:49,446 - INFO - ⌛ Esperando mudança visual...
2026-06-08 22:25:50,463 - INFO - ⌛ Esperando mudança visual...
2026-06-08 22:25:51,474 - INFO - ⌛ Esperando mudança visual...
2026-06-08 22:25:52,495 - INFO - ⌛ Esperando mudança visual...
2026-06-08 22:25:53,510 - INFO - ⌛ Esperando mudança visual...
2026-06-08 22:25:54,521 - INFO - ⌛ Esperando mudança visual...
2026-06-08 22:25:55,540 - INFO - ⌛ Esperando mudança visual...
2026-06-08 22:25:56,557 - INFO - ⌛ Esperando mudança visual...
2026-06-08 22:25:57,574 - INFO - ⌛ Esperando mudança visual...
2026-06-08 22:25:58,587 - INFO - ✅ Tela carregada!
2026-06-08 22:26:02,589 - INFO - 
=== rotina desbloquear_os ===
2026-06-08 22:26:29,057 - INFO - ⌛ Aguardando janela de confirmação de desbloqueio...
2026-06-08 22:26:44,522 - INFO - ⌛ Aguardando janela de confirmação de desbloqueio...
2026-06-08 22:26:59,955 - INFO - 🟨 Registros desbloqueados com sucesso
2026-06-08 22:27:04,059 - INFO - 
=== rotina editar_os ===
2026-06-08 22:27:13,471 - INFO - ⌛ Aguardando janela de edição de OS...
2026-06-08 22:27:28,878 - INFO - 🟨 OS programadas detectadas
2026-06-08 22:27:31,993 - INFO - ⌛ Aguardando janela de edição de OS...
2026-06-08 22:27:47,433 - INFO - 🟨 Janela de edição de OS detectada
2026-06-08 22:28:08,798 - INFO - 🟨 Janela de edição de habilidade da turma detectada
2026-06-08 22:29:27,104 - INFO - ⌛ Aguardando detecção do campo de caracteristica 'EQUIPE PRÓPRIA OU EPS' ...
2026-06-08 22:29:46,456 - INFO - 🟨 campo de caracteristica 'EQUIPE PRÓPRIA OU EPS detectado
2026-06-08 22:30:08,222 - INFO - ⌛ Aguardando confirmação 4 - editar OS...
2026-06-08 22:30:23,668 - INFO - ⌛ Aguardando confirmação 4 - editar OS...
2026-06-08 22:30:23,795 - INFO - 🟨 Identificado travamento no EQM, reiniciando contador de espera
2026-06-08 22:30:39,139 - INFO - ⌛ Aguardando confirmação 4 - editar OS...
2026-06-08 22:30:54,625 - INFO - ⌛ Aguardando confirmação 4 - editar OS...
2026-06-08 22:31:10,071 - INFO - 🟨 Janela de confirmação 4 de edição de OS detectada
2026-06-08 22:31:14,178 - INFO - 
=== rotina programar_os ===
2026-06-08 22:31:40,708 - INFO - ⌛ Aguardando janela de confirmação de programação de OS...
2026-06-08 22:32:06,128 - INFO - 🟨 Janela de confirmação de programação de OS detectada
2026-06-08 22:32:19,377 - INFO - 🟨 Janela de aviso de edição de OS programadas detectada
2026-06-08 22:32:26,593 - INFO - ⌛ aguardando janela de programação de lote de OS...
2026-06-08 22:32:52,108 - INFO - 🟨 Janela de aviso de substituição de lote de OS detectada
2026-06-08 22:33:12,212 - INFO - ⌛ aguardando janela de programação de lote de OS...
2026-06-08 22:33:37,714 - INFO - 🟨 Janela de programação de lote de OS detectada
2026-06-08 22:34:27,249 - INFO - 🟨 Janela de confirmação de programação de lote de OS detectada
2026-06-08 22:34:31,487 - INFO - ⌛ aguardando confirmação final de programação do lote
2026-06-08 22:34:56,970 - INFO - 🟨 programação do lote 39 efetuado com sucesso
2026-06-08 22:35:07,074 - INFO - 
=== Iniciando lote 40/63 [LV] ===
2026-06-08 22:35:07,074 - INFO - 
=== abrir_janela_selecao ===
2026-06-08 22:35:13,381 - INFO - 
=== rotina abrir_selecao_colar_os ===
2026-06-08 22:35:13,424 - INFO - Janela de seleção aberta
2026-06-08 22:35:17,654 - INFO - DEBUG: idx=39, inicio=975, fim=1000
2026-06-08 22:35:17,654 - INFO - ✅ 25 OS copiadas para a área de transferência.
2026-06-08 22:35:17,654 - INFO - 📋 Lote 40 copiado.
2026-06-08 22:35:25,977 - INFO - ⌛ Esperando mudança visual...
2026-06-08 22:35:26,997 - INFO - ⌛ Esperando mudança visual...
2026-06-08 22:35:28,013 - INFO - ⌛ Esperando mudança visual...
2026-06-08 22:35:29,024 - INFO - ⌛ Esperando mudança visual...
2026-06-08 22:35:30,044 - INFO - ⌛ Esperando mudança visual...
2026-06-08 22:35:31,060 - INFO - ⌛ Esperando mudança visual...
2026-06-08 22:35:32,071 - INFO - ⌛ Esperando mudança visual...
2026-06-08 22:35:33,090 - INFO - ⌛ Esperando mudança visual...
2026-06-08 22:35:34,106 - INFO - ⌛ Esperando mudança visual...
2026-06-08 22:35:35,121 - INFO - ⌛ Esperando mudança visual...
2026-06-08 22:35:36,138 - INFO - ✅ Tela carregada!
2026-06-08 22:35:40,139 - INFO - 
=== rotina desbloquear_os ===
2026-06-08 22:36:06,604 - INFO - ⌛ Aguardando janela de confirmação de desbloqueio...
2026-06-08 22:36:22,046 - INFO - ⌛ Aguardando janela de confirmação de desbloqueio...
2026-06-08 22:36:37,478 - INFO - 🟨 Registros desbloqueados com sucesso
2026-06-08 22:36:41,585 - INFO - 
=== rotina editar_os ===
2026-06-08 22:36:51,045 - INFO - ⌛ Aguardando janela de edição de OS...
2026-06-08 22:37:06,644 - INFO - 🟨 OS programadas detectadas
2026-06-08 22:37:09,747 - INFO - ⌛ Aguardando janela de edição de OS...
2026-06-08 22:37:25,210 - INFO - 🟨 Janela de edição de OS detectada
2026-06-08 22:37:46,571 - INFO - 🟨 Janela de edição de habilidade da turma detectada
2026-06-08 22:39:04,868 - INFO - ⌛ Aguardando detecção do campo de caracteristica 'EQUIPE PRÓPRIA OU EPS' ...
2026-06-08 22:39:24,218 - INFO - 🟨 campo de caracteristica 'EQUIPE PRÓPRIA OU EPS detectado
2026-06-08 22:39:46,020 - INFO - ⌛ Aguardando confirmação 4 - editar OS...
2026-06-08 22:40:01,494 - INFO - ⌛ Aguardando confirmação 4 - editar OS...
2026-06-08 22:40:16,975 - INFO - ⌛ Aguardando confirmação 4 - editar OS...
2026-06-08 22:40:32,476 - INFO - ⌛ Aguardando confirmação 4 - editar OS...
2026-06-08 22:40:47,977 - INFO - 🟨 Janela de confirmação 4 de edição de OS detectada
2026-06-08 22:40:52,080 - INFO - 
=== rotina programar_os ===
2026-06-08 22:41:18,614 - INFO - ⌛ Aguardando janela de confirmação de programação de OS...
2026-06-08 22:41:44,105 - INFO - 🟨 Janela de confirmação de programação de OS detectada
2026-06-08 22:41:57,392 - INFO - 🟨 Janela de aviso de edição de OS programadas detectada
2026-06-08 22:42:04,596 - INFO - ⌛ aguardando janela de programação de lote de OS...
2026-06-08 22:42:30,147 - INFO - 🟨 Janela de aviso de substituição de lote de OS detectada
2026-06-08 22:42:50,251 - INFO - ⌛ aguardando janela de programação de lote de OS...
2026-06-08 22:43:15,798 - INFO - 🟨 Janela de programação de lote de OS detectada
2026-06-08 22:44:05,311 - INFO - 🟨 Janela de confirmação de programação de lote de OS detectada
2026-06-08 22:44:09,516 - INFO - ⌛ aguardando confirmação final de programação do lote
2026-06-08 22:44:34,944 - INFO - 🟨 programação do lote 40 efetuado com sucesso
2026-06-08 22:44:45,052 - INFO - 
=== Iniciando lote 41/63 [LV] ===
2026-06-08 22:44:45,052 - INFO - 
=== abrir_janela_selecao ===
2026-06-08 22:44:51,358 - INFO - 
=== rotina abrir_selecao_colar_os ===
2026-06-08 22:44:51,419 - INFO - Janela de seleção aberta
2026-06-08 22:44:55,640 - INFO - DEBUG: idx=40, inicio=1000, fim=1025
2026-06-08 22:44:55,641 - INFO - ✅ 25 OS copiadas para a área de transferência.
2026-06-08 22:44:55,641 - INFO - 📋 Lote 41 copiado.
2026-06-08 22:45:03,965 - INFO - ⌛ Esperando mudança visual...
2026-06-08 22:45:04,976 - INFO - ⌛ Esperando mudança visual...
2026-06-08 22:45:05,996 - INFO - ⌛ Esperando mudança visual...
2026-06-08 22:45:07,014 - INFO - ⌛ Esperando mudança visual...
2026-06-08 22:45:08,023 - INFO - ⌛ Esperando mudança visual...
2026-06-08 22:45:09,044 - INFO - ⌛ Esperando mudança visual...
2026-06-08 22:45:10,060 - INFO - ⌛ Esperando mudança visual...
2026-06-08 22:45:11,070 - INFO - ⌛ Esperando mudança visual...
2026-06-08 22:45:12,087 - INFO - ⌛ Esperando mudança visual...
2026-06-08 22:45:13,103 - INFO - ⌛ Esperando mudança visual...
2026-06-08 22:45:14,120 - INFO - ✅ Tela carregada!
2026-06-08 22:45:18,123 - INFO - 
=== rotina desbloquear_os ===
2026-06-08 22:45:44,590 - INFO - ⌛ Aguardando janela de confirmação de desbloqueio...
2026-06-08 22:45:59,969 - INFO - ⌛ Aguardando janela de confirmação de desbloqueio...
2026-06-08 22:46:15,357 - INFO - 🟨 Registros desbloqueados com sucesso
2026-06-08 22:46:19,474 - INFO - 
=== rotina editar_os ===
2026-06-08 22:46:28,887 - INFO - ⌛ Aguardando janela de edição de OS...
2026-06-08 22:46:44,321 - INFO - 🟨 OS programadas detectadas
2026-06-08 22:46:47,430 - INFO - ⌛ Aguardando janela de edição de OS...
2026-06-08 22:47:02,868 - INFO - 🟨 Janela de edição de OS detectada
2026-06-08 22:47:24,223 - INFO - 🟨 Janela de edição de habilidade da turma detectada
2026-06-08 22:48:42,539 - INFO - ⌛ Aguardando detecção do campo de caracteristica 'EQUIPE PRÓPRIA OU EPS' ...
2026-06-08 22:49:01,907 - INFO - 🟨 campo de caracteristica 'EQUIPE PRÓPRIA OU EPS detectado
2026-06-08 22:49:23,695 - INFO - ⌛ Aguardando confirmação 4 - editar OS...
2026-06-08 22:49:39,124 - INFO - ⌛ Aguardando confirmação 4 - editar OS...
2026-06-08 22:49:54,577 - INFO - ⌛ Aguardando confirmação 4 - editar OS...
2026-06-08 22:50:10,033 - INFO - 🟨 Janela de confirmação 4 de edição de OS detectada
2026-06-08 22:50:14,142 - INFO - 
=== rotina programar_os ===
2026-06-08 22:50:40,658 - INFO - ⌛ Aguardando janela de confirmação de programação de OS...
2026-06-08 22:51:06,072 - INFO - 🟨 Janela de confirmação de programação de OS detectada
2026-06-08 22:51:19,325 - INFO - 🟨 Janela de aviso de edição de OS programadas detectada
2026-06-08 22:51:26,541 - INFO - ⌛ aguardando janela de programação de lote de OS...
2026-06-08 22:51:52,069 - INFO - 🟨 Janela de aviso de substituição de lote de OS detectada
2026-06-08 22:52:12,176 - INFO - ⌛ aguardando janela de programação de lote de OS...
2026-06-08 22:52:37,665 - INFO - 🟨 Janela de programação de lote de OS detectada
2026-06-08 22:53:27,167 - INFO - 🟨 Janela de confirmação de programação de lote de OS detectada
2026-06-08 22:53:31,388 - INFO - ⌛ aguardando confirmação final de programação do lote
2026-06-08 22:53:56,842 - INFO - 🟨 programação do lote 41 efetuado com sucesso
2026-06-08 22:54:06,952 - INFO - 
=== Iniciando lote 42/63 [LV] ===
2026-06-08 22:54:06,953 - INFO - 
=== abrir_janela_selecao ===
2026-06-08 22:54:13,260 - INFO - 
=== rotina abrir_selecao_colar_os ===
2026-06-08 22:54:13,306 - INFO - Janela de seleção aberta
2026-06-08 22:54:17,539 - INFO - DEBUG: idx=41, inicio=1025, fim=1050
2026-06-08 22:54:17,539 - INFO - ✅ 25 OS copiadas para a área de transferência.
2026-06-08 22:54:17,539 - INFO - 📋 Lote 42 copiado.
2026-06-08 22:54:25,859 - INFO - ⌛ Esperando mudança visual...
2026-06-08 22:54:26,875 - INFO - ⌛ Esperando mudança visual...
2026-06-08 22:54:27,894 - INFO - ⌛ Esperando mudança visual...
2026-06-08 22:54:28,910 - INFO - ⌛ Esperando mudança visual...
2026-06-08 22:54:29,922 - INFO - ⌛ Esperando mudança visual...
2026-06-08 22:54:30,941 - INFO - ⌛ Esperando mudança visual...
2026-06-08 22:54:31,958 - INFO - ⌛ Esperando mudança visual...
2026-06-08 22:54:32,969 - INFO - ⌛ Esperando mudança visual...
2026-06-08 22:54:33,988 - INFO - ⌛ Esperando mudança visual...
2026-06-08 22:54:35,002 - INFO - ⌛ Esperando mudança visual...
2026-06-08 22:54:36,016 - INFO - ✅ Tela carregada!
2026-06-08 22:54:40,021 - INFO - 
=== rotina desbloquear_os ===
2026-06-08 22:55:06,484 - INFO - ⌛ Aguardando janela de confirmação de desbloqueio...
2026-06-08 22:55:21,868 - INFO - ⌛ Aguardando janela de confirmação de desbloqueio...
2026-06-08 22:55:37,240 - INFO - 🟨 Registros desbloqueados com sucesso
2026-06-08 22:55:41,343 - INFO - 
=== rotina editar_os ===
2026-06-08 22:55:50,752 - INFO - ⌛ Aguardando janela de edição de OS...
2026-06-08 22:56:06,226 - INFO - 🟨 Janela de edição de OS detectada
2026-06-08 22:56:27,573 - INFO - 🟨 Janela de edição de habilidade da turma detectada
2026-06-08 22:57:45,890 - INFO - ⌛ Aguardando detecção do campo de caracteristica 'EQUIPE PRÓPRIA OU EPS' ...
2026-06-08 22:58:05,253 - INFO - 🟨 campo de caracteristica 'EQUIPE PRÓPRIA OU EPS detectado
2026-06-08 22:58:27,030 - INFO - ⌛ Aguardando confirmação 4 - editar OS...
2026-06-08 22:58:42,473 - INFO - ⌛ Aguardando confirmação 4 - editar OS...
2026-06-08 22:58:57,946 - INFO - ⌛ Aguardando confirmação 4 - editar OS...
2026-06-08 22:59:13,387 - INFO - 🟨 Janela de confirmação 4 de edição de OS detectada
2026-06-08 22:59:17,490 - INFO - 
=== rotina programar_os ===
2026-06-08 22:59:44,035 - INFO - ⌛ Aguardando janela de confirmação de programação de OS...
2026-06-08 23:00:09,465 - INFO - 🟨 Janela de confirmação de programação de OS detectada
2026-06-08 23:00:22,715 - INFO - ⌛ aguardando janela de programação de lote de OS...
2026-06-08 23:00:48,214 - INFO - 🟨 Janela de programação de lote de OS detectada
2026-06-08 23:01:37,712 - INFO - 🟨 Janela de confirmação de programação de lote de OS detectada
2026-06-08 23:01:41,922 - INFO - ⌛ aguardando confirmação final de programação do lote
2026-06-08 23:02:07,423 - INFO - 🟨 programação do lote 42 efetuado com sucesso
2026-06-08 23:02:17,541 - INFO - 
=== Iniciando lote 43/63 [LV] ===
2026-06-08 23:02:17,542 - INFO - 
=== abrir_janela_selecao ===
2026-06-08 23:02:23,854 - INFO - 
=== rotina abrir_selecao_colar_os ===
2026-06-08 23:02:23,896 - INFO - Janela de seleção aberta
2026-06-08 23:02:28,120 - INFO - DEBUG: idx=42, inicio=1050, fim=1075
2026-06-08 23:02:28,120 - INFO - ✅ 25 OS copiadas para a área de transferência.
2026-06-08 23:02:28,120 - INFO - 📋 Lote 43 copiado.
2026-06-08 23:02:36,448 - INFO - ⌛ Esperando mudança visual...
2026-06-08 23:02:37,461 - INFO - ⌛ Esperando mudança visual...
2026-06-08 23:02:38,478 - INFO - ⌛ Esperando mudança visual...
2026-06-08 23:02:39,494 - INFO - ⌛ Esperando mudança visual...
2026-06-08 23:02:40,511 - INFO - ⌛ Esperando mudança visual...
2026-06-08 23:02:41,523 - INFO - ⌛ Esperando mudança visual...
2026-06-08 23:02:42,542 - INFO - ⌛ Esperando mudança visual...
2026-06-08 23:02:43,556 - INFO - ⌛ Esperando mudança visual...
2026-06-08 23:02:44,570 - INFO - ⌛ Esperando mudança visual...
2026-06-08 23:02:45,590 - INFO - ⌛ Esperando mudança visual...
2026-06-08 23:02:46,603 - INFO - ✅ Tela carregada!
2026-06-08 23:02:50,604 - INFO - 
=== rotina desbloquear_os ===
2026-06-08 23:03:17,070 - INFO - ⌛ Aguardando janela de confirmação de desbloqueio...
2026-06-08 23:03:32,423 - INFO - 🟨 Registros desbloqueados com sucesso
2026-06-08 23:03:36,541 - INFO - 
=== rotina editar_os ===
2026-06-08 23:03:45,953 - INFO - ⌛ Aguardando janela de edição de OS...
2026-06-08 23:04:01,368 - INFO - 🟨 OS programadas detectadas
2026-06-08 23:04:04,478 - INFO - ⌛ Aguardando janela de edição de OS...
2026-06-08 23:04:19,936 - INFO - 🟨 Janela de edição de OS detectada
2026-06-08 23:04:41,299 - INFO - 🟨 Janela de edição de habilidade da turma detectada
2026-06-08 23:05:59,624 - INFO - ⌛ Aguardando detecção do campo de caracteristica 'EQUIPE PRÓPRIA OU EPS' ...
2026-06-08 23:06:18,986 - INFO - 🟨 campo de caracteristica 'EQUIPE PRÓPRIA OU EPS detectado
2026-06-08 23:06:40,765 - INFO - ⌛ Aguardando confirmação 4 - editar OS...
2026-06-08 23:06:56,201 - INFO - ⌛ Aguardando confirmação 4 - editar OS...
2026-06-08 23:07:11,639 - INFO - ⌛ Aguardando confirmação 4 - editar OS...
2026-06-08 23:07:27,068 - INFO - 🟨 Janela de confirmação 4 de edição de OS detectada
2026-06-08 23:07:31,175 - INFO - 
=== rotina programar_os ===
2026-06-08 23:07:57,689 - INFO - ⌛ Aguardando janela de confirmação de programação de OS...
2026-06-08 23:08:23,115 - INFO - 🟨 Janela de confirmação de programação de OS detectada
2026-06-08 23:08:36,398 - INFO - 🟨 Janela de aviso de edição de OS programadas detectada
2026-06-08 23:08:43,604 - INFO - ⌛ aguardando janela de programação de lote de OS...
2026-06-08 23:09:09,109 - INFO - 🟨 Janela de aviso de substituição de lote de OS detectada
2026-06-08 23:09:29,210 - INFO - ⌛ aguardando janela de programação de lote de OS...
2026-06-08 23:09:54,711 - INFO - 🟨 Janela de programação de lote de OS detectada
2026-06-08 23:10:44,209 - INFO - 🟨 Janela de confirmação de programação de lote de OS detectada
2026-06-08 23:10:48,441 - INFO - ⌛ aguardando confirmação final de programação do lote
2026-06-08 23:11:13,913 - INFO - 🟨 programação do lote 43 efetuado com sucesso
2026-06-08 23:11:24,018 - INFO - 
=== Iniciando lote 44/63 [LV] ===
2026-06-08 23:11:24,018 - INFO - 
=== abrir_janela_selecao ===
2026-06-08 23:11:30,326 - INFO - 
=== rotina abrir_selecao_colar_os ===
2026-06-08 23:11:30,373 - INFO - Janela de seleção aberta
2026-06-08 23:11:34,604 - INFO - DEBUG: idx=43, inicio=1075, fim=1100
2026-06-08 23:11:34,604 - INFO - ✅ 25 OS copiadas para a área de transferência.
2026-06-08 23:11:34,604 - INFO - 📋 Lote 44 copiado.
2026-06-08 23:11:42,930 - INFO - ⌛ Esperando mudança visual...
2026-06-08 23:11:43,945 - INFO - ⌛ Esperando mudança visual...
2026-06-08 23:11:44,961 - INFO - ⌛ Esperando mudança visual...
2026-06-08 23:11:45,973 - INFO - ⌛ Esperando mudança visual...
2026-06-08 23:11:46,993 - INFO - ⌛ Esperando mudança visual...
2026-06-08 23:11:48,008 - INFO - ⌛ Esperando mudança visual...
2026-06-08 23:11:49,020 - INFO - ⌛ Esperando mudança visual...
2026-06-08 23:11:50,039 - INFO - ⌛ Esperando mudança visual...
2026-06-08 23:11:51,055 - INFO - ⌛ Esperando mudança visual...
2026-06-08 23:11:52,067 - INFO - ✅ Tela carregada!
2026-06-08 23:11:56,075 - INFO - 
=== rotina desbloquear_os ===
2026-06-08 23:12:22,538 - INFO - ⌛ Aguardando janela de confirmação de desbloqueio...
2026-06-08 23:12:37,917 - INFO - 🟨 Registros desbloqueados com sucesso
2026-06-08 23:12:42,021 - INFO - 
=== rotina editar_os ===
2026-06-08 23:12:51,445 - INFO - 🟨 OS programadas detectadas
2026-06-08 23:12:54,548 - INFO - ⌛ Aguardando janela de edição de OS...
2026-06-08 23:13:09,977 - INFO - 🟨 Janela de edição de OS detectada
2026-06-08 23:13:31,344 - INFO - 🟨 Janela de edição de habilidade da turma detectada
2026-06-08 23:14:49,647 - INFO - ⌛ Aguardando detecção do campo de caracteristica 'EQUIPE PRÓPRIA OU EPS' ...
2026-06-08 23:15:08,994 - INFO - 🟨 campo de caracteristica 'EQUIPE PRÓPRIA OU EPS detectado
2026-06-08 23:15:30,785 - INFO - ⌛ Aguardando confirmação 4 - editar OS...
2026-06-08 23:15:46,215 - INFO - ⌛ Aguardando confirmação 4 - editar OS...
2026-06-08 23:16:01,695 - INFO - 🟨 Janela de confirmação 4 de edição de OS detectada
2026-06-08 23:16:05,797 - INFO - 
=== rotina programar_os ===
2026-06-08 23:16:32,307 - INFO - ⌛ Aguardando janela de confirmação de programação de OS...
2026-06-08 23:16:57,737 - INFO - 🟨 Janela de confirmação de programação de OS detectada
2026-06-08 23:17:10,987 - INFO - 🟨 Janela de aviso de edição de OS programadas detectada
2026-06-08 23:17:18,195 - INFO - ⌛ aguardando janela de programação de lote de OS...
2026-06-08 23:17:43,755 - INFO - 🟨 Janela de aviso de substituição de lote de OS detectada
2026-06-08 23:18:03,861 - INFO - ⌛ aguardando janela de programação de lote de OS...
2026-06-08 23:18:29,387 - INFO - 🟨 Janela de programação de lote de OS detectada
2026-06-08 23:19:18,896 - INFO - 🟨 Janela de confirmação de programação de lote de OS detectada
2026-06-08 23:19:23,123 - INFO - ⌛ aguardando confirmação final de programação do lote
2026-06-08 23:19:48,581 - INFO - 🟨 programação do lote 44 efetuado com sucesso
2026-06-08 23:19:58,685 - INFO - 
=== Iniciando lote 45/63 [LV] ===
2026-06-08 23:19:58,686 - INFO - 
=== abrir_janela_selecao ===
2026-06-08 23:20:04,997 - INFO - 
=== rotina abrir_selecao_colar_os ===
2026-06-08 23:20:05,051 - INFO - Janela de seleção aberta
2026-06-08 23:20:09,268 - INFO - DEBUG: idx=44, inicio=1100, fim=1125
2026-06-08 23:20:09,268 - INFO - ✅ 25 OS copiadas para a área de transferência.
2026-06-08 23:20:09,268 - INFO - 📋 Lote 45 copiado.
2026-06-08 23:20:17,596 - INFO - ⌛ Esperando mudança visual...
2026-06-08 23:20:18,609 - INFO - ⌛ Esperando mudança visual...
2026-06-08 23:20:19,627 - INFO - ⌛ Esperando mudança visual...
2026-06-08 23:20:20,644 - INFO - ⌛ Esperando mudança visual...
2026-06-08 23:20:21,655 - INFO - ⌛ Esperando mudança visual...
2026-06-08 23:20:22,673 - INFO - ⌛ Esperando mudança visual...
2026-06-08 23:20:23,689 - INFO - ⌛ Esperando mudança visual...
2026-06-08 23:20:24,702 - INFO - ⌛ Esperando mudança visual...
2026-06-08 23:20:25,722 - INFO - ⌛ Esperando mudança visual...
2026-06-08 23:20:26,738 - INFO - ✅ Tela carregada!
2026-06-08 23:20:30,739 - INFO - 
=== rotina desbloquear_os ===
2026-06-08 23:20:57,203 - INFO - ⌛ Aguardando janela de confirmação de desbloqueio...
2026-06-08 23:21:12,606 - INFO - 🟨 Registros desbloqueados com sucesso
2026-06-08 23:21:16,711 - INFO - 
=== rotina editar_os ===
2026-06-08 23:21:26,133 - INFO - ⌛ Aguardando janela de edição de OS...
2026-06-08 23:21:41,592 - INFO - 🟨 OS programadas detectadas
2026-06-08 23:21:44,696 - INFO - ⌛ Aguardando janela de edição de OS...
2026-06-08 23:22:00,132 - INFO - 🟨 Janela de edição de OS detectada
2026-06-08 23:22:21,494 - INFO - 🟨 Janela de edição de habilidade da turma detectada
2026-06-08 23:23:39,790 - INFO - ⌛ Aguardando detecção do campo de caracteristica 'EQUIPE PRÓPRIA OU EPS' ...
2026-06-08 23:23:59,178 - INFO - 🟨 campo de caracteristica 'EQUIPE PRÓPRIA OU EPS detectado
2026-06-08 23:24:20,944 - INFO - ⌛ Aguardando confirmação 4 - editar OS...
2026-06-08 23:24:36,405 - INFO - ⌛ Aguardando confirmação 4 - editar OS...
2026-06-08 23:24:51,940 - INFO - ⌛ Aguardando confirmação 4 - editar OS...
2026-06-08 23:25:07,404 - INFO - 🟨 Janela de confirmação 4 de edição de OS detectada
2026-06-08 23:25:11,521 - INFO - 
=== rotina programar_os ===
2026-06-08 23:25:38,034 - INFO - ⌛ Aguardando janela de confirmação de programação de OS...
2026-06-08 23:26:03,473 - INFO - 🟨 Janela de confirmação de programação de OS detectada
2026-06-08 23:26:16,723 - INFO - 🟨 Janela de aviso de edição de OS programadas detectada
2026-06-08 23:26:23,934 - INFO - ⌛ aguardando janela de programação de lote de OS...
2026-06-08 23:26:49,451 - INFO - 🟨 Janela de aviso de substituição de lote de OS detectada
2026-06-08 23:27:09,558 - INFO - ⌛ aguardando janela de programação de lote de OS...
2026-06-08 23:27:35,085 - INFO - 🟨 Janela de programação de lote de OS detectada
2026-06-08 23:28:24,582 - INFO - 🟨 Janela de confirmação de programação de lote de OS detectada
2026-06-08 23:28:28,825 - INFO - ⌛ aguardando confirmação final de programação do lote
2026-06-08 23:28:54,352 - INFO - 🟨 programação do lote 45 efetuado com sucesso
2026-06-08 23:29:04,457 - INFO - 
=== Iniciando lote 46/63 [LV] ===
2026-06-08 23:29:04,457 - INFO - 
=== abrir_janela_selecao ===
2026-06-08 23:29:10,766 - INFO - 
=== rotina abrir_selecao_colar_os ===
2026-06-08 23:29:10,829 - INFO - Janela de seleção aberta
2026-06-08 23:29:15,071 - INFO - DEBUG: idx=45, inicio=1125, fim=1150
2026-06-08 23:29:15,071 - INFO - ✅ 25 OS copiadas para a área de transferência.
2026-06-08 23:29:15,072 - INFO - 📋 Lote 46 copiado.
2026-06-08 23:29:23,398 - INFO - ⌛ Esperando mudança visual...
2026-06-08 23:29:24,417 - INFO - ⌛ Esperando mudança visual...
2026-06-08 23:29:25,433 - INFO - ⌛ Esperando mudança visual...
2026-06-08 23:29:26,445 - INFO - ⌛ Esperando mudança visual...
2026-06-08 23:29:27,465 - INFO - ⌛ Esperando mudança visual...
2026-06-08 23:29:28,480 - INFO - ⌛ Esperando mudança visual...
2026-06-08 23:29:29,491 - INFO - ⌛ Esperando mudança visual...
2026-06-08 23:29:30,511 - INFO - ⌛ Esperando mudança visual...
2026-06-08 23:29:31,523 - INFO - ⌛ Esperando mudança visual...
2026-06-08 23:29:32,539 - INFO - ⌛ Esperando mudança visual...
2026-06-08 23:29:33,556 - INFO - ✅ Tela carregada!
2026-06-08 23:29:37,557 - INFO - 
=== rotina desbloquear_os ===
2026-06-08 23:30:04,040 - INFO - ⌛ Aguardando janela de confirmação de desbloqueio...
2026-06-08 23:30:19,489 - INFO - 🟨 Registros desbloqueados com sucesso
2026-06-08 23:30:23,595 - INFO - 
=== rotina editar_os ===
2026-06-08 23:30:33,045 - INFO - 🟨 OS programadas detectadas
2026-06-08 23:30:36,150 - INFO - ⌛ Aguardando janela de edição de OS...
2026-06-08 23:30:51,593 - INFO - 🟨 Janela de edição de OS detectada
2026-06-08 23:31:12,969 - INFO - 🟨 Janela de edição de habilidade da turma detectada
2026-06-08 23:32:31,275 - INFO - ⌛ Aguardando detecção do campo de caracteristica 'EQUIPE PRÓPRIA OU EPS' ...
2026-06-08 23:32:50,637 - INFO - 🟨 campo de caracteristica 'EQUIPE PRÓPRIA OU EPS detectado
2026-06-08 23:33:12,454 - INFO - ⌛ Aguardando confirmação 4 - editar OS...
2026-06-08 23:33:27,924 - INFO - ⌛ Aguardando confirmação 4 - editar OS...
2026-06-08 23:33:43,424 - INFO - 🟨 Janela de confirmação 4 de edição de OS detectada
2026-06-08 23:33:47,526 - INFO - 
=== rotina programar_os ===
2026-06-08 23:34:14,061 - INFO - ⌛ Aguardando janela de confirmação de programação de OS...
2026-06-08 23:34:39,583 - INFO - 🟨 Janela de confirmação de programação de OS detectada
2026-06-08 23:34:52,869 - INFO - 🟨 Janela de aviso de edição de OS programadas detectada
2026-06-08 23:35:00,074 - INFO - ⌛ aguardando janela de programação de lote de OS...
2026-06-08 23:35:25,632 - INFO - 🟨 Janela de aviso de substituição de lote de OS detectada
2026-06-08 23:35:45,735 - INFO - ⌛ aguardando janela de programação de lote de OS...
2026-06-08 23:36:11,223 - INFO - 🟨 Janela de programação de lote de OS detectada
2026-06-08 23:37:00,743 - INFO - 🟨 Janela de confirmação de programação de lote de OS detectada
2026-06-08 23:37:04,968 - INFO - ⌛ aguardando confirmação final de programação do lote
2026-06-08 23:37:30,402 - INFO - 🟨 programação do lote 46 efetuado com sucesso
2026-06-08 23:37:40,512 - INFO - 
=== Iniciando lote 47/63 [LV] ===
2026-06-08 23:37:40,512 - INFO - 
=== abrir_janela_selecao ===
2026-06-08 23:37:46,819 - INFO - 
=== rotina abrir_selecao_colar_os ===
2026-06-08 23:37:46,873 - INFO - Janela de seleção aberta
2026-06-08 23:37:51,097 - INFO - DEBUG: idx=46, inicio=1150, fim=1175
2026-06-08 23:37:51,097 - INFO - ✅ 25 OS copiadas para a área de transferência.
2026-06-08 23:37:51,098 - INFO - 📋 Lote 47 copiado.
2026-06-08 23:37:59,419 - INFO - ⌛ Esperando mudança visual...
2026-06-08 23:38:00,438 - INFO - ⌛ Esperando mudança visual...
2026-06-08 23:38:01,451 - INFO - ⌛ Esperando mudança visual...
2026-06-08 23:38:02,469 - INFO - ⌛ Esperando mudança visual...
2026-06-08 23:38:03,480 - INFO - ⌛ Esperando mudança visual...
2026-06-08 23:38:04,499 - INFO - ⌛ Esperando mudança visual...
2026-06-08 23:38:05,515 - INFO - ⌛ Esperando mudança visual...
2026-06-08 23:38:06,528 - INFO - ⌛ Esperando mudança visual...
2026-06-08 23:38:07,547 - INFO - ⌛ Esperando mudança visual...
2026-06-08 23:38:08,562 - INFO - ✅ Tela carregada!
2026-06-08 23:38:12,564 - INFO - 
=== rotina desbloquear_os ===
2026-06-08 23:38:39,031 - INFO - ⌛ Aguardando janela de confirmação de desbloqueio...
2026-06-08 23:38:54,452 - INFO - 🟨 Registros desbloqueados com sucesso
2026-06-08 23:38:58,565 - INFO - 
=== rotina editar_os ===
2026-06-08 23:39:07,978 - INFO - 🟨 OS programadas detectadas
2026-06-08 23:39:11,081 - INFO - ⌛ Aguardando janela de edição de OS...
2026-06-08 23:39:26,527 - INFO - 🟨 Janela de edição de OS detectada
2026-06-08 23:39:47,876 - INFO - 🟨 Janela de edição de habilidade da turma detectada
2026-06-08 23:41:06,183 - INFO - ⌛ Aguardando detecção do campo de caracteristica 'EQUIPE PRÓPRIA OU EPS' ...
2026-06-08 23:41:25,555 - INFO - 🟨 campo de caracteristica 'EQUIPE PRÓPRIA OU EPS detectado
2026-06-08 23:41:47,319 - INFO - ⌛ Aguardando confirmação 4 - editar OS...
2026-06-08 23:42:02,731 - INFO - ⌛ Aguardando confirmação 4 - editar OS...
2026-06-08 23:42:18,178 - INFO - 🟨 Janela de confirmação 4 de edição de OS detectada
2026-06-08 23:42:22,293 - INFO - 
=== rotina programar_os ===
2026-06-08 23:42:48,831 - INFO - ⌛ Aguardando janela de confirmação de programação de OS...
2026-06-08 23:43:14,272 - INFO - 🟨 Janela de confirmação de programação de OS detectada
2026-06-08 23:43:27,554 - INFO - 🟨 Janela de aviso de edição de OS programadas detectada
2026-06-08 23:43:34,758 - INFO - ⌛ aguardando janela de programação de lote de OS...
2026-06-08 23:44:00,277 - INFO - 🟨 Janela de aviso de substituição de lote de OS detectada
2026-06-08 23:44:20,384 - INFO - ⌛ aguardando janela de programação de lote de OS...
2026-06-08 23:44:45,877 - INFO - 🟨 Janela de programação de lote de OS detectada
2026-06-08 23:45:35,376 - INFO - 🟨 Janela de confirmação de programação de lote de OS detectada
2026-06-08 23:45:39,604 - INFO - ⌛ aguardando confirmação final de programação do lote
2026-06-08 23:46:05,058 - INFO - 🟨 programação do lote 47 efetuado com sucesso
2026-06-08 23:46:15,168 - INFO - 
=== Iniciando lote 48/63 [LV] ===
2026-06-08 23:46:15,169 - INFO - 
=== abrir_janela_selecao ===
2026-06-08 23:46:21,477 - INFO - 
=== rotina abrir_selecao_colar_os ===
2026-06-08 23:46:21,524 - INFO - Janela de seleção aberta
2026-06-08 23:46:25,755 - INFO - DEBUG: idx=47, inicio=1175, fim=1200
2026-06-08 23:46:25,755 - INFO - ✅ 25 OS copiadas para a área de transferência.
2026-06-08 23:46:25,755 - INFO - 📋 Lote 48 copiado.
2026-06-08 23:46:34,075 - INFO - ⌛ Esperando mudança visual...
2026-06-08 23:46:35,094 - INFO - ⌛ Esperando mudança visual...
2026-06-08 23:46:36,110 - INFO - ⌛ Esperando mudança visual...
2026-06-08 23:46:37,121 - INFO - ⌛ Esperando mudança visual...
2026-06-08 23:46:38,140 - INFO - ⌛ Esperando mudança visual...
2026-06-08 23:46:39,157 - INFO - ⌛ Esperando mudança visual...
2026-06-08 23:46:40,173 - INFO - ⌛ Esperando mudança visual...
2026-06-08 23:46:41,183 - INFO - ⌛ Esperando mudança visual...
2026-06-08 23:46:42,204 - INFO - ⌛ Esperando mudança visual...
2026-06-08 23:46:43,219 - INFO - ✅ Tela carregada!
2026-06-08 23:46:47,221 - INFO - 
=== rotina desbloquear_os ===
2026-06-08 23:47:13,682 - INFO - ⌛ Aguardando janela de confirmação de desbloqueio...
2026-06-08 23:47:29,055 - INFO - ⌛ Aguardando janela de confirmação de desbloqueio...
2026-06-08 23:47:44,454 - INFO - ⌛ Aguardando janela de confirmação de desbloqueio...
2026-06-08 23:47:44,593 - INFO - 🟨 Identificado travamento no EQM, reiniciando contador de espera
2026-06-08 23:47:59,855 - INFO - ⌛ Aguardando janela de confirmação de desbloqueio...
2026-06-08 23:48:00,004 - INFO - 🟨 Identificado travamento no EQM, reiniciando contador de espera
2026-06-08 23:48:15,284 - INFO - ⌛ Aguardando janela de confirmação de desbloqueio...
2026-06-08 23:48:15,397 - INFO - 🟨 Identificado travamento no EQM, reiniciando contador de espera
2026-06-08 23:48:30,662 - INFO - ⌛ Aguardando janela de confirmação de desbloqueio...
2026-06-08 23:48:30,797 - INFO - 🟨 Identificado travamento no EQM, reiniciando contador de espera
2026-06-08 23:48:46,057 - INFO - ⌛ Aguardando janela de confirmação de desbloqueio...
2026-06-08 23:48:46,170 - INFO - 🟨 Identificado travamento no EQM, reiniciando contador de espera
2026-06-08 23:49:01,447 - INFO - ⌛ Aguardando janela de confirmação de desbloqueio...
2026-06-08 23:49:01,579 - INFO - 🟨 Identificado travamento no EQM, reiniciando contador de espera
2026-06-08 23:49:16,902 - INFO - ⌛ Aguardando janela de confirmação de desbloqueio...
2026-06-08 23:49:17,059 - INFO - 🟨 Identificado travamento no EQM, reiniciando contador de espera
2026-06-08 23:49:32,351 - INFO - ⌛ Aguardando janela de confirmação de desbloqueio...
2026-06-08 23:49:32,492 - INFO - 🟨 Identificado travamento no EQM, reiniciando contador de espera
2026-06-08 23:49:47,783 - INFO - ⌛ Aguardando janela de confirmação de desbloqueio...
2026-06-08 23:49:47,916 - INFO - 🟨 Identificado travamento no EQM, reiniciando contador de espera
2026-06-08 23:50:03,218 - INFO - ⌛ Aguardando janela de confirmação de desbloqueio...
2026-06-08 23:50:03,358 - INFO - 🟨 Identificado travamento no EQM, reiniciando contador de espera
2026-06-08 23:50:18,654 - INFO - ⌛ Aguardando janela de confirmação de desbloqueio...
2026-06-08 23:50:18,794 - INFO - 🟨 Identificado travamento no EQM, reiniciando contador de espera
2026-06-08 23:50:34,072 - INFO - ⌛ Aguardando janela de confirmação de desbloqueio...
2026-06-08 23:50:34,234 - INFO - 🟨 Identificado travamento no EQM, reiniciando contador de espera
2026-06-08 23:50:49,503 - INFO - ⌛ Aguardando janela de confirmação de desbloqueio...
2026-06-08 23:50:49,622 - INFO - 🟨 Identificado travamento no EQM, reiniciando contador de espera
2026-06-08 23:51:04,909 - INFO - ⌛ Aguardando janela de confirmação de desbloqueio...
2026-06-08 23:51:05,046 - INFO - 🟨 Identificado travamento no EQM, reiniciando contador de espera
2026-06-08 23:51:20,325 - INFO - ⌛ Aguardando janela de confirmação de desbloqueio...
2026-06-08 23:51:20,464 - INFO - 🟨 Identificado travamento no EQM, reiniciando contador de espera
2026-06-08 23:51:35,723 - INFO - ⌛ Aguardando janela de confirmação de desbloqueio...
2026-06-08 23:51:35,833 - INFO - 🟨 Identificado travamento no EQM, reiniciando contador de espera
2026-06-08 23:51:51,111 - INFO - ⌛ Aguardando janela de confirmação de desbloqueio...
2026-06-08 23:51:51,249 - INFO - 🟨 Identificado travamento no EQM, reiniciando contador de espera
2026-06-08 23:52:06,501 - INFO - ⌛ Aguardando janela de confirmação de desbloqueio...
2026-06-08 23:52:06,621 - INFO - 🟨 Identificado travamento no EQM, reiniciando contador de espera
2026-06-08 23:52:21,878 - INFO - ⌛ Aguardando janela de confirmação de desbloqueio...
2026-06-08 23:52:22,003 - INFO - 🟨 Identificado travamento no EQM, reiniciando contador de espera
2026-06-08 23:52:37,280 - INFO - ⌛ Aguardando janela de confirmação de desbloqueio...
2026-06-08 23:52:37,415 - INFO - 🟨 Identificado travamento no EQM, reiniciando contador de espera
2026-06-08 23:52:52,701 - INFO - ⌛ Aguardando janela de confirmação de desbloqueio...
2026-06-08 23:52:52,841 - INFO - 🟨 Identificado travamento no EQM, reiniciando contador de espera
2026-06-08 23:53:08,115 - INFO - ⌛ Aguardando janela de confirmação de desbloqueio...
2026-06-08 23:53:08,241 - INFO - 🟨 Identificado travamento no EQM, reiniciando contador de espera
2026-06-08 23:53:23,516 - INFO - ⌛ Aguardando janela de confirmação de desbloqueio...
2026-06-08 23:53:23,644 - INFO - 🟨 Identificado travamento no EQM, reiniciando contador de espera
2026-06-08 23:53:38,903 - INFO - ⌛ Aguardando janela de confirmação de desbloqueio...
2026-06-08 23:53:39,044 - INFO - 🟨 Identificado travamento no EQM, reiniciando contador de espera
2026-06-08 23:53:54,324 - INFO - ⌛ Aguardando janela de confirmação de desbloqueio...
2026-06-08 23:53:54,464 - INFO - 🟨 Identificado travamento no EQM, reiniciando contador de espera
2026-06-08 23:54:09,743 - INFO - ⌛ Aguardando janela de confirmação de desbloqueio...
2026-06-08 23:54:09,883 - INFO - 🟨 Identificado travamento no EQM, reiniciando contador de espera
2026-06-08 23:54:25,161 - INFO - ⌛ Aguardando janela de confirmação de desbloqueio...
2026-06-08 23:54:25,301 - INFO - 🟨 Identificado travamento no EQM, reiniciando contador de espera
2026-06-08 23:54:40,597 - INFO - ⌛ Aguardando janela de confirmação de desbloqueio...
2026-06-08 23:54:40,727 - INFO - 🟨 Identificado travamento no EQM, reiniciando contador de espera
2026-06-08 23:54:56,009 - INFO - ⌛ Aguardando janela de confirmação de desbloqueio...
2026-06-08 23:54:56,153 - INFO - 🟨 Identificado travamento no EQM, reiniciando contador de espera
2026-06-08 23:55:11,429 - INFO - ⌛ Aguardando janela de confirmação de desbloqueio...
2026-06-08 23:55:11,570 - INFO - 🟨 Identificado travamento no EQM, reiniciando contador de espera
2026-06-08 23:55:26,851 - INFO - ⌛ Aguardando janela de confirmação de desbloqueio...
2026-06-08 23:55:27,004 - INFO - 🟨 Identificado travamento no EQM, reiniciando contador de espera
2026-06-08 23:55:42,284 - INFO - ⌛ Aguardando janela de confirmação de desbloqueio...
2026-06-08 23:55:42,416 - INFO - 🟨 Identificado travamento no EQM, reiniciando contador de espera
2026-06-08 23:55:57,704 - INFO - ⌛ Aguardando janela de confirmação de desbloqueio...
2026-06-08 23:55:57,844 - INFO - 🟨 Identificado travamento no EQM, reiniciando contador de espera
2026-06-08 23:56:13,142 - INFO - ⌛ Aguardando janela de confirmação de desbloqueio...
2026-06-08 23:56:13,269 - INFO - 🟨 Identificado travamento no EQM, reiniciando contador de espera
2026-06-08 23:56:28,571 - INFO - ⌛ Aguardando janela de confirmação de desbloqueio...
2026-06-08 23:56:28,712 - INFO - 🟨 Identificado travamento no EQM, reiniciando contador de espera
2026-06-08 23:56:44,022 - INFO - ⌛ Aguardando janela de confirmação de desbloqueio...
2026-06-08 23:56:44,164 - INFO - 🟨 Identificado travamento no EQM, reiniciando contador de espera
2026-06-08 23:56:59,460 - INFO - ⌛ Aguardando janela de confirmação de desbloqueio...
2026-06-08 23:56:59,600 - INFO - 🟨 Identificado travamento no EQM, reiniciando contador de espera
2026-06-08 23:57:14,894 - INFO - ⌛ Aguardando janela de confirmação de desbloqueio...
2026-06-08 23:57:15,024 - INFO - 🟨 Identificado travamento no EQM, reiniciando contador de espera
2026-06-08 23:57:30,326 - INFO - ⌛ Aguardando janela de confirmação de desbloqueio...
2026-06-08 23:57:30,470 - INFO - 🟨 Identificado travamento no EQM, reiniciando contador de espera
2026-06-08 23:57:45,763 - INFO - 🟨 Registros desbloqueados com sucesso
2026-06-08 23:57:49,866 - INFO - 
=== rotina editar_os ===
2026-06-08 23:57:59,299 - INFO - ⌛ Aguardando janela de edição de OS...
2026-06-08 23:58:14,816 - INFO - 🟨 OS programadas detectadas
2026-06-08 23:58:17,922 - INFO - ⌛ Aguardando janela de edição de OS...
2026-06-08 23:58:33,364 - INFO - 🟨 Janela de edição de OS detectada
2026-06-08 23:58:54,723 - INFO - 🟨 Janela de edição de habilidade da turma detectada
2026-06-09 00:00:13,024 - INFO - ⌛ Aguardando detecção do campo de caracteristica 'EQUIPE PRÓPRIA OU EPS' ...
2026-06-09 00:00:32,394 - INFO - 🟨 campo de caracteristica 'EQUIPE PRÓPRIA OU EPS detectado
2026-06-09 00:00:54,174 - INFO - ⌛ Aguardando confirmação 4 - editar OS...
2026-06-09 00:01:09,625 - INFO - ⌛ Aguardando confirmação 4 - editar OS...
2026-06-09 00:01:25,091 - INFO - ⌛ Aguardando confirmação 4 - editar OS...
2026-06-09 00:01:40,537 - INFO - 🟨 Janela de confirmação 4 de edição de OS detectada
2026-06-09 00:01:44,644 - INFO - 
=== rotina programar_os ===
2026-06-09 00:02:11,180 - INFO - ⌛ Aguardando janela de confirmação de programação de OS...
2026-06-09 00:02:36,651 - INFO - 🟨 Janela de confirmação de programação de OS detectada
2026-06-09 00:02:49,903 - INFO - 🟨 Janela de aviso de edição de OS programadas detectada
2026-06-09 00:02:57,108 - INFO - ⌛ aguardando janela de programação de lote de OS...
2026-06-09 00:03:22,612 - INFO - 🟨 Janela de aviso de substituição de lote de OS detectada
2026-06-09 00:03:42,719 - INFO - ⌛ aguardando janela de programação de lote de OS...
2026-06-09 00:04:08,232 - INFO - 🟨 Janela de programação de lote de OS detectada
2026-06-09 00:04:57,799 - INFO - 🟨 Janela de confirmação de programação de lote de OS detectada
2026-06-09 00:05:02,062 - INFO - ⌛ aguardando confirmação final de programação do lote
2026-06-09 00:05:27,652 - INFO - ⌛ aguardando confirmação final de programação do lote
2026-06-09 00:05:53,206 - INFO - 🟨 programação do lote 48 efetuado com sucesso
2026-06-09 00:06:03,309 - INFO - 
=== Iniciando lote 49/63 [LV] ===
2026-06-09 00:06:03,309 - INFO - 
=== abrir_janela_selecao ===
2026-06-09 00:06:09,639 - INFO - 
=== rotina abrir_selecao_colar_os ===
2026-06-09 00:06:09,682 - INFO - Janela de seleção aberta
2026-06-09 00:06:13,910 - INFO - DEBUG: idx=48, inicio=1200, fim=1225
2026-06-09 00:06:13,910 - INFO - ✅ 25 OS copiadas para a área de transferência.
2026-06-09 00:06:13,910 - INFO - 📋 Lote 49 copiado.
2026-06-09 00:06:22,240 - INFO - ⌛ Esperando mudança visual...
2026-06-09 00:06:23,255 - INFO - ⌛ Esperando mudança visual...
2026-06-09 00:06:24,266 - INFO - ⌛ Esperando mudança visual...
2026-06-09 00:06:25,285 - INFO - ⌛ Esperando mudança visual...
2026-06-09 00:06:26,302 - INFO - ⌛ Esperando mudança visual...
2026-06-09 00:06:27,316 - INFO - ⌛ Esperando mudança visual...
2026-06-09 00:06:28,333 - INFO - ⌛ Esperando mudança visual...
2026-06-09 00:06:29,348 - INFO - ⌛ Esperando mudança visual...
2026-06-09 00:06:30,363 - INFO - ⌛ Esperando mudança visual...
2026-06-09 00:06:31,376 - INFO - ⌛ Esperando mudança visual...
2026-06-09 00:06:32,396 - INFO - ✅ Tela carregada!
2026-06-09 00:06:36,398 - INFO - 
=== rotina desbloquear_os ===
2026-06-09 00:07:02,861 - INFO - ⌛ Aguardando janela de confirmação de desbloqueio...
2026-06-09 00:07:18,280 - INFO - 🟨 Registros desbloqueados com sucesso
2026-06-09 00:07:22,383 - INFO - 
=== rotina editar_os ===
2026-06-09 00:07:31,794 - INFO - ⌛ Aguardando janela de edição de OS...
2026-06-09 00:07:47,211 - INFO - 🟨 OS programadas detectadas
2026-06-09 00:07:50,313 - INFO - ⌛ Aguardando janela de edição de OS...
2026-06-09 00:08:05,760 - INFO - 🟨 Janela de edição de OS detectada
2026-06-09 00:08:27,118 - INFO - 🟨 Janela de edição de habilidade da turma detectada
2026-06-09 00:09:45,413 - INFO - ⌛ Aguardando detecção do campo de caracteristica 'EQUIPE PRÓPRIA OU EPS' ...
2026-06-09 00:10:04,788 - INFO - 🟨 campo de caracteristica 'EQUIPE PRÓPRIA OU EPS detectado
2026-06-09 00:10:26,569 - INFO - ⌛ Aguardando confirmação 4 - editar OS...
2026-06-09 00:10:42,011 - INFO - ⌛ Aguardando confirmação 4 - editar OS...
2026-06-09 00:10:57,470 - INFO - ⌛ Aguardando confirmação 4 - editar OS...
2026-06-09 00:11:12,915 - INFO - 🟨 Janela de confirmação 4 de edição de OS detectada
2026-06-09 00:11:17,029 - INFO - 
=== rotina programar_os ===
2026-06-09 00:11:43,563 - INFO - ⌛ Aguardando janela de confirmação de programação de OS...
2026-06-09 00:12:09,010 - INFO - 🟨 Janela de confirmação de programação de OS detectada
2026-06-09 00:12:22,290 - INFO - 🟨 Janela de aviso de edição de OS programadas detectada
2026-06-09 00:12:29,495 - INFO - ⌛ aguardando janela de programação de lote de OS...
2026-06-09 00:12:55,008 - INFO - 🟨 Janela de aviso de substituição de lote de OS detectada
2026-06-09 00:13:15,113 - INFO - ⌛ aguardando janela de programação de lote de OS...
2026-06-09 00:13:40,617 - INFO - 🟨 Janela de programação de lote de OS detectada
2026-06-09 00:14:30,118 - INFO - 🟨 Janela de confirmação de programação de lote de OS detectada
2026-06-09 00:14:34,317 - INFO - ⌛ aguardando confirmação final de programação do lote
2026-06-09 00:14:59,761 - INFO - 🟨 programação do lote 49 efetuado com sucesso
2026-06-09 00:15:09,874 - INFO - 
=== Iniciando lote 50/63 [LV] ===
2026-06-09 00:15:09,874 - INFO - 
=== abrir_janela_selecao ===
2026-06-09 00:15:16,182 - INFO - 
=== rotina abrir_selecao_colar_os ===
2026-06-09 00:15:16,227 - INFO - Janela de seleção aberta
2026-06-09 00:15:20,458 - INFO - DEBUG: idx=49, inicio=1225, fim=1250
2026-06-09 00:15:20,458 - INFO - ✅ 25 OS copiadas para a área de transferência.
2026-06-09 00:15:20,458 - INFO - 📋 Lote 50 copiado.
2026-06-09 00:15:28,785 - INFO - ⌛ Esperando mudança visual...
2026-06-09 00:15:29,800 - INFO - ⌛ Esperando mudança visual...
2026-06-09 00:15:30,811 - INFO - ⌛ Esperando mudança visual...
2026-06-09 00:15:31,830 - INFO - ⌛ Esperando mudança visual...
2026-06-09 00:15:32,846 - INFO - ⌛ Esperando mudança visual...
2026-06-09 00:15:33,858 - INFO - ⌛ Esperando mudança visual...
2026-06-09 00:15:34,878 - INFO - ⌛ Esperando mudança visual...
2026-06-09 00:15:35,893 - INFO - ⌛ Esperando mudança visual...
2026-06-09 00:15:36,910 - INFO - ⌛ Esperando mudança visual...
2026-06-09 00:15:37,921 - INFO - ✅ Tela carregada!
2026-06-09 00:15:41,928 - INFO - 
=== rotina desbloquear_os ===
2026-06-09 00:16:08,381 - INFO - ⌛ Aguardando janela de confirmação de desbloqueio...
2026-06-09 00:16:23,774 - INFO - 🟨 Registros desbloqueados com sucesso
2026-06-09 00:16:27,878 - INFO - 
=== rotina editar_os ===
2026-06-09 00:16:37,288 - INFO - ⌛ Aguardando janela de edição de OS...
2026-06-09 00:16:52,714 - INFO - 🟨 OS programadas detectadas
2026-06-09 00:16:55,828 - INFO - ⌛ Aguardando janela de edição de OS...
2026-06-09 00:17:11,262 - INFO - 🟨 Janela de edição de OS detectada
2026-06-09 00:17:32,633 - INFO - 🟨 Janela de edição de habilidade da turma detectada
2026-06-09 00:18:50,941 - INFO - ⌛ Aguardando detecção do campo de caracteristica 'EQUIPE PRÓPRIA OU EPS' ...
2026-06-09 00:19:10,305 - INFO - 🟨 campo de caracteristica 'EQUIPE PRÓPRIA OU EPS detectado
2026-06-09 00:19:32,082 - INFO - ⌛ Aguardando confirmação 4 - editar OS...
2026-06-09 00:19:47,509 - INFO - ⌛ Aguardando confirmação 4 - editar OS...
2026-06-09 00:20:02,956 - INFO - ⌛ Aguardando confirmação 4 - editar OS...
2026-06-09 00:20:18,405 - INFO - 🟨 Janela de confirmação 4 de edição de OS detectada
2026-06-09 00:20:22,508 - INFO - 
=== rotina programar_os ===
2026-06-09 00:20:49,015 - INFO - ⌛ Aguardando janela de confirmação de programação de OS...
2026-06-09 00:21:14,497 - INFO - 🟨 Janela de confirmação de programação de OS detectada
2026-06-09 00:21:27,753 - INFO - 🟨 Janela de aviso de edição de OS programadas detectada
2026-06-09 00:21:34,960 - INFO - ⌛ aguardando janela de programação de lote de OS...
2026-06-09 00:22:00,468 - INFO - 🟨 Janela de aviso de substituição de lote de OS detectada
2026-06-09 00:22:20,580 - INFO - ⌛ aguardando janela de programação de lote de OS...
2026-06-09 00:22:46,062 - INFO - 🟨 Janela de programação de lote de OS detectada
2026-06-09 00:23:35,561 - INFO - 🟨 Janela de confirmação de programação de lote de OS detectada
2026-06-09 00:23:39,764 - INFO - ⌛ aguardando confirmação final de programação do lote
2026-06-09 00:24:05,233 - INFO - 🟨 programação do lote 50 efetuado com sucesso
2026-06-09 00:24:15,338 - INFO - 
=== Iniciando lote 51/63 [LV] ===
2026-06-09 00:24:15,338 - INFO - 
=== abrir_janela_selecao ===
2026-06-09 00:24:21,645 - INFO - 
=== rotina abrir_selecao_colar_os ===
2026-06-09 00:24:21,701 - INFO - Janela de seleção aberta
2026-06-09 00:24:25,918 - INFO - DEBUG: idx=50, inicio=1250, fim=1275
2026-06-09 00:24:25,918 - INFO - ✅ 25 OS copiadas para a área de transferência.
2026-06-09 00:24:25,918 - INFO - 📋 Lote 51 copiado.
2026-06-09 00:24:34,247 - INFO - ⌛ Esperando mudança visual...
2026-06-09 00:24:35,259 - INFO - ⌛ Esperando mudança visual...
2026-06-09 00:24:36,277 - INFO - ⌛ Esperando mudança visual...
2026-06-09 00:24:37,290 - INFO - ⌛ Esperando mudança visual...
2026-06-09 00:24:38,306 - INFO - ⌛ Esperando mudança visual...
2026-06-09 00:24:39,323 - INFO - ⌛ Esperando mudança visual...
2026-06-09 00:24:40,341 - INFO - ⌛ Esperando mudança visual...
2026-06-09 00:24:41,353 - INFO - ⌛ Esperando mudança visual...
2026-06-09 00:24:42,369 - INFO - ⌛ Esperando mudança visual...
2026-06-09 00:24:43,388 - INFO - ✅ Tela carregada!
2026-06-09 00:24:47,390 - INFO - 
=== rotina desbloquear_os ===
2026-06-09 00:25:13,854 - INFO - ⌛ Aguardando janela de confirmação de desbloqueio...
2026-06-09 00:25:29,239 - INFO - 🟨 Registros desbloqueados com sucesso
2026-06-09 00:25:33,343 - INFO - 
=== rotina editar_os ===
2026-06-09 00:25:42,753 - INFO - ⌛ Aguardando janela de edição de OS...
2026-06-09 00:25:58,194 - INFO - 🟨 OS programadas detectadas
2026-06-09 00:26:01,298 - INFO - ⌛ Aguardando janela de edição de OS...
2026-06-09 00:26:16,817 - INFO - 🟨 Janela de edição de OS detectada
2026-06-09 00:26:38,180 - INFO - 🟨 Janela de edição de habilidade da turma detectada
2026-06-09 00:27:56,490 - INFO - ⌛ Aguardando detecção do campo de caracteristica 'EQUIPE PRÓPRIA OU EPS' ...
2026-06-09 00:28:15,851 - INFO - 🟨 campo de caracteristica 'EQUIPE PRÓPRIA OU EPS detectado
2026-06-09 00:28:37,641 - INFO - ⌛ Aguardando confirmação 4 - editar OS...
2026-06-09 00:28:53,137 - INFO - ⌛ Aguardando confirmação 4 - editar OS...
2026-06-09 00:29:08,603 - INFO - ⌛ Aguardando confirmação 4 - editar OS...
2026-06-09 00:29:24,052 - INFO - 🟨 Janela de confirmação 4 de edição de OS detectada
2026-06-09 00:29:28,155 - INFO - 
=== rotina programar_os ===
2026-06-09 00:29:54,689 - INFO - ⌛ Aguardando janela de confirmação de programação de OS...
2026-06-09 00:30:20,132 - INFO - 🟨 Janela de confirmação de programação de OS detectada
2026-06-09 00:30:33,382 - INFO - 🟨 Janela de aviso de edição de OS programadas detectada
2026-06-09 00:30:40,590 - INFO - ⌛ aguardando janela de programação de lote de OS...
2026-06-09 00:31:06,089 - INFO - 🟨 Janela de aviso de substituição de lote de OS detectada
2026-06-09 00:31:26,192 - INFO - ⌛ aguardando janela de programação de lote de OS...
2026-06-09 00:31:51,719 - INFO - 🟨 Janela de programação de lote de OS detectada
2026-06-09 00:32:41,220 - INFO - 🟨 Janela de confirmação de programação de lote de OS detectada
2026-06-09 00:32:45,457 - INFO - ⌛ aguardando confirmação final de programação do lote
2026-06-09 00:33:10,909 - INFO - 🟨 programação do lote 51 efetuado com sucesso
2026-06-09 00:33:21,017 - INFO - 
=== Iniciando lote 52/63 [LV] ===
2026-06-09 00:33:21,017 - INFO - 
=== abrir_janela_selecao ===
2026-06-09 00:33:27,326 - INFO - 
=== rotina abrir_selecao_colar_os ===
2026-06-09 00:33:27,377 - INFO - Janela de seleção aberta
2026-06-09 00:33:31,601 - INFO - DEBUG: idx=51, inicio=1275, fim=1300
2026-06-09 00:33:31,601 - INFO - ✅ 25 OS copiadas para a área de transferência.
2026-06-09 00:33:31,601 - INFO - 📋 Lote 52 copiado.
2026-06-09 00:33:39,929 - INFO - ⌛ Esperando mudança visual...
2026-06-09 00:33:40,942 - INFO - ⌛ Esperando mudança visual...
2026-06-09 00:33:41,960 - INFO - ⌛ Esperando mudança visual...
2026-06-09 00:33:42,975 - INFO - ⌛ Esperando mudança visual...
2026-06-09 00:33:43,991 - INFO - ⌛ Esperando mudança visual...
2026-06-09 00:33:45,005 - INFO - ⌛ Esperando mudança visual...
2026-06-09 00:33:46,021 - INFO - ⌛ Esperando mudança visual...
2026-06-09 00:33:47,038 - INFO - ⌛ Esperando mudança visual...
2026-06-09 00:33:48,053 - INFO - ⌛ Esperando mudança visual...
2026-06-09 00:33:49,064 - INFO - ✅ Tela carregada!
2026-06-09 00:33:53,070 - INFO - 
=== rotina desbloquear_os ===
2026-06-09 00:34:19,552 - INFO - ⌛ Aguardando janela de confirmação de desbloqueio...
2026-06-09 00:34:35,018 - INFO - 🟨 Registros desbloqueados com sucesso
2026-06-09 00:34:39,123 - INFO - 
=== rotina editar_os ===
2026-06-09 00:34:48,549 - INFO - ⌛ Aguardando janela de edição de OS...
2026-06-09 00:35:03,982 - INFO - ⌛ Aguardando janela de edição de OS...
2026-06-09 00:35:19,459 - INFO - ⌛ Aguardando janela de edição de OS...
2026-06-09 00:35:34,906 - INFO - ⌛ Aguardando janela de edição de OS...
2026-06-09 00:35:50,338 - INFO - ⌛ Aguardando janela de edição de OS...
2026-06-09 00:36:05,769 - INFO - ⌛ Aguardando janela de edição de OS...
2026-06-09 00:36:21,217 - INFO - ⌛ Aguardando janela de edição de OS...
2026-06-09 00:36:36,707 - INFO - ⌛ Aguardando janela de edição de OS...
2026-06-09 00:36:52,202 - INFO - ⌛ Aguardando janela de edição de OS...
2026-06-09 00:37:07,698 - INFO - ⌛ Aguardando janela de edição de OS...
2026-06-09 00:37:23,155 - INFO - ⌛ Aguardando janela de edição de OS...
2026-06-09 00:37:38,582 - INFO - ⌛ Aguardando janela de edição de OS...
2026-06-09 00:37:54,015 - INFO - ⌛ Aguardando janela de edição de OS...
2026-06-09 00:38:09,453 - INFO - ⌛ Aguardando janela de edição de OS...
2026-06-09 00:38:24,886 - INFO - ⌛ Aguardando janela de edição de OS...
2026-06-09 00:38:40,317 - INFO - ⌛ Aguardando janela de edição de OS...
2026-06-09 00:38:55,756 - INFO - ⌛ Aguardando janela de edição de OS...
2026-06-09 00:39:11,191 - INFO - ⌛ Aguardando janela de edição de OS...
2026-06-09 00:39:26,624 - INFO - ⌛ Aguardando janela de edição de OS...
2026-06-09 00:39:42,081 - INFO - ⌛ Aguardando janela de edição de OS...
2026-06-09 00:39:57,513 - INFO - ⌛ Aguardando janela de edição de OS...
2026-06-09 00:40:12,960 - INFO - ⌛ Aguardando janela de edição de OS...
2026-06-09 00:40:28,396 - INFO - ⌛ Aguardando janela de edição de OS...
2026-06-09 00:40:43,851 - INFO - ⌛ Aguardando janela de edição de OS...
2026-06-09 00:40:59,289 - INFO - ⌛ Aguardando janela de edição de OS...
2026-06-09 00:41:14,717 - INFO - ⌛ Aguardando janela de edição de OS...
2026-06-09 00:41:30,158 - INFO - ⌛ Aguardando janela de edição de OS...
2026-06-09 00:41:45,608 - INFO - ⌛ Aguardando janela de edição de OS...
2026-06-09 00:42:01,042 - INFO - ⌛ Aguardando janela de edição de OS...
2026-06-09 00:42:16,466 - INFO - ⌛ Aguardando janela de edição de OS...
2026-06-09 00:42:31,901 - INFO - ⌛ Aguardando janela de edição de OS...
2026-06-09 00:42:47,353 - INFO - ⌛ Aguardando janela de edição de OS...
2026-06-09 00:43:02,800 - INFO - ⌛ Aguardando janela de edição de OS...
2026-06-09 00:43:18,249 - INFO - ⌛ Aguardando janela de edição de OS...
2026-06-09 00:43:33,701 - INFO - ⌛ Aguardando janela de edição de OS...
2026-06-09 00:43:49,135 - INFO - ⌛ Aguardando janela de edição de OS...
2026-06-09 00:44:04,586 - INFO - ⌛ Aguardando janela de edição de OS...
2026-06-09 00:44:20,012 - INFO - ⌛ Aguardando janela de edição de OS...
2026-06-09 00:44:35,457 - INFO - ⌛ Aguardando janela de edição de OS...
2026-06-09 00:44:50,889 - INFO - ⌛ Aguardando janela de edição de OS...
2026-06-09 00:45:06,316 - INFO - ⌛ Aguardando janela de edição de OS...
2026-06-09 00:45:21,751 - INFO - ⌛ Aguardando janela de edição de OS...
2026-06-09 00:45:37,196 - INFO - ⌛ Aguardando janela de edição de OS...
2026-06-09 00:45:52,631 - INFO - ⌛ Aguardando janela de edição de OS...
2026-06-09 00:46:08,068 - INFO - ⌛ Aguardando janela de edição de OS...
2026-06-09 00:46:23,503 - INFO - ⌛ Aguardando janela de edição de OS...
2026-06-09 00:46:38,942 - INFO - ⌛ Aguardando janela de edição de OS...
2026-06-09 00:46:54,388 - INFO - ⌛ Aguardando janela de edição de OS...
2026-06-09 00:47:09,850 - INFO - ⌛ Aguardando janela de edição de OS...
2026-06-09 00:47:25,357 - INFO - ⌛ Aguardando janela de edição de OS...
2026-06-09 00:47:40,793 - INFO - ⌛ Aguardando janela de edição de OS...
2026-06-09 00:47:56,255 - INFO - ⌛ Aguardando janela de edição de OS...
2026-06-09 00:48:11,729 - INFO - ⌛ Aguardando janela de edição de OS...
2026-06-09 00:48:27,152 - INFO - ⌛ Aguardando janela de edição de OS...
2026-06-09 00:48:42,604 - INFO - ⌛ Aguardando janela de edição de OS...
2026-06-09 00:48:58,048 - INFO - ⌛ Aguardando janela de edição de OS...
2026-06-09 00:49:13,502 - INFO - ⌛ Aguardando janela de edição de OS...
2026-06-09 00:49:28,953 - INFO - ⌛ Aguardando janela de edição de OS...
2026-06-09 00:49:44,439 - INFO - ⌛ Aguardando janela de edição de OS...
2026-06-09 00:49:59,889 - INFO - ⌛ Aguardando janela de edição de OS...
2026-06-09 00:50:15,358 - INFO - ⌛ Aguardando janela de edição de OS...
2026-06-09 00:50:30,811 - INFO - ⌛ Aguardando janela de edição de OS...
2026-06-09 00:50:46,242 - INFO - ⌛ Aguardando janela de edição de OS...
2026-06-09 00:51:01,695 - INFO - ⌛ Aguardando janela de edição de OS...
2026-06-09 00:51:17,140 - INFO - ⌛ Aguardando janela de edição de OS...
2026-06-09 00:51:32,598 - INFO - ⌛ Aguardando janela de edição de OS...
2026-06-09 00:51:48,049 - INFO - ⌛ Aguardando janela de edição de OS...
2026-06-09 00:52:03,462 - INFO - ⌛ Aguardando janela de edição de OS...
2026-06-09 00:52:18,905 - INFO - ⌛ Aguardando janela de edição de OS...
2026-06-09 00:52:34,336 - INFO - ⌛ Aguardando janela de edição de OS...
2026-06-09 00:52:49,762 - INFO - ⌛ Aguardando janela de edição de OS...
2026-06-09 00:53:05,209 - INFO - ⌛ Aguardando janela de edição de OS...
2026-06-09 00:53:20,640 - INFO - ⌛ Aguardando janela de edição de OS...
2026-06-09 00:53:36,075 - INFO - ⌛ Aguardando janela de edição de OS...
2026-06-09 00:53:51,501 - INFO - ⌛ Aguardando janela de edição de OS...
2026-06-09 00:54:06,951 - INFO - ⌛ Aguardando janela de edição de OS...
2026-06-09 00:54:22,381 - INFO - ⌛ Aguardando janela de edição de OS...
2026-06-09 00:54:37,831 - INFO - ⌛ Aguardando janela de edição de OS...
2026-06-09 00:54:53,257 - INFO - ⌛ Aguardando janela de edição de OS...
2026-06-09 00:55:08,703 - INFO - ⌛ Aguardando janela de edição de OS...
2026-06-09 00:55:24,137 - INFO - ⌛ Aguardando janela de edição de OS...
2026-06-09 00:55:39,591 - INFO - ⌛ Aguardando janela de edição de OS...
2026-06-09 00:55:55,013 - INFO - ⌛ Aguardando janela de edição de OS...
2026-06-09 00:56:10,458 - INFO - ⌛ Aguardando janela de edição de OS...
2026-06-09 00:56:25,892 - INFO - ⌛ Aguardando janela de edição de OS...
2026-06-09 00:56:41,343 - INFO - ⌛ Aguardando janela de edição de OS...
2026-06-09 00:56:56,786 - INFO - ⌛ Aguardando janela de edição de OS...
2026-06-09 00:57:12,229 - INFO - ⌛ Aguardando janela de edição de OS...
2026-06-09 00:57:27,656 - INFO - ⌛ Aguardando janela de edição de OS...
2026-06-09 00:57:43,100 - INFO - ⌛ Aguardando janela de edição de OS...
2026-06-09 00:57:58,532 - INFO - ⌛ Aguardando janela de edição de OS...
2026-06-09 00:58:13,989 - INFO - ⌛ Aguardando janela de edição de OS...
2026-06-09 00:58:29,436 - INFO - ⌛ Aguardando janela de edição de OS...
2026-06-09 00:58:44,871 - INFO - ⌛ Aguardando janela de edição de OS...
2026-06-09 00:59:00,298 - INFO - ⌛ Aguardando janela de edição de OS...
2026-06-09 00:59:15,749 - INFO - ⌛ Aguardando janela de edição de OS...
2026-06-09 00:59:31,194 - INFO - ⌛ Aguardando janela de edição de OS...
2026-06-09 00:59:46,624 - INFO - ⌛ Aguardando janela de edição de OS...
2026-06-09 01:00:02,059 - INFO - ⌛ Aguardando janela de edição de OS...
2026-06-09 01:00:17,500 - INFO - ⌛ Aguardando janela de edição de OS...
2026-06-09 01:00:32,929 - INFO - ⌛ Aguardando janela de edição de OS...
2026-06-09 01:00:48,364 - INFO - ⌛ Aguardando janela de edição de OS...
2026-06-09 01:01:03,803 - INFO - ⌛ Aguardando janela de edição de OS...
2026-06-09 01:01:19,239 - INFO - ⌛ Aguardando janela de edição de OS...
2026-06-09 01:01:34,669 - INFO - ⌛ Aguardando janela de edição de OS...
2026-06-09 01:01:50,126 - INFO - ⌛ Aguardando janela de edição de OS...
2026-06-09 01:02:05,579 - INFO - ⌛ Aguardando janela de edição de OS...
2026-06-09 01:02:21,028 - INFO - ⌛ Aguardando janela de edição de OS...
2026-06-09 01:02:36,525 - INFO - ⌛ Aguardando janela de edição de OS...
2026-06-09 01:02:51,960 - INFO - ⌛ Aguardando janela de edição de OS...
2026-06-09 01:03:07,405 - INFO - ⌛ Aguardando janela de edição de OS...
2026-06-09 01:03:22,850 - INFO - ⌛ Aguardando janela de edição de OS...
2026-06-09 01:03:38,284 - INFO - ⌛ Aguardando janela de edição de OS...
2026-06-09 01:03:53,710 - INFO - ⌛ Aguardando janela de edição de OS...
2026-06-09 01:04:09,161 - INFO - ⌛ Aguardando janela de edição de OS...
2026-06-09 01:04:24,606 - INFO - ⌛ Aguardando janela de edição de OS...
2026-06-09 01:04:40,079 - INFO - verificando janela oculta
2026-06-09 01:05:00,541 - INFO - ⏱️ Tempo limite atingido. Abortando seleção
2026-06-09 01:05:00,542 - INFO - Capturando print...
