2026-06-27 14:10:18,146 - INFO - Data hoje: 27/06/2026
2026-06-27 14:10:18,146 - INFO - Data de referência: 30/06/2026
2026-06-27 14:15:24,173 - INFO - Qtde OS de LINHA VIVA: 3118
2026-06-27 14:15:24,173 - INFO - Qtde OS poda de LINHA MORTA: 1712
2026-06-27 14:15:24,173 - INFO - Qtde OS estrutural de LINHA MORTA : 16283
2026-06-27 14:15:24,182 - INFO - Qtde OS poda de LINHA MORTA fora carteira: 98
2026-06-27 14:15:24,182 - INFO - Qtde OS para desprogramar: 2710
2026-06-27 14:15:24,182 - INFO - 
 Qtd de lotes de LM: 69
2026-06-27 14:15:24,182 - INFO - 
 Qtd de lotes de LV: 125
2026-06-27 14:15:24,182 - INFO - 
 Qtd de lotes de ESTRUTURAL LM: 652
2026-06-27 14:15:24,182 - INFO - 
 Qtd de lotes de LEVE: 4
2026-06-27 14:15:24,182 - INFO - 
 Qtd de lotes para desprogramar: 109
2026-06-27 14:15:24,182 - INFO - 
=== Iniciando lote 12/69 [LM] ===
2026-06-27 14:15:24,182 - INFO - 
=== abrir_janela_selecao ===
2026-06-27 14:15:30,534 - INFO - 
=== rotina abrir_selecao_colar_os ===
2026-06-27 14:15:30,882 - INFO - Janela de seleção aberta
2026-06-27 14:15:37,302 - INFO - DEBUG: idx=11, inicio=275, fim=300
2026-06-27 14:15:37,302 - INFO - ✅ 25 OS copiadas para a área de transferência.
2026-06-27 14:15:37,302 - INFO - 📋 Lote 12 copiado.
2026-06-27 14:15:45,643 - INFO - ⌛ Esperando mudança visual...
2026-06-27 14:15:46,656 - INFO - ⌛ Esperando mudança visual...
2026-06-27 14:15:47,672 - INFO - ⌛ Esperando mudança visual...
2026-06-27 14:15:48,684 - INFO - ⌛ Esperando mudança visual...
2026-06-27 14:15:49,703 - INFO - ⌛ Esperando mudança visual...
2026-06-27 14:15:50,707 - INFO - ✅ Tela carregada!
2026-06-27 14:15:54,719 - INFO - 
=== rotina desbloquear_os ===
2026-06-27 14:16:01,384 - INFO - ⌛ Aguardando janela de confirmação de desbloqueio...
2026-06-27 14:16:17,593 - INFO - ⌛ Aguardando janela de confirmação de desbloqueio...
2026-06-27 14:16:33,715 - INFO - 🟨 Registros desbloqueados com sucesso
2026-06-27 14:16:37,820 - INFO - 
=== rotina editar_os ===
2026-06-27 14:16:47,540 - INFO - ⌛ Aguardando janela de edição de OS...
2026-06-27 14:17:03,884 - INFO - 🟨 OS programadas detectadas
2026-06-27 14:17:06,991 - INFO - ⌛ Aguardando janela de edição de OS...
2026-06-27 14:17:23,334 - INFO - 🟨 Janela de edição de OS detectada
2026-06-27 14:17:44,790 - INFO - 🟨 Janela de edição de habilidade da turma detectada
2026-06-27 14:19:03,279 - INFO - ⌛ Aguardando detecção do campo de caracteristica 'EQUIPE PRÓPRIA OU EPS' ...
2026-06-27 14:19:22,743 - INFO - 🟨 campo de caracteristica 'EQUIPE PRÓPRIA OU EPS detectado
2026-06-27 14:19:44,946 - INFO - ⌛ Aguardando confirmação 4 - editar OS...
2026-06-27 14:20:01,248 - INFO - ⌛ Aguardando confirmação 4 - editar OS...
2026-06-27 14:20:17,645 - INFO - ⌛ Aguardando confirmação 4 - editar OS...
2026-06-27 14:20:34,211 - INFO - ⌛ Aguardando confirmação 4 - editar OS...
2026-06-27 14:20:50,652 - INFO - ⌛ Aguardando confirmação 4 - editar OS...
2026-06-27 14:38:03,420 - INFO - Data hoje: 27/06/2026
2026-06-27 14:38:03,420 - INFO - Data de referência: 30/06/2026
2026-06-27 14:38:24,918 - INFO - Data hoje: 27/06/2026
2026-06-27 14:38:24,918 - INFO - Data de referência: 30/06/2026
2026-06-27 14:40:49,611 - INFO - Qtde OS de LINHA VIVA: 281
2026-06-27 14:40:49,611 - INFO - Qtde OS poda de LINHA MORTA: 172
2026-06-27 14:40:49,611 - INFO - Qtde OS estrutural de LINHA MORTA : 11720
2026-06-27 14:40:49,611 - INFO - Qtde OS poda de LINHA MORTA fora carteira: 98
2026-06-27 14:40:49,611 - INFO - Qtde OS para desprogramar: 1357
2026-06-27 14:40:49,611 - INFO - 
 Qtd de lotes de LM: 7
2026-06-27 14:40:49,611 - INFO - 
 Qtd de lotes de LV: 12
2026-06-27 14:40:49,611 - INFO - 
 Qtd de lotes de ESTRUTURAL LM: 469
2026-06-27 14:40:49,611 - INFO - 
 Qtd de lotes de LEVE: 4
2026-06-27 14:40:49,611 - INFO - 
 Qtd de lotes para desprogramar: 55
2026-06-27 14:40:49,613 - INFO - 
=== Iniciando lote 1/4 [LEVE] ===
2026-06-27 14:40:49,613 - INFO - 
=== abrir_janela_selecao ===
2026-06-27 14:40:55,959 - INFO - 
=== rotina abrir_selecao_colar_os ===
2026-06-27 14:40:56,202 - INFO - Janela de seleção aberta
2026-06-27 14:41:00,487 - INFO - DEBUG: idx=0, inicio=0, fim=25
2026-06-27 14:41:00,487 - INFO - ✅ 25 OS copiadas para a área de transferência.
2026-06-27 14:41:00,487 - INFO - 📋 Lote 1 copiado.
2026-06-27 14:41:08,823 - INFO - ⌛ Esperando mudança visual...
2026-06-27 14:41:09,845 - INFO - ⌛ Esperando mudança visual...
2026-06-27 14:41:10,861 - INFO - ⌛ Esperando mudança visual...
2026-06-27 14:41:11,871 - INFO - ⌛ Esperando mudança visual...
2026-06-27 14:41:12,891 - INFO - ⌛ Esperando mudança visual...
2026-06-27 14:41:13,909 - INFO - ⌛ Esperando mudança visual...
2026-06-27 14:41:14,922 - INFO - ⌛ Esperando mudança visual...
2026-06-27 14:41:15,945 - INFO - ⌛ Esperando mudança visual...
2026-06-27 14:41:16,957 - INFO - ⌛ Esperando mudança visual...
2026-06-27 14:41:17,975 - INFO - ✅ Tela carregada!
2026-06-27 14:41:21,979 - INFO - 
=== rotina desbloquear_os ===
2026-06-27 14:41:48,621 - INFO - ⌛ Aguardando janela de confirmação de desbloqueio...
2026-06-27 14:42:04,828 - INFO - ⌛ Aguardando janela de confirmação de desbloqueio...
2026-06-27 14:42:20,948 - INFO - 🟨 Registros desbloqueados com sucesso
2026-06-27 14:42:25,061 - INFO - 
=== rotina editar_os ===
2026-06-27 14:42:37,470 - INFO - Data hoje: 27/06/2026
2026-06-27 14:42:37,470 - INFO - Data de referência: 30/06/2026
2026-06-27 14:45:19,930 - INFO - Qtde OS de LINHA VIVA: 281
2026-06-27 14:45:19,930 - INFO - Qtde OS poda de LINHA MORTA: 172
2026-06-27 14:45:19,930 - INFO - Qtde OS estrutural de LINHA MORTA : 11720
2026-06-27 14:45:19,930 - INFO - Qtde OS poda de LINHA MORTA fora carteira: 98
2026-06-27 14:45:19,930 - INFO - Qtde OS para desprogramar: 1357
2026-06-27 14:45:19,930 - INFO - 
 Qtd de lotes de LM: 7
2026-06-27 14:45:19,938 - INFO - 
 Qtd de lotes de LV: 12
2026-06-27 14:45:19,938 - INFO - 
 Qtd de lotes de ESTRUTURAL LM: 469
2026-06-27 14:45:19,938 - INFO - 
 Qtd de lotes de LEVE: 4
2026-06-27 14:45:19,938 - INFO - 
 Qtd de lotes para desprogramar: 55
2026-06-27 14:45:19,938 - INFO - 
=== Iniciando lote 1/4 [LEVE] ===
2026-06-27 14:45:19,939 - INFO - 
=== abrir_janela_selecao ===
2026-06-27 14:45:26,290 - INFO - 
=== rotina abrir_selecao_colar_os ===
2026-06-27 14:45:26,537 - INFO - ⌛ Aguardando janela de seleção...
2026-06-27 14:52:49,311 - INFO - Data hoje: 27/06/2026
2026-06-27 14:52:49,311 - INFO - Data de referência: 30/06/2026
2026-06-27 14:55:42,429 - INFO - Qtde OS de LINHA VIVA: 3133
2026-06-27 14:55:42,437 - INFO - Qtde OS poda de LINHA MORTA: 1733
2026-06-27 14:55:42,437 - INFO - Qtde OS estrutural de LINHA MORTA : 16283
2026-06-27 14:55:42,437 - INFO - Qtde OS poda de LINHA MORTA fora carteira: 98
2026-06-27 14:55:42,437 - INFO - Qtde OS para desprogramar: 2710
2026-06-27 14:55:42,437 - INFO - 
 Qtd de lotes de LM: 70
2026-06-27 14:55:42,437 - INFO - 
 Qtd de lotes de LV: 126
2026-06-27 14:55:42,437 - INFO - 
 Qtd de lotes de ESTRUTURAL LM: 652
2026-06-27 14:55:42,437 - INFO - 
 Qtd de lotes de LEVE: 4
2026-06-27 14:55:42,437 - INFO - 
 Qtd de lotes para desprogramar: 109
2026-06-27 14:55:42,437 - INFO - 
=== Iniciando lote 12/70 [LM] ===
2026-06-27 14:55:42,437 - INFO - 
=== abrir_janela_selecao ===
2026-06-27 14:55:48,777 - INFO - 
=== rotina abrir_selecao_colar_os ===
2026-06-27 14:55:49,061 - INFO - ⌛ Aguardando janela de seleção...
2026-06-27 14:56:00,260 - INFO - ⌛ Aguardando janela de seleção...
2026-06-27 14:56:11,455 - INFO - ⌛ Aguardando janela de seleção...
2026-06-27 14:56:22,538 - INFO - ⌛ Aguardando janela de seleção...
2026-06-27 14:56:33,687 - INFO - ⌛ Aguardando janela de seleção...
2026-06-27 14:56:44,742 - INFO - Janela de seleção aberta
2026-06-27 14:56:49,047 - INFO - DEBUG: idx=11, inicio=275, fim=300
2026-06-27 14:56:49,047 - INFO - ✅ 25 OS copiadas para a área de transferência.
2026-06-27 14:56:49,047 - INFO - 📋 Lote 12 copiado.
2026-06-27 14:56:57,387 - INFO - ⌛ Esperando mudança visual...
2026-06-27 14:56:58,407 - INFO - ⌛ Esperando mudança visual...
2026-06-27 14:56:59,419 - INFO - ⌛ Esperando mudança visual...
2026-06-27 14:57:00,437 - INFO - ⌛ Esperando mudança visual...
2026-06-27 14:57:01,453 - INFO - ⌛ Esperando mudança visual...
2026-06-27 14:57:02,468 - INFO - ✅ Tela carregada!
2026-06-27 14:57:06,471 - INFO - 
=== rotina desbloquear_os ===
2026-06-27 14:57:13,057 - INFO - ⌛ Aguardando janela de confirmação de desbloqueio...
2026-06-27 14:57:29,106 - INFO - 🟨 Registros desbloqueados com sucesso
2026-06-27 14:57:33,210 - INFO - 
=== rotina editar_os ===
2026-06-27 14:57:42,875 - INFO - ⌛ Aguardando janela de edição de OS...
2026-06-27 14:57:59,195 - INFO - 🟨 OS programadas detectadas
2026-06-27 14:58:02,301 - INFO - ⌛ Aguardando janela de edição de OS...
2026-06-27 14:58:18,724 - INFO - 🟨 Janela de edição de OS detectada
2026-06-27 14:58:40,231 - INFO - 🟨 Janela de edição de habilidade da turma detectada
2026-06-27 14:59:58,696 - INFO - ⌛ Aguardando detecção do campo de caracteristica 'EQUIPE PRÓPRIA OU EPS' ...
2026-06-27 15:00:18,206 - INFO - 🟨 campo de caracteristica 'EQUIPE PRÓPRIA OU EPS detectado
2026-06-27 15:00:40,392 - INFO - ⌛ Aguardando confirmação 4 - editar OS...
2026-06-27 15:00:40,401 - INFO - 🟨 verificando algum erro de impedimento do lote
2026-06-27 15:00:47,592 - INFO - identificado impedimento, pulando lote
2026-06-27 15:00:51,698 - INFO - 
=== Iniciando lote 13/70 [LM] ===
2026-06-27 15:00:51,698 - INFO - 
=== abrir_janela_selecao ===
2026-06-27 15:00:58,010 - INFO - 
=== rotina abrir_selecao_colar_os ===
2026-06-27 15:00:58,191 - INFO - ⌛ Aguardando janela de seleção...
2026-06-27 15:04:14,464 - INFO - Data hoje: 27/06/2026
2026-06-27 15:04:14,464 - INFO - Data de referência: 30/06/2026
2026-06-27 15:09:15,947 - INFO - Qtde OS de LINHA VIVA: 3133
2026-06-27 15:09:15,947 - INFO - Qtde OS poda de LINHA MORTA: 1733
2026-06-27 15:09:15,947 - INFO - Qtde OS estrutural de LINHA MORTA : 16283
2026-06-27 15:09:15,947 - INFO - Qtde OS poda de LINHA MORTA fora carteira: 98
2026-06-27 15:09:15,947 - INFO - Qtde OS para desprogramar: 2710
2026-06-27 15:09:15,950 - INFO - 
 Qtd de lotes de LM: 70
2026-06-27 15:09:15,950 - INFO - 
 Qtd de lotes de LV: 126
2026-06-27 15:09:15,950 - INFO - 
 Qtd de lotes de ESTRUTURAL LM: 652
2026-06-27 15:09:15,950 - INFO - 
 Qtd de lotes de LEVE: 4
2026-06-27 15:09:15,950 - INFO - 
 Qtd de lotes para desprogramar: 109
2026-06-27 15:09:15,953 - INFO - 
=== Iniciando lote 12/70 [LM] ===
2026-06-27 15:09:15,955 - INFO - 
=== abrir_janela_selecao ===
2026-06-27 15:09:22,269 - INFO - 
=== rotina abrir_selecao_colar_os ===
2026-06-27 15:09:22,540 - INFO - Janela de seleção aberta
2026-06-27 15:09:26,823 - INFO - DEBUG: idx=11, inicio=275, fim=300
2026-06-27 15:09:26,824 - INFO - ✅ 25 OS copiadas para a área de transferência.
2026-06-27 15:09:26,824 - INFO - 📋 Lote 12 copiado.
2026-06-27 15:09:35,159 - INFO - ⌛ Esperando mudança visual...
2026-06-27 15:09:36,178 - INFO - ⌛ Esperando mudança visual...
2026-06-27 15:09:37,197 - INFO - ⌛ Esperando mudança visual...
2026-06-27 15:09:38,211 - INFO - ⌛ Esperando mudança visual...
2026-06-27 15:09:39,226 - INFO - ⌛ Esperando mudança visual...
2026-06-27 15:09:40,235 - INFO - ⌛ Esperando mudança visual...
2026-06-27 15:09:41,250 - INFO - ⌛ Esperando mudança visual...
2026-06-27 15:09:42,269 - INFO - ⌛ Esperando mudança visual...
2026-06-27 15:09:43,284 - INFO - ⌛ Esperando mudança visual...
2026-06-27 15:09:44,296 - INFO - ✅ Tela carregada!
2026-06-27 15:09:48,300 - INFO - 
=== rotina desbloquear_os ===
2026-06-27 15:09:54,900 - INFO - ⌛ Aguardando janela de confirmação de desbloqueio...
2026-06-27 15:10:10,884 - INFO - ⌛ Aguardando janela de confirmação de desbloqueio...
2026-06-27 15:10:26,847 - INFO - 🟨 Registros desbloqueados com sucesso
2026-06-27 15:10:30,954 - INFO - 
=== rotina editar_os ===
2026-06-27 15:10:40,574 - INFO - ⌛ Aguardando janela de edição de OS...
2026-06-27 15:10:56,666 - INFO - 🟨 OS programadas detectadas
2026-06-27 15:10:59,773 - INFO - ⌛ Aguardando janela de edição de OS...
2026-06-27 15:11:16,046 - INFO - 🟨 Janela de edição de OS detectada
2026-06-27 15:11:37,504 - INFO - 🟨 Janela de edição de habilidade da turma detectada
2026-06-27 15:12:55,959 - INFO - ⌛ Aguardando detecção do campo de caracteristica 'EQUIPE PRÓPRIA OU EPS' ...
2026-06-27 15:13:15,466 - INFO - 🟨 campo de caracteristica 'EQUIPE PRÓPRIA OU EPS detectado
2026-06-27 15:13:37,511 - INFO - ⌛ Aguardando confirmação 4 - editar OS...
2026-06-27 15:13:37,517 - INFO - 🟨 verificando algum erro de impedimento do lote
2026-06-27 15:13:44,726 - INFO - identificado impedimento, pulando lote
2026-06-27 15:13:58,950 - INFO - 
=== Iniciando lote 13/70 [LM] ===
2026-06-27 15:13:58,950 - INFO - 
=== abrir_janela_selecao ===
2026-06-27 15:14:05,263 - INFO - 
=== rotina abrir_selecao_colar_os ===
2026-06-27 15:14:05,421 - INFO - Janela de seleção aberta
2026-06-27 15:14:09,696 - INFO - DEBUG: idx=12, inicio=300, fim=325
2026-06-27 15:14:09,697 - INFO - ✅ 25 OS copiadas para a área de transferência.
2026-06-27 15:14:09,697 - INFO - 📋 Lote 13 copiado.
2026-06-27 15:28:07,946 - INFO - Data hoje: 27/06/2026
2026-06-27 15:28:07,946 - INFO - Data de referência: 30/06/2026
2026-06-27 15:29:57,418 - INFO - Qtde OS de LINHA VIVA: 2511
2026-06-27 15:29:57,418 - INFO - Qtde OS poda de LINHA MORTA: 1514
2026-06-27 15:29:57,418 - INFO - Qtde OS estrutural de LINHA MORTA : 16284
2026-06-27 15:29:57,418 - INFO - Qtde OS poda de LINHA MORTA fora carteira: 99
2026-06-27 15:29:57,418 - INFO - Qtde OS para desprogramar: 2691
2026-06-27 15:29:57,418 - INFO - 
 Qtd de lotes de LM: 61
2026-06-27 15:29:57,418 - INFO - 
 Qtd de lotes de LV: 101
2026-06-27 15:29:57,418 - INFO - 
 Qtd de lotes de ESTRUTURAL LM: 652
2026-06-27 15:29:57,418 - INFO - 
 Qtd de lotes de LEVE: 4
2026-06-27 15:29:57,418 - INFO - 
 Qtd de lotes para desprogramar: 108
2026-06-27 15:29:57,418 - INFO - 
=== Iniciando lote 1/61 [LM] ===
2026-06-27 15:29:57,418 - INFO - 
=== abrir_janela_selecao ===
2026-06-27 15:30:03,785 - INFO - 
=== rotina abrir_selecao_colar_os ===
2026-06-27 15:30:03,862 - INFO - Janela de seleção aberta
2026-06-27 15:30:08,099 - INFO - DEBUG: idx=0, inicio=0, fim=25
2026-06-27 15:30:08,099 - INFO - ✅ 25 OS copiadas para a área de transferência.
2026-06-27 15:30:08,099 - INFO - 📋 Lote 1 copiado.
2026-06-27 15:30:16,444 - INFO - ⌛ Esperando mudança visual...
2026-06-27 15:30:17,460 - INFO - ⌛ Esperando mudança visual...
2026-06-27 15:30:18,480 - INFO - ⌛ Esperando mudança visual...
2026-06-27 15:30:19,498 - INFO - ⌛ Esperando mudança visual...
2026-06-27 15:30:20,514 - INFO - ⌛ Esperando mudança visual...
2026-06-27 15:30:21,533 - INFO - ⌛ Esperando mudança visual...
2026-06-27 15:30:22,552 - INFO - ⌛ Esperando mudança visual...
2026-06-27 15:30:23,569 - INFO - ⌛ Esperando mudança visual...
2026-06-27 15:30:24,586 - INFO - ⌛ Esperando mudança visual...
2026-06-27 15:30:25,606 - INFO - ⌛ Esperando mudança visual...
2026-06-27 15:30:26,623 - INFO - ✅ Tela carregada!
2026-06-27 15:30:30,634 - INFO - 
=== rotina desbloquear_os ===
2026-06-27 15:30:37,122 - INFO - ⌛ Aguardando janela de confirmação de desbloqueio...
2026-06-27 15:30:52,632 - INFO - 🟨 Registros desbloqueados com sucesso
2026-06-27 15:30:56,750 - INFO - 
=== rotina editar_os ===
2026-06-27 15:31:06,211 - INFO - ⌛ Aguardando janela de edição de OS...
2026-06-27 15:31:21,742 - INFO - 🟨 OS programadas detectadas
2026-06-27 15:31:24,851 - INFO - ⌛ Aguardando janela de edição de OS...
2026-06-27 15:31:40,427 - INFO - 🟨 Janela de edição de OS detectada
2026-06-27 15:32:01,840 - INFO - 🟨 Janela de edição de habilidade da turma detectada
2026-06-27 15:33:20,256 - INFO - ⌛ Aguardando detecção do campo de caracteristica 'EQUIPE PRÓPRIA OU EPS' ...
2026-06-27 15:33:39,612 - INFO - 🟨 campo de caracteristica 'EQUIPE PRÓPRIA OU EPS detectado
2026-06-27 15:34:01,388 - INFO - ⌛ Aguardando confirmação 4 - editar OS...
2026-06-27 15:34:01,389 - INFO - 🟨 verificando algum erro de impedimento do lote
2026-06-27 15:34:22,013 - INFO - ⌛ Aguardando confirmação 4 - editar OS...
2026-06-27 15:34:22,013 - INFO - 🟨 verificando algum erro de impedimento do lote
2026-06-27 15:34:42,595 - INFO - 🟨 Janela de confirmação 4 de edição de OS detectada
2026-06-27 15:34:46,699 - INFO - 
=== rotina programar_os ===
2026-06-27 15:35:13,216 - INFO - ⌛ Aguardando janela de confirmação de programação de OS...
2026-06-27 15:35:38,658 - INFO - 🟨 Janela de confirmação de programação de OS detectada
2026-06-27 15:35:51,917 - INFO - 🟨 Janela de aviso de edição de OS programadas detectada
2026-06-27 15:35:59,149 - INFO - ⌛ aguardando janela de programação de lote de OS...
2026-06-27 15:36:24,839 - INFO - 🟨 Janela de aviso de substituição de lote de OS detectada
2026-06-27 15:36:44,942 - INFO - ⌛ aguardando janela de programação de lote de OS...
2026-06-27 15:37:10,489 - INFO - 🟨 Janela de programação de lote de OS detectada
2026-06-27 15:37:59,905 - INFO - 🟨 Janela de aviso de OS com contrato informado detectada
2026-06-27 15:38:10,111 - INFO - 🟨 Janela de confirmação de programação de lote de OS detectada
2026-06-27 15:38:14,312 - INFO - ⌛ aguardando confirmação final de programação do lote
2026-06-27 15:38:39,784 - INFO - 🟨 programação do lote 1 efetuado com sucesso
2026-06-27 15:38:49,888 - INFO - 
=== Iniciando lote 2/61 [LM] ===
2026-06-27 15:38:49,889 - INFO - 
=== abrir_janela_selecao ===
2026-06-27 15:38:56,194 - INFO - 
=== rotina abrir_selecao_colar_os ===
2026-06-27 15:38:56,254 - INFO - Janela de seleção aberta
2026-06-27 15:39:00,483 - INFO - DEBUG: idx=1, inicio=25, fim=50
2026-06-27 15:39:00,483 - INFO - ✅ 25 OS copiadas para a área de transferência.
2026-06-27 15:39:00,483 - INFO - 📋 Lote 2 copiado.
2026-06-27 15:39:08,810 - INFO - ⌛ Esperando mudança visual...
2026-06-27 15:39:09,824 - INFO - ⌛ Esperando mudança visual...
2026-06-27 15:39:10,842 - INFO - ⌛ Esperando mudança visual...
2026-06-27 15:39:11,855 - INFO - ⌛ Esperando mudança visual...
2026-06-27 15:39:12,871 - INFO - ⌛ Esperando mudança visual...
2026-06-27 15:39:13,887 - INFO - ⌛ Esperando mudança visual...
2026-06-27 15:39:14,902 - INFO - ⌛ Esperando mudança visual...
2026-06-27 15:39:15,918 - INFO - ⌛ Esperando mudança visual...
2026-06-27 15:39:16,934 - INFO - ⌛ Esperando mudança visual...
2026-06-27 15:39:17,949 - INFO - ⌛ Esperando mudança visual...
2026-06-27 15:39:18,967 - INFO - ✅ Tela carregada!
2026-06-27 15:39:22,969 - INFO - 
=== rotina desbloquear_os ===
2026-06-27 15:39:29,444 - INFO - ⌛ Aguardando janela de confirmação de desbloqueio...
2026-06-27 15:39:44,863 - INFO - 🟨 Registros desbloqueados com sucesso
2026-06-27 15:39:48,966 - INFO - 
=== rotina editar_os ===
2026-06-27 15:39:58,379 - INFO - ⌛ Aguardando janela de edição de OS...
2026-06-27 15:40:13,860 - INFO - 🟨 OS programadas detectadas
2026-06-27 15:40:16,964 - INFO - ⌛ Aguardando janela de edição de OS...
2026-06-27 15:40:32,457 - INFO - 🟨 Janela de edição de OS detectada
2026-06-27 15:40:53,815 - INFO - 🟨 Janela de edição de habilidade da turma detectada
2026-06-27 15:42:12,099 - INFO - ⌛ Aguardando detecção do campo de caracteristica 'EQUIPE PRÓPRIA OU EPS' ...
2026-06-27 15:42:31,437 - INFO - 🟨 campo de caracteristica 'EQUIPE PRÓPRIA OU EPS detectado
2026-06-27 15:42:53,215 - INFO - ⌛ Aguardando confirmação 4 - editar OS...
2026-06-27 15:42:53,215 - INFO - 🟨 verificando algum erro de impedimento do lote
2026-06-27 15:43:13,761 - INFO - ⌛ Aguardando confirmação 4 - editar OS...
2026-06-27 15:43:13,761 - INFO - 🟨 verificando algum erro de impedimento do lote
2026-06-27 15:43:34,295 - INFO - 🟨 Janela de confirmação 4 de edição de OS detectada
2026-06-27 15:43:38,397 - INFO - 
=== rotina programar_os ===
2026-06-27 15:44:04,927 - INFO - ⌛ Aguardando janela de confirmação de programação de OS...
2026-06-27 15:44:30,398 - INFO - 🟨 Janela de confirmação de programação de OS detectada
2026-06-27 15:44:43,652 - INFO - 🟨 Janela de aviso de edição de OS programadas detectada
2026-06-27 15:44:50,856 - INFO - ⌛ aguardando janela de programação de lote de OS...
2026-06-27 15:45:16,354 - INFO - 🟨 Janela de aviso de substituição de lote de OS detectada
2026-06-27 15:45:36,470 - INFO - ⌛ aguardando janela de programação de lote de OS...
2026-06-27 15:46:02,009 - INFO - 🟨 Janela de programação de lote de OS detectada
2026-06-27 15:46:51,532 - INFO - 🟨 Janela de confirmação de programação de lote de OS detectada
2026-06-27 15:46:55,761 - INFO - ⌛ aguardando confirmação final de programação do lote
2026-06-27 15:47:21,205 - INFO - 🟨 programação do lote 2 efetuado com sucesso
2026-06-27 15:47:31,311 - INFO - 
=== Iniciando lote 3/61 [LM] ===
2026-06-27 15:47:31,311 - INFO - 
=== abrir_janela_selecao ===
2026-06-27 15:47:37,618 - INFO - 
=== rotina abrir_selecao_colar_os ===
2026-06-27 15:47:37,667 - INFO - Janela de seleção aberta
2026-06-27 15:47:41,898 - INFO - DEBUG: idx=2, inicio=50, fim=75
2026-06-27 15:47:41,898 - INFO - ✅ 25 OS copiadas para a área de transferência.
2026-06-27 15:47:41,898 - INFO - 📋 Lote 3 copiado.
2026-06-27 15:47:50,224 - INFO - ⌛ Esperando mudança visual...
2026-06-27 15:47:51,237 - INFO - ⌛ Esperando mudança visual...
2026-06-27 15:47:52,252 - INFO - ⌛ Esperando mudança visual...
2026-06-27 15:47:53,268 - INFO - ⌛ Esperando mudança visual...
2026-06-27 15:47:54,283 - INFO - ⌛ Esperando mudança visual...
2026-06-27 15:47:55,300 - INFO - ⌛ Esperando mudança visual...
2026-06-27 15:47:56,315 - INFO - ⌛ Esperando mudança visual...
2026-06-27 15:47:57,331 - INFO - ⌛ Esperando mudança visual...
2026-06-27 15:47:58,346 - INFO - ⌛ Esperando mudança visual...
2026-06-27 15:47:59,364 - INFO - ✅ Tela carregada!
2026-06-27 15:48:03,367 - INFO - 
=== rotina desbloquear_os ===
2026-06-27 15:48:09,833 - INFO - ⌛ Aguardando janela de confirmação de desbloqueio...
2026-06-27 15:48:25,250 - INFO - 🟨 Registros desbloqueados com sucesso
2026-06-27 15:48:29,355 - INFO - 
=== rotina editar_os ===
2026-06-27 15:48:38,788 - INFO - ⌛ Aguardando janela de edição de OS...
2026-06-27 15:48:54,274 - INFO - 🟨 OS programadas detectadas
2026-06-27 15:48:57,377 - INFO - ⌛ Aguardando janela de edição de OS...
2026-06-27 15:49:12,856 - INFO - 🟨 Janela de edição de OS detectada
2026-06-27 15:49:34,229 - INFO - 🟨 Janela de edição de habilidade da turma detectada
2026-06-27 15:50:52,508 - INFO - ⌛ Aguardando detecção do campo de caracteristica 'EQUIPE PRÓPRIA OU EPS' ...
2026-06-27 15:51:11,886 - INFO - 🟨 campo de caracteristica 'EQUIPE PRÓPRIA OU EPS detectado
2026-06-27 15:51:33,666 - INFO - ⌛ Aguardando confirmação 4 - editar OS...
2026-06-27 15:51:33,666 - INFO - 🟨 verificando algum erro de impedimento do lote
2026-06-27 15:51:40,732 - INFO - identificado impedimento, pulando lote
2026-06-27 15:51:54,949 - INFO - 
=== Iniciando lote 4/61 [LM] ===
2026-06-27 15:51:54,949 - INFO - 
=== abrir_janela_selecao ===
2026-06-27 15:52:01,256 - INFO - 
=== rotina abrir_selecao_colar_os ===
2026-06-27 15:52:01,324 - INFO - Janela de seleção aberta
2026-06-27 15:52:05,554 - INFO - DEBUG: idx=3, inicio=75, fim=100
2026-06-27 15:52:05,554 - INFO - ✅ 25 OS copiadas para a área de transferência.
2026-06-27 15:52:05,554 - INFO - 📋 Lote 4 copiado.
2026-06-27 15:52:13,896 - INFO - ⌛ Esperando mudança visual...
2026-06-27 15:52:14,911 - INFO - ⌛ Esperando mudança visual...
2026-06-27 15:52:15,927 - INFO - ⌛ Esperando mudança visual...
2026-06-27 15:52:16,943 - INFO - ⌛ Esperando mudança visual...
2026-06-27 15:52:17,958 - INFO - ⌛ Esperando mudança visual...
2026-06-27 15:52:18,974 - INFO - ⌛ Esperando mudança visual...
2026-06-27 15:52:19,990 - INFO - ⌛ Esperando mudança visual...
2026-06-27 15:52:21,007 - INFO - ⌛ Esperando mudança visual...
2026-06-27 15:52:22,022 - INFO - ⌛ Esperando mudança visual...
2026-06-27 15:52:23,036 - INFO - ✅ Tela carregada!
2026-06-27 15:52:27,041 - INFO - 
=== rotina desbloquear_os ===
2026-06-27 15:52:33,509 - INFO - ⌛ Aguardando janela de confirmação de desbloqueio...
2026-06-27 15:52:48,930 - INFO - 🟨 Registros desbloqueados com sucesso
2026-06-27 15:52:53,033 - INFO - 
=== rotina editar_os ===
2026-06-27 15:53:02,463 - INFO - ⌛ Aguardando janela de edição de OS...
2026-06-27 15:53:17,909 - INFO - 🟨 OS programadas detectadas
2026-06-27 15:53:21,012 - INFO - ⌛ Aguardando janela de edição de OS...
2026-06-27 15:53:36,444 - INFO - 🟨 Janela de edição de OS detectada
2026-06-27 15:53:57,805 - INFO - 🟨 Janela de edição de habilidade da turma detectada
2026-06-27 15:55:16,094 - INFO - ⌛ Aguardando detecção do campo de caracteristica 'EQUIPE PRÓPRIA OU EPS' ...
2026-06-27 15:55:35,447 - INFO - 🟨 campo de caracteristica 'EQUIPE PRÓPRIA OU EPS detectado
2026-06-27 15:55:57,231 - INFO - ⌛ Aguardando confirmação 4 - editar OS...
2026-06-27 15:55:57,231 - INFO - 🟨 verificando algum erro de impedimento do lote
2026-06-27 15:56:17,771 - INFO - ⌛ Aguardando confirmação 4 - editar OS...
2026-06-27 15:56:17,771 - INFO - 🟨 verificando algum erro de impedimento do lote
2026-06-27 15:56:38,299 - INFO - 🟨 Janela de confirmação 4 de edição de OS detectada
2026-06-27 15:56:42,402 - INFO - 
=== rotina programar_os ===
2026-06-27 15:57:08,939 - INFO - ⌛ Aguardando janela de confirmação de programação de OS...
2026-06-27 15:57:34,393 - INFO - 🟨 Janela de confirmação de programação de OS detectada
2026-06-27 15:57:47,648 - INFO - 🟨 Janela de aviso de edição de OS programadas detectada
2026-06-27 15:57:54,852 - INFO - ⌛ aguardando janela de programação de lote de OS...
2026-06-27 15:58:20,379 - INFO - 🟨 Janela de aviso de substituição de lote de OS detectada
2026-06-27 15:58:40,482 - INFO - ⌛ aguardando janela de programação de lote de OS...
2026-06-27 15:59:06,001 - INFO - 🟨 Janela de programação de lote de OS detectada
2026-06-27 15:59:55,514 - INFO - 🟨 Janela de confirmação de programação de lote de OS detectada
2026-06-27 15:59:59,747 - INFO - ⌛ aguardando confirmação final de programação do lote
2026-06-27 16:00:25,237 - INFO - 🟨 programação do lote 4 efetuado com sucesso
2026-06-27 16:00:35,341 - INFO - 
=== Iniciando lote 5/61 [LM] ===
2026-06-27 16:00:35,341 - INFO - 
=== abrir_janela_selecao ===
2026-06-27 16:00:41,648 - INFO - 
=== rotina abrir_selecao_colar_os ===
2026-06-27 16:00:41,692 - INFO - Janela de seleção aberta
2026-06-27 16:00:45,937 - INFO - DEBUG: idx=4, inicio=100, fim=125
2026-06-27 16:00:45,937 - INFO - ✅ 25 OS copiadas para a área de transferência.
2026-06-27 16:00:45,938 - INFO - 📋 Lote 5 copiado.
2026-06-27 16:00:54,265 - INFO - ⌛ Esperando mudança visual...
2026-06-27 16:00:55,280 - INFO - ⌛ Esperando mudança visual...
2026-06-27 16:00:56,294 - INFO - ⌛ Esperando mudança visual...
2026-06-27 16:00:57,310 - INFO - ⌛ Esperando mudança visual...
2026-06-27 16:00:58,325 - INFO - ⌛ Esperando mudança visual...
2026-06-27 16:00:59,340 - INFO - ⌛ Esperando mudança visual...
2026-06-27 16:01:00,357 - INFO - ⌛ Esperando mudança visual...
2026-06-27 16:01:01,372 - INFO - ⌛ Esperando mudança visual...
2026-06-27 16:01:02,390 - INFO - ⌛ Esperando mudança visual...
2026-06-27 16:01:03,403 - INFO - ⌛ Esperando mudança visual...
2026-06-27 16:01:04,419 - INFO - ✅ Tela carregada!
2026-06-27 16:01:08,423 - INFO - 
=== rotina desbloquear_os ===
2026-06-27 16:01:14,891 - INFO - ⌛ Aguardando janela de confirmação de desbloqueio...
2026-06-27 16:01:30,292 - INFO - 🟨 Registros desbloqueados com sucesso
2026-06-27 16:01:34,396 - INFO - 
=== rotina editar_os ===
2026-06-27 16:01:43,831 - INFO - ⌛ Aguardando janela de edição de OS...
2026-06-27 16:01:59,294 - INFO - 🟨 OS programadas detectadas
2026-06-27 16:02:02,397 - INFO - ⌛ Aguardando janela de edição de OS...
2026-06-27 16:02:17,844 - INFO - 🟨 Janela de edição de OS detectada
2026-06-27 16:02:39,216 - INFO - 🟨 Janela de edição de habilidade da turma detectada
2026-06-27 16:03:57,535 - INFO - ⌛ Aguardando detecção do campo de caracteristica 'EQUIPE PRÓPRIA OU EPS' ...
2026-06-27 16:04:16,889 - INFO - 🟨 campo de caracteristica 'EQUIPE PRÓPRIA OU EPS detectado
2026-06-27 16:04:38,671 - INFO - ⌛ Aguardando confirmação 4 - editar OS...
2026-06-27 16:04:38,671 - INFO - 🟨 verificando algum erro de impedimento do lote
2026-06-27 16:04:59,221 - INFO - ⌛ Aguardando confirmação 4 - editar OS...
2026-06-27 16:04:59,221 - INFO - 🟨 verificando algum erro de impedimento do lote
2026-06-27 16:05:19,789 - INFO - 🟨 Janela de confirmação 4 de edição de OS detectada
2026-06-27 16:05:23,891 - INFO - 
=== rotina programar_os ===
2026-06-27 16:05:50,421 - INFO - ⌛ Aguardando janela de confirmação de programação de OS...
2026-06-27 16:06:15,866 - INFO - 🟨 Janela de confirmação de programação de OS detectada
2026-06-27 16:06:29,120 - INFO - 🟨 Janela de aviso de edição de OS programadas detectada
2026-06-27 16:06:36,327 - INFO - ⌛ aguardando janela de programação de lote de OS...
2026-06-27 16:07:01,892 - INFO - 🟨 Janela de aviso de substituição de lote de OS detectada
2026-06-27 16:07:21,994 - INFO - ⌛ aguardando janela de programação de lote de OS...
2026-06-27 16:07:47,481 - INFO - 🟨 Janela de programação de lote de OS detectada
2026-06-27 16:08:37,040 - INFO - 🟨 Janela de confirmação de programação de lote de OS detectada
2026-06-27 16:08:41,252 - INFO - ⌛ aguardando confirmação final de programação do lote
2026-06-27 16:09:06,772 - INFO - 🟨 programação do lote 5 efetuado com sucesso
2026-06-27 16:09:16,878 - INFO - 
=== Iniciando lote 6/61 [LM] ===
2026-06-27 16:09:16,878 - INFO - 
=== abrir_janela_selecao ===
2026-06-27 16:09:23,189 - INFO - 
=== rotina abrir_selecao_colar_os ===
2026-06-27 16:09:23,245 - INFO - Janela de seleção aberta
2026-06-27 16:09:27,473 - INFO - DEBUG: idx=5, inicio=125, fim=150
2026-06-27 16:09:27,474 - INFO - ✅ 25 OS copiadas para a área de transferência.
2026-06-27 16:09:27,474 - INFO - 📋 Lote 6 copiado.
2026-06-27 16:09:35,799 - INFO - ⌛ Esperando mudança visual...
2026-06-27 16:09:36,815 - INFO - ⌛ Esperando mudança visual...
2026-06-27 16:09:37,830 - INFO - ⌛ Esperando mudança visual...
2026-06-27 16:09:38,849 - INFO - ⌛ Esperando mudança visual...
2026-06-27 16:09:39,864 - INFO - ⌛ Esperando mudança visual...
2026-06-27 16:09:40,878 - INFO - ⌛ Esperando mudança visual...
2026-06-27 16:09:41,894 - INFO - ⌛ Esperando mudança visual...
2026-06-27 16:09:42,910 - INFO - ⌛ Esperando mudança visual...
2026-06-27 16:09:43,924 - INFO - ⌛ Esperando mudança visual...
2026-06-27 16:09:44,941 - INFO - ✅ Tela carregada!
2026-06-27 16:09:48,946 - INFO - 
=== rotina desbloquear_os ===
2026-06-27 16:09:55,414 - INFO - ⌛ Aguardando janela de confirmação de desbloqueio...
2026-06-27 16:10:10,866 - INFO - 🟨 Registros desbloqueados com sucesso
2026-06-27 16:10:14,969 - INFO - 
=== rotina editar_os ===
2026-06-27 16:10:24,382 - INFO - ⌛ Aguardando janela de edição de OS...
2026-06-27 16:10:39,850 - INFO - 🟨 OS programadas detectadas
2026-06-27 16:10:42,955 - INFO - ⌛ Aguardando janela de edição de OS...
2026-06-27 16:10:58,398 - INFO - 🟨 Janela de edição de OS detectada
2026-06-27 16:11:19,747 - INFO - 🟨 Janela de edição de habilidade da turma detectada
2026-06-27 16:12:38,053 - INFO - ⌛ Aguardando detecção do campo de caracteristica 'EQUIPE PRÓPRIA OU EPS' ...
2026-06-27 16:12:57,430 - INFO - 🟨 campo de caracteristica 'EQUIPE PRÓPRIA OU EPS detectado
2026-06-27 16:13:19,196 - INFO - ⌛ Aguardando confirmação 4 - editar OS...
2026-06-27 16:13:19,196 - INFO - 🟨 verificando algum erro de impedimento do lote
2026-06-27 16:13:39,725 - INFO - ⌛ Aguardando confirmação 4 - editar OS...
2026-06-27 16:13:39,726 - INFO - 🟨 verificando algum erro de impedimento do lote
2026-06-27 16:14:00,289 - INFO - 🟨 Janela de confirmação 4 de edição de OS detectada
2026-06-27 16:14:04,396 - INFO - 
=== rotina programar_os ===
2026-06-27 16:14:30,935 - INFO - ⌛ Aguardando janela de confirmação de programação de OS...
2026-06-27 16:14:56,350 - INFO - 🟨 Janela de confirmação de programação de OS detectada
2026-06-27 16:15:09,611 - INFO - 🟨 Janela de aviso de edição de OS programadas detectada
2026-06-27 16:15:16,818 - INFO - ⌛ aguardando janela de programação de lote de OS...
2026-06-27 16:15:42,404 - INFO - 🟨 Janela de aviso de substituição de lote de OS detectada
2026-06-27 16:16:02,506 - INFO - ⌛ aguardando janela de programação de lote de OS...
2026-06-27 16:16:28,022 - INFO - 🟨 Janela de programação de lote de OS detectada
2026-06-27 16:17:17,542 - INFO - 🟨 Janela de confirmação de programação de lote de OS detectada
2026-06-27 16:17:21,787 - INFO - ⌛ aguardando confirmação final de programação do lote
2026-06-27 16:17:47,291 - INFO - 🟨 programação do lote 6 efetuado com sucesso
2026-06-27 16:17:57,397 - INFO - 
=== Iniciando lote 7/61 [LM] ===
2026-06-27 16:17:57,397 - INFO - 
=== abrir_janela_selecao ===
2026-06-27 16:18:03,703 - INFO - 
=== rotina abrir_selecao_colar_os ===
2026-06-27 16:18:03,763 - INFO - Janela de seleção aberta
2026-06-27 16:18:07,990 - INFO - DEBUG: idx=6, inicio=150, fim=175
2026-06-27 16:18:07,991 - INFO - ✅ 25 OS copiadas para a área de transferência.
2026-06-27 16:18:07,991 - INFO - 📋 Lote 7 copiado.
2026-06-27 16:18:16,317 - INFO - ⌛ Esperando mudança visual...
2026-06-27 16:18:17,333 - INFO - ⌛ Esperando mudança visual...
2026-06-27 16:18:18,350 - INFO - ⌛ Esperando mudança visual...
2026-06-27 16:18:19,364 - INFO - ⌛ Esperando mudança visual...
2026-06-27 16:18:20,381 - INFO - ⌛ Esperando mudança visual...
2026-06-27 16:18:21,395 - INFO - ⌛ Esperando mudança visual...
2026-06-27 16:18:22,410 - INFO - ⌛ Esperando mudança visual...
2026-06-27 16:18:23,426 - INFO - ⌛ Esperando mudança visual...
2026-06-27 16:18:24,442 - INFO - ⌛ Esperando mudança visual...
2026-06-27 16:18:25,458 - INFO - ⌛ Esperando mudança visual...
2026-06-27 16:18:26,475 - INFO - ⌛ Esperando mudança visual...
2026-06-27 16:18:27,489 - INFO - ⌛ Esperando mudança visual...
2026-06-27 16:18:28,505 - INFO - ⌛ Esperando mudança visual...
2026-06-27 16:18:29,521 - INFO - ⌛ Esperando mudança visual...
2026-06-27 16:18:30,536 - INFO - ⌛ Esperando mudança visual...
2026-06-27 16:18:31,552 - INFO - ⌛ Esperando mudança visual...
2026-06-27 16:18:32,567 - INFO - ⌛ Esperando mudança visual...
2026-06-27 16:18:33,583 - INFO - ⌛ Esperando mudança visual...
2026-06-27 16:18:34,599 - INFO - ⌛ Esperando mudança visual...
2026-06-27 16:18:35,614 - INFO - ⌛ Esperando mudança visual...
2026-06-27 16:18:36,632 - INFO - ✅ Tela carregada!
2026-06-27 16:18:40,634 - INFO - 
=== rotina desbloquear_os ===
2026-06-27 16:18:47,106 - INFO - ⌛ Aguardando janela de confirmação de desbloqueio...
2026-06-27 16:19:02,505 - INFO - 🟨 Registros desbloqueados com sucesso
2026-06-27 16:19:06,608 - INFO - 
=== rotina editar_os ===
2026-06-27 16:19:16,021 - INFO - ⌛ Aguardando janela de edição de OS...
2026-06-27 16:19:31,471 - INFO - 🟨 OS programadas detectadas
2026-06-27 16:19:34,574 - INFO - ⌛ Aguardando janela de edição de OS...
2026-06-27 16:19:50,021 - INFO - 🟨 Janela de edição de OS detectada
2026-06-27 16:20:11,380 - INFO - 🟨 Janela de edição de habilidade da turma detectada
2026-06-27 16:21:29,684 - INFO - ⌛ Aguardando detecção do campo de caracteristica 'EQUIPE PRÓPRIA OU EPS' ...
2026-06-27 16:21:49,032 - INFO - 🟨 campo de caracteristica 'EQUIPE PRÓPRIA OU EPS detectado
2026-06-27 16:22:10,833 - INFO - ⌛ Aguardando confirmação 4 - editar OS...
2026-06-27 16:22:10,833 - INFO - 🟨 verificando algum erro de impedimento do lote
2026-06-27 16:22:31,360 - INFO - ⌛ Aguardando confirmação 4 - editar OS...
2026-06-27 16:22:31,360 - INFO - 🟨 verificando algum erro de impedimento do lote
2026-06-27 16:22:51,845 - INFO - 🟨 Janela de confirmação 4 de edição de OS detectada
2026-06-27 16:22:55,961 - INFO - 
=== rotina programar_os ===
2026-06-27 16:23:22,497 - INFO - ⌛ Aguardando janela de confirmação de programação de OS...
2026-06-27 16:23:48,013 - INFO - 🟨 Janela de confirmação de programação de OS detectada
2026-06-27 16:24:01,293 - INFO - 🟨 Janela de aviso de edição de OS programadas detectada
2026-06-27 16:24:08,498 - INFO - ⌛ aguardando janela de programação de lote de OS...
2026-06-27 16:24:33,999 - INFO - 🟨 Janela de aviso de substituição de lote de OS detectada
2026-06-27 16:24:54,111 - INFO - ⌛ aguardando janela de programação de lote de OS...
2026-06-27 16:25:19,633 - INFO - 🟨 Janela de programação de lote de OS detectada
2026-06-27 16:26:09,140 - INFO - 🟨 Janela de confirmação de programação de lote de OS detectada
2026-06-27 16:26:13,357 - INFO - ⌛ aguardando confirmação final de programação do lote
2026-06-27 16:26:38,820 - INFO - 🟨 programação do lote 7 efetuado com sucesso
2026-06-27 16:26:48,924 - INFO - 
=== Iniciando lote 8/61 [LM] ===
2026-06-27 16:26:48,925 - INFO - 
=== abrir_janela_selecao ===
2026-06-27 16:26:55,231 - INFO - 
=== rotina abrir_selecao_colar_os ===
2026-06-27 16:26:55,274 - INFO - Janela de seleção aberta
2026-06-27 16:26:59,502 - INFO - DEBUG: idx=7, inicio=175, fim=200
2026-06-27 16:26:59,502 - INFO - ✅ 25 OS copiadas para a área de transferência.
2026-06-27 16:26:59,502 - INFO - 📋 Lote 8 copiado.
2026-06-27 16:27:07,829 - INFO - ⌛ Esperando mudança visual...
2026-06-27 16:27:08,844 - INFO - ⌛ Esperando mudança visual...
2026-06-27 16:27:09,860 - INFO - ⌛ Esperando mudança visual...
2026-06-27 16:27:10,875 - INFO - ⌛ Esperando mudança visual...
2026-06-27 16:27:11,891 - INFO - ⌛ Esperando mudança visual...
2026-06-27 16:27:12,906 - INFO - ⌛ Esperando mudança visual...
2026-06-27 16:27:13,922 - INFO - ⌛ Esperando mudança visual...
2026-06-27 16:27:14,939 - INFO - ⌛ Esperando mudança visual...
2026-06-27 16:27:15,955 - INFO - ⌛ Esperando mudança visual...
2026-06-27 16:27:16,971 - INFO - ⌛ Esperando mudança visual...
2026-06-27 16:27:17,984 - INFO - ⌛ Esperando mudança visual...
2026-06-27 16:27:19,001 - INFO - ⌛ Esperando mudança visual...
2026-06-27 16:27:20,016 - INFO - ⌛ Esperando mudança visual...
2026-06-27 16:27:21,032 - INFO - ⌛ Esperando mudança visual...
2026-06-27 16:27:22,048 - INFO - ⌛ Esperando mudança visual...
2026-06-27 16:27:23,065 - INFO - ⌛ Esperando mudança visual...
2026-06-27 16:27:24,079 - INFO - ⌛ Esperando mudança visual...
2026-06-27 16:27:25,094 - INFO - ⌛ Esperando mudança visual...
2026-06-27 16:27:26,113 - INFO - ⌛ Esperando mudança visual...
2026-06-27 16:27:27,126 - INFO - ⌛ Esperando mudança visual...
2026-06-27 16:27:28,143 - INFO - ✅ Tela carregada!
2026-06-27 16:27:32,146 - INFO - 
=== rotina desbloquear_os ===
2026-06-27 16:27:38,612 - INFO - ⌛ Aguardando janela de confirmação de desbloqueio...
2026-06-27 16:27:53,978 - INFO - 🟨 Registros desbloqueados com sucesso
2026-06-27 16:27:58,081 - INFO - 
=== rotina editar_os ===
2026-06-27 16:28:07,486 - INFO - ⌛ Aguardando janela de edição de OS...
2026-06-27 16:28:22,912 - INFO - 🟨 OS programadas detectadas
2026-06-27 16:28:26,015 - INFO - ⌛ Aguardando janela de edição de OS...
2026-06-27 16:28:41,436 - INFO - 🟨 Janela de edição de OS detectada
2026-06-27 16:29:02,806 - INFO - 🟨 Janela de edição de habilidade da turma detectada
2026-06-27 16:30:21,110 - INFO - ⌛ Aguardando detecção do campo de caracteristica 'EQUIPE PRÓPRIA OU EPS' ...
2026-06-27 16:30:40,463 - INFO - 🟨 campo de caracteristica 'EQUIPE PRÓPRIA OU EPS detectado
2026-06-27 16:31:02,257 - INFO - ⌛ Aguardando confirmação 4 - editar OS...
2026-06-27 16:31:02,257 - INFO - 🟨 verificando algum erro de impedimento do lote
2026-06-27 16:31:22,733 - INFO - ⌛ Aguardando confirmação 4 - editar OS...
2026-06-27 16:31:22,733 - INFO - 🟨 verificando algum erro de impedimento do lote
2026-06-27 16:31:43,233 - INFO - 🟨 Janela de confirmação 4 de edição de OS detectada
2026-06-27 16:31:47,335 - INFO - 
=== rotina programar_os ===
2026-06-27 16:32:13,843 - INFO - ⌛ Aguardando janela de confirmação de programação de OS...
2026-06-27 16:32:39,279 - INFO - 🟨 Janela de confirmação de programação de OS detectada
2026-06-27 16:32:52,529 - INFO - 🟨 Janela de aviso de edição de OS programadas detectada
2026-06-27 16:32:59,732 - INFO - ⌛ aguardando janela de programação de lote de OS...
2026-06-27 16:33:25,231 - INFO - 🟨 Janela de aviso de substituição de lote de OS detectada
2026-06-27 16:33:45,335 - INFO - ⌛ aguardando janela de programação de lote de OS...
2026-06-27 16:34:10,834 - INFO - 🟨 Janela de programação de lote de OS detectada
2026-06-27 16:35:00,327 - INFO - 🟨 Janela de confirmação de programação de lote de OS detectada
2026-06-27 16:35:04,564 - INFO - ⌛ aguardando confirmação final de programação do lote
2026-06-27 16:35:29,988 - INFO - 🟨 programação do lote 8 efetuado com sucesso
2026-06-27 16:35:40,097 - INFO - 
=== Iniciando lote 9/61 [LM] ===
2026-06-27 16:35:40,097 - INFO - 
=== abrir_janela_selecao ===
2026-06-27 16:35:46,404 - INFO - 
=== rotina abrir_selecao_colar_os ===
2026-06-27 16:35:46,464 - INFO - Janela de seleção aberta
2026-06-27 16:35:50,694 - INFO - DEBUG: idx=8, inicio=200, fim=225
2026-06-27 16:35:50,695 - INFO - ✅ 25 OS copiadas para a área de transferência.
2026-06-27 16:35:50,695 - INFO - 📋 Lote 9 copiado.
2026-06-27 16:35:59,020 - INFO - ⌛ Esperando mudança visual...
2026-06-27 16:36:00,035 - INFO - ⌛ Esperando mudança visual...
2026-06-27 16:36:01,051 - INFO - ⌛ Esperando mudança visual...
2026-06-27 16:36:02,066 - INFO - ⌛ Esperando mudança visual...
2026-06-27 16:36:03,082 - INFO - ⌛ Esperando mudança visual...
2026-06-27 16:36:04,098 - INFO - ⌛ Esperando mudança visual...
2026-06-27 16:36:05,113 - INFO - ⌛ Esperando mudança visual...
2026-06-27 16:36:06,129 - INFO - ⌛ Esperando mudança visual...
2026-06-27 16:36:07,145 - INFO - ⌛ Esperando mudança visual...
2026-06-27 16:36:08,161 - INFO - ⌛ Esperando mudança visual...
2026-06-27 16:36:09,176 - INFO - ⌛ Esperando mudança visual...
2026-06-27 16:36:10,192 - INFO - ⌛ Esperando mudança visual...
2026-06-27 16:36:11,207 - INFO - ⌛ Esperando mudança visual...
2026-06-27 16:36:12,223 - INFO - ⌛ Esperando mudança visual...
2026-06-27 16:36:13,239 - INFO - ⌛ Esperando mudança visual...
2026-06-27 16:36:14,254 - INFO - ⌛ Esperando mudança visual...
2026-06-27 16:36:15,270 - INFO - ⌛ Esperando mudança visual...
2026-06-27 16:36:16,285 - INFO - ⌛ Esperando mudança visual...
2026-06-27 16:36:17,301 - INFO - ⌛ Esperando mudança visual...
2026-06-27 16:36:18,318 - INFO - ✅ Tela carregada!
2026-06-27 16:36:22,320 - INFO - 
=== rotina desbloquear_os ===
2026-06-27 16:36:28,785 - INFO - ⌛ Aguardando janela de confirmação de desbloqueio...
2026-06-27 16:36:44,190 - INFO - 🟨 Registros desbloqueados com sucesso
2026-06-27 16:36:48,293 - INFO - 
=== rotina editar_os ===
2026-06-27 16:36:57,719 - INFO - ⌛ Aguardando janela de edição de OS...
2026-06-27 16:37:13,157 - INFO - 🟨 OS programadas detectadas
2026-06-27 16:37:16,260 - INFO - ⌛ Aguardando janela de edição de OS...
2026-06-27 16:37:31,702 - INFO - 🟨 Janela de edição de OS detectada
2026-06-27 16:37:53,065 - INFO - 🟨 Janela de edição de habilidade da turma detectada
2026-06-27 16:39:11,355 - INFO - ⌛ Aguardando detecção do campo de caracteristica 'EQUIPE PRÓPRIA OU EPS' ...
2026-06-27 16:39:30,719 - INFO - 🟨 campo de caracteristica 'EQUIPE PRÓPRIA OU EPS detectado
2026-06-27 16:39:52,483 - INFO - ⌛ Aguardando confirmação 4 - editar OS...
2026-06-27 16:39:52,483 - INFO - 🟨 verificando algum erro de impedimento do lote
2026-06-27 16:40:12,978 - INFO - ⌛ Aguardando confirmação 4 - editar OS...
2026-06-27 16:40:12,978 - INFO - 🟨 verificando algum erro de impedimento do lote
2026-06-27 16:40:33,431 - INFO - 🟨 Janela de confirmação 4 de edição de OS detectada
2026-06-27 16:40:37,546 - INFO - 
=== rotina programar_os ===
2026-06-27 16:41:04,060 - INFO - ⌛ Aguardando janela de confirmação de programação de OS...
2026-06-27 16:41:29,502 - INFO - 🟨 Janela de confirmação de programação de OS detectada
2026-06-27 16:41:42,754 - INFO - 🟨 Janela de aviso de edição de OS programadas detectada
2026-06-27 16:41:49,962 - INFO - ⌛ aguardando janela de programação de lote de OS...
2026-06-27 16:42:15,481 - INFO - 🟨 Janela de aviso de substituição de lote de OS detectada
2026-06-27 16:42:35,592 - INFO - ⌛ aguardando janela de programação de lote de OS...
2026-06-27 16:43:01,110 - INFO - 🟨 Janela de programação de lote de OS detectada
2026-06-27 16:43:50,591 - INFO - 🟨 Janela de confirmação de programação de lote de OS detectada
2026-06-27 16:43:54,806 - INFO - ⌛ aguardando confirmação final de programação do lote
2026-06-27 16:44:20,279 - INFO - 🟨 programação do lote 9 efetuado com sucesso
2026-06-27 16:44:30,389 - INFO - 
=== Iniciando lote 10/61 [LM] ===
2026-06-27 16:44:30,389 - INFO - 
=== abrir_janela_selecao ===
2026-06-27 16:44:36,705 - INFO - 
=== rotina abrir_selecao_colar_os ===
2026-06-27 16:44:36,747 - INFO - Janela de seleção aberta
2026-06-27 16:44:40,972 - INFO - DEBUG: idx=9, inicio=225, fim=250
2026-06-27 16:44:40,972 - INFO - ✅ 25 OS copiadas para a área de transferência.
2026-06-27 16:44:40,973 - INFO - 📋 Lote 10 copiado.
2026-06-27 16:44:49,300 - INFO - ⌛ Esperando mudança visual...
2026-06-27 16:44:50,313 - INFO - ⌛ Esperando mudança visual...
2026-06-27 16:44:51,329 - INFO - ⌛ Esperando mudança visual...
2026-06-27 16:44:52,346 - INFO - ⌛ Esperando mudança visual...
2026-06-27 16:44:53,360 - INFO - ⌛ Esperando mudança visual...
2026-06-27 16:44:54,376 - INFO - ⌛ Esperando mudança visual...
2026-06-27 16:44:55,393 - INFO - ⌛ Esperando mudança visual...
2026-06-27 16:44:56,407 - INFO - ⌛ Esperando mudança visual...
2026-06-27 16:44:57,422 - INFO - ⌛ Esperando mudança visual...
2026-06-27 16:44:58,439 - INFO - ⌛ Esperando mudança visual...
2026-06-27 16:44:59,454 - INFO - ⌛ Esperando mudança visual...
2026-06-27 16:45:00,471 - INFO - ⌛ Esperando mudança visual...
2026-06-27 16:45:01,485 - INFO - ⌛ Esperando mudança visual...
2026-06-27 16:45:02,502 - INFO - ⌛ Esperando mudança visual...
2026-06-27 16:45:03,516 - INFO - ⌛ Esperando mudança visual...
2026-06-27 16:45:04,532 - INFO - ⌛ Esperando mudança visual...
2026-06-27 16:45:05,548 - INFO - ⌛ Esperando mudança visual...
2026-06-27 16:45:06,565 - INFO - ⌛ Esperando mudança visual...
2026-06-27 16:45:07,579 - INFO - ⌛ Esperando mudança visual...
2026-06-27 16:45:08,595 - INFO - ⌛ Esperando mudança visual...
2026-06-27 16:45:09,611 - INFO - ✅ Tela carregada!
2026-06-27 16:45:13,615 - INFO - 
=== rotina desbloquear_os ===
2026-06-27 16:45:20,089 - INFO - ⌛ Aguardando janela de confirmação de desbloqueio...
2026-06-27 16:45:35,513 - INFO - 🟨 Registros desbloqueados com sucesso
2026-06-27 16:45:39,616 - INFO - 
=== rotina editar_os ===
2026-06-27 16:45:49,031 - INFO - ⌛ Aguardando janela de edição de OS...
2026-06-27 16:46:04,448 - INFO - 🟨 OS programadas detectadas
2026-06-27 16:46:07,551 - INFO - ⌛ Aguardando janela de edição de OS...
2026-06-27 16:46:22,988 - INFO - 🟨 Janela de edição de OS detectada
2026-06-27 16:46:44,360 - INFO - 🟨 Janela de edição de habilidade da turma detectada
2026-06-27 16:48:02,664 - INFO - ⌛ Aguardando detecção do campo de caracteristica 'EQUIPE PRÓPRIA OU EPS' ...
2026-06-27 16:48:22,016 - INFO - 🟨 campo de caracteristica 'EQUIPE PRÓPRIA OU EPS detectado
2026-06-27 16:48:43,771 - INFO - ⌛ Aguardando confirmação 4 - editar OS...
2026-06-27 16:48:43,771 - INFO - 🟨 verificando algum erro de impedimento do lote
2026-06-27 16:49:04,271 - INFO - ⌛ Aguardando confirmação 4 - editar OS...
2026-06-27 16:49:04,272 - INFO - 🟨 verificando algum erro de impedimento do lote
2026-06-27 16:49:24,725 - INFO - 🟨 Janela de confirmação 4 de edição de OS detectada
2026-06-27 16:49:28,838 - INFO - 
=== rotina programar_os ===
2026-06-27 16:49:55,355 - INFO - ⌛ Aguardando janela de confirmação de programação de OS...
2026-06-27 16:50:20,814 - INFO - 🟨 Janela de confirmação de programação de OS detectada
2026-06-27 16:50:34,072 - INFO - 🟨 Janela de aviso de edição de OS programadas detectada
2026-06-27 16:50:41,276 - INFO - ⌛ aguardando janela de programação de lote de OS...
2026-06-27 16:51:06,798 - INFO - 🟨 Janela de aviso de substituição de lote de OS detectada
2026-06-27 16:51:26,899 - INFO - ⌛ aguardando janela de programação de lote de OS...
2026-06-27 16:51:52,402 - INFO - 🟨 Janela de programação de lote de OS detectada
2026-06-27 16:52:41,903 - INFO - 🟨 Janela de confirmação de programação de lote de OS detectada
2026-06-27 16:52:46,099 - INFO - ⌛ aguardando confirmação final de programação do lote
2026-06-27 16:53:11,590 - INFO - 🟨 programação do lote 10 efetuado com sucesso
2026-06-27 16:53:21,695 - INFO - 
=== Iniciando lote 11/61 [LM] ===
2026-06-27 16:53:21,696 - INFO - 
=== abrir_janela_selecao ===
2026-06-27 16:53:28,002 - INFO - 
=== rotina abrir_selecao_colar_os ===
2026-06-27 16:53:28,062 - INFO - Janela de seleção aberta
2026-06-27 16:53:32,275 - INFO - DEBUG: idx=10, inicio=250, fim=275
2026-06-27 16:53:32,275 - INFO - ✅ 25 OS copiadas para a área de transferência.
2026-06-27 16:53:32,275 - INFO - 📋 Lote 11 copiado.
2026-06-27 16:53:40,607 - INFO - ⌛ Esperando mudança visual...
2026-06-27 16:53:41,619 - INFO - ⌛ Esperando mudança visual...
2026-06-27 16:53:42,636 - INFO - ⌛ Esperando mudança visual...
2026-06-27 16:53:43,651 - INFO - ⌛ Esperando mudança visual...
2026-06-27 16:53:44,666 - INFO - ⌛ Esperando mudança visual...
2026-06-27 16:53:45,682 - INFO - ⌛ Esperando mudança visual...
2026-06-27 16:53:46,698 - INFO - ⌛ Esperando mudança visual...
2026-06-27 16:53:47,714 - INFO - ⌛ Esperando mudança visual...
2026-06-27 16:53:48,731 - INFO - ⌛ Esperando mudança visual...
2026-06-27 16:53:49,745 - INFO - ⌛ Esperando mudança visual...
2026-06-27 16:53:50,761 - INFO - ✅ Tela carregada!
2026-06-27 16:53:54,766 - INFO - 
=== rotina desbloquear_os ===
2026-06-27 16:54:01,235 - INFO - ⌛ Aguardando janela de confirmação de desbloqueio...
2026-06-27 16:54:16,630 - INFO - 🟨 Registros desbloqueados com sucesso
2026-06-27 16:54:20,733 - INFO - 
=== rotina editar_os ===
2026-06-27 16:54:30,163 - INFO - ⌛ Aguardando janela de edição de OS...
2026-06-27 16:54:45,600 - INFO - 🟨 OS programadas detectadas
2026-06-27 16:54:48,703 - INFO - ⌛ Aguardando janela de edição de OS...
2026-06-27 16:55:04,168 - INFO - 🟨 Janela de edição de OS detectada
2026-06-27 16:55:25,516 - INFO - 🟨 Janela de edição de habilidade da turma detectada
2026-06-27 16:56:43,831 - INFO - ⌛ Aguardando detecção do campo de caracteristica 'EQUIPE PRÓPRIA OU EPS' ...
2026-06-27 16:57:03,170 - INFO - 🟨 campo de caracteristica 'EQUIPE PRÓPRIA OU EPS detectado
2026-06-27 16:57:24,942 - INFO - ⌛ Aguardando confirmação 4 - editar OS...
2026-06-27 16:57:24,942 - INFO - 🟨 verificando algum erro de impedimento do lote
2026-06-27 16:57:45,406 - INFO - ⌛ Aguardando confirmação 4 - editar OS...
2026-06-27 16:57:45,406 - INFO - 🟨 verificando algum erro de impedimento do lote
2026-06-27 16:58:05,918 - INFO - 🟨 Janela de confirmação 4 de edição de OS detectada
2026-06-27 16:58:10,020 - INFO - 
=== rotina programar_os ===
2026-06-27 16:58:36,555 - INFO - ⌛ Aguardando janela de confirmação de programação de OS...
2026-06-27 16:59:02,001 - INFO - 🟨 Janela de confirmação de programação de OS detectada
2026-06-27 16:59:15,268 - INFO - 🟨 Janela de aviso de edição de OS programadas detectada
2026-06-27 16:59:22,473 - INFO - ⌛ aguardando janela de programação de lote de OS...
2026-06-27 16:59:47,994 - INFO - 🟨 Janela de aviso de substituição de lote de OS detectada
2026-06-27 17:00:08,097 - INFO - ⌛ aguardando janela de programação de lote de OS...
2026-06-27 17:00:33,579 - INFO - 🟨 Janela de programação de lote de OS detectada
2026-06-27 17:01:23,089 - INFO - 🟨 Janela de confirmação de programação de lote de OS detectada
2026-06-27 17:01:27,277 - INFO - ⌛ aguardando confirmação final de programação do lote
2026-06-27 17:01:52,742 - INFO - 🟨 programação do lote 11 efetuado com sucesso
2026-06-27 17:02:02,846 - INFO - 
=== Iniciando lote 12/61 [LM] ===
2026-06-27 17:02:02,847 - INFO - 
=== abrir_janela_selecao ===
2026-06-27 17:02:09,153 - INFO - 
=== rotina abrir_selecao_colar_os ===
2026-06-27 17:02:09,204 - INFO - Janela de seleção aberta
2026-06-27 17:02:13,455 - INFO - DEBUG: idx=11, inicio=275, fim=300
2026-06-27 17:02:13,456 - INFO - ✅ 25 OS copiadas para a área de transferência.
2026-06-27 17:02:13,456 - INFO - 📋 Lote 12 copiado.
2026-06-27 17:02:21,773 - INFO - ⌛ Esperando mudança visual...
2026-06-27 17:02:22,790 - INFO - ⌛ Esperando mudança visual...
2026-06-27 17:02:23,805 - INFO - ⌛ Esperando mudança visual...
2026-06-27 17:02:24,821 - INFO - ⌛ Esperando mudança visual...
2026-06-27 17:02:25,836 - INFO - ⌛ Esperando mudança visual...
2026-06-27 17:02:26,853 - INFO - ⌛ Esperando mudança visual...
2026-06-27 17:02:27,868 - INFO - ⌛ Esperando mudança visual...
2026-06-27 17:02:28,884 - INFO - ⌛ Esperando mudança visual...
2026-06-27 17:02:29,899 - INFO - ⌛ Esperando mudança visual...
2026-06-27 17:02:30,915 - INFO - ⌛ Esperando mudança visual...
2026-06-27 17:02:31,930 - INFO - ✅ Tela carregada!
2026-06-27 17:02:35,935 - INFO - 
=== rotina desbloquear_os ===
2026-06-27 17:02:42,408 - INFO - ⌛ Aguardando janela de confirmação de desbloqueio...
2026-06-27 17:02:57,806 - INFO - 🟨 Registros desbloqueados com sucesso
2026-06-27 17:03:01,910 - INFO - 
=== rotina editar_os ===
2026-06-27 17:03:11,329 - INFO - ⌛ Aguardando janela de edição de OS...
2026-06-27 17:03:26,817 - INFO - 🟨 OS programadas detectadas
2026-06-27 17:03:29,920 - INFO - ⌛ Aguardando janela de edição de OS...
2026-06-27 17:03:45,329 - INFO - 🟨 Janela de edição de OS detectada
2026-06-27 17:04:06,698 - INFO - 🟨 Janela de edição de habilidade da turma detectada
2026-06-27 17:05:25,004 - INFO - ⌛ Aguardando detecção do campo de caracteristica 'EQUIPE PRÓPRIA OU EPS' ...
2026-06-27 17:05:44,374 - INFO - 🟨 campo de caracteristica 'EQUIPE PRÓPRIA OU EPS detectado
2026-06-27 17:06:06,173 - INFO - ⌛ Aguardando confirmação 4 - editar OS...
2026-06-27 17:06:06,173 - INFO - 🟨 verificando algum erro de impedimento do lote
2026-06-27 17:06:26,714 - INFO - ⌛ Aguardando confirmação 4 - editar OS...
2026-06-27 17:06:26,714 - INFO - 🟨 verificando algum erro de impedimento do lote
2026-06-27 17:06:47,219 - INFO - 🟨 Janela de confirmação 4 de edição de OS detectada
2026-06-27 17:06:51,322 - INFO - 
=== rotina programar_os ===
2026-06-27 17:07:17,836 - INFO - ⌛ Aguardando janela de confirmação de programação de OS...
2026-06-27 17:07:43,272 - INFO - 🟨 Janela de confirmação de programação de OS detectada
2026-06-27 17:07:56,526 - INFO - 🟨 Janela de aviso de edição de OS programadas detectada
2026-06-27 17:08:03,738 - INFO - ⌛ aguardando janela de programação de lote de OS...
2026-06-27 17:08:29,231 - INFO - 🟨 Janela de aviso de substituição de lote de OS detectada
2026-06-27 17:08:49,339 - INFO - ⌛ aguardando janela de programação de lote de OS...
2026-06-27 17:09:14,838 - INFO - 🟨 Janela de programação de lote de OS detectada
2026-06-27 17:10:04,321 - INFO - 🟨 Janela de confirmação de programação de lote de OS detectada
2026-06-27 17:10:08,511 - INFO - ⌛ aguardando confirmação final de programação do lote
2026-06-27 17:10:33,974 - INFO - 🟨 programação do lote 12 efetuado com sucesso
2026-06-27 17:10:44,082 - INFO - 
=== Iniciando lote 13/61 [LM] ===
2026-06-27 17:10:44,083 - INFO - 
=== abrir_janela_selecao ===
2026-06-27 17:10:50,389 - INFO - 
=== rotina abrir_selecao_colar_os ===
2026-06-27 17:10:50,437 - INFO - Janela de seleção aberta
2026-06-27 17:10:54,670 - INFO - DEBUG: idx=12, inicio=300, fim=325
2026-06-27 17:10:54,670 - INFO - ✅ 25 OS copiadas para a área de transferência.
2026-06-27 17:10:54,670 - INFO - 📋 Lote 13 copiado.
2026-06-27 17:11:03,010 - INFO - ⌛ Esperando mudança visual...
2026-06-27 17:11:04,023 - INFO - ⌛ Esperando mudança visual...
2026-06-27 17:11:05,039 - INFO - ⌛ Esperando mudança visual...
2026-06-27 17:11:06,055 - INFO - ⌛ Esperando mudança visual...
2026-06-27 17:11:07,073 - INFO - ⌛ Esperando mudança visual...
2026-06-27 17:11:08,088 - INFO - ⌛ Esperando mudança visual...
2026-06-27 17:11:09,102 - INFO - ⌛ Esperando mudança visual...
2026-06-27 17:11:10,118 - INFO - ⌛ Esperando mudança visual...
2026-06-27 17:11:11,133 - INFO - ⌛ Esperando mudança visual...
2026-06-27 17:11:12,148 - INFO - ✅ Tela carregada!
2026-06-27 17:11:16,151 - INFO - 
=== rotina desbloquear_os ===
2026-06-27 17:11:22,619 - INFO - ⌛ Aguardando janela de confirmação de desbloqueio...
2026-06-27 17:11:38,019 - INFO - 🟨 Registros desbloqueados com sucesso
2026-06-27 17:11:42,124 - INFO - 
=== rotina editar_os ===
2026-06-27 17:11:51,536 - INFO - ⌛ Aguardando janela de edição de OS...
2026-06-27 17:12:06,961 - INFO - 🟨 OS programadas detectadas
2026-06-27 17:12:10,073 - INFO - ⌛ Aguardando janela de edição de OS...
2026-06-27 17:12:25,501 - INFO - 🟨 Janela de edição de OS detectada
2026-06-27 17:12:46,861 - INFO - 🟨 Janela de edição de habilidade da turma detectada
2026-06-27 17:14:05,161 - INFO - ⌛ Aguardando detecção do campo de caracteristica 'EQUIPE PRÓPRIA OU EPS' ...
2026-06-27 17:14:24,536 - INFO - 🟨 campo de caracteristica 'EQUIPE PRÓPRIA OU EPS detectado
2026-06-27 17:14:46,318 - INFO - ⌛ Aguardando confirmação 4 - editar OS...
2026-06-27 17:14:46,318 - INFO - 🟨 verificando algum erro de impedimento do lote
2026-06-27 17:15:06,846 - INFO - ⌛ Aguardando confirmação 4 - editar OS...
2026-06-27 17:15:06,847 - INFO - 🟨 verificando algum erro de impedimento do lote
2026-06-27 17:15:27,385 - INFO - 🟨 Janela de confirmação 4 de edição de OS detectada
2026-06-27 17:15:31,496 - INFO - 
=== rotina programar_os ===
2026-06-27 17:15:58,033 - INFO - ⌛ Aguardando janela de confirmação de programação de OS...
2026-06-27 17:16:23,489 - INFO - 🟨 Janela de confirmação de programação de OS detectada
2026-06-27 17:16:36,742 - INFO - 🟨 Janela de aviso de edição de OS programadas detectada
2026-06-27 17:16:43,961 - INFO - ⌛ aguardando janela de programação de lote de OS...
2026-06-27 17:17:09,463 - INFO - 🟨 Janela de aviso de substituição de lote de OS detectada
2026-06-27 17:17:29,579 - INFO - ⌛ aguardando janela de programação de lote de OS...
2026-06-27 17:17:55,068 - INFO - 🟨 Janela de programação de lote de OS detectada
2026-06-27 17:18:44,569 - INFO - 🟨 Janela de confirmação de programação de lote de OS detectada
2026-06-27 17:18:48,765 - INFO - ⌛ aguardando confirmação final de programação do lote
2026-06-27 17:19:14,215 - INFO - 🟨 programação do lote 13 efetuado com sucesso
2026-06-27 17:19:24,319 - INFO - 
=== Iniciando lote 14/61 [LM] ===
2026-06-27 17:19:24,319 - INFO - 
=== abrir_janela_selecao ===
2026-06-27 17:19:30,626 - INFO - 
=== rotina abrir_selecao_colar_os ===
2026-06-27 17:19:30,675 - INFO - Janela de seleção aberta
2026-06-27 17:19:34,902 - INFO - DEBUG: idx=13, inicio=325, fim=350
2026-06-27 17:19:34,902 - INFO - ✅ 25 OS copiadas para a área de transferência.
2026-06-27 17:19:34,902 - INFO - 📋 Lote 14 copiado.
2026-06-27 17:19:43,231 - INFO - ⌛ Esperando mudança visual...
2026-06-27 17:19:44,245 - INFO - ⌛ Esperando mudança visual...
2026-06-27 17:19:45,261 - INFO - ⌛ Esperando mudança visual...
2026-06-27 17:19:46,278 - INFO - ⌛ Esperando mudança visual...
2026-06-27 17:19:47,292 - INFO - ⌛ Esperando mudança visual...
2026-06-27 17:19:48,307 - INFO - ⌛ Esperando mudança visual...
2026-06-27 17:19:49,325 - INFO - ⌛ Esperando mudança visual...
2026-06-27 17:19:50,339 - INFO - ⌛ Esperando mudança visual...
2026-06-27 17:19:51,354 - INFO - ⌛ Esperando mudança visual...
2026-06-27 17:19:52,370 - INFO - ✅ Tela carregada!
2026-06-27 17:19:56,375 - INFO - 
=== rotina desbloquear_os ===
2026-06-27 17:20:02,834 - INFO - ⌛ Aguardando janela de confirmação de desbloqueio...
2026-06-27 17:20:18,225 - INFO - 🟨 Registros desbloqueados com sucesso
2026-06-27 17:20:22,329 - INFO - 
=== rotina editar_os ===
2026-06-27 17:20:31,739 - INFO - ⌛ Aguardando janela de edição de OS...
2026-06-27 17:20:47,191 - INFO - 🟨 OS programadas detectadas
2026-06-27 17:20:50,294 - INFO - ⌛ Aguardando janela de edição de OS...
2026-06-27 17:21:05,726 - INFO - 🟨 Janela de edição de OS detectada
2026-06-27 17:21:27,084 - INFO - 🟨 Janela de edição de habilidade da turma detectada
2026-06-27 17:22:45,395 - INFO - ⌛ Aguardando detecção do campo de caracteristica 'EQUIPE PRÓPRIA OU EPS' ...
2026-06-27 17:23:04,755 - INFO - 🟨 campo de caracteristica 'EQUIPE PRÓPRIA OU EPS detectado
2026-06-27 17:23:26,516 - INFO - ⌛ Aguardando confirmação 4 - editar OS...
2026-06-27 17:23:26,516 - INFO - 🟨 verificando algum erro de impedimento do lote
2026-06-27 17:23:47,005 - INFO - ⌛ Aguardando confirmação 4 - editar OS...
2026-06-27 17:23:47,005 - INFO - 🟨 verificando algum erro de impedimento do lote
2026-06-27 17:24:07,494 - INFO - 🟨 Janela de confirmação 4 de edição de OS detectada
2026-06-27 17:24:11,596 - INFO - 
=== rotina programar_os ===
2026-06-27 17:24:38,104 - INFO - ⌛ Aguardando janela de confirmação de programação de OS...
2026-06-27 17:25:03,537 - INFO - 🟨 Janela de confirmação de programação de OS detectada
2026-06-27 17:25:16,789 - INFO - 🟨 Janela de aviso de edição de OS programadas detectada
2026-06-27 17:25:23,996 - INFO - ⌛ aguardando janela de programação de lote de OS...
2026-06-27 17:25:49,506 - INFO - 🟨 Janela de aviso de substituição de lote de OS detectada
2026-06-27 17:26:09,609 - INFO - ⌛ aguardando janela de programação de lote de OS...
2026-06-27 17:26:35,126 - INFO - 🟨 Janela de programação de lote de OS detectada
2026-06-27 17:27:24,646 - INFO - 🟨 Janela de confirmação de programação de lote de OS detectada
2026-06-27 17:27:28,842 - INFO - ⌛ aguardando confirmação final de programação do lote
2026-06-27 17:27:54,309 - INFO - 🟨 programação do lote 14 efetuado com sucesso
2026-06-27 17:28:04,420 - INFO - 
=== Iniciando lote 15/61 [LM] ===
2026-06-27 17:28:04,420 - INFO - 
=== abrir_janela_selecao ===
2026-06-27 17:28:10,737 - INFO - 
=== rotina abrir_selecao_colar_os ===
2026-06-27 17:28:10,781 - INFO - Janela de seleção aberta
2026-06-27 17:28:15,006 - INFO - DEBUG: idx=14, inicio=350, fim=375
2026-06-27 17:28:15,006 - INFO - ✅ 25 OS copiadas para a área de transferência.
2026-06-27 17:28:15,006 - INFO - 📋 Lote 15 copiado.
2026-06-27 17:28:23,334 - INFO - ⌛ Esperando mudança visual...
2026-06-27 17:28:24,346 - INFO - ⌛ Esperando mudança visual...
2026-06-27 17:28:25,362 - INFO - ⌛ Esperando mudança visual...
2026-06-27 17:28:26,378 - INFO - ⌛ Esperando mudança visual...
2026-06-27 17:28:27,394 - INFO - ⌛ Esperando mudança visual...
2026-06-27 17:28:28,411 - INFO - ⌛ Esperando mudança visual...
2026-06-27 17:28:29,424 - INFO - ⌛ Esperando mudança visual...
2026-06-27 17:28:30,441 - INFO - ⌛ Esperando mudança visual...
2026-06-27 17:28:31,456 - INFO - ⌛ Esperando mudança visual...
2026-06-27 17:28:32,472 - INFO - ✅ Tela carregada!
2026-06-27 17:28:36,475 - INFO - 
=== rotina desbloquear_os ===
2026-06-27 17:28:42,944 - INFO - ⌛ Aguardando janela de confirmação de desbloqueio...
2026-06-27 17:28:58,334 - INFO - 🟨 Registros desbloqueados com sucesso
2026-06-27 17:29:02,444 - INFO - 
=== rotina editar_os ===
2026-06-27 17:29:11,858 - INFO - ⌛ Aguardando janela de edição de OS...
2026-06-27 17:29:27,293 - INFO - 🟨 OS programadas detectadas
2026-06-27 17:29:30,394 - INFO - ⌛ Aguardando janela de edição de OS...
2026-06-27 17:29:45,837 - INFO - 🟨 Janela de edição de OS detectada
2026-06-27 17:30:07,200 - INFO - 🟨 Janela de edição de habilidade da turma detectada
2026-06-27 17:31:25,473 - INFO - ⌛ Aguardando detecção do campo de caracteristica 'EQUIPE PRÓPRIA OU EPS' ...
2026-06-27 17:31:44,822 - INFO - 🟨 campo de caracteristica 'EQUIPE PRÓPRIA OU EPS detectado
2026-06-27 17:32:06,585 - INFO - ⌛ Aguardando confirmação 4 - editar OS...
2026-06-27 17:32:06,585 - INFO - 🟨 verificando algum erro de impedimento do lote
2026-06-27 17:32:27,057 - INFO - ⌛ Aguardando confirmação 4 - editar OS...
2026-06-27 17:32:27,057 - INFO - 🟨 verificando algum erro de impedimento do lote
2026-06-27 17:32:47,530 - INFO - 🟨 Janela de confirmação 4 de edição de OS detectada
2026-06-27 17:32:51,632 - INFO - 
=== rotina programar_os ===
2026-06-27 17:33:18,148 - INFO - ⌛ Aguardando janela de confirmação de programação de OS...
2026-06-27 17:33:43,564 - INFO - 🟨 Janela de confirmação de programação de OS detectada
2026-06-27 17:33:56,828 - INFO - 🟨 Janela de aviso de edição de OS programadas detectada
2026-06-27 17:34:04,033 - INFO - ⌛ aguardando janela de programação de lote de OS...
2026-06-27 17:34:29,524 - INFO - 🟨 Janela de aviso de substituição de lote de OS detectada
2026-06-27 17:34:49,631 - INFO - ⌛ aguardando janela de programação de lote de OS...
2026-06-27 17:35:15,132 - INFO - 🟨 Janela de programação de lote de OS detectada
2026-06-27 17:36:04,634 - INFO - 🟨 Janela de confirmação de programação de lote de OS detectada
2026-06-27 17:36:08,846 - INFO - ⌛ aguardando confirmação final de programação do lote
2026-06-27 17:36:34,333 - INFO - 🟨 programação do lote 15 efetuado com sucesso
2026-06-27 17:36:44,437 - INFO - 
=== Iniciando lote 16/61 [LM] ===
2026-06-27 17:36:44,437 - INFO - 
=== abrir_janela_selecao ===
2026-06-27 17:36:50,767 - INFO - 
=== rotina abrir_selecao_colar_os ===
2026-06-27 17:36:50,815 - INFO - Janela de seleção aberta
2026-06-27 17:36:55,056 - INFO - DEBUG: idx=15, inicio=375, fim=400
2026-06-27 17:36:55,056 - INFO - ✅ 25 OS copiadas para a área de transferência.
2026-06-27 17:36:55,056 - INFO - 📋 Lote 16 copiado.
2026-06-27 17:37:03,385 - INFO - ⌛ Esperando mudança visual...
2026-06-27 17:37:04,401 - INFO - ⌛ Esperando mudança visual...
2026-06-27 17:37:05,416 - INFO - ⌛ Esperando mudança visual...
2026-06-27 17:37:06,432 - INFO - ⌛ Esperando mudança visual...
2026-06-27 17:37:07,448 - INFO - ⌛ Esperando mudança visual...
2026-06-27 17:37:08,464 - INFO - ⌛ Esperando mudança visual...
2026-06-27 17:37:09,479 - INFO - ⌛ Esperando mudança visual...
2026-06-27 17:37:10,495 - INFO - ⌛ Esperando mudança visual...
2026-06-27 17:37:11,510 - INFO - ⌛ Esperando mudança visual...
2026-06-27 17:37:12,526 - INFO - ✅ Tela carregada!
2026-06-27 17:37:16,531 - INFO - 
=== rotina desbloquear_os ===
2026-06-27 17:37:22,996 - INFO - ⌛ Aguardando janela de confirmação de desbloqueio...
2026-06-27 17:37:38,380 - INFO - 🟨 Registros desbloqueados com sucesso
2026-06-27 17:37:42,486 - INFO - 
=== rotina editar_os ===
2026-06-27 17:37:51,896 - INFO - ⌛ Aguardando janela de edição de OS...
2026-06-27 17:38:07,326 - INFO - 🟨 Janela de edição de OS detectada
2026-06-27 17:38:28,691 - INFO - 🟨 Janela de edição de habilidade da turma detectada
2026-06-27 17:39:46,996 - INFO - ⌛ Aguardando detecção do campo de caracteristica 'EQUIPE PRÓPRIA OU EPS' ...
2026-06-27 17:40:06,344 - INFO - 🟨 campo de caracteristica 'EQUIPE PRÓPRIA OU EPS detectado
2026-06-27 17:40:28,125 - INFO - ⌛ Aguardando confirmação 4 - editar OS...
2026-06-27 17:40:28,126 - INFO - 🟨 verificando algum erro de impedimento do lote
2026-06-27 17:40:48,607 - INFO - ⌛ Aguardando confirmação 4 - editar OS...
2026-06-27 17:40:48,607 - INFO - 🟨 verificando algum erro de impedimento do lote
2026-06-27 17:41:09,086 - INFO - 🟨 Janela de confirmação 4 de edição de OS detectada
2026-06-27 17:41:13,188 - INFO - 
=== rotina programar_os ===
2026-06-27 17:41:39,711 - INFO - ⌛ Aguardando janela de confirmação de programação de OS...
2026-06-27 17:42:05,127 - INFO - 🟨 Janela de confirmação de programação de OS detectada
2026-06-27 17:42:18,380 - INFO - ⌛ aguardando janela de programação de lote de OS...
2026-06-27 17:42:43,897 - INFO - 🟨 Janela de programação de lote de OS detectada
2026-06-27 17:43:33,398 - INFO - 🟨 Janela de confirmação de programação de lote de OS detectada
2026-06-27 17:43:37,616 - INFO - ⌛ aguardando confirmação final de programação do lote
2026-06-27 17:44:03,060 - INFO - 🟨 programação do lote 16 efetuado com sucesso
2026-06-27 17:44:13,164 - INFO - 
=== Iniciando lote 17/61 [LM] ===
2026-06-27 17:44:13,164 - INFO - 
=== abrir_janela_selecao ===
2026-06-27 17:44:19,477 - INFO - 
=== rotina abrir_selecao_colar_os ===
2026-06-27 17:44:19,520 - INFO - Janela de seleção aberta
2026-06-27 17:44:23,748 - INFO - DEBUG: idx=16, inicio=400, fim=425
2026-06-27 17:44:23,748 - INFO - ✅ 25 OS copiadas para a área de transferência.
2026-06-27 17:44:23,748 - INFO - 📋 Lote 17 copiado.
2026-06-27 17:44:32,076 - INFO - ⌛ Esperando mudança visual...
2026-06-27 17:44:33,090 - INFO - ⌛ Esperando mudança visual...
2026-06-27 17:44:34,107 - INFO - ⌛ Esperando mudança visual...
2026-06-27 17:44:35,121 - INFO - ⌛ Esperando mudança visual...
2026-06-27 17:44:36,136 - INFO - ⌛ Esperando mudança visual...
2026-06-27 17:44:37,152 - INFO - ⌛ Esperando mudança visual...
2026-06-27 17:44:38,168 - INFO - ⌛ Esperando mudança visual...
2026-06-27 17:44:39,183 - INFO - ⌛ Esperando mudança visual...
2026-06-27 17:44:40,199 - INFO - ⌛ Esperando mudança visual...
2026-06-27 17:44:41,215 - INFO - ✅ Tela carregada!
2026-06-27 17:44:45,218 - INFO - 
=== rotina desbloquear_os ===
2026-06-27 17:44:51,678 - INFO - ⌛ Aguardando janela de confirmação de desbloqueio...
2026-06-27 17:45:07,082 - INFO - 🟨 Registros desbloqueados com sucesso
2026-06-27 17:45:11,187 - INFO - 
=== rotina editar_os ===
2026-06-27 17:45:20,603 - INFO - ⌛ Aguardando janela de edição de OS...
2026-06-27 17:45:36,037 - INFO - 🟨 OS programadas detectadas
2026-06-27 17:45:39,140 - INFO - ⌛ Aguardando janela de edição de OS...
2026-06-27 17:45:54,581 - INFO - 🟨 Janela de edição de OS detectada
2026-06-27 17:46:15,946 - INFO - 🟨 Janela de edição de habilidade da turma detectada
2026-06-27 17:47:34,243 - INFO - ⌛ Aguardando detecção do campo de caracteristica 'EQUIPE PRÓPRIA OU EPS' ...
2026-06-27 17:47:53,608 - INFO - 🟨 campo de caracteristica 'EQUIPE PRÓPRIA OU EPS detectado
2026-06-27 17:48:15,379 - INFO - ⌛ Aguardando confirmação 4 - editar OS...
2026-06-27 17:48:15,379 - INFO - 🟨 verificando algum erro de impedimento do lote
2026-06-27 17:48:35,845 - INFO - ⌛ Aguardando confirmação 4 - editar OS...
2026-06-27 17:48:35,845 - INFO - 🟨 verificando algum erro de impedimento do lote
2026-06-27 17:48:56,339 - INFO - 🟨 Janela de confirmação 4 de edição de OS detectada
2026-06-27 17:49:00,440 - INFO - 
=== rotina programar_os ===
2026-06-27 17:49:26,976 - INFO - ⌛ Aguardando janela de confirmação de programação de OS...
2026-06-27 17:49:52,391 - INFO - 🟨 Janela de confirmação de programação de OS detectada
2026-06-27 17:50:05,644 - INFO - 🟨 Janela de aviso de edição de OS programadas detectada
2026-06-27 17:50:12,857 - INFO - ⌛ aguardando janela de programação de lote de OS...
2026-06-27 17:50:38,368 - INFO - 🟨 Janela de aviso de substituição de lote de OS detectada
2026-06-27 17:50:58,474 - INFO - ⌛ aguardando janela de programação de lote de OS...
2026-06-27 17:51:23,955 - INFO - 🟨 Janela de programação de lote de OS detectada
2026-06-27 17:52:13,452 - INFO - 🟨 Janela de confirmação de programação de lote de OS detectada
2026-06-27 17:52:17,648 - INFO - ⌛ aguardando confirmação final de programação do lote
2026-06-27 17:52:43,113 - INFO - 🟨 programação do lote 17 efetuado com sucesso
2026-06-27 17:52:53,219 - INFO - 
=== Iniciando lote 18/61 [LM] ===
2026-06-27 17:52:53,220 - INFO - 
=== abrir_janela_selecao ===
2026-06-27 17:52:59,528 - INFO - 
=== rotina abrir_selecao_colar_os ===
2026-06-27 17:52:59,574 - INFO - Janela de seleção aberta
2026-06-27 17:53:03,802 - INFO - DEBUG: idx=17, inicio=425, fim=450
2026-06-27 17:53:03,802 - INFO - ✅ 25 OS copiadas para a área de transferência.
2026-06-27 17:53:03,802 - INFO - 📋 Lote 18 copiado.
2026-06-27 17:53:12,130 - INFO - ⌛ Esperando mudança visual...
2026-06-27 17:53:13,144 - INFO - ⌛ Esperando mudança visual...
2026-06-27 17:53:14,159 - INFO - ⌛ Esperando mudança visual...
2026-06-27 17:53:15,175 - INFO - ⌛ Esperando mudança visual...
2026-06-27 17:53:16,193 - INFO - ⌛ Esperando mudança visual...
2026-06-27 17:53:17,207 - INFO - ⌛ Esperando mudança visual...
2026-06-27 17:53:18,224 - INFO - ⌛ Esperando mudança visual...
2026-06-27 17:53:19,238 - INFO - ⌛ Esperando mudança visual...
2026-06-27 17:53:20,256 - INFO - ⌛ Esperando mudança visual...
2026-06-27 17:53:21,269 - INFO - ✅ Tela carregada!
2026-06-27 17:53:25,273 - INFO - 
=== rotina desbloquear_os ===
2026-06-27 17:53:31,739 - INFO - ⌛ Aguardando janela de confirmação de desbloqueio...
2026-06-27 17:53:47,121 - INFO - 🟨 Registros desbloqueados com sucesso
2026-06-27 17:53:51,223 - INFO - 
=== rotina editar_os ===
2026-06-27 17:54:00,638 - INFO - ⌛ Aguardando janela de edição de OS...
2026-06-27 17:54:16,069 - INFO - 🟨 Janela de edição de OS detectada
2026-06-27 17:54:37,436 - INFO - 🟨 Janela de edição de habilidade da turma detectada
2026-06-27 17:55:55,727 - INFO - ⌛ Aguardando detecção do campo de caracteristica 'EQUIPE PRÓPRIA OU EPS' ...
2026-06-27 17:56:15,089 - INFO - 🟨 campo de caracteristica 'EQUIPE PRÓPRIA OU EPS detectado
2026-06-27 17:56:36,865 - INFO - ⌛ Aguardando confirmação 4 - editar OS...
2026-06-27 17:56:36,865 - INFO - 🟨 verificando algum erro de impedimento do lote
2026-06-27 17:56:57,418 - INFO - ⌛ Aguardando confirmação 4 - editar OS...
2026-06-27 17:56:57,418 - INFO - 🟨 verificando algum erro de impedimento do lote
2026-06-27 17:57:17,895 - INFO - 🟨 Janela de confirmação 4 de edição de OS detectada
2026-06-27 17:57:21,998 - INFO - 
=== rotina programar_os ===
2026-06-27 17:57:48,515 - INFO - ⌛ Aguardando janela de confirmação de programação de OS...
2026-06-27 17:58:13,947 - INFO - 🟨 Janela de confirmação de programação de OS detectada
2026-06-27 17:58:27,200 - INFO - 🟨 Janela de aviso de substituição de lote de OS detectada
2026-06-27 17:58:47,309 - INFO - ⌛ aguardando janela de programação de lote de OS...
2026-06-27 17:59:12,788 - INFO - 🟨 Janela de programação de lote de OS detectada
2026-06-27 18:00:02,289 - INFO - 🟨 Janela de confirmação de programação de lote de OS detectada
2026-06-27 18:00:06,494 - INFO - ⌛ aguardando confirmação final de programação do lote
2026-06-27 18:00:31,934 - INFO - 🟨 programação do lote 18 efetuado com sucesso
2026-06-27 18:00:42,038 - INFO - 
=== Iniciando lote 19/61 [LM] ===
2026-06-27 18:00:42,038 - INFO - 
=== abrir_janela_selecao ===
2026-06-27 18:00:48,346 - INFO - 
=== rotina abrir_selecao_colar_os ===
2026-06-27 18:00:48,393 - INFO - Janela de seleção aberta
2026-06-27 18:00:52,623 - INFO - DEBUG: idx=18, inicio=450, fim=475
2026-06-27 18:00:52,623 - INFO - ✅ 25 OS copiadas para a área de transferência.
2026-06-27 18:00:52,623 - INFO - 📋 Lote 19 copiado.
2026-06-27 18:01:00,950 - INFO - ⌛ Esperando mudança visual...
2026-06-27 18:01:01,965 - INFO - ⌛ Esperando mudança visual...
2026-06-27 18:01:02,979 - INFO - ⌛ Esperando mudança visual...
2026-06-27 18:01:03,995 - INFO - ⌛ Esperando mudança visual...
2026-06-27 18:01:05,010 - INFO - ⌛ Esperando mudança visual...
2026-06-27 18:01:06,026 - INFO - ⌛ Esperando mudança visual...
2026-06-27 18:01:07,045 - INFO - ⌛ Esperando mudança visual...
2026-06-27 18:01:08,059 - INFO - ⌛ Esperando mudança visual...
2026-06-27 18:01:09,072 - INFO - ⌛ Esperando mudança visual...
2026-06-27 18:01:10,090 - INFO - ⌛ Esperando mudança visual...
2026-06-27 18:01:11,104 - INFO - ✅ Tela carregada!
2026-06-27 18:01:15,107 - INFO - 
=== rotina desbloquear_os ===
2026-06-27 18:01:21,574 - INFO - ⌛ Aguardando janela de confirmação de desbloqueio...
2026-06-27 18:01:36,972 - INFO - 🟨 Registros desbloqueados com sucesso
2026-06-27 18:01:41,076 - INFO - 
=== rotina editar_os ===
2026-06-27 18:01:50,490 - INFO - ⌛ Aguardando janela de edição de OS...
2026-06-27 18:02:05,925 - INFO - 🟨 OS programadas detectadas
2026-06-27 18:02:09,028 - INFO - ⌛ Aguardando janela de edição de OS...
2026-06-27 18:02:24,481 - INFO - 🟨 Janela de edição de OS detectada
2026-06-27 18:02:45,835 - INFO - 🟨 Janela de edição de habilidade da turma detectada
2026-06-27 18:04:04,126 - INFO - ⌛ Aguardando detecção do campo de caracteristica 'EQUIPE PRÓPRIA OU EPS' ...
2026-06-27 18:04:23,487 - INFO - 🟨 campo de caracteristica 'EQUIPE PRÓPRIA OU EPS detectado
2026-06-27 18:04:45,284 - INFO - ⌛ Aguardando confirmação 4 - editar OS...
2026-06-27 18:04:45,284 - INFO - 🟨 verificando algum erro de impedimento do lote
2026-06-27 18:05:05,738 - INFO - ⌛ Aguardando confirmação 4 - editar OS...
2026-06-27 18:05:05,738 - INFO - 🟨 verificando algum erro de impedimento do lote
2026-06-27 18:05:26,235 - INFO - ⌛ Aguardando confirmação 4 - editar OS...
2026-06-27 18:05:26,235 - INFO - 🟨 verificando algum erro de impedimento do lote
2026-06-27 18:05:46,734 - INFO - ⌛ Aguardando confirmação 4 - editar OS...
2026-06-27 18:05:46,734 - INFO - 🟨 verificando algum erro de impedimento do lote
2026-06-27 18:06:07,232 - INFO - 🟨 Janela de confirmação 4 de edição de OS detectada
2026-06-27 18:06:11,335 - INFO - 
=== rotina programar_os ===
2026-06-27 18:06:37,864 - INFO - ⌛ Aguardando janela de confirmação de programação de OS...
2026-06-27 18:07:03,334 - INFO - 🟨 Janela de confirmação de programação de OS detectada
2026-06-27 18:07:16,587 - INFO - 🟨 Janela de aviso de edição de OS programadas detectada
2026-06-27 18:07:23,792 - INFO - ⌛ aguardando janela de programação de lote de OS...
2026-06-27 18:07:49,288 - INFO - 🟨 Janela de aviso de substituição de lote de OS detectada
2026-06-27 18:08:09,391 - INFO - ⌛ aguardando janela de programação de lote de OS...
2026-06-27 18:08:34,907 - INFO - ⌛ aguardando janela de programação de lote de OS...
2026-06-27 18:08:35,180 - INFO - 🟨 Identificado falha no EQM
2026-06-27 18:08:35,180 - INFO - Capturando print...
2026-06-27 18:09:20,798 - INFO - ⌛ Aguardando janela de confirmação de programação de OS...
2026-06-27 18:09:46,330 - INFO - 🟨 Janela de confirmação de programação de OS detectada
2026-06-27 18:09:59,587 - INFO - 🟨 Janela de aviso de edição de OS programadas detectada
2026-06-27 18:10:06,798 - INFO - ⌛ aguardando janela de programação de lote de OS...
2026-06-27 18:10:32,412 - INFO - 🟨 Janela de aviso de substituição de lote de OS detectada
2026-06-27 18:10:52,515 - INFO - ⌛ aguardando janela de programação de lote de OS...
2026-06-27 18:11:18,022 - INFO - 🟨 Janela de programação de lote de OS detectada
2026-06-27 18:12:07,515 - INFO - 🟨 Janela de confirmação de programação de lote de OS detectada
2026-06-27 18:12:11,720 - INFO - ⌛ aguardando confirmação final de programação do lote
2026-06-27 18:12:37,216 - INFO - ⌛ aguardando confirmação final de programação do lote
2026-06-27 18:13:02,729 - INFO - 🟨 programação do lote 19 efetuado com sucesso
2026-06-27 18:13:12,833 - INFO - 
=== Iniciando lote 20/61 [LM] ===
2026-06-27 18:13:12,833 - INFO - 
=== abrir_janela_selecao ===
2026-06-27 18:13:19,137 - INFO - 
=== rotina abrir_selecao_colar_os ===
2026-06-27 18:13:19,214 - INFO - Janela de seleção aberta
2026-06-27 18:13:23,436 - INFO - DEBUG: idx=19, inicio=475, fim=500
2026-06-27 18:13:23,436 - INFO - ✅ 25 OS copiadas para a área de transferência.
2026-06-27 18:13:23,436 - INFO - 📋 Lote 20 copiado.
2026-06-27 18:13:31,761 - INFO - ⌛ Esperando mudança visual...
2026-06-27 18:13:32,775 - INFO - ⌛ Esperando mudança visual...
2026-06-27 18:13:33,790 - INFO - ⌛ Esperando mudança visual...
2026-06-27 18:13:34,805 - INFO - ⌛ Esperando mudança visual...
2026-06-27 18:13:35,823 - INFO - ⌛ Esperando mudança visual...
2026-06-27 18:13:36,836 - INFO - ⌛ Esperando mudança visual...
2026-06-27 18:13:37,853 - INFO - ⌛ Esperando mudança visual...
2026-06-27 18:13:38,869 - INFO - ⌛ Esperando mudança visual...
2026-06-27 18:13:39,884 - INFO - ⌛ Esperando mudança visual...
2026-06-27 18:13:40,899 - INFO - ⌛ Esperando mudança visual...
2026-06-27 18:13:41,915 - INFO - ⌛ Esperando mudança visual...
2026-06-27 18:13:42,930 - INFO - ⌛ Esperando mudança visual...
2026-06-27 18:13:43,946 - INFO - ⌛ Esperando mudança visual...
2026-06-27 18:13:44,962 - INFO - ⌛ Esperando mudança visual...
2026-06-27 18:13:45,977 - INFO - ⌛ Esperando mudança visual...
2026-06-27 18:13:46,993 - INFO - ⌛ Esperando mudança visual...
2026-06-27 18:13:48,009 - INFO - ✅ Tela carregada!
2026-06-27 18:13:52,012 - INFO - 
=== rotina desbloquear_os ===
2026-06-27 18:13:58,475 - INFO - ⌛ Aguardando janela de confirmação de desbloqueio...
2026-06-27 18:14:13,832 - INFO - ⌛ Aguardando janela de confirmação de desbloqueio...
2026-06-27 18:14:29,227 - INFO - ⌛ Aguardando janela de confirmação de desbloqueio...
2026-06-27 18:14:44,635 - INFO - 🟨 Registros desbloqueados com sucesso
2026-06-27 18:14:48,743 - INFO - 
=== rotina editar_os ===
2026-06-27 18:14:58,188 - INFO - ⌛ Aguardando janela de edição de OS...
2026-06-27 18:15:13,644 - INFO - 🟨 OS programadas detectadas
2026-06-27 18:15:16,751 - INFO - ⌛ Aguardando janela de edição de OS...
2026-06-27 18:15:32,180 - INFO - 🟨 Janela de edição de OS detectada
2026-06-27 18:15:53,537 - INFO - 🟨 Janela de edição de habilidade da turma detectada
2026-06-27 18:17:11,838 - INFO - ⌛ Aguardando detecção do campo de caracteristica 'EQUIPE PRÓPRIA OU EPS' ...
2026-06-27 18:17:31,186 - INFO - 🟨 campo de caracteristica 'EQUIPE PRÓPRIA OU EPS detectado
2026-06-27 18:17:52,956 - INFO - ⌛ Aguardando confirmação 4 - editar OS...
2026-06-27 18:17:52,956 - INFO - 🟨 verificando algum erro de impedimento do lote
2026-06-27 18:18:13,422 - INFO - ⌛ Aguardando confirmação 4 - editar OS...
2026-06-27 18:18:13,422 - INFO - 🟨 verificando algum erro de impedimento do lote
2026-06-27 18:18:33,889 - INFO - ⌛ Aguardando confirmação 4 - editar OS...
2026-06-27 18:18:33,889 - INFO - 🟨 verificando algum erro de impedimento do lote
2026-06-27 18:18:54,379 - INFO - 🟨 Janela de confirmação 4 de edição de OS detectada
2026-06-27 18:18:58,480 - INFO - 
=== rotina programar_os ===
2026-06-27 18:19:25,031 - INFO - ⌛ Aguardando janela de confirmação de programação de OS...
2026-06-27 18:19:50,456 - INFO - 🟨 Janela de confirmação de programação de OS detectada
2026-06-27 18:20:03,709 - INFO - 🟨 Janela de aviso de edição de OS programadas detectada
2026-06-27 18:20:10,916 - INFO - ⌛ aguardando janela de programação de lote de OS...
2026-06-27 18:20:36,411 - INFO - 🟨 Janela de aviso de substituição de lote de OS detectada
2026-06-27 18:20:56,513 - INFO - ⌛ aguardando janela de programação de lote de OS...
2026-06-27 18:21:21,982 - INFO - 🟨 Janela de programação de lote de OS detectada
2026-06-27 18:22:11,503 - INFO - 🟨 Janela de confirmação de programação de lote de OS detectada
2026-06-27 18:22:15,738 - INFO - ⌛ aguardando confirmação final de programação do lote
2026-06-27 18:22:41,231 - INFO - ⌛ aguardando confirmação final de programação do lote
2026-06-27 18:23:06,687 - INFO - 🟨 programação do lote 20 efetuado com sucesso
2026-06-27 18:23:16,798 - INFO - 
=== Iniciando lote 21/61 [LM] ===
2026-06-27 18:23:16,799 - INFO - 
=== abrir_janela_selecao ===
2026-06-27 18:23:23,105 - INFO - 
=== rotina abrir_selecao_colar_os ===
2026-06-27 18:23:23,155 - INFO - Janela de seleção aberta
2026-06-27 18:23:27,381 - INFO - DEBUG: idx=20, inicio=500, fim=525
2026-06-27 18:23:27,381 - INFO - ✅ 25 OS copiadas para a área de transferência.
2026-06-27 18:23:27,381 - INFO - 📋 Lote 21 copiado.
2026-06-27 18:23:35,712 - INFO - ⌛ Esperando mudança visual...
2026-06-27 18:23:36,724 - INFO - ⌛ Esperando mudança visual...
2026-06-27 18:23:37,740 - INFO - ⌛ Esperando mudança visual...
2026-06-27 18:23:38,759 - INFO - ⌛ Esperando mudança visual...
2026-06-27 18:23:39,775 - INFO - ⌛ Esperando mudança visual...
2026-06-27 18:23:40,787 - INFO - ⌛ Esperando mudança visual...
2026-06-27 18:23:41,805 - INFO - ⌛ Esperando mudança visual...
2026-06-27 18:23:42,821 - INFO - ⌛ Esperando mudança visual...
2026-06-27 18:23:43,834 - INFO - ⌛ Esperando mudança visual...
2026-06-27 18:23:44,852 - INFO - ✅ Tela carregada!
2026-06-27 18:23:48,854 - INFO - 
=== rotina desbloquear_os ===
2026-06-27 18:23:55,320 - INFO - ⌛ Aguardando janela de confirmação de desbloqueio...
2026-06-27 18:24:10,706 - INFO - ⌛ Aguardando janela de confirmação de desbloqueio...
2026-06-27 18:24:26,094 - INFO - ⌛ Aguardando janela de confirmação de desbloqueio...
2026-06-27 18:24:26,225 - INFO - 🟨 Identificado travamento no EQM, reiniciando contador de espera
2026-06-27 18:24:41,495 - INFO - 🟨 Registros desbloqueados com sucesso
2026-06-27 18:24:45,598 - INFO - 
=== rotina editar_os ===
2026-06-27 18:24:55,006 - INFO - ⌛ Aguardando janela de edição de OS...
2026-06-27 18:25:10,424 - INFO - 🟨 OS programadas detectadas
2026-06-27 18:25:13,526 - INFO - ⌛ Aguardando janela de edição de OS...
2026-06-27 18:25:28,964 - INFO - 🟨 Janela de edição de OS detectada
2026-06-27 18:25:50,317 - INFO - 🟨 Janela de edição de habilidade da turma detectada
2026-06-27 18:27:08,624 - INFO - ⌛ Aguardando detecção do campo de caracteristica 'EQUIPE PRÓPRIA OU EPS' ...
2026-06-27 18:27:27,972 - INFO - 🟨 campo de caracteristica 'EQUIPE PRÓPRIA OU EPS detectado
2026-06-27 18:27:49,725 - INFO - ⌛ Aguardando confirmação 4 - editar OS...
2026-06-27 18:27:49,725 - INFO - 🟨 verificando algum erro de impedimento do lote
2026-06-27 18:28:10,288 - INFO - ⌛ Aguardando confirmação 4 - editar OS...
2026-06-27 18:28:10,288 - INFO - 🟨 verificando algum erro de impedimento do lote
2026-06-27 18:28:30,795 - INFO - ⌛ Aguardando confirmação 4 - editar OS...
2026-06-27 18:28:30,795 - INFO - 🟨 verificando algum erro de impedimento do lote
2026-06-27 18:28:51,274 - INFO - 🟨 Janela de confirmação 4 de edição de OS detectada
2026-06-27 18:28:55,376 - INFO - 
=== rotina programar_os ===
2026-06-27 18:29:21,889 - INFO - ⌛ Aguardando janela de confirmação de programação de OS...
2026-06-27 18:29:47,319 - INFO - 🟨 Janela de confirmação de programação de OS detectada
2026-06-27 18:30:00,572 - INFO - 🟨 Janela de aviso de edição de OS programadas detectada
2026-06-27 18:30:07,780 - INFO - ⌛ aguardando janela de programação de lote de OS...
2026-06-27 18:30:33,273 - INFO - 🟨 Janela de aviso de substituição de lote de OS detectada
2026-06-27 18:30:53,379 - INFO - ⌛ aguardando janela de programação de lote de OS...
2026-06-27 18:31:18,937 - INFO - 🟨 Janela de programação de lote de OS detectada
2026-06-27 18:32:08,430 - INFO - 🟨 Janela de confirmação de programação de lote de OS detectada
2026-06-27 18:32:12,653 - INFO - ⌛ aguardando confirmação final de programação do lote
2026-06-27 18:32:38,170 - INFO - ⌛ aguardando confirmação final de programação do lote
2026-06-27 18:33:03,630 - INFO - 🟨 programação do lote 21 efetuado com sucesso
2026-06-27 18:33:13,735 - INFO - 
=== Iniciando lote 22/61 [LM] ===
2026-06-27 18:33:13,735 - INFO - 
=== abrir_janela_selecao ===
2026-06-27 18:33:20,042 - INFO - 
=== rotina abrir_selecao_colar_os ===
2026-06-27 18:33:20,102 - INFO - Janela de seleção aberta
2026-06-27 18:33:24,330 - INFO - DEBUG: idx=21, inicio=525, fim=550
2026-06-27 18:33:24,330 - INFO - ✅ 25 OS copiadas para a área de transferência.
2026-06-27 18:33:24,330 - INFO - 📋 Lote 22 copiado.
2026-06-27 18:33:32,659 - INFO - ⌛ Esperando mudança visual...
2026-06-27 18:33:33,674 - INFO - ⌛ Esperando mudança visual...
2026-06-27 18:33:34,687 - INFO - ⌛ Esperando mudança visual...
2026-06-27 18:33:35,705 - INFO - ⌛ Esperando mudança visual...
2026-06-27 18:33:36,722 - INFO - ⌛ Esperando mudança visual...
2026-06-27 18:33:37,734 - INFO - ⌛ Esperando mudança visual...
2026-06-27 18:33:38,752 - INFO - ⌛ Esperando mudança visual...
2026-06-27 18:33:39,767 - INFO - ⌛ Esperando mudança visual...
2026-06-27 18:33:40,781 - INFO - ⌛ Esperando mudança visual...
2026-06-27 18:33:41,799 - INFO - ✅ Tela carregada!
2026-06-27 18:33:45,800 - INFO - 
=== rotina desbloquear_os ===
2026-06-27 18:33:52,269 - INFO - ⌛ Aguardando janela de confirmação de desbloqueio...
2026-06-27 18:34:07,636 - INFO - ⌛ Aguardando janela de confirmação de desbloqueio...
2026-06-27 18:34:23,022 - INFO - 🟨 Registros desbloqueados com sucesso
2026-06-27 18:34:27,141 - INFO - 
=== rotina editar_os ===
2026-06-27 18:34:36,551 - INFO - ⌛ Aguardando janela de edição de OS...
2026-06-27 18:34:51,970 - INFO - 🟨 OS programadas detectadas
2026-06-27 18:34:55,073 - INFO - ⌛ Aguardando janela de edição de OS...
2026-06-27 18:35:10,518 - INFO - 🟨 Janela de edição de OS detectada
2026-06-27 18:35:31,880 - INFO - 🟨 Janela de edição de habilidade da turma detectada
2026-06-27 18:36:50,171 - INFO - ⌛ Aguardando detecção do campo de caracteristica 'EQUIPE PRÓPRIA OU EPS' ...
2026-06-27 18:37:09,518 - INFO - 🟨 campo de caracteristica 'EQUIPE PRÓPRIA OU EPS detectado
2026-06-27 18:37:31,288 - INFO - ⌛ Aguardando confirmação 4 - editar OS...
2026-06-27 18:37:31,288 - INFO - 🟨 verificando algum erro de impedimento do lote
2026-06-27 18:37:51,778 - INFO - ⌛ Aguardando confirmação 4 - editar OS...
2026-06-27 18:37:51,778 - INFO - 🟨 verificando algum erro de impedimento do lote
2026-06-27 18:38:12,261 - INFO - 🟨 Janela de confirmação 4 de edição de OS detectada
2026-06-27 18:38:16,364 - INFO - 
=== rotina programar_os ===
2026-06-27 18:38:42,889 - INFO - ⌛ Aguardando janela de confirmação de programação de OS...
2026-06-27 18:39:08,320 - INFO - 🟨 Janela de confirmação de programação de OS detectada
2026-06-27 18:39:21,572 - INFO - 🟨 Janela de aviso de edição de OS programadas detectada
2026-06-27 18:39:28,791 - INFO - ⌛ aguardando janela de programação de lote de OS...
2026-06-27 18:39:54,306 - INFO - 🟨 Janela de aviso de substituição de lote de OS detectada
2026-06-27 18:40:14,409 - INFO - ⌛ aguardando janela de programação de lote de OS...
2026-06-27 18:40:39,886 - INFO - ⌛ aguardando janela de programação de lote de OS...
2026-06-27 18:40:40,111 - INFO - 🟨 Identificado falha no EQM
2026-06-27 18:40:40,111 - INFO - Capturando print...
2026-06-27 18:41:25,669 - INFO - ⌛ Aguardando janela de confirmação de programação de OS...
2026-06-27 18:41:51,138 - INFO - 🟨 Janela de confirmação de programação de OS detectada
2026-06-27 18:42:04,387 - INFO - 🟨 Janela de aviso de edição de OS programadas detectada
2026-06-27 18:42:11,599 - INFO - ⌛ aguardando janela de programação de lote de OS...
2026-06-27 18:42:37,113 - INFO - 🟨 Janela de aviso de substituição de lote de OS detectada
2026-06-27 18:42:57,215 - INFO - ⌛ aguardando janela de programação de lote de OS...
2026-06-27 18:43:22,718 - INFO - 🟨 Janela de programação de lote de OS detectada
2026-06-27 18:44:12,223 - INFO - 🟨 Janela de confirmação de programação de lote de OS detectada
2026-06-27 18:44:16,424 - INFO - ⌛ aguardando confirmação final de programação do lote
2026-06-27 18:44:41,882 - INFO - ⌛ aguardando confirmação final de programação do lote
2026-06-27 18:45:07,328 - INFO - 🟨 programação do lote 22 efetuado com sucesso
2026-06-27 18:45:17,436 - INFO - 
=== Iniciando lote 23/61 [LM] ===
2026-06-27 18:45:17,436 - INFO - 
=== abrir_janela_selecao ===
2026-06-27 18:45:23,744 - INFO - 
=== rotina abrir_selecao_colar_os ===
2026-06-27 18:45:23,800 - INFO - Janela de seleção aberta
2026-06-27 18:45:28,031 - INFO - DEBUG: idx=22, inicio=550, fim=575
2026-06-27 18:45:28,031 - INFO - ✅ 25 OS copiadas para a área de transferência.
2026-06-27 18:45:28,031 - INFO - 📋 Lote 23 copiado.
2026-06-27 18:45:36,366 - INFO - ⌛ Esperando mudança visual...
2026-06-27 18:45:37,378 - INFO - ⌛ Esperando mudança visual...
2026-06-27 18:45:38,397 - INFO - ⌛ Esperando mudança visual...
2026-06-27 18:45:39,413 - INFO - ⌛ Esperando mudança visual...
2026-06-27 18:45:40,425 - INFO - ⌛ Esperando mudança visual...
2026-06-27 18:45:41,442 - INFO - ⌛ Esperando mudança visual...
2026-06-27 18:45:42,460 - INFO - ⌛ Esperando mudança visual...
2026-06-27 18:45:43,472 - INFO - ⌛ Esperando mudança visual...
2026-06-27 18:45:44,488 - INFO - ⌛ Esperando mudança visual...
2026-06-27 18:45:45,506 - INFO - ✅ Tela carregada!
2026-06-27 18:45:49,507 - INFO - 
=== rotina desbloquear_os ===
2026-06-27 18:45:55,972 - INFO - ⌛ Aguardando janela de confirmação de desbloqueio...
2026-06-27 18:46:11,347 - INFO - ⌛ Aguardando janela de confirmação de desbloqueio...
2026-06-27 18:46:26,750 - INFO - 🟨 Registros desbloqueados com sucesso
2026-06-27 18:46:30,863 - INFO - 
=== rotina editar_os ===
2026-06-27 18:46:40,283 - INFO - ⌛ Aguardando janela de edição de OS...
2026-06-27 18:46:55,711 - INFO - 🟨 OS programadas detectadas
2026-06-27 18:46:58,813 - INFO - ⌛ Aguardando janela de edição de OS...
2026-06-27 18:47:14,260 - INFO - 🟨 Janela de edição de OS detectada
2026-06-27 18:47:35,612 - INFO - 🟨 Janela de edição de habilidade da turma detectada
2026-06-27 18:48:53,909 - INFO - ⌛ Aguardando detecção do campo de caracteristica 'EQUIPE PRÓPRIA OU EPS' ...
2026-06-27 18:49:13,257 - INFO - 🟨 campo de caracteristica 'EQUIPE PRÓPRIA OU EPS detectado
2026-06-27 18:49:35,019 - INFO - ⌛ Aguardando confirmação 4 - editar OS...
2026-06-27 18:49:35,019 - INFO - 🟨 verificando algum erro de impedimento do lote
2026-06-27 18:49:55,501 - INFO - ⌛ Aguardando confirmação 4 - editar OS...
2026-06-27 18:49:55,501 - INFO - 🟨 verificando algum erro de impedimento do lote
2026-06-27 18:50:15,967 - INFO - 🟨 Janela de confirmação 4 de edição de OS detectada
2026-06-27 18:50:20,077 - INFO - 
=== rotina programar_os ===
2026-06-27 18:50:46,591 - INFO - ⌛ Aguardando janela de confirmação de programação de OS...
2026-06-27 18:51:12,019 - INFO - 🟨 Janela de confirmação de programação de OS detectada
2026-06-27 18:51:25,272 - INFO - 🟨 Janela de aviso de edição de OS programadas detectada
2026-06-27 18:51:32,475 - INFO - ⌛ aguardando janela de programação de lote de OS...
2026-06-27 18:51:58,072 - INFO - 🟨 Janela de aviso de substituição de lote de OS detectada
2026-06-27 18:52:18,178 - INFO - ⌛ aguardando janela de programação de lote de OS...
2026-06-27 18:52:43,698 - INFO - 🟨 Janela de programação de lote de OS detectada
2026-06-27 18:53:33,194 - INFO - 🟨 Janela de confirmação de programação de lote de OS detectada
2026-06-27 18:53:37,390 - INFO - ⌛ aguardando confirmação final de programação do lote
2026-06-27 18:54:02,828 - INFO - 🟨 programação do lote 23 efetuado com sucesso
2026-06-27 18:54:12,937 - INFO - 
=== Iniciando lote 24/61 [LM] ===
2026-06-27 18:54:12,938 - INFO - 
=== abrir_janela_selecao ===
2026-06-27 18:54:19,265 - INFO - 
=== rotina abrir_selecao_colar_os ===
2026-06-27 18:54:19,317 - INFO - Janela de seleção aberta
2026-06-27 18:54:23,538 - INFO - DEBUG: idx=23, inicio=575, fim=600
2026-06-27 18:54:23,538 - INFO - ✅ 25 OS copiadas para a área de transferência.
2026-06-27 18:54:23,538 - INFO - 📋 Lote 24 copiado.
2026-06-27 18:54:31,864 - INFO - ⌛ Esperando mudança visual...
2026-06-27 18:54:32,877 - INFO - ⌛ Esperando mudança visual...
2026-06-27 18:54:33,896 - INFO - ⌛ Esperando mudança visual...
2026-06-27 18:54:34,910 - INFO - ⌛ Esperando mudança visual...
2026-06-27 18:54:35,924 - INFO - ⌛ Esperando mudança visual...
2026-06-27 18:54:36,943 - INFO - ⌛ Esperando mudança visual...
2026-06-27 18:54:37,959 - INFO - ⌛ Esperando mudança visual...
2026-06-27 18:54:38,971 - INFO - ⌛ Esperando mudança visual...
2026-06-27 18:54:39,990 - INFO - ⌛ Esperando mudança visual...
2026-06-27 18:54:41,005 - INFO - ✅ Tela carregada!
2026-06-27 18:54:45,007 - INFO - 
=== rotina desbloquear_os ===
2026-06-27 18:54:51,475 - INFO - ⌛ Aguardando janela de confirmação de desbloqueio...
2026-06-27 18:55:06,875 - INFO - ⌛ Aguardando janela de confirmação de desbloqueio...
2026-06-27 18:55:22,251 - INFO - 🟨 Registros desbloqueados com sucesso
2026-06-27 18:55:26,362 - INFO - 
=== rotina editar_os ===
2026-06-27 18:55:35,806 - INFO - ⌛ Aguardando janela de edição de OS...
2026-06-27 18:55:51,293 - INFO - 🟨 OS programadas detectadas
2026-06-27 18:55:54,396 - INFO - ⌛ Aguardando janela de edição de OS...
2026-06-27 18:56:09,820 - INFO - 🟨 Janela de edição de OS detectada
2026-06-27 18:56:31,177 - INFO - 🟨 Janela de edição de habilidade da turma detectada
2026-06-27 18:57:49,491 - INFO - ⌛ Aguardando detecção do campo de caracteristica 'EQUIPE PRÓPRIA OU EPS' ...
2026-06-27 18:58:08,841 - INFO - 🟨 campo de caracteristica 'EQUIPE PRÓPRIA OU EPS detectado
2026-06-27 18:58:30,618 - INFO - ⌛ Aguardando confirmação 4 - editar OS...
2026-06-27 18:58:30,618 - INFO - 🟨 verificando algum erro de impedimento do lote
2026-06-27 18:58:51,099 - INFO - ⌛ Aguardando confirmação 4 - editar OS...
2026-06-27 18:58:51,099 - INFO - 🟨 verificando algum erro de impedimento do lote
2026-06-27 18:59:11,673 - INFO - 🟨 Janela de confirmação 4 de edição de OS detectada
2026-06-27 18:59:15,781 - INFO - 
=== rotina programar_os ===
2026-06-27 18:59:42,298 - INFO - ⌛ Aguardando janela de confirmação de programação de OS...
2026-06-27 19:00:07,714 - INFO - 🟨 Janela de confirmação de programação de OS detectada
2026-06-27 19:00:20,967 - INFO - 🟨 Janela de aviso de edição de OS programadas detectada
2026-06-27 19:00:28,179 - INFO - ⌛ aguardando janela de programação de lote de OS...
2026-06-27 19:00:53,668 - INFO - 🟨 Janela de aviso de substituição de lote de OS detectada
2026-06-27 19:01:13,780 - INFO - ⌛ aguardando janela de programação de lote de OS...
2026-06-27 19:01:39,274 - INFO - 🟨 Janela de programação de lote de OS detectada
2026-06-27 19:02:28,775 - INFO - 🟨 Janela de confirmação de programação de lote de OS detectada
2026-06-27 19:02:32,996 - INFO - ⌛ aguardando confirmação final de programação do lote
2026-06-27 19:02:58,454 - INFO - 🟨 programação do lote 24 efetuado com sucesso
2026-06-27 19:03:08,558 - INFO - 
=== Iniciando lote 25/61 [LM] ===
2026-06-27 19:03:08,558 - INFO - 
=== abrir_janela_selecao ===
2026-06-27 19:03:14,864 - INFO - 
=== rotina abrir_selecao_colar_os ===
2026-06-27 19:03:14,918 - INFO - Janela de seleção aberta
2026-06-27 19:03:19,143 - INFO - DEBUG: idx=24, inicio=600, fim=625
2026-06-27 19:03:19,143 - INFO - ✅ 25 OS copiadas para a área de transferência.
2026-06-27 19:03:19,143 - INFO - 📋 Lote 25 copiado.
2026-06-27 19:03:27,466 - INFO - ⌛ Esperando mudança visual...
2026-06-27 19:03:28,486 - INFO - ⌛ Esperando mudança visual...
2026-06-27 19:03:29,501 - INFO - ⌛ Esperando mudança visual...
2026-06-27 19:03:30,514 - INFO - ⌛ Esperando mudança visual...
2026-06-27 19:03:31,534 - INFO - ⌛ Esperando mudança visual...
2026-06-27 19:03:32,549 - INFO - ⌛ Esperando mudança visual...
2026-06-27 19:03:33,561 - INFO - ⌛ Esperando mudança visual...
2026-06-27 19:03:34,580 - INFO - ⌛ Esperando mudança visual...
2026-06-27 19:03:35,595 - INFO - ⌛ Esperando mudança visual...
2026-06-27 19:03:36,611 - INFO - ⌛ Esperando mudança visual...
2026-06-27 19:03:37,624 - INFO - ✅ Tela carregada!
2026-06-27 19:03:41,628 - INFO - 
=== rotina desbloquear_os ===
2026-06-27 19:03:48,093 - INFO - ⌛ Aguardando janela de confirmação de desbloqueio...
2026-06-27 19:04:03,448 - INFO - 🟨 Registros desbloqueados com sucesso
2026-06-27 19:04:07,567 - INFO - 
=== rotina editar_os ===
2026-06-27 19:04:16,973 - INFO - ⌛ Aguardando janela de edição de OS...
2026-06-27 19:04:32,420 - INFO - 🟨 OS programadas detectadas
2026-06-27 19:04:35,533 - INFO - ⌛ Aguardando janela de edição de OS...
2026-06-27 19:04:50,994 - INFO - 🟨 Janela de edição de OS detectada
2026-06-27 19:05:12,354 - INFO - 🟨 Janela de edição de habilidade da turma detectada
2026-06-27 19:06:30,660 - INFO - ⌛ Aguardando detecção do campo de caracteristica 'EQUIPE PRÓPRIA OU EPS' ...
2026-06-27 19:06:50,013 - INFO - 🟨 campo de caracteristica 'EQUIPE PRÓPRIA OU EPS detectado
2026-06-27 19:07:11,806 - INFO - ⌛ Aguardando confirmação 4 - editar OS...
2026-06-27 19:07:11,806 - INFO - 🟨 verificando algum erro de impedimento do lote
2026-06-27 19:07:32,312 - INFO - ⌛ Aguardando confirmação 4 - editar OS...
2026-06-27 19:07:32,312 - INFO - 🟨 verificando algum erro de impedimento do lote
2026-06-27 19:07:52,799 - INFO - 🟨 Janela de confirmação 4 de edição de OS detectada
2026-06-27 19:07:56,901 - INFO - 
=== rotina programar_os ===
2026-06-27 19:08:23,414 - INFO - ⌛ Aguardando janela de confirmação de programação de OS...
2026-06-27 19:08:48,843 - INFO - 🟨 Janela de confirmação de programação de OS detectada
2026-06-27 19:09:02,096 - INFO - 🟨 Janela de aviso de edição de OS programadas detectada
2026-06-27 19:09:09,300 - INFO - ⌛ aguardando janela de programação de lote de OS...
2026-06-27 19:09:34,797 - INFO - 🟨 Janela de aviso de substituição de lote de OS detectada
2026-06-27 19:09:54,899 - INFO - ⌛ aguardando janela de programação de lote de OS...
2026-06-27 19:10:20,385 - INFO - 🟨 Janela de programação de lote de OS detectada
2026-06-27 19:11:09,885 - INFO - 🟨 Janela de confirmação de programação de lote de OS detectada
2026-06-27 19:11:14,100 - INFO - ⌛ aguardando confirmação final de programação do lote
2026-06-27 19:11:39,567 - INFO - 🟨 programação do lote 25 efetuado com sucesso
2026-06-27 19:11:49,671 - INFO - 
=== Iniciando lote 26/61 [LM] ===
2026-06-27 19:11:49,672 - INFO - 
=== abrir_janela_selecao ===
2026-06-27 19:11:55,979 - INFO - 
=== rotina abrir_selecao_colar_os ===
2026-06-27 19:11:56,018 - INFO - Janela de seleção aberta
2026-06-27 19:12:00,246 - INFO - DEBUG: idx=25, inicio=625, fim=650
2026-06-27 19:12:00,247 - INFO - ✅ 25 OS copiadas para a área de transferência.
2026-06-27 19:12:00,247 - INFO - 📋 Lote 26 copiado.
2026-06-27 19:12:08,571 - INFO - ⌛ Esperando mudança visual...
2026-06-27 19:12:09,591 - INFO - ⌛ Esperando mudança visual...
2026-06-27 19:12:10,606 - INFO - ⌛ Esperando mudança visual...
2026-06-27 19:12:11,619 - INFO - ⌛ Esperando mudança visual...
2026-06-27 19:12:12,637 - INFO - ⌛ Esperando mudança visual...
2026-06-27 19:12:13,653 - INFO - ⌛ Esperando mudança visual...
2026-06-27 19:12:14,666 - INFO - ⌛ Esperando mudança visual...
2026-06-27 19:12:15,684 - INFO - ⌛ Esperando mudança visual...
2026-06-27 19:12:16,700 - INFO - ⌛ Esperando mudança visual...
2026-06-27 19:12:17,715 - INFO - ✅ Tela carregada!
2026-06-27 19:12:21,717 - INFO - 
=== rotina desbloquear_os ===
2026-06-27 19:12:28,170 - INFO - ⌛ Aguardando janela de confirmação de desbloqueio...
2026-06-27 19:12:43,565 - INFO - 🟨 Registros desbloqueados com sucesso
2026-06-27 19:12:47,669 - INFO - 
=== rotina editar_os ===
2026-06-27 19:12:57,074 - INFO - ⌛ Aguardando janela de edição de OS...
2026-06-27 19:13:12,508 - INFO - 🟨 OS programadas detectadas
2026-06-27 19:13:15,619 - INFO - ⌛ Aguardando janela de edição de OS...
2026-06-27 19:13:31,065 - INFO - 🟨 Janela de edição de OS detectada
2026-06-27 19:13:52,426 - INFO - 🟨 Janela de edição de habilidade da turma detectada
2026-06-27 19:15:10,718 - INFO - ⌛ Aguardando detecção do campo de caracteristica 'EQUIPE PRÓPRIA OU EPS' ...
2026-06-27 19:15:30,064 - INFO - 🟨 campo de caracteristica 'EQUIPE PRÓPRIA OU EPS detectado
2026-06-27 19:15:51,819 - INFO - ⌛ Aguardando confirmação 4 - editar OS...
2026-06-27 19:15:51,819 - INFO - 🟨 verificando algum erro de impedimento do lote
2026-06-27 19:16:12,310 - INFO - ⌛ Aguardando confirmação 4 - editar OS...
2026-06-27 19:16:12,310 - INFO - 🟨 verificando algum erro de impedimento do lote
2026-06-27 19:16:32,784 - INFO - 🟨 Janela de confirmação 4 de edição de OS detectada
2026-06-27 19:16:36,896 - INFO - 
=== rotina programar_os ===
2026-06-27 19:17:03,431 - INFO - ⌛ Aguardando janela de confirmação de programação de OS...
2026-06-27 19:17:28,883 - INFO - 🟨 Janela de confirmação de programação de OS detectada
2026-06-27 19:17:42,137 - INFO - 🟨 Janela de aviso de edição de OS programadas detectada
2026-06-27 19:17:49,341 - INFO - ⌛ aguardando janela de programação de lote de OS...
2026-06-27 19:18:14,836 - INFO - 🟨 Janela de aviso de substituição de lote de OS detectada
2026-06-27 19:18:34,938 - INFO - ⌛ aguardando janela de programação de lote de OS...
2026-06-27 19:19:00,417 - INFO - 🟨 Janela de programação de lote de OS detectada
2026-06-27 19:19:49,919 - INFO - 🟨 Janela de confirmação de programação de lote de OS detectada
2026-06-27 19:19:54,140 - INFO - ⌛ aguardando confirmação final de programação do lote
2026-06-27 19:20:19,565 - INFO - 🟨 programação do lote 26 efetuado com sucesso
2026-06-27 19:20:29,669 - INFO - 
=== Iniciando lote 27/61 [LM] ===
2026-06-27 19:20:29,669 - INFO - 
=== abrir_janela_selecao ===
2026-06-27 19:20:35,977 - INFO - 
=== rotina abrir_selecao_colar_os ===
2026-06-27 19:20:36,036 - INFO - Janela de seleção aberta
2026-06-27 19:20:40,247 - INFO - DEBUG: idx=26, inicio=650, fim=675
2026-06-27 19:20:40,247 - INFO - ✅ 25 OS copiadas para a área de transferência.
2026-06-27 19:20:40,247 - INFO - 📋 Lote 27 copiado.
2026-06-27 19:20:48,579 - INFO - ⌛ Esperando mudança visual...
2026-06-27 19:20:49,595 - INFO - ⌛ Esperando mudança visual...
2026-06-27 19:20:50,612 - INFO - ⌛ Esperando mudança visual...
2026-06-27 19:20:51,628 - INFO - ⌛ Esperando mudança visual...
2026-06-27 19:20:52,643 - INFO - ⌛ Esperando mudança visual...
2026-06-27 19:20:53,657 - INFO - ⌛ Esperando mudança visual...
2026-06-27 19:20:54,674 - INFO - ⌛ Esperando mudança visual...
2026-06-27 19:20:55,690 - INFO - ⌛ Esperando mudança visual...
2026-06-27 19:20:56,706 - INFO - ⌛ Esperando mudança visual...
2026-06-27 19:20:57,719 - INFO - ✅ Tela carregada!
2026-06-27 19:21:01,725 - INFO - 
=== rotina desbloquear_os ===
2026-06-27 19:21:08,192 - INFO - ⌛ Aguardando janela de confirmação de desbloqueio...
2026-06-27 19:21:23,560 - INFO - 🟨 Registros desbloqueados com sucesso
2026-06-27 19:21:27,677 - INFO - 
=== rotina editar_os ===
2026-06-27 19:21:37,089 - INFO - ⌛ Aguardando janela de edição de OS...
2026-06-27 19:21:52,515 - INFO - 🟨 OS programadas detectadas
2026-06-27 19:21:55,627 - INFO - ⌛ Aguardando janela de edição de OS...
2026-06-27 19:22:11,060 - INFO - 🟨 Janela de edição de OS detectada
2026-06-27 19:22:32,409 - INFO - 🟨 Janela de edição de habilidade da turma detectada
2026-06-27 19:23:50,714 - INFO - ⌛ Aguardando detecção do campo de caracteristica 'EQUIPE PRÓPRIA OU EPS' ...
2026-06-27 19:24:10,088 - INFO - 🟨 campo de caracteristica 'EQUIPE PRÓPRIA OU EPS detectado
2026-06-27 19:24:31,887 - INFO - ⌛ Aguardando confirmação 4 - editar OS...
2026-06-27 19:24:31,887 - INFO - 🟨 verificando algum erro de impedimento do lote
2026-06-27 19:24:52,401 - INFO - ⌛ Aguardando confirmação 4 - editar OS...
2026-06-27 19:24:52,401 - INFO - 🟨 verificando algum erro de impedimento do lote
2026-06-27 19:25:12,912 - INFO - 🟨 Janela de confirmação 4 de edição de OS detectada
2026-06-27 19:25:17,014 - INFO - 
=== rotina programar_os ===
2026-06-27 19:25:43,551 - INFO - ⌛ Aguardando janela de confirmação de programação de OS...
2026-06-27 19:26:09,002 - INFO - 🟨 Janela de confirmação de programação de OS detectada
2026-06-27 19:26:22,255 - INFO - 🟨 Janela de aviso de edição de OS programadas detectada
2026-06-27 19:26:29,462 - INFO - ⌛ aguardando janela de programação de lote de OS...
2026-06-27 19:26:54,964 - INFO - 🟨 Janela de aviso de substituição de lote de OS detectada
2026-06-27 19:27:15,076 - INFO - ⌛ aguardando janela de programação de lote de OS...
2026-06-27 19:27:40,578 - INFO - 🟨 Janela de programação de lote de OS detectada
2026-06-27 19:28:30,078 - INFO - 🟨 Janela de confirmação de programação de lote de OS detectada
2026-06-27 19:28:34,265 - INFO - ⌛ aguardando confirmação final de programação do lote
2026-06-27 19:28:59,716 - INFO - 🟨 programação do lote 27 efetuado com sucesso
2026-06-27 19:29:09,820 - INFO - 
=== Iniciando lote 28/61 [LM] ===
2026-06-27 19:29:09,820 - INFO - 
=== abrir_janela_selecao ===
2026-06-27 19:29:16,126 - INFO - 
=== rotina abrir_selecao_colar_os ===
2026-06-27 19:29:16,175 - INFO - Janela de seleção aberta
2026-06-27 19:29:20,404 - INFO - DEBUG: idx=27, inicio=675, fim=700
2026-06-27 19:29:20,404 - INFO - ✅ 25 OS copiadas para a área de transferência.
2026-06-27 19:29:20,404 - INFO - 📋 Lote 28 copiado.
2026-06-27 19:29:28,730 - INFO - ⌛ Esperando mudança visual...
2026-06-27 19:29:29,746 - INFO - ⌛ Esperando mudança visual...
2026-06-27 19:29:30,759 - INFO - ⌛ Esperando mudança visual...
2026-06-27 19:29:31,776 - INFO - ⌛ Esperando mudança visual...
2026-06-27 19:29:32,793 - INFO - ⌛ Esperando mudança visual...
2026-06-27 19:29:33,809 - INFO - ⌛ Esperando mudança visual...
2026-06-27 19:29:34,824 - INFO - ⌛ Esperando mudança visual...
2026-06-27 19:29:35,839 - INFO - ⌛ Esperando mudança visual...
2026-06-27 19:29:36,853 - INFO - ⌛ Esperando mudança visual...
2026-06-27 19:29:37,870 - INFO - ✅ Tela carregada!
2026-06-27 19:29:41,872 - INFO - 
=== rotina desbloquear_os ===
2026-06-27 19:29:48,343 - INFO - ⌛ Aguardando janela de confirmação de desbloqueio...
2026-06-27 19:30:03,739 - INFO - 🟨 Registros desbloqueados com sucesso
2026-06-27 19:30:07,842 - INFO - 
=== rotina editar_os ===
2026-06-27 19:30:17,256 - INFO - ⌛ Aguardando janela de edição de OS...
2026-06-27 19:30:32,669 - INFO - 🟨 Janela de edição de OS detectada
2026-06-27 19:30:54,033 - INFO - 🟨 Janela de edição de habilidade da turma detectada
2026-06-27 19:32:12,334 - INFO - ⌛ Aguardando detecção do campo de caracteristica 'EQUIPE PRÓPRIA OU EPS' ...
2026-06-27 19:32:31,691 - INFO - 🟨 campo de caracteristica 'EQUIPE PRÓPRIA OU EPS detectado
2026-06-27 19:32:53,452 - INFO - ⌛ Aguardando confirmação 4 - editar OS...
2026-06-27 19:32:53,452 - INFO - 🟨 verificando algum erro de impedimento do lote
2026-06-27 19:33:13,955 - INFO - ⌛ Aguardando confirmação 4 - editar OS...
2026-06-27 19:33:13,955 - INFO - 🟨 verificando algum erro de impedimento do lote
2026-06-27 19:33:34,428 - INFO - 🟨 Janela de confirmação 4 de edição de OS detectada
2026-06-27 19:33:38,530 - INFO - 
=== rotina programar_os ===
2026-06-27 19:34:05,059 - INFO - ⌛ Aguardando janela de confirmação de programação de OS...
2026-06-27 19:34:30,484 - INFO - 🟨 Janela de confirmação de programação de OS detectada
2026-06-27 19:34:43,741 - INFO - 🟨 Janela de aviso de substituição de lote de OS detectada
2026-06-27 19:35:03,843 - INFO - ⌛ aguardando janela de programação de lote de OS...
2026-06-27 19:35:29,329 - INFO - 🟨 Janela de programação de lote de OS detectada
2026-06-27 19:36:18,805 - INFO - 🟨 Janela de confirmação de programação de lote de OS detectada
2026-06-27 19:36:23,040 - INFO - ⌛ aguardando confirmação final de programação do lote
2026-06-27 19:36:48,537 - INFO - 🟨 programação do lote 28 efetuado com sucesso
2026-06-27 19:36:58,645 - INFO - 
=== Iniciando lote 29/61 [LM] ===
2026-06-27 19:36:58,646 - INFO - 
=== abrir_janela_selecao ===
2026-06-27 19:37:04,956 - INFO - 
=== rotina abrir_selecao_colar_os ===
2026-06-27 19:37:04,994 - INFO - Janela de seleção aberta
2026-06-27 19:37:09,222 - INFO - DEBUG: idx=28, inicio=700, fim=725
2026-06-27 19:37:09,222 - INFO - ✅ 25 OS copiadas para a área de transferência.
2026-06-27 19:37:09,224 - INFO - 📋 Lote 29 copiado.
2026-06-27 19:37:17,547 - INFO - ⌛ Esperando mudança visual...
2026-06-27 19:37:18,567 - INFO - ⌛ Esperando mudança visual...
2026-06-27 19:37:19,579 - INFO - ⌛ Esperando mudança visual...
2026-06-27 19:37:20,595 - INFO - ⌛ Esperando mudança visual...
2026-06-27 19:37:21,609 - INFO - ⌛ Esperando mudança visual...
2026-06-27 19:37:22,629 - INFO - ⌛ Esperando mudança visual...
2026-06-27 19:37:23,643 - INFO - ⌛ Esperando mudança visual...
2026-06-27 19:37:24,657 - INFO - ⌛ Esperando mudança visual...
2026-06-27 19:37:25,676 - INFO - ⌛ Esperando mudança visual...
2026-06-27 19:37:26,692 - INFO - ✅ Tela carregada!
2026-06-27 19:37:30,693 - INFO - 
=== rotina desbloquear_os ===
2026-06-27 19:37:37,157 - INFO - ⌛ Aguardando janela de confirmação de desbloqueio...
2026-06-27 19:37:52,524 - INFO - 🟨 Registros desbloqueados com sucesso
2026-06-27 19:37:56,627 - INFO - 
=== rotina editar_os ===
2026-06-27 19:38:06,055 - INFO - ⌛ Aguardando janela de edição de OS...
2026-06-27 19:38:21,487 - INFO - 🟨 Janela de edição de OS detectada
2026-06-27 19:38:42,838 - INFO - 🟨 Janela de edição de habilidade da turma detectada
2026-06-27 19:40:01,146 - INFO - ⌛ Aguardando detecção do campo de caracteristica 'EQUIPE PRÓPRIA OU EPS' ...
2026-06-27 19:40:20,493 - INFO - 🟨 campo de caracteristica 'EQUIPE PRÓPRIA OU EPS detectado
2026-06-27 19:40:42,272 - INFO - ⌛ Aguardando confirmação 4 - editar OS...
2026-06-27 19:40:42,272 - INFO - 🟨 verificando algum erro de impedimento do lote
2026-06-27 19:41:02,759 - INFO - ⌛ Aguardando confirmação 4 - editar OS...
2026-06-27 19:41:02,759 - INFO - 🟨 verificando algum erro de impedimento do lote
2026-06-27 19:41:23,348 - INFO - 🟨 Janela de confirmação 4 de edição de OS detectada
2026-06-27 19:41:27,450 - INFO - 
=== rotina programar_os ===
2026-06-27 19:41:54,008 - INFO - ⌛ Aguardando janela de confirmação de programação de OS...
2026-06-27 19:42:19,450 - INFO - 🟨 Janela de confirmação de programação de OS detectada
2026-06-27 19:42:32,708 - INFO - 🟨 Janela de aviso de substituição de lote de OS detectada
2026-06-27 19:42:52,815 - INFO - ⌛ aguardando janela de programação de lote de OS...
2026-06-27 19:43:18,313 - INFO - 🟨 Janela de programação de lote de OS detectada
2026-06-27 19:44:07,820 - INFO - 🟨 Janela de confirmação de programação de lote de OS detectada
2026-06-27 19:44:12,030 - INFO - ⌛ aguardando confirmação final de programação do lote
2026-06-27 19:44:37,471 - INFO - 🟨 programação do lote 29 efetuado com sucesso
2026-06-27 19:44:47,575 - INFO - 
=== Iniciando lote 30/61 [LM] ===
2026-06-27 19:44:47,575 - INFO - 
=== abrir_janela_selecao ===
2026-06-27 19:44:53,882 - INFO - 
=== rotina abrir_selecao_colar_os ===
2026-06-27 19:44:53,940 - INFO - Janela de seleção aberta
2026-06-27 19:44:58,162 - INFO - DEBUG: idx=29, inicio=725, fim=750
2026-06-27 19:44:58,162 - INFO - ✅ 25 OS copiadas para a área de transferência.
2026-06-27 19:44:58,162 - INFO - 📋 Lote 30 copiado.
2026-06-27 19:45:06,488 - INFO - ⌛ Esperando mudança visual...
2026-06-27 19:45:07,505 - INFO - ⌛ Esperando mudança visual...
2026-06-27 19:45:08,519 - INFO - ⌛ Esperando mudança visual...
2026-06-27 19:45:09,535 - INFO - ⌛ Esperando mudança visual...
2026-06-27 19:45:10,548 - INFO - ⌛ Esperando mudança visual...
2026-06-27 19:45:11,567 - INFO - ⌛ Esperando mudança visual...
2026-06-27 19:45:12,583 - INFO - ⌛ Esperando mudança visual...
2026-06-27 19:45:13,595 - INFO - ⌛ Esperando mudança visual...
2026-06-27 19:45:14,614 - INFO - ⌛ Esperando mudança visual...
2026-06-27 19:45:15,630 - INFO - ⌛ Esperando mudança visual...
2026-06-27 19:45:16,645 - INFO - ✅ Tela carregada!
2026-06-27 19:45:20,647 - INFO - 
=== rotina desbloquear_os ===
2026-06-27 19:45:27,104 - INFO - ⌛ Aguardando janela de confirmação de desbloqueio...
2026-06-27 19:45:42,484 - INFO - 🟨 Registros desbloqueados com sucesso
2026-06-27 19:45:46,597 - INFO - 
=== rotina editar_os ===
2026-06-27 19:45:56,003 - INFO - ⌛ Aguardando janela de edição de OS...
2026-06-27 19:46:11,474 - INFO - 🟨 OS programadas detectadas
2026-06-27 19:46:14,588 - INFO - ⌛ Aguardando janela de edição de OS...
2026-06-27 19:46:30,029 - INFO - 🟨 Janela de edição de OS detectada
2026-06-27 19:46:51,389 - INFO - 🟨 Janela de edição de habilidade da turma detectada
2026-06-27 19:48:09,682 - INFO - ⌛ Aguardando detecção do campo de caracteristica 'EQUIPE PRÓPRIA OU EPS' ...
2026-06-27 19:48:29,044 - INFO - 🟨 campo de caracteristica 'EQUIPE PRÓPRIA OU EPS detectado
2026-06-27 19:48:50,798 - INFO - ⌛ Aguardando confirmação 4 - editar OS...
2026-06-27 19:48:50,798 - INFO - 🟨 verificando algum erro de impedimento do lote
2026-06-27 19:49:11,305 - INFO - ⌛ Aguardando confirmação 4 - editar OS...
2026-06-27 19:49:11,305 - INFO - 🟨 verificando algum erro de impedimento do lote
2026-06-27 19:49:31,784 - INFO - 🟨 Janela de confirmação 4 de edição de OS detectada
2026-06-27 19:49:35,886 - INFO - 
=== rotina programar_os ===
2026-06-27 19:50:02,399 - INFO - ⌛ Aguardando janela de confirmação de programação de OS...
2026-06-27 19:50:27,828 - INFO - 🟨 Janela de confirmação de programação de OS detectada
2026-06-27 19:50:41,081 - INFO - 🟨 Janela de aviso de edição de OS programadas detectada
2026-06-27 19:50:48,285 - INFO - ⌛ aguardando janela de programação de lote de OS...
2026-06-27 19:51:13,800 - INFO - 🟨 Janela de aviso de substituição de lote de OS detectada
2026-06-27 19:51:33,902 - INFO - ⌛ aguardando janela de programação de lote de OS...
2026-06-27 19:51:59,396 - INFO - 🟨 Janela de aviso de substituição de lote de OS detectada
2026-06-27 19:52:19,507 - INFO - ⌛ aguardando janela de programação de lote de OS...
2026-06-27 19:52:19,734 - INFO - 🟨 Identificado falha no EQM
2026-06-27 19:52:19,735 - INFO - Capturando print...
2026-06-27 19:53:05,293 - INFO - ⌛ Aguardando janela de confirmação de programação de OS...
2026-06-27 19:53:30,706 - INFO - 🟨 Janela de confirmação de programação de OS detectada
2026-06-27 19:53:43,969 - INFO - 🟨 Janela de aviso de edição de OS programadas detectada
2026-06-27 19:53:51,173 - INFO - ⌛ aguardando janela de programação de lote de OS...
2026-06-27 19:54:16,669 - INFO - 🟨 Janela de aviso de substituição de lote de OS detectada
2026-06-27 19:54:36,773 - INFO - ⌛ aguardando janela de programação de lote de OS...
2026-06-27 19:55:02,300 - INFO - 🟨 Janela de programação de lote de OS detectada
2026-06-27 19:55:51,801 - INFO - 🟨 Janela de confirmação de programação de lote de OS detectada
2026-06-27 19:55:56,024 - INFO - ⌛ aguardando confirmação final de programação do lote
2026-06-27 19:56:21,458 - INFO - 🟨 programação do lote 30 efetuado com sucesso
2026-06-27 19:56:31,568 - INFO - 
=== Iniciando lote 31/61 [LM] ===
2026-06-27 19:56:31,569 - INFO - 
=== abrir_janela_selecao ===
2026-06-27 19:56:37,874 - INFO - 
=== rotina abrir_selecao_colar_os ===
2026-06-27 19:56:37,932 - INFO - Janela de seleção aberta
2026-06-27 19:56:42,168 - INFO - DEBUG: idx=30, inicio=750, fim=775
2026-06-27 19:56:42,168 - INFO - ✅ 25 OS copiadas para a área de transferência.
2026-06-27 19:56:42,168 - INFO - 📋 Lote 31 copiado.
2026-06-27 19:56:50,493 - INFO - ⌛ Esperando mudança visual...
2026-06-27 19:56:51,511 - INFO - ⌛ Esperando mudança visual...
2026-06-27 19:56:52,528 - INFO - ⌛ Esperando mudança visual...
2026-06-27 19:56:53,540 - INFO - ⌛ Esperando mudança visual...
2026-06-27 19:56:54,558 - INFO - ⌛ Esperando mudança visual...
2026-06-27 19:56:55,575 - INFO - ⌛ Esperando mudança visual...
2026-06-27 19:56:56,590 - INFO - ⌛ Esperando mudança visual...
2026-06-27 19:56:57,603 - INFO - ⌛ Esperando mudança visual...
2026-06-27 19:56:58,620 - INFO - ⌛ Esperando mudança visual...
2026-06-27 19:56:59,637 - INFO - ✅ Tela carregada!
2026-06-27 19:57:03,638 - INFO - 
=== rotina desbloquear_os ===
2026-06-27 19:57:10,090 - INFO - ⌛ Aguardando janela de confirmação de desbloqueio...
2026-06-27 19:57:25,471 - INFO - 🟨 Registros desbloqueados com sucesso
2026-06-27 19:57:29,574 - INFO - 
=== rotina editar_os ===
2026-06-27 19:57:38,986 - INFO - ⌛ Aguardando janela de edição de OS...
2026-06-27 19:57:54,421 - INFO - 🟨 OS programadas detectadas
2026-06-27 19:57:57,529 - INFO - ⌛ Aguardando janela de edição de OS...
2026-06-27 19:58:12,987 - INFO - 🟨 Janela de edição de OS detectada
2026-06-27 19:58:34,339 - INFO - 🟨 Janela de edição de habilidade da turma detectada
2026-06-27 19:59:52,645 - INFO - ⌛ Aguardando detecção do campo de caracteristica 'EQUIPE PRÓPRIA OU EPS' ...
2026-06-27 20:00:12,015 - INFO - 🟨 campo de caracteristica 'EQUIPE PRÓPRIA OU EPS detectado
2026-06-27 20:00:33,783 - INFO - ⌛ Aguardando confirmação 4 - editar OS...
2026-06-27 20:00:33,783 - INFO - 🟨 verificando algum erro de impedimento do lote
2026-06-27 20:00:54,250 - INFO - ⌛ Aguardando confirmação 4 - editar OS...
2026-06-27 20:00:54,250 - INFO - 🟨 verificando algum erro de impedimento do lote
2026-06-27 20:01:14,788 - INFO - 🟨 Janela de confirmação 4 de edição de OS detectada
2026-06-27 20:01:18,891 - INFO - 
=== rotina programar_os ===
2026-06-27 20:01:45,399 - INFO - ⌛ Aguardando janela de confirmação de programação de OS...
2026-06-27 20:02:10,816 - INFO - 🟨 Janela de confirmação de programação de OS detectada
2026-06-27 20:02:24,068 - INFO - 🟨 Janela de aviso de edição de OS programadas detectada
2026-06-27 20:02:31,272 - INFO - ⌛ aguardando janela de programação de lote de OS...
2026-06-27 20:02:56,770 - INFO - 🟨 Janela de aviso de substituição de lote de OS detectada
2026-06-27 20:03:16,872 - INFO - ⌛ aguardando janela de programação de lote de OS...
2026-06-27 20:03:42,350 - INFO - 🟨 Janela de programação de lote de OS detectada
2026-06-27 20:04:31,876 - INFO - 🟨 Janela de confirmação de programação de lote de OS detectada
2026-06-27 20:04:36,089 - INFO - ⌛ aguardando confirmação final de programação do lote
2026-06-27 20:05:01,564 - INFO - 🟨 programação do lote 31 efetuado com sucesso
2026-06-27 20:05:11,667 - INFO - 
=== Iniciando lote 32/61 [LM] ===
2026-06-27 20:05:11,668 - INFO - 
=== abrir_janela_selecao ===
2026-06-27 20:05:17,974 - INFO - 
=== rotina abrir_selecao_colar_os ===
2026-06-27 20:05:18,031 - INFO - Janela de seleção aberta
2026-06-27 20:05:22,266 - INFO - DEBUG: idx=31, inicio=775, fim=800
2026-06-27 20:05:22,266 - INFO - ✅ 25 OS copiadas para a área de transferência.
2026-06-27 20:05:22,266 - INFO - 📋 Lote 32 copiado.
2026-06-27 20:05:30,595 - INFO - ⌛ Esperando mudança visual...
2026-06-27 20:05:31,612 - INFO - ⌛ Esperando mudança visual...
2026-06-27 20:05:32,626 - INFO - ⌛ Esperando mudança visual...
2026-06-27 20:05:33,640 - INFO - ⌛ Esperando mudança visual...
2026-06-27 20:05:34,657 - INFO - ⌛ Esperando mudança visual...
2026-06-27 20:05:35,674 - INFO - ⌛ Esperando mudança visual...
2026-06-27 20:05:36,687 - INFO - ⌛ Esperando mudança visual...
2026-06-27 20:05:37,705 - INFO - ⌛ Esperando mudança visual...
2026-06-27 20:05:38,721 - INFO - ⌛ Esperando mudança visual...
2026-06-27 20:05:39,733 - INFO - ⌛ Esperando mudança visual...
2026-06-27 20:05:40,752 - INFO - ✅ Tela carregada!
2026-06-27 20:05:44,754 - INFO - 
=== rotina desbloquear_os ===
2026-06-27 20:05:51,215 - INFO - ⌛ Aguardando janela de confirmação de desbloqueio...
2026-06-27 20:06:06,590 - INFO - 🟨 Registros desbloqueados com sucesso
2026-06-27 20:06:10,694 - INFO - 
=== rotina editar_os ===
2026-06-27 20:06:20,110 - INFO - ⌛ Aguardando janela de edição de OS...
2026-06-27 20:06:35,545 - INFO - 🟨 OS programadas detectadas
2026-06-27 20:06:38,662 - INFO - ⌛ Aguardando janela de edição de OS...
2026-06-27 20:06:54,093 - INFO - 🟨 Janela de edição de OS detectada
2026-06-27 20:07:15,461 - INFO - 🟨 Janela de edição de habilidade da turma detectada
2026-06-27 20:08:33,744 - INFO - ⌛ Aguardando detecção do campo de caracteristica 'EQUIPE PRÓPRIA OU EPS' ...
2026-06-27 20:08:53,092 - INFO - 🟨 campo de caracteristica 'EQUIPE PRÓPRIA OU EPS detectado
2026-06-27 20:09:14,881 - INFO - ⌛ Aguardando confirmação 4 - editar OS...
2026-06-27 20:09:14,881 - INFO - 🟨 verificando algum erro de impedimento do lote
2026-06-27 20:09:35,388 - INFO - ⌛ Aguardando confirmação 4 - editar OS...
2026-06-27 20:09:35,388 - INFO - 🟨 verificando algum erro de impedimento do lote
2026-06-27 20:09:55,910 - INFO - 🟨 Janela de confirmação 4 de edição de OS detectada
2026-06-27 20:10:00,013 - INFO - 
=== rotina programar_os ===
2026-06-27 20:10:26,526 - INFO - ⌛ Aguardando janela de confirmação de programação de OS...
2026-06-27 20:10:51,941 - INFO - 🟨 Janela de confirmação de programação de OS detectada
2026-06-27 20:11:05,199 - INFO - 🟨 Janela de aviso de edição de OS programadas detectada
2026-06-27 20:11:12,408 - INFO - ⌛ aguardando janela de programação de lote de OS...
2026-06-27 20:11:37,920 - INFO - 🟨 Janela de aviso de substituição de lote de OS detectada
2026-06-27 20:11:58,023 - INFO - ⌛ aguardando janela de programação de lote de OS...
2026-06-27 20:12:23,484 - INFO - 🟨 Janela de programação de lote de OS detectada
2026-06-27 20:13:12,985 - INFO - 🟨 Janela de confirmação de programação de lote de OS detectada
2026-06-27 20:13:17,224 - INFO - ⌛ aguardando confirmação final de programação do lote
2026-06-27 20:13:42,681 - INFO - 🟨 programação do lote 32 efetuado com sucesso
2026-06-27 20:13:52,784 - INFO - 
=== Iniciando lote 33/61 [LM] ===
2026-06-27 20:13:52,784 - INFO - 
=== abrir_janela_selecao ===
2026-06-27 20:13:59,090 - INFO - 
=== rotina abrir_selecao_colar_os ===
2026-06-27 20:13:59,140 - INFO - Janela de seleção aberta
2026-06-27 20:14:03,369 - INFO - DEBUG: idx=32, inicio=800, fim=825
2026-06-27 20:14:03,369 - INFO - ✅ 25 OS copiadas para a área de transferência.
2026-06-27 20:14:03,369 - INFO - 📋 Lote 33 copiado.
2026-06-27 20:14:11,694 - INFO - ⌛ Esperando mudança visual...
2026-06-27 20:14:12,713 - INFO - ⌛ Esperando mudança visual...
2026-06-27 20:14:13,729 - INFO - ⌛ Esperando mudança visual...
2026-06-27 20:14:14,741 - INFO - ⌛ Esperando mudança visual...
2026-06-27 20:14:15,760 - INFO - ⌛ Esperando mudança visual...
2026-06-27 20:14:16,776 - INFO - ⌛ Esperando mudança visual...
2026-06-27 20:14:17,788 - INFO - ⌛ Esperando mudança visual...
2026-06-27 20:14:18,807 - INFO - ⌛ Esperando mudança visual...
2026-06-27 20:14:19,823 - INFO - ⌛ Esperando mudança visual...
2026-06-27 20:14:20,835 - INFO - ✅ Tela carregada!
2026-06-27 20:14:24,842 - INFO - 
=== rotina desbloquear_os ===
2026-06-27 20:14:31,322 - INFO - ⌛ Aguardando janela de confirmação de desbloqueio...
2026-06-27 20:14:46,757 - INFO - 🟨 Registros desbloqueados com sucesso
2026-06-27 20:14:50,860 - INFO - 
=== rotina editar_os ===
2026-06-27 20:15:00,272 - INFO - ⌛ Aguardando janela de edição de OS...
2026-06-27 20:15:15,682 - INFO - 🟨 Janela de edição de OS detectada
2026-06-27 20:15:37,043 - INFO - 🟨 Janela de edição de habilidade da turma detectada
2026-06-27 20:16:55,371 - INFO - ⌛ Aguardando detecção do campo de caracteristica 'EQUIPE PRÓPRIA OU EPS' ...
2026-06-27 20:17:14,722 - INFO - 🟨 campo de caracteristica 'EQUIPE PRÓPRIA OU EPS detectado
2026-06-27 20:17:36,485 - INFO - ⌛ Aguardando confirmação 4 - editar OS...
2026-06-27 20:17:36,485 - INFO - 🟨 verificando algum erro de impedimento do lote
2026-06-27 20:17:56,939 - INFO - ⌛ Aguardando confirmação 4 - editar OS...
2026-06-27 20:17:56,939 - INFO - 🟨 verificando algum erro de impedimento do lote
2026-06-27 20:18:17,428 - INFO - 🟨 Janela de confirmação 4 de edição de OS detectada
2026-06-27 20:18:21,530 - INFO - 
=== rotina programar_os ===
2026-06-27 20:18:48,039 - INFO - ⌛ Aguardando janela de confirmação de programação de OS...
2026-06-27 20:19:13,477 - INFO - 🟨 Janela de confirmação de programação de OS detectada
2026-06-27 20:19:26,725 - INFO - ⌛ aguardando janela de programação de lote de OS...
2026-06-27 20:19:52,197 - INFO - 🟨 Janela de programação de lote de OS detectada
2026-06-27 20:20:41,698 - INFO - 🟨 Janela de confirmação de programação de lote de OS detectada
2026-06-27 20:20:45,889 - INFO - ⌛ aguardando confirmação final de programação do lote
2026-06-27 20:21:11,335 - INFO - 🟨 programação do lote 33 efetuado com sucesso
2026-06-27 20:21:21,447 - INFO - 
=== Iniciando lote 34/61 [LM] ===
2026-06-27 20:21:21,447 - INFO - 
=== abrir_janela_selecao ===
2026-06-27 20:21:27,752 - INFO - 
=== rotina abrir_selecao_colar_os ===
2026-06-27 20:21:27,808 - INFO - Janela de seleção aberta
2026-06-27 20:21:32,027 - INFO - DEBUG: idx=33, inicio=825, fim=850
2026-06-27 20:21:32,027 - INFO - ✅ 25 OS copiadas para a área de transferência.
2026-06-27 20:21:32,027 - INFO - 📋 Lote 34 copiado.
2026-06-27 20:21:40,369 - INFO - ⌛ Esperando mudança visual...
2026-06-27 20:21:41,384 - INFO - ⌛ Esperando mudança visual...
2026-06-27 20:21:42,403 - INFO - ⌛ Esperando mudança visual...
2026-06-27 20:21:43,416 - INFO - ⌛ Esperando mudança visual...
2026-06-27 20:21:44,432 - INFO - ⌛ Esperando mudança visual...
2026-06-27 20:21:45,450 - INFO - ⌛ Esperando mudança visual...
2026-06-27 20:21:46,466 - INFO - ⌛ Esperando mudança visual...
2026-06-27 20:21:47,481 - INFO - ⌛ Esperando mudança visual...
2026-06-27 20:21:48,498 - INFO - ⌛ Esperando mudança visual...
2026-06-27 20:21:49,515 - INFO - ✅ Tela carregada!
2026-06-27 20:21:53,516 - INFO - 
=== rotina desbloquear_os ===
2026-06-27 20:21:59,979 - INFO - ⌛ Aguardando janela de confirmação de desbloqueio...
2026-06-27 20:22:15,381 - INFO - 🟨 Registros desbloqueados com sucesso
2026-06-27 20:22:19,485 - INFO - 
=== rotina editar_os ===
2026-06-27 20:22:28,888 - INFO - ⌛ Aguardando janela de edição de OS...
2026-06-27 20:22:44,314 - INFO - 🟨 Janela de edição de OS detectada
2026-06-27 20:23:05,677 - INFO - 🟨 Janela de edição de habilidade da turma detectada
2026-06-27 20:24:23,982 - INFO - ⌛ Aguardando detecção do campo de caracteristica 'EQUIPE PRÓPRIA OU EPS' ...
2026-06-27 20:24:43,331 - INFO - 🟨 campo de caracteristica 'EQUIPE PRÓPRIA OU EPS detectado
2026-06-27 20:25:05,106 - INFO - ⌛ Aguardando confirmação 4 - editar OS...
2026-06-27 20:25:05,106 - INFO - 🟨 verificando algum erro de impedimento do lote
2026-06-27 20:25:25,581 - INFO - ⌛ Aguardando confirmação 4 - editar OS...
2026-06-27 20:25:25,581 - INFO - 🟨 verificando algum erro de impedimento do lote
2026-06-27 20:25:46,070 - INFO - 🟨 Janela de confirmação 4 de edição de OS detectada
2026-06-27 20:25:50,172 - INFO - 
=== rotina programar_os ===
2026-06-27 20:26:16,719 - INFO - ⌛ Aguardando janela de confirmação de programação de OS...
2026-06-27 20:26:42,180 - INFO - 🟨 Janela de confirmação de programação de OS detectada
2026-06-27 20:26:55,426 - INFO - ⌛ aguardando janela de programação de lote de OS...
2026-06-27 20:27:20,939 - INFO - 🟨 Janela de programação de lote de OS detectada
2026-06-27 20:28:10,437 - INFO - 🟨 Janela de confirmação de programação de lote de OS detectada
2026-06-27 20:28:14,673 - INFO - ⌛ aguardando confirmação final de programação do lote
2026-06-27 20:28:40,132 - INFO - 🟨 programação do lote 34 efetuado com sucesso
2026-06-27 20:28:50,235 - INFO - 
=== Iniciando lote 35/61 [LM] ===
2026-06-27 20:28:50,235 - INFO - 
=== abrir_janela_selecao ===
2026-06-27 20:28:56,543 - INFO - 
=== rotina abrir_selecao_colar_os ===
2026-06-27 20:28:56,598 - INFO - Janela de seleção aberta
2026-06-27 20:29:00,818 - INFO - DEBUG: idx=34, inicio=850, fim=875
2026-06-27 20:29:00,818 - INFO - ✅ 25 OS copiadas para a área de transferência.
2026-06-27 20:29:00,818 - INFO - 📋 Lote 35 copiado.
2026-06-27 20:29:09,147 - INFO - ⌛ Esperando mudança visual...
2026-06-27 20:29:10,163 - INFO - ⌛ Esperando mudança visual...
2026-06-27 20:29:11,176 - INFO - ⌛ Esperando mudança visual...
2026-06-27 20:29:12,195 - INFO - ⌛ Esperando mudança visual...
2026-06-27 20:29:13,210 - INFO - ⌛ Esperando mudança visual...
2026-06-27 20:29:14,226 - INFO - ⌛ Esperando mudança visual...
2026-06-27 20:29:15,238 - INFO - ⌛ Esperando mudança visual...
2026-06-27 20:29:16,257 - INFO - ⌛ Esperando mudança visual...
2026-06-27 20:29:17,273 - INFO - ⌛ Esperando mudança visual...
2026-06-27 20:29:18,285 - INFO - ✅ Tela carregada!
2026-06-27 20:29:22,292 - INFO - 
=== rotina desbloquear_os ===
2026-06-27 20:29:28,762 - INFO - ⌛ Aguardando janela de confirmação de desbloqueio...
2026-06-27 20:29:44,160 - INFO - 🟨 Registros desbloqueados com sucesso
2026-06-27 20:29:48,263 - INFO - 
=== rotina editar_os ===
2026-06-27 20:29:57,673 - INFO - ⌛ Aguardando janela de edição de OS...
2026-06-27 20:30:13,107 - INFO - 🟨 OS programadas detectadas
2026-06-27 20:30:16,209 - INFO - ⌛ Aguardando janela de edição de OS...
2026-06-27 20:30:31,630 - INFO - 🟨 Janela de edição de OS detectada
2026-06-27 20:30:53,017 - INFO - 🟨 Janela de edição de habilidade da turma detectada
2026-06-27 20:32:11,307 - INFO - ⌛ Aguardando detecção do campo de caracteristica 'EQUIPE PRÓPRIA OU EPS' ...
2026-06-27 20:32:30,668 - INFO - 🟨 campo de caracteristica 'EQUIPE PRÓPRIA OU EPS detectado
2026-06-27 20:32:52,423 - INFO - ⌛ Aguardando confirmação 4 - editar OS...
2026-06-27 20:32:52,423 - INFO - 🟨 verificando algum erro de impedimento do lote
2026-06-27 20:33:12,934 - INFO - ⌛ Aguardando confirmação 4 - editar OS...
2026-06-27 20:33:12,935 - INFO - 🟨 verificando algum erro de impedimento do lote
2026-06-27 20:33:33,409 - INFO - 🟨 Janela de confirmação 4 de edição de OS detectada
2026-06-27 20:33:37,511 - INFO - 
=== rotina programar_os ===
2026-06-27 20:34:04,029 - INFO - ⌛ Aguardando janela de confirmação de programação de OS...
2026-06-27 20:34:29,451 - INFO - 🟨 Janela de confirmação de programação de OS detectada
2026-06-27 20:34:42,704 - INFO - 🟨 Janela de aviso de edição de OS programadas detectada
2026-06-27 20:34:49,909 - INFO - ⌛ aguardando janela de programação de lote de OS...
2026-06-27 20:35:15,404 - INFO - 🟨 Janela de aviso de substituição de lote de OS detectada
2026-06-27 20:35:35,506 - INFO - ⌛ aguardando janela de programação de lote de OS...
2026-06-27 20:36:01,033 - INFO - 🟨 Janela de programação de lote de OS detectada
2026-06-27 20:36:50,530 - INFO - 🟨 Janela de confirmação de programação de lote de OS detectada
2026-06-27 20:36:54,732 - INFO - ⌛ aguardando confirmação final de programação do lote
2026-06-27 20:37:20,198 - INFO - 🟨 programação do lote 35 efetuado com sucesso
2026-06-27 20:37:30,301 - INFO - 
=== Iniciando lote 36/61 [LM] ===
2026-06-27 20:37:30,301 - INFO - 
=== abrir_janela_selecao ===
2026-06-27 20:37:36,607 - INFO - 
=== rotina abrir_selecao_colar_os ===
2026-06-27 20:37:36,665 - INFO - Janela de seleção aberta
2026-06-27 20:37:40,887 - INFO - DEBUG: idx=35, inicio=875, fim=900
2026-06-27 20:37:40,887 - INFO - ✅ 25 OS copiadas para a área de transferência.
2026-06-27 20:37:40,887 - INFO - 📋 Lote 36 copiado.
2026-06-27 20:37:49,214 - INFO - ⌛ Esperando mudança visual...
2026-06-27 20:37:50,226 - INFO - ⌛ Esperando mudança visual...
2026-06-27 20:37:51,246 - INFO - ⌛ Esperando mudança visual...
2026-06-27 20:37:52,260 - INFO - ⌛ Esperando mudança visual...
2026-06-27 20:37:53,273 - INFO - ⌛ Esperando mudança visual...
2026-06-27 20:37:54,292 - INFO - ⌛ Esperando mudança visual...
2026-06-27 20:37:55,308 - INFO - ⌛ Esperando mudança visual...
2026-06-27 20:37:56,321 - INFO - ⌛ Esperando mudança visual...
2026-06-27 20:37:57,339 - INFO - ⌛ Esperando mudança visual...
2026-06-27 20:37:58,355 - INFO - ✅ Tela carregada!
2026-06-27 20:38:02,357 - INFO - 
=== rotina desbloquear_os ===
2026-06-27 20:38:08,818 - INFO - ⌛ Aguardando janela de confirmação de desbloqueio...
2026-06-27 20:38:24,189 - INFO - 🟨 Registros desbloqueados com sucesso
2026-06-27 20:38:28,294 - INFO - 
=== rotina editar_os ===
2026-06-27 20:38:37,705 - INFO - ⌛ Aguardando janela de edição de OS...
2026-06-27 20:38:53,122 - INFO - 🟨 Janela de edição de OS detectada
2026-06-27 20:39:14,476 - INFO - 🟨 Janela de edição de habilidade da turma detectada
2026-06-27 20:40:32,765 - INFO - ⌛ Aguardando detecção do campo de caracteristica 'EQUIPE PRÓPRIA OU EPS' ...
2026-06-27 20:40:52,120 - INFO - 🟨 campo de caracteristica 'EQUIPE PRÓPRIA OU EPS detectado
2026-06-27 20:41:13,900 - INFO - ⌛ Aguardando confirmação 4 - editar OS...
2026-06-27 20:41:13,902 - INFO - 🟨 verificando algum erro de impedimento do lote
2026-06-27 20:41:34,466 - INFO - ⌛ Aguardando confirmação 4 - editar OS...
2026-06-27 20:41:34,466 - INFO - 🟨 verificando algum erro de impedimento do lote
2026-06-27 20:41:54,961 - INFO - 🟨 Janela de confirmação 4 de edição de OS detectada
2026-06-27 20:41:59,063 - INFO - 
=== rotina programar_os ===
2026-06-27 20:42:25,597 - INFO - ⌛ Aguardando janela de confirmação de programação de OS...
2026-06-27 20:42:51,053 - INFO - 🟨 Janela de confirmação de programação de OS detectada
2026-06-27 20:43:04,307 - INFO - ⌛ aguardando janela de programação de lote de OS...
2026-06-27 20:43:29,774 - INFO - 🟨 Janela de programação de lote de OS detectada
2026-06-27 20:44:19,275 - INFO - 🟨 Janela de confirmação de programação de lote de OS detectada
2026-06-27 20:44:23,470 - INFO - ⌛ aguardando confirmação final de programação do lote
2026-06-27 20:44:48,923 - INFO - 🟨 programação do lote 36 efetuado com sucesso
2026-06-27 20:44:59,027 - INFO - 
=== Iniciando lote 37/61 [LM] ===
2026-06-27 20:44:59,027 - INFO - 
=== abrir_janela_selecao ===
2026-06-27 20:45:05,334 - INFO - 
=== rotina abrir_selecao_colar_os ===
2026-06-27 20:45:05,380 - INFO - Janela de seleção aberta
2026-06-27 20:45:09,606 - INFO - DEBUG: idx=36, inicio=900, fim=925
2026-06-27 20:45:09,606 - INFO - ✅ 25 OS copiadas para a área de transferência.
2026-06-27 20:45:09,606 - INFO - 📋 Lote 37 copiado.
2026-06-27 20:45:17,937 - INFO - ⌛ Esperando mudança visual...
2026-06-27 20:45:18,952 - INFO - ⌛ Esperando mudança visual...
2026-06-27 20:45:19,965 - INFO - ⌛ Esperando mudança visual...
2026-06-27 20:45:20,984 - INFO - ⌛ Esperando mudança visual...
2026-06-27 20:45:21,999 - INFO - ⌛ Esperando mudança visual...
2026-06-27 20:45:23,012 - INFO - ⌛ Esperando mudança visual...
2026-06-27 20:45:24,027 - INFO - ⌛ Esperando mudança visual...
2026-06-27 20:45:25,046 - INFO - ⌛ Esperando mudança visual...
2026-06-27 20:45:26,062 - INFO - ⌛ Esperando mudança visual...
2026-06-27 20:45:27,074 - INFO - ✅ Tela carregada!
2026-06-27 20:45:31,082 - INFO - 
=== rotina desbloquear_os ===
2026-06-27 20:45:37,544 - INFO - ⌛ Aguardando janela de confirmação de desbloqueio...
2026-06-27 20:45:52,924 - INFO - 🟨 Registros desbloqueados com sucesso
2026-06-27 20:45:57,030 - INFO - 
=== rotina editar_os ===
2026-06-27 20:46:06,441 - INFO - ⌛ Aguardando janela de edição de OS...
2026-06-27 20:46:21,875 - INFO - 🟨 Janela de edição de OS detectada
2026-06-27 20:46:43,241 - INFO - 🟨 Janela de edição de habilidade da turma detectada
2026-06-27 20:48:01,522 - INFO - ⌛ Aguardando detecção do campo de caracteristica 'EQUIPE PRÓPRIA OU EPS' ...
2026-06-27 20:48:20,898 - INFO - 🟨 campo de caracteristica 'EQUIPE PRÓPRIA OU EPS detectado
2026-06-27 20:48:42,659 - INFO - ⌛ Aguardando confirmação 4 - editar OS...
2026-06-27 20:48:42,659 - INFO - 🟨 verificando algum erro de impedimento do lote
2026-06-27 20:49:03,158 - INFO - ⌛ Aguardando confirmação 4 - editar OS...
2026-06-27 20:49:03,158 - INFO - 🟨 verificando algum erro de impedimento do lote
2026-06-27 20:49:23,625 - INFO - 🟨 Janela de confirmação 4 de edição de OS detectada
2026-06-27 20:49:27,737 - INFO - 
=== rotina programar_os ===
2026-06-27 20:49:54,253 - INFO - ⌛ Aguardando janela de confirmação de programação de OS...
2026-06-27 20:50:19,662 - INFO - 🟨 Janela de confirmação de programação de OS detectada
2026-06-27 20:50:32,915 - INFO - ⌛ aguardando janela de programação de lote de OS...
2026-06-27 20:50:58,389 - INFO - 🟨 Janela de programação de lote de OS detectada
2026-06-27 20:51:47,891 - INFO - 🟨 Janela de confirmação de programação de lote de OS detectada
2026-06-27 20:51:52,087 - INFO - ⌛ aguardando confirmação final de programação do lote
2026-06-27 20:52:17,528 - INFO - 🟨 programação do lote 37 efetuado com sucesso
2026-06-27 20:52:27,635 - INFO - 
=== Iniciando lote 38/61 [LM] ===
2026-06-27 20:52:27,636 - INFO - 
=== abrir_janela_selecao ===
2026-06-27 20:52:33,942 - INFO - 
=== rotina abrir_selecao_colar_os ===
2026-06-27 20:52:33,988 - INFO - Janela de seleção aberta
2026-06-27 20:52:38,215 - INFO - DEBUG: idx=37, inicio=925, fim=950
2026-06-27 20:52:38,216 - INFO - ✅ 25 OS copiadas para a área de transferência.
2026-06-27 20:52:38,216 - INFO - 📋 Lote 38 copiado.
2026-06-27 20:52:46,544 - INFO - ⌛ Esperando mudança visual...
2026-06-27 20:52:47,560 - INFO - ⌛ Esperando mudança visual...
2026-06-27 20:52:48,572 - INFO - ⌛ Esperando mudança visual...
2026-06-27 20:52:49,591 - INFO - ⌛ Esperando mudança visual...
2026-06-27 20:52:50,607 - INFO - ⌛ Esperando mudança visual...
2026-06-27 20:52:51,620 - INFO - ⌛ Esperando mudança visual...
2026-06-27 20:52:52,639 - INFO - ⌛ Esperando mudança visual...
2026-06-27 20:52:53,655 - INFO - ⌛ Esperando mudança visual...
2026-06-27 20:52:54,667 - INFO - ⌛ Esperando mudança visual...
2026-06-27 20:52:55,686 - INFO - ✅ Tela carregada!
2026-06-27 20:52:59,687 - INFO - 
=== rotina desbloquear_os ===
2026-06-27 20:53:06,149 - INFO - ⌛ Aguardando janela de confirmação de desbloqueio...
2026-06-27 20:53:21,534 - INFO - 🟨 Registros desbloqueados com sucesso
2026-06-27 20:53:25,638 - INFO - 
=== rotina editar_os ===
2026-06-27 20:53:35,052 - INFO - ⌛ Aguardando janela de edição de OS...
2026-06-27 20:53:50,462 - INFO - 🟨 OS programadas detectadas
2026-06-27 20:53:53,574 - INFO - ⌛ Aguardando janela de edição de OS...
2026-06-27 20:54:09,002 - INFO - 🟨 Janela de edição de OS detectada
2026-06-27 20:54:30,364 - INFO - 🟨 Janela de edição de habilidade da turma detectada
2026-06-27 20:55:48,653 - INFO - ⌛ Aguardando detecção do campo de caracteristica 'EQUIPE PRÓPRIA OU EPS' ...
2026-06-27 20:56:07,993 - INFO - 🟨 campo de caracteristica 'EQUIPE PRÓPRIA OU EPS detectado
2026-06-27 20:56:29,768 - INFO - ⌛ Aguardando confirmação 4 - editar OS...
2026-06-27 20:56:29,768 - INFO - 🟨 verificando algum erro de impedimento do lote
2026-06-27 20:56:50,268 - INFO - ⌛ Aguardando confirmação 4 - editar OS...
2026-06-27 20:56:50,268 - INFO - 🟨 verificando algum erro de impedimento do lote
2026-06-27 20:57:10,758 - INFO - 🟨 Janela de confirmação 4 de edição de OS detectada
2026-06-27 20:57:14,861 - INFO - 
=== rotina programar_os ===
2026-06-27 20:57:41,387 - INFO - ⌛ Aguardando janela de confirmação de programação de OS...
2026-06-27 20:58:06,814 - INFO - 🟨 Janela de confirmação de programação de OS detectada
2026-06-27 20:58:20,063 - INFO - 🟨 Janela de aviso de edição de OS programadas detectada
2026-06-27 20:58:27,275 - INFO - ⌛ aguardando janela de programação de lote de OS...
2026-06-27 20:58:52,773 - INFO - 🟨 Janela de aviso de substituição de lote de OS detectada
2026-06-27 20:59:12,876 - INFO - ⌛ aguardando janela de programação de lote de OS...
2026-06-27 20:59:38,369 - INFO - 🟨 Janela de programação de lote de OS detectada
2026-06-27 21:00:27,871 - INFO - 🟨 Janela de confirmação de programação de lote de OS detectada
2026-06-27 21:00:32,066 - INFO - ⌛ aguardando confirmação final de programação do lote
2026-06-27 21:00:57,513 - INFO - 🟨 programação do lote 38 efetuado com sucesso
2026-06-27 21:01:07,621 - INFO - 
=== Iniciando lote 39/61 [LM] ===
2026-06-27 21:01:07,621 - INFO - 
=== abrir_janela_selecao ===
2026-06-27 21:01:13,928 - INFO - 
=== rotina abrir_selecao_colar_os ===
2026-06-27 21:01:13,986 - INFO - Janela de seleção aberta
2026-06-27 21:01:18,204 - INFO - DEBUG: idx=38, inicio=950, fim=975
2026-06-27 21:01:18,204 - INFO - ✅ 25 OS copiadas para a área de transferência.
2026-06-27 21:01:18,205 - INFO - 📋 Lote 39 copiado.
2026-06-27 21:01:26,533 - INFO - ⌛ Esperando mudança visual...
2026-06-27 21:01:27,550 - INFO - ⌛ Esperando mudança visual...
2026-06-27 21:01:28,561 - INFO - ⌛ Esperando mudança visual...
2026-06-27 21:01:29,581 - INFO - ⌛ Esperando mudança visual...
2026-06-27 21:01:30,595 - INFO - ⌛ Esperando mudança visual...
2026-06-27 21:01:31,608 - INFO - ⌛ Esperando mudança visual...
2026-06-27 21:01:32,628 - INFO - ⌛ Esperando mudança visual...
2026-06-27 21:01:33,643 - INFO - ⌛ Esperando mudança visual...
2026-06-27 21:01:34,658 - INFO - ⌛ Esperando mudança visual...
2026-06-27 21:01:35,674 - INFO - ✅ Tela carregada!
2026-06-27 21:01:39,676 - INFO - 
=== rotina desbloquear_os ===
2026-06-27 21:01:46,142 - INFO - ⌛ Aguardando janela de confirmação de desbloqueio...
2026-06-27 21:02:01,512 - INFO - 🟨 Registros desbloqueados com sucesso
2026-06-27 21:02:05,631 - INFO - 
=== rotina editar_os ===
2026-06-27 21:02:15,057 - INFO - ⌛ Aguardando janela de edição de OS...
2026-06-27 21:02:30,467 - INFO - 🟨 OS programadas detectadas
2026-06-27 21:02:33,579 - INFO - ⌛ Aguardando janela de edição de OS...
2026-06-27 21:02:48,990 - INFO - 🟨 Janela de edição de OS detectada
2026-06-27 21:03:10,350 - INFO - 🟨 Janela de edição de habilidade da turma detectada
2026-06-27 21:04:28,658 - INFO - ⌛ Aguardando detecção do campo de caracteristica 'EQUIPE PRÓPRIA OU EPS' ...
2026-06-27 21:04:48,010 - INFO - 🟨 campo de caracteristica 'EQUIPE PRÓPRIA OU EPS detectado
2026-06-27 21:05:09,787 - INFO - ⌛ Aguardando confirmação 4 - editar OS...
2026-06-27 21:05:09,788 - INFO - 🟨 verificando algum erro de impedimento do lote
2026-06-27 21:05:30,284 - INFO - ⌛ Aguardando confirmação 4 - editar OS...
2026-06-27 21:05:30,284 - INFO - 🟨 verificando algum erro de impedimento do lote
2026-06-27 21:05:50,770 - INFO - 🟨 Janela de confirmação 4 de edição de OS detectada
2026-06-27 21:05:54,883 - INFO - 
=== rotina programar_os ===
2026-06-27 21:06:21,399 - INFO - ⌛ Aguardando janela de confirmação de programação de OS...
2026-06-27 21:06:46,808 - INFO - 🟨 Janela de confirmação de programação de OS detectada
2026-06-27 21:07:00,060 - INFO - 🟨 Janela de aviso de edição de OS programadas detectada
2026-06-27 21:07:07,269 - INFO - ⌛ aguardando janela de programação de lote de OS...
2026-06-27 21:07:32,761 - INFO - 🟨 Janela de aviso de substituição de lote de OS detectada
2026-06-27 21:07:52,864 - INFO - ⌛ aguardando janela de programação de lote de OS...
2026-06-27 21:08:18,349 - INFO - ⌛ aguardando janela de programação de lote de OS...
2026-06-27 21:08:18,558 - INFO - 🟨 Identificado falha no EQM
2026-06-27 21:08:18,558 - INFO - Capturando print...
2026-06-27 21:09:04,127 - INFO - ⌛ Aguardando janela de confirmação de programação de OS...
2026-06-27 21:09:29,547 - INFO - 🟨 Janela de confirmação de programação de OS detectada
2026-06-27 21:09:42,800 - INFO - 🟨 Janela de aviso de edição de OS programadas detectada
2026-06-27 21:09:50,004 - INFO - ⌛ aguardando janela de programação de lote de OS...
2026-06-27 21:10:15,506 - INFO - 🟨 Janela de aviso de substituição de lote de OS detectada
2026-06-27 21:10:35,609 - INFO - ⌛ aguardando janela de programação de lote de OS...
2026-06-27 21:11:01,165 - INFO - 🟨 Janela de programação de lote de OS detectada
2026-06-27 21:11:50,659 - INFO - 🟨 Janela de confirmação de programação de lote de OS detectada
2026-06-27 21:11:54,859 - INFO - ⌛ aguardando confirmação final de programação do lote
2026-06-27 21:12:20,299 - INFO - ⌛ aguardando confirmação final de programação do lote
2026-06-27 21:12:45,737 - INFO - 🟨 programação do lote 39 efetuado com sucesso
2026-06-27 21:12:55,841 - INFO - 
=== Iniciando lote 40/61 [LM] ===
2026-06-27 21:12:55,841 - INFO - 
=== abrir_janela_selecao ===
2026-06-27 21:13:02,145 - INFO - 
=== rotina abrir_selecao_colar_os ===
2026-06-27 21:13:02,182 - INFO - Janela de seleção aberta
2026-06-27 21:13:06,427 - INFO - DEBUG: idx=39, inicio=975, fim=1000
2026-06-27 21:13:06,427 - INFO - ✅ 25 OS copiadas para a área de transferência.
2026-06-27 21:13:06,427 - INFO - 📋 Lote 40 copiado.
2026-06-27 21:13:14,755 - INFO - ⌛ Esperando mudança visual...
2026-06-27 21:13:15,769 - INFO - ⌛ Esperando mudança visual...
2026-06-27 21:13:16,785 - INFO - ⌛ Esperando mudança visual...
2026-06-27 21:13:17,801 - INFO - ⌛ Esperando mudança visual...
2026-06-27 21:13:18,814 - INFO - ⌛ Esperando mudança visual...
2026-06-27 21:13:19,833 - INFO - ⌛ Esperando mudança visual...
2026-06-27 21:13:20,845 - INFO - ⌛ Esperando mudança visual...
2026-06-27 21:13:21,861 - INFO - ⌛ Esperando mudança visual...
2026-06-27 21:13:22,879 - INFO - ⌛ Esperando mudança visual...
2026-06-27 21:13:23,895 - INFO - ⌛ Esperando mudança visual...
2026-06-27 21:13:24,908 - INFO - ⌛ Esperando mudança visual...
2026-06-27 21:13:25,927 - INFO - ✅ Tela carregada!
2026-06-27 21:13:29,929 - INFO - 
=== rotina desbloquear_os ===
2026-06-27 21:13:36,387 - INFO - ⌛ Aguardando janela de confirmação de desbloqueio...
2026-06-27 21:13:51,764 - INFO - ⌛ Aguardando janela de confirmação de desbloqueio...
2026-06-27 21:14:07,161 - INFO - 🟨 Registros desbloqueados com sucesso
2026-06-27 21:14:11,264 - INFO - 
=== rotina editar_os ===
2026-06-27 21:14:20,670 - INFO - ⌛ Aguardando janela de edição de OS...
2026-06-27 21:14:36,096 - INFO - 🟨 Janela de edição de OS detectada
2026-06-27 21:14:57,457 - INFO - 🟨 Janela de edição de habilidade da turma detectada
2026-06-27 21:16:15,756 - INFO - ⌛ Aguardando detecção do campo de caracteristica 'EQUIPE PRÓPRIA OU EPS' ...
2026-06-27 21:16:35,121 - INFO - 🟨 campo de caracteristica 'EQUIPE PRÓPRIA OU EPS detectado
2026-06-27 21:16:56,891 - INFO - ⌛ Aguardando confirmação 4 - editar OS...
2026-06-27 21:16:56,893 - INFO - 🟨 verificando algum erro de impedimento do lote
2026-06-27 21:17:17,358 - INFO - ⌛ Aguardando confirmação 4 - editar OS...
2026-06-27 21:17:17,358 - INFO - 🟨 verificando algum erro de impedimento do lote
2026-06-27 21:17:37,859 - INFO - ⌛ Aguardando confirmação 4 - editar OS...
2026-06-27 21:17:37,859 - INFO - 🟨 verificando algum erro de impedimento do lote
2026-06-27 21:17:58,332 - INFO - 🟨 Janela de confirmação 4 de edição de OS detectada
2026-06-27 21:18:02,434 - INFO - 
=== rotina programar_os ===
2026-06-27 21:18:28,954 - INFO - ⌛ Aguardando janela de confirmação de programação de OS...
2026-06-27 21:18:54,368 - INFO - 🟨 Janela de confirmação de programação de OS detectada
2026-06-27 21:19:07,643 - INFO - ⌛ aguardando janela de programação de lote de OS...
2026-06-27 21:19:33,113 - INFO - 🟨 Janela de programação de lote de OS detectada
2026-06-27 21:20:22,612 - INFO - 🟨 Janela de confirmação de programação de lote de OS detectada
2026-06-27 21:20:26,815 - INFO - ⌛ aguardando confirmação final de programação do lote
2026-06-27 21:20:52,245 - INFO - ⌛ aguardando confirmação final de programação do lote
2026-06-27 21:21:17,665 - INFO - 🟨 programação do lote 40 efetuado com sucesso
2026-06-27 21:21:27,773 - INFO - 
=== Iniciando lote 41/61 [LM] ===
2026-06-27 21:21:27,773 - INFO - 
=== abrir_janela_selecao ===
2026-06-27 21:21:34,080 - INFO - 
=== rotina abrir_selecao_colar_os ===
2026-06-27 21:21:34,136 - INFO - Janela de seleção aberta
2026-06-27 21:21:38,355 - INFO - DEBUG: idx=40, inicio=1000, fim=1025
2026-06-27 21:21:38,355 - INFO - ✅ 25 OS copiadas para a área de transferência.
2026-06-27 21:21:38,355 - INFO - 📋 Lote 41 copiado.
2026-06-27 21:21:46,686 - INFO - ⌛ Esperando mudança visual...
2026-06-27 21:21:47,700 - INFO - ⌛ Esperando mudança visual...
2026-06-27 21:21:48,713 - INFO - ⌛ Esperando mudança visual...
2026-06-27 21:21:49,730 - INFO - ⌛ Esperando mudança visual...
2026-06-27 21:21:50,748 - INFO - ⌛ Esperando mudança visual...
2026-06-27 21:21:51,760 - INFO - ⌛ Esperando mudança visual...
2026-06-27 21:21:52,779 - INFO - ⌛ Esperando mudança visual...
2026-06-27 21:21:53,795 - INFO - ⌛ Esperando mudança visual...
2026-06-27 21:21:54,807 - INFO - ⌛ Esperando mudança visual...
2026-06-27 21:21:55,827 - INFO - ⌛ Esperando mudança visual...
2026-06-27 21:21:56,842 - INFO - ✅ Tela carregada!
2026-06-27 21:22:00,844 - INFO - 
=== rotina desbloquear_os ===
2026-06-27 21:22:07,310 - INFO - ⌛ Aguardando janela de confirmação de desbloqueio...
2026-06-27 21:22:22,671 - INFO - ⌛ Aguardando janela de confirmação de desbloqueio...
2026-06-27 21:22:38,051 - INFO - 🟨 Registros desbloqueados com sucesso
2026-06-27 21:22:42,154 - INFO - 
=== rotina editar_os ===
2026-06-27 21:22:51,561 - INFO - ⌛ Aguardando janela de edição de OS...
2026-06-27 21:23:06,992 - INFO - 🟨 OS programadas detectadas
2026-06-27 21:23:10,099 - INFO - ⌛ Aguardando janela de edição de OS...
2026-06-27 21:23:25,547 - INFO - 🟨 Janela de edição de OS detectada
2026-06-27 21:23:46,905 - INFO - 🟨 Janela de edição de habilidade da turma detectada
2026-06-27 21:25:05,212 - INFO - ⌛ Aguardando detecção do campo de caracteristica 'EQUIPE PRÓPRIA OU EPS' ...
2026-06-27 21:25:24,559 - INFO - 🟨 campo de caracteristica 'EQUIPE PRÓPRIA OU EPS detectado
2026-06-27 21:25:46,318 - INFO - ⌛ Aguardando confirmação 4 - editar OS...
2026-06-27 21:25:46,318 - INFO - 🟨 verificando algum erro de impedimento do lote
2026-06-27 21:26:06,899 - INFO - ⌛ Aguardando confirmação 4 - editar OS...
2026-06-27 21:26:06,900 - INFO - 🟨 verificando algum erro de impedimento do lote
2026-06-27 21:26:27,383 - INFO - 🟨 Janela de confirmação 4 de edição de OS detectada
2026-06-27 21:26:31,486 - INFO - 
=== rotina programar_os ===
2026-06-27 21:26:58,004 - INFO - ⌛ Aguardando janela de confirmação de programação de OS...
2026-06-27 21:27:23,418 - INFO - 🟨 Janela de confirmação de programação de OS detectada
2026-06-27 21:27:36,680 - INFO - 🟨 Janela de aviso de edição de OS programadas detectada
2026-06-27 21:27:43,885 - INFO - ⌛ aguardando janela de programação de lote de OS...
2026-06-27 21:28:09,405 - INFO - 🟨 Janela de aviso de substituição de lote de OS detectada
2026-06-27 21:28:29,507 - INFO - ⌛ aguardando janela de programação de lote de OS...
2026-06-27 21:28:55,024 - INFO - 🟨 Janela de aviso de substituição de lote de OS detectada
2026-06-27 21:29:15,128 - INFO - ⌛ aguardando janela de programação de lote de OS...
2026-06-27 21:29:40,617 - INFO - 🟨 Janela de programação de lote de OS detectada
2026-06-27 21:30:30,119 - INFO - 🟨 Janela de confirmação de programação de lote de OS detectada
2026-06-27 21:30:34,356 - INFO - ⌛ aguardando confirmação final de programação do lote
2026-06-27 21:30:59,837 - INFO - 🟨 programação do lote 41 efetuado com sucesso
2026-06-27 21:31:09,941 - INFO - 
=== Iniciando lote 42/61 [LM] ===
2026-06-27 21:31:09,941 - INFO - 
=== abrir_janela_selecao ===
2026-06-27 21:31:16,246 - INFO - 
=== rotina abrir_selecao_colar_os ===
2026-06-27 21:31:16,311 - INFO - Janela de seleção aberta
2026-06-27 21:31:20,533 - INFO - DEBUG: idx=41, inicio=1025, fim=1050
2026-06-27 21:31:20,533 - INFO - ✅ 25 OS copiadas para a área de transferência.
2026-06-27 21:31:20,533 - INFO - 📋 Lote 42 copiado.
2026-06-27 21:31:28,861 - INFO - ⌛ Esperando mudança visual...
2026-06-27 21:31:29,878 - INFO - ⌛ Esperando mudança visual...
2026-06-27 21:31:30,895 - INFO - ⌛ Esperando mudança visual...
2026-06-27 21:31:31,908 - INFO - ⌛ Esperando mudança visual...
2026-06-27 21:31:32,927 - INFO - ⌛ Esperando mudança visual...
2026-06-27 21:31:33,944 - INFO - ⌛ Esperando mudança visual...
2026-06-27 21:31:34,956 - INFO - ⌛ Esperando mudança visual...
2026-06-27 21:31:35,971 - INFO - ⌛ Esperando mudança visual...
2026-06-27 21:31:36,988 - INFO - ⌛ Esperando mudança visual...
2026-06-27 21:31:38,004 - INFO - ✅ Tela carregada!
2026-06-27 21:31:42,005 - INFO - 
=== rotina desbloquear_os ===
2026-06-27 21:31:48,458 - INFO - ⌛ Aguardando janela de confirmação de desbloqueio...
2026-06-27 21:32:03,841 - INFO - ⌛ Aguardando janela de confirmação de desbloqueio...
2026-06-27 21:32:19,206 - INFO - 🟨 Registros desbloqueados com sucesso
2026-06-27 21:32:23,309 - INFO - 
=== rotina editar_os ===
2026-06-27 21:32:32,741 - INFO - ⌛ Aguardando janela de edição de OS...
2026-06-27 21:32:48,167 - INFO - 🟨 OS programadas detectadas
2026-06-27 21:32:51,283 - INFO - ⌛ Aguardando janela de edição de OS...
2026-06-27 21:33:06,720 - INFO - 🟨 Janela de edição de OS detectada
2026-06-27 21:33:28,098 - INFO - 🟨 Janela de edição de habilidade da turma detectada
2026-06-27 21:34:46,392 - INFO - ⌛ Aguardando detecção do campo de caracteristica 'EQUIPE PRÓPRIA OU EPS' ...
2026-06-27 21:35:05,756 - INFO - 🟨 campo de caracteristica 'EQUIPE PRÓPRIA OU EPS detectado
2026-06-27 21:35:27,554 - INFO - ⌛ Aguardando confirmação 4 - editar OS...
2026-06-27 21:35:27,554 - INFO - 🟨 verificando algum erro de impedimento do lote
2026-06-27 21:35:48,057 - INFO - ⌛ Aguardando confirmação 4 - editar OS...
2026-06-27 21:35:48,057 - INFO - 🟨 verificando algum erro de impedimento do lote
2026-06-27 21:36:08,518 - INFO - 🟨 Janela de confirmação 4 de edição de OS detectada
2026-06-27 21:36:12,632 - INFO - 
=== rotina programar_os ===
2026-06-27 21:36:39,157 - INFO - ⌛ Aguardando janela de confirmação de programação de OS...
2026-06-27 21:37:04,591 - INFO - 🟨 Janela de confirmação de programação de OS detectada
2026-06-27 21:37:17,843 - INFO - 🟨 Janela de aviso de edição de OS programadas detectada
2026-06-27 21:37:25,047 - INFO - ⌛ aguardando janela de programação de lote de OS...
2026-06-27 21:37:50,545 - INFO - 🟨 Janela de aviso de substituição de lote de OS detectada
2026-06-27 21:38:10,647 - INFO - ⌛ aguardando janela de programação de lote de OS...
2026-06-27 21:38:36,129 - INFO - 🟨 Janela de programação de lote de OS detectada
2026-06-27 21:39:25,603 - INFO - 🟨 Janela de confirmação de programação de lote de OS detectada
2026-06-27 21:39:29,798 - INFO - ⌛ aguardando confirmação final de programação do lote
2026-06-27 21:39:55,246 - INFO - 🟨 programação do lote 42 efetuado com sucesso
2026-06-27 21:40:05,350 - INFO - 
=== Iniciando lote 43/61 [LM] ===
2026-06-27 21:40:05,350 - INFO - 
=== abrir_janela_selecao ===
2026-06-27 21:40:11,657 - INFO - 
=== rotina abrir_selecao_colar_os ===
2026-06-27 21:40:11,704 - INFO - Janela de seleção aberta
2026-06-27 21:40:15,931 - INFO - DEBUG: idx=42, inicio=1050, fim=1075
2026-06-27 21:40:15,931 - INFO - ✅ 25 OS copiadas para a área de transferência.
2026-06-27 21:40:15,931 - INFO - 📋 Lote 43 copiado.
2026-06-27 21:40:24,255 - INFO - ⌛ Esperando mudança visual...
2026-06-27 21:40:25,274 - INFO - ⌛ Esperando mudança visual...
2026-06-27 21:40:26,286 - INFO - ⌛ Esperando mudança visual...
2026-06-27 21:40:27,302 - INFO - ⌛ Esperando mudança visual...
2026-06-27 21:40:28,321 - INFO - ⌛ Esperando mudança visual...
2026-06-27 21:40:29,336 - INFO - ⌛ Esperando mudança visual...
2026-06-27 21:40:30,351 - INFO - ⌛ Esperando mudança visual...
2026-06-27 21:40:31,368 - INFO - ⌛ Esperando mudança visual...
2026-06-27 21:40:32,382 - INFO - ⌛ Esperando mudança visual...
2026-06-27 21:40:33,395 - INFO - ✅ Tela carregada!
2026-06-27 21:40:37,402 - INFO - 
=== rotina desbloquear_os ===
2026-06-27 21:40:43,871 - INFO - ⌛ Aguardando janela de confirmação de desbloqueio...
2026-06-27 21:40:59,271 - INFO - 🟨 Registros desbloqueados com sucesso
2026-06-27 21:41:03,374 - INFO - 
=== rotina editar_os ===
2026-06-27 21:41:12,777 - INFO - ⌛ Aguardando janela de edição de OS...
2026-06-27 21:41:28,190 - INFO - 🟨 OS programadas detectadas
2026-06-27 21:41:31,298 - INFO - ⌛ Aguardando janela de edição de OS...
2026-06-27 21:41:46,758 - INFO - 🟨 Janela de edição de OS detectada
2026-06-27 21:42:08,116 - INFO - 🟨 Janela de edição de habilidade da turma detectada
2026-06-27 21:43:26,413 - INFO - ⌛ Aguardando detecção do campo de caracteristica 'EQUIPE PRÓPRIA OU EPS' ...
2026-06-27 21:43:45,761 - INFO - 🟨 campo de caracteristica 'EQUIPE PRÓPRIA OU EPS detectado
2026-06-27 21:44:07,513 - INFO - ⌛ Aguardando confirmação 4 - editar OS...
2026-06-27 21:44:07,513 - INFO - 🟨 verificando algum erro de impedimento do lote
2026-06-27 21:44:27,974 - INFO - ⌛ Aguardando confirmação 4 - editar OS...
2026-06-27 21:44:27,974 - INFO - 🟨 verificando algum erro de impedimento do lote
2026-06-27 21:44:48,469 - INFO - 🟨 Janela de confirmação 4 de edição de OS detectada
2026-06-27 21:44:52,584 - INFO - 
=== rotina programar_os ===
2026-06-27 21:45:19,096 - INFO - ⌛ Aguardando janela de confirmação de programação de OS...
2026-06-27 21:45:44,533 - INFO - 🟨 Janela de confirmação de programação de OS detectada
2026-06-27 21:45:57,788 - INFO - 🟨 Janela de aviso de edição de OS programadas detectada
2026-06-27 21:46:04,992 - INFO - ⌛ aguardando janela de programação de lote de OS...
2026-06-27 21:46:30,504 - INFO - 🟨 Janela de aviso de substituição de lote de OS detectada
2026-06-27 21:46:50,604 - INFO - ⌛ aguardando janela de programação de lote de OS...
2026-06-27 21:47:16,088 - INFO - 🟨 Janela de aviso de substituição de lote de OS detectada
2026-06-27 21:47:36,189 - INFO - ⌛ aguardando janela de programação de lote de OS...
2026-06-27 21:48:01,688 - INFO - 🟨 Janela de programação de lote de OS detectada
2026-06-27 21:48:51,189 - INFO - 🟨 Janela de confirmação de programação de lote de OS detectada
2026-06-27 21:48:55,401 - INFO - ⌛ aguardando confirmação final de programação do lote
2026-06-27 21:49:20,839 - INFO - 🟨 programação do lote 43 efetuado com sucesso
2026-06-27 21:49:30,943 - INFO - 
=== Iniciando lote 44/61 [LM] ===
2026-06-27 21:49:30,944 - INFO - 
=== abrir_janela_selecao ===
2026-06-27 21:49:37,249 - INFO - 
=== rotina abrir_selecao_colar_os ===
2026-06-27 21:49:37,300 - INFO - Janela de seleção aberta
2026-06-27 21:49:41,524 - INFO - DEBUG: idx=43, inicio=1075, fim=1100
2026-06-27 21:49:41,524 - INFO - ✅ 25 OS copiadas para a área de transferência.
2026-06-27 21:49:41,524 - INFO - 📋 Lote 44 copiado.
2026-06-27 21:49:49,852 - INFO - ⌛ Esperando mudança visual...
2026-06-27 21:49:50,869 - INFO - ⌛ Esperando mudança visual...
2026-06-27 21:49:51,885 - INFO - ⌛ Esperando mudança visual...
2026-06-27 21:49:52,898 - INFO - ⌛ Esperando mudança visual...
2026-06-27 21:49:53,916 - INFO - ⌛ Esperando mudança visual...
2026-06-27 21:49:54,932 - INFO - ⌛ Esperando mudança visual...
2026-06-27 21:49:55,945 - INFO - ⌛ Esperando mudança visual...
2026-06-27 21:49:56,964 - INFO - ⌛ Esperando mudança visual...
2026-06-27 21:49:57,978 - INFO - ⌛ Esperando mudança visual...
2026-06-27 21:49:58,993 - INFO - ✅ Tela carregada!
2026-06-27 21:50:02,996 - INFO - 
=== rotina desbloquear_os ===
2026-06-27 21:50:09,448 - INFO - ⌛ Aguardando janela de confirmação de desbloqueio...
2026-06-27 21:50:24,829 - INFO - 🟨 Registros desbloqueados com sucesso
2026-06-27 21:50:28,933 - INFO - 
=== rotina editar_os ===
2026-06-27 21:50:38,343 - INFO - ⌛ Aguardando janela de edição de OS...
2026-06-27 21:50:53,753 - INFO - 🟨 Janela de edição de OS detectada
2026-06-27 21:51:15,124 - INFO - 🟨 Janela de edição de habilidade da turma detectada
2026-06-27 21:52:33,423 - INFO - ⌛ Aguardando detecção do campo de caracteristica 'EQUIPE PRÓPRIA OU EPS' ...
2026-06-27 21:52:52,771 - INFO - 🟨 campo de caracteristica 'EQUIPE PRÓPRIA OU EPS detectado
2026-06-27 21:53:14,533 - INFO - ⌛ Aguardando confirmação 4 - editar OS...
2026-06-27 21:53:14,533 - INFO - 🟨 verificando algum erro de impedimento do lote
2026-06-27 21:53:35,019 - INFO - ⌛ Aguardando confirmação 4 - editar OS...
2026-06-27 21:53:35,019 - INFO - 🟨 verificando algum erro de impedimento do lote
2026-06-27 21:53:55,485 - INFO - 🟨 Janela de confirmação 4 de edição de OS detectada
2026-06-27 21:53:59,594 - INFO - 
=== rotina programar_os ===
2026-06-27 21:54:26,113 - INFO - ⌛ Aguardando janela de confirmação de programação de OS...
2026-06-27 21:54:51,534 - INFO - 🟨 Janela de confirmação de programação de OS detectada
2026-06-27 21:55:04,802 - INFO - ⌛ aguardando janela de programação de lote de OS...
2026-06-27 21:55:30,276 - INFO - 🟨 Janela de programação de lote de OS detectada
2026-06-27 21:56:19,775 - INFO - 🟨 Janela de confirmação de programação de lote de OS detectada
2026-06-27 21:56:23,972 - INFO - ⌛ aguardando confirmação final de programação do lote
2026-06-27 21:56:49,429 - INFO - 🟨 programação do lote 44 efetuado com sucesso
2026-06-27 21:56:59,533 - INFO - 
=== Iniciando lote 45/61 [LM] ===
2026-06-27 21:56:59,533 - INFO - 
=== abrir_janela_selecao ===
2026-06-27 21:57:05,840 - INFO - 
=== rotina abrir_selecao_colar_os ===
2026-06-27 21:57:05,900 - INFO - Janela de seleção aberta
2026-06-27 21:57:10,114 - INFO - DEBUG: idx=44, inicio=1100, fim=1125
2026-06-27 21:57:10,115 - INFO - ✅ 25 OS copiadas para a área de transferência.
2026-06-27 21:57:10,115 - INFO - 📋 Lote 45 copiado.
2026-06-27 21:57:18,444 - INFO - ⌛ Esperando mudança visual...
2026-06-27 21:57:19,458 - INFO - ⌛ Esperando mudança visual...
2026-06-27 21:57:20,474 - INFO - ⌛ Esperando mudança visual...
2026-06-27 21:57:21,491 - INFO - ⌛ Esperando mudança visual...
2026-06-27 21:57:22,507 - INFO - ⌛ Esperando mudança visual...
2026-06-27 21:57:23,519 - INFO - ⌛ Esperando mudança visual...
2026-06-27 21:57:24,537 - INFO - ⌛ Esperando mudança visual...
2026-06-27 21:57:25,553 - INFO - ⌛ Esperando mudança visual...
2026-06-27 21:57:26,569 - INFO - ⌛ Esperando mudança visual...
2026-06-27 21:57:27,583 - INFO - ✅ Tela carregada!
2026-06-27 21:57:31,584 - INFO - 
=== rotina desbloquear_os ===
2026-06-27 21:57:38,070 - INFO - ⌛ Aguardando janela de confirmação de desbloqueio...
2026-06-27 21:57:53,450 - INFO - 🟨 Registros desbloqueados com sucesso
2026-06-27 21:57:57,554 - INFO - 
=== rotina editar_os ===
2026-06-27 21:58:06,970 - INFO - ⌛ Aguardando janela de edição de OS...
2026-06-27 21:58:22,405 - INFO - 🟨 OS programadas detectadas
2026-06-27 21:58:25,509 - INFO - ⌛ Aguardando janela de edição de OS...
2026-06-27 21:58:40,949 - INFO - 🟨 Janela de edição de OS detectada
2026-06-27 21:59:02,309 - INFO - 🟨 Janela de edição de habilidade da turma detectada
2026-06-27 22:00:20,599 - INFO - ⌛ Aguardando detecção do campo de caracteristica 'EQUIPE PRÓPRIA OU EPS' ...
2026-06-27 22:00:39,960 - INFO - 🟨 campo de caracteristica 'EQUIPE PRÓPRIA OU EPS detectado
2026-06-27 22:01:01,757 - INFO - ⌛ Aguardando confirmação 4 - editar OS...
2026-06-27 22:01:01,758 - INFO - 🟨 verificando algum erro de impedimento do lote
2026-06-27 22:01:22,210 - INFO - ⌛ Aguardando confirmação 4 - editar OS...
2026-06-27 22:01:22,210 - INFO - 🟨 verificando algum erro de impedimento do lote
2026-06-27 22:01:42,721 - INFO - 🟨 Janela de confirmação 4 de edição de OS detectada
2026-06-27 22:01:46,823 - INFO - 
=== rotina programar_os ===
2026-06-27 22:02:13,352 - INFO - ⌛ Aguardando janela de confirmação de programação de OS...
2026-06-27 22:02:38,759 - INFO - 🟨 Janela de confirmação de programação de OS detectada
2026-06-27 22:02:52,011 - INFO - 🟨 Janela de aviso de edição de OS programadas detectada
2026-06-27 22:02:59,215 - INFO - ⌛ aguardando janela de programação de lote de OS...
2026-06-27 22:03:24,714 - INFO - 🟨 Janela de aviso de substituição de lote de OS detectada
2026-06-27 22:03:44,817 - INFO - ⌛ aguardando janela de programação de lote de OS...
2026-06-27 22:04:10,310 - INFO - 🟨 Janela de programação de lote de OS detectada
2026-06-27 22:04:59,834 - INFO - 🟨 Janela de confirmação de programação de lote de OS detectada
2026-06-27 22:05:04,021 - INFO - ⌛ aguardando confirmação final de programação do lote
2026-06-27 22:05:29,472 - INFO - 🟨 programação do lote 45 efetuado com sucesso
2026-06-27 22:05:39,576 - INFO - 
=== Iniciando lote 46/61 [LM] ===
2026-06-27 22:05:39,576 - INFO - 
=== abrir_janela_selecao ===
2026-06-27 22:05:45,884 - INFO - 
=== rotina abrir_selecao_colar_os ===
2026-06-27 22:05:45,934 - INFO - Janela de seleção aberta
2026-06-27 22:05:50,158 - INFO - DEBUG: idx=45, inicio=1125, fim=1150
2026-06-27 22:05:50,158 - INFO - ✅ 25 OS copiadas para a área de transferência.
2026-06-27 22:05:50,158 - INFO - 📋 Lote 46 copiado.
2026-06-27 22:05:58,486 - INFO - ⌛ Esperando mudança visual...
2026-06-27 22:05:59,500 - INFO - ⌛ Esperando mudança visual...
2026-06-27 22:06:00,513 - INFO - ⌛ Esperando mudança visual...
2026-06-27 22:06:01,532 - INFO - ⌛ Esperando mudança visual...
2026-06-27 22:06:02,549 - INFO - ⌛ Esperando mudança visual...
2026-06-27 22:06:03,563 - INFO - ⌛ Esperando mudança visual...
2026-06-27 22:06:04,580 - INFO - ⌛ Esperando mudança visual...
2026-06-27 22:06:05,592 - INFO - ⌛ Esperando mudança visual...
2026-06-27 22:06:06,608 - INFO - ⌛ Esperando mudança visual...
2026-06-27 22:06:07,627 - INFO - ⌛ Esperando mudança visual...
2026-06-27 22:06:08,643 - INFO - ✅ Tela carregada!
2026-06-27 22:06:12,644 - INFO - 
=== rotina desbloquear_os ===
2026-06-27 22:06:19,110 - INFO - ⌛ Aguardando janela de confirmação de desbloqueio...
2026-06-27 22:06:34,487 - INFO - 🟨 Registros desbloqueados com sucesso
2026-06-27 22:06:38,590 - INFO - 
=== rotina editar_os ===
2026-06-27 22:06:47,997 - INFO - ⌛ Aguardando janela de edição de OS...
2026-06-27 22:07:03,472 - INFO - 🟨 OS programadas detectadas
2026-06-27 22:07:06,580 - INFO - ⌛ Aguardando janela de edição de OS...
2026-06-27 22:07:22,016 - INFO - 🟨 Janela de edição de OS detectada
2026-06-27 22:07:43,388 - INFO - 🟨 Janela de edição de habilidade da turma detectada
2026-06-27 22:09:01,666 - INFO - ⌛ Aguardando detecção do campo de caracteristica 'EQUIPE PRÓPRIA OU EPS' ...
2026-06-27 22:09:21,037 - INFO - 🟨 campo de caracteristica 'EQUIPE PRÓPRIA OU EPS detectado
2026-06-27 22:09:42,801 - INFO - ⌛ Aguardando confirmação 4 - editar OS...
2026-06-27 22:09:42,801 - INFO - 🟨 verificando algum erro de impedimento do lote
2026-06-27 22:10:03,275 - INFO - ⌛ Aguardando confirmação 4 - editar OS...
2026-06-27 22:10:03,276 - INFO - 🟨 verificando algum erro de impedimento do lote
2026-06-27 22:10:23,744 - INFO - 🟨 Janela de confirmação 4 de edição de OS detectada
2026-06-27 22:10:27,847 - INFO - 
=== rotina programar_os ===
2026-06-27 22:10:54,381 - INFO - ⌛ Aguardando janela de confirmação de programação de OS...
2026-06-27 22:11:19,804 - INFO - 🟨 Janela de confirmação de programação de OS detectada
2026-06-27 22:11:33,049 - INFO - 🟨 Janela de aviso de edição de OS programadas detectada
2026-06-27 22:11:40,265 - INFO - ⌛ aguardando janela de programação de lote de OS...
2026-06-27 22:12:05,771 - INFO - 🟨 Janela de aviso de substituição de lote de OS detectada
2026-06-27 22:12:25,878 - INFO - ⌛ aguardando janela de programação de lote de OS...
2026-06-27 22:12:26,105 - INFO - 🟨 Identificado falha no EQM
2026-06-27 22:12:26,105 - INFO - Capturando print...
2026-06-27 22:13:11,678 - INFO - ⌛ Aguardando janela de confirmação de programação de OS...
2026-06-27 22:13:37,109 - INFO - ⌛ Aguardando janela de confirmação de programação de OS...
2026-06-27 22:14:02,545 - INFO - ⌛ Aguardando janela de confirmação de programação de OS...
2026-06-27 22:14:27,959 - INFO - ⌛ Aguardando janela de confirmação de programação de OS...
2026-06-27 22:14:53,427 - INFO - ⌛ Aguardando janela de confirmação de programação de OS...
2026-06-27 22:15:18,884 - INFO - ⌛ Aguardando janela de confirmação de programação de OS...
2026-06-27 22:15:44,325 - INFO - ⌛ Aguardando janela de confirmação de programação de OS...
2026-06-27 22:16:09,751 - INFO - ⌛ Aguardando janela de confirmação de programação de OS...
2026-06-27 22:16:35,174 - INFO - ⌛ Aguardando janela de confirmação de programação de OS...
2026-06-27 22:17:00,600 - INFO - ⌛ Aguardando janela de confirmação de programação de OS...
2026-06-27 22:17:26,041 - INFO - ⌛ Aguardando janela de confirmação de programação de OS...
2026-06-27 22:17:51,457 - INFO - ⌛ Aguardando janela de confirmação de programação de OS...
2026-06-27 22:18:16,890 - INFO - ⌛ Aguardando janela de confirmação de programação de OS...
2026-06-27 22:18:42,307 - INFO - ⌛ Aguardando janela de confirmação de programação de OS...
2026-06-27 22:19:07,741 - INFO - ⌛ Aguardando janela de confirmação de programação de OS...
2026-06-27 22:19:33,157 - INFO - ⌛ Aguardando janela de confirmação de programação de OS...
2026-06-27 22:19:58,592 - INFO - ⌛ Aguardando janela de confirmação de programação de OS...
2026-06-27 22:20:24,032 - INFO - ⌛ Aguardando janela de confirmação de programação de OS...
2026-06-27 22:20:49,448 - INFO - ⌛ Aguardando janela de confirmação de programação de OS...
2026-06-27 22:21:14,898 - INFO - ⌛ Aguardando janela de confirmação de programação de OS...
2026-06-27 22:21:40,323 - INFO - ⌛ Aguardando janela de confirmação de programação de OS...
2026-06-27 22:22:05,756 - INFO - ⌛ Aguardando janela de confirmação de programação de OS...
2026-06-27 22:22:31,190 - INFO - ⌛ Aguardando janela de confirmação de programação de OS...
2026-06-27 22:22:56,644 - INFO - ⌛ Aguardando janela de confirmação de programação de OS...
2026-06-27 22:23:22,102 - INFO - ⌛ Aguardando janela de confirmação de programação de OS...
2026-06-27 22:23:47,534 - INFO - ⌛ Aguardando janela de confirmação de programação de OS...
2026-06-27 22:24:12,951 - INFO - ⌛ Aguardando janela de confirmação de programação de OS...
2026-06-27 22:24:38,377 - INFO - ⌛ Aguardando janela de confirmação de programação de OS...
2026-06-27 22:25:03,797 - INFO - ⌛ Aguardando janela de confirmação de programação de OS...
2026-06-27 22:25:29,231 - INFO - ⌛ Aguardando janela de confirmação de programação de OS...
2026-06-27 22:25:54,647 - INFO - ⌛ Aguardando janela de confirmação de programação de OS...
2026-06-27 22:26:20,097 - INFO - ⌛ Aguardando janela de confirmação de programação de OS...
2026-06-27 22:26:45,539 - INFO - ⌛ Aguardando janela de confirmação de programação de OS...
2026-06-27 22:27:10,980 - INFO - ⌛ Aguardando janela de confirmação de programação de OS...
2026-06-27 22:27:36,472 - INFO - ⌛ Aguardando janela de confirmação de programação de OS...
2026-06-27 22:28:01,897 - INFO - ⌛ Aguardando janela de confirmação de programação de OS...
2026-06-27 22:28:27,357 - INFO - ⌛ Aguardando janela de confirmação de programação de OS...
2026-06-27 22:28:52,782 - INFO - ⌛ Aguardando janela de confirmação de programação de OS...
2026-06-27 22:29:18,196 - INFO - ⌛ Aguardando janela de confirmação de programação de OS...
2026-06-27 22:29:43,629 - INFO - ⌛ Aguardando janela de confirmação de programação de OS...
2026-06-27 22:30:09,046 - INFO - ⌛ Aguardando janela de confirmação de programação de OS...
2026-06-27 22:30:34,504 - INFO - ⌛ Aguardando janela de confirmação de programação de OS...
2026-06-27 22:30:59,981 - INFO - ⌛ Aguardando janela de confirmação de programação de OS...
2026-06-27 22:31:25,497 - INFO - ⌛ Aguardando janela de confirmação de programação de OS...
2026-06-27 22:31:50,946 - INFO - ⌛ Aguardando janela de confirmação de programação de OS...
2026-06-27 22:32:16,430 - INFO - ⌛ Aguardando janela de confirmação de programação de OS...
2026-06-27 22:32:41,873 - INFO - ⌛ Aguardando janela de confirmação de programação de OS...
2026-06-27 22:33:07,304 - INFO - ⌛ Aguardando janela de confirmação de programação de OS...
2026-06-27 22:33:32,739 - INFO - ⌛ Aguardando janela de confirmação de programação de OS...
2026-06-27 22:33:58,154 - INFO - ⌛ Aguardando janela de confirmação de programação de OS...
2026-06-27 22:34:23,587 - INFO - ⌛ Aguardando janela de confirmação de programação de OS...
2026-06-27 22:34:49,004 - INFO - ⌛ Aguardando janela de confirmação de programação de OS...
2026-06-27 22:35:14,438 - INFO - ⌛ Aguardando janela de confirmação de programação de OS...
2026-06-27 22:35:39,864 - INFO - ⌛ Aguardando janela de confirmação de programação de OS...
2026-06-27 22:36:05,290 - INFO - ⌛ Aguardando janela de confirmação de programação de OS...
2026-06-27 22:36:30,712 - INFO - ⌛ Aguardando janela de confirmação de programação de OS...
2026-06-27 22:36:56,138 - INFO - ⌛ Aguardando janela de confirmação de programação de OS...
2026-06-27 22:37:21,626 - INFO - ⌛ Aguardando janela de confirmação de programação de OS...
2026-06-27 22:37:47,129 - INFO - ⌛ Aguardando janela de confirmação de programação de OS...
2026-06-27 22:38:12,587 - INFO - ⌛ Aguardando janela de confirmação de programação de OS...
2026-06-27 22:38:38,071 - INFO - ⌛ Aguardando janela de confirmação de programação de OS...
2026-06-27 22:39:03,514 - INFO - ⌛ Aguardando janela de confirmação de programação de OS...
2026-06-27 22:39:28,938 - INFO - ⌛ Aguardando janela de confirmação de programação de OS...
2026-06-27 22:39:54,358 - INFO - ⌛ Aguardando janela de confirmação de programação de OS...
2026-06-27 22:40:19,787 - INFO - ⌛ Aguardando janela de confirmação de programação de OS...
2026-06-27 22:40:45,215 - INFO - ⌛ Aguardando janela de confirmação de programação de OS...
2026-06-27 22:41:10,638 - INFO - ⌛ Aguardando janela de confirmação de programação de OS...
2026-06-27 22:41:36,079 - INFO - ⌛ Aguardando janela de confirmação de programação de OS...
2026-06-27 22:42:01,545 - INFO - ⌛ Aguardando janela de confirmação de programação de OS...
2026-06-27 22:42:26,987 - INFO - ⌛ Aguardando janela de confirmação de programação de OS...
2026-06-27 22:42:52,438 - INFO - ⌛ Aguardando janela de confirmação de programação de OS...
2026-06-27 22:43:17,879 - INFO - verificando janela oculta
2026-06-27 22:43:38,346 - INFO - ⏱️ Tempo limite atingido. Abortando seleção
2026-06-27 22:43:38,346 - INFO - Capturando print...
