2026-04-09 08:59:58,903 - INFO - Data hoje: 09/04/2026
2026-04-09 08:59:58,903 - INFO - Data de referência: 30/04/2026
2026-04-09 09:03:01,622 - INFO - Data hoje: 09/04/2026
2026-04-09 09:03:01,622 - INFO - Data de referência: 30/04/2026
2026-04-09 09:04:42,300 - INFO - Qtde OS de LINHA VIVA: 592
2026-04-09 09:04:42,301 - INFO - Qtde OS poda de LINHA MORTA: 249
2026-04-09 09:04:42,301 - INFO - Qtde OS estrutural de LINHA MORTA : 17257
2026-04-09 09:04:42,301 - INFO - Qtde OS poda de LINHA MORTA fora carteira: 720
2026-04-09 09:04:42,301 - INFO - Qtde OS para desprogramar: 1278
2026-04-09 09:04:42,306 - INFO - 
 Qtd de lotes de LM: 5
2026-04-09 09:04:42,306 - INFO - 
 Qtd de lotes de LV: 12
2026-04-09 09:04:42,306 - INFO - 
 Qtd de lotes de ESTRUTURAL LM: 346
2026-04-09 09:04:42,307 - INFO - 
 Qtd de lotes de LEVE: 15
2026-04-09 09:04:42,307 - INFO - 
 Qtd de lotes para desprogramar: 26
2026-04-09 09:04:42,307 - INFO - 
=== Iniciando lote 1/5 [LM] ===
2026-04-09 09:04:42,307 - INFO - 
=== abrir_janela_selecao ===
2026-04-09 09:04:48,642 - INFO - 
=== rotina abrir_selecao_colar_os ===
2026-04-09 09:04:48,833 - INFO - Janela de seleção aberta
2026-04-09 09:04:53,088 - INFO - DEBUG: idx=0, inicio=0, fim=50
2026-04-09 09:04:53,088 - INFO - ✅ 50 OS copiadas para a área de transferência.
2026-04-09 09:04:53,088 - INFO - 📋 Lote 1 copiado.
2026-04-09 09:05:01,438 - INFO - ⌛ Esperando mudança visual...
2026-04-09 09:05:02,454 - INFO - ⌛ Esperando mudança visual...
2026-04-09 09:05:03,473 - INFO - ⌛ Esperando mudança visual...
2026-04-09 09:05:04,486 - INFO - ✅ Tela carregada!
2026-04-09 09:05:08,488 - INFO - 
=== rotina desbloquear_os ===
2026-04-09 09:05:14,988 - INFO - ⌛ Aguardando janela de confirmação de desbloqueio...
2026-04-09 09:05:30,443 - INFO - ⌛ Aguardando janela de confirmação de desbloqueio...
2026-04-09 09:05:45,885 - INFO - 🟨 Registros desbloqueados com sucesso
2026-04-09 09:05:49,993 - INFO - 
=== rotina editar_os ===
2026-04-09 09:05:59,444 - INFO - ⌛ Aguardando janela de edição de OS...
2026-04-09 09:06:14,892 - INFO - 🟨 OS programadas detectadas
2026-04-09 09:06:18,010 - INFO - ⌛ Aguardando janela de edição de OS...
2026-04-09 09:06:33,447 - INFO - 🟨 Janela de edição de OS detectada
2026-04-09 09:06:54,822 - INFO - 🟨 Janela de edição de habilidade da turma detectada
2026-04-09 09:08:13,114 - INFO - ⌛ Aguardando detecção do campo de caracteristica 'EQUIPE PRÓPRIA OU EPS' ...
2026-04-09 09:08:32,491 - INFO - 🟨 campo de caracteristica 'EQUIPE PRÓPRIA OU EPS detectado
2026-04-09 09:08:54,290 - INFO - ⌛ Aguardando confirmação 4 - editar OS...
2026-04-09 09:09:09,749 - INFO - ⌛ Aguardando confirmação 4 - editar OS...
2026-04-09 09:09:09,895 - INFO - 🟨 Identificado travamento no EQM, reiniciando contador de espera
2026-04-09 09:09:25,267 - INFO - ⌛ Aguardando confirmação 4 - editar OS...
2026-04-09 09:09:40,768 - INFO - ⌛ Aguardando confirmação 4 - editar OS...
2026-04-09 09:09:56,330 - INFO - ⌛ Aguardando confirmação 4 - editar OS...
2026-04-09 09:10:11,857 - INFO - 🟨 Janela de confirmação 4 de edição de OS detectada
2026-04-09 09:10:15,969 - INFO - 
=== rotina programar_os ===
2026-04-09 09:10:42,514 - INFO - ⌛ Aguardando janela de confirmação de programação de OS...
2026-04-09 09:11:08,024 - INFO - 🟨 Janela de confirmação de programação de OS detectada
2026-04-09 09:11:21,325 - INFO - 🟨 Janela de aviso de edição de OS programadas detectada
2026-04-09 09:11:28,549 - INFO - ⌛ aguardando janela de programação de lote de OS...
2026-04-09 09:11:54,142 - INFO - 🟨 Janela de aviso de substituição de lote de OS detectada
2026-04-09 09:12:01,263 - INFO - ⌛ aguardando janela de programação de lote de OS...
2026-04-09 09:12:26,837 - INFO - 🟨 Janela de aviso de substituição de lote de OS detectada
2026-04-09 09:12:33,947 - INFO - ⌛ aguardando janela de programação de lote de OS...
2026-04-09 09:12:34,187 - INFO - 🟨 Identificado travamento no EQM, reiniciando contador de espera
2026-04-09 09:12:59,527 - INFO - ⌛ aguardando janela de programação de lote de OS...
2026-04-09 09:13:25,055 - INFO - ⌛ aguardando janela de programação de lote de OS...
2026-04-09 09:13:50,616 - INFO - ⌛ aguardando janela de programação de lote de OS...
2026-04-09 09:14:16,158 - INFO - ⌛ aguardando janela de programação de lote de OS...
2026-04-09 09:14:41,664 - INFO - 🟨 Janela de programação de lote de OS detectada
2026-04-09 09:15:31,207 - INFO - 🟨 Janela de confirmação de programação de lote de OS detectada
2026-04-09 09:15:35,427 - INFO - ⌛ aguardando confirmação final de programação do lote
2026-04-09 09:16:00,883 - INFO - ⌛ aguardando confirmação final de programação do lote
2026-04-09 09:16:26,335 - INFO - 🟨 programação do lote 1 efetuado com sucesso
2026-04-09 09:16:36,447 - INFO - 
=== Iniciando lote 2/5 [LM] ===
2026-04-09 09:16:36,447 - INFO - 
=== abrir_janela_selecao ===
2026-04-09 09:16:42,767 - INFO - 
=== rotina abrir_selecao_colar_os ===
2026-04-09 09:16:42,850 - INFO - Janela de seleção aberta
2026-04-09 09:16:47,087 - INFO - DEBUG: idx=1, inicio=50, fim=100
2026-04-09 09:16:47,087 - INFO - ✅ 50 OS copiadas para a área de transferência.
2026-04-09 09:16:47,087 - INFO - 📋 Lote 2 copiado.
2026-04-09 09:16:55,409 - INFO - ⌛ Esperando mudança visual...
2026-04-09 09:16:56,433 - INFO - ⌛ Esperando mudança visual...
2026-04-09 09:16:57,449 - INFO - ⌛ Esperando mudança visual...
2026-04-09 09:16:58,466 - INFO - ⌛ Esperando mudança visual...
2026-04-09 09:16:59,482 - INFO - ⌛ Esperando mudança visual...
2026-04-09 09:17:00,497 - INFO - ⌛ Esperando mudança visual...
2026-04-09 09:17:01,512 - INFO - ⌛ Esperando mudança visual...
2026-04-09 09:17:02,527 - INFO - ⌛ Esperando mudança visual...
2026-04-09 09:17:03,543 - INFO - ⌛ Esperando mudança visual...
2026-04-09 09:17:04,562 - INFO - ⌛ Esperando mudança visual...
2026-04-09 09:17:05,574 - INFO - ⌛ Esperando mudança visual...
2026-04-09 09:17:06,590 - INFO - ⌛ Esperando mudança visual...
2026-04-09 09:17:07,612 - INFO - ✅ Tela carregada!
2026-04-09 09:17:11,615 - INFO - 
=== rotina desbloquear_os ===
2026-04-09 09:17:18,097 - INFO - ⌛ Aguardando janela de confirmação de desbloqueio...
2026-04-09 09:17:33,519 - INFO - ⌛ Aguardando janela de confirmação de desbloqueio...
2026-04-09 09:17:49,015 - INFO - 🟨 Registros desbloqueados com sucesso
2026-04-09 09:17:53,120 - INFO - 
=== rotina editar_os ===
2026-04-09 09:18:02,537 - INFO - ⌛ Aguardando janela de edição de OS...
2026-04-09 09:18:18,034 - INFO - 🟨 OS programadas detectadas
2026-04-09 09:18:21,138 - INFO - ⌛ Aguardando janela de edição de OS...
2026-04-09 09:18:36,621 - INFO - 🟨 Janela de edição de OS detectada
2026-04-09 09:18:57,992 - INFO - 🟨 Janela de edição de habilidade da turma detectada
2026-04-09 09:20:16,314 - INFO - ⌛ Aguardando detecção do campo de caracteristica 'EQUIPE PRÓPRIA OU EPS' ...
2026-04-09 09:20:35,696 - INFO - 🟨 campo de caracteristica 'EQUIPE PRÓPRIA OU EPS detectado
2026-04-09 09:20:57,483 - INFO - ⌛ Aguardando confirmação 4 - editar OS...
2026-04-09 09:21:12,992 - INFO - ⌛ Aguardando confirmação 4 - editar OS...
2026-04-09 09:21:13,144 - INFO - 🟨 Identificado travamento no EQM, reiniciando contador de espera
2026-04-09 09:21:28,512 - INFO - ⌛ Aguardando confirmação 4 - editar OS...
2026-04-09 09:21:28,633 - INFO - 🟨 Identificado travamento no EQM, reiniciando contador de espera
2026-04-09 09:23:16,276 - INFO - Data hoje: 09/04/2026
2026-04-09 09:23:16,276 - INFO - Data de referência: 30/04/2026
2026-04-09 09:23:40,773 - INFO - Data hoje: 09/04/2026
2026-04-09 09:23:40,774 - INFO - Data de referência: 30/04/2026
2026-04-09 09:24:55,966 - INFO - Qtde OS de LINHA VIVA: 592
2026-04-09 09:24:55,966 - INFO - Qtde OS poda de LINHA MORTA: 249
2026-04-09 09:24:55,966 - INFO - Qtde OS estrutural de LINHA MORTA : 17257
2026-04-09 09:24:55,967 - INFO - Qtde OS poda de LINHA MORTA fora carteira: 720
2026-04-09 09:24:55,967 - INFO - Qtde OS para desprogramar: 1278
2026-04-09 09:24:55,967 - INFO - 
 Qtd de lotes de LM: 5
2026-04-09 09:24:55,967 - INFO - 
 Qtd de lotes de LV: 12
2026-04-09 09:24:55,967 - INFO - 
 Qtd de lotes de ESTRUTURAL LM: 346
2026-04-09 09:24:55,967 - INFO - 
 Qtd de lotes de LEVE: 15
2026-04-09 09:24:55,967 - INFO - 
 Qtd de lotes para desprogramar: 26
2026-04-09 09:24:55,968 - INFO - 
=== Iniciando lote 2/5 [LM] ===
2026-04-09 09:25:57,447 - INFO - Data hoje: 09/04/2026
2026-04-09 09:25:57,447 - INFO - Data de referência: 30/04/2026
2026-04-09 09:27:09,264 - INFO - Qtde OS de LINHA VIVA: 592
2026-04-09 09:27:09,264 - INFO - Qtde OS poda de LINHA MORTA: 249
2026-04-09 09:27:09,264 - INFO - Qtde OS estrutural de LINHA MORTA : 17257
2026-04-09 09:27:09,264 - INFO - Qtde OS poda de LINHA MORTA fora carteira: 720
2026-04-09 09:27:09,264 - INFO - Qtde OS para desprogramar: 1278
2026-04-09 09:27:09,264 - INFO - 
 Qtd de lotes de LM: 5
2026-04-09 09:27:09,264 - INFO - 
 Qtd de lotes de LV: 12
2026-04-09 09:27:09,264 - INFO - 
 Qtd de lotes de ESTRUTURAL LM: 346
2026-04-09 09:27:09,264 - INFO - 
 Qtd de lotes de LEVE: 15
2026-04-09 09:27:09,264 - INFO - 
 Qtd de lotes para desprogramar: 26
2026-04-09 09:48:14,064 - INFO - Data hoje: 09/04/2026
2026-04-09 09:48:14,064 - INFO - Data de referência: 30/04/2026
2026-04-09 09:49:29,533 - INFO - Qtde OS de LINHA VIVA: 592
2026-04-09 09:49:29,533 - INFO - Qtde OS poda de LINHA MORTA: 249
2026-04-09 09:49:29,533 - INFO - Qtde OS estrutural de LINHA MORTA : 17257
2026-04-09 09:49:29,533 - INFO - Qtde OS poda de LINHA MORTA fora carteira: 720
2026-04-09 09:49:29,533 - INFO - Qtde OS para desprogramar: 1278
2026-04-09 09:49:29,533 - INFO - 
 Qtd de lotes de LM: 5
2026-04-09 09:49:29,533 - INFO - 
 Qtd de lotes de LV: 12
2026-04-09 09:49:29,533 - INFO - 
 Qtd de lotes de ESTRUTURAL LM: 346
2026-04-09 09:49:29,533 - INFO - 
 Qtd de lotes de LEVE: 15
2026-04-09 09:49:29,533 - INFO - 
 Qtd de lotes para desprogramar: 26
2026-04-09 09:49:29,533 - INFO - 
=== Iniciando lote 2/5 [LM] ===
2026-04-09 09:49:29,533 - INFO - 
=== abrir_janela_selecao ===
2026-04-09 09:49:35,865 - INFO - 
=== rotina abrir_selecao_colar_os ===
2026-04-09 09:49:35,988 - INFO - Janela de seleção aberta
2026-04-09 09:49:40,230 - INFO - DEBUG: idx=1, inicio=50, fim=100
2026-04-09 09:49:40,230 - INFO - ✅ 50 OS copiadas para a área de transferência.
2026-04-09 09:49:40,230 - INFO - 📋 Lote 2 copiado.
2026-04-09 09:49:48,554 - INFO - ⌛ Esperando mudança visual...
2026-04-09 09:49:49,576 - INFO - ⌛ Esperando mudança visual...
2026-04-09 09:49:50,588 - INFO - ⌛ Esperando mudança visual...
2026-04-09 09:49:51,608 - INFO - ✅ Tela carregada!
2026-04-09 09:49:55,614 - INFO - 
=== rotina desbloquear_os ===
2026-04-09 09:50:02,098 - INFO - ⌛ Aguardando janela de confirmação de desbloqueio...
2026-04-09 09:50:17,493 - INFO - ⌛ Aguardando janela de confirmação de desbloqueio...
2026-04-09 09:50:32,913 - INFO - 🟨 Registros desbloqueados com sucesso
2026-04-09 09:50:37,020 - INFO - 
=== rotina editar_os ===
2026-04-09 09:50:46,440 - INFO - ⌛ Aguardando janela de edição de OS...
2026-04-09 09:51:01,916 - INFO - 🟨 OS programadas detectadas
2026-04-09 09:51:05,024 - INFO - ⌛ Aguardando janela de edição de OS...
2026-04-09 09:51:20,471 - INFO - 🟨 Janela de edição de OS detectada
2026-04-09 09:51:41,851 - INFO - 🟨 Janela de edição de habilidade da turma detectada
2026-04-09 09:53:00,213 - INFO - ⌛ Aguardando detecção do campo de caracteristica 'EQUIPE PRÓPRIA OU EPS' ...
2026-04-09 09:53:19,558 - INFO - 🟨 campo de caracteristica 'EQUIPE PRÓPRIA OU EPS detectado
2026-04-09 09:53:41,336 - INFO - ⌛ Aguardando confirmação 4 - editar OS...
2026-04-09 09:53:56,794 - INFO - ⌛ Aguardando confirmação 4 - editar OS...
2026-04-09 09:54:12,227 - INFO - ⌛ Aguardando confirmação 4 - editar OS...
2026-04-09 09:54:27,692 - INFO - ⌛ Aguardando confirmação 4 - editar OS...
2026-04-09 09:54:43,196 - INFO - ⌛ Aguardando confirmação 4 - editar OS...
2026-04-09 09:54:58,679 - INFO - ⌛ Aguardando confirmação 4 - editar OS...
2026-04-09 09:55:14,212 - INFO - 🟨 Janela de confirmação 4 de edição de OS detectada
2026-04-09 09:55:18,317 - INFO - 
=== rotina programar_os ===
2026-04-09 09:55:44,853 - INFO - ⌛ Aguardando janela de confirmação de programação de OS...
2026-04-09 09:56:10,266 - INFO - 🟨 Janela de confirmação de programação de OS detectada
2026-04-09 09:56:23,540 - INFO - 🟨 Janela de aviso de edição de OS programadas detectada
2026-04-09 09:56:30,751 - INFO - ⌛ aguardando janela de programação de lote de OS...
2026-04-09 09:56:56,235 - INFO - 🟨 Janela de aviso de substituição de lote de OS detectada
2026-04-09 09:57:03,355 - INFO - ⌛ aguardando janela de programação de lote de OS...
2026-04-09 09:57:28,976 - INFO - 🟨 Janela de aviso de substituição de lote de OS detectada
2026-04-09 09:57:36,082 - INFO - ⌛ aguardando janela de programação de lote de OS...
2026-04-09 09:58:01,588 - INFO - ⌛ aguardando janela de programação de lote de OS...
2026-04-09 09:58:32,581 - INFO - Data hoje: 09/04/2026
2026-04-09 09:58:32,581 - INFO - Data de referência: 30/04/2026
2026-04-09 09:59:47,349 - INFO - Qtde OS de LINHA VIVA: 592
2026-04-09 09:59:47,349 - INFO - Qtde OS poda de LINHA MORTA: 249
2026-04-09 09:59:47,349 - INFO - Qtde OS estrutural de LINHA MORTA : 17257
2026-04-09 09:59:47,349 - INFO - Qtde OS poda de LINHA MORTA fora carteira: 720
2026-04-09 09:59:47,349 - INFO - Qtde OS para desprogramar: 1278
2026-04-09 09:59:47,349 - INFO - 
 Qtd de lotes de LM: 5
2026-04-09 09:59:47,349 - INFO - 
 Qtd de lotes de LV: 12
2026-04-09 09:59:47,349 - INFO - 
 Qtd de lotes de ESTRUTURAL LM: 346
2026-04-09 09:59:47,349 - INFO - 
 Qtd de lotes de LEVE: 15
2026-04-09 09:59:47,349 - INFO - 
 Qtd de lotes para desprogramar: 26
2026-04-09 09:59:47,349 - INFO - 
=== Iniciando lote 2/5 [LM] ===
2026-04-09 09:59:47,349 - INFO - 
=== abrir_janela_selecao ===
2026-04-09 09:59:53,692 - INFO - 
=== rotina abrir_selecao_colar_os ===
2026-04-09 09:59:53,765 - INFO - Janela de seleção aberta
2026-04-09 09:59:58,009 - INFO - DEBUG: idx=1, inicio=50, fim=100
2026-04-09 09:59:58,009 - INFO - ✅ 50 OS copiadas para a área de transferência.
2026-04-09 09:59:58,009 - INFO - 📋 Lote 2 copiado.
2026-04-09 10:00:06,368 - INFO - ⌛ Esperando mudança visual...
2026-04-09 10:00:07,386 - INFO - ⌛ Esperando mudança visual...
2026-04-09 10:00:08,401 - INFO - ⌛ Esperando mudança visual...
2026-04-09 10:00:09,417 - INFO - ⌛ Esperando mudança visual...
2026-04-09 10:00:10,433 - INFO - ⌛ Esperando mudança visual...
2026-04-09 10:00:11,453 - INFO - ⌛ Esperando mudança visual...
2026-04-09 10:00:12,467 - INFO - ⌛ Esperando mudança visual...
2026-04-09 10:00:13,480 - INFO - ⌛ Esperando mudança visual...
2026-04-09 10:00:14,495 - INFO - ⌛ Esperando mudança visual...
2026-04-09 10:00:15,511 - INFO - ⌛ Esperando mudança visual...
2026-04-09 10:00:16,529 - INFO - ✅ Tela carregada!
2026-04-09 10:00:20,536 - INFO - 
=== rotina desbloquear_os ===
2026-04-09 10:00:27,013 - INFO - ⌛ Aguardando janela de confirmação de desbloqueio...
2026-04-09 10:00:42,427 - INFO - ⌛ Aguardando janela de confirmação de desbloqueio...
2026-04-09 10:00:57,833 - INFO - 🟨 Registros desbloqueados com sucesso
2026-04-09 10:01:01,950 - INFO - 
=== rotina editar_os ===
2026-04-09 10:01:11,375 - INFO - ⌛ Aguardando janela de edição de OS...
2026-04-09 10:01:26,813 - INFO - 🟨 OS programadas detectadas
2026-04-09 10:01:29,925 - INFO - ⌛ Aguardando janela de edição de OS...
2026-04-09 10:01:45,367 - INFO - 🟨 Janela de edição de OS detectada
2026-04-09 10:02:06,757 - INFO - 🟨 Janela de edição de habilidade da turma detectada
2026-04-09 10:03:25,084 - INFO - ⌛ Aguardando detecção do campo de caracteristica 'EQUIPE PRÓPRIA OU EPS' ...
2026-04-09 10:03:44,453 - INFO - 🟨 campo de caracteristica 'EQUIPE PRÓPRIA OU EPS detectado
2026-04-09 10:04:06,291 - INFO - ⌛ Aguardando confirmação 4 - editar OS...
2026-04-09 10:04:21,778 - INFO - ⌛ Aguardando confirmação 4 - editar OS...
2026-04-09 10:04:37,229 - INFO - ⌛ Aguardando confirmação 4 - editar OS...
2026-04-09 10:04:52,825 - INFO - ⌛ Aguardando confirmação 4 - editar OS...
2026-04-09 10:05:08,328 - INFO - ⌛ Aguardando confirmação 4 - editar OS...
2026-04-09 10:05:23,837 - INFO - ⌛ Aguardando confirmação 4 - editar OS...
2026-04-09 10:05:39,293 - INFO - 🟨 Janela de confirmação 4 de edição de OS detectada
2026-04-09 10:05:43,405 - INFO - 
=== rotina programar_os ===
2026-04-09 10:06:09,964 - INFO - ⌛ Aguardando janela de confirmação de programação de OS...
2026-04-09 10:06:35,542 - INFO - 🟨 Janela de confirmação de programação de OS detectada
2026-04-09 10:06:48,863 - INFO - 🟨 Janela de aviso de edição de OS programadas detectada
2026-04-09 10:06:56,069 - INFO - ⌛ aguardando janela de programação de lote de OS...
2026-04-09 10:07:21,582 - INFO - 🟨 Janela de aviso de substituição de lote de OS detectada
2026-04-09 10:07:28,691 - INFO - ⌛ aguardando janela de programação de lote de OS...
2026-04-09 10:07:54,258 - INFO - 🟨 Janela de aviso de substituição de lote de OS detectada
2026-04-09 10:08:01,362 - INFO - ⌛ aguardando janela de programação de lote de OS...
2026-04-09 10:08:26,960 - INFO - 🟨 Janela de programação de lote de OS detectada
2026-04-09 10:09:16,501 - INFO - 🟨 Janela de confirmação de programação de lote de OS detectada
2026-04-09 10:09:20,710 - INFO - ⌛ aguardando confirmação final de programação do lote
2026-04-09 10:09:46,173 - INFO - ⌛ aguardando confirmação final de programação do lote
2026-04-09 10:10:11,620 - INFO - 🟨 programação do lote 2 efetuado com sucesso
2026-04-09 10:10:21,743 - INFO - 
=== Iniciando lote 3/5 [LM] ===
2026-04-09 10:10:21,743 - INFO - 
=== abrir_janela_selecao ===
2026-04-09 10:10:28,057 - INFO - 
=== rotina abrir_selecao_colar_os ===
2026-04-09 10:10:28,109 - INFO - Janela de seleção aberta
2026-04-09 10:10:32,355 - INFO - DEBUG: idx=2, inicio=100, fim=150
2026-04-09 10:10:32,355 - INFO - ✅ 50 OS copiadas para a área de transferência.
2026-04-09 10:10:32,355 - INFO - 📋 Lote 3 copiado.
2026-04-09 10:10:40,683 - INFO - ⌛ Esperando mudança visual...
2026-04-09 10:10:41,698 - INFO - ⌛ Esperando mudança visual...
2026-04-09 10:10:42,711 - INFO - ⌛ Esperando mudança visual...
2026-04-09 10:10:43,727 - INFO - ⌛ Esperando mudança visual...
2026-04-09 10:10:44,742 - INFO - ⌛ Esperando mudança visual...
2026-04-09 10:10:45,759 - INFO - ⌛ Esperando mudança visual...
2026-04-09 10:10:46,774 - INFO - ⌛ Esperando mudança visual...
2026-04-09 10:10:47,796 - INFO - ⌛ Esperando mudança visual...
2026-04-09 10:10:48,807 - INFO - ⌛ Esperando mudança visual...
2026-04-09 10:10:49,809 - INFO - ⌛ Esperando mudança visual...
2026-04-09 10:10:50,820 - INFO - ⌛ Esperando mudança visual...
2026-04-09 10:10:51,836 - INFO - ✅ Tela carregada!
2026-04-09 10:10:55,851 - INFO - 
=== rotina desbloquear_os ===
2026-04-09 10:11:02,322 - INFO - ⌛ Aguardando janela de confirmação de desbloqueio...
2026-04-09 10:11:17,736 - INFO - ⌛ Aguardando janela de confirmação de desbloqueio...
2026-04-09 10:11:33,155 - INFO - 🟨 Registros desbloqueados com sucesso
2026-04-09 10:11:37,261 - INFO - 
=== rotina editar_os ===
2026-04-09 10:11:46,687 - INFO - ⌛ Aguardando janela de edição de OS...
2026-04-09 10:12:02,155 - INFO - 🟨 OS programadas detectadas
2026-04-09 10:12:05,263 - INFO - ⌛ Aguardando janela de edição de OS...
2026-04-09 10:12:20,738 - INFO - 🟨 Janela de edição de OS detectada
2026-04-09 10:12:42,110 - INFO - 🟨 Janela de edição de habilidade da turma detectada
2026-04-09 10:14:00,431 - INFO - ⌛ Aguardando detecção do campo de caracteristica 'EQUIPE PRÓPRIA OU EPS' ...
2026-04-09 10:14:19,787 - INFO - 🟨 campo de caracteristica 'EQUIPE PRÓPRIA OU EPS detectado
2026-04-09 10:14:41,582 - INFO - ⌛ Aguardando confirmação 4 - editar OS...
2026-04-09 10:14:57,079 - INFO - ⌛ Aguardando confirmação 4 - editar OS...
2026-04-09 10:15:12,569 - INFO - ⌛ Aguardando confirmação 4 - editar OS...
2026-04-09 10:15:28,075 - INFO - ⌛ Aguardando confirmação 4 - editar OS...
2026-04-09 10:15:43,585 - INFO - ⌛ Aguardando confirmação 4 - editar OS...
2026-04-09 10:15:59,048 - INFO - 🟨 Janela de confirmação 4 de edição de OS detectada
2026-04-09 10:16:03,166 - INFO - 
=== rotina programar_os ===
2026-04-09 10:16:29,687 - INFO - ⌛ Aguardando janela de confirmação de programação de OS...
2026-04-09 10:16:55,161 - INFO - 🟨 Janela de confirmação de programação de OS detectada
2026-04-09 10:17:08,470 - INFO - 🟨 Janela de aviso de edição de OS programadas detectada
2026-04-09 10:17:15,684 - INFO - ⌛ aguardando janela de programação de lote de OS...
2026-04-09 10:17:41,186 - INFO - 🟨 Janela de aviso de substituição de lote de OS detectada
2026-04-09 10:17:48,315 - INFO - ⌛ aguardando janela de programação de lote de OS...
2026-04-09 10:18:13,820 - INFO - 🟨 Janela de aviso de substituição de lote de OS detectada
2026-04-09 10:18:20,932 - INFO - ⌛ aguardando janela de programação de lote de OS...
2026-04-09 10:18:46,472 - INFO - 🟨 Janela de programação de lote de OS detectada
2026-04-09 10:19:36,007 - INFO - 🟨 Janela de confirmação de programação de lote de OS detectada
2026-04-09 10:19:40,242 - INFO - ⌛ aguardando confirmação final de programação do lote
2026-04-09 10:20:05,741 - INFO - ⌛ aguardando confirmação final de programação do lote
2026-04-09 10:20:31,296 - INFO - 🟨 programação do lote 3 efetuado com sucesso
2026-04-09 10:20:41,403 - INFO - 
=== Iniciando lote 4/5 [LM] ===
2026-04-09 10:20:41,403 - INFO - 
=== abrir_janela_selecao ===
2026-04-09 10:20:47,731 - INFO - 
=== rotina abrir_selecao_colar_os ===
2026-04-09 10:20:47,783 - INFO - Janela de seleção aberta
2026-04-09 10:20:52,042 - INFO - DEBUG: idx=3, inicio=150, fim=200
2026-04-09 10:20:52,042 - INFO - ✅ 50 OS copiadas para a área de transferência.
2026-04-09 10:20:52,042 - INFO - 📋 Lote 4 copiado.
2026-04-09 10:21:00,371 - INFO - ⌛ Esperando mudança visual...
2026-04-09 10:21:01,388 - INFO - ⌛ Esperando mudança visual...
2026-04-09 10:21:02,403 - INFO - ⌛ Esperando mudança visual...
2026-04-09 10:21:03,416 - INFO - ⌛ Esperando mudança visual...
2026-04-09 10:21:04,432 - INFO - ⌛ Esperando mudança visual...
2026-04-09 10:21:05,448 - INFO - ⌛ Esperando mudança visual...
2026-04-09 10:21:06,464 - INFO - ⌛ Esperando mudança visual...
2026-04-09 10:21:07,479 - INFO - ⌛ Esperando mudança visual...
2026-04-09 10:21:08,511 - INFO - ⌛ Esperando mudança visual...
2026-04-09 10:21:09,525 - INFO - ⌛ Esperando mudança visual...
2026-04-09 10:21:10,543 - INFO - ⌛ Esperando mudança visual...
2026-04-09 10:21:11,559 - INFO - ⌛ Esperando mudança visual...
2026-04-09 10:21:12,574 - INFO - ✅ Tela carregada!
2026-04-09 10:21:16,578 - INFO - 
=== rotina desbloquear_os ===
2026-04-09 10:21:23,065 - INFO - ⌛ Aguardando janela de confirmação de desbloqueio...
2026-04-09 10:21:38,525 - INFO - ⌛ Aguardando janela de confirmação de desbloqueio...
2026-04-09 10:21:54,070 - INFO - 🟨 Registros desbloqueados com sucesso
2026-04-09 10:21:58,179 - INFO - 
=== rotina editar_os ===
2026-04-09 10:22:07,588 - INFO - ⌛ Aguardando janela de edição de OS...
2026-04-09 10:22:23,084 - INFO - 🟨 OS programadas detectadas
2026-04-09 10:22:26,189 - INFO - ⌛ Aguardando janela de edição de OS...
2026-04-09 10:22:41,622 - INFO - 🟨 Janela de edição de OS detectada
2026-04-09 10:23:02,992 - INFO - 🟨 Janela de edição de habilidade da turma detectada
2026-04-09 10:24:21,317 - INFO - ⌛ Aguardando detecção do campo de caracteristica 'EQUIPE PRÓPRIA OU EPS' ...
2026-04-09 10:24:40,675 - INFO - 🟨 campo de caracteristica 'EQUIPE PRÓPRIA OU EPS detectado
2026-04-09 10:25:02,532 - INFO - ⌛ Aguardando confirmação 4 - editar OS...
2026-04-09 10:25:18,047 - INFO - ⌛ Aguardando confirmação 4 - editar OS...
2026-04-09 10:25:33,569 - INFO - ⌛ Aguardando confirmação 4 - editar OS...
2026-04-09 10:25:49,121 - INFO - ⌛ Aguardando confirmação 4 - editar OS...
2026-04-09 10:26:04,703 - INFO - ⌛ Aguardando confirmação 4 - editar OS...
2026-04-09 10:26:20,264 - INFO - 🟨 Janela de confirmação 4 de edição de OS detectada
2026-04-09 10:26:24,370 - INFO - 
=== rotina programar_os ===
2026-04-09 10:26:50,923 - INFO - ⌛ Aguardando janela de confirmação de programação de OS...
2026-04-09 10:27:16,371 - INFO - ⌛ Aguardando janela de confirmação de programação de OS...
2026-04-09 10:27:41,823 - INFO - ⌛ Aguardando janela de confirmação de programação de OS...
2026-04-09 10:28:07,271 - INFO - ⌛ Aguardando janela de confirmação de programação de OS...
2026-04-09 10:28:32,740 - INFO - ⌛ Aguardando janela de confirmação de programação de OS...
2026-04-09 10:29:00,117 - INFO - Data hoje: 09/04/2026
2026-04-09 10:29:00,117 - INFO - Data de referência: 30/04/2026
2026-04-09 10:31:05,994 - INFO - Qtde OS de LINHA VIVA: 592
2026-04-09 10:31:05,994 - INFO - Qtde OS poda de LINHA MORTA: 269
2026-04-09 10:31:05,994 - INFO - Qtde OS estrutural de LINHA MORTA : 17257
2026-04-09 10:31:05,994 - INFO - Qtde OS poda de LINHA MORTA fora carteira: 720
2026-04-09 10:31:05,996 - INFO - Qtde OS para desprogramar: 1278
2026-04-09 10:31:05,996 - INFO - 
 Qtd de lotes de LM: 6
2026-04-09 10:31:05,996 - INFO - 
 Qtd de lotes de LV: 12
2026-04-09 10:31:05,996 - INFO - 
 Qtd de lotes de ESTRUTURAL LM: 346
2026-04-09 10:31:05,996 - INFO - 
 Qtd de lotes de LEVE: 15
2026-04-09 10:31:05,996 - INFO - 
 Qtd de lotes para desprogramar: 26
2026-04-09 10:31:05,996 - INFO - 
=== Iniciando lote 4/6 [LM] ===
2026-04-09 10:31:05,996 - INFO - 
=== abrir_janela_selecao ===
2026-04-09 10:31:12,335 - INFO - 
=== rotina abrir_selecao_colar_os ===
2026-04-09 10:31:12,559 - INFO - Janela de seleção aberta
2026-04-09 10:31:16,864 - INFO - DEBUG: idx=3, inicio=150, fim=200
2026-04-09 10:31:16,866 - INFO - ✅ 50 OS copiadas para a área de transferência.
2026-04-09 10:31:16,866 - INFO - 📋 Lote 4 copiado.
2026-04-09 10:31:25,191 - INFO - ⌛ Esperando mudança visual...
2026-04-09 10:31:26,206 - INFO - ⌛ Esperando mudança visual...
2026-04-09 10:31:27,218 - INFO - ⌛ Esperando mudança visual...
2026-04-09 10:31:28,261 - INFO - ⌛ Esperando mudança visual...
2026-04-09 10:31:29,282 - INFO - ⌛ Esperando mudança visual...
2026-04-09 10:31:30,292 - INFO - ⌛ Esperando mudança visual...
2026-04-09 10:31:31,313 - INFO - ⌛ Esperando mudança visual...
2026-04-09 10:31:32,328 - INFO - ⌛ Esperando mudança visual...
2026-04-09 10:31:33,340 - INFO - ⌛ Esperando mudança visual...
2026-04-09 10:31:34,358 - INFO - ⌛ Esperando mudança visual...
2026-04-09 10:31:35,380 - INFO - ⌛ Esperando mudança visual...
2026-04-09 10:31:36,395 - INFO - ✅ Tela carregada!
2026-04-09 10:31:40,401 - INFO - 
=== rotina desbloquear_os ===
2026-04-09 10:31:47,051 - INFO - ⌛ Aguardando janela de confirmação de desbloqueio...
2026-04-09 10:32:03,171 - INFO - ⌛ Aguardando janela de confirmação de desbloqueio...
2026-04-09 10:32:19,256 - INFO - ⌛ Aguardando janela de confirmação de desbloqueio...
2026-04-09 10:32:35,438 - INFO - ⌛ Aguardando janela de confirmação de desbloqueio...
2026-04-09 10:32:51,539 - INFO - ⌛ Aguardando janela de confirmação de desbloqueio...
2026-04-09 10:33:07,715 - INFO - ⌛ Aguardando janela de confirmação de desbloqueio...
2026-04-09 10:33:23,726 - INFO - ⌛ Aguardando janela de confirmação de desbloqueio...
2026-04-09 10:33:39,795 - INFO - ⌛ Aguardando janela de confirmação de desbloqueio...
2026-04-09 10:33:56,050 - INFO - ⌛ Aguardando janela de confirmação de desbloqueio...
2026-04-09 10:34:12,230 - INFO - ⌛ Aguardando janela de confirmação de desbloqueio...
2026-04-09 10:34:28,340 - INFO - ⌛ Aguardando janela de confirmação de desbloqueio...
2026-04-09 10:34:44,488 - INFO - ⌛ Aguardando janela de confirmação de desbloqueio...
2026-04-09 10:35:00,543 - INFO - ⌛ Aguardando janela de confirmação de desbloqueio...
2026-04-09 10:35:16,576 - INFO - ⌛ Aguardando janela de confirmação de desbloqueio...
2026-04-09 10:35:32,601 - INFO - 🟨 Registros desbloqueados com sucesso
2026-04-09 10:35:36,728 - INFO - 
=== rotina editar_os ===
2026-04-09 10:35:46,383 - INFO - ⌛ Aguardando janela de edição de OS...
2026-04-09 10:36:02,618 - INFO - 🟨 OS programadas detectadas
2026-04-09 10:36:05,731 - INFO - ⌛ Aguardando janela de edição de OS...
2026-04-09 10:36:21,926 - INFO - 🟨 Janela de edição de OS detectada
2026-04-09 10:36:43,385 - INFO - 🟨 Janela de edição de habilidade da turma detectada
2026-04-09 10:38:01,854 - INFO - ⌛ Aguardando detecção do campo de caracteristica 'EQUIPE PRÓPRIA OU EPS' ...
2026-04-09 10:38:21,330 - INFO - 🟨 campo de caracteristica 'EQUIPE PRÓPRIA OU EPS detectado
2026-04-09 10:38:43,543 - INFO - ⌛ Aguardando confirmação 4 - editar OS...
2026-04-09 10:38:59,826 - INFO - ⌛ Aguardando confirmação 4 - editar OS...
2026-04-09 10:39:16,280 - INFO - ⌛ Aguardando confirmação 4 - editar OS...
2026-04-09 10:39:32,569 - INFO - ⌛ Aguardando confirmação 4 - editar OS...
2026-04-09 10:39:48,839 - INFO - ⌛ Aguardando confirmação 4 - editar OS...
2026-04-09 10:40:05,151 - INFO - 🟨 Janela de confirmação 4 de edição de OS detectada
2026-04-09 10:40:09,255 - INFO - 
=== rotina programar_os ===
2026-04-09 10:40:36,143 - INFO - ⌛ Aguardando janela de confirmação de programação de OS...
2026-04-09 10:41:02,592 - INFO - 🟨 Janela de confirmação de programação de OS detectada
2026-04-09 10:41:16,124 - INFO - 🟨 Janela de aviso de edição de OS programadas detectada
2026-04-09 10:41:23,350 - INFO - ⌛ aguardando janela de programação de lote de OS...
2026-04-09 10:41:49,656 - INFO - 🟨 Janela de aviso de substituição de lote de OS detectada
2026-04-09 10:41:56,771 - INFO - ⌛ aguardando janela de programação de lote de OS...
2026-04-09 10:42:23,247 - INFO - 🟨 Janela de aviso de substituição de lote de OS detectada
2026-04-09 10:42:30,384 - INFO - ⌛ aguardando janela de programação de lote de OS...
2026-04-09 10:42:56,499 - INFO - 🟨 Janela de programação de lote de OS detectada
2026-04-09 10:43:46,558 - INFO - 🟨 Janela de confirmação de programação de lote de OS detectada
2026-04-09 10:43:51,042 - INFO - ⌛ aguardando confirmação final de programação do lote
2026-04-09 10:44:17,390 - INFO - ⌛ aguardando confirmação final de programação do lote
2026-04-09 10:44:43,804 - INFO - ⌛ aguardando confirmação final de programação do lote
2026-04-09 10:45:10,222 - INFO - ⌛ aguardando confirmação final de programação do lote
2026-04-09 10:45:36,644 - INFO - ⌛ aguardando confirmação final de programação do lote
2026-04-09 10:46:02,927 - INFO - ⌛ aguardando confirmação final de programação do lote
2026-04-09 10:46:29,293 - INFO - ⌛ aguardando confirmação final de programação do lote
2026-04-09 10:46:55,587 - INFO - ⌛ aguardando confirmação final de programação do lote
2026-04-09 10:47:21,868 - INFO - ⌛ aguardando confirmação final de programação do lote
2026-04-09 10:47:48,239 - INFO - ⌛ aguardando confirmação final de programação do lote
2026-04-09 10:48:14,487 - INFO - ⌛ aguardando confirmação final de programação do lote
2026-04-09 10:48:40,629 - INFO - 🟨 programação do lote 4 efetuado com sucesso
2026-04-09 10:48:50,736 - INFO - 
=== Iniciando lote 5/6 [LM] ===
2026-04-09 10:48:50,736 - INFO - 
=== abrir_janela_selecao ===
2026-04-09 10:48:57,054 - INFO - 
=== rotina abrir_selecao_colar_os ===
2026-04-09 10:48:57,220 - INFO - Janela de seleção aberta
2026-04-09 10:49:01,522 - INFO - DEBUG: idx=4, inicio=200, fim=250
2026-04-09 10:49:01,522 - INFO - ✅ 50 OS copiadas para a área de transferência.
2026-04-09 10:49:01,522 - INFO - 📋 Lote 5 copiado.
2026-04-09 10:49:09,854 - INFO - ⌛ Esperando mudança visual...
2026-04-09 10:49:10,866 - INFO - ⌛ Esperando mudança visual...
2026-04-09 10:49:11,885 - INFO - ⌛ Esperando mudança visual...
2026-04-09 10:49:12,897 - INFO - ⌛ Esperando mudança visual...
2026-04-09 10:49:13,912 - INFO - ⌛ Esperando mudança visual...
2026-04-09 10:49:14,932 - INFO - ⌛ Esperando mudança visual...
2026-04-09 10:49:15,943 - INFO - ⌛ Esperando mudança visual...
2026-04-09 10:49:16,960 - INFO - ⌛ Esperando mudança visual...
2026-04-09 10:49:17,980 - INFO - ⌛ Esperando mudança visual...
2026-04-09 10:49:18,991 - INFO - ⌛ Esperando mudança visual...
2026-04-09 10:49:20,006 - INFO - ⌛ Esperando mudança visual...
2026-04-09 10:49:21,021 - INFO - ✅ Tela carregada!
2026-04-09 10:49:25,028 - INFO - 
=== rotina desbloquear_os ===
2026-04-09 10:49:31,618 - INFO - ⌛ Aguardando janela de confirmação de desbloqueio...
2026-04-09 10:49:47,592 - INFO - ⌛ Aguardando janela de confirmação de desbloqueio...
2026-04-09 10:50:31,529 - INFO - Data hoje: 09/04/2026
2026-04-09 10:50:31,529 - INFO - Data de referência: 30/04/2026
2026-04-09 10:52:57,215 - INFO - Qtde OS de LINHA VIVA: 592
2026-04-09 10:52:57,215 - INFO - Qtde OS poda de LINHA MORTA: 269
2026-04-09 10:52:57,215 - INFO - Qtde OS estrutural de LINHA MORTA : 17257
2026-04-09 10:52:57,215 - INFO - Qtde OS poda de LINHA MORTA fora carteira: 720
2026-04-09 10:52:57,215 - INFO - Qtde OS para desprogramar: 1278
2026-04-09 10:52:57,218 - INFO - 
 Qtd de lotes de LM: 6
2026-04-09 10:52:57,218 - INFO - 
 Qtd de lotes de LV: 12
2026-04-09 10:52:57,218 - INFO - 
 Qtd de lotes de ESTRUTURAL LM: 346
2026-04-09 10:52:57,220 - INFO - 
 Qtd de lotes de LEVE: 15
2026-04-09 10:52:57,220 - INFO - 
 Qtd de lotes para desprogramar: 26
2026-04-09 10:52:57,220 - INFO - 
=== Iniciando lote 5/6 [LM] ===
2026-04-09 10:52:57,223 - INFO - 
=== abrir_janela_selecao ===
2026-04-09 10:53:03,570 - INFO - 
=== rotina abrir_selecao_colar_os ===
2026-04-09 10:53:03,774 - INFO - Janela de seleção aberta
2026-04-09 10:53:08,065 - INFO - DEBUG: idx=4, inicio=200, fim=250
2026-04-09 10:53:08,065 - INFO - ✅ 50 OS copiadas para a área de transferência.
2026-04-09 10:53:08,065 - INFO - 📋 Lote 5 copiado.
2026-04-09 10:53:16,404 - INFO - ⌛ Esperando mudança visual...
2026-04-09 10:53:17,423 - INFO - ⌛ Esperando mudança visual...
2026-04-09 10:53:18,441 - INFO - ⌛ Esperando mudança visual...
2026-04-09 10:53:19,456 - INFO - ⌛ Esperando mudança visual...
2026-04-09 10:53:20,473 - INFO - ⌛ Esperando mudança visual...
2026-04-09 10:53:21,482 - INFO - ⌛ Esperando mudança visual...
2026-04-09 10:53:22,498 - INFO - ⌛ Esperando mudança visual...
2026-04-09 10:53:23,514 - INFO - ⌛ Esperando mudança visual...
2026-04-09 10:53:24,526 - INFO - ⌛ Esperando mudança visual...
2026-04-09 10:53:25,546 - INFO - ⌛ Esperando mudança visual...
2026-04-09 10:53:26,548 - INFO - ✅ Tela carregada!
2026-04-09 10:53:30,558 - INFO - 
=== rotina desbloquear_os ===
2026-04-09 10:53:37,141 - INFO - ⌛ Aguardando janela de confirmação de desbloqueio...
2026-04-09 10:53:53,181 - INFO - ⌛ Aguardando janela de confirmação de desbloqueio...
2026-04-09 10:54:09,261 - INFO - 🟨 Registros desbloqueados com sucesso
2026-04-09 10:54:13,369 - INFO - 
=== rotina editar_os ===
2026-04-09 10:54:22,980 - INFO - ⌛ Aguardando janela de edição de OS...
2026-04-09 10:54:39,265 - INFO - 🟨 OS programadas detectadas
2026-04-09 10:54:42,372 - INFO - ⌛ Aguardando janela de edição de OS...
2026-04-09 10:54:58,538 - INFO - 🟨 Janela de edição de OS detectada
2026-04-09 10:55:20,066 - INFO - 🟨 Janela de edição de habilidade da turma detectada
2026-04-09 10:56:38,581 - INFO - ⌛ Aguardando detecção do campo de caracteristica 'EQUIPE PRÓPRIA OU EPS' ...
2026-04-09 10:56:58,097 - INFO - 🟨 campo de caracteristica 'EQUIPE PRÓPRIA OU EPS detectado
2026-04-09 10:57:20,281 - INFO - ⌛ Aguardando confirmação 4 - editar OS...
2026-04-09 10:57:36,462 - INFO - ⌛ Aguardando confirmação 4 - editar OS...
2026-04-09 10:57:52,652 - INFO - ⌛ Aguardando confirmação 4 - editar OS...
2026-04-09 10:58:08,855 - INFO - ⌛ Aguardando confirmação 4 - editar OS...
2026-04-09 10:58:25,069 - INFO - ⌛ Aguardando confirmação 4 - editar OS...
2026-04-09 10:58:41,414 - INFO - ⌛ Aguardando confirmação 4 - editar OS...
2026-04-09 10:58:57,637 - INFO - 🟨 Janela de confirmação 4 de edição de OS detectada
2026-04-09 10:59:01,743 - INFO - 
=== rotina programar_os ===
2026-04-09 10:59:28,540 - INFO - ⌛ Aguardando janela de confirmação de programação de OS...
2026-04-09 10:59:54,909 - INFO - 🟨 Janela de confirmação de programação de OS detectada
2026-04-09 11:00:08,557 - INFO - 🟨 Janela de aviso de edição de OS programadas detectada
2026-04-09 11:00:15,791 - INFO - ⌛ aguardando janela de programação de lote de OS...
2026-04-09 11:00:42,378 - INFO - 🟨 Janela de aviso de substituição de lote de OS detectada
2026-04-09 11:01:02,490 - INFO - ⌛ aguardando janela de programação de lote de OS...
2026-04-09 11:01:29,007 - INFO - 🟨 Janela de aviso de substituição de lote de OS detectada
2026-04-09 11:01:49,118 - INFO - ⌛ aguardando janela de programação de lote de OS...
2026-04-09 11:01:49,942 - INFO - 🟨 Identificado falha no EQM
2026-04-09 11:01:49,942 - INFO - Capturando print...
2026-04-09 11:02:35,948 - INFO - ⌛ Aguardando janela de confirmação de programação de OS...
2026-04-09 11:03:02,336 - INFO - 🟨 Janela de confirmação de programação de OS detectada
2026-04-09 11:03:15,988 - INFO - 🟨 Janela de aviso de edição de OS programadas detectada
2026-04-09 11:03:23,201 - INFO - ⌛ aguardando janela de programação de lote de OS...
2026-04-09 11:03:49,788 - INFO - 🟨 Janela de aviso de substituição de lote de OS detectada
2026-04-09 11:04:09,893 - INFO - ⌛ aguardando janela de programação de lote de OS...
2026-04-09 11:04:36,396 - INFO - 🟨 Janela de aviso de substituição de lote de OS detectada
2026-04-09 11:04:56,508 - INFO - ⌛ aguardando janela de programação de lote de OS...
2026-04-09 11:05:22,867 - INFO - 🟨 Janela de aviso de substituição de lote de OS detectada
2026-04-09 11:05:42,975 - INFO - ⌛ aguardando janela de programação de lote de OS...
2026-04-09 11:06:09,428 - INFO - 🟨 Janela de aviso de substituição de lote de OS detectada
2026-04-09 11:06:29,541 - INFO - ⌛ aguardando janela de programação de lote de OS...
2026-04-09 11:06:56,022 - INFO - 🟨 Janela de aviso de substituição de lote de OS detectada
2026-04-09 11:07:16,129 - INFO - ⌛ aguardando janela de programação de lote de OS...
2026-04-09 11:07:42,631 - INFO - 🟨 Janela de aviso de substituição de lote de OS detectada
2026-04-09 11:08:02,741 - INFO - ⌛ aguardando janela de programação de lote de OS...
2026-04-09 11:08:29,172 - INFO - 🟨 Janela de aviso de substituição de lote de OS detectada
2026-04-09 11:08:49,288 - INFO - ⌛ aguardando janela de programação de lote de OS...
2026-04-09 11:09:15,826 - INFO - 🟨 Janela de programação de lote de OS detectada
2026-04-09 11:10:05,783 - INFO - 🟨 Janela de confirmação de programação de lote de OS detectada
2026-04-09 11:10:10,285 - INFO - ⌛ aguardando confirmação final de programação do lote
2026-04-09 11:10:36,797 - INFO - ⌛ aguardando confirmação final de programação do lote
2026-04-09 11:11:03,830 - INFO - 🟨 programação do lote 5 efetuado com sucesso
2026-04-09 11:11:13,937 - INFO - 
=== Iniciando lote 6/6 [LM] ===
2026-04-09 11:11:13,937 - INFO - 
=== abrir_janela_selecao ===
2026-04-09 11:11:20,254 - INFO - 
=== rotina abrir_selecao_colar_os ===
2026-04-09 11:11:20,407 - INFO - Janela de seleção aberta
2026-04-09 11:11:24,767 - INFO - DEBUG: idx=5, inicio=250, fim=300
2026-04-09 11:11:24,767 - INFO - ✅ 19 OS copiadas para a área de transferência.
2026-04-09 11:11:24,767 - INFO - 📋 Lote 6 copiado.
2026-04-09 11:11:33,092 - INFO - ⌛ Esperando mudança visual...
2026-04-09 11:11:34,111 - INFO - ⌛ Esperando mudança visual...
2026-04-09 11:11:35,129 - INFO - ⌛ Esperando mudança visual...
2026-04-09 11:11:36,142 - INFO - ⌛ Esperando mudança visual...
2026-04-09 11:11:37,160 - INFO - ⌛ Esperando mudança visual...
2026-04-09 11:11:38,173 - INFO - ⌛ Esperando mudança visual...
2026-04-09 11:11:39,189 - INFO - ⌛ Esperando mudança visual...
2026-04-09 11:11:40,204 - INFO - ⌛ Esperando mudança visual...
2026-04-09 11:11:41,221 - INFO - ⌛ Esperando mudança visual...
2026-04-09 11:11:42,236 - INFO - ⌛ Esperando mudança visual...
2026-04-09 11:11:43,252 - INFO - ⌛ Esperando mudança visual...
2026-04-09 11:11:44,270 - INFO - ⌛ Esperando mudança visual...
2026-04-09 11:11:45,282 - INFO - ✅ Tela carregada!
2026-04-09 11:11:49,289 - INFO - 
=== rotina desbloquear_os ===
2026-04-09 11:11:55,873 - INFO - ⌛ Aguardando janela de confirmação de desbloqueio...
2026-04-09 11:12:11,851 - INFO - ⌛ Aguardando janela de confirmação de desbloqueio...
2026-04-09 11:12:27,819 - INFO - 🟨 Registros desbloqueados com sucesso
2026-04-09 11:12:31,924 - INFO - 
=== rotina editar_os ===
2026-04-09 11:12:41,572 - INFO - 🟨 OS programadas detectadas
2026-04-09 11:12:44,677 - INFO - ⌛ Aguardando janela de edição de OS...
2026-04-09 11:13:00,918 - INFO - 🟨 Janela de edição de OS detectada
2026-04-09 11:13:22,386 - INFO - 🟨 Janela de edição de habilidade da turma detectada
2026-04-09 11:14:40,870 - INFO - ⌛ Aguardando detecção do campo de caracteristica 'EQUIPE PRÓPRIA OU EPS' ...
2026-04-09 11:15:00,311 - INFO - 🟨 campo de caracteristica 'EQUIPE PRÓPRIA OU EPS detectado
2026-04-09 11:15:22,455 - INFO - ⌛ Aguardando confirmação 4 - editar OS...
2026-04-09 11:15:38,632 - INFO - ⌛ Aguardando confirmação 4 - editar OS...
2026-04-09 11:15:54,840 - INFO - 🟨 Janela de confirmação 4 de edição de OS detectada
2026-04-09 11:15:58,948 - INFO - 
=== rotina programar_os ===
2026-04-09 11:16:25,693 - INFO - ⌛ Aguardando janela de confirmação de programação de OS...
2026-04-09 11:16:51,851 - INFO - 🟨 Janela de confirmação de programação de OS detectada
2026-04-09 11:17:05,528 - INFO - 🟨 Janela de aviso de edição de OS programadas detectada
2026-04-09 11:17:12,752 - INFO - ⌛ aguardando janela de programação de lote de OS...
2026-04-09 11:17:39,149 - INFO - 🟨 Janela de aviso de substituição de lote de OS detectada
2026-04-09 11:17:59,255 - INFO - ⌛ aguardando janela de programação de lote de OS...
2026-04-09 11:18:25,585 - INFO - 🟨 Janela de programação de lote de OS detectada
2026-04-09 11:19:15,513 - INFO - 🟨 Janela de confirmação de programação de lote de OS detectada
2026-04-09 11:19:19,978 - INFO - ⌛ aguardando confirmação final de programação do lote
2026-04-09 11:19:46,187 - INFO - 🟨 programação do lote 6 efetuado com sucesso
2026-04-09 11:19:56,297 - INFO - 
=== Iniciando lote 1/12 [LV] ===
2026-04-09 11:19:56,297 - INFO - 
=== abrir_janela_selecao ===
2026-04-09 11:20:02,615 - INFO - 
=== rotina abrir_selecao_colar_os ===
2026-04-09 11:20:02,751 - INFO - Janela de seleção aberta
2026-04-09 11:20:07,013 - INFO - DEBUG: idx=0, inicio=0, fim=50
2026-04-09 11:20:07,013 - INFO - ✅ 50 OS copiadas para a área de transferência.
2026-04-09 11:20:07,013 - INFO - 📋 Lote 1 copiado.
2026-04-09 11:20:15,344 - INFO - ⌛ Esperando mudança visual...
2026-04-09 11:20:16,360 - INFO - ⌛ Esperando mudança visual...
2026-04-09 11:20:17,375 - INFO - ⌛ Esperando mudança visual...
2026-04-09 11:20:18,399 - INFO - ⌛ Esperando mudança visual...
2026-04-09 11:20:19,409 - INFO - ⌛ Esperando mudança visual...
2026-04-09 11:20:20,420 - INFO - ⌛ Esperando mudança visual...
2026-04-09 11:20:21,447 - INFO - ⌛ Esperando mudança visual...
2026-04-09 11:20:22,452 - INFO - ⌛ Esperando mudança visual...
2026-04-09 11:20:23,468 - INFO - ⌛ Esperando mudança visual...
2026-04-09 11:20:24,483 - INFO - ⌛ Esperando mudança visual...
2026-04-09 11:20:25,499 - INFO - ⌛ Esperando mudança visual...
2026-04-09 11:20:26,517 - INFO - ⌛ Esperando mudança visual...
2026-04-09 11:20:27,531 - INFO - ✅ Tela carregada!
2026-04-09 11:20:31,536 - INFO - 
=== rotina desbloquear_os ===
2026-04-09 11:20:38,176 - INFO - ⌛ Aguardando janela de confirmação de desbloqueio...
2026-04-09 11:20:54,390 - INFO - ⌛ Aguardando janela de confirmação de desbloqueio...
2026-04-09 11:21:10,572 - INFO - 🟨 Registros desbloqueados com sucesso
2026-04-09 11:21:14,679 - INFO - 
=== rotina editar_os ===
2026-04-09 11:21:24,312 - INFO - ⌛ Aguardando janela de edição de OS...
2026-04-09 11:21:40,563 - INFO - 🟨 OS programadas detectadas
2026-04-09 11:21:43,668 - INFO - ⌛ Aguardando janela de edição de OS...
2026-04-09 11:21:59,801 - INFO - 🟨 Janela de edição de OS detectada
2026-04-09 11:22:21,309 - INFO - 🟨 Janela de edição de habilidade da turma detectada
2026-04-09 11:23:39,790 - INFO - ⌛ Aguardando detecção do campo de caracteristica 'EQUIPE PRÓPRIA OU EPS' ...
2026-04-09 11:23:59,262 - INFO - 🟨 campo de caracteristica 'EQUIPE PRÓPRIA OU EPS detectado
2026-04-09 11:24:21,583 - INFO - ⌛ Aguardando confirmação 4 - editar OS...
2026-04-09 11:24:38,054 - INFO - ⌛ Aguardando confirmação 4 - editar OS...
2026-04-09 11:24:54,507 - INFO - ⌛ Aguardando confirmação 4 - editar OS...
2026-04-09 11:25:10,912 - INFO - ⌛ Aguardando confirmação 4 - editar OS...
2026-04-09 11:25:27,292 - INFO - ⌛ Aguardando confirmação 4 - editar OS...
2026-04-09 11:25:43,723 - INFO - ⌛ Aguardando confirmação 4 - editar OS...
2026-04-09 11:26:00,181 - INFO - 🟨 Janela de confirmação 4 de edição de OS detectada
2026-04-09 11:26:04,286 - INFO - 
=== rotina programar_os ===
2026-04-09 11:26:31,177 - INFO - ⌛ Aguardando janela de confirmação de programação de OS...
2026-04-09 11:26:57,611 - INFO - 🟨 Janela de confirmação de programação de OS detectada
2026-04-09 11:27:11,406 - INFO - 🟨 Janela de aviso de edição de OS programadas detectada
2026-04-09 11:27:18,613 - INFO - ⌛ aguardando janela de programação de lote de OS...
2026-04-09 11:27:45,260 - INFO - 🟨 Janela de aviso de substituição de lote de OS detectada
2026-04-09 11:28:05,366 - INFO - ⌛ aguardando janela de programação de lote de OS...
2026-04-09 11:28:31,948 - INFO - 🟨 Janela de aviso de substituição de lote de OS detectada
2026-04-09 11:28:52,054 - INFO - ⌛ aguardando janela de programação de lote de OS...
2026-04-09 11:29:18,713 - INFO - 🟨 Janela de programação de lote de OS detectada
2026-04-09 11:30:08,781 - INFO - 🟨 Janela de confirmação de programação de lote de OS detectada
2026-04-09 11:30:13,327 - INFO - ⌛ aguardando confirmação final de programação do lote
2026-04-09 11:30:39,764 - INFO - ⌛ aguardando confirmação final de programação do lote
2026-04-09 11:31:06,220 - INFO - 🟨 programação do lote 1 efetuado com sucesso
2026-04-09 11:31:16,334 - INFO - 
=== Iniciando lote 2/12 [LV] ===
2026-04-09 11:31:16,334 - INFO - 
=== abrir_janela_selecao ===
2026-04-09 11:31:22,661 - INFO - 
=== rotina abrir_selecao_colar_os ===
2026-04-09 11:31:22,871 - INFO - Janela de seleção aberta
2026-04-09 11:31:27,180 - INFO - DEBUG: idx=1, inicio=50, fim=100
2026-04-09 11:31:27,180 - INFO - ✅ 50 OS copiadas para a área de transferência.
2026-04-09 11:31:27,180 - INFO - 📋 Lote 2 copiado.
2026-04-09 11:31:35,517 - INFO - ⌛ Esperando mudança visual...
2026-04-09 11:31:36,533 - INFO - ⌛ Esperando mudança visual...
2026-04-09 11:31:37,548 - INFO - ⌛ Esperando mudança visual...
2026-04-09 11:31:38,564 - INFO - ⌛ Esperando mudança visual...
2026-04-09 11:31:39,584 - INFO - ⌛ Esperando mudança visual...
2026-04-09 11:31:40,598 - INFO - ⌛ Esperando mudança visual...
2026-04-09 11:31:41,611 - INFO - ⌛ Esperando mudança visual...
2026-04-09 11:31:42,631 - INFO - ⌛ Esperando mudança visual...
2026-04-09 11:31:43,642 - INFO - ⌛ Esperando mudança visual...
2026-04-09 11:31:44,658 - INFO - ⌛ Esperando mudança visual...
2026-04-09 11:31:45,677 - INFO - ⌛ Esperando mudança visual...
2026-04-09 11:31:46,693 - INFO - ⌛ Esperando mudança visual...
2026-04-09 11:31:47,708 - INFO - ⌛ Esperando mudança visual...
2026-04-09 11:31:48,724 - INFO - ✅ Tela carregada!
2026-04-09 11:31:52,726 - INFO - 
=== rotina desbloquear_os ===
2026-04-09 11:31:59,385 - INFO - ⌛ Aguardando janela de confirmação de desbloqueio...
2026-04-09 11:32:15,532 - INFO - ⌛ Aguardando janela de confirmação de desbloqueio...
2026-04-09 11:32:31,774 - INFO - 🟨 Registros desbloqueados com sucesso
2026-04-09 11:32:35,885 - INFO - 
=== rotina editar_os ===
2026-04-09 11:32:45,582 - INFO - ⌛ Aguardando janela de edição de OS...
2026-04-09 11:33:02,023 - INFO - 🟨 OS programadas detectadas
2026-04-09 11:33:05,129 - INFO - ⌛ Aguardando janela de edição de OS...
2026-04-09 11:33:21,530 - INFO - 🟨 Janela de edição de OS detectada
2026-04-09 11:33:43,037 - INFO - 🟨 Janela de edição de habilidade da turma detectada
2026-04-09 11:35:01,523 - INFO - ⌛ Aguardando detecção do campo de caracteristica 'EQUIPE PRÓPRIA OU EPS' ...
2026-04-09 11:35:20,996 - INFO - 🟨 campo de caracteristica 'EQUIPE PRÓPRIA OU EPS detectado
2026-04-09 11:35:43,196 - INFO - ⌛ Aguardando confirmação 4 - editar OS...
2026-04-09 11:35:59,411 - INFO - ⌛ Aguardando confirmação 4 - editar OS...
2026-04-09 11:36:15,665 - INFO - ⌛ Aguardando confirmação 4 - editar OS...
2026-04-09 11:36:31,948 - INFO - ⌛ Aguardando confirmação 4 - editar OS...
2026-04-09 11:36:48,223 - INFO - ⌛ Aguardando confirmação 4 - editar OS...
2026-04-09 11:37:04,527 - INFO - 🟨 Janela de confirmação 4 de edição de OS detectada
2026-04-09 11:37:08,636 - INFO - 
=== rotina programar_os ===
2026-04-09 11:37:35,462 - INFO - ⌛ Aguardando janela de confirmação de programação de OS...
2026-04-09 11:38:01,699 - INFO - 🟨 Janela de confirmação de programação de OS detectada
2026-04-09 11:38:15,271 - INFO - 🟨 Janela de aviso de edição de OS programadas detectada
2026-04-09 11:38:22,499 - INFO - ⌛ aguardando janela de programação de lote de OS...
2026-04-09 11:38:48,945 - INFO - 🟨 Janela de aviso de substituição de lote de OS detectada
2026-04-09 11:39:09,058 - INFO - ⌛ aguardando janela de programação de lote de OS...
2026-04-09 11:39:35,352 - INFO - 🟨 Janela de aviso de substituição de lote de OS detectada
2026-04-09 11:39:55,463 - INFO - ⌛ aguardando janela de programação de lote de OS...
2026-04-09 11:40:21,919 - INFO - 🟨 Janela de programação de lote de OS detectada
2026-04-09 11:41:11,799 - INFO - 🟨 Janela de confirmação de programação de lote de OS detectada
2026-04-09 11:41:16,232 - INFO - ⌛ aguardando confirmação final de programação do lote
2026-04-09 11:41:42,378 - INFO - ⌛ aguardando confirmação final de programação do lote
2026-04-09 11:42:08,544 - INFO - 🟨 programação do lote 2 efetuado com sucesso
2026-04-09 11:42:18,655 - INFO - 
=== Iniciando lote 3/12 [LV] ===
2026-04-09 11:42:18,655 - INFO - 
=== abrir_janela_selecao ===
2026-04-09 11:42:24,971 - INFO - 
=== rotina abrir_selecao_colar_os ===
2026-04-09 11:42:25,133 - INFO - Janela de seleção aberta
2026-04-09 11:42:29,484 - INFO - DEBUG: idx=2, inicio=100, fim=150
2026-04-09 11:42:29,484 - INFO - ✅ 50 OS copiadas para a área de transferência.
2026-04-09 11:42:29,484 - INFO - 📋 Lote 3 copiado.
2026-04-09 11:42:37,812 - INFO - ⌛ Esperando mudança visual...
2026-04-09 11:42:38,826 - INFO - ⌛ Esperando mudança visual...
2026-04-09 11:42:39,842 - INFO - ⌛ Esperando mudança visual...
2026-04-09 11:42:40,858 - INFO - ⌛ Esperando mudança visual...
2026-04-09 11:42:41,875 - INFO - ⌛ Esperando mudança visual...
2026-04-09 11:42:42,885 - INFO - ⌛ Esperando mudança visual...
2026-04-09 11:42:43,911 - INFO - ⌛ Esperando mudança visual...
2026-04-09 11:42:44,919 - INFO - ⌛ Esperando mudança visual...
2026-04-09 11:42:45,935 - INFO - ⌛ Esperando mudança visual...
2026-04-09 11:42:46,959 - INFO - ⌛ Esperando mudança visual...
2026-04-09 11:42:47,976 - INFO - ⌛ Esperando mudança visual...
2026-04-09 11:42:48,994 - INFO - ✅ Tela carregada!
2026-04-09 11:42:52,999 - INFO - 
=== rotina desbloquear_os ===
2026-04-09 11:42:59,578 - INFO - ⌛ Aguardando janela de confirmação de desbloqueio...
2026-04-09 11:43:15,577 - INFO - ⌛ Aguardando janela de confirmação de desbloqueio...
2026-04-09 11:43:31,565 - INFO - 🟨 Registros desbloqueados com sucesso
2026-04-09 11:43:35,671 - INFO - 
=== rotina editar_os ===
2026-04-09 11:43:45,309 - INFO - ⌛ Aguardando janela de edição de OS...
2026-04-09 11:44:01,461 - INFO - 🟨 OS programadas detectadas
2026-04-09 11:44:04,570 - INFO - ⌛ Aguardando janela de edição de OS...
2026-04-09 11:44:20,751 - INFO - 🟨 Janela de edição de OS detectada
2026-04-09 11:44:42,260 - INFO - 🟨 Janela de edição de habilidade da turma detectada
2026-04-09 11:46:00,732 - INFO - ⌛ Aguardando detecção do campo de caracteristica 'EQUIPE PRÓPRIA OU EPS' ...
2026-04-09 11:46:20,238 - INFO - 🟨 campo de caracteristica 'EQUIPE PRÓPRIA OU EPS detectado
2026-04-09 11:46:42,427 - INFO - ⌛ Aguardando confirmação 4 - editar OS...
2026-04-09 11:46:58,834 - INFO - ⌛ Aguardando confirmação 4 - editar OS...
2026-04-09 11:47:15,288 - INFO - ⌛ Aguardando confirmação 4 - editar OS...
2026-04-09 11:47:31,627 - INFO - ⌛ Aguardando confirmação 4 - editar OS...
2026-04-09 11:47:47,893 - INFO - ⌛ Aguardando confirmação 4 - editar OS...
2026-04-09 11:48:03,932 - INFO - 🟨 Janela de confirmação 4 de edição de OS detectada
2026-04-09 11:48:08,036 - INFO - 
=== rotina programar_os ===
2026-04-09 11:48:34,589 - INFO - ⌛ Aguardando janela de confirmação de programação de OS...
2026-04-09 11:49:00,029 - INFO - 🟨 Janela de confirmação de programação de OS detectada
2026-04-09 11:49:13,307 - INFO - 🟨 Janela de aviso de edição de OS programadas detectada
2026-04-09 11:49:20,516 - INFO - ⌛ aguardando janela de programação de lote de OS...
2026-04-09 11:49:46,008 - INFO - 🟨 Janela de aviso de substituição de lote de OS detectada
2026-04-09 11:50:06,114 - INFO - ⌛ aguardando janela de programação de lote de OS...
2026-04-09 11:50:31,619 - INFO - ⌛ aguardando janela de programação de lote de OS...
2026-04-09 11:50:31,872 - INFO - 🟨 Identificado falha no EQM
2026-04-09 11:50:31,872 - INFO - Capturando print...
2026-04-09 11:51:17,468 - INFO - ⌛ Aguardando janela de confirmação de programação de OS...
2026-04-09 11:51:42,916 - INFO - 🟨 Janela de confirmação de programação de OS detectada
2026-04-09 11:51:56,183 - INFO - 🟨 Janela de aviso de edição de OS programadas detectada
2026-04-09 11:52:03,398 - INFO - ⌛ aguardando janela de programação de lote de OS...
2026-04-09 11:52:28,889 - INFO - 🟨 Janela de aviso de substituição de lote de OS detectada
2026-04-09 11:52:48,994 - INFO - ⌛ aguardando janela de programação de lote de OS...
2026-04-09 11:53:14,468 - INFO - 🟨 Janela de aviso de substituição de lote de OS detectada
2026-04-09 11:53:34,573 - INFO - ⌛ aguardando janela de programação de lote de OS...
2026-04-09 11:54:00,084 - INFO - 🟨 Janela de programação de lote de OS detectada
2026-04-09 11:54:49,599 - INFO - 🟨 Janela de confirmação de programação de lote de OS detectada
2026-04-09 11:54:53,812 - INFO - ⌛ aguardando confirmação final de programação do lote
2026-04-09 11:55:19,286 - INFO - ⌛ aguardando confirmação final de programação do lote
2026-04-09 11:55:44,776 - INFO - 🟨 programação do lote 3 efetuado com sucesso
2026-04-09 11:55:54,893 - INFO - 
=== Iniciando lote 4/12 [LV] ===
2026-04-09 11:55:54,893 - INFO - 
=== abrir_janela_selecao ===
2026-04-09 11:56:01,211 - INFO - 
=== rotina abrir_selecao_colar_os ===
2026-04-09 11:56:01,255 - INFO - Janela de seleção aberta
2026-04-09 11:56:05,490 - INFO - DEBUG: idx=3, inicio=150, fim=200
2026-04-09 11:56:05,490 - INFO - ✅ 50 OS copiadas para a área de transferência.
2026-04-09 11:56:05,490 - INFO - 📋 Lote 4 copiado.
2026-04-09 11:56:13,821 - INFO - ⌛ Esperando mudança visual...
2026-04-09 11:56:14,822 - INFO - ⌛ Esperando mudança visual...
2026-04-09 11:56:15,846 - INFO - ⌛ Esperando mudança visual...
2026-04-09 11:56:16,864 - INFO - ⌛ Esperando mudança visual...
2026-04-09 11:56:17,880 - INFO - ⌛ Esperando mudança visual...
2026-04-09 11:56:18,896 - INFO - ⌛ Esperando mudança visual...
2026-04-09 11:56:19,917 - INFO - ⌛ Esperando mudança visual...
2026-04-09 11:56:20,927 - INFO - ⌛ Esperando mudança visual...
2026-04-09 11:56:21,943 - INFO - ⌛ Esperando mudança visual...
2026-04-09 11:56:22,959 - INFO - ⌛ Esperando mudança visual...
2026-04-09 11:56:23,974 - INFO - ✅ Tela carregada!
2026-04-09 11:56:27,984 - INFO - 
=== rotina desbloquear_os ===
2026-04-09 11:56:34,458 - INFO - ⌛ Aguardando janela de confirmação de desbloqueio...
2026-04-09 11:56:49,863 - INFO - ⌛ Aguardando janela de confirmação de desbloqueio...
2026-04-09 11:57:05,251 - INFO - 🟨 Registros desbloqueados com sucesso
2026-04-09 11:57:09,355 - INFO - 
=== rotina editar_os ===
2026-04-09 11:57:18,762 - INFO - ⌛ Aguardando janela de edição de OS...
2026-04-09 11:57:34,248 - INFO - 🟨 OS programadas detectadas
2026-04-09 11:57:37,352 - INFO - ⌛ Aguardando janela de edição de OS...
2026-04-09 11:57:52,785 - INFO - 🟨 Janela de edição de OS detectada
2026-04-09 11:58:14,153 - INFO - 🟨 Janela de edição de habilidade da turma detectada
2026-04-09 11:59:32,476 - INFO - ⌛ Aguardando detecção do campo de caracteristica 'EQUIPE PRÓPRIA OU EPS' ...
2026-04-09 11:59:51,832 - INFO - 🟨 campo de caracteristica 'EQUIPE PRÓPRIA OU EPS detectado
2026-04-09 12:00:13,640 - INFO - ⌛ Aguardando confirmação 4 - editar OS...
2026-04-09 12:00:29,089 - INFO - ⌛ Aguardando confirmação 4 - editar OS...
2026-04-09 12:00:44,574 - INFO - ⌛ Aguardando confirmação 4 - editar OS...
2026-04-09 12:01:00,091 - INFO - ⌛ Aguardando confirmação 4 - editar OS...
2026-04-09 12:01:15,546 - INFO - ⌛ Aguardando confirmação 4 - editar OS...
2026-04-09 12:01:30,998 - INFO - ⌛ Aguardando confirmação 4 - editar OS...
2026-04-09 12:01:46,459 - INFO - 🟨 Janela de confirmação 4 de edição de OS detectada
2026-04-09 12:01:50,568 - INFO - 
=== rotina programar_os ===
2026-04-09 12:02:17,097 - INFO - ⌛ Aguardando janela de confirmação de programação de OS...
2026-04-09 12:02:42,515 - INFO - 🟨 Janela de confirmação de programação de OS detectada
2026-04-09 12:02:55,770 - INFO - 🟨 Janela de aviso de edição de OS programadas detectada
2026-04-09 12:03:02,986 - INFO - ⌛ aguardando janela de programação de lote de OS...
2026-04-09 12:03:28,482 - INFO - 🟨 Janela de aviso de substituição de lote de OS detectada
2026-04-09 12:03:48,597 - INFO - ⌛ aguardando janela de programação de lote de OS...
2026-04-09 12:04:14,078 - INFO - ⌛ aguardando janela de programação de lote de OS...
2026-04-09 12:04:14,321 - INFO - 🟨 Identificado falha no EQM
2026-04-09 12:04:14,321 - INFO - Capturando print...
2026-04-09 12:04:59,898 - INFO - ⌛ Aguardando janela de confirmação de programação de OS...
2026-04-09 12:05:25,315 - INFO - 🟨 Janela de confirmação de programação de OS detectada
2026-04-09 12:05:38,576 - INFO - 🟨 Janela de aviso de edição de OS programadas detectada
2026-04-09 12:05:45,792 - INFO - ⌛ aguardando janela de programação de lote de OS...
2026-04-09 12:06:11,356 - INFO - 🟨 Janela de aviso de substituição de lote de OS detectada
2026-04-09 12:06:31,463 - INFO - ⌛ aguardando janela de programação de lote de OS...
2026-04-09 12:06:56,981 - INFO - 🟨 Janela de programação de lote de OS detectada
2026-04-09 12:07:46,512 - INFO - 🟨 Janela de confirmação de programação de lote de OS detectada
2026-04-09 12:07:50,739 - INFO - ⌛ aguardando confirmação final de programação do lote
2026-04-09 12:08:16,184 - INFO - ⌛ aguardando confirmação final de programação do lote
2026-04-09 12:08:41,668 - INFO - 🟨 programação do lote 4 efetuado com sucesso
2026-04-09 12:08:51,774 - INFO - 
=== Iniciando lote 5/12 [LV] ===
2026-04-09 12:08:51,774 - INFO - 
=== abrir_janela_selecao ===
2026-04-09 12:08:58,084 - INFO - 
=== rotina abrir_selecao_colar_os ===
2026-04-09 12:08:58,128 - INFO - Janela de seleção aberta
2026-04-09 12:09:02,358 - INFO - DEBUG: idx=4, inicio=200, fim=250
2026-04-09 12:09:02,358 - INFO - ✅ 50 OS copiadas para a área de transferência.
2026-04-09 12:09:02,358 - INFO - 📋 Lote 5 copiado.
2026-04-09 12:09:10,697 - INFO - ⌛ Esperando mudança visual...
2026-04-09 12:09:11,718 - INFO - ⌛ Esperando mudança visual...
2026-04-09 12:09:12,736 - INFO - ⌛ Esperando mudança visual...
2026-04-09 12:09:13,757 - INFO - ⌛ Esperando mudança visual...
2026-04-09 12:09:14,759 - INFO - ⌛ Esperando mudança visual...
2026-04-09 12:09:15,772 - INFO - ⌛ Esperando mudança visual...
2026-04-09 12:09:16,788 - INFO - ⌛ Esperando mudança visual...
2026-04-09 12:09:17,806 - INFO - ⌛ Esperando mudança visual...
2026-04-09 12:09:18,822 - INFO - ⌛ Esperando mudança visual...
2026-04-09 12:09:19,843 - INFO - ⌛ Esperando mudança visual...
2026-04-09 12:09:20,856 - INFO - ✅ Tela carregada!
2026-04-09 12:09:24,858 - INFO - 
=== rotina desbloquear_os ===
2026-04-09 12:09:31,326 - INFO - ⌛ Aguardando janela de confirmação de desbloqueio...
2026-04-09 12:09:46,704 - INFO - ⌛ Aguardando janela de confirmação de desbloqueio...
2026-04-09 12:10:02,115 - INFO - 🟨 Registros desbloqueados com sucesso
2026-04-09 12:10:06,220 - INFO - 
=== rotina editar_os ===
2026-04-09 12:10:15,631 - INFO - ⌛ Aguardando janela de edição de OS...
2026-04-09 12:10:31,089 - INFO - 🟨 OS programadas detectadas
2026-04-09 12:10:34,198 - INFO - ⌛ Aguardando janela de edição de OS...
2026-04-09 12:10:49,672 - INFO - 🟨 Janela de edição de OS detectada
2026-04-09 12:11:11,032 - INFO - 🟨 Janela de edição de habilidade da turma detectada
2026-04-09 12:12:29,350 - INFO - ⌛ Aguardando detecção do campo de caracteristica 'EQUIPE PRÓPRIA OU EPS' ...
2026-04-09 12:12:48,700 - INFO - 🟨 campo de caracteristica 'EQUIPE PRÓPRIA OU EPS detectado
2026-04-09 12:13:10,502 - INFO - ⌛ Aguardando confirmação 4 - editar OS...
2026-04-09 12:13:25,959 - INFO - ⌛ Aguardando confirmação 4 - editar OS...
2026-04-09 12:13:41,433 - INFO - ⌛ Aguardando confirmação 4 - editar OS...
2026-04-09 12:13:56,875 - INFO - ⌛ Aguardando confirmação 4 - editar OS...
2026-04-09 12:14:12,327 - INFO - ⌛ Aguardando confirmação 4 - editar OS...
2026-04-09 12:14:27,746 - INFO - 🟨 Janela de confirmação 4 de edição de OS detectada
2026-04-09 12:14:31,863 - INFO - 
=== rotina programar_os ===
2026-04-09 12:14:58,379 - INFO - ⌛ Aguardando janela de confirmação de programação de OS...
2026-04-09 12:15:23,821 - INFO - 🟨 Janela de confirmação de programação de OS detectada
2026-04-09 12:15:37,095 - INFO - 🟨 Janela de aviso de edição de OS programadas detectada
2026-04-09 12:15:44,316 - INFO - ⌛ aguardando janela de programação de lote de OS...
2026-04-09 12:16:09,854 - INFO - 🟨 Janela de aviso de substituição de lote de OS detectada
2026-04-09 12:16:29,960 - INFO - ⌛ aguardando janela de programação de lote de OS...
2026-04-09 12:16:55,487 - INFO - 🟨 Janela de programação de lote de OS detectada
2026-04-09 12:17:44,996 - INFO - 🟨 Janela de confirmação de programação de lote de OS detectada
2026-04-09 12:17:49,213 - INFO - ⌛ aguardando confirmação final de programação do lote
2026-04-09 12:18:14,654 - INFO - ⌛ aguardando confirmação final de programação do lote
2026-04-09 12:18:40,080 - INFO - 🟨 programação do lote 5 efetuado com sucesso
2026-04-09 12:18:50,199 - INFO - 
=== Iniciando lote 6/12 [LV] ===
2026-04-09 12:18:50,199 - INFO - 
=== abrir_janela_selecao ===
2026-04-09 12:18:56,508 - INFO - 
=== rotina abrir_selecao_colar_os ===
2026-04-09 12:18:56,566 - INFO - Janela de seleção aberta
2026-04-09 12:19:00,812 - INFO - DEBUG: idx=5, inicio=250, fim=300
2026-04-09 12:19:00,812 - INFO - ✅ 50 OS copiadas para a área de transferência.
2026-04-09 12:19:00,812 - INFO - 📋 Lote 6 copiado.
2026-04-09 12:19:09,141 - INFO - ⌛ Esperando mudança visual...
2026-04-09 12:19:10,156 - INFO - ⌛ Esperando mudança visual...
2026-04-09 12:19:11,167 - INFO - ⌛ Esperando mudança visual...
2026-04-09 12:19:12,168 - INFO - ⌛ Esperando mudança visual...
2026-04-09 12:19:13,181 - INFO - ⌛ Esperando mudança visual...
2026-04-09 12:19:14,196 - INFO - ⌛ Esperando mudança visual...
2026-04-09 12:19:15,214 - INFO - ⌛ Esperando mudança visual...
2026-04-09 12:19:16,230 - INFO - ⌛ Esperando mudança visual...
2026-04-09 12:19:17,246 - INFO - ⌛ Esperando mudança visual...
2026-04-09 12:19:18,261 - INFO - ⌛ Esperando mudança visual...
2026-04-09 12:19:19,277 - INFO - ⌛ Esperando mudança visual...
2026-04-09 12:19:20,291 - INFO - ✅ Tela carregada!
2026-04-09 12:19:24,298 - INFO - 
=== rotina desbloquear_os ===
2026-04-09 12:19:30,754 - INFO - ⌛ Aguardando janela de confirmação de desbloqueio...
2026-04-09 12:19:46,141 - INFO - ⌛ Aguardando janela de confirmação de desbloqueio...
2026-04-09 12:20:01,573 - INFO - 🟨 Registros desbloqueados com sucesso
2026-04-09 12:20:05,679 - INFO - 
=== rotina editar_os ===
2026-04-09 12:20:15,089 - INFO - ⌛ Aguardando janela de edição de OS...
2026-04-09 12:20:30,552 - INFO - 🟨 OS programadas detectadas
2026-04-09 12:20:33,656 - INFO - ⌛ Aguardando janela de edição de OS...
2026-04-09 12:20:49,133 - INFO - 🟨 Janela de edição de OS detectada
2026-04-09 12:21:10,489 - INFO - 🟨 Janela de edição de habilidade da turma detectada
2026-04-09 12:22:28,814 - INFO - ⌛ Aguardando detecção do campo de caracteristica 'EQUIPE PRÓPRIA OU EPS' ...
2026-04-09 12:22:48,149 - INFO - 🟨 campo de caracteristica 'EQUIPE PRÓPRIA OU EPS detectado
2026-04-09 12:23:09,949 - INFO - ⌛ Aguardando confirmação 4 - editar OS...
2026-04-09 12:23:25,372 - INFO - ⌛ Aguardando confirmação 4 - editar OS...
2026-04-09 12:23:40,864 - INFO - ⌛ Aguardando confirmação 4 - editar OS...
2026-04-09 12:23:56,315 - INFO - ⌛ Aguardando confirmação 4 - editar OS...
2026-04-09 12:24:11,752 - INFO - ⌛ Aguardando confirmação 4 - editar OS...
2026-04-09 12:24:27,199 - INFO - 🟨 Janela de confirmação 4 de edição de OS detectada
2026-04-09 12:24:31,304 - INFO - 
=== rotina programar_os ===
2026-04-09 12:24:57,834 - INFO - ⌛ Aguardando janela de confirmação de programação de OS...
2026-04-09 12:25:23,270 - INFO - 🟨 Janela de confirmação de programação de OS detectada
2026-04-09 12:25:36,561 - INFO - 🟨 Janela de aviso de edição de OS programadas detectada
2026-04-09 12:25:43,790 - INFO - ⌛ aguardando janela de programação de lote de OS...
2026-04-09 12:26:09,333 - INFO - 🟨 Janela de aviso de substituição de lote de OS detectada
2026-04-09 12:26:29,440 - INFO - ⌛ aguardando janela de programação de lote de OS...
2026-04-09 12:26:55,003 - INFO - 🟨 Janela de aviso de substituição de lote de OS detectada
2026-04-09 12:27:15,112 - INFO - ⌛ aguardando janela de programação de lote de OS...
2026-04-09 12:27:40,619 - INFO - 🟨 Janela de programação de lote de OS detectada
2026-04-09 12:28:30,145 - INFO - 🟨 Janela de confirmação de programação de lote de OS detectada
2026-04-09 12:28:34,359 - INFO - ⌛ aguardando confirmação final de programação do lote
2026-04-09 12:28:59,820 - INFO - ⌛ aguardando confirmação final de programação do lote
2026-04-09 12:29:25,301 - INFO - 🟨 programação do lote 6 efetuado com sucesso
2026-04-09 12:29:35,413 - INFO - 
=== Iniciando lote 7/12 [LV] ===
2026-04-09 12:29:35,413 - INFO - 
=== abrir_janela_selecao ===
2026-04-09 12:29:41,723 - INFO - 
=== rotina abrir_selecao_colar_os ===
2026-04-09 12:29:41,774 - INFO - Janela de seleção aberta
2026-04-09 12:29:46,016 - INFO - DEBUG: idx=6, inicio=300, fim=350
2026-04-09 12:29:46,016 - INFO - ✅ 50 OS copiadas para a área de transferência.
2026-04-09 12:29:46,016 - INFO - 📋 Lote 7 copiado.
2026-04-09 12:29:54,346 - INFO - ⌛ Esperando mudança visual...
2026-04-09 12:29:55,362 - INFO - ⌛ Esperando mudança visual...
2026-04-09 12:29:56,379 - INFO - ⌛ Esperando mudança visual...
2026-04-09 12:29:57,393 - INFO - ⌛ Esperando mudança visual...
2026-04-09 12:29:58,408 - INFO - ⌛ Esperando mudança visual...
2026-04-09 12:29:59,426 - INFO - ⌛ Esperando mudança visual...
2026-04-09 12:30:00,440 - INFO - ⌛ Esperando mudança visual...
2026-04-09 12:30:01,456 - INFO - ⌛ Esperando mudança visual...
2026-04-09 12:30:02,471 - INFO - ⌛ Esperando mudança visual...
2026-04-09 12:30:03,504 - INFO - ⌛ Esperando mudança visual...
2026-04-09 12:30:04,520 - INFO - ✅ Tela carregada!
2026-04-09 12:30:08,529 - INFO - 
=== rotina desbloquear_os ===
2026-04-09 12:30:15,014 - INFO - ⌛ Aguardando janela de confirmação de desbloqueio...
2026-04-09 12:30:30,415 - INFO - ⌛ Aguardando janela de confirmação de desbloqueio...
2026-04-09 12:30:45,801 - INFO - 🟨 Registros desbloqueados com sucesso
2026-04-09 12:30:49,910 - INFO - 
=== rotina editar_os ===
2026-04-09 12:30:59,322 - INFO - ⌛ Aguardando janela de edição de OS...
2026-04-09 12:31:14,761 - INFO - 🟨 OS programadas detectadas
2026-04-09 12:31:17,871 - INFO - ⌛ Aguardando janela de edição de OS...
2026-04-09 12:31:33,313 - INFO - 🟨 Janela de edição de OS detectada
2026-04-09 12:31:54,662 - INFO - 🟨 Janela de edição de habilidade da turma detectada
2026-04-09 12:33:12,966 - INFO - ⌛ Aguardando detecção do campo de caracteristica 'EQUIPE PRÓPRIA OU EPS' ...
2026-04-09 12:33:32,325 - INFO - 🟨 campo de caracteristica 'EQUIPE PRÓPRIA OU EPS detectado
2026-04-09 12:33:54,114 - INFO - ⌛ Aguardando confirmação 4 - editar OS...
2026-04-09 12:34:09,574 - INFO - ⌛ Aguardando confirmação 4 - editar OS...
2026-04-09 12:34:25,054 - INFO - ⌛ Aguardando confirmação 4 - editar OS...
2026-04-09 12:34:40,511 - INFO - ⌛ Aguardando confirmação 4 - editar OS...
2026-04-09 12:34:55,958 - INFO - ⌛ Aguardando confirmação 4 - editar OS...
2026-04-09 12:35:11,412 - INFO - 🟨 Janela de confirmação 4 de edição de OS detectada
2026-04-09 12:35:15,522 - INFO - 
=== rotina programar_os ===
2026-04-09 12:35:42,114 - INFO - ⌛ Aguardando janela de confirmação de programação de OS...
2026-04-09 12:36:07,582 - INFO - 🟨 Janela de confirmação de programação de OS detectada
2026-04-09 12:36:20,859 - INFO - 🟨 Janela de aviso de edição de OS programadas detectada
2026-04-09 12:36:28,068 - INFO - ⌛ aguardando janela de programação de lote de OS...
2026-04-09 12:36:53,588 - INFO - 🟨 Janela de aviso de substituição de lote de OS detectada
2026-04-09 12:37:13,703 - INFO - ⌛ aguardando janela de programação de lote de OS...
2026-04-09 12:37:39,222 - INFO - 🟨 Janela de programação de lote de OS detectada
2026-04-09 12:38:28,797 - INFO - 🟨 Janela de confirmação de programação de lote de OS detectada
2026-04-09 12:38:33,031 - INFO - ⌛ aguardando confirmação final de programação do lote
2026-04-09 12:38:58,548 - INFO - ⌛ aguardando confirmação final de programação do lote
2026-04-09 12:39:24,029 - INFO - 🟨 programação do lote 7 efetuado com sucesso
2026-04-09 12:39:34,144 - INFO - 
=== Iniciando lote 8/12 [LV] ===
2026-04-09 12:39:34,144 - INFO - 
=== abrir_janela_selecao ===
2026-04-09 12:39:40,470 - INFO - 
=== rotina abrir_selecao_colar_os ===
2026-04-09 12:39:40,536 - INFO - Janela de seleção aberta
2026-04-09 12:39:44,764 - INFO - DEBUG: idx=7, inicio=350, fim=400
2026-04-09 12:39:44,764 - INFO - ✅ 50 OS copiadas para a área de transferência.
2026-04-09 12:39:44,764 - INFO - 📋 Lote 8 copiado.
2026-04-09 12:39:53,112 - INFO - ⌛ Esperando mudança visual...
2026-04-09 12:39:54,120 - INFO - ⌛ Esperando mudança visual...
2026-04-09 12:39:55,130 - INFO - ⌛ Esperando mudança visual...
2026-04-09 12:39:56,142 - INFO - ⌛ Esperando mudança visual...
2026-04-09 12:39:57,165 - INFO - ⌛ Esperando mudança visual...
2026-04-09 12:39:58,181 - INFO - ⌛ Esperando mudança visual...
2026-04-09 12:39:59,201 - INFO - ⌛ Esperando mudança visual...
2026-04-09 12:40:00,216 - INFO - ⌛ Esperando mudança visual...
2026-04-09 12:40:01,229 - INFO - ⌛ Esperando mudança visual...
2026-04-09 12:40:02,244 - INFO - ✅ Tela carregada!
2026-04-09 12:40:06,253 - INFO - 
=== rotina desbloquear_os ===
2026-04-09 12:40:12,744 - INFO - ⌛ Aguardando janela de confirmação de desbloqueio...
2026-04-09 12:40:28,166 - INFO - ⌛ Aguardando janela de confirmação de desbloqueio...
2026-04-09 12:40:43,596 - INFO - 🟨 Registros desbloqueados com sucesso
2026-04-09 12:40:47,701 - INFO - 
=== rotina editar_os ===
2026-04-09 12:40:57,122 - INFO - ⌛ Aguardando janela de edição de OS...
2026-04-09 12:41:12,554 - INFO - 🟨 OS programadas detectadas
2026-04-09 12:41:15,670 - INFO - ⌛ Aguardando janela de edição de OS...
2026-04-09 12:41:31,106 - INFO - 🟨 Janela de edição de OS detectada
2026-04-09 12:41:52,468 - INFO - 🟨 Janela de edição de habilidade da turma detectada
2026-04-09 12:43:10,807 - INFO - ⌛ Aguardando detecção do campo de caracteristica 'EQUIPE PRÓPRIA OU EPS' ...
2026-04-09 12:43:30,164 - INFO - 🟨 campo de caracteristica 'EQUIPE PRÓPRIA OU EPS detectado
2026-04-09 12:43:51,962 - INFO - ⌛ Aguardando confirmação 4 - editar OS...
2026-04-09 12:44:07,441 - INFO - ⌛ Aguardando confirmação 4 - editar OS...
2026-04-09 12:44:22,936 - INFO - ⌛ Aguardando confirmação 4 - editar OS...
2026-04-09 12:44:38,476 - INFO - ⌛ Aguardando confirmação 4 - editar OS...
2026-04-09 12:44:53,944 - INFO - ⌛ Aguardando confirmação 4 - editar OS...
2026-04-09 12:45:09,490 - INFO - 🟨 Janela de confirmação 4 de edição de OS detectada
2026-04-09 12:45:13,593 - INFO - 
=== rotina programar_os ===
2026-04-09 12:45:40,147 - INFO - ⌛ Aguardando janela de confirmação de programação de OS...
2026-04-09 12:46:05,627 - INFO - 🟨 Janela de confirmação de programação de OS detectada
2026-04-09 12:46:18,908 - INFO - 🟨 Janela de aviso de edição de OS programadas detectada
2026-04-09 12:46:26,114 - INFO - ⌛ aguardando janela de programação de lote de OS...
2026-04-09 12:46:51,617 - INFO - 🟨 Janela de aviso de substituição de lote de OS detectada
2026-04-09 12:47:11,725 - INFO - ⌛ aguardando janela de programação de lote de OS...
2026-04-09 12:47:37,252 - INFO - 🟨 Janela de programação de lote de OS detectada
2026-04-09 12:48:26,814 - INFO - 🟨 Janela de confirmação de programação de lote de OS detectada
2026-04-09 12:48:31,041 - INFO - ⌛ aguardando confirmação final de programação do lote
2026-04-09 12:48:56,524 - INFO - ⌛ aguardando confirmação final de programação do lote
2026-04-09 12:49:21,987 - INFO - 🟨 programação do lote 8 efetuado com sucesso
2026-04-09 12:49:32,101 - INFO - 
=== Iniciando lote 9/12 [LV] ===
2026-04-09 12:49:32,101 - INFO - 
=== abrir_janela_selecao ===
2026-04-09 12:49:38,414 - INFO - 
=== rotina abrir_selecao_colar_os ===
2026-04-09 12:49:38,474 - INFO - Janela de seleção aberta
2026-04-09 12:49:42,708 - INFO - DEBUG: idx=8, inicio=400, fim=450
2026-04-09 12:49:42,708 - INFO - ✅ 50 OS copiadas para a área de transferência.
2026-04-09 12:49:42,708 - INFO - 📋 Lote 9 copiado.
2026-04-09 12:49:51,028 - INFO - ⌛ Esperando mudança visual...
2026-04-09 12:49:52,046 - INFO - ⌛ Esperando mudança visual...
2026-04-09 12:49:53,062 - INFO - ⌛ Esperando mudança visual...
2026-04-09 12:49:54,081 - INFO - ⌛ Esperando mudança visual...
2026-04-09 12:49:55,089 - INFO - ⌛ Esperando mudança visual...
2026-04-09 12:49:56,111 - INFO - ⌛ Esperando mudança visual...
2026-04-09 12:49:57,126 - INFO - ⌛ Esperando mudança visual...
2026-04-09 12:49:58,140 - INFO - ⌛ Esperando mudança visual...
2026-04-09 12:49:59,158 - INFO - ⌛ Esperando mudança visual...
2026-04-09 12:50:00,171 - INFO - ⌛ Esperando mudança visual...
2026-04-09 12:50:01,194 - INFO - ✅ Tela carregada!
2026-04-09 12:50:05,195 - INFO - 
=== rotina desbloquear_os ===
2026-04-09 12:50:11,676 - INFO - ⌛ Aguardando janela de confirmação de desbloqueio...
2026-04-09 12:50:27,089 - INFO - ⌛ Aguardando janela de confirmação de desbloqueio...
2026-04-09 12:50:42,594 - INFO - 🟨 Registros desbloqueados com sucesso
2026-04-09 12:50:46,700 - INFO - 
=== rotina editar_os ===
2026-04-09 12:50:56,106 - INFO - ⌛ Aguardando janela de edição de OS...
2026-04-09 12:51:11,569 - INFO - 🟨 OS programadas detectadas
2026-04-09 12:51:14,673 - INFO - ⌛ Aguardando janela de edição de OS...
2026-04-09 12:51:30,104 - INFO - 🟨 Janela de edição de OS detectada
2026-04-09 12:51:51,469 - INFO - 🟨 Janela de edição de habilidade da turma detectada
2026-04-09 12:53:09,799 - INFO - ⌛ Aguardando detecção do campo de caracteristica 'EQUIPE PRÓPRIA OU EPS' ...
2026-04-09 12:53:29,163 - INFO - 🟨 campo de caracteristica 'EQUIPE PRÓPRIA OU EPS detectado
2026-04-09 12:53:50,938 - INFO - ⌛ Aguardando confirmação 4 - editar OS...
2026-04-09 12:54:06,378 - INFO - ⌛ Aguardando confirmação 4 - editar OS...
2026-04-09 12:54:21,830 - INFO - ⌛ Aguardando confirmação 4 - editar OS...
2026-04-09 12:54:37,296 - INFO - ⌛ Aguardando confirmação 4 - editar OS...
2026-04-09 12:54:52,751 - INFO - ⌛ Aguardando confirmação 4 - editar OS...
2026-04-09 12:55:08,309 - INFO - 🟨 Janela de confirmação 4 de edição de OS detectada
2026-04-09 12:55:12,413 - INFO - 
=== rotina programar_os ===
2026-04-09 12:55:38,949 - INFO - ⌛ Aguardando janela de confirmação de programação de OS...
2026-04-09 12:56:04,398 - INFO - 🟨 Janela de confirmação de programação de OS detectada
2026-04-09 12:56:17,674 - INFO - 🟨 Janela de aviso de edição de OS programadas detectada
2026-04-09 12:56:24,887 - INFO - ⌛ aguardando janela de programação de lote de OS...
2026-04-09 12:56:50,395 - INFO - 🟨 Janela de aviso de substituição de lote de OS detectada
2026-04-09 12:57:10,501 - INFO - ⌛ aguardando janela de programação de lote de OS...
2026-04-09 12:57:36,017 - INFO - 🟨 Janela de programação de lote de OS detectada
2026-04-09 12:58:25,541 - INFO - 🟨 Janela de confirmação de programação de lote de OS detectada
2026-04-09 12:58:29,749 - INFO - ⌛ aguardando confirmação final de programação do lote
2026-04-09 12:58:55,184 - INFO - ⌛ aguardando confirmação final de programação do lote
2026-04-09 12:59:20,632 - INFO - 🟨 programação do lote 9 efetuado com sucesso
2026-04-09 12:59:30,739 - INFO - 
=== Iniciando lote 10/12 [LV] ===
2026-04-09 12:59:30,739 - INFO - 
=== abrir_janela_selecao ===
2026-04-09 12:59:37,049 - INFO - 
=== rotina abrir_selecao_colar_os ===
2026-04-09 12:59:37,108 - INFO - Janela de seleção aberta
2026-04-09 12:59:41,353 - INFO - DEBUG: idx=9, inicio=450, fim=500
2026-04-09 12:59:41,353 - INFO - ✅ 50 OS copiadas para a área de transferência.
2026-04-09 12:59:41,353 - INFO - 📋 Lote 10 copiado.
2026-04-09 12:59:49,687 - INFO - ⌛ Esperando mudança visual...
2026-04-09 12:59:50,707 - INFO - ⌛ Esperando mudança visual...
2026-04-09 12:59:51,723 - INFO - ⌛ Esperando mudança visual...
2026-04-09 12:59:52,739 - INFO - ⌛ Esperando mudança visual...
2026-04-09 12:59:53,754 - INFO - ⌛ Esperando mudança visual...
2026-04-09 12:59:54,766 - INFO - ⌛ Esperando mudança visual...
2026-04-09 12:59:55,770 - INFO - ⌛ Esperando mudança visual...
2026-04-09 12:59:56,784 - INFO - ⌛ Esperando mudança visual...
2026-04-09 12:59:57,798 - INFO - ✅ Tela carregada!
2026-04-09 13:00:01,809 - INFO - 
=== rotina desbloquear_os ===
2026-04-09 13:00:08,270 - INFO - ⌛ Aguardando janela de confirmação de desbloqueio...
2026-04-09 13:00:23,726 - INFO - ⌛ Aguardando janela de confirmação de desbloqueio...
2026-04-09 13:00:39,139 - INFO - 🟨 Registros desbloqueados com sucesso
2026-04-09 13:00:43,248 - INFO - 
=== rotina editar_os ===
2026-04-09 13:00:52,651 - INFO - ⌛ Aguardando janela de edição de OS...
2026-04-09 13:01:08,130 - INFO - 🟨 OS programadas detectadas
2026-04-09 13:01:11,245 - INFO - ⌛ Aguardando janela de edição de OS...
2026-04-09 13:01:26,664 - INFO - 🟨 Janela de edição de OS detectada
2026-04-09 13:01:48,057 - INFO - 🟨 Janela de edição de habilidade da turma detectada
2026-04-09 13:03:06,393 - INFO - ⌛ Aguardando detecção do campo de caracteristica 'EQUIPE PRÓPRIA OU EPS' ...
2026-04-09 13:03:25,752 - INFO - 🟨 campo de caracteristica 'EQUIPE PRÓPRIA OU EPS detectado
2026-04-09 13:03:47,560 - INFO - ⌛ Aguardando confirmação 4 - editar OS...
2026-04-09 13:04:03,001 - INFO - ⌛ Aguardando confirmação 4 - editar OS...
2026-04-09 13:04:18,471 - INFO - ⌛ Aguardando confirmação 4 - editar OS...
2026-04-09 13:04:33,940 - INFO - ⌛ Aguardando confirmação 4 - editar OS...
2026-04-09 13:04:49,395 - INFO - ⌛ Aguardando confirmação 4 - editar OS...
2026-04-09 13:05:04,845 - INFO - ⌛ Aguardando confirmação 4 - editar OS...
2026-04-09 13:05:20,285 - INFO - 🟨 Janela de confirmação 4 de edição de OS detectada
2026-04-09 13:05:24,397 - INFO - 
=== rotina programar_os ===
2026-04-09 13:05:50,901 - INFO - ⌛ Aguardando janela de confirmação de programação de OS...
2026-04-09 13:06:16,347 - INFO - 🟨 Janela de confirmação de programação de OS detectada
2026-04-09 13:06:29,623 - INFO - 🟨 Janela de aviso de edição de OS programadas detectada
2026-04-09 13:06:36,834 - INFO - ⌛ aguardando janela de programação de lote de OS...
2026-04-09 13:07:02,358 - INFO - 🟨 Janela de aviso de substituição de lote de OS detectada
2026-04-09 13:07:22,462 - INFO - ⌛ aguardando janela de programação de lote de OS...
2026-04-09 13:07:47,960 - INFO - 🟨 Janela de programação de lote de OS detectada
2026-04-09 13:08:37,486 - INFO - 🟨 Janela de confirmação de programação de lote de OS detectada
2026-04-09 13:08:41,711 - INFO - ⌛ aguardando confirmação final de programação do lote
2026-04-09 13:09:07,157 - INFO - ⌛ aguardando confirmação final de programação do lote
2026-04-09 13:09:32,588 - INFO - 🟨 programação do lote 10 efetuado com sucesso
2026-04-09 13:09:42,700 - INFO - 
=== Iniciando lote 11/12 [LV] ===
2026-04-09 13:09:42,700 - INFO - 
=== abrir_janela_selecao ===
2026-04-09 13:09:49,058 - INFO - 
=== rotina abrir_selecao_colar_os ===
2026-04-09 13:09:49,118 - INFO - Janela de seleção aberta
2026-04-09 13:09:53,371 - INFO - DEBUG: idx=10, inicio=500, fim=550
2026-04-09 13:09:53,371 - INFO - ✅ 50 OS copiadas para a área de transferência.
2026-04-09 13:09:53,371 - INFO - 📋 Lote 11 copiado.
2026-04-09 13:10:01,728 - INFO - ⌛ Esperando mudança visual...
2026-04-09 13:10:02,737 - INFO - ⌛ Esperando mudança visual...
2026-04-09 13:10:03,748 - INFO - ⌛ Esperando mudança visual...
2026-04-09 13:10:04,764 - INFO - ⌛ Esperando mudança visual...
2026-04-09 13:10:05,778 - INFO - ⌛ Esperando mudança visual...
2026-04-09 13:10:06,792 - INFO - ⌛ Esperando mudança visual...
2026-04-09 13:10:07,821 - INFO - ⌛ Esperando mudança visual...
2026-04-09 13:10:08,852 - INFO - ⌛ Esperando mudança visual...
2026-04-09 13:10:09,867 - INFO - ⌛ Esperando mudança visual...
2026-04-09 13:10:10,874 - INFO - ✅ Tela carregada!
2026-04-09 13:10:14,890 - INFO - 
=== rotina desbloquear_os ===
2026-04-09 13:10:21,360 - INFO - ⌛ Aguardando janela de confirmação de desbloqueio...
2026-04-09 13:10:36,752 - INFO - ⌛ Aguardando janela de confirmação de desbloqueio...
2026-04-09 13:10:52,171 - INFO - 🟨 Registros desbloqueados com sucesso
2026-04-09 13:10:56,276 - INFO - 
=== rotina editar_os ===
2026-04-09 13:11:05,689 - INFO - ⌛ Aguardando janela de edição de OS...
2026-04-09 13:11:21,133 - INFO - 🟨 OS programadas detectadas
2026-04-09 13:11:24,246 - INFO - ⌛ Aguardando janela de edição de OS...
2026-04-09 13:11:39,697 - INFO - 🟨 Janela de edição de OS detectada
2026-04-09 13:12:01,060 - INFO - 🟨 Janela de edição de habilidade da turma detectada
2026-04-09 13:13:19,380 - INFO - ⌛ Aguardando detecção do campo de caracteristica 'EQUIPE PRÓPRIA OU EPS' ...
2026-04-09 13:13:38,748 - INFO - 🟨 campo de caracteristica 'EQUIPE PRÓPRIA OU EPS detectado
2026-04-09 13:14:00,525 - INFO - ⌛ Aguardando confirmação 4 - editar OS...
2026-04-09 13:14:15,965 - INFO - ⌛ Aguardando confirmação 4 - editar OS...
2026-04-09 13:14:31,417 - INFO - ⌛ Aguardando confirmação 4 - editar OS...
2026-04-09 13:14:46,860 - INFO - ⌛ Aguardando confirmação 4 - editar OS...
2026-04-09 13:15:02,313 - INFO - ⌛ Aguardando confirmação 4 - editar OS...
2026-04-09 13:15:17,743 - INFO - 🟨 Janela de confirmação 4 de edição de OS detectada
2026-04-09 13:15:21,860 - INFO - 
=== rotina programar_os ===
2026-04-09 13:15:48,408 - INFO - ⌛ Aguardando janela de confirmação de programação de OS...
2026-04-09 13:16:13,841 - INFO - 🟨 Janela de confirmação de programação de OS detectada
2026-04-09 13:16:27,134 - INFO - 🟨 Janela de aviso de edição de OS programadas detectada
2026-04-09 13:16:34,344 - INFO - ⌛ aguardando janela de programação de lote de OS...
2026-04-09 13:16:59,851 - INFO - 🟨 Janela de aviso de substituição de lote de OS detectada
2026-04-09 13:17:19,956 - INFO - ⌛ aguardando janela de programação de lote de OS...
2026-04-09 13:17:45,489 - INFO - 🟨 Janela de programação de lote de OS detectada
2026-04-09 13:18:35,009 - INFO - 🟨 Janela de confirmação de programação de lote de OS detectada
2026-04-09 13:18:39,218 - INFO - ⌛ aguardando confirmação final de programação do lote
2026-04-09 13:19:04,667 - INFO - ⌛ aguardando confirmação final de programação do lote
2026-04-09 13:19:30,113 - INFO - 🟨 programação do lote 11 efetuado com sucesso
2026-04-09 13:19:40,228 - INFO - 
=== Iniciando lote 12/12 [LV] ===
2026-04-09 13:19:40,228 - INFO - 
=== abrir_janela_selecao ===
2026-04-09 13:19:46,536 - INFO - 
=== rotina abrir_selecao_colar_os ===
2026-04-09 13:19:46,594 - INFO - Janela de seleção aberta
2026-04-09 13:19:50,818 - INFO - DEBUG: idx=11, inicio=550, fim=600
2026-04-09 13:19:50,818 - INFO - ✅ 42 OS copiadas para a área de transferência.
2026-04-09 13:19:50,818 - INFO - 📋 Lote 12 copiado.
2026-04-09 13:19:59,153 - INFO - ⌛ Esperando mudança visual...
2026-04-09 13:20:00,164 - INFO - ⌛ Esperando mudança visual...
2026-04-09 13:20:01,182 - INFO - ⌛ Esperando mudança visual...
2026-04-09 13:20:02,197 - INFO - ⌛ Esperando mudança visual...
2026-04-09 13:20:03,208 - INFO - ⌛ Esperando mudança visual...
2026-04-09 13:20:04,230 - INFO - ⌛ Esperando mudança visual...
2026-04-09 13:20:05,241 - INFO - ⌛ Esperando mudança visual...
2026-04-09 13:20:06,255 - INFO - ⌛ Esperando mudança visual...
2026-04-09 13:20:07,277 - INFO - ⌛ Esperando mudança visual...
2026-04-09 13:20:08,300 - INFO - ✅ Tela carregada!
2026-04-09 13:20:12,316 - INFO - 
=== rotina desbloquear_os ===
2026-04-09 13:20:18,768 - INFO - ⌛ Aguardando janela de confirmação de desbloqueio...
2026-04-09 13:20:34,163 - INFO - ⌛ Aguardando janela de confirmação de desbloqueio...
2026-04-09 13:20:49,557 - INFO - 🟨 Registros desbloqueados com sucesso
2026-04-09 13:20:53,669 - INFO - 
=== rotina editar_os ===
2026-04-09 13:21:03,079 - INFO - ⌛ Aguardando janela de edição de OS...
2026-04-09 13:21:18,505 - INFO - 🟨 OS programadas detectadas
2026-04-09 13:21:21,620 - INFO - ⌛ Aguardando janela de edição de OS...
2026-04-09 13:21:37,092 - INFO - 🟨 Janela de edição de OS detectada
2026-04-09 13:21:58,468 - INFO - 🟨 Janela de edição de habilidade da turma detectada
2026-04-09 13:23:16,769 - INFO - ⌛ Aguardando detecção do campo de caracteristica 'EQUIPE PRÓPRIA OU EPS' ...
2026-04-09 13:23:36,136 - INFO - 🟨 campo de caracteristica 'EQUIPE PRÓPRIA OU EPS detectado
2026-04-09 13:23:57,924 - INFO - ⌛ Aguardando confirmação 4 - editar OS...
2026-04-09 13:24:13,355 - INFO - ⌛ Aguardando confirmação 4 - editar OS...
2026-04-09 13:24:28,812 - INFO - ⌛ Aguardando confirmação 4 - editar OS...
2026-04-09 13:24:44,265 - INFO - ⌛ Aguardando confirmação 4 - editar OS...
2026-04-09 13:24:59,715 - INFO - 🟨 Janela de confirmação 4 de edição de OS detectada
2026-04-09 13:25:03,818 - INFO - 
=== rotina programar_os ===
2026-04-09 13:25:30,380 - INFO - ⌛ Aguardando janela de confirmação de programação de OS...
2026-04-09 13:25:55,830 - INFO - 🟨 Janela de confirmação de programação de OS detectada
2026-04-09 13:26:09,107 - INFO - 🟨 Janela de aviso de edição de OS programadas detectada
2026-04-09 13:26:16,321 - INFO - ⌛ aguardando janela de programação de lote de OS...
2026-04-09 13:26:41,833 - INFO - 🟨 Janela de aviso de substituição de lote de OS detectada
2026-04-09 13:27:01,938 - INFO - ⌛ aguardando janela de programação de lote de OS...
2026-04-09 13:27:27,506 - INFO - 🟨 Janela de programação de lote de OS detectada
2026-04-09 13:28:17,081 - INFO - 🟨 Janela de confirmação de programação de lote de OS detectada
2026-04-09 13:28:21,314 - INFO - ⌛ aguardando confirmação final de programação do lote
2026-04-09 13:28:46,811 - INFO - 🟨 programação do lote 12 efetuado com sucesso
2026-04-09 13:28:56,919 - INFO - 
=== Iniciando lote 1/346 [REDES] ===
2026-04-09 13:28:56,919 - INFO - 
=== abrir_janela_selecao ===
2026-04-09 13:29:03,230 - INFO - 
=== rotina abrir_selecao_colar_os ===
2026-04-09 13:29:03,292 - INFO - Janela de seleção aberta
2026-04-09 13:29:07,542 - INFO - DEBUG: idx=0, inicio=0, fim=50
2026-04-09 13:29:07,542 - INFO - ✅ 50 OS copiadas para a área de transferência.
2026-04-09 13:29:07,542 - INFO - 📋 Lote 1 copiado.
2026-04-09 13:29:15,904 - INFO - ⌛ Esperando mudança visual...
2026-04-09 13:29:16,916 - INFO - ⌛ Esperando mudança visual...
2026-04-09 13:29:17,931 - INFO - ⌛ Esperando mudança visual...
2026-04-09 13:29:18,946 - INFO - ⌛ Esperando mudança visual...
2026-04-09 13:29:19,961 - INFO - ⌛ Esperando mudança visual...
2026-04-09 13:29:20,975 - INFO - ⌛ Esperando mudança visual...
2026-04-09 13:29:21,996 - INFO - ⌛ Esperando mudança visual...
2026-04-09 13:29:23,009 - INFO - ⌛ Esperando mudança visual...
2026-04-09 13:29:24,020 - INFO - ⌛ Esperando mudança visual...
2026-04-09 13:29:25,038 - INFO - ✅ Tela carregada!
2026-04-09 13:29:29,048 - INFO - 
=== rotina desbloquear_os ===
2026-04-09 13:29:35,510 - INFO - ⌛ Aguardando janela de confirmação de desbloqueio...
2026-04-09 13:29:50,919 - INFO - ⌛ Aguardando janela de confirmação de desbloqueio...
2026-04-09 13:30:06,382 - INFO - 🟨 Registros desbloqueados com sucesso
2026-04-09 13:30:10,486 - INFO - 
=== rotina editar_os ===
2026-04-09 13:30:19,891 - INFO - ⌛ Aguardando janela de edição de OS...
2026-04-09 13:30:35,373 - INFO - 🟨 OS programadas detectadas
2026-04-09 13:30:38,477 - INFO - ⌛ Aguardando janela de edição de OS...
2026-04-09 13:30:53,917 - INFO - 🟨 Janela de edição de OS detectada
2026-04-09 13:31:15,285 - INFO - 🟨 Janela de edição de habilidade da turma detectada
2026-04-09 13:32:33,637 - INFO - ⌛ Aguardando detecção do campo de caracteristica 'EQUIPE PRÓPRIA OU EPS' ...
2026-04-09 13:32:52,997 - INFO - 🟨 campo de caracteristica 'EQUIPE PRÓPRIA OU EPS detectado
2026-04-09 13:33:14,791 - INFO - ⌛ Aguardando confirmação 4 - editar OS...
2026-04-09 13:33:30,282 - INFO - ⌛ Aguardando confirmação 4 - editar OS...
2026-04-09 13:33:45,753 - INFO - ⌛ Aguardando confirmação 4 - editar OS...
2026-04-09 13:34:01,268 - INFO - ⌛ Aguardando confirmação 4 - editar OS...
2026-04-09 13:34:16,790 - INFO - ⌛ Aguardando confirmação 4 - editar OS...
2026-04-09 13:34:32,278 - INFO - ⌛ Aguardando confirmação 4 - editar OS...
2026-04-09 13:34:47,747 - INFO - 🟨 Janela de confirmação 4 de edição de OS detectada
2026-04-09 13:34:51,859 - INFO - 
=== rotina programar_os ===
2026-04-09 13:35:18,528 - INFO - ⌛ Aguardando janela de confirmação de programação de OS...
2026-04-09 13:35:44,165 - INFO - 🟨 Janela de confirmação de programação de OS detectada
2026-04-09 13:35:57,452 - INFO - 🟨 Janela de aviso de edição de OS programadas detectada
2026-04-09 13:36:04,661 - INFO - ⌛ aguardando janela de programação de lote de OS...
2026-04-09 13:36:30,137 - INFO - 🟨 Janela de aviso de substituição de lote de OS detectada
2026-04-09 13:36:50,252 - INFO - ⌛ aguardando janela de programação de lote de OS...
2026-04-09 13:37:15,755 - INFO - 🟨 Janela de aviso de substituição de lote de OS detectada
2026-04-09 13:37:35,866 - INFO - ⌛ aguardando janela de programação de lote de OS...
2026-04-09 13:38:01,414 - INFO - 🟨 Janela de programação de lote de OS detectada
2026-04-09 13:38:50,950 - INFO - 🟨 Janela de confirmação de programação de lote de OS detectada
2026-04-09 13:38:55,180 - INFO - ⌛ aguardando confirmação final de programação do lote
2026-04-09 13:39:20,671 - INFO - ⌛ aguardando confirmação final de programação do lote
2026-04-09 13:39:46,176 - INFO - 🟨 programação do lote 1 efetuado com sucesso
2026-04-09 13:39:56,288 - INFO - 
=== Iniciando lote 2/346 [REDES] ===
2026-04-09 13:39:56,288 - INFO - 
=== abrir_janela_selecao ===
2026-04-09 13:40:02,599 - INFO - 
=== rotina abrir_selecao_colar_os ===
2026-04-09 13:40:02,654 - INFO - Janela de seleção aberta
2026-04-09 13:40:06,891 - INFO - DEBUG: idx=1, inicio=50, fim=100
2026-04-09 13:40:06,907 - INFO - ✅ 50 OS copiadas para a área de transferência.
2026-04-09 13:40:06,907 - INFO - 📋 Lote 2 copiado.
2026-04-09 13:40:15,258 - INFO - ⌛ Esperando mudança visual...
2026-04-09 13:40:16,265 - INFO - ⌛ Esperando mudança visual...
2026-04-09 13:40:17,279 - INFO - ⌛ Esperando mudança visual...
2026-04-09 13:40:18,300 - INFO - ⌛ Esperando mudança visual...
2026-04-09 13:40:19,310 - INFO - ⌛ Esperando mudança visual...
2026-04-09 13:40:20,329 - INFO - ⌛ Esperando mudança visual...
2026-04-09 13:40:21,360 - INFO - ⌛ Esperando mudança visual...
2026-04-09 13:40:22,374 - INFO - ⌛ Esperando mudança visual...
2026-04-09 13:40:23,387 - INFO - ⌛ Esperando mudança visual...
2026-04-09 13:40:24,405 - INFO - ✅ Tela carregada!
2026-04-09 13:40:28,407 - INFO - 
=== rotina desbloquear_os ===
2026-04-09 13:40:34,894 - INFO - ⌛ Aguardando janela de confirmação de desbloqueio...
2026-04-09 13:40:50,321 - INFO - ⌛ Aguardando janela de confirmação de desbloqueio...
2026-04-09 13:41:05,752 - INFO - 🟨 Registros desbloqueados com sucesso
2026-04-09 13:41:09,860 - INFO - 
=== rotina editar_os ===
2026-04-09 13:41:19,269 - INFO - ⌛ Aguardando janela de edição de OS...
2026-04-09 13:41:34,766 - INFO - 🟨 OS programadas detectadas
2026-04-09 13:41:37,892 - INFO - ⌛ Aguardando janela de edição de OS...
2026-04-09 13:41:53,338 - INFO - 🟨 Janela de edição de OS detectada
2026-04-09 13:42:14,707 - INFO - 🟨 Janela de edição de habilidade da turma detectada
2026-04-09 13:43:33,033 - INFO - ⌛ Aguardando detecção do campo de caracteristica 'EQUIPE PRÓPRIA OU EPS' ...
2026-04-09 13:43:52,382 - INFO - 🟨 campo de caracteristica 'EQUIPE PRÓPRIA OU EPS detectado
2026-04-09 13:44:14,165 - INFO - ⌛ Aguardando confirmação 4 - editar OS...
2026-04-09 13:44:29,611 - INFO - ⌛ Aguardando confirmação 4 - editar OS...
2026-04-09 13:44:45,079 - INFO - ⌛ Aguardando confirmação 4 - editar OS...
2026-04-09 13:45:00,504 - INFO - ⌛ Aguardando confirmação 4 - editar OS...
2026-04-09 13:45:15,961 - INFO - ⌛ Aguardando confirmação 4 - editar OS...
2026-04-09 13:45:31,446 - INFO - ⌛ Aguardando confirmação 4 - editar OS...
2026-04-09 13:45:46,967 - INFO - 🟨 Janela de confirmação 4 de edição de OS detectada
2026-04-09 13:45:51,071 - INFO - 
=== rotina programar_os ===
2026-04-09 13:46:17,622 - INFO - ⌛ Aguardando janela de confirmação de programação de OS...
2026-04-09 13:46:43,035 - INFO - 🟨 Janela de confirmação de programação de OS detectada
2026-04-09 13:46:56,287 - INFO - 🟨 Janela de aviso de edição de OS programadas detectada
2026-04-09 13:47:03,506 - INFO - ⌛ aguardando janela de programação de lote de OS...
2026-04-09 13:47:29,012 - INFO - 🟨 Janela de aviso de substituição de lote de OS detectada
2026-04-09 13:47:49,121 - INFO - ⌛ aguardando janela de programação de lote de OS...
2026-04-09 13:48:14,620 - INFO - 🟨 Janela de aviso de substituição de lote de OS detectada
2026-04-09 13:48:34,728 - INFO - ⌛ aguardando janela de programação de lote de OS...
2026-04-09 13:49:00,200 - INFO - 🟨 Janela de programação de lote de OS detectada
2026-04-09 13:49:49,714 - INFO - 🟨 Janela de confirmação de programação de lote de OS detectada
2026-04-09 13:49:53,911 - INFO - ⌛ aguardando confirmação final de programação do lote
2026-04-09 13:50:19,356 - INFO - ⌛ aguardando confirmação final de programação do lote
2026-04-09 13:50:44,786 - INFO - 🟨 programação do lote 2 efetuado com sucesso
2026-04-09 13:50:54,896 - INFO - 
=== Iniciando lote 3/346 [REDES] ===
2026-04-09 13:50:54,896 - INFO - 
=== abrir_janela_selecao ===
2026-04-09 13:51:01,208 - INFO - 
=== rotina abrir_selecao_colar_os ===
2026-04-09 13:51:01,262 - INFO - Janela de seleção aberta
2026-04-09 13:51:05,492 - INFO - DEBUG: idx=2, inicio=100, fim=150
2026-04-09 13:51:05,492 - INFO - ✅ 50 OS copiadas para a área de transferência.
2026-04-09 13:51:05,492 - INFO - 📋 Lote 3 copiado.
2026-04-09 13:51:13,819 - INFO - ⌛ Esperando mudança visual...
2026-04-09 13:51:14,836 - INFO - ⌛ Esperando mudança visual...
2026-04-09 13:51:15,849 - INFO - ⌛ Esperando mudança visual...
2026-04-09 13:51:16,880 - INFO - ⌛ Esperando mudança visual...
2026-04-09 13:51:17,901 - INFO - ⌛ Esperando mudança visual...
2026-04-09 13:51:18,915 - INFO - ⌛ Esperando mudança visual...
2026-04-09 13:51:19,928 - INFO - ⌛ Esperando mudança visual...
2026-04-09 13:51:20,942 - INFO - ⌛ Esperando mudança visual...
2026-04-09 13:51:21,957 - INFO - ⌛ Esperando mudança visual...
2026-04-09 13:51:22,980 - INFO - ⌛ Esperando mudança visual...
2026-04-09 13:51:24,001 - INFO - ✅ Tela carregada!
2026-04-09 13:51:28,006 - INFO - 
=== rotina desbloquear_os ===
2026-04-09 13:51:34,467 - INFO - ⌛ Aguardando janela de confirmação de desbloqueio...
2026-04-09 13:51:49,874 - INFO - ⌛ Aguardando janela de confirmação de desbloqueio...
2026-04-09 13:52:05,259 - INFO - ⌛ Aguardando janela de confirmação de desbloqueio...
2026-04-09 13:52:20,650 - INFO - 🟨 Registros desbloqueados com sucesso
2026-04-09 13:52:24,756 - INFO - 
=== rotina editar_os ===
2026-04-09 13:52:34,191 - INFO - ⌛ Aguardando janela de edição de OS...
2026-04-09 13:52:49,671 - INFO - 🟨 Janela de edição de OS detectada
2026-04-09 13:53:11,031 - INFO - 🟨 Janela de edição de habilidade da turma detectada
2026-04-09 13:54:29,367 - INFO - ⌛ Aguardando detecção do campo de caracteristica 'EQUIPE PRÓPRIA OU EPS' ...
2026-04-09 13:54:48,706 - INFO - 🟨 campo de caracteristica 'EQUIPE PRÓPRIA OU EPS detectado
2026-04-09 13:55:10,517 - INFO - ⌛ Aguardando confirmação 4 - editar OS...
2026-04-09 13:55:26,062 - INFO - ⌛ Aguardando confirmação 4 - editar OS...
2026-04-09 13:55:41,514 - INFO - ⌛ Aguardando confirmação 4 - editar OS...
2026-04-09 13:55:56,991 - INFO - ⌛ Aguardando confirmação 4 - editar OS...
2026-04-09 13:56:12,477 - INFO - ⌛ Aguardando confirmação 4 - editar OS...
2026-04-09 13:56:27,973 - INFO - ⌛ Aguardando confirmação 4 - editar OS...
2026-04-09 13:56:43,477 - INFO - ⌛ Aguardando confirmação 4 - editar OS...
2026-04-09 13:56:59,040 - INFO - ⌛ Aguardando confirmação 4 - editar OS...
2026-04-09 13:57:14,458 - INFO - 🟨 Janela de confirmação 4 de edição de OS detectada
2026-04-09 13:57:18,576 - INFO - 
=== rotina programar_os ===
2026-04-09 13:57:45,096 - INFO - ⌛ Aguardando janela de confirmação de programação de OS...
2026-04-09 13:58:10,520 - INFO - 🟨 Janela de confirmação de programação de OS detectada
2026-04-09 13:58:23,760 - INFO - 🟨 Janela de aviso de substituição de lote de OS detectada
2026-04-09 13:58:43,876 - INFO - ⌛ aguardando janela de programação de lote de OS...
2026-04-09 13:59:09,390 - INFO - 🟨 Janela de aviso de substituição de lote de OS detectada
2026-04-09 13:59:29,518 - INFO - ⌛ aguardando janela de programação de lote de OS...
2026-04-09 13:59:54,997 - INFO - 🟨 Janela de programação de lote de OS detectada
2026-04-09 14:00:44,504 - INFO - 🟨 Janela de confirmação de programação de lote de OS detectada
2026-04-09 14:00:48,708 - INFO - ⌛ aguardando confirmação final de programação do lote
2026-04-09 14:01:14,203 - INFO - ⌛ aguardando confirmação final de programação do lote
2026-04-09 14:01:39,727 - INFO - 🟨 programação do lote 3 efetuado com sucesso
2026-04-09 14:01:49,839 - INFO - 
=== Iniciando lote 4/346 [REDES] ===
2026-04-09 14:01:49,839 - INFO - 
=== abrir_janela_selecao ===
2026-04-09 16:14:09,522 - INFO - Data hoje: 09/04/2026
2026-04-09 16:14:09,522 - INFO - Data de referência: 30/04/2026
2026-04-09 16:15:22,789 - INFO - Qtde OS de LINHA VIVA: 557
2026-04-09 16:15:22,789 - INFO - Qtde OS poda de LINHA MORTA: 255
2026-04-09 16:15:22,789 - INFO - Qtde OS estrutural de LINHA MORTA : 16997
2026-04-09 16:15:22,789 - INFO - Qtde OS poda de LINHA MORTA fora carteira: 708
2026-04-09 16:15:22,789 - INFO - Qtde OS para desprogramar: 1305
2026-04-09 16:15:22,791 - INFO - 
 Qtd de lotes de LM: 6
2026-04-09 16:15:22,791 - INFO - 
 Qtd de lotes de LV: 12
2026-04-09 16:15:22,791 - INFO - 
 Qtd de lotes de ESTRUTURAL LM: 340
2026-04-09 16:15:22,791 - INFO - 
 Qtd de lotes de LEVE: 15
2026-04-09 16:15:22,791 - INFO - 
 Qtd de lotes para desprogramar: 27
2026-04-09 16:15:22,791 - INFO - 
=== Iniciando lote 1/6 [LM] ===
2026-04-09 16:15:22,791 - INFO - 
=== abrir_janela_selecao ===
2026-04-09 16:15:29,128 - INFO - 
=== rotina abrir_selecao_colar_os ===
2026-04-09 16:15:29,260 - INFO - Janela de seleção aberta
2026-04-09 16:15:33,503 - INFO - DEBUG: idx=0, inicio=0, fim=50
2026-04-09 16:15:33,503 - INFO - ✅ 50 OS copiadas para a área de transferência.
2026-04-09 16:15:33,503 - INFO - 📋 Lote 1 copiado.
2026-04-09 16:15:41,817 - INFO - ⌛ Esperando mudança visual...
2026-04-09 16:15:42,833 - INFO - ⌛ Esperando mudança visual...
2026-04-09 16:15:43,859 - INFO - ⌛ Esperando mudança visual...
2026-04-09 16:15:44,877 - INFO - ⌛ Esperando mudança visual...
2026-04-09 16:15:45,897 - INFO - ⌛ Esperando mudança visual...
2026-04-09 16:15:46,914 - INFO - ✅ Tela carregada!
2026-04-09 16:15:50,921 - INFO - 
=== rotina desbloquear_os ===
2026-04-09 16:15:57,432 - INFO - ⌛ Aguardando janela de confirmação de desbloqueio...
2026-04-09 16:16:12,877 - INFO - ⌛ Aguardando janela de confirmação de desbloqueio...
2026-04-09 16:16:28,324 - INFO - 🟨 Registros desbloqueados com sucesso
2026-04-09 16:16:32,432 - INFO - 
=== rotina editar_os ===
2026-04-09 16:16:41,879 - INFO - ⌛ Aguardando janela de edição de OS...
2026-04-09 16:16:57,335 - INFO - 🟨 OS programadas detectadas
2026-04-09 16:17:00,444 - INFO - ⌛ Aguardando janela de edição de OS...
2026-04-09 16:17:15,912 - INFO - 🟨 Janela de edição de OS detectada
2026-04-09 16:17:37,287 - INFO - 🟨 Janela de edição de habilidade da turma detectada
2026-04-09 16:18:55,603 - INFO - ⌛ Aguardando detecção do campo de caracteristica 'EQUIPE PRÓPRIA OU EPS' ...
2026-04-09 16:19:14,959 - INFO - 🟨 campo de caracteristica 'EQUIPE PRÓPRIA OU EPS detectado
2026-04-09 16:19:36,750 - INFO - ⌛ Aguardando confirmação 4 - editar OS...
2026-04-09 16:19:52,207 - INFO - ⌛ Aguardando confirmação 4 - editar OS...
2026-04-09 16:20:07,722 - INFO - ⌛ Aguardando confirmação 4 - editar OS...
2026-04-09 16:20:23,251 - INFO - 🟨 Janela de confirmação 4 de edição de OS detectada
2026-04-09 16:20:27,356 - INFO - 
=== rotina programar_os ===
2026-04-09 16:20:53,897 - INFO - ⌛ Aguardando janela de confirmação de programação de OS...
2026-04-09 16:21:19,359 - INFO - 🟨 Janela de confirmação de programação de OS detectada
2026-04-09 16:21:32,612 - INFO - 🟨 Janela de aviso de edição de OS programadas detectada
2026-04-09 16:21:39,842 - INFO - ⌛ aguardando janela de programação de lote de OS...
2026-04-09 16:22:05,358 - INFO - 🟨 Janela de aviso de substituição de lote de OS detectada
2026-04-09 16:22:25,476 - INFO - ⌛ aguardando janela de programação de lote de OS...
2026-04-09 16:22:25,712 - INFO - 🟨 Identificado falha no EQM
2026-04-09 16:22:25,712 - INFO - Capturando print...
2026-04-09 16:23:11,354 - INFO - ⌛ Aguardando janela de confirmação de programação de OS...
2026-04-09 16:23:36,792 - INFO - 🟨 Janela de confirmação de programação de OS detectada
2026-04-09 16:23:50,043 - INFO - 🟨 Janela de aviso de edição de OS programadas detectada
2026-04-09 16:23:57,259 - INFO - ⌛ aguardando janela de programação de lote de OS...
2026-04-09 16:24:22,771 - INFO - 🟨 Janela de aviso de substituição de lote de OS detectada
2026-04-09 16:24:42,886 - INFO - ⌛ aguardando janela de programação de lote de OS...
2026-04-09 16:25:08,455 - INFO - 🟨 Janela de programação de lote de OS detectada
2026-04-09 16:25:58,022 - INFO - 🟨 Janela de confirmação de programação de lote de OS detectada
2026-04-09 16:26:02,250 - INFO - ⌛ aguardando confirmação final de programação do lote
2026-04-09 16:26:27,795 - INFO - 🟨 programação do lote 1 efetuado com sucesso
2026-04-09 16:26:37,900 - INFO - 
=== Iniciando lote 2/6 [LM] ===
2026-04-09 16:26:37,901 - INFO - 
=== abrir_janela_selecao ===
2026-04-09 16:26:44,232 - INFO - 
=== rotina abrir_selecao_colar_os ===
2026-04-09 16:26:44,301 - INFO - Janela de seleção aberta
2026-04-09 16:26:48,534 - INFO - DEBUG: idx=1, inicio=50, fim=100
2026-04-09 16:26:48,550 - INFO - ✅ 50 OS copiadas para a área de transferência.
2026-04-09 16:26:48,550 - INFO - 📋 Lote 2 copiado.
2026-04-09 16:26:56,868 - INFO - ⌛ Esperando mudança visual...
2026-04-09 16:26:57,886 - INFO - ⌛ Esperando mudança visual...
2026-04-09 16:26:58,902 - INFO - ⌛ Esperando mudança visual...
2026-04-09 16:26:59,918 - INFO - ⌛ Esperando mudança visual...
2026-04-09 16:27:00,933 - INFO - ⌛ Esperando mudança visual...
2026-04-09 16:27:01,954 - INFO - ⌛ Esperando mudança visual...
2026-04-09 16:27:02,964 - INFO - ⌛ Esperando mudança visual...
2026-04-09 16:27:03,980 - INFO - ⌛ Esperando mudança visual...
2026-04-09 16:27:05,001 - INFO - ⌛ Esperando mudança visual...
2026-04-09 16:27:06,012 - INFO - ⌛ Esperando mudança visual...
2026-04-09 16:27:07,027 - INFO - ⌛ Esperando mudança visual...
2026-04-09 16:27:08,030 - INFO - ⌛ Esperando mudança visual...
2026-04-09 16:27:09,052 - INFO - ⌛ Esperando mudança visual...
2026-04-09 16:27:10,057 - INFO - ✅ Tela carregada!
2026-04-09 16:27:14,073 - INFO - 
=== rotina desbloquear_os ===
2026-04-09 16:27:20,545 - INFO - ⌛ Aguardando janela de confirmação de desbloqueio...
2026-04-09 16:27:35,940 - INFO - ⌛ Aguardando janela de confirmação de desbloqueio...
2026-04-09 16:27:51,346 - INFO - 🟨 Registros desbloqueados com sucesso
2026-04-09 16:27:55,454 - INFO - 
=== rotina editar_os ===
2026-04-09 16:28:04,863 - INFO - ⌛ Aguardando janela de edição de OS...
2026-04-09 16:28:20,307 - INFO - 🟨 OS programadas detectadas
2026-04-09 16:28:23,417 - INFO - ⌛ Aguardando janela de edição de OS...
2026-04-09 16:28:38,891 - INFO - 🟨 Janela de edição de OS detectada
2026-04-09 16:29:00,246 - INFO - 🟨 Janela de edição de habilidade da turma detectada
2026-04-09 16:30:18,546 - INFO - ⌛ Aguardando detecção do campo de caracteristica 'EQUIPE PRÓPRIA OU EPS' ...
2026-04-09 16:30:37,923 - INFO - 🟨 campo de caracteristica 'EQUIPE PRÓPRIA OU EPS detectado
2026-04-09 16:30:59,697 - INFO - ⌛ Aguardando confirmação 4 - editar OS...
2026-04-09 16:31:15,144 - INFO - ⌛ Aguardando confirmação 4 - editar OS...
2026-04-09 16:31:30,676 - INFO - ⌛ Aguardando confirmação 4 - editar OS...
2026-04-09 16:31:46,252 - INFO - ⌛ Aguardando confirmação 4 - editar OS...
2026-04-09 16:32:01,775 - INFO - 🟨 Janela de confirmação 4 de edição de OS detectada
2026-04-09 16:32:05,885 - INFO - 
=== rotina programar_os ===
2026-04-09 16:32:32,435 - INFO - ⌛ Aguardando janela de confirmação de programação de OS...
2026-04-09 16:32:57,881 - INFO - 🟨 Janela de confirmação de programação de OS detectada
2026-04-09 16:33:11,157 - INFO - 🟨 Janela de aviso de edição de OS programadas detectada
2026-04-09 16:33:18,383 - INFO - ⌛ aguardando janela de programação de lote de OS...
2026-04-09 16:33:43,950 - INFO - 🟨 Janela de aviso de substituição de lote de OS detectada
2026-04-09 16:34:04,066 - INFO - ⌛ aguardando janela de programação de lote de OS...
2026-04-09 16:34:29,630 - INFO - 🟨 Janela de aviso de substituição de lote de OS detectada
2026-04-09 16:34:49,733 - INFO - ⌛ aguardando janela de programação de lote de OS...
2026-04-09 16:35:15,394 - INFO - 🟨 Janela de programação de lote de OS detectada
2026-04-09 16:36:04,967 - INFO - 🟨 Janela de confirmação de programação de lote de OS detectada
2026-04-09 16:36:09,226 - INFO - ⌛ aguardando confirmação final de programação do lote
2026-04-09 16:36:34,741 - INFO - ⌛ aguardando confirmação final de programação do lote
2026-04-09 16:37:00,231 - INFO - 🟨 programação do lote 2 efetuado com sucesso
2026-04-09 16:37:10,338 - INFO - 
=== Iniciando lote 3/6 [LM] ===
2026-04-09 16:37:10,338 - INFO - 
=== abrir_janela_selecao ===
2026-04-09 16:37:16,648 - INFO - 
=== rotina abrir_selecao_colar_os ===
2026-04-09 16:37:16,691 - INFO - Janela de seleção aberta
2026-04-09 16:37:20,922 - INFO - DEBUG: idx=2, inicio=100, fim=150
2026-04-09 16:37:20,922 - INFO - ✅ 50 OS copiadas para a área de transferência.
2026-04-09 16:37:20,922 - INFO - 📋 Lote 3 copiado.
2026-04-09 16:37:29,257 - INFO - ⌛ Esperando mudança visual...
2026-04-09 16:37:30,277 - INFO - ⌛ Esperando mudança visual...
2026-04-09 16:37:31,293 - INFO - ⌛ Esperando mudança visual...
2026-04-09 16:37:32,312 - INFO - ⌛ Esperando mudança visual...
2026-04-09 16:37:33,324 - INFO - ⌛ Esperando mudança visual...
2026-04-09 16:37:34,340 - INFO - ⌛ Esperando mudança visual...
2026-04-09 16:37:35,362 - INFO - ⌛ Esperando mudança visual...
2026-04-09 16:37:36,377 - INFO - ⌛ Esperando mudança visual...
2026-04-09 16:37:37,386 - INFO - ⌛ Esperando mudança visual...
2026-04-09 16:37:38,411 - INFO - ⌛ Esperando mudança visual...
2026-04-09 16:37:39,418 - INFO - ⌛ Esperando mudança visual...
2026-04-09 16:37:40,446 - INFO - ✅ Tela carregada!
2026-04-09 16:37:44,449 - INFO - 
=== rotina desbloquear_os ===
2026-04-09 16:37:50,929 - INFO - ⌛ Aguardando janela de confirmação de desbloqueio...
2026-04-09 16:38:06,401 - INFO - ⌛ Aguardando janela de confirmação de desbloqueio...
2026-04-09 16:38:21,965 - INFO - 🟨 Registros desbloqueados com sucesso
2026-04-09 16:38:26,080 - INFO - 
=== rotina editar_os ===
2026-04-09 16:38:35,524 - INFO - ⌛ Aguardando janela de edição de OS...
2026-04-09 16:38:51,018 - INFO - 🟨 OS programadas detectadas
2026-04-09 16:38:54,129 - INFO - ⌛ Aguardando janela de edição de OS...
2026-04-09 16:39:09,594 - INFO - 🟨 Janela de edição de OS detectada
2026-04-09 16:39:30,960 - INFO - 🟨 Janela de edição de habilidade da turma detectada
2026-04-09 16:40:49,301 - INFO - ⌛ Aguardando detecção do campo de caracteristica 'EQUIPE PRÓPRIA OU EPS' ...
2026-04-09 16:41:08,655 - INFO - 🟨 campo de caracteristica 'EQUIPE PRÓPRIA OU EPS detectado
2026-04-09 16:41:30,480 - INFO - ⌛ Aguardando confirmação 4 - editar OS...
2026-04-09 16:41:45,993 - INFO - ⌛ Aguardando confirmação 4 - editar OS...
2026-04-09 16:42:01,480 - INFO - ⌛ Aguardando confirmação 4 - editar OS...
2026-04-09 16:42:16,982 - INFO - ⌛ Aguardando confirmação 4 - editar OS...
2026-04-09 16:42:32,513 - INFO - ⌛ Aguardando confirmação 4 - editar OS...
2026-04-09 16:42:48,143 - INFO - 🟨 Janela de confirmação 4 de edição de OS detectada
2026-04-09 16:42:52,262 - INFO - 
=== rotina programar_os ===
2026-04-09 16:43:18,826 - INFO - ⌛ Aguardando janela de confirmação de programação de OS...
2026-04-09 16:43:44,312 - INFO - 🟨 Janela de confirmação de programação de OS detectada
2026-04-09 16:43:57,573 - INFO - 🟨 Janela de aviso de edição de OS programadas detectada
2026-04-09 16:44:04,796 - INFO - ⌛ aguardando janela de programação de lote de OS...
2026-04-09 16:44:30,306 - INFO - 🟨 Janela de aviso de substituição de lote de OS detectada
2026-04-09 16:44:50,412 - INFO - ⌛ aguardando janela de programação de lote de OS...
2026-04-09 16:45:15,929 - INFO - 🟨 Janela de aviso de substituição de lote de OS detectada
2026-04-09 16:45:36,048 - INFO - ⌛ aguardando janela de programação de lote de OS...
2026-04-09 16:46:01,639 - INFO - 🟨 Janela de aviso de substituição de lote de OS detectada
2026-04-09 16:46:21,753 - INFO - ⌛ aguardando janela de programação de lote de OS...
2026-04-09 16:46:47,273 - INFO - 🟨 Janela de programação de lote de OS detectada
2026-04-09 16:47:36,894 - INFO - 🟨 Janela de confirmação de programação de lote de OS detectada
2026-04-09 16:47:41,142 - INFO - ⌛ aguardando confirmação final de programação do lote
2026-04-09 16:48:06,725 - INFO - ⌛ aguardando confirmação final de programação do lote
2026-04-09 16:48:32,337 - INFO - 🟨 programação do lote 3 efetuado com sucesso
2026-04-09 16:48:42,455 - INFO - 
=== Iniciando lote 4/6 [LM] ===
2026-04-09 16:48:42,455 - INFO - 
=== abrir_janela_selecao ===
2026-04-09 16:48:48,792 - INFO - 
=== rotina abrir_selecao_colar_os ===
2026-04-09 16:48:48,839 - INFO - Janela de seleção aberta
2026-04-09 16:48:53,097 - INFO - DEBUG: idx=3, inicio=150, fim=200
2026-04-09 16:48:53,097 - INFO - ✅ 50 OS copiadas para a área de transferência.
2026-04-09 16:48:53,097 - INFO - 📋 Lote 4 copiado.
2026-04-09 16:49:01,430 - INFO - ⌛ Esperando mudança visual...
2026-04-09 16:49:02,445 - INFO - ⌛ Esperando mudança visual...
2026-04-09 16:49:03,459 - INFO - ⌛ Esperando mudança visual...
2026-04-09 16:49:04,473 - INFO - ⌛ Esperando mudança visual...
2026-04-09 16:49:05,489 - INFO - ⌛ Esperando mudança visual...
2026-04-09 16:49:06,505 - INFO - ⌛ Esperando mudança visual...
2026-04-09 16:49:07,520 - INFO - ⌛ Esperando mudança visual...
2026-04-09 16:49:08,539 - INFO - ⌛ Esperando mudança visual...
2026-04-09 16:49:09,553 - INFO - ⌛ Esperando mudança visual...
2026-04-09 16:49:10,568 - INFO - ⌛ Esperando mudança visual...
2026-04-09 16:49:11,587 - INFO - ⌛ Esperando mudança visual...
2026-04-09 16:49:12,599 - INFO - ⌛ Esperando mudança visual...
2026-04-09 16:49:13,629 - INFO - ✅ Tela carregada!
2026-04-09 16:49:17,630 - INFO - 
=== rotina desbloquear_os ===
2026-04-09 16:49:24,146 - INFO - ⌛ Aguardando janela de confirmação de desbloqueio...
2026-04-09 16:49:39,621 - INFO - ⌛ Aguardando janela de confirmação de desbloqueio...
2026-04-09 16:49:55,024 - INFO - ⌛ Aguardando janela de confirmação de desbloqueio...
2026-04-09 16:50:10,461 - INFO - 🟨 Registros desbloqueados com sucesso
2026-04-09 16:50:14,566 - INFO - 
=== rotina editar_os ===
2026-04-09 16:50:23,986 - INFO - ⌛ Aguardando janela de edição de OS...
2026-04-09 16:50:39,453 - INFO - 🟨 OS programadas detectadas
2026-04-09 16:50:42,559 - INFO - ⌛ Aguardando janela de edição de OS...
2026-04-09 16:50:58,072 - INFO - 🟨 Janela de edição de OS detectada
2026-04-09 16:51:19,452 - INFO - 🟨 Janela de edição de habilidade da turma detectada
2026-04-09 16:52:37,745 - INFO - ⌛ Aguardando detecção do campo de caracteristica 'EQUIPE PRÓPRIA OU EPS' ...
2026-04-09 16:52:57,115 - INFO - 🟨 campo de caracteristica 'EQUIPE PRÓPRIA OU EPS detectado
2026-04-09 16:53:18,919 - INFO - ⌛ Aguardando confirmação 4 - editar OS...
2026-04-09 16:53:34,372 - INFO - ⌛ Aguardando confirmação 4 - editar OS...
2026-04-09 16:53:49,857 - INFO - ⌛ Aguardando confirmação 4 - editar OS...
2026-04-09 16:54:05,357 - INFO - ⌛ Aguardando confirmação 4 - editar OS...
2026-04-09 16:54:20,921 - INFO - ⌛ Aguardando confirmação 4 - editar OS...
2026-04-09 16:54:36,447 - INFO - ⌛ Aguardando confirmação 4 - editar OS...
2026-04-09 16:54:51,910 - INFO - ⌛ Aguardando confirmação 4 - editar OS...
2026-04-09 16:55:07,396 - INFO - 🟨 Janela de confirmação 4 de edição de OS detectada
2026-04-09 16:55:11,503 - INFO - 
=== rotina programar_os ===
2026-04-09 16:55:38,051 - INFO - ⌛ Aguardando janela de confirmação de programação de OS...
2026-04-09 16:56:03,570 - INFO - 🟨 Janela de confirmação de programação de OS detectada
2026-04-09 16:56:16,840 - INFO - 🟨 Janela de aviso de edição de OS programadas detectada
2026-04-09 16:56:24,074 - INFO - ⌛ aguardando janela de programação de lote de OS...
2026-04-09 16:56:49,596 - INFO - 🟨 Janela de aviso de substituição de lote de OS detectada
2026-04-09 16:57:09,710 - INFO - ⌛ aguardando janela de programação de lote de OS...
2026-04-09 16:57:35,227 - INFO - ⌛ aguardando janela de programação de lote de OS...
2026-04-09 16:57:35,468 - INFO - 🟨 Identificado falha no EQM
2026-04-09 16:57:35,468 - INFO - Capturando print...
2026-04-09 16:58:21,044 - INFO - ⌛ Aguardando janela de confirmação de programação de OS...
2026-04-09 16:58:46,528 - INFO - 🟨 Janela de confirmação de programação de OS detectada
2026-04-09 16:58:59,807 - INFO - 🟨 Janela de aviso de edição de OS programadas detectada
2026-04-09 16:59:07,015 - INFO - ⌛ aguardando janela de programação de lote de OS...
2026-04-09 16:59:32,543 - INFO - 🟨 Janela de aviso de substituição de lote de OS detectada
2026-04-09 16:59:52,649 - INFO - ⌛ aguardando janela de programação de lote de OS...
2026-04-09 17:00:18,180 - INFO - 🟨 Janela de programação de lote de OS detectada
2026-04-09 17:01:07,698 - INFO - 🟨 Janela de confirmação de programação de lote de OS detectada
2026-04-09 17:01:11,918 - INFO - ⌛ aguardando confirmação final de programação do lote
2026-04-09 17:01:37,408 - INFO - 🟨 programação do lote 4 efetuado com sucesso
2026-04-09 17:01:47,516 - INFO - 
=== Iniciando lote 5/6 [LM] ===
2026-04-09 17:01:47,516 - INFO - 
=== abrir_janela_selecao ===
2026-04-09 17:01:53,824 - INFO - 
=== rotina abrir_selecao_colar_os ===
2026-04-09 17:01:53,879 - INFO - Janela de seleção aberta
2026-04-09 17:01:58,124 - INFO - DEBUG: idx=4, inicio=200, fim=250
2026-04-09 17:01:58,124 - INFO - ✅ 50 OS copiadas para a área de transferência.
2026-04-09 17:01:58,124 - INFO - 📋 Lote 5 copiado.
2026-04-09 17:02:06,450 - INFO - ⌛ Esperando mudança visual...
2026-04-09 17:02:07,467 - INFO - ⌛ Esperando mudança visual...
2026-04-09 17:02:08,482 - INFO - ⌛ Esperando mudança visual...
2026-04-09 17:02:09,499 - INFO - ⌛ Esperando mudança visual...
2026-04-09 17:02:10,513 - INFO - ⌛ Esperando mudança visual...
2026-04-09 17:02:11,529 - INFO - ⌛ Esperando mudança visual...
2026-04-09 17:02:12,544 - INFO - ⌛ Esperando mudança visual...
2026-04-09 17:02:13,560 - INFO - ⌛ Esperando mudança visual...
2026-04-09 17:02:14,576 - INFO - ⌛ Esperando mudança visual...
2026-04-09 17:02:15,592 - INFO - ⌛ Esperando mudança visual...
2026-04-09 17:02:16,607 - INFO - ✅ Tela carregada!
2026-04-09 17:02:20,611 - INFO - 
=== rotina desbloquear_os ===
2026-04-09 17:02:27,096 - INFO - ⌛ Aguardando janela de confirmação de desbloqueio...
2026-04-09 17:02:42,563 - INFO - ⌛ Aguardando janela de confirmação de desbloqueio...
2026-04-09 17:02:58,134 - INFO - 🟨 Registros desbloqueados com sucesso
2026-04-09 17:03:02,238 - INFO - 
=== rotina editar_os ===
2026-04-09 17:03:11,651 - INFO - ⌛ Aguardando janela de edição de OS...
2026-04-09 17:03:27,135 - INFO - 🟨 OS programadas detectadas
2026-04-09 17:03:30,248 - INFO - ⌛ Aguardando janela de edição de OS...
2026-04-09 17:03:45,687 - INFO - 🟨 Janela de edição de OS detectada
2026-04-09 17:04:07,052 - INFO - 🟨 Janela de edição de habilidade da turma detectada
2026-04-09 17:05:25,386 - INFO - ⌛ Aguardando detecção do campo de caracteristica 'EQUIPE PRÓPRIA OU EPS' ...
2026-04-09 17:05:44,760 - INFO - 🟨 campo de caracteristica 'EQUIPE PRÓPRIA OU EPS detectado
2026-04-09 17:06:06,599 - INFO - ⌛ Aguardando confirmação 4 - editar OS...
2026-04-09 17:06:22,143 - INFO - ⌛ Aguardando confirmação 4 - editar OS...
2026-04-09 17:06:37,687 - INFO - ⌛ Aguardando confirmação 4 - editar OS...
2026-04-09 17:06:53,232 - INFO - ⌛ Aguardando confirmação 4 - editar OS...
2026-04-09 17:07:08,771 - INFO - ⌛ Aguardando confirmação 4 - editar OS...
2026-04-09 17:07:24,303 - INFO - 🟨 Janela de confirmação 4 de edição de OS detectada
2026-04-09 17:07:28,429 - INFO - 
=== rotina programar_os ===
2026-04-09 17:07:54,981 - INFO - ⌛ Aguardando janela de confirmação de programação de OS...
2026-04-09 17:08:20,384 - INFO - 🟨 Janela de confirmação de programação de OS detectada
2026-04-09 17:08:33,729 - INFO - 🟨 Janela de aviso de edição de OS programadas detectada
2026-04-09 17:08:40,964 - INFO - ⌛ aguardando janela de programação de lote de OS...
2026-04-09 17:09:06,470 - INFO - 🟨 Janela de aviso de substituição de lote de OS detectada
2026-04-09 17:09:26,601 - INFO - ⌛ aguardando janela de programação de lote de OS...
2026-04-09 17:09:52,117 - INFO - 🟨 Janela de aviso de substituição de lote de OS detectada
2026-04-09 17:10:12,241 - INFO - ⌛ aguardando janela de programação de lote de OS...
2026-04-09 17:10:37,796 - INFO - 🟨 Janela de aviso de substituição de lote de OS detectada
2026-04-09 17:10:57,927 - INFO - ⌛ aguardando janela de programação de lote de OS...
2026-04-09 17:11:23,550 - INFO - 🟨 Janela de aviso de substituição de lote de OS detectada
2026-04-09 17:11:43,665 - INFO - ⌛ aguardando janela de programação de lote de OS...
2026-04-09 17:12:09,238 - INFO - 🟨 Janela de programação de lote de OS detectada
2026-04-09 17:12:58,780 - INFO - 🟨 Janela de confirmação de programação de lote de OS detectada
2026-04-09 17:13:02,983 - INFO - ⌛ aguardando confirmação final de programação do lote
2026-04-09 17:13:28,425 - INFO - ⌛ aguardando confirmação final de programação do lote
2026-04-09 17:13:53,893 - INFO - 🟨 programação do lote 5 efetuado com sucesso
2026-04-09 17:14:03,996 - INFO - 
=== Iniciando lote 6/6 [LM] ===
2026-04-09 17:14:03,996 - INFO - 
=== abrir_janela_selecao ===
2026-04-09 17:14:10,309 - INFO - 
=== rotina abrir_selecao_colar_os ===
2026-04-09 17:14:10,357 - INFO - Janela de seleção aberta
2026-04-09 17:14:14,596 - INFO - DEBUG: idx=5, inicio=250, fim=300
2026-04-09 17:14:14,596 - INFO - ✅ 5 OS copiadas para a área de transferência.
2026-04-09 17:14:14,596 - INFO - 📋 Lote 6 copiado.
2026-04-09 17:14:22,918 - INFO - ⌛ Esperando mudança visual...
2026-04-09 17:14:23,941 - INFO - ⌛ Esperando mudança visual...
2026-04-09 17:14:24,954 - INFO - ⌛ Esperando mudança visual...
2026-04-09 17:14:25,970 - INFO - ⌛ Esperando mudança visual...
2026-04-09 17:14:26,986 - INFO - ⌛ Esperando mudança visual...
2026-04-09 17:14:28,002 - INFO - ⌛ Esperando mudança visual...
2026-04-09 17:14:29,020 - INFO - ⌛ Esperando mudança visual...
2026-04-09 17:14:30,032 - INFO - ⌛ Esperando mudança visual...
2026-04-09 17:14:31,048 - INFO - ⌛ Esperando mudança visual...
2026-04-09 17:14:32,052 - INFO - ⌛ Esperando mudança visual...
2026-04-09 17:14:33,067 - INFO - ⌛ Esperando mudança visual...
2026-04-09 17:14:34,078 - INFO - ⌛ Esperando mudança visual...
2026-04-09 17:14:35,082 - INFO - ⌛ Esperando mudança visual...
2026-04-09 17:14:36,093 - INFO - ✅ Tela carregada!
2026-04-09 17:14:40,111 - INFO - 
=== rotina desbloquear_os ===
2026-04-09 17:14:46,604 - INFO - ⌛ Aguardando janela de confirmação de desbloqueio...
2026-04-09 17:15:02,021 - INFO - 🟨 Registros desbloqueados com sucesso
2026-04-09 17:15:06,138 - INFO - 
=== rotina editar_os ===
2026-04-09 17:15:15,533 - INFO - 🟨 OS programadas detectadas
2026-04-09 17:15:18,649 - INFO - ⌛ Aguardando janela de edição de OS...
2026-04-09 17:15:34,090 - INFO - 🟨 Janela de edição de OS detectada
2026-04-09 17:15:55,457 - INFO - 🟨 Janela de edição de habilidade da turma detectada
2026-04-09 17:17:13,774 - INFO - ⌛ Aguardando detecção do campo de caracteristica 'EQUIPE PRÓPRIA OU EPS' ...
2026-04-09 17:17:33,124 - INFO - 🟨 campo de caracteristica 'EQUIPE PRÓPRIA OU EPS detectado
2026-04-09 17:17:54,897 - INFO - ⌛ Aguardando confirmação 4 - editar OS...
2026-04-09 17:18:10,356 - INFO - 🟨 Janela de confirmação 4 de edição de OS detectada
2026-04-09 17:18:14,460 - INFO - 
=== rotina programar_os ===
2026-04-09 17:18:40,974 - INFO - ⌛ Aguardando janela de confirmação de programação de OS...
2026-04-09 17:19:06,393 - INFO - 🟨 Janela de confirmação de programação de OS detectada
2026-04-09 17:19:19,655 - INFO - 🟨 Janela de aviso de edição de OS programadas detectada
2026-04-09 17:19:26,875 - INFO - ⌛ aguardando janela de programação de lote de OS...
2026-04-09 17:19:52,435 - INFO - 🟨 Janela de aviso de substituição de lote de OS detectada
2026-04-09 17:20:12,547 - INFO - ⌛ aguardando janela de programação de lote de OS...
2026-04-09 17:20:38,120 - INFO - 🟨 Janela de programação de lote de OS detectada
2026-04-09 17:21:27,664 - INFO - 🟨 Janela de confirmação de programação de lote de OS detectada
2026-04-09 17:21:31,908 - INFO - ⌛ aguardando confirmação final de programação do lote
2026-04-09 17:21:57,606 - INFO - 🟨 programação do lote 6 efetuado com sucesso
2026-04-09 17:35:10,248 - INFO - Data hoje: 09/04/2026
2026-04-09 17:35:10,248 - INFO - Data de referência: 30/04/2026
2026-04-09 17:36:20,984 - INFO - Qtde OS de LINHA VIVA: 557
2026-04-09 17:36:20,984 - INFO - Qtde OS poda de LINHA MORTA: 255
2026-04-09 17:36:20,984 - INFO - Qtde OS estrutural de LINHA MORTA : 16997
2026-04-09 17:36:20,984 - INFO - Qtde OS poda de LINHA MORTA fora carteira: 708
2026-04-09 17:36:20,984 - INFO - Qtde OS para desprogramar: 1305
2026-04-09 17:36:20,984 - INFO - 
 Qtd de lotes de LM: 6
2026-04-09 17:36:20,984 - INFO - 
 Qtd de lotes de LV: 12
2026-04-09 17:36:20,984 - INFO - 
 Qtd de lotes de ESTRUTURAL LM: 340
2026-04-09 17:36:20,984 - INFO - 
 Qtd de lotes de LEVE: 15
2026-04-09 17:36:20,984 - INFO - 
 Qtd de lotes para desprogramar: 27
2026-04-09 17:36:20,984 - INFO - 
=== Iniciando lote 6/6 [LM] ===
2026-04-09 17:36:20,984 - INFO - 
=== abrir_janela_selecao ===
2026-04-09 17:36:27,313 - INFO - 
=== rotina abrir_selecao_colar_os ===
2026-04-09 17:36:27,399 - INFO - Janela de seleção aberta
2026-04-09 17:36:31,633 - INFO - DEBUG: idx=5, inicio=250, fim=300
2026-04-09 17:36:31,633 - INFO - ✅ 5 OS copiadas para a área de transferência.
2026-04-09 17:36:31,633 - INFO - 📋 Lote 6 copiado.
2026-04-09 17:36:39,980 - INFO - ⌛ Esperando mudança visual...
2026-04-09 17:36:40,995 - INFO - ⌛ Esperando mudança visual...
2026-04-09 17:36:42,011 - INFO - ⌛ Esperando mudança visual...
2026-04-09 17:36:43,028 - INFO - ⌛ Esperando mudança visual...
2026-04-09 17:36:44,061 - INFO - ⌛ Esperando mudança visual...
2026-04-09 17:36:45,076 - INFO - ⌛ Esperando mudança visual...
2026-04-09 17:36:46,095 - INFO - ⌛ Esperando mudança visual...
2026-04-09 17:36:47,111 - INFO - ⌛ Esperando mudança visual...
2026-04-09 17:36:48,127 - INFO - ⌛ Esperando mudança visual...
2026-04-09 17:36:49,140 - INFO - ✅ Tela carregada!
2026-04-09 17:36:53,147 - INFO - 
=== rotina desbloquear_os ===
2026-04-09 17:36:59,637 - INFO - ⌛ Aguardando janela de confirmação de desbloqueio...
2026-04-09 17:37:15,088 - INFO - 🟨 Registros desbloqueados com sucesso
2026-04-09 17:37:19,193 - INFO - 
=== rotina editar_os ===
2026-04-09 17:37:28,608 - INFO - 🟨 OS programadas detectadas
2026-04-09 17:37:31,724 - INFO - ⌛ Aguardando janela de edição de OS...
2026-04-09 17:37:47,216 - INFO - 🟨 Janela de edição de OS detectada
2026-04-09 17:38:08,579 - INFO - 🟨 Janela de edição de habilidade da turma detectada
2026-04-09 17:39:26,889 - INFO - ⌛ Aguardando detecção do campo de caracteristica 'EQUIPE PRÓPRIA OU EPS' ...
2026-04-09 17:39:46,237 - INFO - 🟨 campo de caracteristica 'EQUIPE PRÓPRIA OU EPS detectado
2026-04-09 17:40:08,055 - INFO - ⌛ Aguardando confirmação 4 - editar OS...
2026-04-09 17:40:23,532 - INFO - 🟨 Janela de confirmação 4 de edição de OS detectada
2026-04-09 17:40:27,645 - INFO - 
=== rotina programar_os ===
2026-04-09 17:40:54,179 - INFO - ⌛ Aguardando janela de confirmação de programação de OS...
2026-04-09 17:41:19,669 - INFO - 🟨 Janela de confirmação de programação de OS detectada
2026-04-09 17:41:32,975 - INFO - 🟨 Janela de aviso de edição de OS programadas detectada
2026-04-09 17:41:40,198 - INFO - ⌛ aguardando janela de programação de lote de OS...
2026-04-09 17:42:05,723 - INFO - 🟨 Janela de aviso de substituição de lote de OS detectada
2026-04-09 17:42:25,829 - INFO - ⌛ aguardando janela de programação de lote de OS...
2026-04-09 17:42:51,343 - INFO - 🟨 Janela de programação de lote de OS detectada
2026-04-09 17:43:40,882 - INFO - 🟨 Janela de confirmação de programação de lote de OS detectada
2026-04-09 17:43:45,094 - INFO - ⌛ aguardando confirmação final de programação do lote
2026-04-09 17:44:10,556 - INFO - 🟨 programação do lote 6 efetuado com sucesso
2026-04-09 17:44:20,661 - INFO - 
=== Iniciando lote 1/12 [LV] ===
2026-04-09 17:44:20,661 - INFO - 
=== abrir_janela_selecao ===
2026-04-09 17:44:26,972 - INFO - 
=== rotina abrir_selecao_colar_os ===
2026-04-09 17:44:27,025 - INFO - Janela de seleção aberta
2026-04-09 17:44:31,256 - INFO - DEBUG: idx=0, inicio=0, fim=50
2026-04-09 17:44:31,256 - INFO - ✅ 50 OS copiadas para a área de transferência.
2026-04-09 17:44:31,256 - INFO - 📋 Lote 1 copiado.
2026-04-09 17:44:39,591 - INFO - ⌛ Esperando mudança visual...
2026-04-09 17:44:40,612 - INFO - ⌛ Esperando mudança visual...
2026-04-09 17:44:41,629 - INFO - ⌛ Esperando mudança visual...
2026-04-09 17:44:42,644 - INFO - ⌛ Esperando mudança visual...
2026-04-09 17:44:43,660 - INFO - ⌛ Esperando mudança visual...
2026-04-09 17:44:44,676 - INFO - ⌛ Esperando mudança visual...
2026-04-09 17:44:45,691 - INFO - ⌛ Esperando mudança visual...
2026-04-09 17:44:46,707 - INFO - ⌛ Esperando mudança visual...
2026-04-09 17:44:47,725 - INFO - ⌛ Esperando mudança visual...
2026-04-09 17:44:48,738 - INFO - ⌛ Esperando mudança visual...
2026-04-09 17:44:49,753 - INFO - ✅ Tela carregada!
2026-04-09 17:44:53,758 - INFO - 
=== rotina desbloquear_os ===
2026-04-09 17:45:00,213 - INFO - ⌛ Aguardando janela de confirmação de desbloqueio...
2026-04-09 17:45:15,615 - INFO - ⌛ Aguardando janela de confirmação de desbloqueio...
2026-04-09 17:45:31,057 - INFO - 🟨 Registros desbloqueados com sucesso
2026-04-09 17:45:35,165 - INFO - 
=== rotina editar_os ===
2026-04-09 17:45:44,585 - INFO - ⌛ Aguardando janela de edição de OS...
2026-04-09 17:46:00,086 - INFO - 🟨 OS programadas detectadas
2026-04-09 17:46:03,193 - INFO - ⌛ Aguardando janela de edição de OS...
2026-04-09 17:46:18,620 - INFO - 🟨 Janela de edição de OS detectada
2026-04-09 17:46:40,002 - INFO - 🟨 Janela de edição de habilidade da turma detectada
2026-04-09 17:47:58,305 - INFO - ⌛ Aguardando detecção do campo de caracteristica 'EQUIPE PRÓPRIA OU EPS' ...
2026-04-09 17:48:17,655 - INFO - 🟨 campo de caracteristica 'EQUIPE PRÓPRIA OU EPS detectado
2026-04-09 17:48:39,490 - INFO - ⌛ Aguardando confirmação 4 - editar OS...
2026-04-09 17:48:54,999 - INFO - ⌛ Aguardando confirmação 4 - editar OS...
2026-04-09 17:49:10,504 - INFO - ⌛ Aguardando confirmação 4 - editar OS...
2026-04-09 17:49:26,023 - INFO - ⌛ Aguardando confirmação 4 - editar OS...
2026-04-09 17:49:41,577 - INFO - 🟨 Janela de confirmação 4 de edição de OS detectada
2026-04-09 17:49:45,687 - INFO - 
=== rotina programar_os ===
2026-04-09 17:50:12,210 - INFO - ⌛ Aguardando janela de confirmação de programação de OS...
2026-04-09 17:50:37,671 - INFO - 🟨 Janela de confirmação de programação de OS detectada
2026-04-09 17:50:50,952 - INFO - 🟨 Janela de aviso de edição de OS programadas detectada
2026-04-09 17:50:58,167 - INFO - ⌛ aguardando janela de programação de lote de OS...
2026-04-09 17:51:23,642 - INFO - 🟨 Janela de aviso de substituição de lote de OS detectada
2026-04-09 17:51:43,760 - INFO - ⌛ aguardando janela de programação de lote de OS...
2026-04-09 17:52:09,310 - INFO - 🟨 Janela de programação de lote de OS detectada
2026-04-09 17:52:58,807 - INFO - 🟨 Janela de confirmação de programação de lote de OS detectada
2026-04-09 17:53:03,018 - INFO - ⌛ aguardando confirmação final de programação do lote
2026-04-09 17:53:28,464 - INFO - ⌛ aguardando confirmação final de programação do lote
2026-04-09 17:53:53,933 - INFO - 🟨 programação do lote 1 efetuado com sucesso
2026-04-09 17:54:04,048 - INFO - 
=== Iniciando lote 2/12 [LV] ===
2026-04-09 17:54:04,048 - INFO - 
=== abrir_janela_selecao ===
2026-04-09 17:54:10,359 - INFO - 
=== rotina abrir_selecao_colar_os ===
2026-04-09 17:54:10,418 - INFO - Janela de seleção aberta
2026-04-09 17:54:14,659 - INFO - DEBUG: idx=1, inicio=50, fim=100
2026-04-09 17:54:14,659 - INFO - ✅ 50 OS copiadas para a área de transferência.
2026-04-09 17:54:14,659 - INFO - 📋 Lote 2 copiado.
2026-04-09 17:54:22,983 - INFO - ⌛ Esperando mudança visual...
2026-04-09 17:54:24,004 - INFO - ⌛ Esperando mudança visual...
2026-04-09 17:54:25,020 - INFO - ⌛ Esperando mudança visual...
2026-04-09 17:54:26,036 - INFO - ⌛ Esperando mudança visual...
2026-04-09 17:54:27,051 - INFO - ⌛ Esperando mudança visual...
2026-04-09 17:54:28,067 - INFO - ⌛ Esperando mudança visual...
2026-04-09 17:54:29,083 - INFO - ⌛ Esperando mudança visual...
2026-04-09 17:54:30,098 - INFO - ⌛ Esperando mudança visual...
2026-04-09 17:54:31,114 - INFO - ⌛ Esperando mudança visual...
2026-04-09 17:54:32,130 - INFO - ⌛ Esperando mudança visual...
2026-04-09 17:54:33,145 - INFO - ✅ Tela carregada!
2026-04-09 17:54:37,157 - INFO - 
=== rotina desbloquear_os ===
2026-04-09 17:54:43,627 - INFO - ⌛ Aguardando janela de confirmação de desbloqueio...
2026-04-09 17:54:59,069 - INFO - ⌛ Aguardando janela de confirmação de desbloqueio...
2026-04-09 17:55:14,537 - INFO - 🟨 Registros desbloqueados com sucesso
2026-04-09 17:55:18,641 - INFO - 
=== rotina editar_os ===
2026-04-09 17:55:28,125 - INFO - ⌛ Aguardando janela de edição de OS...
2026-04-09 17:55:43,698 - INFO - 🟨 OS programadas detectadas
2026-04-09 17:55:46,803 - INFO - ⌛ Aguardando janela de edição de OS...
2026-04-09 17:56:02,267 - INFO - 🟨 Janela de edição de OS detectada
2026-04-09 17:56:23,654 - INFO - 🟨 Janela de edição de habilidade da turma detectada
2026-04-09 17:57:41,980 - INFO - ⌛ Aguardando detecção do campo de caracteristica 'EQUIPE PRÓPRIA OU EPS' ...
2026-04-09 17:58:01,338 - INFO - 🟨 campo de caracteristica 'EQUIPE PRÓPRIA OU EPS detectado
2026-04-09 17:58:23,144 - INFO - ⌛ Aguardando confirmação 4 - editar OS...
2026-04-09 17:58:38,612 - INFO - ⌛ Aguardando confirmação 4 - editar OS...
2026-04-09 17:58:54,080 - INFO - ⌛ Aguardando confirmação 4 - editar OS...
2026-04-09 17:59:09,607 - INFO - ⌛ Aguardando confirmação 4 - editar OS...
2026-04-09 17:59:25,113 - INFO - 🟨 Janela de confirmação 4 de edição de OS detectada
2026-04-09 17:59:29,216 - INFO - 
=== rotina programar_os ===
2026-04-09 17:59:55,777 - INFO - ⌛ Aguardando janela de confirmação de programação de OS...
2026-04-09 18:00:21,275 - INFO - 🟨 Janela de confirmação de programação de OS detectada
2026-04-09 18:00:34,550 - INFO - 🟨 Janela de aviso de edição de OS programadas detectada
2026-04-09 18:00:41,758 - INFO - ⌛ aguardando janela de programação de lote de OS...
2026-04-09 18:01:07,296 - INFO - 🟨 Janela de aviso de substituição de lote de OS detectada
2026-04-09 18:01:27,407 - INFO - ⌛ aguardando janela de programação de lote de OS...
2026-04-09 18:01:53,000 - INFO - 🟨 Janela de aviso de substituição de lote de OS detectada
2026-04-09 18:02:13,110 - INFO - ⌛ aguardando janela de programação de lote de OS...
2026-04-09 18:02:38,701 - INFO - 🟨 Janela de programação de lote de OS detectada
2026-04-09 18:03:28,253 - INFO - 🟨 Janela de confirmação de programação de lote de OS detectada
2026-04-09 18:03:32,506 - INFO - ⌛ aguardando confirmação final de programação do lote
2026-04-09 18:03:58,006 - INFO - ⌛ aguardando confirmação final de programação do lote
2026-04-09 18:04:23,513 - INFO - 🟨 programação do lote 2 efetuado com sucesso
2026-04-09 18:04:33,622 - INFO - 
=== Iniciando lote 3/12 [LV] ===
2026-04-09 18:04:33,622 - INFO - 
=== abrir_janela_selecao ===
2026-04-09 18:04:39,934 - INFO - 
=== rotina abrir_selecao_colar_os ===
2026-04-09 18:04:39,997 - INFO - Janela de seleção aberta
2026-04-09 18:04:44,240 - INFO - DEBUG: idx=2, inicio=100, fim=150
2026-04-09 18:04:44,240 - INFO - ✅ 50 OS copiadas para a área de transferência.
2026-04-09 18:04:44,240 - INFO - 📋 Lote 3 copiado.
2026-04-09 18:04:52,563 - INFO - ⌛ Esperando mudança visual...
2026-04-09 18:04:53,584 - INFO - ⌛ Esperando mudança visual...
2026-04-09 18:04:54,600 - INFO - ⌛ Esperando mudança visual...
2026-04-09 18:04:55,615 - INFO - ⌛ Esperando mudança visual...
2026-04-09 18:04:56,631 - INFO - ⌛ Esperando mudança visual...
2026-04-09 18:04:57,647 - INFO - ⌛ Esperando mudança visual...
2026-04-09 18:04:58,662 - INFO - ⌛ Esperando mudança visual...
2026-04-09 18:04:59,683 - INFO - ⌛ Esperando mudança visual...
2026-04-09 18:05:00,694 - INFO - ⌛ Esperando mudança visual...
2026-04-09 18:05:01,709 - INFO - ⌛ Esperando mudança visual...
2026-04-09 18:05:02,725 - INFO - ⌛ Esperando mudança visual...
2026-04-09 18:05:03,741 - INFO - ✅ Tela carregada!
2026-04-09 18:05:07,752 - INFO - 
=== rotina desbloquear_os ===
2026-04-09 18:05:14,235 - INFO - ⌛ Aguardando janela de confirmação de desbloqueio...
2026-04-09 18:05:29,703 - INFO - ⌛ Aguardando janela de confirmação de desbloqueio...
2026-04-09 18:05:45,182 - INFO - 🟨 Registros desbloqueados com sucesso
2026-04-09 18:05:49,295 - INFO - 
=== rotina editar_os ===
2026-04-09 18:05:58,706 - INFO - ⌛ Aguardando janela de edição de OS...
2026-04-09 18:06:14,170 - INFO - 🟨 OS programadas detectadas
2026-04-09 18:06:17,273 - INFO - ⌛ Aguardando janela de edição de OS...
2026-04-09 18:06:32,722 - INFO - 🟨 Janela de edição de OS detectada
2026-04-09 18:06:54,082 - INFO - 🟨 Janela de edição de habilidade da turma detectada
2026-04-09 18:08:12,382 - INFO - ⌛ Aguardando detecção do campo de caracteristica 'EQUIPE PRÓPRIA OU EPS' ...
2026-04-09 18:08:31,735 - INFO - 🟨 campo de caracteristica 'EQUIPE PRÓPRIA OU EPS detectado
2026-04-09 18:08:53,511 - INFO - ⌛ Aguardando confirmação 4 - editar OS...
2026-04-09 18:09:08,973 - INFO - ⌛ Aguardando confirmação 4 - editar OS...
2026-04-09 18:09:24,412 - INFO - ⌛ Aguardando confirmação 4 - editar OS...
2026-04-09 18:09:39,964 - INFO - ⌛ Aguardando confirmação 4 - editar OS...
2026-04-09 18:09:55,471 - INFO - 🟨 Janela de confirmação 4 de edição de OS detectada
2026-04-09 18:09:59,589 - INFO - 
=== rotina programar_os ===
2026-04-09 18:10:26,122 - INFO - ⌛ Aguardando janela de confirmação de programação de OS...
2026-04-09 18:10:51,539 - INFO - 🟨 Janela de confirmação de programação de OS detectada
2026-04-09 18:11:04,783 - INFO - 🟨 Janela de aviso de edição de OS programadas detectada
2026-04-09 18:11:12,000 - INFO - ⌛ aguardando janela de programação de lote de OS...
2026-04-09 18:11:37,509 - INFO - 🟨 Janela de aviso de substituição de lote de OS detectada
2026-04-09 18:11:57,613 - INFO - ⌛ aguardando janela de programação de lote de OS...
2026-04-09 18:12:23,108 - INFO - 🟨 Janela de aviso de substituição de lote de OS detectada
2026-04-09 18:12:43,220 - INFO - ⌛ aguardando janela de programação de lote de OS...
2026-04-09 18:13:08,729 - INFO - 🟨 Janela de programação de lote de OS detectada
2026-04-09 18:13:58,224 - INFO - 🟨 Janela de confirmação de programação de lote de OS detectada
2026-04-09 18:14:02,453 - INFO - ⌛ aguardando confirmação final de programação do lote
2026-04-09 18:14:27,892 - INFO - 🟨 programação do lote 3 efetuado com sucesso
2026-04-09 18:14:38,000 - INFO - 
=== Iniciando lote 4/12 [LV] ===
2026-04-09 18:14:38,000 - INFO - 
=== abrir_janela_selecao ===
2026-04-09 18:14:44,309 - INFO - 
=== rotina abrir_selecao_colar_os ===
2026-04-09 18:14:44,368 - INFO - Janela de seleção aberta
2026-04-09 18:14:48,611 - INFO - DEBUG: idx=3, inicio=150, fim=200
2026-04-09 18:14:48,611 - INFO - ✅ 50 OS copiadas para a área de transferência.
2026-04-09 18:14:48,611 - INFO - 📋 Lote 4 copiado.
2026-04-09 18:14:56,936 - INFO - ⌛ Esperando mudança visual...
2026-04-09 18:14:57,955 - INFO - ⌛ Esperando mudança visual...
2026-04-09 18:14:58,970 - INFO - ⌛ Esperando mudança visual...
2026-04-09 18:14:59,986 - INFO - ⌛ Esperando mudança visual...
2026-04-09 18:15:01,002 - INFO - ⌛ Esperando mudança visual...
2026-04-09 18:15:02,017 - INFO - ⌛ Esperando mudança visual...
2026-04-09 18:15:03,034 - INFO - ⌛ Esperando mudança visual...
2026-04-09 18:15:04,038 - INFO - ⌛ Esperando mudança visual...
2026-04-09 18:15:05,048 - INFO - ⌛ Esperando mudança visual...
2026-04-09 18:15:06,081 - INFO - ⌛ Esperando mudança visual...
2026-04-09 18:15:07,096 - INFO - ✅ Tela carregada!
2026-04-09 18:15:11,099 - INFO - 
=== rotina desbloquear_os ===
2026-04-09 18:15:17,557 - INFO - ⌛ Aguardando janela de confirmação de desbloqueio...
2026-04-09 18:15:32,962 - INFO - ⌛ Aguardando janela de confirmação de desbloqueio...
2026-04-09 18:15:48,385 - INFO - 🟨 Registros desbloqueados com sucesso
2026-04-09 18:15:52,495 - INFO - 
=== rotina editar_os ===
2026-04-09 18:16:01,907 - INFO - ⌛ Aguardando janela de edição de OS...
2026-04-09 18:16:17,352 - INFO - 🟨 OS programadas detectadas
2026-04-09 18:16:20,456 - INFO - ⌛ Aguardando janela de edição de OS...
2026-04-09 18:16:35,905 - INFO - 🟨 Janela de edição de OS detectada
2026-04-09 18:16:57,268 - INFO - 🟨 Janela de edição de habilidade da turma detectada
2026-04-09 18:18:15,586 - INFO - ⌛ Aguardando detecção do campo de caracteristica 'EQUIPE PRÓPRIA OU EPS' ...
2026-04-09 18:18:34,952 - INFO - 🟨 campo de caracteristica 'EQUIPE PRÓPRIA OU EPS detectado
2026-04-09 18:18:56,765 - INFO - ⌛ Aguardando confirmação 4 - editar OS...
2026-04-09 18:19:12,251 - INFO - ⌛ Aguardando confirmação 4 - editar OS...
2026-04-09 18:19:27,720 - INFO - ⌛ Aguardando confirmação 4 - editar OS...
2026-04-09 18:19:43,267 - INFO - ⌛ Aguardando confirmação 4 - editar OS...
2026-04-09 18:19:58,853 - INFO - 🟨 Janela de confirmação 4 de edição de OS detectada
2026-04-09 18:20:02,958 - INFO - 
=== rotina programar_os ===
2026-04-09 18:20:29,481 - INFO - ⌛ Aguardando janela de confirmação de programação de OS...
2026-04-09 18:20:54,967 - INFO - 🟨 Janela de confirmação de programação de OS detectada
2026-04-09 18:21:08,208 - INFO - 🟨 Janela de aviso de edição de OS programadas detectada
2026-04-09 18:21:15,427 - INFO - ⌛ aguardando janela de programação de lote de OS...
2026-04-09 18:21:40,965 - INFO - 🟨 Janela de aviso de substituição de lote de OS detectada
2026-04-09 18:22:01,073 - INFO - ⌛ aguardando janela de programação de lote de OS...
2026-04-09 18:22:26,687 - INFO - 🟨 Janela de programação de lote de OS detectada
2026-04-09 18:23:16,260 - INFO - 🟨 Janela de confirmação de programação de lote de OS detectada
2026-04-09 18:23:20,495 - INFO - ⌛ aguardando confirmação final de programação do lote
2026-04-09 18:23:46,022 - INFO - ⌛ aguardando confirmação final de programação do lote
2026-04-09 18:24:11,522 - INFO - 🟨 programação do lote 4 efetuado com sucesso
2026-04-09 18:24:21,630 - INFO - 
=== Iniciando lote 5/12 [LV] ===
2026-04-09 18:24:21,630 - INFO - 
=== abrir_janela_selecao ===
2026-04-09 18:24:27,944 - INFO - 
=== rotina abrir_selecao_colar_os ===
2026-04-09 18:24:28,011 - INFO - Janela de seleção aberta
2026-04-09 18:24:32,255 - INFO - DEBUG: idx=4, inicio=200, fim=250
2026-04-09 18:24:32,255 - INFO - ✅ 50 OS copiadas para a área de transferência.
2026-04-09 18:24:32,255 - INFO - 📋 Lote 5 copiado.
2026-04-09 18:24:40,576 - INFO - ⌛ Esperando mudança visual...
2026-04-09 18:24:41,585 - INFO - ⌛ Esperando mudança visual...
2026-04-09 18:24:42,596 - INFO - ⌛ Esperando mudança visual...
2026-04-09 18:24:43,611 - INFO - ⌛ Esperando mudança visual...
2026-04-09 18:24:44,627 - INFO - ⌛ Esperando mudança visual...
2026-04-09 18:24:45,659 - INFO - ⌛ Esperando mudança visual...
2026-04-09 18:24:46,678 - INFO - ⌛ Esperando mudança visual...
2026-04-09 18:24:47,692 - INFO - ⌛ Esperando mudança visual...
2026-04-09 18:24:48,706 - INFO - ⌛ Esperando mudança visual...
2026-04-09 18:24:49,722 - INFO - ⌛ Esperando mudança visual...
2026-04-09 18:24:50,737 - INFO - ✅ Tela carregada!
2026-04-09 18:24:54,742 - INFO - 
=== rotina desbloquear_os ===
2026-04-09 18:25:01,211 - INFO - ⌛ Aguardando janela de confirmação de desbloqueio...
2026-04-09 18:25:16,666 - INFO - ⌛ Aguardando janela de confirmação de desbloqueio...
2026-04-09 18:25:32,130 - INFO - ⌛ Aguardando janela de confirmação de desbloqueio...
2026-04-09 18:25:32,264 - INFO - 🟨 Identificado travamento no EQM, reiniciando contador de espera
2026-04-09 18:25:47,571 - INFO - ⌛ Aguardando janela de confirmação de desbloqueio...
2026-04-09 18:25:47,698 - INFO - 🟨 Identificado travamento no EQM, reiniciando contador de espera
2026-04-09 18:26:02,986 - INFO - ⌛ Aguardando janela de confirmação de desbloqueio...
2026-04-09 18:26:03,164 - INFO - 🟨 Identificado travamento no EQM, reiniciando contador de espera
2026-04-09 18:26:18,464 - INFO - 🟨 Registros desbloqueados com sucesso
2026-04-09 18:26:22,573 - INFO - 
=== rotina editar_os ===
2026-04-09 18:26:31,977 - INFO - ⌛ Aguardando janela de edição de OS...
2026-04-09 18:26:47,438 - INFO - 🟨 OS programadas detectadas
2026-04-09 18:26:50,553 - INFO - ⌛ Aguardando janela de edição de OS...
2026-04-09 18:27:06,028 - INFO - 🟨 Janela de edição de OS detectada
2026-04-09 18:27:27,382 - INFO - 🟨 Janela de edição de habilidade da turma detectada
2026-04-09 18:28:45,711 - INFO - ⌛ Aguardando detecção do campo de caracteristica 'EQUIPE PRÓPRIA OU EPS' ...
2026-04-09 18:29:05,090 - INFO - 🟨 campo de caracteristica 'EQUIPE PRÓPRIA OU EPS detectado
2026-04-09 18:29:26,928 - INFO - ⌛ Aguardando confirmação 4 - editar OS...
2026-04-09 18:29:42,402 - INFO - ⌛ Aguardando confirmação 4 - editar OS...
2026-04-09 18:29:57,885 - INFO - ⌛ Aguardando confirmação 4 - editar OS...
2026-04-09 18:30:13,386 - INFO - ⌛ Aguardando confirmação 4 - editar OS...
2026-04-09 18:30:28,922 - INFO - 🟨 Janela de confirmação 4 de edição de OS detectada
2026-04-09 18:30:33,038 - INFO - 
=== rotina programar_os ===
2026-04-09 18:30:59,572 - INFO - ⌛ Aguardando janela de confirmação de programação de OS...
2026-04-09 18:31:25,047 - INFO - 🟨 Janela de confirmação de programação de OS detectada
2026-04-09 18:31:38,325 - INFO - 🟨 Janela de aviso de edição de OS programadas detectada
2026-04-09 18:31:45,538 - INFO - ⌛ aguardando janela de programação de lote de OS...
2026-04-09 18:32:11,070 - INFO - 🟨 Janela de aviso de substituição de lote de OS detectada
2026-04-09 18:32:31,180 - INFO - ⌛ aguardando janela de programação de lote de OS...
2026-04-09 18:32:56,709 - INFO - 🟨 Janela de programação de lote de OS detectada
2026-04-09 18:33:46,288 - INFO - 🟨 Janela de confirmação de programação de lote de OS detectada
2026-04-09 18:33:50,525 - INFO - ⌛ aguardando confirmação final de programação do lote
2026-04-09 18:34:15,991 - INFO - 🟨 programação do lote 5 efetuado com sucesso
2026-04-09 18:34:26,101 - INFO - 
=== Iniciando lote 6/12 [LV] ===
2026-04-09 18:34:26,101 - INFO - 
=== abrir_janela_selecao ===
2026-04-09 18:34:32,413 - INFO - 
=== rotina abrir_selecao_colar_os ===
2026-04-09 18:34:32,482 - INFO - Janela de seleção aberta
2026-04-09 18:34:36,724 - INFO - DEBUG: idx=5, inicio=250, fim=300
2026-04-09 18:34:36,724 - INFO - ✅ 50 OS copiadas para a área de transferência.
2026-04-09 18:34:36,724 - INFO - 📋 Lote 6 copiado.
2026-04-09 18:34:45,054 - INFO - ⌛ Esperando mudança visual...
2026-04-09 18:34:46,068 - INFO - ⌛ Esperando mudança visual...
2026-04-09 18:34:47,084 - INFO - ⌛ Esperando mudança visual...
2026-04-09 18:34:48,100 - INFO - ⌛ Esperando mudança visual...
2026-04-09 18:34:49,115 - INFO - ⌛ Esperando mudança visual...
2026-04-09 18:34:50,131 - INFO - ⌛ Esperando mudança visual...
2026-04-09 18:34:51,152 - INFO - ⌛ Esperando mudança visual...
2026-04-09 18:34:52,162 - INFO - ⌛ Esperando mudança visual...
2026-04-09 18:34:53,178 - INFO - ⌛ Esperando mudança visual...
2026-04-09 18:34:54,194 - INFO - ✅ Tela carregada!
2026-04-09 18:34:58,198 - INFO - 
=== rotina desbloquear_os ===
2026-04-09 18:35:04,674 - INFO - ⌛ Aguardando janela de confirmação de desbloqueio...
2026-04-09 18:35:20,092 - INFO - ⌛ Aguardando janela de confirmação de desbloqueio...
2026-04-09 18:35:35,553 - INFO - 🟨 Registros desbloqueados com sucesso
2026-04-09 18:35:39,658 - INFO - 
=== rotina editar_os ===
2026-04-09 18:35:49,078 - INFO - ⌛ Aguardando janela de edição de OS...
2026-04-09 18:36:04,539 - INFO - 🟨 OS programadas detectadas
2026-04-09 18:36:07,658 - INFO - ⌛ Aguardando janela de edição de OS...
2026-04-09 18:36:23,102 - INFO - 🟨 Janela de edição de OS detectada
2026-04-09 18:36:44,488 - INFO - 🟨 Janela de edição de habilidade da turma detectada
2026-04-09 18:38:02,804 - INFO - ⌛ Aguardando detecção do campo de caracteristica 'EQUIPE PRÓPRIA OU EPS' ...
2026-04-09 18:38:22,168 - INFO - 🟨 campo de caracteristica 'EQUIPE PRÓPRIA OU EPS detectado
2026-04-09 18:38:43,937 - INFO - ⌛ Aguardando confirmação 4 - editar OS...
2026-04-09 18:38:59,428 - INFO - ⌛ Aguardando confirmação 4 - editar OS...
2026-04-09 18:39:15,017 - INFO - ⌛ Aguardando confirmação 4 - editar OS...
2026-04-09 18:39:30,541 - INFO - ⌛ Aguardando confirmação 4 - editar OS...
2026-04-09 18:39:46,064 - INFO - ⌛ Aguardando confirmação 4 - editar OS...
2026-04-09 18:40:01,577 - INFO - 🟨 Janela de confirmação 4 de edição de OS detectada
2026-04-09 18:40:05,684 - INFO - 
=== rotina programar_os ===
2026-04-09 18:40:32,218 - INFO - ⌛ Aguardando janela de confirmação de programação de OS...
2026-04-09 18:40:57,729 - INFO - 🟨 Janela de confirmação de programação de OS detectada
2026-04-09 18:41:11,011 - INFO - 🟨 Janela de aviso de edição de OS programadas detectada
2026-04-09 18:41:18,226 - INFO - ⌛ aguardando janela de programação de lote de OS...
2026-04-09 18:41:43,768 - INFO - 🟨 Janela de aviso de substituição de lote de OS detectada
2026-04-09 18:42:03,875 - INFO - ⌛ aguardando janela de programação de lote de OS...
2026-04-09 18:42:29,408 - INFO - 🟨 Janela de aviso de substituição de lote de OS detectada
2026-04-09 18:42:49,512 - INFO - ⌛ aguardando janela de programação de lote de OS...
2026-04-09 18:42:49,752 - INFO - 🟨 Identificado falha no EQM
2026-04-09 18:42:49,752 - INFO - Capturando print...
2026-04-09 18:43:35,343 - INFO - ⌛ Aguardando janela de confirmação de programação de OS...
2026-04-09 18:44:00,808 - INFO - 🟨 Janela de confirmação de programação de OS detectada
2026-04-09 18:44:14,071 - INFO - 🟨 Janela de aviso de edição de OS programadas detectada
2026-04-09 18:44:21,278 - INFO - ⌛ aguardando janela de programação de lote de OS...
2026-04-09 18:44:46,798 - INFO - 🟨 Janela de aviso de substituição de lote de OS detectada
2026-04-09 18:45:06,911 - INFO - ⌛ aguardando janela de programação de lote de OS...
2026-04-09 18:45:32,485 - INFO - 🟨 Janela de programação de lote de OS detectada
2026-04-09 18:46:22,074 - INFO - 🟨 Janela de confirmação de programação de lote de OS detectada
2026-04-09 18:46:26,308 - INFO - ⌛ aguardando confirmação final de programação do lote
2026-04-09 18:46:51,839 - INFO - ⌛ aguardando confirmação final de programação do lote
2026-04-09 18:47:17,323 - INFO - 🟨 programação do lote 6 efetuado com sucesso
2026-04-09 18:47:27,433 - INFO - 
=== Iniciando lote 7/12 [LV] ===
2026-04-09 18:47:27,433 - INFO - 
=== abrir_janela_selecao ===
2026-04-09 18:47:33,746 - INFO - 
=== rotina abrir_selecao_colar_os ===
2026-04-09 18:47:33,813 - INFO - Janela de seleção aberta
2026-04-09 18:47:38,057 - INFO - DEBUG: idx=6, inicio=300, fim=350
2026-04-09 18:47:38,057 - INFO - ✅ 50 OS copiadas para a área de transferência.
2026-04-09 18:47:38,057 - INFO - 📋 Lote 7 copiado.
2026-04-09 18:47:46,379 - INFO - ⌛ Esperando mudança visual...
2026-04-09 18:47:47,399 - INFO - ⌛ Esperando mudança visual...
2026-04-09 18:47:48,415 - INFO - ⌛ Esperando mudança visual...
2026-04-09 18:47:49,431 - INFO - ⌛ Esperando mudança visual...
2026-04-09 18:47:50,446 - INFO - ⌛ Esperando mudança visual...
2026-04-09 18:47:51,462 - INFO - ⌛ Esperando mudança visual...
2026-04-09 18:47:52,478 - INFO - ⌛ Esperando mudança visual...
2026-04-09 18:47:53,494 - INFO - ⌛ Esperando mudança visual...
2026-04-09 18:47:54,509 - INFO - ⌛ Esperando mudança visual...
2026-04-09 18:47:55,524 - INFO - ✅ Tela carregada!
2026-04-09 18:47:59,528 - INFO - 
=== rotina desbloquear_os ===
2026-04-09 18:48:06,035 - INFO - ⌛ Aguardando janela de confirmação de desbloqueio...
2026-04-09 18:48:21,556 - INFO - ⌛ Aguardando janela de confirmação de desbloqueio...
2026-04-09 18:48:37,048 - INFO - 🟨 Registros desbloqueados com sucesso
2026-04-09 18:48:41,152 - INFO - 
=== rotina editar_os ===
2026-04-09 18:48:50,575 - INFO - ⌛ Aguardando janela de edição de OS...
2026-04-09 18:49:06,021 - INFO - 🟨 OS programadas detectadas
2026-04-09 18:49:09,139 - INFO - ⌛ Aguardando janela de edição de OS...
2026-04-09 18:49:24,607 - INFO - 🟨 Janela de edição de OS detectada
2026-04-09 18:49:45,978 - INFO - 🟨 Janela de edição de habilidade da turma detectada
2026-04-09 18:51:04,286 - INFO - ⌛ Aguardando detecção do campo de caracteristica 'EQUIPE PRÓPRIA OU EPS' ...
2026-04-09 18:51:23,634 - INFO - 🟨 campo de caracteristica 'EQUIPE PRÓPRIA OU EPS detectado
2026-04-09 18:51:45,447 - INFO - ⌛ Aguardando confirmação 4 - editar OS...
2026-04-09 18:52:00,924 - INFO - ⌛ Aguardando confirmação 4 - editar OS...
2026-04-09 18:52:16,400 - INFO - ⌛ Aguardando confirmação 4 - editar OS...
2026-04-09 18:52:31,919 - INFO - ⌛ Aguardando confirmação 4 - editar OS...
2026-04-09 18:52:47,449 - INFO - 🟨 Janela de confirmação 4 de edição de OS detectada
2026-04-09 18:52:51,554 - INFO - 
=== rotina programar_os ===
2026-04-09 18:53:18,087 - INFO - ⌛ Aguardando janela de confirmação de programação de OS...
2026-04-09 18:53:43,574 - INFO - 🟨 Janela de confirmação de programação de OS detectada
2026-04-09 18:53:56,850 - INFO - 🟨 Janela de aviso de edição de OS programadas detectada
2026-04-09 18:54:04,057 - INFO - ⌛ aguardando janela de programação de lote de OS...
2026-04-09 18:54:29,573 - INFO - 🟨 Janela de aviso de substituição de lote de OS detectada
2026-04-09 18:54:49,677 - INFO - ⌛ aguardando janela de programação de lote de OS...
2026-04-09 18:55:15,181 - INFO - 🟨 Janela de aviso de substituição de lote de OS detectada
2026-04-09 18:55:35,307 - INFO - ⌛ aguardando janela de programação de lote de OS...
2026-04-09 18:56:00,963 - INFO - 🟨 Janela de programação de lote de OS detectada
2026-04-09 18:56:50,488 - INFO - 🟨 Janela de confirmação de programação de lote de OS detectada
2026-04-09 18:56:54,717 - INFO - ⌛ aguardando confirmação final de programação do lote
2026-04-09 18:57:20,265 - INFO - 🟨 programação do lote 7 efetuado com sucesso
2026-04-09 18:57:30,376 - INFO - 
=== Iniciando lote 8/12 [LV] ===
2026-04-09 18:57:30,376 - INFO - 
=== abrir_janela_selecao ===
2026-04-09 18:57:36,683 - INFO - 
=== rotina abrir_selecao_colar_os ===
2026-04-09 18:57:36,736 - INFO - Janela de seleção aberta
2026-04-09 18:57:40,965 - INFO - DEBUG: idx=7, inicio=350, fim=400
2026-04-09 18:57:40,981 - INFO - ✅ 50 OS copiadas para a área de transferência.
2026-04-09 18:57:40,981 - INFO - 📋 Lote 8 copiado.
2026-04-09 18:57:49,303 - INFO - ⌛ Esperando mudança visual...
2026-04-09 18:57:50,322 - INFO - ⌛ Esperando mudança visual...
2026-04-09 18:57:51,342 - INFO - ⌛ Esperando mudança visual...
2026-04-09 18:57:52,354 - INFO - ⌛ Esperando mudança visual...
2026-04-09 18:57:53,369 - INFO - ⌛ Esperando mudança visual...
2026-04-09 18:57:54,386 - INFO - ⌛ Esperando mudança visual...
2026-04-09 18:57:55,390 - INFO - ⌛ Esperando mudança visual...
2026-04-09 18:57:56,400 - INFO - ⌛ Esperando mudança visual...
2026-04-09 18:57:57,431 - INFO - ⌛ Esperando mudança visual...
2026-04-09 18:57:58,432 - INFO - ⌛ Esperando mudança visual...
2026-04-09 18:57:59,461 - INFO - ✅ Tela carregada!
2026-04-09 18:58:03,463 - INFO - 
=== rotina desbloquear_os ===
2026-04-09 18:58:09,922 - INFO - ⌛ Aguardando janela de confirmação de desbloqueio...
2026-04-09 18:58:25,316 - INFO - ⌛ Aguardando janela de confirmação de desbloqueio...
2026-04-09 18:58:40,731 - INFO - 🟨 Registros desbloqueados com sucesso
2026-04-09 18:58:44,834 - INFO - 
=== rotina editar_os ===
2026-04-09 18:58:54,248 - INFO - ⌛ Aguardando janela de edição de OS...
2026-04-09 18:59:09,680 - INFO - 🟨 OS programadas detectadas
2026-04-09 18:59:12,790 - INFO - ⌛ Aguardando janela de edição de OS...
2026-04-09 18:59:28,233 - INFO - 🟨 Janela de edição de OS detectada
2026-04-09 18:59:49,588 - INFO - 🟨 Janela de edição de habilidade da turma detectada
2026-04-09 19:01:07,892 - INFO - ⌛ Aguardando detecção do campo de caracteristica 'EQUIPE PRÓPRIA OU EPS' ...
2026-04-09 19:01:27,267 - INFO - 🟨 campo de caracteristica 'EQUIPE PRÓPRIA OU EPS detectado
2026-04-09 19:01:49,043 - INFO - ⌛ Aguardando confirmação 4 - editar OS...
2026-04-09 19:02:04,493 - INFO - ⌛ Aguardando confirmação 4 - editar OS...
2026-04-09 19:02:19,963 - INFO - ⌛ Aguardando confirmação 4 - editar OS...
2026-04-09 19:02:35,432 - INFO - ⌛ Aguardando confirmação 4 - editar OS...
2026-04-09 19:02:50,938 - INFO - 🟨 Janela de confirmação 4 de edição de OS detectada
2026-04-09 19:02:55,054 - INFO - 
=== rotina programar_os ===
2026-04-09 19:03:21,599 - INFO - ⌛ Aguardando janela de confirmação de programação de OS...
2026-04-09 19:03:47,032 - INFO - 🟨 Janela de confirmação de programação de OS detectada
2026-04-09 19:04:00,332 - INFO - 🟨 Janela de aviso de edição de OS programadas detectada
2026-04-09 19:04:07,562 - INFO - ⌛ aguardando janela de programação de lote de OS...
2026-04-09 19:04:33,063 - INFO - 🟨 Janela de aviso de substituição de lote de OS detectada
2026-04-09 19:04:53,167 - INFO - ⌛ aguardando janela de programação de lote de OS...
2026-04-09 19:05:18,709 - INFO - 🟨 Janela de aviso de substituição de lote de OS detectada
2026-04-09 19:05:38,825 - INFO - ⌛ aguardando janela de programação de lote de OS...
2026-04-09 19:06:04,328 - INFO - 🟨 Janela de programação de lote de OS detectada
2026-04-09 19:06:53,856 - INFO - 🟨 Janela de confirmação de programação de lote de OS detectada
2026-04-09 19:06:58,064 - INFO - ⌛ aguardando confirmação final de programação do lote
2026-04-09 19:07:23,560 - INFO - 🟨 programação do lote 8 efetuado com sucesso
2026-04-09 19:07:33,673 - INFO - 
=== Iniciando lote 9/12 [LV] ===
2026-04-09 19:07:33,673 - INFO - 
=== abrir_janela_selecao ===
2026-04-09 19:07:39,981 - INFO - 
=== rotina abrir_selecao_colar_os ===
2026-04-09 19:07:40,026 - INFO - Janela de seleção aberta
2026-04-09 19:07:44,284 - INFO - DEBUG: idx=8, inicio=400, fim=450
2026-04-09 19:07:44,284 - INFO - ✅ 50 OS copiadas para a área de transferência.
2026-04-09 19:07:44,284 - INFO - 📋 Lote 9 copiado.
2026-04-09 19:07:52,611 - INFO - ⌛ Esperando mudança visual...
2026-04-09 19:07:53,629 - INFO - ⌛ Esperando mudança visual...
2026-04-09 19:07:54,645 - INFO - ⌛ Esperando mudança visual...
2026-04-09 19:07:55,662 - INFO - ⌛ Esperando mudança visual...
2026-04-09 19:07:56,676 - INFO - ⌛ Esperando mudança visual...
2026-04-09 19:07:57,692 - INFO - ⌛ Esperando mudança visual...
2026-04-09 19:07:58,710 - INFO - ⌛ Esperando mudança visual...
2026-04-09 19:07:59,723 - INFO - ⌛ Esperando mudança visual...
2026-04-09 19:08:00,738 - INFO - ⌛ Esperando mudança visual...
2026-04-09 19:08:01,754 - INFO - ✅ Tela carregada!
2026-04-09 19:08:05,760 - INFO - 
=== rotina desbloquear_os ===
2026-04-09 19:08:12,218 - INFO - ⌛ Aguardando janela de confirmação de desbloqueio...
2026-04-09 19:08:27,631 - INFO - ⌛ Aguardando janela de confirmação de desbloqueio...
2026-04-09 19:08:43,025 - INFO - 🟨 Registros desbloqueados com sucesso
2026-04-09 19:08:47,129 - INFO - 
=== rotina editar_os ===
2026-04-09 19:08:56,537 - INFO - ⌛ Aguardando janela de edição de OS...
2026-04-09 19:09:12,000 - INFO - 🟨 OS programadas detectadas
2026-04-09 19:09:15,118 - INFO - ⌛ Aguardando janela de edição de OS...
2026-04-09 19:09:30,590 - INFO - 🟨 Janela de edição de OS detectada
2026-04-09 19:09:51,995 - INFO - 🟨 Janela de edição de habilidade da turma detectada
2026-04-09 19:11:10,307 - INFO - ⌛ Aguardando detecção do campo de caracteristica 'EQUIPE PRÓPRIA OU EPS' ...
2026-04-09 19:11:29,678 - INFO - 🟨 campo de caracteristica 'EQUIPE PRÓPRIA OU EPS detectado
2026-04-09 19:11:51,479 - INFO - ⌛ Aguardando confirmação 4 - editar OS...
2026-04-09 19:12:06,953 - INFO - ⌛ Aguardando confirmação 4 - editar OS...
2026-04-09 19:12:22,420 - INFO - ⌛ Aguardando confirmação 4 - editar OS...
2026-04-09 19:12:37,892 - INFO - ⌛ Aguardando confirmação 4 - editar OS...
2026-04-09 19:12:53,410 - INFO - ⌛ Aguardando confirmação 4 - editar OS...
2026-04-09 19:13:08,832 - INFO - 🟨 Janela de confirmação 4 de edição de OS detectada
2026-04-09 19:13:12,947 - INFO - 
=== rotina programar_os ===
2026-04-09 19:13:39,456 - INFO - ⌛ Aguardando janela de confirmação de programação de OS...
2026-04-09 19:14:04,888 - INFO - 🟨 Janela de confirmação de programação de OS detectada
2026-04-09 19:14:18,140 - INFO - 🟨 Janela de aviso de edição de OS programadas detectada
2026-04-09 19:14:25,346 - INFO - ⌛ aguardando janela de programação de lote de OS...
2026-04-09 19:14:50,930 - INFO - 🟨 Janela de aviso de substituição de lote de OS detectada
2026-04-09 19:15:11,047 - INFO - ⌛ aguardando janela de programação de lote de OS...
2026-04-09 19:15:36,648 - INFO - 🟨 Janela de aviso de substituição de lote de OS detectada
2026-04-09 19:15:56,752 - INFO - ⌛ aguardando janela de programação de lote de OS...
2026-04-09 19:16:22,277 - INFO - 🟨 Janela de programação de lote de OS detectada
2026-04-09 19:17:11,850 - INFO - 🟨 Janela de confirmação de programação de lote de OS detectada
2026-04-09 19:17:16,078 - INFO - ⌛ aguardando confirmação final de programação do lote
2026-04-09 19:17:41,572 - INFO - ⌛ aguardando confirmação final de programação do lote
2026-04-09 19:18:07,107 - INFO - 🟨 programação do lote 9 efetuado com sucesso
2026-04-09 19:18:17,212 - INFO - 
=== Iniciando lote 10/12 [LV] ===
2026-04-09 19:18:17,212 - INFO - 
=== abrir_janela_selecao ===
2026-04-09 19:18:23,519 - INFO - 
=== rotina abrir_selecao_colar_os ===
2026-04-09 19:18:23,575 - INFO - Janela de seleção aberta
2026-04-09 19:18:27,816 - INFO - DEBUG: idx=9, inicio=450, fim=500
2026-04-09 19:18:27,816 - INFO - ✅ 50 OS copiadas para a área de transferência.
2026-04-09 19:18:27,816 - INFO - 📋 Lote 10 copiado.
2026-04-09 19:18:36,139 - INFO - ⌛ Esperando mudança visual...
2026-04-09 19:18:37,150 - INFO - ⌛ Esperando mudança visual...
2026-04-09 19:18:38,161 - INFO - ⌛ Esperando mudança visual...
2026-04-09 19:18:39,177 - INFO - ⌛ Esperando mudança visual...
2026-04-09 19:18:40,208 - INFO - ⌛ Esperando mudança visual...
2026-04-09 19:18:41,224 - INFO - ⌛ Esperando mudança visual...
2026-04-09 19:18:42,241 - INFO - ⌛ Esperando mudança visual...
2026-04-09 19:18:43,257 - INFO - ⌛ Esperando mudança visual...
2026-04-09 19:18:44,272 - INFO - ⌛ Esperando mudança visual...
2026-04-09 19:18:45,288 - INFO - ✅ Tela carregada!
2026-04-09 19:18:49,293 - INFO - 
=== rotina desbloquear_os ===
2026-04-09 19:18:55,760 - INFO - ⌛ Aguardando janela de confirmação de desbloqueio...
2026-04-09 19:19:11,189 - INFO - ⌛ Aguardando janela de confirmação de desbloqueio...
2026-04-09 19:19:26,629 - INFO - 🟨 Registros desbloqueados com sucesso
2026-04-09 19:19:30,736 - INFO - 
=== rotina editar_os ===
2026-04-09 19:19:40,138 - INFO - ⌛ Aguardando janela de edição de OS...
2026-04-09 19:19:55,616 - INFO - 🟨 OS programadas detectadas
2026-04-09 19:19:58,720 - INFO - ⌛ Aguardando janela de edição de OS...
2026-04-09 19:20:14,151 - INFO - 🟨 Janela de edição de OS detectada
2026-04-09 19:20:35,517 - INFO - 🟨 Janela de edição de habilidade da turma detectada
2026-04-09 19:21:53,843 - INFO - ⌛ Aguardando detecção do campo de caracteristica 'EQUIPE PRÓPRIA OU EPS' ...
2026-04-09 19:22:13,211 - INFO - 🟨 campo de caracteristica 'EQUIPE PRÓPRIA OU EPS detectado
2026-04-09 19:22:35,027 - INFO - ⌛ Aguardando confirmação 4 - editar OS...
2026-04-09 19:22:50,556 - INFO - ⌛ Aguardando confirmação 4 - editar OS...
2026-04-09 19:23:06,056 - INFO - ⌛ Aguardando confirmação 4 - editar OS...
2026-04-09 19:23:21,524 - INFO - ⌛ Aguardando confirmação 4 - editar OS...
2026-04-09 19:23:36,993 - INFO - 🟨 Janela de confirmação 4 de edição de OS detectada
2026-04-09 19:23:41,095 - INFO - 
=== rotina programar_os ===
2026-04-09 19:24:07,641 - INFO - ⌛ Aguardando janela de confirmação de programação de OS...
2026-04-09 19:24:33,052 - INFO - 🟨 Janela de confirmação de programação de OS detectada
2026-04-09 19:24:46,306 - INFO - 🟨 Janela de aviso de edição de OS programadas detectada
2026-04-09 19:24:53,511 - INFO - ⌛ aguardando janela de programação de lote de OS...
2026-04-09 19:25:19,003 - INFO - 🟨 Janela de aviso de substituição de lote de OS detectada
2026-04-09 19:25:39,115 - INFO - ⌛ aguardando janela de programação de lote de OS...
2026-04-09 19:26:04,623 - INFO - 🟨 Janela de aviso de substituição de lote de OS detectada
2026-04-09 19:26:24,727 - INFO - ⌛ aguardando janela de programação de lote de OS...
2026-04-09 19:26:50,251 - INFO - 🟨 Janela de programação de lote de OS detectada
2026-04-09 19:27:39,751 - INFO - 🟨 Janela de confirmação de programação de lote de OS detectada
2026-04-09 19:27:43,950 - INFO - ⌛ aguardando confirmação final de programação do lote
2026-04-09 19:28:09,421 - INFO - ⌛ aguardando confirmação final de programação do lote
2026-04-09 19:28:34,876 - INFO - 🟨 programação do lote 10 efetuado com sucesso
2026-04-09 19:28:44,989 - INFO - 
=== Iniciando lote 11/12 [LV] ===
2026-04-09 19:28:44,989 - INFO - 
=== abrir_janela_selecao ===
2026-04-09 19:28:51,297 - INFO - 
=== rotina abrir_selecao_colar_os ===
2026-04-09 19:28:51,343 - INFO - Janela de seleção aberta
2026-04-09 19:28:55,566 - INFO - DEBUG: idx=10, inicio=500, fim=550
2026-04-09 19:28:55,566 - INFO - ✅ 50 OS copiadas para a área de transferência.
2026-04-09 19:28:55,566 - INFO - 📋 Lote 11 copiado.
2026-04-09 19:29:03,910 - INFO - ⌛ Esperando mudança visual...
2026-04-09 19:29:04,928 - INFO - ⌛ Esperando mudança visual...
2026-04-09 19:29:05,944 - INFO - ⌛ Esperando mudança visual...
2026-04-09 19:29:06,960 - INFO - ⌛ Esperando mudança visual...
2026-04-09 19:29:07,976 - INFO - ⌛ Esperando mudança visual...
2026-04-09 19:29:08,992 - INFO - ⌛ Esperando mudança visual...
2026-04-09 19:29:10,001 - INFO - ⌛ Esperando mudança visual...
2026-04-09 19:29:11,021 - INFO - ⌛ Esperando mudança visual...
2026-04-09 19:29:12,039 - INFO - ⌛ Esperando mudança visual...
2026-04-09 19:29:13,053 - INFO - ✅ Tela carregada!
2026-04-09 19:29:17,058 - INFO - 
=== rotina desbloquear_os ===
2026-04-09 19:29:23,544 - INFO - ⌛ Aguardando janela de confirmação de desbloqueio...
2026-04-09 19:29:38,925 - INFO - ⌛ Aguardando janela de confirmação de desbloqueio...
2026-04-09 19:29:54,307 - INFO - 🟨 Registros desbloqueados com sucesso
2026-04-09 19:29:58,420 - INFO - 
=== rotina editar_os ===
2026-04-09 19:30:07,836 - INFO - ⌛ Aguardando janela de edição de OS...
2026-04-09 19:30:23,346 - INFO - 🟨 OS programadas detectadas
2026-04-09 19:30:26,461 - INFO - ⌛ Aguardando janela de edição de OS...
2026-04-09 19:30:41,885 - INFO - 🟨 Janela de edição de OS detectada
2026-04-09 19:31:03,246 - INFO - 🟨 Janela de edição de habilidade da turma detectada
2026-04-09 19:32:21,579 - INFO - ⌛ Aguardando detecção do campo de caracteristica 'EQUIPE PRÓPRIA OU EPS' ...
2026-04-09 19:32:40,942 - INFO - 🟨 campo de caracteristica 'EQUIPE PRÓPRIA OU EPS detectado
2026-04-09 19:33:02,747 - INFO - ⌛ Aguardando confirmação 4 - editar OS...
2026-04-09 19:33:18,218 - INFO - ⌛ Aguardando confirmação 4 - editar OS...
2026-04-09 19:33:33,711 - INFO - ⌛ Aguardando confirmação 4 - editar OS...
2026-04-09 19:33:49,199 - INFO - ⌛ Aguardando confirmação 4 - editar OS...
2026-04-09 19:34:04,731 - INFO - ⌛ Aguardando confirmação 4 - editar OS...
2026-04-09 19:34:20,206 - INFO - 🟨 Janela de confirmação 4 de edição de OS detectada
2026-04-09 19:34:24,318 - INFO - 
=== rotina programar_os ===
2026-04-09 19:34:50,840 - INFO - ⌛ Aguardando janela de confirmação de programação de OS...
2026-04-09 19:35:16,326 - INFO - 🟨 Janela de confirmação de programação de OS detectada
2026-04-09 19:35:29,596 - INFO - 🟨 Janela de aviso de edição de OS programadas detectada
2026-04-09 19:35:36,818 - INFO - ⌛ aguardando janela de programação de lote de OS...
2026-04-09 19:36:02,333 - INFO - 🟨 Janela de aviso de substituição de lote de OS detectada
2026-04-09 19:36:22,449 - INFO - ⌛ aguardando janela de programação de lote de OS...
2026-04-09 19:36:47,976 - INFO - 🟨 Janela de aviso de substituição de lote de OS detectada
2026-04-09 19:37:08,089 - INFO - ⌛ aguardando janela de programação de lote de OS...
2026-04-09 19:37:33,613 - INFO - 🟨 Janela de programação de lote de OS detectada
2026-04-09 19:38:23,116 - INFO - 🟨 Janela de confirmação de programação de lote de OS detectada
2026-04-09 19:38:27,332 - INFO - ⌛ aguardando confirmação final de programação do lote
2026-04-09 19:38:52,819 - INFO - ⌛ aguardando confirmação final de programação do lote
2026-04-09 19:39:18,332 - INFO - 🟨 programação do lote 11 efetuado com sucesso
2026-04-09 19:39:28,443 - INFO - 
=== Iniciando lote 12/12 [LV] ===
2026-04-09 19:39:28,443 - INFO - 
=== abrir_janela_selecao ===
2026-04-09 19:39:34,752 - INFO - 
=== rotina abrir_selecao_colar_os ===
2026-04-09 19:39:34,812 - INFO - Janela de seleção aberta
2026-04-09 19:39:39,047 - INFO - DEBUG: idx=11, inicio=550, fim=600
2026-04-09 19:39:39,047 - INFO - ✅ 7 OS copiadas para a área de transferência.
2026-04-09 19:39:39,047 - INFO - 📋 Lote 12 copiado.
2026-04-09 19:39:47,383 - INFO - ⌛ Esperando mudança visual...
2026-04-09 19:39:48,392 - INFO - ⌛ Esperando mudança visual...
2026-04-09 19:39:49,413 - INFO - ⌛ Esperando mudança visual...
2026-04-09 19:39:50,429 - INFO - ⌛ Esperando mudança visual...
2026-04-09 19:39:51,453 - INFO - ⌛ Esperando mudança visual...
2026-04-09 19:39:52,473 - INFO - ⌛ Esperando mudança visual...
2026-04-09 19:39:53,489 - INFO - ⌛ Esperando mudança visual...
2026-04-09 19:39:54,515 - INFO - ⌛ Esperando mudança visual...
2026-04-09 19:39:55,534 - INFO - ✅ Tela carregada!
2026-04-09 19:39:59,550 - INFO - 
=== rotina desbloquear_os ===
2026-04-09 19:40:06,020 - INFO - ⌛ Aguardando janela de confirmação de desbloqueio...
2026-04-09 19:40:21,550 - INFO - 🟨 Registros desbloqueados com sucesso
2026-04-09 19:40:25,653 - INFO - 
=== rotina editar_os ===
2026-04-09 19:40:35,076 - INFO - 🟨 OS programadas detectadas
2026-04-09 19:40:38,183 - INFO - ⌛ Aguardando janela de edição de OS...
2026-04-09 19:40:53,646 - INFO - 🟨 Janela de edição de OS detectada
2026-04-09 19:41:14,990 - INFO - 🟨 Janela de edição de habilidade da turma detectada
2026-04-09 19:42:33,298 - INFO - ⌛ Aguardando detecção do campo de caracteristica 'EQUIPE PRÓPRIA OU EPS' ...
2026-04-09 19:42:52,670 - INFO - 🟨 campo de caracteristica 'EQUIPE PRÓPRIA OU EPS detectado
2026-04-09 19:43:14,431 - INFO - ⌛ Aguardando confirmação 4 - editar OS...
2026-04-09 19:43:29,903 - INFO - 🟨 Janela de confirmação 4 de edição de OS detectada
2026-04-09 19:43:34,006 - INFO - 
=== rotina programar_os ===
2026-04-09 19:44:00,528 - INFO - ⌛ Aguardando janela de confirmação de programação de OS...
2026-04-09 19:44:25,985 - INFO - 🟨 Janela de confirmação de programação de OS detectada
2026-04-09 19:44:39,258 - INFO - 🟨 Janela de aviso de edição de OS programadas detectada
2026-04-09 19:44:46,474 - INFO - ⌛ aguardando janela de programação de lote de OS...
2026-04-09 19:45:11,988 - INFO - 🟨 Janela de aviso de substituição de lote de OS detectada
2026-04-09 19:45:32,090 - INFO - ⌛ aguardando janela de programação de lote de OS...
2026-04-09 19:45:57,612 - INFO - 🟨 Janela de programação de lote de OS detectada
2026-04-09 19:46:47,163 - INFO - 🟨 Janela de confirmação de programação de lote de OS detectada
2026-04-09 19:46:51,414 - INFO - ⌛ aguardando confirmação final de programação do lote
2026-04-09 19:47:16,898 - INFO - 🟨 programação do lote 12 efetuado com sucesso
2026-04-09 19:47:27,008 - INFO - 
=== Iniciando lote 1/340 [REDES] ===
2026-04-09 19:47:27,008 - INFO - 
=== abrir_janela_selecao ===
2026-04-09 19:47:33,317 - INFO - 
=== rotina abrir_selecao_colar_os ===
2026-04-09 19:47:33,372 - INFO - Janela de seleção aberta
2026-04-09 19:47:37,612 - INFO - DEBUG: idx=0, inicio=0, fim=50
2026-04-09 19:47:37,612 - INFO - ✅ 50 OS copiadas para a área de transferência.
2026-04-09 19:47:37,612 - INFO - 📋 Lote 1 copiado.
2026-04-09 19:47:45,935 - INFO - ⌛ Esperando mudança visual...
2026-04-09 19:47:46,956 - INFO - ⌛ Esperando mudança visual...
2026-04-09 19:47:47,970 - INFO - ⌛ Esperando mudança visual...
2026-04-09 19:47:48,996 - INFO - ⌛ Esperando mudança visual...
2026-04-09 19:47:50,012 - INFO - ⌛ Esperando mudança visual...
2026-04-09 19:47:51,039 - INFO - ⌛ Esperando mudança visual...
2026-04-09 19:47:52,052 - INFO - ⌛ Esperando mudança visual...
2026-04-09 19:47:53,059 - INFO - ⌛ Esperando mudança visual...
2026-04-09 19:47:54,094 - INFO - ⌛ Esperando mudança visual...
2026-04-09 19:47:55,102 - INFO - ✅ Tela carregada!
2026-04-09 19:47:59,104 - INFO - 
=== rotina desbloquear_os ===
2026-04-09 19:48:05,582 - INFO - ⌛ Aguardando janela de confirmação de desbloqueio...
2026-04-09 19:48:20,980 - INFO - ⌛ Aguardando janela de confirmação de desbloqueio...
2026-04-09 19:48:36,425 - INFO - 🟨 Registros desbloqueados com sucesso
2026-04-09 19:48:40,530 - INFO - 
=== rotina editar_os ===
2026-04-09 19:48:49,982 - INFO - ⌛ Aguardando janela de edição de OS...
2026-04-09 19:49:05,496 - INFO - 🟨 OS programadas detectadas
2026-04-09 19:49:08,615 - INFO - ⌛ Aguardando janela de edição de OS...
2026-04-09 19:49:24,045 - INFO - 🟨 Janela de edição de OS detectada
2026-04-09 19:49:45,417 - INFO - 🟨 Janela de edição de habilidade da turma detectada
2026-04-09 19:51:03,728 - INFO - ⌛ Aguardando detecção do campo de caracteristica 'EQUIPE PRÓPRIA OU EPS' ...
2026-04-09 19:51:23,092 - INFO - 🟨 campo de caracteristica 'EQUIPE PRÓPRIA OU EPS detectado
2026-04-09 19:51:44,889 - INFO - ⌛ Aguardando confirmação 4 - editar OS...
2026-04-09 19:52:00,356 - INFO - ⌛ Aguardando confirmação 4 - editar OS...
2026-04-09 19:52:15,827 - INFO - ⌛ Aguardando confirmação 4 - editar OS...
2026-04-09 19:52:31,360 - INFO - ⌛ Aguardando confirmação 4 - editar OS...
2026-04-09 19:52:46,872 - INFO - ⌛ Aguardando confirmação 4 - editar OS...
2026-04-09 19:53:02,365 - INFO - ⌛ Aguardando confirmação 4 - editar OS...
2026-04-09 19:53:17,869 - INFO - 🟨 Janela de confirmação 4 de edição de OS detectada
2026-04-09 19:53:21,983 - INFO - 
=== rotina programar_os ===
2026-04-09 19:53:48,501 - INFO - ⌛ Aguardando janela de confirmação de programação de OS...
2026-04-09 19:54:14,004 - INFO - 🟨 Janela de confirmação de programação de OS detectada
2026-04-09 19:54:27,251 - INFO - 🟨 Janela de aviso de edição de OS programadas detectada
2026-04-09 19:54:34,465 - INFO - ⌛ aguardando janela de programação de lote de OS...
2026-04-09 19:54:59,979 - INFO - 🟨 Janela de aviso de substituição de lote de OS detectada
2026-04-09 19:55:20,084 - INFO - ⌛ aguardando janela de programação de lote de OS...
2026-04-09 19:55:45,617 - INFO - 🟨 Janela de aviso de substituição de lote de OS detectada
2026-04-09 19:56:05,729 - INFO - ⌛ aguardando janela de programação de lote de OS...
2026-04-09 19:56:31,270 - INFO - 🟨 Janela de programação de lote de OS detectada
2026-04-09 19:57:20,790 - INFO - 🟨 Janela de confirmação de programação de lote de OS detectada
2026-04-09 19:57:25,013 - INFO - ⌛ aguardando confirmação final de programação do lote
2026-04-09 19:57:50,506 - INFO - ⌛ aguardando confirmação final de programação do lote
2026-04-09 19:58:15,953 - INFO - ⌛ aguardando confirmação final de programação do lote
2026-04-09 19:58:41,447 - INFO - ⌛ aguardando confirmação final de programação do lote
2026-04-09 19:59:06,912 - INFO - 🟨 programação do lote 1 efetuado com sucesso
2026-04-09 19:59:17,026 - INFO - 
=== Iniciando lote 2/340 [REDES] ===
2026-04-09 19:59:17,026 - INFO - 
=== abrir_janela_selecao ===
2026-04-09 19:59:23,348 - INFO - 
=== rotina abrir_selecao_colar_os ===
2026-04-09 19:59:23,409 - INFO - Janela de seleção aberta
2026-04-09 19:59:27,651 - INFO - DEBUG: idx=1, inicio=50, fim=100
2026-04-09 19:59:27,651 - INFO - ✅ 50 OS copiadas para a área de transferência.
2026-04-09 19:59:27,651 - INFO - 📋 Lote 2 copiado.
2026-04-09 19:59:35,973 - INFO - ⌛ Esperando mudança visual...
2026-04-09 19:59:36,993 - INFO - ⌛ Esperando mudança visual...
2026-04-09 19:59:38,004 - INFO - ⌛ Esperando mudança visual...
2026-04-09 19:59:39,027 - INFO - ⌛ Esperando mudança visual...
2026-04-09 19:59:40,041 - INFO - ⌛ Esperando mudança visual...
2026-04-09 19:59:41,051 - INFO - ⌛ Esperando mudança visual...
2026-04-09 19:59:42,059 - INFO - ⌛ Esperando mudança visual...
2026-04-09 19:59:43,066 - INFO - ⌛ Esperando mudança visual...
2026-04-09 19:59:44,082 - INFO - ⌛ Esperando mudança visual...
2026-04-09 19:59:45,103 - INFO - ✅ Tela carregada!
2026-04-09 19:59:49,108 - INFO - 
=== rotina desbloquear_os ===
2026-04-09 19:59:55,564 - INFO - ⌛ Aguardando janela de confirmação de desbloqueio...
2026-04-09 20:00:10,979 - INFO - ⌛ Aguardando janela de confirmação de desbloqueio...
2026-04-09 20:00:26,405 - INFO - 🟨 Registros desbloqueados com sucesso
2026-04-09 20:00:30,515 - INFO - 
=== rotina editar_os ===
2026-04-09 20:00:39,929 - INFO - ⌛ Aguardando janela de edição de OS...
2026-04-09 20:00:55,427 - INFO - 🟨 Janela de edição de OS detectada
2026-04-09 20:01:16,791 - INFO - 🟨 Janela de edição de habilidade da turma detectada
2026-04-09 20:02:35,092 - INFO - ⌛ Aguardando detecção do campo de caracteristica 'EQUIPE PRÓPRIA OU EPS' ...
2026-04-09 20:02:54,454 - INFO - 🟨 campo de caracteristica 'EQUIPE PRÓPRIA OU EPS detectado
2026-04-09 20:03:16,236 - INFO - ⌛ Aguardando confirmação 4 - editar OS...
2026-04-09 20:03:31,686 - INFO - ⌛ Aguardando confirmação 4 - editar OS...
2026-04-09 20:03:47,178 - INFO - ⌛ Aguardando confirmação 4 - editar OS...
2026-04-09 20:04:02,655 - INFO - ⌛ Aguardando confirmação 4 - editar OS...
2026-04-09 20:04:18,183 - INFO - ⌛ Aguardando confirmação 4 - editar OS...
2026-04-09 20:04:33,789 - INFO - ⌛ Aguardando confirmação 4 - editar OS...
2026-04-09 20:04:49,274 - INFO - ⌛ Aguardando confirmação 4 - editar OS...
2026-04-09 20:05:04,766 - INFO - 🟨 Janela de confirmação 4 de edição de OS detectada
2026-04-09 20:05:08,868 - INFO - 
=== rotina programar_os ===
2026-04-09 20:05:35,393 - INFO - ⌛ Aguardando janela de confirmação de programação de OS...
2026-04-09 20:06:00,858 - INFO - 🟨 Janela de confirmação de programação de OS detectada
2026-04-09 20:06:14,103 - INFO - ⌛ aguardando janela de programação de lote de OS...
2026-04-09 20:06:39,646 - INFO - ⌛ aguardando janela de programação de lote de OS...
2026-04-09 20:07:05,211 - INFO - 🟨 Janela de programação de lote de OS detectada
2026-04-09 20:07:54,744 - INFO - 🟨 Janela de confirmação de programação de lote de OS detectada
2026-04-09 20:07:58,979 - INFO - ⌛ aguardando confirmação final de programação do lote
2026-04-09 20:08:24,414 - INFO - ⌛ aguardando confirmação final de programação do lote
2026-04-09 20:08:49,845 - INFO - 🟨 programação do lote 2 efetuado com sucesso
2026-04-09 20:08:59,964 - INFO - 
=== Iniciando lote 3/340 [REDES] ===
2026-04-09 20:08:59,964 - INFO - 
=== abrir_janela_selecao ===
2026-04-09 20:09:06,272 - INFO - 
=== rotina abrir_selecao_colar_os ===
2026-04-09 20:09:06,336 - INFO - Janela de seleção aberta
2026-04-09 20:09:10,561 - INFO - DEBUG: idx=2, inicio=100, fim=150
2026-04-09 20:09:10,561 - INFO - ✅ 50 OS copiadas para a área de transferência.
2026-04-09 20:09:10,561 - INFO - 📋 Lote 3 copiado.
2026-04-09 20:09:18,888 - INFO - ⌛ Esperando mudança visual...
2026-04-09 20:09:19,902 - INFO - ⌛ Esperando mudança visual...
2026-04-09 20:09:20,917 - INFO - ⌛ Esperando mudança visual...
2026-04-09 20:09:21,946 - INFO - ⌛ Esperando mudança visual...
2026-04-09 20:09:22,963 - INFO - ⌛ Esperando mudança visual...
2026-04-09 20:09:23,979 - INFO - ⌛ Esperando mudança visual...
2026-04-09 20:09:25,013 - INFO - ⌛ Esperando mudança visual...
2026-04-09 20:09:26,039 - INFO - ⌛ Esperando mudança visual...
2026-04-09 20:09:27,045 - INFO - ⌛ Esperando mudança visual...
2026-04-09 20:09:28,060 - INFO - ⌛ Esperando mudança visual...
2026-04-09 20:09:29,068 - INFO - ✅ Tela carregada!
2026-04-09 20:09:33,076 - INFO - 
=== rotina desbloquear_os ===
2026-04-09 20:09:39,546 - INFO - ⌛ Aguardando janela de confirmação de desbloqueio...
2026-04-09 20:09:54,924 - INFO - ⌛ Aguardando janela de confirmação de desbloqueio...
2026-04-09 20:10:10,317 - INFO - 🟨 Registros desbloqueados com sucesso
2026-04-09 20:10:14,422 - INFO - 
=== rotina editar_os ===
2026-04-09 20:10:23,849 - INFO - ⌛ Aguardando janela de edição de OS...
2026-04-09 20:10:39,303 - INFO - 🟨 OS programadas detectadas
2026-04-09 20:10:42,421 - INFO - ⌛ Aguardando janela de edição de OS...
2026-04-09 20:10:57,841 - INFO - 🟨 Janela de edição de OS detectada
2026-04-09 20:11:19,210 - INFO - 🟨 Janela de edição de habilidade da turma detectada
2026-04-09 20:12:37,510 - INFO - ⌛ Aguardando detecção do campo de caracteristica 'EQUIPE PRÓPRIA OU EPS' ...
2026-04-09 20:12:56,885 - INFO - 🟨 campo de caracteristica 'EQUIPE PRÓPRIA OU EPS detectado
2026-04-09 20:13:18,671 - INFO - ⌛ Aguardando confirmação 4 - editar OS...
2026-04-09 20:13:34,112 - INFO - ⌛ Aguardando confirmação 4 - editar OS...
2026-04-09 20:13:49,583 - INFO - ⌛ Aguardando confirmação 4 - editar OS...
2026-04-09 20:14:05,001 - INFO - ⌛ Aguardando confirmação 4 - editar OS...
2026-04-09 20:14:20,466 - INFO - ⌛ Aguardando confirmação 4 - editar OS...
2026-04-09 20:14:35,877 - INFO - 🟨 Janela de confirmação 4 de edição de OS detectada
2026-04-09 20:14:39,984 - INFO - 
=== rotina programar_os ===
2026-04-09 20:15:06,519 - INFO - ⌛ Aguardando janela de confirmação de programação de OS...
2026-04-09 20:15:31,977 - INFO - 🟨 Janela de confirmação de programação de OS detectada
2026-04-09 20:15:45,243 - INFO - 🟨 Janela de aviso de edição de OS programadas detectada
2026-04-09 20:15:52,455 - INFO - ⌛ aguardando janela de programação de lote de OS...
2026-04-09 20:16:17,936 - INFO - 🟨 Janela de aviso de substituição de lote de OS detectada
2026-04-09 20:16:38,054 - INFO - ⌛ aguardando janela de programação de lote de OS...
2026-04-09 20:17:03,562 - INFO - 🟨 Janela de programação de lote de OS detectada
2026-04-09 20:17:53,066 - INFO - 🟨 Janela de confirmação de programação de lote de OS detectada
2026-04-09 20:17:57,287 - INFO - ⌛ aguardando confirmação final de programação do lote
2026-04-09 20:18:22,760 - INFO - 🟨 programação do lote 3 efetuado com sucesso
2026-04-09 20:18:32,870 - INFO - 
=== Iniciando lote 4/340 [REDES] ===
2026-04-09 20:18:32,870 - INFO - 
=== abrir_janela_selecao ===
2026-04-09 20:18:39,190 - INFO - 
=== rotina abrir_selecao_colar_os ===
2026-04-09 20:18:39,251 - INFO - Janela de seleção aberta
2026-04-09 20:18:43,479 - INFO - DEBUG: idx=3, inicio=150, fim=200
2026-04-09 20:18:43,479 - INFO - ✅ 50 OS copiadas para a área de transferência.
2026-04-09 20:18:43,479 - INFO - 📋 Lote 4 copiado.
2026-04-09 20:18:51,807 - INFO - ⌛ Esperando mudança visual...
2026-04-09 20:18:52,820 - INFO - ⌛ Esperando mudança visual...
2026-04-09 20:18:53,842 - INFO - ⌛ Esperando mudança visual...
2026-04-09 20:18:54,853 - INFO - ⌛ Esperando mudança visual...
2026-04-09 20:18:55,871 - INFO - ⌛ Esperando mudança visual...
2026-04-09 20:18:56,884 - INFO - ⌛ Esperando mudança visual...
2026-04-09 20:18:57,899 - INFO - ⌛ Esperando mudança visual...
2026-04-09 20:18:58,915 - INFO - ⌛ Esperando mudança visual...
2026-04-09 20:18:59,931 - INFO - ⌛ Esperando mudança visual...
2026-04-09 20:19:00,950 - INFO - ⌛ Esperando mudança visual...
2026-04-09 20:19:01,962 - INFO - ⌛ Esperando mudança visual...
2026-04-09 20:19:02,988 - INFO - ⌛ Esperando mudança visual...
2026-04-09 20:19:03,993 - INFO - ✅ Tela carregada!
2026-04-09 20:19:08,000 - INFO - 
=== rotina desbloquear_os ===
2026-04-09 20:19:14,455 - INFO - ⌛ Aguardando janela de confirmação de desbloqueio...
2026-04-09 20:19:29,839 - INFO - ⌛ Aguardando janela de confirmação de desbloqueio...
2026-04-09 20:19:45,236 - INFO - 🟨 Registros desbloqueados com sucesso
2026-04-09 20:19:49,356 - INFO - 
=== rotina editar_os ===
2026-04-09 20:19:58,757 - INFO - ⌛ Aguardando janela de edição de OS...
2026-04-09 20:20:14,222 - INFO - 🟨 OS programadas detectadas
2026-04-09 20:20:17,326 - INFO - ⌛ Aguardando janela de edição de OS...
2026-04-09 20:20:32,767 - INFO - 🟨 Janela de edição de OS detectada
2026-04-09 20:20:54,117 - INFO - 🟨 Janela de edição de habilidade da turma detectada
2026-04-09 20:22:12,430 - INFO - ⌛ Aguardando detecção do campo de caracteristica 'EQUIPE PRÓPRIA OU EPS' ...
2026-04-09 20:22:31,794 - INFO - 🟨 campo de caracteristica 'EQUIPE PRÓPRIA OU EPS detectado
2026-04-09 20:22:53,602 - INFO - ⌛ Aguardando confirmação 4 - editar OS...
2026-04-09 20:23:09,064 - INFO - ⌛ Aguardando confirmação 4 - editar OS...
2026-04-09 20:23:24,499 - INFO - ⌛ Aguardando confirmação 4 - editar OS...
2026-04-09 20:23:39,930 - INFO - ⌛ Aguardando confirmação 4 - editar OS...
2026-04-09 20:23:55,379 - INFO - ⌛ Aguardando confirmação 4 - editar OS...
2026-04-09 20:24:10,798 - INFO - 🟨 Janela de confirmação 4 de edição de OS detectada
2026-04-09 20:24:14,912 - INFO - 
=== rotina programar_os ===
2026-04-09 20:24:41,417 - INFO - ⌛ Aguardando janela de confirmação de programação de OS...
2026-04-09 20:25:06,845 - INFO - 🟨 Janela de confirmação de programação de OS detectada
2026-04-09 20:25:20,104 - INFO - 🟨 Janela de aviso de edição de OS programadas detectada
2026-04-09 20:25:27,324 - INFO - ⌛ aguardando janela de programação de lote de OS...
2026-04-09 20:25:52,824 - INFO - 🟨 Janela de aviso de substituição de lote de OS detectada
2026-04-09 20:26:12,938 - INFO - ⌛ aguardando janela de programação de lote de OS...
2026-04-09 20:26:38,448 - INFO - 🟨 Janela de programação de lote de OS detectada
2026-04-09 20:27:27,965 - INFO - 🟨 Janela de confirmação de programação de lote de OS detectada
2026-04-09 20:27:32,161 - INFO - ⌛ aguardando confirmação final de programação do lote
2026-04-09 20:27:57,650 - INFO - ⌛ aguardando confirmação final de programação do lote
2026-04-09 20:28:23,091 - INFO - 🟨 programação do lote 4 efetuado com sucesso
2026-04-09 20:28:33,195 - INFO - 
=== Iniciando lote 5/340 [REDES] ===
2026-04-09 20:28:33,195 - INFO - 
=== abrir_janela_selecao ===
2026-04-09 20:28:39,503 - INFO - 
=== rotina abrir_selecao_colar_os ===
2026-04-09 20:28:39,571 - INFO - Janela de seleção aberta
2026-04-09 20:28:43,809 - INFO - DEBUG: idx=4, inicio=200, fim=250
2026-04-09 20:28:43,809 - INFO - ✅ 50 OS copiadas para a área de transferência.
2026-04-09 20:28:43,809 - INFO - 📋 Lote 5 copiado.
2026-04-09 20:28:52,131 - INFO - ⌛ Esperando mudança visual...
2026-04-09 20:28:53,147 - INFO - ⌛ Esperando mudança visual...
2026-04-09 20:28:54,166 - INFO - ⌛ Esperando mudança visual...
2026-04-09 20:28:55,185 - INFO - ⌛ Esperando mudança visual...
2026-04-09 20:28:56,194 - INFO - ⌛ Esperando mudança visual...
2026-04-09 20:28:57,214 - INFO - ⌛ Esperando mudança visual...
2026-04-09 20:28:58,228 - INFO - ⌛ Esperando mudança visual...
2026-04-09 20:28:59,233 - INFO - ⌛ Esperando mudança visual...
2026-04-09 20:29:00,241 - INFO - ⌛ Esperando mudança visual...
2026-04-09 20:29:01,257 - INFO - ⌛ Esperando mudança visual...
2026-04-09 20:29:02,273 - INFO - ✅ Tela carregada!
2026-04-09 20:29:06,282 - INFO - 
=== rotina desbloquear_os ===
2026-04-09 20:29:12,741 - INFO - ⌛ Aguardando janela de confirmação de desbloqueio...
2026-04-09 20:29:28,149 - INFO - ⌛ Aguardando janela de confirmação de desbloqueio...
2026-04-09 20:29:43,532 - INFO - 🟨 Registros desbloqueados com sucesso
2026-04-09 20:29:47,636 - INFO - 
=== rotina editar_os ===
2026-04-09 20:29:57,065 - INFO - ⌛ Aguardando janela de edição de OS...
2026-04-09 20:30:12,509 - INFO - 🟨 OS programadas detectadas
2026-04-09 20:30:15,619 - INFO - ⌛ Aguardando janela de edição de OS...
2026-04-09 20:30:31,053 - INFO - 🟨 Janela de edição de OS detectada
2026-04-09 20:30:52,417 - INFO - 🟨 Janela de edição de habilidade da turma detectada
2026-04-09 20:32:10,724 - INFO - ⌛ Aguardando detecção do campo de caracteristica 'EQUIPE PRÓPRIA OU EPS' ...
2026-04-09 20:32:30,066 - INFO - 🟨 campo de caracteristica 'EQUIPE PRÓPRIA OU EPS detectado
2026-04-09 20:32:51,859 - INFO - ⌛ Aguardando confirmação 4 - editar OS...
2026-04-09 20:33:07,347 - INFO - ⌛ Aguardando confirmação 4 - editar OS...
2026-04-09 20:33:22,916 - INFO - ⌛ Aguardando confirmação 4 - editar OS...
2026-04-09 20:33:38,406 - INFO - ⌛ Aguardando confirmação 4 - editar OS...
2026-04-09 20:33:53,839 - INFO - ⌛ Aguardando confirmação 4 - editar OS...
2026-04-09 20:34:09,327 - INFO - 🟨 Janela de confirmação 4 de edição de OS detectada
2026-04-09 20:34:13,436 - INFO - 
=== rotina programar_os ===
2026-04-09 20:34:39,968 - INFO - ⌛ Aguardando janela de confirmação de programação de OS...
2026-04-09 20:35:05,393 - INFO - 🟨 Janela de confirmação de programação de OS detectada
2026-04-09 20:35:18,660 - INFO - 🟨 Janela de aviso de edição de OS programadas detectada
2026-04-09 20:35:25,871 - INFO - ⌛ aguardando janela de programação de lote de OS...
2026-04-09 20:35:51,379 - INFO - 🟨 Janela de aviso de substituição de lote de OS detectada
2026-04-09 20:36:11,485 - INFO - ⌛ aguardando janela de programação de lote de OS...
2026-04-09 20:36:37,060 - INFO - ⌛ aguardando janela de programação de lote de OS...
2026-04-09 20:37:02,576 - INFO - ⌛ aguardando janela de programação de lote de OS...
2026-04-09 20:37:28,057 - INFO - ⌛ aguardando janela de programação de lote de OS...
2026-04-09 20:37:53,563 - INFO - ⌛ aguardando janela de programação de lote de OS...
2026-04-09 20:38:19,040 - INFO - ⌛ aguardando janela de programação de lote de OS...
2026-04-09 20:38:44,541 - INFO - ⌛ aguardando janela de programação de lote de OS...
2026-04-09 20:39:10,023 - INFO - ⌛ aguardando janela de programação de lote de OS...
2026-04-09 20:39:35,564 - INFO - ⌛ aguardando janela de programação de lote de OS...
2026-04-09 20:40:01,085 - INFO - ⌛ aguardando janela de programação de lote de OS...
2026-04-09 20:40:26,573 - INFO - ⌛ aguardando janela de programação de lote de OS...
2026-04-09 20:40:52,133 - INFO - ⌛ aguardando janela de programação de lote de OS...
2026-04-09 20:41:17,650 - INFO - ⌛ aguardando janela de programação de lote de OS...
2026-04-09 20:41:43,196 - INFO - ⌛ aguardando janela de programação de lote de OS...
2026-04-09 20:42:08,713 - INFO - ⌛ aguardando janela de programação de lote de OS...
2026-04-09 20:42:34,255 - INFO - ⌛ aguardando janela de programação de lote de OS...
2026-04-09 20:42:59,785 - INFO - ⌛ aguardando janela de programação de lote de OS...
2026-04-09 20:43:25,351 - INFO - ⌛ aguardando janela de programação de lote de OS...
2026-04-09 20:43:50,893 - INFO - ⌛ aguardando janela de programação de lote de OS...
2026-04-09 20:44:16,409 - INFO - ⌛ aguardando janela de programação de lote de OS...
2026-04-09 20:44:41,926 - INFO - ⌛ aguardando janela de programação de lote de OS...
2026-04-09 20:45:07,472 - INFO - ⌛ aguardando janela de programação de lote de OS...
2026-04-09 20:45:33,059 - INFO - ⌛ aguardando janela de programação de lote de OS...
2026-04-09 20:45:58,541 - INFO - ⌛ aguardando janela de programação de lote de OS...
2026-04-09 20:46:24,091 - INFO - ⌛ aguardando janela de programação de lote de OS...
2026-04-09 20:46:49,603 - INFO - ⌛ aguardando janela de programação de lote de OS...
2026-04-09 20:47:15,115 - INFO - ⌛ aguardando janela de programação de lote de OS...
2026-04-09 20:47:40,647 - INFO - ⌛ aguardando janela de programação de lote de OS...
2026-04-09 20:48:06,167 - INFO - ⌛ aguardando janela de programação de lote de OS...
2026-04-09 20:48:31,716 - INFO - ⌛ aguardando janela de programação de lote de OS...
2026-04-09 20:48:57,244 - INFO - ⌛ aguardando janela de programação de lote de OS...
2026-04-09 20:49:22,769 - INFO - ⌛ aguardando janela de programação de lote de OS...
2026-04-09 20:49:48,297 - INFO - ⌛ aguardando janela de programação de lote de OS...
2026-04-09 20:50:13,808 - INFO - ⌛ aguardando janela de programação de lote de OS...
2026-04-09 20:50:39,339 - INFO - ⌛ aguardando janela de programação de lote de OS...
2026-04-09 20:51:04,852 - INFO - ⌛ aguardando janela de programação de lote de OS...
2026-04-09 20:51:30,353 - INFO - ⌛ aguardando janela de programação de lote de OS...
2026-04-09 20:51:55,869 - INFO - ⌛ aguardando janela de programação de lote de OS...
2026-04-09 20:52:21,368 - INFO - ⌛ aguardando janela de programação de lote de OS...
2026-04-09 20:52:46,875 - INFO - ⌛ aguardando janela de programação de lote de OS...
2026-04-09 20:53:12,420 - INFO - ⌛ aguardando janela de programação de lote de OS...
2026-04-09 20:53:37,911 - INFO - ⌛ aguardando janela de programação de lote de OS...
2026-04-09 20:54:03,445 - INFO - ⌛ aguardando janela de programação de lote de OS...
2026-04-09 20:54:28,964 - INFO - ⌛ aguardando janela de programação de lote de OS...
2026-04-09 20:54:54,485 - INFO - ⌛ aguardando janela de programação de lote de OS...
2026-04-09 20:55:20,013 - INFO - ⌛ aguardando janela de programação de lote de OS...
2026-04-09 20:55:45,544 - INFO - ⌛ aguardando janela de programação de lote de OS...
2026-04-09 20:56:11,066 - INFO - ⌛ aguardando janela de programação de lote de OS...
2026-04-09 20:56:36,597 - INFO - ⌛ aguardando janela de programação de lote de OS...
2026-04-09 20:57:02,210 - INFO - ⌛ aguardando janela de programação de lote de OS...
2026-04-09 20:57:27,784 - INFO - ⌛ aguardando janela de programação de lote de OS...
2026-04-09 20:57:53,355 - INFO - ⌛ aguardando janela de programação de lote de OS...
2026-04-09 20:58:18,887 - INFO - ⌛ aguardando janela de programação de lote de OS...
2026-04-09 20:58:44,388 - INFO - ⌛ aguardando janela de programação de lote de OS...
2026-04-09 20:59:09,908 - INFO - ⌛ aguardando janela de programação de lote de OS...
2026-04-09 20:59:35,405 - INFO - ⌛ aguardando janela de programação de lote de OS...
2026-04-09 21:00:00,915 - INFO - ⌛ aguardando janela de programação de lote de OS...
2026-04-09 21:00:26,429 - INFO - ⌛ aguardando janela de programação de lote de OS...
2026-04-09 21:00:51,945 - INFO - ⌛ aguardando janela de programação de lote de OS...
2026-04-09 21:01:17,461 - INFO - ⌛ aguardando janela de programação de lote de OS...
2026-04-09 21:01:43,055 - INFO - ⌛ aguardando janela de programação de lote de OS...
2026-04-09 21:02:08,623 - INFO - ⌛ aguardando janela de programação de lote de OS...
2026-04-09 21:02:34,158 - INFO - ⌛ aguardando janela de programação de lote de OS...
2026-04-09 21:02:59,715 - INFO - ⌛ aguardando janela de programação de lote de OS...
2026-04-09 21:03:25,209 - INFO - ⌛ aguardando janela de programação de lote de OS...
2026-04-09 21:03:50,727 - INFO - ⌛ aguardando janela de programação de lote de OS...
2026-04-09 21:04:16,253 - INFO - ⌛ aguardando janela de programação de lote de OS...
2026-04-09 21:04:41,798 - INFO - ⌛ aguardando janela de programação de lote de OS...
2026-04-09 21:05:07,380 - INFO - ⌛ aguardando janela de programação de lote de OS...
2026-04-09 21:05:32,909 - INFO - verificando janela oculta
2026-04-09 21:05:55,382 - INFO - Janela restaurada
2026-04-09 21:05:55,382 - INFO - ⌛ aguardando janela de programação de lote de OS...
2026-04-09 21:06:20,856 - INFO - 🟨 Janela de programação de lote de OS detectada
2026-04-09 21:07:10,405 - INFO - 🟨 Janela de confirmação de programação de lote de OS detectada
2026-04-09 21:07:14,634 - INFO - ⌛ aguardando confirmação final de programação do lote
2026-04-09 21:07:40,144 - INFO - ⌛ aguardando confirmação final de programação do lote
2026-04-09 21:08:05,659 - INFO - ⌛ aguardando confirmação final de programação do lote
2026-04-09 21:08:31,214 - INFO - ⌛ aguardando confirmação final de programação do lote
2026-04-09 21:08:56,683 - INFO - ⌛ aguardando confirmação final de programação do lote
2026-04-09 21:09:22,139 - INFO - 🟨 programação do lote 5 efetuado com sucesso
2026-04-09 21:09:32,245 - INFO - 
=== Iniciando lote 6/340 [REDES] ===
2026-04-09 21:09:32,245 - INFO - 
=== abrir_janela_selecao ===
2026-04-09 21:09:38,554 - INFO - 
=== rotina abrir_selecao_colar_os ===
2026-04-09 21:09:38,609 - INFO - Janela de seleção aberta
2026-04-09 21:09:42,836 - INFO - DEBUG: idx=5, inicio=250, fim=300
2026-04-09 21:09:42,836 - INFO - ✅ 50 OS copiadas para a área de transferência.
2026-04-09 21:09:42,836 - INFO - 📋 Lote 6 copiado.
2026-04-09 21:09:51,193 - INFO - ⌛ Esperando mudança visual...
2026-04-09 21:09:52,197 - INFO - ⌛ Esperando mudança visual...
2026-04-09 21:09:53,215 - INFO - ⌛ Esperando mudança visual...
2026-04-09 21:09:54,236 - INFO - ⌛ Esperando mudança visual...
2026-04-09 21:09:55,262 - INFO - ⌛ Esperando mudança visual...
2026-04-09 21:09:56,278 - INFO - ⌛ Esperando mudança visual...
2026-04-09 21:09:57,294 - INFO - ⌛ Esperando mudança visual...
2026-04-09 21:09:58,309 - INFO - ⌛ Esperando mudança visual...
2026-04-09 21:09:59,328 - INFO - ⌛ Esperando mudança visual...
2026-04-09 21:10:00,344 - INFO - ⌛ Esperando mudança visual...
2026-04-09 21:10:01,356 - INFO - ⌛ Esperando mudança visual...
2026-04-09 21:10:02,373 - INFO - ⌛ Esperando mudança visual...
2026-04-09 21:10:03,393 - INFO - ⌛ Esperando mudança visual...
2026-04-09 21:10:04,409 - INFO - ⌛ Esperando mudança visual...
2026-04-09 21:10:05,426 - INFO - ⌛ Esperando mudança visual...
2026-04-09 21:10:06,443 - INFO - ⌛ Esperando mudança visual...
2026-04-09 21:10:07,449 - INFO - ⌛ Esperando mudança visual...
2026-04-09 21:10:08,473 - INFO - ⌛ Esperando mudança visual...
2026-04-09 21:10:09,493 - INFO - ⌛ Esperando mudança visual...
2026-04-09 21:10:10,514 - INFO - ⌛ Esperando mudança visual...
2026-04-09 21:10:11,542 - INFO - ⌛ Esperando mudança visual...
2026-04-09 21:10:12,577 - INFO - ⌛ Esperando mudança visual...
2026-04-09 21:10:13,579 - INFO - ⌛ Esperando mudança visual...
2026-04-09 21:10:14,596 - INFO - ✅ Tela carregada!
2026-04-09 21:10:18,604 - INFO - 
=== rotina desbloquear_os ===
2026-04-09 21:10:25,074 - INFO - ⌛ Aguardando janela de confirmação de desbloqueio...
2026-04-09 21:10:40,489 - INFO - ⌛ Aguardando janela de confirmação de desbloqueio...
2026-04-09 21:10:55,852 - INFO - ⌛ Aguardando janela de confirmação de desbloqueio...
2026-04-09 21:11:11,267 - INFO - ⌛ Aguardando janela de confirmação de desbloqueio...
2026-04-09 21:11:26,638 - INFO - ⌛ Aguardando janela de confirmação de desbloqueio...
2026-04-09 21:11:42,033 - INFO - ⌛ Aguardando janela de confirmação de desbloqueio...
2026-04-09 21:11:57,419 - INFO - ⌛ Aguardando janela de confirmação de desbloqueio...
2026-04-09 21:12:12,802 - INFO - ⌛ Aguardando janela de confirmação de desbloqueio...
2026-04-09 21:12:28,156 - INFO - ⌛ Aguardando janela de confirmação de desbloqueio...
2026-04-09 21:12:43,565 - INFO - 🟨 Registros desbloqueados com sucesso
2026-04-09 21:12:47,674 - INFO - 
=== rotina editar_os ===
2026-04-09 21:12:57,078 - INFO - ⌛ Aguardando janela de edição de OS...
2026-04-09 21:13:12,517 - INFO - 🟨 Janela de edição de OS detectada
2026-04-09 21:13:33,883 - INFO - 🟨 Janela de edição de habilidade da turma detectada
2026-04-09 21:14:52,185 - INFO - ⌛ Aguardando detecção do campo de caracteristica 'EQUIPE PRÓPRIA OU EPS' ...
2026-04-09 21:15:11,545 - INFO - 🟨 campo de caracteristica 'EQUIPE PRÓPRIA OU EPS detectado
2026-04-09 21:15:33,309 - INFO - ⌛ Aguardando confirmação 4 - editar OS...
2026-04-09 21:15:48,782 - INFO - ⌛ Aguardando confirmação 4 - editar OS...
2026-04-09 21:16:04,248 - INFO - ⌛ Aguardando confirmação 4 - editar OS...
2026-04-09 21:16:19,700 - INFO - ⌛ Aguardando confirmação 4 - editar OS...
2026-04-09 21:16:35,119 - INFO - ⌛ Aguardando confirmação 4 - editar OS...
2026-04-09 21:16:50,537 - INFO - 🟨 Janela de confirmação 4 de edição de OS detectada
2026-04-09 21:16:54,653 - INFO - 
=== rotina programar_os ===
2026-04-09 21:17:21,179 - INFO - ⌛ Aguardando janela de confirmação de programação de OS...
2026-04-09 21:17:46,595 - INFO - 🟨 Janela de confirmação de programação de OS detectada
2026-04-09 21:17:59,847 - INFO - 🟨 Janela de aviso de substituição de lote de OS detectada
2026-04-09 21:18:19,951 - INFO - ⌛ aguardando janela de programação de lote de OS...
2026-04-09 21:18:45,454 - INFO - 🟨 Janela de aviso de substituição de lote de OS detectada
2026-04-09 21:19:05,566 - INFO - ⌛ aguardando janela de programação de lote de OS...
2026-04-09 21:19:31,089 - INFO - 🟨 Janela de programação de lote de OS detectada
2026-04-09 21:20:20,594 - INFO - 🟨 Janela de confirmação de programação de lote de OS detectada
2026-04-09 21:20:24,807 - INFO - ⌛ aguardando confirmação final de programação do lote
2026-04-09 21:20:50,240 - INFO - ⌛ aguardando confirmação final de programação do lote
2026-04-09 21:21:15,690 - INFO - ⌛ aguardando confirmação final de programação do lote
2026-04-09 21:21:41,134 - INFO - 🟨 programação do lote 6 efetuado com sucesso
2026-04-09 21:21:51,253 - INFO - 
=== Iniciando lote 7/340 [REDES] ===
2026-04-09 21:21:51,253 - INFO - 
=== abrir_janela_selecao ===
2026-04-09 21:21:57,561 - INFO - 
=== rotina abrir_selecao_colar_os ===
2026-04-09 21:21:57,631 - INFO - Janela de seleção aberta
2026-04-09 21:22:01,867 - INFO - DEBUG: idx=6, inicio=300, fim=350
2026-04-09 21:22:01,867 - INFO - ✅ 50 OS copiadas para a área de transferência.
2026-04-09 21:22:01,867 - INFO - 📋 Lote 7 copiado.
2026-04-09 21:22:10,197 - INFO - ⌛ Esperando mudança visual...
2026-04-09 21:22:11,211 - INFO - ⌛ Esperando mudança visual...
2026-04-09 21:22:12,223 - INFO - ⌛ Esperando mudança visual...
2026-04-09 21:22:13,238 - INFO - ⌛ Esperando mudança visual...
2026-04-09 21:22:14,254 - INFO - ⌛ Esperando mudança visual...
2026-04-09 21:22:15,267 - INFO - ⌛ Esperando mudança visual...
2026-04-09 21:22:16,281 - INFO - ⌛ Esperando mudança visual...
2026-04-09 21:22:17,306 - INFO - ⌛ Esperando mudança visual...
2026-04-09 21:22:18,322 - INFO - ⌛ Esperando mudança visual...
2026-04-09 21:22:19,332 - INFO - ⌛ Esperando mudança visual...
2026-04-09 21:22:20,364 - INFO - ⌛ Esperando mudança visual...
2026-04-09 21:22:21,379 - INFO - ⌛ Esperando mudança visual...
2026-04-09 21:22:22,397 - INFO - ⌛ Esperando mudança visual...
2026-04-09 21:22:23,430 - INFO - ⌛ Esperando mudança visual...
2026-04-09 21:22:24,446 - INFO - ⌛ Esperando mudança visual...
2026-04-09 21:22:25,460 - INFO - ✅ Tela carregada!
2026-04-09 21:22:29,478 - INFO - 
=== rotina desbloquear_os ===
2026-04-09 21:22:35,942 - INFO - ⌛ Aguardando janela de confirmação de desbloqueio...
2026-04-09 21:22:51,420 - INFO - ⌛ Aguardando janela de confirmação de desbloqueio...
2026-04-09 21:23:06,822 - INFO - ⌛ Aguardando janela de confirmação de desbloqueio...
2026-04-09 21:23:22,202 - INFO - ⌛ Aguardando janela de confirmação de desbloqueio...
2026-04-09 21:23:37,588 - INFO - ⌛ Aguardando janela de confirmação de desbloqueio...
2026-04-09 21:23:53,039 - INFO - ⌛ Aguardando janela de confirmação de desbloqueio...
2026-04-09 21:24:08,442 - INFO - 🟨 Registros desbloqueados com sucesso
2026-04-09 21:24:12,548 - INFO - 
=== rotina editar_os ===
2026-04-09 21:24:21,952 - INFO - ⌛ Aguardando janela de edição de OS...
2026-04-09 21:24:37,402 - INFO - 🟨 OS programadas detectadas
2026-04-09 21:24:40,512 - INFO - ⌛ Aguardando janela de edição de OS...
2026-04-09 21:24:55,961 - INFO - 🟨 Janela de edição de OS detectada
2026-04-09 21:25:17,330 - INFO - 🟨 Janela de edição de habilidade da turma detectada
2026-04-09 21:26:35,629 - INFO - ⌛ Aguardando detecção do campo de caracteristica 'EQUIPE PRÓPRIA OU EPS' ...
2026-04-09 21:26:55,001 - INFO - 🟨 campo de caracteristica 'EQUIPE PRÓPRIA OU EPS detectado
2026-04-09 21:27:16,824 - INFO - ⌛ Aguardando confirmação 4 - editar OS...
2026-04-09 21:27:32,284 - INFO - ⌛ Aguardando confirmação 4 - editar OS...
2026-04-09 21:27:47,749 - INFO - ⌛ Aguardando confirmação 4 - editar OS...
2026-04-09 21:28:03,200 - INFO - ⌛ Aguardando confirmação 4 - editar OS...
2026-04-09 21:28:18,692 - INFO - ⌛ Aguardando confirmação 4 - editar OS...
2026-04-09 21:28:34,197 - INFO - ⌛ Aguardando confirmação 4 - editar OS...
2026-04-09 21:28:49,702 - INFO - ⌛ Aguardando confirmação 4 - editar OS...
2026-04-09 21:29:05,153 - INFO - ⌛ Aguardando confirmação 4 - editar OS...
2026-04-09 21:29:20,608 - INFO - 🟨 Janela de confirmação 4 de edição de OS detectada
2026-04-09 21:29:24,717 - INFO - 
=== rotina programar_os ===
2026-04-09 21:29:51,248 - INFO - ⌛ Aguardando janela de confirmação de programação de OS...
2026-04-09 21:30:16,675 - INFO - 🟨 Janela de confirmação de programação de OS detectada
2026-04-09 21:30:29,927 - INFO - 🟨 Janela de aviso de edição de OS programadas detectada
2026-04-09 21:30:37,134 - INFO - ⌛ aguardando janela de programação de lote de OS...
2026-04-09 21:31:02,610 - INFO - 🟨 Janela de aviso de substituição de lote de OS detectada
2026-04-09 21:31:22,716 - INFO - ⌛ aguardando janela de programação de lote de OS...
2026-04-09 21:31:48,207 - INFO - 🟨 Janela de aviso de substituição de lote de OS detectada
2026-04-09 21:32:08,312 - INFO - ⌛ aguardando janela de programação de lote de OS...
2026-04-09 21:32:33,854 - INFO - 🟨 Janela de programação de lote de OS detectada
2026-04-09 21:33:23,350 - INFO - 🟨 Janela de confirmação de programação de lote de OS detectada
2026-04-09 21:33:27,571 - INFO - ⌛ aguardando confirmação final de programação do lote
2026-04-09 21:33:53,049 - INFO - ⌛ aguardando confirmação final de programação do lote
2026-04-09 21:34:18,501 - INFO - 🟨 programação do lote 7 efetuado com sucesso
2026-04-09 21:34:28,611 - INFO - 
=== Iniciando lote 8/340 [REDES] ===
2026-04-09 21:34:28,611 - INFO - 
=== abrir_janela_selecao ===
2026-04-09 21:34:34,920 - INFO - 
=== rotina abrir_selecao_colar_os ===
2026-04-09 21:34:34,977 - INFO - Janela de seleção aberta
2026-04-09 21:34:39,209 - INFO - DEBUG: idx=7, inicio=350, fim=400
2026-04-09 21:34:39,209 - INFO - ✅ 50 OS copiadas para a área de transferência.
2026-04-09 21:34:39,209 - INFO - 📋 Lote 8 copiado.
2026-04-09 21:34:47,531 - INFO - ⌛ Esperando mudança visual...
2026-04-09 21:34:48,546 - INFO - ⌛ Esperando mudança visual...
2026-04-09 21:34:49,568 - INFO - ⌛ Esperando mudança visual...
2026-04-09 21:34:50,581 - INFO - ⌛ Esperando mudança visual...
2026-04-09 21:34:51,599 - INFO - ⌛ Esperando mudança visual...
2026-04-09 21:34:52,611 - INFO - ⌛ Esperando mudança visual...
2026-04-09 21:34:53,627 - INFO - ⌛ Esperando mudança visual...
2026-04-09 21:34:54,649 - INFO - ⌛ Esperando mudança visual...
2026-04-09 21:34:55,673 - INFO - ⌛ Esperando mudança visual...
2026-04-09 21:34:56,690 - INFO - ⌛ Esperando mudança visual...
2026-04-09 21:34:57,706 - INFO - ⌛ Esperando mudança visual...
2026-04-09 21:34:58,736 - INFO - ⌛ Esperando mudança visual...
2026-04-09 21:34:59,754 - INFO - ✅ Tela carregada!
2026-04-09 21:35:03,760 - INFO - 
=== rotina desbloquear_os ===
2026-04-09 21:35:10,228 - INFO - ⌛ Aguardando janela de confirmação de desbloqueio...
2026-04-09 21:35:25,610 - INFO - ⌛ Aguardando janela de confirmação de desbloqueio...
2026-04-09 21:35:40,989 - INFO - ⌛ Aguardando janela de confirmação de desbloqueio...
2026-04-09 21:35:56,369 - INFO - 🟨 Registros desbloqueados com sucesso
2026-04-09 21:36:00,484 - INFO - 
=== rotina editar_os ===
2026-04-09 21:36:09,894 - INFO - ⌛ Aguardando janela de edição de OS...
2026-04-09 21:36:25,329 - INFO - 🟨 Janela de edição de OS detectada
2026-04-09 21:36:46,707 - INFO - 🟨 Janela de edição de habilidade da turma detectada
2026-04-09 21:38:05,017 - INFO - ⌛ Aguardando detecção do campo de caracteristica 'EQUIPE PRÓPRIA OU EPS' ...
2026-04-09 21:38:24,367 - INFO - 🟨 campo de caracteristica 'EQUIPE PRÓPRIA OU EPS detectado
2026-04-09 21:38:46,160 - INFO - ⌛ Aguardando confirmação 4 - editar OS...
2026-04-09 21:39:01,596 - INFO - ⌛ Aguardando confirmação 4 - editar OS...
2026-04-09 21:39:17,047 - INFO - ⌛ Aguardando confirmação 4 - editar OS...
2026-04-09 21:39:32,479 - INFO - ⌛ Aguardando confirmação 4 - editar OS...
2026-04-09 21:39:47,896 - INFO - ⌛ Aguardando confirmação 4 - editar OS...
2026-04-09 21:40:03,336 - INFO - ⌛ Aguardando confirmação 4 - editar OS...
2026-04-09 21:40:18,790 - INFO - ⌛ Aguardando confirmação 4 - editar OS...
2026-04-09 21:40:34,245 - INFO - 🟨 Janela de confirmação 4 de edição de OS detectada
2026-04-09 21:40:38,363 - INFO - 
=== rotina programar_os ===
2026-04-09 21:41:04,867 - INFO - ⌛ Aguardando janela de confirmação de programação de OS...
2026-04-09 21:41:30,275 - INFO - 🟨 Janela de confirmação de programação de OS detectada
2026-04-09 21:41:43,522 - INFO - ⌛ aguardando janela de programação de lote de OS...
2026-04-09 21:42:09,012 - INFO - ⌛ aguardando janela de programação de lote de OS...
2026-04-09 21:42:34,538 - INFO - ⌛ aguardando janela de programação de lote de OS...
2026-04-09 21:43:00,118 - INFO - 🟨 Janela de programação de lote de OS detectada
2026-04-09 21:43:49,636 - INFO - 🟨 Janela de confirmação de programação de lote de OS detectada
2026-04-09 21:43:53,892 - INFO - ⌛ aguardando confirmação final de programação do lote
2026-04-09 21:44:19,399 - INFO - ⌛ aguardando confirmação final de programação do lote
2026-04-09 21:44:44,841 - INFO - ⌛ aguardando confirmação final de programação do lote
2026-04-09 21:45:10,295 - INFO - 🟨 programação do lote 8 efetuado com sucesso
2026-04-09 21:45:20,405 - INFO - 
=== Iniciando lote 9/340 [REDES] ===
2026-04-09 21:45:20,405 - INFO - 
=== abrir_janela_selecao ===
2026-04-09 21:45:26,730 - INFO - 
=== rotina abrir_selecao_colar_os ===
2026-04-09 21:45:26,774 - INFO - Janela de seleção aberta
2026-04-09 21:45:31,014 - INFO - DEBUG: idx=8, inicio=400, fim=450
2026-04-09 21:45:31,014 - INFO - ✅ 50 OS copiadas para a área de transferência.
2026-04-09 21:45:31,014 - INFO - 📋 Lote 9 copiado.
2026-04-09 21:45:39,345 - INFO - ⌛ Esperando mudança visual...
2026-04-09 21:45:40,360 - INFO - ⌛ Esperando mudança visual...
2026-04-09 21:45:41,378 - INFO - ⌛ Esperando mudança visual...
2026-04-09 21:45:42,387 - INFO - ⌛ Esperando mudança visual...
2026-04-09 21:45:43,407 - INFO - ⌛ Esperando mudança visual...
2026-04-09 21:45:44,419 - INFO - ⌛ Esperando mudança visual...
2026-04-09 21:45:45,437 - INFO - ⌛ Esperando mudança visual...
2026-04-09 21:45:46,451 - INFO - ⌛ Esperando mudança visual...
2026-04-09 21:45:47,470 - INFO - ⌛ Esperando mudança visual...
2026-04-09 21:45:48,485 - INFO - ⌛ Esperando mudança visual...
2026-04-09 21:45:49,500 - INFO - ⌛ Esperando mudança visual...
2026-04-09 21:45:50,512 - INFO - ⌛ Esperando mudança visual...
2026-04-09 21:45:51,534 - INFO - ⌛ Esperando mudança visual...
2026-04-09 21:45:52,544 - INFO - ⌛ Esperando mudança visual...
2026-04-09 21:45:53,560 - INFO - ✅ Tela carregada!
2026-04-09 21:45:57,570 - INFO - 
=== rotina desbloquear_os ===
2026-04-09 21:46:04,024 - INFO - ⌛ Aguardando janela de confirmação de desbloqueio...
2026-04-09 21:46:19,427 - INFO - ⌛ Aguardando janela de confirmação de desbloqueio...
2026-04-09 21:46:34,809 - INFO - ⌛ Aguardando janela de confirmação de desbloqueio...
2026-04-09 21:46:50,228 - INFO - 🟨 Registros desbloqueados com sucesso
2026-04-09 21:46:54,334 - INFO - 
=== rotina editar_os ===
2026-04-09 21:47:03,723 - INFO - ⌛ Aguardando janela de edição de OS...
2026-04-09 21:47:19,182 - INFO - 🟨 OS programadas detectadas
2026-04-09 21:47:22,292 - INFO - ⌛ Aguardando janela de edição de OS...
2026-04-09 21:47:37,720 - INFO - 🟨 Janela de edição de OS detectada
2026-04-09 21:47:59,082 - INFO - 🟨 Janela de edição de habilidade da turma detectada
2026-04-09 21:49:17,378 - INFO - ⌛ Aguardando detecção do campo de caracteristica 'EQUIPE PRÓPRIA OU EPS' ...
2026-04-09 21:49:36,760 - INFO - 🟨 campo de caracteristica 'EQUIPE PRÓPRIA OU EPS detectado
2026-04-09 21:49:58,548 - INFO - ⌛ Aguardando confirmação 4 - editar OS...
2026-04-09 21:50:13,981 - INFO - ⌛ Aguardando confirmação 4 - editar OS...
2026-04-09 21:50:29,419 - INFO - ⌛ Aguardando confirmação 4 - editar OS...
2026-04-09 21:50:44,894 - INFO - ⌛ Aguardando confirmação 4 - editar OS...
2026-04-09 21:51:00,316 - INFO - ⌛ Aguardando confirmação 4 - editar OS...
2026-04-09 21:51:15,744 - INFO - ⌛ Aguardando confirmação 4 - editar OS...
2026-04-09 21:51:31,189 - INFO - 🟨 Janela de confirmação 4 de edição de OS detectada
2026-04-09 21:51:35,294 - INFO - 
=== rotina programar_os ===
2026-04-09 21:52:01,813 - INFO - ⌛ Aguardando janela de confirmação de programação de OS...
2026-04-09 21:52:27,282 - INFO - 🟨 Janela de confirmação de programação de OS detectada
2026-04-09 21:52:40,640 - INFO - 🟨 Janela de aviso de edição de OS programadas detectada
2026-04-09 21:52:47,864 - INFO - ⌛ aguardando janela de programação de lote de OS...
2026-04-09 21:53:13,399 - INFO - 🟨 Janela de aviso de substituição de lote de OS detectada
2026-04-09 21:53:33,515 - INFO - ⌛ aguardando janela de programação de lote de OS...
2026-04-09 21:53:59,058 - INFO - 🟨 Janela de aviso de substituição de lote de OS detectada
2026-04-09 21:54:19,170 - INFO - ⌛ aguardando janela de programação de lote de OS...
2026-04-09 21:54:44,683 - INFO - 🟨 Janela de programação de lote de OS detectada
2026-04-09 21:55:34,190 - INFO - 🟨 Janela de confirmação de programação de lote de OS detectada
2026-04-09 21:55:38,415 - INFO - ⌛ aguardando confirmação final de programação do lote
2026-04-09 21:56:03,848 - INFO - ⌛ aguardando confirmação final de programação do lote
2026-04-09 21:56:29,335 - INFO - 🟨 programação do lote 9 efetuado com sucesso
2026-04-09 21:56:39,440 - INFO - 
=== Iniciando lote 10/340 [REDES] ===
2026-04-09 21:56:39,440 - INFO - 
=== abrir_janela_selecao ===
2026-04-09 21:56:45,753 - INFO - 
=== rotina abrir_selecao_colar_os ===
2026-04-09 21:56:45,805 - INFO - Janela de seleção aberta
2026-04-09 21:56:50,042 - INFO - DEBUG: idx=9, inicio=450, fim=500
2026-04-09 21:56:50,042 - INFO - ✅ 50 OS copiadas para a área de transferência.
2026-04-09 21:56:50,042 - INFO - 📋 Lote 10 copiado.
2026-04-09 21:56:58,358 - INFO - ⌛ Esperando mudança visual...
2026-04-09 21:56:59,374 - INFO - ⌛ Esperando mudança visual...
2026-04-09 21:57:00,390 - INFO - ⌛ Esperando mudança visual...
2026-04-09 21:57:01,409 - INFO - ⌛ Esperando mudança visual...
2026-04-09 21:57:02,420 - INFO - ⌛ Esperando mudança visual...
2026-04-09 21:57:03,435 - INFO - ⌛ Esperando mudança visual...
2026-04-09 21:57:04,452 - INFO - ⌛ Esperando mudança visual...
2026-04-09 21:57:05,468 - INFO - ⌛ Esperando mudança visual...
2026-04-09 21:57:06,483 - INFO - ⌛ Esperando mudança visual...
2026-04-09 21:57:07,501 - INFO - ⌛ Esperando mudança visual...
2026-04-09 21:57:08,517 - INFO - ⌛ Esperando mudança visual...
2026-04-09 21:57:09,533 - INFO - ⌛ Esperando mudança visual...
2026-04-09 21:57:10,547 - INFO - ⌛ Esperando mudança visual...
2026-04-09 21:57:11,564 - INFO - ⌛ Esperando mudança visual...
2026-04-09 21:57:12,575 - INFO - ✅ Tela carregada!
2026-04-09 21:57:16,584 - INFO - 
=== rotina desbloquear_os ===
2026-04-09 21:57:23,056 - INFO - ⌛ Aguardando janela de confirmação de desbloqueio...
2026-04-09 21:57:38,460 - INFO - ⌛ Aguardando janela de confirmação de desbloqueio...
2026-04-09 21:57:53,866 - INFO - ⌛ Aguardando janela de confirmação de desbloqueio...
2026-04-09 21:58:09,300 - INFO - 🟨 Registros desbloqueados com sucesso
2026-04-09 21:58:13,413 - INFO - 
=== rotina editar_os ===
2026-04-09 21:58:22,812 - INFO - ⌛ Aguardando janela de edição de OS...
2026-04-09 21:58:38,320 - INFO - 🟨 OS programadas detectadas
2026-04-09 21:58:41,429 - INFO - ⌛ Aguardando janela de edição de OS...
2026-04-09 21:58:56,910 - INFO - 🟨 Janela de edição de OS detectada
2026-04-09 21:59:18,268 - INFO - 🟨 Janela de edição de habilidade da turma detectada
2026-04-09 22:00:36,576 - INFO - ⌛ Aguardando detecção do campo de caracteristica 'EQUIPE PRÓPRIA OU EPS' ...
2026-04-09 22:00:55,941 - INFO - 🟨 campo de caracteristica 'EQUIPE PRÓPRIA OU EPS detectado
2026-04-09 22:01:17,745 - INFO - ⌛ Aguardando confirmação 4 - editar OS...
2026-04-09 22:01:33,225 - INFO - ⌛ Aguardando confirmação 4 - editar OS...
2026-04-09 22:01:48,701 - INFO - ⌛ Aguardando confirmação 4 - editar OS...
2026-04-09 22:02:04,192 - INFO - ⌛ Aguardando confirmação 4 - editar OS...
2026-04-09 22:02:19,671 - INFO - ⌛ Aguardando confirmação 4 - editar OS...
2026-04-09 22:02:35,192 - INFO - ⌛ Aguardando confirmação 4 - editar OS...
2026-04-09 22:02:50,681 - INFO - 🟨 Janela de confirmação 4 de edição de OS detectada
2026-04-09 22:02:54,792 - INFO - 
=== rotina programar_os ===
2026-04-09 22:03:21,340 - INFO - ⌛ Aguardando janela de confirmação de programação de OS...
2026-04-09 22:03:46,763 - INFO - 🟨 Janela de confirmação de programação de OS detectada
2026-04-09 22:04:00,095 - INFO - 🟨 Janela de aviso de edição de OS programadas detectada
2026-04-09 22:04:07,307 - INFO - ⌛ aguardando janela de programação de lote de OS...
2026-04-09 22:04:32,847 - INFO - 🟨 Janela de aviso de substituição de lote de OS detectada
2026-04-09 22:04:52,965 - INFO - ⌛ aguardando janela de programação de lote de OS...
2026-04-09 22:05:18,488 - INFO - 🟨 Janela de aviso de substituição de lote de OS detectada
2026-04-09 22:05:38,620 - INFO - ⌛ aguardando janela de programação de lote de OS...
2026-04-09 22:06:04,188 - INFO - 🟨 Janela de programação de lote de OS detectada
2026-04-09 22:06:53,735 - INFO - 🟨 Janela de confirmação de programação de lote de OS detectada
2026-04-09 22:06:57,943 - INFO - ⌛ aguardando confirmação final de programação do lote
2026-04-09 22:07:23,453 - INFO - ⌛ aguardando confirmação final de programação do lote
2026-04-09 22:07:48,970 - INFO - 🟨 programação do lote 10 efetuado com sucesso
2026-04-09 22:07:59,076 - INFO - 
=== Iniciando lote 11/340 [REDES] ===
2026-04-09 22:07:59,076 - INFO - 
=== abrir_janela_selecao ===
2026-04-09 22:08:05,385 - INFO - 
=== rotina abrir_selecao_colar_os ===
2026-04-09 22:08:05,447 - INFO - Janela de seleção aberta
2026-04-09 22:08:09,714 - INFO - DEBUG: idx=10, inicio=500, fim=550
2026-04-09 22:08:09,714 - INFO - ✅ 50 OS copiadas para a área de transferência.
2026-04-09 22:08:09,714 - INFO - 📋 Lote 11 copiado.
2026-04-09 22:08:18,059 - INFO - ⌛ Esperando mudança visual...
2026-04-09 22:08:19,071 - INFO - ⌛ Esperando mudança visual...
2026-04-09 22:08:20,087 - INFO - ⌛ Esperando mudança visual...
2026-04-09 22:08:21,106 - INFO - ⌛ Esperando mudança visual...
2026-04-09 22:08:22,121 - INFO - ⌛ Esperando mudança visual...
2026-04-09 22:08:23,137 - INFO - ⌛ Esperando mudança visual...
2026-04-09 22:08:24,152 - INFO - ⌛ Esperando mudança visual...
2026-04-09 22:08:25,166 - INFO - ⌛ Esperando mudança visual...
2026-04-09 22:08:26,184 - INFO - ⌛ Esperando mudança visual...
2026-04-09 22:08:27,198 - INFO - ⌛ Esperando mudança visual...
2026-04-09 22:08:28,217 - INFO - ⌛ Esperando mudança visual...
2026-04-09 22:08:29,230 - INFO - ⌛ Esperando mudança visual...
2026-04-09 22:08:30,247 - INFO - ⌛ Esperando mudança visual...
2026-04-09 22:08:31,268 - INFO - ⌛ Esperando mudança visual...
2026-04-09 22:08:32,279 - INFO - ⌛ Esperando mudança visual...
2026-04-09 22:08:33,290 - INFO - ⌛ Esperando mudança visual...
2026-04-09 22:08:34,306 - INFO - ⌛ Esperando mudança visual...
2026-04-09 22:08:35,339 - INFO - ⌛ Esperando mudança visual...
2026-04-09 22:08:36,364 - INFO - ⌛ Esperando mudança visual...
2026-04-09 22:08:37,372 - INFO - ⌛ Esperando mudança visual...
2026-04-09 22:08:38,401 - INFO - ✅ Tela carregada!
2026-04-09 22:08:42,416 - INFO - 
=== rotina desbloquear_os ===
2026-04-09 22:08:48,889 - INFO - ⌛ Aguardando janela de confirmação de desbloqueio...
2026-04-09 22:09:04,301 - INFO - ⌛ Aguardando janela de confirmação de desbloqueio...
2026-04-09 22:09:19,718 - INFO - 🟨 Registros desbloqueados com sucesso
2026-04-09 22:09:23,823 - INFO - 
=== rotina editar_os ===
2026-04-09 22:09:33,221 - INFO - ⌛ Aguardando janela de edição de OS...
2026-04-09 22:09:48,670 - INFO - 🟨 Janela de edição de OS detectada
2026-04-09 22:10:10,024 - INFO - 🟨 Janela de edição de habilidade da turma detectada
2026-04-09 22:11:28,324 - INFO - ⌛ Aguardando detecção do campo de caracteristica 'EQUIPE PRÓPRIA OU EPS' ...
2026-04-09 22:11:47,684 - INFO - 🟨 campo de caracteristica 'EQUIPE PRÓPRIA OU EPS detectado
2026-04-09 22:12:09,475 - INFO - ⌛ Aguardando confirmação 4 - editar OS...
2026-04-09 22:12:24,961 - INFO - ⌛ Aguardando confirmação 4 - editar OS...
2026-04-09 22:12:40,399 - INFO - ⌛ Aguardando confirmação 4 - editar OS...
2026-04-09 22:12:55,865 - INFO - ⌛ Aguardando confirmação 4 - editar OS...
2026-04-09 22:13:11,305 - INFO - ⌛ Aguardando confirmação 4 - editar OS...
2026-04-09 22:13:26,746 - INFO - ⌛ Aguardando confirmação 4 - editar OS...
2026-04-09 22:13:42,175 - INFO - 🟨 Janela de confirmação 4 de edição de OS detectada
2026-04-09 22:13:46,288 - INFO - 
=== rotina programar_os ===
2026-04-09 22:14:12,796 - INFO - ⌛ Aguardando janela de confirmação de programação de OS...
2026-04-09 22:14:38,215 - INFO - 🟨 Janela de confirmação de programação de OS detectada
2026-04-09 22:14:51,470 - INFO - ⌛ aguardando janela de programação de lote de OS...
2026-04-09 22:15:16,989 - INFO - ⌛ aguardando janela de programação de lote de OS...
2026-04-09 22:15:42,503 - INFO - 🟨 Janela de programação de lote de OS detectada
2026-04-09 22:16:32,014 - INFO - 🟨 Janela de confirmação de programação de lote de OS detectada
2026-04-09 22:16:36,342 - INFO - ⌛ aguardando confirmação final de programação do lote
2026-04-09 22:17:01,916 - INFO - ⌛ aguardando confirmação final de programação do lote
2026-04-09 22:17:27,374 - INFO - 🟨 programação do lote 11 efetuado com sucesso
2026-04-09 22:17:37,493 - INFO - 
=== Iniciando lote 12/340 [REDES] ===
2026-04-09 22:17:37,493 - INFO - 
=== abrir_janela_selecao ===
2026-04-09 22:17:43,800 - INFO - 
=== rotina abrir_selecao_colar_os ===
2026-04-09 22:17:43,856 - INFO - Janela de seleção aberta
2026-04-09 22:17:48,085 - INFO - DEBUG: idx=11, inicio=550, fim=600
2026-04-09 22:17:48,085 - INFO - ✅ 50 OS copiadas para a área de transferência.
2026-04-09 22:17:48,085 - INFO - 📋 Lote 12 copiado.
2026-04-09 22:17:56,429 - INFO - ⌛ Esperando mudança visual...
2026-04-09 22:17:57,438 - INFO - ⌛ Esperando mudança visual...
2026-04-09 22:17:58,457 - INFO - ⌛ Esperando mudança visual...
2026-04-09 22:17:59,469 - INFO - ⌛ Esperando mudança visual...
2026-04-09 22:18:00,491 - INFO - ⌛ Esperando mudança visual...
2026-04-09 22:18:01,504 - INFO - ⌛ Esperando mudança visual...
2026-04-09 22:18:02,518 - INFO - ⌛ Esperando mudança visual...
2026-04-09 22:18:03,535 - INFO - ⌛ Esperando mudança visual...
2026-04-09 22:18:04,548 - INFO - ⌛ Esperando mudança visual...
2026-04-09 22:18:05,552 - INFO - ⌛ Esperando mudança visual...
2026-04-09 22:18:06,557 - INFO - ⌛ Esperando mudança visual...
2026-04-09 22:18:07,578 - INFO - ⌛ Esperando mudança visual...
2026-04-09 22:18:08,593 - INFO - ⌛ Esperando mudança visual...
2026-04-09 22:18:09,610 - INFO - ⌛ Esperando mudança visual...
2026-04-09 22:18:10,625 - INFO - ⌛ Esperando mudança visual...
2026-04-09 22:18:11,641 - INFO - ⌛ Esperando mudança visual...
2026-04-09 22:18:12,662 - INFO - ✅ Tela carregada!
2026-04-09 22:18:16,666 - INFO - 
=== rotina desbloquear_os ===
2026-04-09 22:18:23,151 - INFO - ⌛ Aguardando janela de confirmação de desbloqueio...
2026-04-09 22:18:38,559 - INFO - ⌛ Aguardando janela de confirmação de desbloqueio...
2026-04-09 22:18:54,007 - INFO - 🟨 Registros desbloqueados com sucesso
2026-04-09 22:18:58,117 - INFO - 
=== rotina editar_os ===
2026-04-09 22:19:07,527 - INFO - ⌛ Aguardando janela de edição de OS...
2026-04-09 22:19:22,996 - INFO - 🟨 Janela de edição de OS detectada
2026-04-09 22:19:44,359 - INFO - 🟨 Janela de edição de habilidade da turma detectada
2026-04-09 22:21:02,666 - INFO - ⌛ Aguardando detecção do campo de caracteristica 'EQUIPE PRÓPRIA OU EPS' ...
2026-04-09 22:21:22,006 - INFO - 🟨 campo de caracteristica 'EQUIPE PRÓPRIA OU EPS detectado
2026-04-09 22:21:43,782 - INFO - ⌛ Aguardando confirmação 4 - editar OS...
2026-04-09 22:21:59,250 - INFO - ⌛ Aguardando confirmação 4 - editar OS...
2026-04-09 22:22:14,731 - INFO - ⌛ Aguardando confirmação 4 - editar OS...
2026-04-09 22:22:30,158 - INFO - ⌛ Aguardando confirmação 4 - editar OS...
2026-04-09 22:22:45,626 - INFO - 🟨 Janela de confirmação 4 de edição de OS detectada
2026-04-09 22:22:49,738 - INFO - 
=== rotina programar_os ===
2026-04-09 22:23:16,270 - INFO - ⌛ Aguardando janela de confirmação de programação de OS...
2026-04-09 22:23:41,755 - INFO - 🟨 Janela de confirmação de programação de OS detectada
2026-04-09 22:23:55,033 - INFO - ⌛ aguardando janela de programação de lote de OS...
2026-04-09 22:24:20,514 - INFO - 🟨 Janela de programação de lote de OS detectada
2026-04-09 22:25:10,032 - INFO - 🟨 Janela de confirmação de programação de lote de OS detectada
2026-04-09 22:25:14,242 - INFO - ⌛ aguardando confirmação final de programação do lote
2026-04-09 22:25:39,701 - INFO - ⌛ aguardando confirmação final de programação do lote
2026-04-09 22:26:05,142 - INFO - 🟨 programação do lote 12 efetuado com sucesso
2026-04-09 22:26:15,261 - INFO - 
=== Iniciando lote 13/340 [REDES] ===
2026-04-09 22:26:15,261 - INFO - 
=== abrir_janela_selecao ===
2026-04-09 22:26:21,571 - INFO - 
=== rotina abrir_selecao_colar_os ===
2026-04-09 22:26:21,624 - INFO - Janela de seleção aberta
2026-04-09 22:26:25,845 - INFO - DEBUG: idx=12, inicio=600, fim=650
2026-04-09 22:26:25,845 - INFO - ✅ 50 OS copiadas para a área de transferência.
2026-04-09 22:26:25,845 - INFO - 📋 Lote 13 copiado.
2026-04-09 22:26:34,187 - INFO - ⌛ Esperando mudança visual...
2026-04-09 22:26:35,200 - INFO - ⌛ Esperando mudança visual...
2026-04-09 22:26:36,213 - INFO - ⌛ Esperando mudança visual...
2026-04-09 22:26:37,227 - INFO - ⌛ Esperando mudança visual...
2026-04-09 22:26:38,246 - INFO - ⌛ Esperando mudança visual...
2026-04-09 22:26:39,263 - INFO - ⌛ Esperando mudança visual...
2026-04-09 22:26:40,274 - INFO - ⌛ Esperando mudança visual...
2026-04-09 22:26:41,291 - INFO - ⌛ Esperando mudança visual...
2026-04-09 22:26:42,311 - INFO - ⌛ Esperando mudança visual...
2026-04-09 22:26:43,317 - INFO - ⌛ Esperando mudança visual...
2026-04-09 22:26:44,333 - INFO - ⌛ Esperando mudança visual...
2026-04-09 22:26:45,336 - INFO - ⌛ Esperando mudança visual...
2026-04-09 22:26:46,353 - INFO - ⌛ Esperando mudança visual...
2026-04-09 22:26:47,367 - INFO - ⌛ Esperando mudança visual...
2026-04-09 22:26:48,384 - INFO - ⌛ Esperando mudança visual...
2026-04-09 22:26:49,391 - INFO - ⌛ Esperando mudança visual...
2026-04-09 22:26:50,398 - INFO - ⌛ Esperando mudança visual...
2026-04-09 22:26:51,417 - INFO - ✅ Tela carregada!
2026-04-09 22:26:55,422 - INFO - 
=== rotina desbloquear_os ===
2026-04-09 22:27:01,923 - INFO - ⌛ Aguardando janela de confirmação de desbloqueio...
2026-04-09 22:27:17,289 - INFO - ⌛ Aguardando janela de confirmação de desbloqueio...
2026-04-09 22:27:32,686 - INFO - 🟨 Registros desbloqueados com sucesso
2026-04-09 22:27:36,791 - INFO - 
=== rotina editar_os ===
2026-04-09 22:27:46,207 - INFO - ⌛ Aguardando janela de edição de OS...
2026-04-09 22:28:01,653 - INFO - 🟨 OS programadas detectadas
2026-04-09 22:28:04,768 - INFO - ⌛ Aguardando janela de edição de OS...
2026-04-09 22:28:20,221 - INFO - 🟨 Janela de edição de OS detectada
2026-04-09 22:28:41,590 - INFO - 🟨 Janela de edição de habilidade da turma detectada
2026-04-09 22:29:59,908 - INFO - ⌛ Aguardando detecção do campo de caracteristica 'EQUIPE PRÓPRIA OU EPS' ...
2026-04-09 22:30:19,265 - INFO - 🟨 campo de caracteristica 'EQUIPE PRÓPRIA OU EPS detectado
2026-04-09 22:30:41,037 - INFO - ⌛ Aguardando confirmação 4 - editar OS...
2026-04-09 22:30:56,458 - INFO - ⌛ Aguardando confirmação 4 - editar OS...
2026-04-09 22:31:11,899 - INFO - ⌛ Aguardando confirmação 4 - editar OS...
2026-04-09 22:31:27,342 - INFO - ⌛ Aguardando confirmação 4 - editar OS...
2026-04-09 22:31:42,785 - INFO - ⌛ Aguardando confirmação 4 - editar OS...
2026-04-09 22:31:58,247 - INFO - 🟨 Janela de confirmação 4 de edição de OS detectada
2026-04-09 22:32:02,363 - INFO - 
=== rotina programar_os ===
2026-04-09 22:32:28,896 - INFO - ⌛ Aguardando janela de confirmação de programação de OS...
2026-04-09 22:32:54,391 - INFO - 🟨 Janela de confirmação de programação de OS detectada
2026-04-09 22:33:07,634 - INFO - 🟨 Janela de aviso de edição de OS programadas detectada
2026-04-09 22:33:14,850 - INFO - ⌛ aguardando janela de programação de lote de OS...
2026-04-09 22:33:40,359 - INFO - 🟨 Janela de aviso de substituição de lote de OS detectada
2026-04-09 22:34:00,463 - INFO - ⌛ aguardando janela de programação de lote de OS...
2026-04-09 22:34:25,987 - INFO - ⌛ aguardando janela de programação de lote de OS...
2026-04-09 22:34:26,267 - INFO - 🟨 Identificado falha no EQM
2026-04-09 22:34:26,267 - INFO - Capturando print...
2026-04-09 22:35:11,836 - INFO - ⌛ Aguardando janela de confirmação de programação de OS...
2026-04-09 22:35:37,287 - INFO - 🟨 Janela de confirmação de programação de OS detectada
2026-04-09 22:35:50,607 - INFO - 🟨 Janela de aviso de edição de OS programadas detectada
2026-04-09 22:35:57,823 - INFO - ⌛ aguardando janela de programação de lote de OS...
2026-04-09 22:36:23,351 - INFO - 🟨 Janela de aviso de substituição de lote de OS detectada
2026-04-09 22:36:43,456 - INFO - ⌛ aguardando janela de programação de lote de OS...
2026-04-09 22:37:08,999 - INFO - 🟨 Janela de programação de lote de OS detectada
2026-04-09 22:37:58,580 - INFO - 🟨 Janela de confirmação de programação de lote de OS detectada
2026-04-09 22:38:02,807 - INFO - ⌛ aguardando confirmação final de programação do lote
2026-04-09 22:38:28,294 - INFO - ⌛ aguardando confirmação final de programação do lote
2026-04-09 22:38:53,785 - INFO - 🟨 programação do lote 13 efetuado com sucesso
2026-04-09 22:39:03,894 - INFO - 
=== Iniciando lote 14/340 [REDES] ===
2026-04-09 22:39:03,894 - INFO - 
=== abrir_janela_selecao ===
2026-04-09 22:39:10,203 - INFO - 
=== rotina abrir_selecao_colar_os ===
2026-04-09 22:39:10,259 - INFO - Janela de seleção aberta
2026-04-09 22:39:14,504 - INFO - DEBUG: idx=13, inicio=650, fim=700
2026-04-09 22:39:14,504 - INFO - ✅ 50 OS copiadas para a área de transferência.
2026-04-09 22:39:14,504 - INFO - 📋 Lote 14 copiado.
2026-04-09 22:39:22,832 - INFO - ⌛ Esperando mudança visual...
2026-04-09 22:39:23,848 - INFO - ⌛ Esperando mudança visual...
2026-04-09 22:39:24,860 - INFO - ⌛ Esperando mudança visual...
2026-04-09 22:39:25,874 - INFO - ⌛ Esperando mudança visual...
2026-04-09 22:39:26,891 - INFO - ⌛ Esperando mudança visual...
2026-04-09 22:39:27,911 - INFO - ⌛ Esperando mudança visual...
2026-04-09 22:39:28,920 - INFO - ⌛ Esperando mudança visual...
2026-04-09 22:39:29,955 - INFO - ⌛ Esperando mudança visual...
2026-04-09 22:39:30,969 - INFO - ⌛ Esperando mudança visual...
2026-04-09 22:39:31,984 - INFO - ⌛ Esperando mudança visual...
2026-04-09 22:39:33,000 - INFO - ⌛ Esperando mudança visual...
2026-04-09 22:39:34,016 - INFO - ⌛ Esperando mudança visual...
2026-04-09 22:39:35,033 - INFO - ✅ Tela carregada!
2026-04-09 22:39:39,039 - INFO - 
=== rotina desbloquear_os ===
2026-04-09 22:39:45,510 - INFO - ⌛ Aguardando janela de confirmação de desbloqueio...
2026-04-09 22:40:00,899 - INFO - ⌛ Aguardando janela de confirmação de desbloqueio...
2026-04-09 22:40:16,365 - INFO - 🟨 Registros desbloqueados com sucesso
2026-04-09 22:40:20,469 - INFO - 
=== rotina editar_os ===
2026-04-09 22:40:29,913 - INFO - ⌛ Aguardando janela de edição de OS...
2026-04-09 22:40:45,372 - INFO - 🟨 OS programadas detectadas
2026-04-09 22:40:48,484 - INFO - ⌛ Aguardando janela de edição de OS...
2026-04-09 22:41:03,937 - INFO - 🟨 Janela de edição de OS detectada
2026-04-09 22:41:25,297 - INFO - 🟨 Janela de edição de habilidade da turma detectada
2026-04-09 22:42:43,630 - INFO - ⌛ Aguardando detecção do campo de caracteristica 'EQUIPE PRÓPRIA OU EPS' ...
2026-04-09 22:43:02,984 - INFO - 🟨 campo de caracteristica 'EQUIPE PRÓPRIA OU EPS detectado
2026-04-09 22:43:24,791 - INFO - ⌛ Aguardando confirmação 4 - editar OS...
2026-04-09 22:43:40,252 - INFO - ⌛ Aguardando confirmação 4 - editar OS...
2026-04-09 22:43:55,793 - INFO - ⌛ Aguardando confirmação 4 - editar OS...
2026-04-09 22:44:11,275 - INFO - ⌛ Aguardando confirmação 4 - editar OS...
2026-04-09 22:44:26,694 - INFO - 🟨 Janela de confirmação 4 de edição de OS detectada
2026-04-09 22:44:30,810 - INFO - 
=== rotina programar_os ===
2026-04-09 22:44:57,371 - INFO - ⌛ Aguardando janela de confirmação de programação de OS...
2026-04-09 22:45:22,819 - INFO - 🟨 Janela de confirmação de programação de OS detectada
2026-04-09 22:45:36,089 - INFO - 🟨 Janela de aviso de edição de OS programadas detectada
2026-04-09 22:45:43,309 - INFO - ⌛ aguardando janela de programação de lote de OS...
2026-04-09 22:46:08,840 - INFO - 🟨 Janela de aviso de substituição de lote de OS detectada
2026-04-09 22:46:28,949 - INFO - ⌛ aguardando janela de programação de lote de OS...
2026-04-09 22:46:54,444 - INFO - 🟨 Janela de programação de lote de OS detectada
2026-04-09 22:47:43,953 - INFO - 🟨 Janela de confirmação de programação de lote de OS detectada
2026-04-09 22:47:48,148 - INFO - ⌛ aguardando confirmação final de programação do lote
2026-04-09 22:48:13,611 - INFO - ⌛ aguardando confirmação final de programação do lote
2026-04-09 22:48:39,072 - INFO - 🟨 programação do lote 14 efetuado com sucesso
2026-04-09 22:48:49,182 - INFO - 
=== Iniciando lote 15/340 [REDES] ===
2026-04-09 22:48:49,182 - INFO - 
=== abrir_janela_selecao ===
2026-04-09 22:48:55,490 - INFO - 
=== rotina abrir_selecao_colar_os ===
2026-04-09 22:48:55,547 - INFO - Janela de seleção aberta
2026-04-09 22:48:59,779 - INFO - DEBUG: idx=14, inicio=700, fim=750
2026-04-09 22:48:59,779 - INFO - ✅ 50 OS copiadas para a área de transferência.
2026-04-09 22:48:59,779 - INFO - 📋 Lote 15 copiado.
2026-04-09 22:49:08,101 - INFO - ⌛ Esperando mudança visual...
2026-04-09 22:49:09,124 - INFO - ⌛ Esperando mudança visual...
2026-04-09 22:49:10,135 - INFO - ⌛ Esperando mudança visual...
2026-04-09 22:49:11,147 - INFO - ⌛ Esperando mudança visual...
2026-04-09 22:49:12,163 - INFO - ⌛ Esperando mudança visual...
2026-04-09 22:49:13,185 - INFO - ⌛ Esperando mudança visual...
2026-04-09 22:49:14,201 - INFO - ⌛ Esperando mudança visual...
2026-04-09 22:49:15,215 - INFO - ⌛ Esperando mudança visual...
2026-04-09 22:49:16,227 - INFO - ⌛ Esperando mudança visual...
2026-04-09 22:49:17,243 - INFO - ⌛ Esperando mudança visual...
2026-04-09 22:49:18,258 - INFO - ⌛ Esperando mudança visual...
2026-04-09 22:49:19,276 - INFO - ⌛ Esperando mudança visual...
2026-04-09 22:49:20,292 - INFO - ⌛ Esperando mudança visual...
2026-04-09 22:49:21,308 - INFO - ⌛ Esperando mudança visual...
2026-04-09 22:49:22,322 - INFO - ⌛ Esperando mudança visual...
2026-04-09 22:49:23,340 - INFO - ⌛ Esperando mudança visual...
2026-04-09 22:49:24,357 - INFO - ⌛ Esperando mudança visual...
2026-04-09 22:49:25,374 - INFO - ⌛ Esperando mudança visual...
2026-04-09 22:49:26,387 - INFO - ⌛ Esperando mudança visual...
2026-04-09 22:49:27,404 - INFO - ⌛ Esperando mudança visual...
2026-04-09 22:49:28,421 - INFO - ⌛ Esperando mudança visual...
2026-04-09 22:49:29,435 - INFO - ⌛ Esperando mudança visual...
2026-04-09 22:49:30,451 - INFO - ⌛ Esperando mudança visual...
2026-04-09 22:49:31,469 - INFO - ⌛ Esperando mudança visual...
2026-04-09 22:49:32,479 - INFO - ⌛ Esperando mudança visual...
2026-04-09 22:49:33,497 - INFO - ⌛ Esperando mudança visual...
2026-04-09 22:49:34,514 - INFO - ⌛ Esperando mudança visual...
2026-04-09 22:49:35,526 - INFO - ⌛ Esperando mudança visual...
2026-04-09 22:49:36,545 - INFO - ⌛ Esperando mudança visual...
2026-04-09 22:49:37,561 - INFO - ⌛ Esperando mudança visual...
2026-04-09 22:49:38,576 - INFO - ⌛ Esperando mudança visual...
2026-04-09 22:49:39,594 - INFO - ⌛ Esperando mudança visual...
2026-04-09 22:49:40,603 - INFO - ⌛ Esperando mudança visual...
2026-04-09 22:49:41,619 - INFO - ⌛ Esperando mudança visual...
2026-04-09 22:49:42,635 - INFO - ⌛ Esperando mudança visual...
2026-04-09 22:49:43,657 - INFO - ⌛ Esperando mudança visual...
2026-04-09 22:49:44,672 - INFO - ⌛ Esperando mudança visual...
2026-04-09 22:49:45,682 - INFO - ⌛ Esperando mudança visual...
2026-04-09 22:49:46,698 - INFO - ⌛ Esperando mudança visual...
2026-04-09 22:49:47,714 - INFO - ⌛ Esperando mudança visual...
2026-04-09 22:49:48,729 - INFO - ⌛ Esperando mudança visual...
2026-04-09 22:49:49,743 - INFO - ⌛ Esperando mudança visual...
2026-04-09 22:49:50,759 - INFO - ⌛ Esperando mudança visual...
2026-04-09 22:49:51,781 - INFO - ⌛ Esperando mudança visual...
2026-04-09 22:49:52,792 - INFO - ⌛ Esperando mudança visual...
2026-04-09 22:49:53,806 - INFO - ⌛ Esperando mudança visual...
2026-04-09 22:49:54,823 - INFO - ⌛ Esperando mudança visual...
2026-04-09 22:49:55,839 - INFO - ⌛ Esperando mudança visual...
2026-04-09 22:49:56,855 - INFO - ⌛ Esperando mudança visual...
2026-04-09 22:49:57,873 - INFO - ⌛ Esperando mudança visual...
2026-04-09 22:49:58,886 - INFO - ⌛ Esperando mudança visual...
2026-04-09 22:49:59,901 - INFO - ⌛ Esperando mudança visual...
2026-04-09 22:50:00,913 - INFO - ⌛ Esperando mudança visual...
2026-04-09 22:50:01,934 - INFO - ⌛ Esperando mudança visual...
2026-04-09 22:50:02,952 - INFO - ⌛ Esperando mudança visual...
2026-04-09 22:50:03,962 - INFO - ⌛ Esperando mudança visual...
2026-04-09 22:50:04,981 - INFO - ⌛ Esperando mudança visual...
2026-04-09 22:50:05,995 - INFO - ⌛ Esperando mudança visual...
2026-04-09 22:50:07,017 - INFO - ⌛ Esperando mudança visual...
2026-04-09 22:50:08,032 - INFO - ⌛ Esperando mudança visual...
2026-04-09 22:50:09,048 - INFO - ⌛ Esperando mudança visual...
2026-04-09 22:50:10,055 - INFO - ⌛ Esperando mudança visual...
2026-04-09 22:50:11,071 - INFO - ⌛ Esperando mudança visual...
2026-04-09 22:50:12,090 - INFO - ⌛ Esperando mudança visual...
2026-04-09 22:50:13,103 - INFO - ⌛ Esperando mudança visual...
2026-04-09 22:50:14,127 - INFO - ⌛ Esperando mudança visual...
2026-04-09 22:50:15,141 - INFO - ⌛ Esperando mudança visual...
2026-04-09 22:50:16,164 - INFO - ⌛ Esperando mudança visual...
2026-04-09 22:50:17,184 - INFO - ⌛ Esperando mudança visual...
2026-04-09 22:50:18,206 - INFO - ⌛ Esperando mudança visual...
2026-04-09 22:50:19,216 - INFO - ⌛ Esperando mudança visual...
2026-04-09 22:50:20,232 - INFO - ⌛ Esperando mudança visual...
2026-04-09 22:50:21,250 - INFO - ⌛ Esperando mudança visual...
2026-04-09 22:50:22,265 - INFO - ⌛ Esperando mudança visual...
2026-04-09 22:50:23,284 - INFO - ⌛ Esperando mudança visual...
2026-04-09 22:50:24,295 - INFO - ⌛ Esperando mudança visual...
2026-04-09 22:50:25,315 - INFO - ⌛ Esperando mudança visual...
2026-04-09 22:50:26,329 - INFO - ⌛ Esperando mudança visual...
2026-04-09 22:50:27,342 - INFO - ⌛ Esperando mudança visual...
2026-04-09 22:50:28,363 - INFO - ⌛ Esperando mudança visual...
2026-04-09 22:50:29,372 - INFO - ⌛ Esperando mudança visual...
2026-04-09 22:50:30,392 - INFO - ⌛ Esperando mudança visual...
2026-04-09 22:50:31,409 - INFO - ⌛ Esperando mudança visual...
2026-04-09 22:50:32,421 - INFO - ⌛ Esperando mudança visual...
2026-04-09 22:50:33,441 - INFO - ⌛ Esperando mudança visual...
2026-04-09 22:50:34,456 - INFO - ⌛ Esperando mudança visual...
2026-04-09 22:50:35,473 - INFO - ⌛ Esperando mudança visual...
2026-04-09 22:50:36,482 - INFO - ⌛ Esperando mudança visual...
2026-04-09 22:50:37,504 - INFO - ⌛ Esperando mudança visual...
2026-04-09 22:50:38,514 - INFO - ⌛ Esperando mudança visual...
2026-04-09 22:50:39,535 - INFO - ⌛ Esperando mudança visual...
2026-04-09 22:50:40,546 - INFO - ⌛ Esperando mudança visual...
2026-04-09 22:50:41,559 - INFO - ⌛ Esperando mudança visual...
2026-04-09 22:50:42,576 - INFO - ⌛ Esperando mudança visual...
2026-04-09 22:50:43,608 - INFO - ⌛ Esperando mudança visual...
2026-04-09 22:50:44,624 - INFO - ⌛ Esperando mudança visual...
2026-04-09 22:50:45,655 - INFO - ⌛ Esperando mudança visual...
2026-04-09 22:50:46,673 - INFO - ⌛ Esperando mudança visual...
2026-04-09 22:50:47,676 - INFO - ⌛ Esperando mudança visual...
2026-04-09 22:50:48,687 - INFO - ⌛ Esperando mudança visual...
2026-04-09 22:50:49,701 - INFO - ⌛ Esperando mudança visual...
2026-04-09 22:50:50,718 - INFO - ⌛ Esperando mudança visual...
2026-04-09 22:50:51,734 - INFO - ✅ Tela carregada!
2026-04-09 22:50:55,741 - INFO - 
=== rotina desbloquear_os ===
2026-04-09 22:51:02,226 - INFO - ⌛ Aguardando janela de confirmação de desbloqueio...
2026-04-09 22:51:17,625 - INFO - ⌛ Aguardando janela de confirmação de desbloqueio...
2026-04-09 22:51:33,004 - INFO - ⌛ Aguardando janela de confirmação de desbloqueio...
2026-04-09 22:51:48,396 - INFO - ⌛ Aguardando janela de confirmação de desbloqueio...
2026-04-09 22:52:03,766 - INFO - ⌛ Aguardando janela de confirmação de desbloqueio...
2026-04-09 22:52:19,142 - INFO - ⌛ Aguardando janela de confirmação de desbloqueio...
2026-04-09 22:52:34,534 - INFO - ⌛ Aguardando janela de confirmação de desbloqueio...
2026-04-09 22:52:49,965 - INFO - ⌛ Aguardando janela de confirmação de desbloqueio...
2026-04-09 22:53:05,330 - INFO - ⌛ Aguardando janela de confirmação de desbloqueio...
2026-04-09 22:53:20,748 - INFO - ⌛ Aguardando janela de confirmação de desbloqueio...
2026-04-09 22:53:36,208 - INFO - ⌛ Aguardando janela de confirmação de desbloqueio...
2026-04-09 22:53:51,578 - INFO - ⌛ Aguardando janela de confirmação de desbloqueio...
2026-04-09 22:54:06,974 - INFO - ⌛ Aguardando janela de confirmação de desbloqueio...
2026-04-09 22:54:22,351 - INFO - ⌛ Aguardando janela de confirmação de desbloqueio...
2026-04-09 22:54:37,736 - INFO - ⌛ Aguardando janela de confirmação de desbloqueio...
2026-04-09 22:54:53,130 - INFO - ⌛ Aguardando janela de confirmação de desbloqueio...
2026-04-09 22:55:08,626 - INFO - ⌛ Aguardando janela de confirmação de desbloqueio...
2026-04-09 22:55:24,095 - INFO - ⌛ Aguardando janela de confirmação de desbloqueio...
2026-04-09 22:55:39,500 - INFO - ⌛ Aguardando janela de confirmação de desbloqueio...
2026-04-09 22:55:54,899 - INFO - ⌛ Aguardando janela de confirmação de desbloqueio...
2026-04-09 22:56:10,300 - INFO - ⌛ Aguardando janela de confirmação de desbloqueio...
2026-04-09 22:56:25,753 - INFO - ⌛ Aguardando janela de confirmação de desbloqueio...
2026-04-09 22:56:41,168 - INFO - ⌛ Aguardando janela de confirmação de desbloqueio...
2026-04-09 22:56:56,581 - INFO - ⌛ Aguardando janela de confirmação de desbloqueio...
2026-04-09 22:57:11,972 - INFO - ⌛ Aguardando janela de confirmação de desbloqueio...
2026-04-09 22:57:27,381 - INFO - ⌛ Aguardando janela de confirmação de desbloqueio...
2026-04-09 22:57:42,742 - INFO - ⌛ Aguardando janela de confirmação de desbloqueio...
2026-04-09 22:57:58,157 - INFO - ⌛ Aguardando janela de confirmação de desbloqueio...
2026-04-09 22:58:13,537 - INFO - ⌛ Aguardando janela de confirmação de desbloqueio...
2026-04-09 22:58:28,959 - INFO - ⌛ Aguardando janela de confirmação de desbloqueio...
2026-04-09 22:58:44,389 - INFO - ⌛ Aguardando janela de confirmação de desbloqueio...
2026-04-09 22:58:59,827 - INFO - ⌛ Aguardando janela de confirmação de desbloqueio...
2026-04-09 22:59:15,245 - INFO - ⌛ Aguardando janela de confirmação de desbloqueio...
2026-04-09 22:59:30,652 - INFO - ⌛ Aguardando janela de confirmação de desbloqueio...
2026-04-09 22:59:46,068 - INFO - ⌛ Aguardando janela de confirmação de desbloqueio...
2026-04-09 23:00:01,470 - INFO - ⌛ Aguardando janela de confirmação de desbloqueio...
2026-04-09 23:00:16,858 - INFO - ⌛ Aguardando janela de confirmação de desbloqueio...
2026-04-09 23:00:32,264 - INFO - ⌛ Aguardando janela de confirmação de desbloqueio...
2026-04-09 23:00:47,627 - INFO - ⌛ Aguardando janela de confirmação de desbloqueio...
2026-04-09 23:01:03,011 - INFO - verificando janela oculta
2026-04-09 23:01:23,484 - INFO - ⏱️ Tempo limite atingido. Abortando seleção
2026-04-09 23:01:23,484 - INFO - Capturando print...
