2025-11-05 08:40:00,992 - INFO - Data hoje: 05/11/2025
2025-11-05 08:40:00,992 - INFO - Data de referência (5 dias atrás): 31/10/2025
2025-11-05 08:40:22,934 - INFO - 
Qtde LINHA VIVA: 3073
2025-11-05 08:40:22,934 - INFO - Qtde LINHA MORTA/PESADA/FAIXA: 2092
2025-11-05 08:40:23,976 - INFO - 
Arquivo gerado: C:\Users\U469784\venvs\py311\bot_programacao\pendentes_20251105.xlsx
2025-11-05 08:40:24,380 - INFO - 
 Qtd de lotes de LM: 42
2025-11-05 08:40:24,380 - INFO - 
 Qtd de lotes de LV: 62
2025-11-05 08:40:24,380 - INFO - 
=== Iniciando lote 19/42 [LM] ===
2025-11-05 08:40:30,772 - INFO - ⌛ Aguardando janela de seleção...
2025-11-05 08:40:50,811 - INFO - Janela de seleção aberta
2025-11-05 08:41:06,078 - INFO - DEBUG: idx=18, inicio=900, fim=950
2025-11-05 08:41:06,078 - INFO - ✅ 50 OS copiadas para a área de transferência.
2025-11-05 08:41:06,078 - INFO - 📋 Lote 19 copiado.
2025-11-05 08:41:30,411 - INFO - ⌛ Esperando mudança visual...
2025-11-05 08:41:31,428 - INFO - ⌛ Esperando mudança visual...
2025-11-05 08:41:32,450 - INFO - ✅ Tela carregada!
2025-11-05 08:41:50,950 - INFO - ⌛ Aguardando janela de confirmação de desbloqueio...
2025-11-05 08:42:11,009 - INFO - ⌛ Aguardando janela de confirmação de desbloqueio...
2025-11-05 08:42:31,058 - INFO - 🟨 Registros desbloqueados com sucesso
2025-11-05 08:43:16,620 - INFO - ⌛ Aguardando janela de edição de OS...
2025-11-05 08:43:36,725 - INFO - 🟨 OS programadas detectadas
2025-11-05 08:43:46,874 - INFO - ⌛ Aguardando janela de edição de OS...
2025-11-05 08:44:06,979 - INFO - 🟨 Janela de edição de OS detectada
2025-11-05 08:44:42,348 - INFO - 🟨 Janela de edição de habilidade da turma detectada
2025-11-05 08:45:48,678 - INFO - ⌛ Aguardando detecção do campo de caracteristica 'EQUIPE PRÓPRIA OU EPS' ...
2025-11-05 08:46:08,813 - INFO - ⌛ Aguardando detecção do campo de caracteristica 'EQUIPE PRÓPRIA OU EPS' ...
2025-11-05 08:46:28,974 - INFO - ⌛ Aguardando detecção do campo de caracteristica 'EQUIPE PRÓPRIA OU EPS' ...
2025-11-05 08:46:49,109 - INFO - 🟨 campo de caracteristica 'EQUIPE PRÓPRIA OU EPS detectado
2025-11-05 08:47:29,854 - INFO - ⌛ Aguardando confirmação 4 - editar OS...
2025-11-05 08:47:49,916 - INFO - ⌛ Aguardando confirmação 4 - editar OS...
2025-11-05 08:48:10,005 - INFO - ⌛ Aguardando confirmação 4 - editar OS...
2025-11-05 08:49:05,692 - INFO - ⌛ Aguardando janela de confirmação de programação de OS...
2025-11-05 08:49:25,762 - INFO - 🟨 Janela de confirmação de programação de OS detectada
2025-11-05 08:49:36,131 - INFO - 🟨 Janela de aviso de edição de OS programadas detectada
2025-11-05 08:49:56,408 - INFO - ⌛ aguardando janela de programação de lote de OS...
2025-11-05 08:50:16,565 - INFO - 🟨 Janela de aviso de substituição de lote de OS detectada
2025-11-05 08:50:46,829 - INFO - ⌛ aguardando janela de programação de lote de OS...
2025-11-05 08:51:07,000 - INFO - ⌛ aguardando janela de programação de lote de OS...
2025-11-05 08:51:27,143 - INFO - 🟨 Janela de programação de lote de OS detectada
2025-11-05 08:52:43,600 - INFO - ⌛ aguardando janela de confirmação de programação de lote de OS...
2025-11-05 08:53:03,642 - INFO - 🟨 Janela de confirmação de programação de lote de OS detectada
2025-11-05 08:53:28,920 - INFO - ⌛ aguardando confirmação final de programação do lote
2025-11-05 08:53:49,149 - INFO - 🟨 programação do lote 19 efetuado com sucesso
2025-11-05 08:54:39,304 - INFO - 
=== Iniciando lote 20/42 [LM] ===
2025-11-05 08:54:45,655 - INFO - Janela de seleção aberta
2025-11-05 08:55:00,895 - INFO - DEBUG: idx=19, inicio=950, fim=1000
2025-11-05 08:55:00,895 - INFO - ✅ 50 OS copiadas para a área de transferência.
2025-11-05 08:55:00,895 - INFO - 📋 Lote 20 copiado.
2025-11-05 11:26:04,663 - INFO - Data hoje: 05/11/2025
2025-11-05 11:26:04,663 - INFO - Data de referência (5 dias atrás): 31/10/2025
2025-11-05 11:26:20,024 - INFO - 
Qtde LINHA VIVA: 3073
2025-11-05 11:26:20,024 - INFO - Qtde LINHA MORTA/PESADA/FAIXA: 2090
2025-11-05 11:26:21,136 - INFO - 
Arquivo gerado: C:\Users\U469784\venvs\py311\bot_programacao\pendentes_20251105.xlsx
2025-11-05 11:26:21,550 - INFO - 
 Qtd de lotes de LM: 42
2025-11-05 11:26:21,550 - INFO - 
 Qtd de lotes de LV: 62
2025-11-05 11:26:21,550 - INFO - 
=== Iniciando lote 19/42 [LM] ===
2025-11-05 11:26:27,986 - INFO - ⌛ Aguardando janela de seleção...
2025-11-05 11:26:48,038 - INFO - Janela de seleção aberta
2025-11-05 11:27:03,302 - INFO - DEBUG: idx=18, inicio=900, fim=950
2025-11-05 11:27:03,302 - INFO - ✅ 50 OS copiadas para a área de transferência.
2025-11-05 11:27:03,302 - INFO - 📋 Lote 19 copiado.
2025-11-05 11:27:27,654 - INFO - ⌛ Esperando mudança visual...
2025-11-05 11:27:28,666 - INFO - ⌛ Esperando mudança visual...
2025-11-05 11:27:29,680 - INFO - ✅ Tela carregada!
2025-11-05 11:27:48,145 - INFO - ⌛ Aguardando janela de confirmação de desbloqueio...
2025-11-05 11:28:08,205 - INFO - 🟨 Registros desbloqueados com sucesso
2025-11-05 11:28:53,861 - INFO - 🟨 OS programadas detectadas
2025-11-05 11:29:04,032 - INFO - ⌛ Aguardando janela de edição de OS...
2025-11-05 11:29:24,135 - INFO - 🟨 Janela de edição de OS detectada
2025-11-05 11:29:59,506 - INFO - 🟨 Janela de edição de habilidade da turma detectada
2025-11-05 11:31:05,844 - INFO - ⌛ Aguardando detecção do campo de caracteristica 'EQUIPE PRÓPRIA OU EPS' ...
2025-11-05 11:31:26,023 - INFO - ⌛ Aguardando detecção do campo de caracteristica 'EQUIPE PRÓPRIA OU EPS' ...
2025-11-05 11:31:46,178 - INFO - ⌛ Aguardando detecção do campo de caracteristica 'EQUIPE PRÓPRIA OU EPS' ...
2025-11-05 11:32:06,334 - INFO - 🟨 campo de caracteristica 'EQUIPE PRÓPRIA OU EPS detectado
2025-11-05 11:32:47,090 - INFO - ⌛ Aguardando confirmação 4 - editar OS...
2025-11-05 11:33:07,168 - INFO - ⌛ Aguardando confirmação 4 - editar OS...
2025-11-05 11:33:27,217 - INFO - ⌛ Aguardando confirmação 4 - editar OS...
2025-11-05 11:33:47,283 - INFO - ⌛ Aguardando confirmação 4 - editar OS...
2025-11-05 11:34:43,024 - INFO - ⌛ Aguardando janela de confirmação de programação de OS...
2025-11-05 11:35:03,086 - INFO - 🟨 Janela de confirmação de programação de OS detectada
2025-11-05 11:35:13,431 - INFO - 🟨 Janela de aviso de edição de OS programadas detectada
2025-11-05 11:35:33,710 - INFO - ⌛ aguardando janela de programação de lote de OS...
2025-11-05 11:35:53,869 - INFO - 🟨 Janela de aviso de substituição de lote de OS detectada
2025-11-05 11:36:24,143 - INFO - ⌛ aguardando janela de programação de lote de OS...
2025-11-05 11:36:44,293 - INFO - ⌛ aguardando janela de programação de lote de OS...
2025-11-05 11:37:04,447 - INFO - ⌛ aguardando janela de programação de lote de OS...
2025-11-05 11:37:24,599 - INFO - 🟨 Janela de programação de lote de OS detectada
2025-11-05 11:38:41,046 - INFO - ⌛ aguardando janela de confirmação de programação de lote de OS...
2025-11-05 11:39:01,118 - INFO - 🟨 Janela de confirmação de programação de lote de OS detectada
2025-11-05 11:39:26,399 - INFO - ⌛ aguardando confirmação final de programação do lote
2025-11-05 11:39:46,644 - INFO - ⌛ aguardando confirmação final de programação do lote
2025-11-05 11:40:06,865 - INFO - 🟨 programação do lote 19 efetuado com sucesso
2025-11-05 11:40:57,022 - INFO - 
=== Iniciando lote 20/42 [LM] ===
2025-11-05 11:41:03,372 - INFO - Janela de seleção aberta
2025-11-05 11:41:18,617 - INFO - DEBUG: idx=19, inicio=950, fim=1000
2025-11-05 11:41:18,617 - INFO - ✅ 50 OS copiadas para a área de transferência.
2025-11-05 11:41:18,617 - INFO - 📋 Lote 20 copiado.
2025-11-05 11:41:42,959 - INFO - ⌛ Esperando mudança visual...
2025-11-05 11:41:43,968 - INFO - ⌛ Esperando mudança visual...
2025-11-05 11:41:44,987 - INFO - ⌛ Esperando mudança visual...
2025-11-05 11:41:46,007 - INFO - ⌛ Esperando mudança visual...
2025-11-05 11:41:47,026 - INFO - ⌛ Esperando mudança visual...
2025-11-05 11:41:48,039 - INFO - ⌛ Esperando mudança visual...
2025-11-05 11:41:49,048 - INFO - ⌛ Esperando mudança visual...
2025-11-05 11:41:50,076 - INFO - ⌛ Esperando mudança visual...
2025-11-05 11:41:51,082 - INFO - ⌛ Esperando mudança visual...
2025-11-05 11:41:52,110 - INFO - ⌛ Esperando mudança visual...
2025-11-05 11:41:53,126 - INFO - ⌛ Esperando mudança visual...
2025-11-05 11:41:54,144 - INFO - ⌛ Esperando mudança visual...
2025-11-05 11:41:55,162 - INFO - ⌛ Esperando mudança visual...
2025-11-05 11:41:56,174 - INFO - ⌛ Esperando mudança visual...
2025-11-05 11:41:57,190 - INFO - ✅ Tela carregada!
2025-11-05 11:42:15,670 - INFO - ⌛ Aguardando janela de confirmação de desbloqueio...
2025-11-05 11:42:35,718 - INFO - ⌛ Aguardando janela de confirmação de desbloqueio...
2025-11-05 11:42:55,760 - INFO - 🟨 Registros desbloqueados com sucesso
2025-11-05 11:43:41,318 - INFO - ⌛ Aguardando janela de edição de OS...
2025-11-05 11:44:01,417 - INFO - 🟨 OS programadas detectadas
2025-11-05 11:44:11,585 - INFO - ⌛ Aguardando janela de edição de OS...
2025-11-05 11:44:31,677 - INFO - 🟨 Janela de edição de OS detectada
2025-11-05 11:45:07,056 - INFO - 🟨 Janela de edição de habilidade da turma detectada
2025-11-05 11:46:13,381 - INFO - ⌛ Aguardando detecção do campo de caracteristica 'EQUIPE PRÓPRIA OU EPS' ...
2025-11-05 11:46:33,522 - INFO - ⌛ Aguardando detecção do campo de caracteristica 'EQUIPE PRÓPRIA OU EPS' ...
2025-11-05 11:46:53,681 - INFO - ⌛ Aguardando detecção do campo de caracteristica 'EQUIPE PRÓPRIA OU EPS' ...
2025-11-05 11:47:13,827 - INFO - 🟨 campo de caracteristica 'EQUIPE PRÓPRIA OU EPS detectado
2025-11-05 11:47:54,563 - INFO - ⌛ Aguardando confirmação 4 - editar OS...
2025-11-05 11:48:14,626 - INFO - ⌛ Aguardando confirmação 4 - editar OS...
2025-11-05 11:48:34,680 - INFO - ⌛ Aguardando confirmação 4 - editar OS...
2025-11-05 11:48:54,751 - INFO - ⌛ Aguardando confirmação 4 - editar OS...
2025-11-05 11:49:50,446 - INFO - ⌛ Aguardando janela de confirmação de programação de OS...
2025-11-05 11:50:10,488 - INFO - 🟨 Janela de confirmação de programação de OS detectada
2025-11-05 11:50:20,795 - INFO - ⌛ aguardando janela de programação de lote de OS...
2025-11-05 11:50:40,942 - INFO - 🟨 Janela de aviso de edição de OS programadas detectada
2025-11-05 11:51:01,201 - INFO - ⌛ aguardando janela de programação de lote de OS...
2025-11-05 11:51:21,358 - INFO - 🟨 Janela de aviso de substituição de lote de OS detectada
2025-11-05 11:51:51,631 - INFO - ⌛ aguardando janela de programação de lote de OS...
2025-11-05 11:52:11,778 - INFO - ⌛ aguardando janela de programação de lote de OS...
2025-11-05 11:52:31,934 - INFO - ⌛ aguardando janela de programação de lote de OS...
2025-11-05 11:52:52,079 - INFO - 🟨 Janela de programação de lote de OS detectada
2025-11-05 11:54:08,499 - INFO - ⌛ aguardando janela de confirmação de programação de lote de OS...
2025-11-05 11:54:28,562 - INFO - 🟨 Janela de confirmação de programação de lote de OS detectada
2025-11-05 11:54:53,821 - INFO - ⌛ aguardando confirmação final de programação do lote
2025-11-05 11:55:14,092 - INFO - 🟨 programação do lote 20 efetuado com sucesso
2025-11-05 11:56:04,249 - INFO - 
=== Iniciando lote 21/42 [LM] ===
2025-11-05 11:56:10,609 - INFO - Janela de seleção aberta
2025-11-05 11:56:25,841 - INFO - DEBUG: idx=20, inicio=1000, fim=1050
2025-11-05 11:56:25,841 - INFO - ✅ 50 OS copiadas para a área de transferência.
2025-11-05 11:56:25,841 - INFO - 📋 Lote 21 copiado.
2025-11-05 11:56:50,154 - INFO - ⌛ Esperando mudança visual...
2025-11-05 11:56:51,184 - INFO - ⌛ Esperando mudança visual...
2025-11-05 11:56:52,192 - INFO - ⌛ Esperando mudança visual...
2025-11-05 11:56:53,219 - INFO - ⌛ Esperando mudança visual...
2025-11-05 11:56:54,232 - INFO - ⌛ Esperando mudança visual...
2025-11-05 11:56:55,251 - INFO - ⌛ Esperando mudança visual...
2025-11-05 11:56:56,268 - INFO - ⌛ Esperando mudança visual...
2025-11-05 11:56:57,284 - INFO - ⌛ Esperando mudança visual...
2025-11-05 11:56:58,289 - INFO - ⌛ Esperando mudança visual...
2025-11-05 11:56:59,309 - INFO - ⌛ Esperando mudança visual...
2025-11-05 11:57:00,332 - INFO - ⌛ Esperando mudança visual...
2025-11-05 11:57:01,351 - INFO - ⌛ Esperando mudança visual...
2025-11-05 11:57:02,362 - INFO - ⌛ Esperando mudança visual...
2025-11-05 11:57:03,377 - INFO - ⌛ Esperando mudança visual...
2025-11-05 11:57:04,396 - INFO - ✅ Tela carregada!
2025-11-05 11:57:22,858 - INFO - ⌛ Aguardando janela de confirmação de desbloqueio...
2025-11-05 11:57:42,928 - INFO - ⌛ Aguardando janela de confirmação de desbloqueio...
2025-11-05 11:58:02,992 - INFO - 🟨 Registros desbloqueados com sucesso
2025-11-05 11:58:48,572 - INFO - ⌛ Aguardando janela de edição de OS...
2025-11-05 11:59:08,679 - INFO - 🟨 OS programadas detectadas
2025-11-05 11:59:18,849 - INFO - ⌛ Aguardando janela de edição de OS...
2025-11-05 11:59:38,969 - INFO - 🟨 Janela de edição de OS detectada
2025-11-05 12:00:14,328 - INFO - 🟨 Janela de edição de habilidade da turma detectada
2025-11-05 12:01:20,678 - INFO - ⌛ Aguardando detecção do campo de caracteristica 'EQUIPE PRÓPRIA OU EPS' ...
2025-11-05 12:01:40,823 - INFO - ⌛ Aguardando detecção do campo de caracteristica 'EQUIPE PRÓPRIA OU EPS' ...
2025-11-05 12:02:00,971 - INFO - ⌛ Aguardando detecção do campo de caracteristica 'EQUIPE PRÓPRIA OU EPS' ...
2025-11-05 12:02:21,109 - INFO - 🟨 campo de caracteristica 'EQUIPE PRÓPRIA OU EPS detectado
2025-11-05 12:03:01,845 - INFO - ⌛ Aguardando confirmação 4 - editar OS...
2025-11-05 12:03:21,898 - INFO - ⌛ Aguardando confirmação 4 - editar OS...
2025-11-05 12:03:41,952 - INFO - ⌛ Aguardando confirmação 4 - editar OS...
2025-11-05 12:04:02,022 - INFO - ⌛ Aguardando confirmação 4 - editar OS...
2025-11-05 12:04:57,720 - INFO - ⌛ Aguardando janela de confirmação de programação de OS...
2025-11-05 12:05:17,792 - INFO - 🟨 Janela de confirmação de programação de OS detectada
2025-11-05 12:05:28,122 - INFO - 🟨 Janela de aviso de edição de OS programadas detectada
2025-11-05 12:05:48,399 - INFO - ⌛ aguardando janela de programação de lote de OS...
2025-11-05 12:06:08,573 - INFO - 🟨 Janela de aviso de substituição de lote de OS detectada
2025-11-05 12:06:38,850 - INFO - ⌛ aguardando janela de programação de lote de OS...
2025-11-05 12:06:59,030 - INFO - ⌛ aguardando janela de programação de lote de OS...
2025-11-05 12:07:19,182 - INFO - ⌛ aguardando janela de programação de lote de OS...
2025-11-05 12:07:39,350 - INFO - 🟨 Janela de programação de lote de OS detectada
2025-11-05 12:08:55,797 - INFO - ⌛ aguardando janela de confirmação de programação de lote de OS...
2025-11-05 12:09:15,874 - INFO - 🟨 Janela de confirmação de programação de lote de OS detectada
2025-11-05 12:09:41,163 - INFO - ⌛ aguardando confirmação final de programação do lote
2025-11-05 12:10:01,408 - INFO - ⌛ aguardando confirmação final de programação do lote
2025-11-05 12:10:21,642 - INFO - ⌛ aguardando confirmação final de programação do lote
2025-11-05 12:10:41,884 - INFO - 🟨 programação do lote 21 efetuado com sucesso
2025-11-05 12:11:32,060 - INFO - 
=== Iniciando lote 22/42 [LM] ===
2025-11-05 12:11:38,429 - INFO - Janela de seleção aberta
2025-11-05 12:11:53,670 - INFO - DEBUG: idx=21, inicio=1050, fim=1100
2025-11-05 12:11:53,670 - INFO - ✅ 50 OS copiadas para a área de transferência.
2025-11-05 12:11:53,670 - INFO - 📋 Lote 22 copiado.
2025-11-05 12:12:18,009 - INFO - ⌛ Esperando mudança visual...
2025-11-05 12:12:19,023 - INFO - ⌛ Esperando mudança visual...
2025-11-05 12:12:20,039 - INFO - ⌛ Esperando mudança visual...
2025-11-05 12:12:21,059 - INFO - ⌛ Esperando mudança visual...
2025-11-05 12:12:22,070 - INFO - ⌛ Esperando mudança visual...
2025-11-05 12:12:23,092 - INFO - ⌛ Esperando mudança visual...
2025-11-05 12:12:24,101 - INFO - ⌛ Esperando mudança visual...
2025-11-05 12:12:25,124 - INFO - ⌛ Esperando mudança visual...
2025-11-05 12:12:26,132 - INFO - ⌛ Esperando mudança visual...
2025-11-05 12:12:27,160 - INFO - ⌛ Esperando mudança visual...
2025-11-05 12:12:28,170 - INFO - ⌛ Esperando mudança visual...
2025-11-05 12:12:29,185 - INFO - ⌛ Esperando mudança visual...
2025-11-05 12:12:30,198 - INFO - ⌛ Esperando mudança visual...
2025-11-05 12:12:31,229 - INFO - ⌛ Esperando mudança visual...
2025-11-05 12:12:32,245 - INFO - ✅ Tela carregada!
2025-11-05 12:12:50,706 - INFO - ⌛ Aguardando janela de confirmação de desbloqueio...
2025-11-05 12:13:10,770 - INFO - ⌛ Aguardando janela de confirmação de desbloqueio...
2025-11-05 12:13:30,834 - INFO - 🟨 Registros desbloqueados com sucesso
2025-11-05 12:14:16,433 - INFO - 🟨 OS programadas detectadas
2025-11-05 12:14:26,609 - INFO - ⌛ Aguardando janela de edição de OS...
2025-11-05 12:14:46,717 - INFO - 🟨 Janela de edição de OS detectada
2025-11-05 12:15:22,121 - INFO - 🟨 Janela de edição de habilidade da turma detectada
2025-11-05 12:16:28,459 - INFO - ⌛ Aguardando detecção do campo de caracteristica 'EQUIPE PRÓPRIA OU EPS' ...
2025-11-05 12:16:48,615 - INFO - ⌛ Aguardando detecção do campo de caracteristica 'EQUIPE PRÓPRIA OU EPS' ...
2025-11-05 12:17:08,766 - INFO - ⌛ Aguardando detecção do campo de caracteristica 'EQUIPE PRÓPRIA OU EPS' ...
2025-11-05 12:17:28,908 - INFO - 🟨 campo de caracteristica 'EQUIPE PRÓPRIA OU EPS detectado
2025-11-05 12:18:09,659 - INFO - ⌛ Aguardando confirmação 4 - editar OS...
2025-11-05 12:18:29,715 - INFO - ⌛ Aguardando confirmação 4 - editar OS...
2025-11-05 12:18:49,792 - INFO - ⌛ Aguardando confirmação 4 - editar OS...
2025-11-05 12:19:45,492 - INFO - ⌛ Aguardando janela de confirmação de programação de OS...
2025-11-05 12:20:05,554 - INFO - 🟨 Janela de confirmação de programação de OS detectada
2025-11-05 12:20:15,901 - INFO - 🟨 Janela de aviso de edição de OS programadas detectada
2025-11-05 12:20:36,175 - INFO - ⌛ aguardando janela de programação de lote de OS...
2025-11-05 12:20:56,350 - INFO - 🟨 Janela de aviso de substituição de lote de OS detectada
2025-11-05 12:21:26,616 - INFO - ⌛ aguardando janela de programação de lote de OS...
2025-11-05 12:21:46,757 - INFO - ⌛ aguardando janela de programação de lote de OS...
2025-11-05 12:22:06,909 - INFO - 🟨 Janela de programação de lote de OS detectada
2025-11-05 12:23:23,365 - INFO - ⌛ aguardando janela de confirmação de programação de lote de OS...
2025-11-05 12:23:43,410 - INFO - 🟨 Janela de confirmação de programação de lote de OS detectada
2025-11-05 12:24:08,693 - INFO - ⌛ aguardando confirmação final de programação do lote
2025-11-05 12:24:28,935 - INFO - 🟨 programação do lote 22 efetuado com sucesso
2025-11-05 12:25:19,087 - INFO - 
=== Iniciando lote 23/42 [LM] ===
2025-11-05 12:25:25,457 - INFO - Janela de seleção aberta
2025-11-05 12:25:40,693 - INFO - DEBUG: idx=22, inicio=1100, fim=1150
2025-11-05 12:25:40,693 - INFO - ✅ 50 OS copiadas para a área de transferência.
2025-11-05 12:25:40,693 - INFO - 📋 Lote 23 copiado.
2025-11-05 12:26:05,021 - INFO - ⌛ Esperando mudança visual...
2025-11-05 12:26:06,030 - INFO - ⌛ Esperando mudança visual...
2025-11-05 12:26:07,059 - INFO - ⌛ Esperando mudança visual...
2025-11-05 12:26:08,061 - INFO - ⌛ Esperando mudança visual...
2025-11-05 12:26:09,078 - INFO - ⌛ Esperando mudança visual...
2025-11-05 12:26:10,107 - INFO - ⌛ Esperando mudança visual...
2025-11-05 12:26:11,124 - INFO - ⌛ Esperando mudança visual...
2025-11-05 12:26:12,141 - INFO - ⌛ Esperando mudança visual...
2025-11-05 12:26:13,156 - INFO - ⌛ Esperando mudança visual...
2025-11-05 12:26:14,174 - INFO - ⌛ Esperando mudança visual...
2025-11-05 12:26:15,189 - INFO - ⌛ Esperando mudança visual...
2025-11-05 12:26:16,202 - INFO - ✅ Tela carregada!
2025-11-05 12:26:34,677 - INFO - ⌛ Aguardando janela de confirmação de desbloqueio...
2025-11-05 12:26:54,747 - INFO - 🟨 Registros desbloqueados com sucesso
2025-11-05 12:27:40,326 - INFO - 🟨 OS programadas detectadas
2025-11-05 12:27:50,486 - INFO - ⌛ Aguardando janela de edição de OS...
2025-11-05 12:28:10,598 - INFO - 🟨 Janela de edição de OS detectada
2025-11-05 12:28:45,979 - INFO - 🟨 Janela de edição de habilidade da turma detectada
2025-11-05 12:29:52,295 - INFO - ⌛ Aguardando detecção do campo de caracteristica 'EQUIPE PRÓPRIA OU EPS' ...
2025-11-05 12:30:12,453 - INFO - ⌛ Aguardando detecção do campo de caracteristica 'EQUIPE PRÓPRIA OU EPS' ...
2025-11-05 12:30:32,601 - INFO - ⌛ Aguardando detecção do campo de caracteristica 'EQUIPE PRÓPRIA OU EPS' ...
2025-11-05 12:30:52,756 - INFO - 🟨 campo de caracteristica 'EQUIPE PRÓPRIA OU EPS detectado
2025-11-05 12:31:33,487 - INFO - ⌛ Aguardando confirmação 4 - editar OS...
2025-11-05 12:31:53,543 - INFO - ⌛ Aguardando confirmação 4 - editar OS...
2025-11-05 12:32:13,587 - INFO - ⌛ Aguardando confirmação 4 - editar OS...
2025-11-05 12:32:33,641 - INFO - ⌛ Aguardando confirmação 4 - editar OS...
2025-11-05 12:33:29,321 - INFO - ⌛ Aguardando janela de confirmação de programação de OS...
2025-11-05 12:33:49,376 - INFO - 🟨 Janela de confirmação de programação de OS detectada
2025-11-05 12:33:59,715 - INFO - 🟨 Janela de aviso de edição de OS programadas detectada
2025-11-05 12:34:20,000 - INFO - ⌛ aguardando janela de programação de lote de OS...
2025-11-05 12:34:40,161 - INFO - 🟨 Janela de aviso de substituição de lote de OS detectada
2025-11-05 12:35:10,434 - INFO - ⌛ aguardando janela de programação de lote de OS...
2025-11-05 12:35:30,595 - INFO - ⌛ aguardando janela de programação de lote de OS...
2025-11-05 12:35:50,734 - INFO - 🟨 Janela de programação de lote de OS detectada
2025-11-05 12:37:07,173 - INFO - ⌛ aguardando janela de confirmação de programação de lote de OS...
2025-11-05 12:37:27,239 - INFO - 🟨 Janela de confirmação de programação de lote de OS detectada
2025-11-05 12:37:52,509 - INFO - ⌛ aguardando confirmação final de programação do lote
2025-11-05 12:38:12,717 - INFO - 🟨 programação do lote 23 efetuado com sucesso
2025-11-05 12:39:02,878 - INFO - 
=== Iniciando lote 24/42 [LM] ===
2025-11-05 12:39:09,250 - INFO - Janela de seleção aberta
2025-11-05 12:39:24,486 - INFO - DEBUG: idx=23, inicio=1150, fim=1200
2025-11-05 12:39:24,486 - INFO - ✅ 50 OS copiadas para a área de transferência.
2025-11-05 12:39:24,486 - INFO - 📋 Lote 24 copiado.
2025-11-05 12:39:48,815 - INFO - ⌛ Esperando mudança visual...
2025-11-05 12:39:49,820 - INFO - ⌛ Esperando mudança visual...
2025-11-05 12:39:50,851 - INFO - ⌛ Esperando mudança visual...
2025-11-05 12:39:51,868 - INFO - ⌛ Esperando mudança visual...
2025-11-05 12:39:52,884 - INFO - ⌛ Esperando mudança visual...
2025-11-05 12:39:53,901 - INFO - ⌛ Esperando mudança visual...
2025-11-05 12:39:54,915 - INFO - ⌛ Esperando mudança visual...
2025-11-05 12:39:55,927 - INFO - ⌛ Esperando mudança visual...
2025-11-05 12:39:56,952 - INFO - ⌛ Esperando mudança visual...
2025-11-05 12:39:57,964 - INFO - ⌛ Esperando mudança visual...
2025-11-05 12:39:58,981 - INFO - ⌛ Esperando mudança visual...
2025-11-05 12:39:59,994 - INFO - ✅ Tela carregada!
2025-11-05 12:40:18,448 - INFO - ⌛ Aguardando janela de confirmação de desbloqueio...
2025-11-05 12:40:38,513 - INFO - ⌛ Aguardando janela de confirmação de desbloqueio...
2025-11-05 12:40:58,555 - INFO - 🟨 Registros desbloqueados com sucesso
2025-11-05 12:41:44,134 - INFO - 🟨 OS programadas detectadas
2025-11-05 12:41:54,292 - INFO - ⌛ Aguardando janela de edição de OS...
2025-11-05 12:42:14,390 - INFO - 🟨 Janela de edição de OS detectada
2025-11-05 12:42:49,742 - INFO - 🟨 Janela de edição de habilidade da turma detectada
2025-11-05 12:43:56,062 - INFO - ⌛ Aguardando detecção do campo de caracteristica 'EQUIPE PRÓPRIA OU EPS' ...
2025-11-05 12:44:16,215 - INFO - ⌛ Aguardando detecção do campo de caracteristica 'EQUIPE PRÓPRIA OU EPS' ...
2025-11-05 12:44:36,372 - INFO - ⌛ Aguardando detecção do campo de caracteristica 'EQUIPE PRÓPRIA OU EPS' ...
2025-11-05 12:44:56,524 - INFO - 🟨 campo de caracteristica 'EQUIPE PRÓPRIA OU EPS detectado
2025-11-05 12:45:37,248 - INFO - ⌛ Aguardando confirmação 4 - editar OS...
2025-11-05 12:45:57,296 - INFO - ⌛ Aguardando confirmação 4 - editar OS...
2025-11-05 12:46:17,353 - INFO - ⌛ Aguardando confirmação 4 - editar OS...
2025-11-05 12:47:13,028 - INFO - ⌛ Aguardando janela de confirmação de programação de OS...
2025-11-05 12:47:33,129 - INFO - 🟨 Janela de confirmação de programação de OS detectada
2025-11-05 12:47:43,468 - INFO - 🟨 Janela de aviso de edição de OS programadas detectada
2025-11-05 12:48:03,748 - INFO - ⌛ aguardando janela de programação de lote de OS...
2025-11-05 12:48:23,893 - INFO - 🟨 Janela de aviso de substituição de lote de OS detectada
2025-11-05 12:48:54,173 - INFO - ⌛ aguardando janela de programação de lote de OS...
2025-11-05 12:49:14,319 - INFO - ⌛ aguardando janela de programação de lote de OS...
2025-11-05 12:49:34,467 - INFO - 🟨 Janela de programação de lote de OS detectada
2025-11-05 12:50:50,910 - INFO - ⌛ aguardando janela de confirmação de programação de lote de OS...
2025-11-05 12:51:10,960 - INFO - 🟨 Janela de confirmação de programação de lote de OS detectada
2025-11-05 12:51:36,288 - INFO - ⌛ aguardando confirmação final de programação do lote
2025-11-05 12:51:56,501 - INFO - 🟨 programação do lote 24 efetuado com sucesso
2025-11-05 12:52:46,665 - INFO - 
=== Iniciando lote 25/42 [LM] ===
2025-11-05 12:52:53,007 - INFO - Janela de seleção aberta
2025-11-05 12:53:08,254 - INFO - DEBUG: idx=24, inicio=1200, fim=1250
2025-11-05 12:53:08,254 - INFO - ✅ 50 OS copiadas para a área de transferência.
2025-11-05 12:53:08,254 - INFO - 📋 Lote 25 copiado.
2025-11-05 12:53:32,596 - INFO - ⌛ Esperando mudança visual...
2025-11-05 12:53:33,611 - INFO - ⌛ Esperando mudança visual...
2025-11-05 12:53:34,629 - INFO - ⌛ Esperando mudança visual...
2025-11-05 12:53:35,636 - INFO - ⌛ Esperando mudança visual...
2025-11-05 12:53:36,661 - INFO - ⌛ Esperando mudança visual...
2025-11-05 12:53:37,679 - INFO - ⌛ Esperando mudança visual...
2025-11-05 12:53:38,686 - INFO - ⌛ Esperando mudança visual...
2025-11-05 12:53:39,704 - INFO - ⌛ Esperando mudança visual...
2025-11-05 12:53:40,722 - INFO - ⌛ Esperando mudança visual...
2025-11-05 12:53:41,740 - INFO - ⌛ Esperando mudança visual...
2025-11-05 12:53:42,763 - INFO - ⌛ Esperando mudança visual...
2025-11-05 12:53:43,782 - INFO - ✅ Tela carregada!
2025-11-05 12:54:02,246 - INFO - ⌛ Aguardando janela de confirmação de desbloqueio...
2025-11-05 12:54:22,294 - INFO - 🟨 Registros desbloqueados com sucesso
2025-11-05 12:55:07,864 - INFO - 🟨 OS programadas detectadas
2025-11-05 12:55:18,024 - INFO - ⌛ Aguardando janela de edição de OS...
2025-11-05 12:55:38,118 - INFO - 🟨 Janela de edição de OS detectada
2025-11-05 12:56:13,482 - INFO - 🟨 Janela de edição de habilidade da turma detectada
2025-11-05 12:57:19,791 - INFO - ⌛ Aguardando detecção do campo de caracteristica 'EQUIPE PRÓPRIA OU EPS' ...
2025-11-05 12:57:39,935 - INFO - ⌛ Aguardando detecção do campo de caracteristica 'EQUIPE PRÓPRIA OU EPS' ...
2025-11-05 12:58:00,106 - INFO - ⌛ Aguardando detecção do campo de caracteristica 'EQUIPE PRÓPRIA OU EPS' ...
2025-11-05 12:58:20,267 - INFO - 🟨 campo de caracteristica 'EQUIPE PRÓPRIA OU EPS detectado
2025-11-05 12:59:00,997 - INFO - ⌛ Aguardando confirmação 4 - editar OS...
2025-11-05 12:59:21,057 - INFO - ⌛ Aguardando confirmação 4 - editar OS...
2025-11-05 12:59:41,112 - INFO - ⌛ Aguardando confirmação 4 - editar OS...
2025-11-05 13:00:36,818 - INFO - ⌛ Aguardando janela de confirmação de programação de OS...
2025-11-05 13:00:56,887 - INFO - 🟨 Janela de confirmação de programação de OS detectada
2025-11-05 13:01:07,234 - INFO - 🟨 Janela de aviso de edição de OS programadas detectada
2025-11-05 13:01:27,507 - INFO - ⌛ aguardando janela de programação de lote de OS...
2025-11-05 13:01:47,670 - INFO - 🟨 Janela de aviso de substituição de lote de OS detectada
2025-11-05 13:02:17,954 - INFO - ⌛ aguardando janela de programação de lote de OS...
2025-11-05 13:02:38,121 - INFO - ⌛ aguardando janela de programação de lote de OS...
2025-11-05 13:02:58,304 - INFO - 🟨 Janela de programação de lote de OS detectada
2025-11-05 13:04:14,721 - INFO - ⌛ aguardando janela de confirmação de programação de lote de OS...
2025-11-05 13:04:34,770 - INFO - 🟨 Janela de confirmação de programação de lote de OS detectada
2025-11-05 13:05:00,038 - INFO - ⌛ aguardando confirmação final de programação do lote
2025-11-05 13:05:20,245 - INFO - 🟨 programação do lote 25 efetuado com sucesso
2025-11-05 13:06:10,399 - INFO - 
=== Iniciando lote 26/42 [LM] ===
2025-11-05 13:06:16,752 - INFO - Janela de seleção aberta
2025-11-05 13:06:31,996 - INFO - DEBUG: idx=25, inicio=1250, fim=1300
2025-11-05 13:06:31,996 - INFO - ✅ 50 OS copiadas para a área de transferência.
2025-11-05 13:06:31,996 - INFO - 📋 Lote 26 copiado.
2025-11-05 13:06:56,313 - INFO - ⌛ Esperando mudança visual...
2025-11-05 13:06:57,330 - INFO - ⌛ Esperando mudança visual...
2025-11-05 13:06:58,355 - INFO - ⌛ Esperando mudança visual...
2025-11-05 13:06:59,367 - INFO - ⌛ Esperando mudança visual...
2025-11-05 13:07:00,388 - INFO - ⌛ Esperando mudança visual...
2025-11-05 13:07:01,405 - INFO - ⌛ Esperando mudança visual...
2025-11-05 13:07:02,410 - INFO - ⌛ Esperando mudança visual...
2025-11-05 13:07:03,440 - INFO - ⌛ Esperando mudança visual...
2025-11-05 13:07:04,457 - INFO - ⌛ Esperando mudança visual...
2025-11-05 13:07:05,473 - INFO - ⌛ Esperando mudança visual...
2025-11-05 13:07:06,490 - INFO - ⌛ Esperando mudança visual...
2025-11-05 13:07:07,503 - INFO - ✅ Tela carregada!
2025-11-05 13:07:25,973 - INFO - ⌛ Aguardando janela de confirmação de desbloqueio...
2025-11-05 13:07:46,026 - INFO - ⌛ Aguardando janela de confirmação de desbloqueio...
2025-11-05 13:08:06,076 - INFO - 🟨 Registros desbloqueados com sucesso
2025-11-05 13:08:51,645 - INFO - ⌛ Aguardando janela de edição de OS...
2025-11-05 13:09:11,730 - INFO - 🟨 OS programadas detectadas
2025-11-05 13:09:21,897 - INFO - ⌛ Aguardando janela de edição de OS...
2025-11-05 13:09:41,987 - INFO - 🟨 Janela de edição de OS detectada
2025-11-05 13:10:17,354 - INFO - 🟨 Janela de edição de habilidade da turma detectada
2025-11-05 13:11:23,676 - INFO - ⌛ Aguardando detecção do campo de caracteristica 'EQUIPE PRÓPRIA OU EPS' ...
2025-11-05 13:11:43,818 - INFO - ⌛ Aguardando detecção do campo de caracteristica 'EQUIPE PRÓPRIA OU EPS' ...
2025-11-05 13:12:03,994 - INFO - ⌛ Aguardando detecção do campo de caracteristica 'EQUIPE PRÓPRIA OU EPS' ...
2025-11-05 13:12:24,145 - INFO - 🟨 campo de caracteristica 'EQUIPE PRÓPRIA OU EPS detectado
2025-11-05 13:13:04,873 - INFO - ⌛ Aguardando confirmação 4 - editar OS...
2025-11-05 13:13:24,927 - INFO - ⌛ Aguardando confirmação 4 - editar OS...
2025-11-05 13:13:44,979 - INFO - ⌛ Aguardando confirmação 4 - editar OS...
2025-11-05 13:14:40,691 - INFO - ⌛ Aguardando janela de confirmação de programação de OS...
2025-11-05 13:15:00,750 - INFO - 🟨 Janela de confirmação de programação de OS detectada
2025-11-05 13:15:11,075 - INFO - 🟨 Janela de aviso de edição de OS programadas detectada
2025-11-05 13:15:31,369 - INFO - ⌛ aguardando janela de programação de lote de OS...
2025-11-05 13:15:51,560 - INFO - 🟨 Janela de aviso de substituição de lote de OS detectada
2025-11-05 13:16:21,847 - INFO - ⌛ aguardando janela de programação de lote de OS...
2025-11-05 13:16:42,014 - INFO - ⌛ aguardando janela de programação de lote de OS...
2025-11-05 13:17:02,193 - INFO - 🟨 Janela de programação de lote de OS detectada
2025-11-05 13:18:18,648 - INFO - ⌛ aguardando janela de confirmação de programação de lote de OS...
2025-11-05 13:18:38,710 - INFO - 🟨 Janela de confirmação de programação de lote de OS detectada
2025-11-05 13:19:04,012 - INFO - ⌛ aguardando confirmação final de programação do lote
2025-11-05 13:19:24,244 - INFO - 🟨 programação do lote 26 efetuado com sucesso
2025-11-05 13:20:14,394 - INFO - 
=== Iniciando lote 27/42 [LM] ===
2025-11-05 13:20:20,755 - INFO - Janela de seleção aberta
2025-11-05 13:20:35,990 - INFO - DEBUG: idx=26, inicio=1300, fim=1350
2025-11-05 13:20:35,990 - INFO - ✅ 50 OS copiadas para a área de transferência.
2025-11-05 13:20:35,990 - INFO - 📋 Lote 27 copiado.
2025-11-05 13:21:00,322 - INFO - ⌛ Esperando mudança visual...
2025-11-05 13:21:01,350 - INFO - ⌛ Esperando mudança visual...
2025-11-05 13:21:02,363 - INFO - ⌛ Esperando mudança visual...
2025-11-05 13:21:03,374 - INFO - ⌛ Esperando mudança visual...
2025-11-05 13:21:04,393 - INFO - ⌛ Esperando mudança visual...
2025-11-05 13:21:05,412 - INFO - ⌛ Esperando mudança visual...
2025-11-05 13:21:06,423 - INFO - ⌛ Esperando mudança visual...
2025-11-05 13:21:07,442 - INFO - ⌛ Esperando mudança visual...
2025-11-05 13:21:08,467 - INFO - ⌛ Esperando mudança visual...
2025-11-05 13:21:09,472 - INFO - ⌛ Esperando mudança visual...
2025-11-05 13:21:10,487 - INFO - ⌛ Esperando mudança visual...
2025-11-05 13:21:11,506 - INFO - ⌛ Esperando mudança visual...
2025-11-05 13:21:12,533 - INFO - ⌛ Esperando mudança visual...
2025-11-05 13:21:13,539 - INFO - ⌛ Esperando mudança visual...
2025-11-05 13:21:14,567 - INFO - ✅ Tela carregada!
2025-11-05 13:21:33,041 - INFO - ⌛ Aguardando janela de confirmação de desbloqueio...
2025-11-05 13:21:53,082 - INFO - 🟨 Registros desbloqueados com sucesso
2025-11-05 13:22:38,659 - INFO - 🟨 OS programadas detectadas
2025-11-05 13:22:48,808 - INFO - ⌛ Aguardando janela de edição de OS...
2025-11-05 13:23:08,912 - INFO - 🟨 Janela de edição de OS detectada
2025-11-05 13:23:44,311 - INFO - 🟨 Janela de edição de habilidade da turma detectada
2025-11-05 13:24:50,651 - INFO - ⌛ Aguardando detecção do campo de caracteristica 'EQUIPE PRÓPRIA OU EPS' ...
2025-11-05 13:25:10,798 - INFO - ⌛ Aguardando detecção do campo de caracteristica 'EQUIPE PRÓPRIA OU EPS' ...
2025-11-05 13:25:30,956 - INFO - ⌛ Aguardando detecção do campo de caracteristica 'EQUIPE PRÓPRIA OU EPS' ...
2025-11-05 13:25:51,098 - INFO - 🟨 campo de caracteristica 'EQUIPE PRÓPRIA OU EPS detectado
2025-11-05 13:26:31,844 - INFO - ⌛ Aguardando confirmação 4 - editar OS...
2025-11-05 13:26:51,907 - INFO - ⌛ Aguardando confirmação 4 - editar OS...
2025-11-05 13:27:11,980 - INFO - ⌛ Aguardando confirmação 4 - editar OS...
2025-11-05 13:27:32,041 - INFO - ⌛ Aguardando confirmação 4 - editar OS...
2025-11-05 13:28:27,748 - INFO - ⌛ Aguardando janela de confirmação de programação de OS...
2025-11-05 13:28:47,807 - INFO - 🟨 Janela de confirmação de programação de OS detectada
2025-11-05 13:28:58,147 - INFO - 🟨 Janela de aviso de edição de OS programadas detectada
2025-11-05 13:29:18,448 - INFO - ⌛ aguardando janela de programação de lote de OS...
2025-11-05 13:29:38,609 - INFO - 🟨 Janela de aviso de substituição de lote de OS detectada
2025-11-05 13:30:08,899 - INFO - ⌛ aguardando janela de programação de lote de OS...
2025-11-05 13:30:29,066 - INFO - ⌛ aguardando janela de programação de lote de OS...
2025-11-05 13:30:49,240 - INFO - 🟨 Janela de programação de lote de OS detectada
2025-11-05 13:32:05,685 - INFO - ⌛ aguardando janela de confirmação de programação de lote de OS...
2025-11-05 13:32:25,738 - INFO - 🟨 Janela de confirmação de programação de lote de OS detectada
2025-11-05 13:32:50,998 - INFO - ⌛ aguardando confirmação final de programação do lote
2025-11-05 13:33:11,202 - INFO - 🟨 programação do lote 27 efetuado com sucesso
2025-11-05 13:34:01,357 - INFO - 
=== Iniciando lote 28/42 [LM] ===
2025-11-05 13:34:07,770 - INFO - Janela de seleção aberta
2025-11-05 16:23:06,110 - INFO - Data hoje: 05/11/2025
2025-11-05 16:23:06,110 - INFO - Data de referência (5 dias atrás): 31/10/2025
2025-11-05 16:23:24,740 - INFO - 
Qtde LINHA VIVA: 3078
2025-11-05 16:23:24,741 - INFO - Qtde LINHA MORTA/PESADA/FAIXA: 2126
2025-11-05 16:23:26,634 - INFO - 
Arquivo gerado: C:\Users\U469784\venvs\py311\bot_programacao\pendentes_20251105.xlsx
2025-11-05 16:23:27,311 - INFO - 
 Qtd de lotes de LM: 43
2025-11-05 16:23:27,311 - INFO - 
 Qtd de lotes de LV: 62
2025-11-05 16:23:27,311 - INFO - 
=== Iniciando lote 28/43 [LM] ===
2025-11-05 16:23:33,854 - INFO - ⌛ Aguardando janela de seleção...
2025-11-05 16:23:53,991 - INFO - Janela de seleção aberta
2025-11-05 16:24:09,321 - INFO - DEBUG: idx=27, inicio=1350, fim=1400
2025-11-05 16:24:09,321 - INFO - ✅ 50 OS copiadas para a área de transferência.
2025-11-05 16:24:09,321 - INFO - 📋 Lote 28 copiado.
2025-11-05 16:24:33,654 - INFO - ⌛ Esperando mudança visual...
2025-11-05 16:24:34,672 - INFO - ⌛ Esperando mudança visual...
2025-11-05 16:24:35,679 - INFO - ⌛ Esperando mudança visual...
2025-11-05 16:24:36,701 - INFO - ✅ Tela carregada!
2025-11-05 16:24:55,299 - INFO - ⌛ Aguardando janela de confirmação de desbloqueio...
2025-11-05 16:25:15,356 - INFO - ⌛ Aguardando janela de confirmação de desbloqueio...
2025-11-05 16:25:35,424 - INFO - 🟨 Registros desbloqueados com sucesso
2025-11-05 16:26:20,991 - INFO - 🟨 OS programadas detectadas
2025-11-05 16:26:31,144 - INFO - ⌛ Aguardando janela de edição de OS...
2025-11-05 16:26:51,244 - INFO - 🟨 Janela de edição de OS detectada
2025-11-05 16:27:26,652 - INFO - 🟨 Janela de edição de habilidade da turma detectada
2025-11-05 16:28:32,977 - INFO - ⌛ Aguardando detecção do campo de caracteristica 'EQUIPE PRÓPRIA OU EPS' ...
2025-11-05 16:28:53,143 - INFO - ⌛ Aguardando detecção do campo de caracteristica 'EQUIPE PRÓPRIA OU EPS' ...
2025-11-05 16:29:13,287 - INFO - ⌛ Aguardando detecção do campo de caracteristica 'EQUIPE PRÓPRIA OU EPS' ...
2025-11-05 16:29:33,441 - INFO - 🟨 campo de caracteristica 'EQUIPE PRÓPRIA OU EPS detectado
2025-11-05 16:30:14,183 - INFO - ⌛ Aguardando confirmação 4 - editar OS...
2025-11-05 16:30:34,229 - INFO - ⌛ Aguardando confirmação 4 - editar OS...
2025-11-05 16:30:54,303 - INFO - ⌛ Aguardando confirmação 4 - editar OS...
2025-11-05 16:31:14,345 - INFO - ⌛ Aguardando confirmação 4 - editar OS...
2025-11-05 16:32:10,055 - INFO - ⌛ Aguardando janela de confirmação de programação de OS...
2025-11-05 16:32:30,123 - INFO - 🟨 Janela de confirmação de programação de OS detectada
2025-11-05 16:32:40,467 - INFO - 🟨 Janela de aviso de edição de OS programadas detectada
2025-11-05 16:33:00,747 - INFO - ⌛ aguardando janela de programação de lote de OS...
2025-11-05 16:33:20,911 - INFO - 🟨 Janela de aviso de substituição de lote de OS detectada
2025-11-05 16:33:51,193 - INFO - ⌛ aguardando janela de programação de lote de OS...
2025-11-05 16:34:11,367 - INFO - ⌛ aguardando janela de programação de lote de OS...
2025-11-05 16:34:31,535 - INFO - 🟨 Janela de programação de lote de OS detectada
2025-11-05 16:35:47,978 - INFO - ⌛ aguardando janela de confirmação de programação de lote de OS...
2025-11-05 16:36:08,040 - INFO - 🟨 Janela de confirmação de programação de lote de OS detectada
2025-11-05 16:36:33,348 - INFO - ⌛ aguardando confirmação final de programação do lote
2025-11-05 16:36:53,623 - INFO - 🟨 programação do lote 28 efetuado com sucesso
2025-11-05 16:37:43,790 - INFO - 
=== Iniciando lote 29/43 [LM] ===
2025-11-05 16:37:50,153 - INFO - Janela de seleção aberta
2025-11-05 16:38:05,373 - INFO - DEBUG: idx=28, inicio=1400, fim=1450
2025-11-05 16:38:05,373 - INFO - ✅ 50 OS copiadas para a área de transferência.
2025-11-05 16:38:05,373 - INFO - 📋 Lote 29 copiado.
2025-11-05 16:38:29,724 - INFO - ⌛ Esperando mudança visual...
2025-11-05 16:38:30,740 - INFO - ⌛ Esperando mudança visual...
2025-11-05 16:38:31,758 - INFO - ⌛ Esperando mudança visual...
2025-11-05 16:38:32,777 - INFO - ⌛ Esperando mudança visual...
2025-11-05 16:38:33,778 - INFO - ⌛ Esperando mudança visual...
2025-11-05 16:38:34,807 - INFO - ⌛ Esperando mudança visual...
2025-11-05 16:38:35,811 - INFO - ⌛ Esperando mudança visual...
2025-11-05 16:38:36,838 - INFO - ⌛ Esperando mudança visual...
2025-11-05 16:38:37,857 - INFO - ⌛ Esperando mudança visual...
2025-11-05 16:38:38,874 - INFO - ⌛ Esperando mudança visual...
2025-11-05 16:38:39,890 - INFO - ⌛ Esperando mudança visual...
2025-11-05 16:38:40,906 - INFO - ⌛ Esperando mudança visual...
2025-11-05 16:38:41,923 - INFO - ⌛ Esperando mudança visual...
2025-11-05 16:38:42,940 - INFO - ⌛ Esperando mudança visual...
2025-11-05 16:38:43,957 - INFO - ⌛ Esperando mudança visual...
2025-11-05 16:38:44,964 - INFO - ⌛ Esperando mudança visual...
2025-11-05 16:38:45,977 - INFO - ⌛ Esperando mudança visual...
2025-11-05 16:38:47,007 - INFO - ⌛ Esperando mudança visual...
2025-11-05 16:38:48,012 - INFO - ⌛ Esperando mudança visual...
2025-11-05 16:38:49,033 - INFO - ⌛ Esperando mudança visual...
2025-11-05 16:38:50,043 - INFO - ⌛ Esperando mudança visual...
2025-11-05 16:38:51,067 - INFO - ⌛ Esperando mudança visual...
2025-11-05 16:38:52,091 - INFO - ⌛ Esperando mudança visual...
2025-11-05 16:38:53,104 - INFO - ⌛ Esperando mudança visual...
2025-11-05 16:38:54,120 - INFO - ⌛ Esperando mudança visual...
2025-11-05 16:38:55,138 - INFO - ✅ Tela carregada!
2025-11-05 16:39:13,602 - INFO - ⌛ Aguardando janela de confirmação de desbloqueio...
2025-11-05 16:39:33,664 - INFO - 🟨 Registros desbloqueados com sucesso
2025-11-05 16:40:19,244 - INFO - 🟨 OS programadas detectadas
2025-11-05 16:40:29,402 - INFO - ⌛ Aguardando janela de edição de OS...
2025-11-05 16:40:49,506 - INFO - 🟨 Janela de edição de OS detectada
2025-11-05 16:41:24,868 - INFO - 🟨 Janela de edição de habilidade da turma detectada
2025-11-05 16:42:31,184 - INFO - ⌛ Aguardando detecção do campo de caracteristica 'EQUIPE PRÓPRIA OU EPS' ...
2025-11-05 16:42:51,344 - INFO - ⌛ Aguardando detecção do campo de caracteristica 'EQUIPE PRÓPRIA OU EPS' ...
2025-11-05 16:43:11,482 - INFO - ⌛ Aguardando detecção do campo de caracteristica 'EQUIPE PRÓPRIA OU EPS' ...
2025-11-05 16:43:31,644 - INFO - 🟨 campo de caracteristica 'EQUIPE PRÓPRIA OU EPS detectado
2025-11-05 16:44:12,356 - INFO - ⌛ Aguardando confirmação 4 - editar OS...
2025-11-05 16:44:32,411 - INFO - ⌛ Aguardando confirmação 4 - editar OS...
2025-11-05 16:44:52,469 - INFO - ⌛ Aguardando confirmação 4 - editar OS...
2025-11-05 16:45:12,526 - INFO - ⌛ Aguardando confirmação 4 - editar OS...
2025-11-05 16:46:08,238 - INFO - ⌛ Aguardando janela de confirmação de programação de OS...
2025-11-05 16:46:28,309 - INFO - 🟨 Janela de confirmação de programação de OS detectada
2025-11-05 16:46:38,679 - INFO - 🟨 Janela de aviso de edição de OS programadas detectada
2025-11-05 16:46:58,955 - INFO - ⌛ aguardando janela de programação de lote de OS...
2025-11-05 16:47:19,119 - INFO - 🟨 Janela de aviso de substituição de lote de OS detectada
2025-11-05 16:47:49,399 - INFO - ⌛ aguardando janela de programação de lote de OS...
2025-11-05 16:48:09,558 - INFO - ⌛ aguardando janela de programação de lote de OS...
2025-11-05 16:48:29,731 - INFO - 🟨 Janela de programação de lote de OS detectada
2025-11-05 16:49:46,159 - INFO - ⌛ aguardando janela de confirmação de programação de lote de OS...
2025-11-05 16:50:06,227 - INFO - 🟨 Janela de confirmação de programação de lote de OS detectada
2025-11-05 16:50:31,501 - INFO - ⌛ aguardando confirmação final de programação do lote
2025-11-05 16:50:51,748 - INFO - 🟨 programação do lote 29 efetuado com sucesso
2025-11-05 16:51:41,917 - INFO - 
=== Iniciando lote 30/43 [LM] ===
2025-11-05 16:51:48,291 - INFO - Janela de seleção aberta
2025-11-05 16:52:03,526 - INFO - DEBUG: idx=29, inicio=1450, fim=1500
2025-11-05 16:52:03,526 - INFO - ✅ 50 OS copiadas para a área de transferência.
2025-11-05 16:52:03,526 - INFO - 📋 Lote 30 copiado.
2025-11-05 16:52:27,872 - INFO - ⌛ Esperando mudança visual...
2025-11-05 16:52:28,874 - INFO - ⌛ Esperando mudança visual...
2025-11-05 16:52:29,904 - INFO - ⌛ Esperando mudança visual...
2025-11-05 16:52:30,920 - INFO - ⌛ Esperando mudança visual...
2025-11-05 16:52:31,933 - INFO - ⌛ Esperando mudança visual...
2025-11-05 16:52:32,951 - INFO - ⌛ Esperando mudança visual...
2025-11-05 16:52:33,969 - INFO - ⌛ Esperando mudança visual...
2025-11-05 16:52:34,987 - INFO - ⌛ Esperando mudança visual...
2025-11-05 16:52:36,003 - INFO - ⌛ Esperando mudança visual...
2025-11-05 16:52:37,017 - INFO - ⌛ Esperando mudança visual...
2025-11-05 16:52:38,037 - INFO - ⌛ Esperando mudança visual...
2025-11-05 16:52:39,053 - INFO - ⌛ Esperando mudança visual...
2025-11-05 16:52:40,060 - INFO - ⌛ Esperando mudança visual...
2025-11-05 16:52:41,084 - INFO - ⌛ Esperando mudança visual...
2025-11-05 16:52:42,091 - INFO - ⌛ Esperando mudança visual...
2025-11-05 16:52:43,114 - INFO - ⌛ Esperando mudança visual...
2025-11-05 16:52:44,137 - INFO - ⌛ Esperando mudança visual...
2025-11-05 16:52:45,156 - INFO - ⌛ Esperando mudança visual...
2025-11-05 16:52:46,170 - INFO - ⌛ Esperando mudança visual...
2025-11-05 16:52:47,187 - INFO - ⌛ Esperando mudança visual...
2025-11-05 16:52:48,199 - INFO - ⌛ Esperando mudança visual...
2025-11-05 16:52:49,215 - INFO - ⌛ Esperando mudança visual...
2025-11-05 16:52:50,235 - INFO - ⌛ Esperando mudança visual...
2025-11-05 16:52:51,253 - INFO - ⌛ Esperando mudança visual...
2025-11-05 16:52:52,269 - INFO - ⌛ Esperando mudança visual...
2025-11-05 16:52:53,283 - INFO - ⌛ Esperando mudança visual...
2025-11-05 16:52:54,296 - INFO - ✅ Tela carregada!
2025-11-05 16:53:12,769 - INFO - ⌛ Aguardando janela de confirmação de desbloqueio...
2025-11-05 16:53:32,829 - INFO - ⌛ Aguardando janela de confirmação de desbloqueio...
2025-11-05 16:53:52,868 - INFO - 🟨 Registros desbloqueados com sucesso
2025-11-05 16:54:38,482 - INFO - ⌛ Aguardando janela de edição de OS...
2025-11-05 16:54:58,596 - INFO - 🟨 OS programadas detectadas
2025-11-05 16:55:08,750 - INFO - ⌛ Aguardando janela de edição de OS...
2025-11-05 16:55:28,861 - INFO - 🟨 Janela de edição de OS detectada
2025-11-05 16:56:04,222 - INFO - 🟨 Janela de edição de habilidade da turma detectada
2025-11-05 16:57:10,545 - INFO - ⌛ Aguardando detecção do campo de caracteristica 'EQUIPE PRÓPRIA OU EPS' ...
2025-11-05 16:57:30,702 - INFO - ⌛ Aguardando detecção do campo de caracteristica 'EQUIPE PRÓPRIA OU EPS' ...
2025-11-05 16:57:50,875 - INFO - ⌛ Aguardando detecção do campo de caracteristica 'EQUIPE PRÓPRIA OU EPS' ...
2025-11-05 16:58:11,042 - INFO - 🟨 campo de caracteristica 'EQUIPE PRÓPRIA OU EPS detectado
2025-11-05 16:58:51,795 - INFO - ⌛ Aguardando confirmação 4 - editar OS...
2025-11-05 16:59:11,847 - INFO - ⌛ Aguardando confirmação 4 - editar OS...
2025-11-05 16:59:31,920 - INFO - ⌛ Aguardando confirmação 4 - editar OS...
2025-11-05 16:59:51,980 - INFO - ⌛ Aguardando confirmação 4 - editar OS...
2025-11-05 17:00:47,682 - INFO - ⌛ Aguardando janela de confirmação de programação de OS...
2025-11-05 17:01:07,742 - INFO - 🟨 Janela de confirmação de programação de OS detectada
2025-11-05 17:01:18,047 - INFO - 🟨 Janela de aviso de edição de OS programadas detectada
2025-11-05 17:01:38,335 - INFO - ⌛ aguardando janela de programação de lote de OS...
2025-11-05 17:01:58,482 - INFO - 🟨 Janela de aviso de substituição de lote de OS detectada
2025-11-05 17:02:28,747 - INFO - ⌛ aguardando janela de programação de lote de OS...
2025-11-05 17:02:48,891 - INFO - ⌛ aguardando janela de programação de lote de OS...
2025-11-05 17:03:09,032 - INFO - 🟨 Janela de programação de lote de OS detectada
2025-11-05 17:04:25,465 - INFO - ⌛ aguardando janela de confirmação de programação de lote de OS...
2025-11-05 17:04:45,533 - INFO - 🟨 Janela de confirmação de programação de lote de OS detectada
2025-11-05 17:05:10,792 - INFO - ⌛ aguardando confirmação final de programação do lote
2025-11-05 17:05:30,992 - INFO - ⌛ aguardando confirmação final de programação do lote
2025-11-05 17:05:51,179 - INFO - 🟨 programação do lote 30 efetuado com sucesso
2025-11-05 17:06:41,351 - INFO - 
=== Iniciando lote 31/43 [LM] ===
2025-11-05 17:06:47,728 - INFO - Janela de seleção aberta
2025-11-05 17:07:02,964 - INFO - DEBUG: idx=30, inicio=1500, fim=1550
2025-11-05 17:07:02,964 - INFO - ✅ 50 OS copiadas para a área de transferência.
2025-11-05 17:07:02,964 - INFO - 📋 Lote 31 copiado.
2025-11-05 17:07:27,298 - INFO - ⌛ Esperando mudança visual...
2025-11-05 17:07:28,307 - INFO - ⌛ Esperando mudança visual...
2025-11-05 17:07:29,326 - INFO - ⌛ Esperando mudança visual...
2025-11-05 17:07:30,352 - INFO - ⌛ Esperando mudança visual...
2025-11-05 17:07:31,370 - INFO - ⌛ Esperando mudança visual...
2025-11-05 17:07:32,386 - INFO - ⌛ Esperando mudança visual...
2025-11-05 17:07:33,402 - INFO - ⌛ Esperando mudança visual...
2025-11-05 17:07:34,421 - INFO - ⌛ Esperando mudança visual...
2025-11-05 17:07:35,431 - INFO - ⌛ Esperando mudança visual...
2025-11-05 17:07:36,452 - INFO - ⌛ Esperando mudança visual...
2025-11-05 17:07:37,464 - INFO - ⌛ Esperando mudança visual...
2025-11-05 17:07:38,480 - INFO - ⌛ Esperando mudança visual...
2025-11-05 17:07:39,496 - INFO - ⌛ Esperando mudança visual...
2025-11-05 17:07:40,518 - INFO - ⌛ Esperando mudança visual...
2025-11-05 17:07:41,525 - INFO - ⌛ Esperando mudança visual...
2025-11-05 17:07:42,540 - INFO - ⌛ Esperando mudança visual...
2025-11-05 17:07:43,567 - INFO - ⌛ Esperando mudança visual...
2025-11-05 17:07:44,585 - INFO - ⌛ Esperando mudança visual...
2025-11-05 17:07:45,588 - INFO - ⌛ Esperando mudança visual...
2025-11-05 17:07:46,608 - INFO - ⌛ Esperando mudança visual...
2025-11-05 17:07:47,631 - INFO - ⌛ Esperando mudança visual...
2025-11-05 17:07:48,653 - INFO - ⌛ Esperando mudança visual...
2025-11-05 17:07:49,671 - INFO - ⌛ Esperando mudança visual...
2025-11-05 17:07:50,688 - INFO - ⌛ Esperando mudança visual...
2025-11-05 17:07:51,702 - INFO - ⌛ Esperando mudança visual...
2025-11-05 17:07:52,716 - INFO - ✅ Tela carregada!
2025-11-05 17:08:11,180 - INFO - ⌛ Aguardando janela de confirmação de desbloqueio...
2025-11-05 17:08:31,253 - INFO - ⌛ Aguardando janela de confirmação de desbloqueio...
2025-11-05 17:08:51,314 - INFO - 🟨 Registros desbloqueados com sucesso
2025-11-05 17:09:36,901 - INFO - ⌛ Aguardando janela de edição de OS...
2025-11-05 17:09:57,017 - INFO - 🟨 OS programadas detectadas
2025-11-05 17:10:07,199 - INFO - ⌛ Aguardando janela de edição de OS...
2025-11-05 17:10:27,300 - INFO - 🟨 Janela de edição de OS detectada
2025-11-05 17:11:02,694 - INFO - 🟨 Janela de edição de habilidade da turma detectada
2025-11-05 17:12:09,006 - INFO - ⌛ Aguardando detecção do campo de caracteristica 'EQUIPE PRÓPRIA OU EPS' ...
2025-11-05 17:12:29,159 - INFO - ⌛ Aguardando detecção do campo de caracteristica 'EQUIPE PRÓPRIA OU EPS' ...
2025-11-05 17:12:49,304 - INFO - ⌛ Aguardando detecção do campo de caracteristica 'EQUIPE PRÓPRIA OU EPS' ...
2025-11-05 17:13:09,449 - INFO - 🟨 campo de caracteristica 'EQUIPE PRÓPRIA OU EPS detectado
2025-11-05 17:13:50,194 - INFO - ⌛ Aguardando confirmação 4 - editar OS...
2025-11-05 17:14:10,244 - INFO - ⌛ Aguardando confirmação 4 - editar OS...
2025-11-05 17:14:30,291 - INFO - ⌛ Aguardando confirmação 4 - editar OS...
2025-11-05 17:14:50,348 - INFO - ⌛ Aguardando confirmação 4 - editar OS...
2025-11-05 17:15:10,401 - INFO - ⌛ Aguardando confirmação 4 - editar OS...
2025-11-05 17:16:06,110 - INFO - ⌛ Aguardando janela de confirmação de programação de OS...
2025-11-05 17:16:26,157 - INFO - 🟨 Janela de confirmação de programação de OS detectada
2025-11-05 17:16:36,504 - INFO - 🟨 Janela de aviso de edição de OS programadas detectada
2025-11-05 17:16:56,779 - INFO - ⌛ aguardando janela de programação de lote de OS...
2025-11-05 17:17:16,920 - INFO - 🟨 Janela de aviso de substituição de lote de OS detectada
2025-11-05 17:17:47,182 - INFO - ⌛ aguardando janela de programação de lote de OS...
2025-11-05 17:18:07,349 - INFO - ⌛ aguardando janela de programação de lote de OS...
2025-11-05 17:18:27,529 - INFO - 🟨 Janela de programação de lote de OS detectada
2025-11-05 17:19:43,988 - INFO - ⌛ aguardando janela de confirmação de programação de lote de OS...
2025-11-05 17:20:04,055 - INFO - 🟨 Janela de confirmação de programação de lote de OS detectada
2025-11-05 17:20:29,297 - INFO - ⌛ aguardando confirmação final de programação do lote
2025-11-05 17:20:49,506 - INFO - 🟨 programação do lote 31 efetuado com sucesso
2025-11-05 17:21:39,662 - INFO - 
=== Iniciando lote 32/43 [LM] ===
2025-11-05 17:21:46,025 - INFO - Janela de seleção aberta
2025-11-05 17:22:01,248 - INFO - DEBUG: idx=31, inicio=1550, fim=1600
2025-11-05 17:22:01,248 - INFO - ✅ 50 OS copiadas para a área de transferência.
2025-11-05 17:22:01,248 - INFO - 📋 Lote 32 copiado.
2025-11-05 17:22:25,584 - INFO - ⌛ Esperando mudança visual...
2025-11-05 17:22:26,594 - INFO - ⌛ Esperando mudança visual...
2025-11-05 17:22:27,604 - INFO - ⌛ Esperando mudança visual...
2025-11-05 17:22:28,635 - INFO - ⌛ Esperando mudança visual...
2025-11-05 17:22:29,640 - INFO - ⌛ Esperando mudança visual...
2025-11-05 17:22:30,665 - INFO - ⌛ Esperando mudança visual...
2025-11-05 17:22:31,673 - INFO - ⌛ Esperando mudança visual...
2025-11-05 17:22:32,695 - INFO - ⌛ Esperando mudança visual...
2025-11-05 17:22:33,720 - INFO - ⌛ Esperando mudança visual...
2025-11-05 17:22:34,736 - INFO - ⌛ Esperando mudança visual...
2025-11-05 17:22:35,753 - INFO - ⌛ Esperando mudança visual...
2025-11-05 17:22:36,755 - INFO - ⌛ Esperando mudança visual...
2025-11-05 17:22:37,787 - INFO - ⌛ Esperando mudança visual...
2025-11-05 17:22:38,798 - INFO - ⌛ Esperando mudança visual...
2025-11-05 17:22:39,812 - INFO - ⌛ Esperando mudança visual...
2025-11-05 17:22:40,834 - INFO - ⌛ Esperando mudança visual...
2025-11-05 17:22:41,851 - INFO - ⌛ Esperando mudança visual...
2025-11-05 17:22:42,857 - INFO - ⌛ Esperando mudança visual...
2025-11-05 17:22:43,885 - INFO - ⌛ Esperando mudança visual...
2025-11-05 17:22:44,893 - INFO - ⌛ Esperando mudança visual...
2025-11-05 17:22:45,914 - INFO - ⌛ Esperando mudança visual...
2025-11-05 17:22:46,922 - INFO - ⌛ Esperando mudança visual...
2025-11-05 17:22:47,954 - INFO - ⌛ Esperando mudança visual...
2025-11-05 17:22:48,968 - INFO - ⌛ Esperando mudança visual...
2025-11-05 17:22:49,988 - INFO - ⌛ Esperando mudança visual...
2025-11-05 17:22:51,001 - INFO - ⌛ Esperando mudança visual...
2025-11-05 17:22:52,021 - INFO - ✅ Tela carregada!
2025-11-05 17:23:10,492 - INFO - ⌛ Aguardando janela de confirmação de desbloqueio...
2025-11-05 17:23:30,559 - INFO - ⌛ Aguardando janela de confirmação de desbloqueio...
2025-11-05 17:23:50,617 - INFO - 🟨 Registros desbloqueados com sucesso
2025-11-05 17:24:36,216 - INFO - ⌛ Aguardando janela de edição de OS...
2025-11-05 17:24:56,328 - INFO - 🟨 OS programadas detectadas
2025-11-05 17:25:06,485 - INFO - ⌛ Aguardando janela de edição de OS...
2025-11-05 17:25:26,585 - INFO - 🟨 Janela de edição de OS detectada
2025-11-05 17:26:01,963 - INFO - 🟨 Janela de edição de habilidade da turma detectada
2025-11-05 17:27:08,290 - INFO - ⌛ Aguardando detecção do campo de caracteristica 'EQUIPE PRÓPRIA OU EPS' ...
2025-11-05 17:27:28,442 - INFO - ⌛ Aguardando detecção do campo de caracteristica 'EQUIPE PRÓPRIA OU EPS' ...
2025-11-05 17:27:48,585 - INFO - ⌛ Aguardando detecção do campo de caracteristica 'EQUIPE PRÓPRIA OU EPS' ...
2025-11-05 17:28:08,747 - INFO - 🟨 campo de caracteristica 'EQUIPE PRÓPRIA OU EPS detectado
2025-11-05 17:28:49,493 - INFO - ⌛ Aguardando confirmação 4 - editar OS...
2025-11-05 17:29:09,565 - INFO - ⌛ Aguardando confirmação 4 - editar OS...
2025-11-05 17:29:29,616 - INFO - ⌛ Aguardando confirmação 4 - editar OS...
2025-11-05 17:29:49,668 - INFO - ⌛ Aguardando confirmação 4 - editar OS...
2025-11-05 17:30:45,359 - INFO - ⌛ Aguardando janela de confirmação de programação de OS...
2025-11-05 17:31:05,404 - INFO - 🟨 Janela de confirmação de programação de OS detectada
2025-11-05 17:31:15,717 - INFO - ⌛ aguardando janela de programação de lote de OS...
2025-11-05 17:31:35,865 - INFO - 🟨 Janela de aviso de edição de OS programadas detectada
2025-11-05 17:31:56,137 - INFO - ⌛ aguardando janela de programação de lote de OS...
2025-11-05 17:32:16,280 - INFO - 🟨 Janela de aviso de substituição de lote de OS detectada
2025-11-05 17:32:46,550 - INFO - ⌛ aguardando janela de programação de lote de OS...
2025-11-05 17:33:06,694 - INFO - ⌛ aguardando janela de programação de lote de OS...
2025-11-05 17:33:26,840 - INFO - ⌛ aguardando janela de programação de lote de OS...
2025-11-05 17:33:46,980 - INFO - ⌛ aguardando janela de programação de lote de OS...
2025-11-05 17:34:07,132 - INFO - ⌛ aguardando janela de programação de lote de OS...
2025-11-05 17:34:27,276 - INFO - ⌛ aguardando janela de programação de lote de OS...
2025-11-05 17:34:47,434 - INFO - ⌛ aguardando janela de programação de lote de OS...
2025-11-05 17:35:07,585 - INFO - ⌛ aguardando janela de programação de lote de OS...
2025-11-05 17:35:27,738 - INFO - ⌛ aguardando janela de programação de lote de OS...
2025-11-05 17:35:47,878 - INFO - ⌛ aguardando janela de programação de lote de OS...
2025-11-05 17:36:08,039 - INFO - ⌛ aguardando janela de programação de lote de OS...
2025-11-05 17:36:28,181 - INFO - ⌛ aguardando janela de programação de lote de OS...
2025-11-05 17:36:48,351 - INFO - ⌛ aguardando janela de programação de lote de OS...
2025-11-05 17:37:08,546 - INFO - ⌛ aguardando janela de programação de lote de OS...
2025-11-05 17:37:28,750 - INFO - ⌛ aguardando janela de programação de lote de OS...
2025-11-05 17:37:48,947 - INFO - ⌛ aguardando janela de programação de lote de OS...
2025-11-05 17:38:09,128 - INFO - ⌛ aguardando janela de programação de lote de OS...
2025-11-05 17:38:29,342 - INFO - ⌛ aguardando janela de programação de lote de OS...
2025-11-05 17:38:49,535 - INFO - 🟨 Janela de programação de lote de OS detectada
2025-11-05 17:40:06,002 - INFO - ⌛ aguardando janela de confirmação de programação de lote de OS...
2025-11-05 17:40:26,052 - INFO - 🟨 Janela de confirmação de programação de lote de OS detectada
2025-11-05 17:40:51,295 - INFO - ⌛ aguardando confirmação final de programação do lote
2025-11-05 17:41:11,512 - INFO - ⌛ aguardando confirmação final de programação do lote
2025-11-05 17:41:31,724 - INFO - ⌛ aguardando confirmação final de programação do lote
2025-11-05 17:41:51,969 - INFO - 🟨 programação do lote 32 efetuado com sucesso
2025-11-05 17:42:42,140 - INFO - 
=== Iniciando lote 33/43 [LM] ===
2025-11-05 17:42:48,504 - INFO - Janela de seleção aberta
2025-11-05 17:43:03,764 - INFO - DEBUG: idx=32, inicio=1600, fim=1650
2025-11-05 17:43:03,764 - INFO - ✅ 50 OS copiadas para a área de transferência.
2025-11-05 17:43:03,764 - INFO - 📋 Lote 33 copiado.
2025-11-05 17:43:28,101 - INFO - ⌛ Esperando mudança visual...
2025-11-05 17:43:29,111 - INFO - ⌛ Esperando mudança visual...
2025-11-05 17:43:30,138 - INFO - ⌛ Esperando mudança visual...
2025-11-05 17:43:31,155 - INFO - ⌛ Esperando mudança visual...
2025-11-05 17:43:32,160 - INFO - ⌛ Esperando mudança visual...
2025-11-05 17:43:33,190 - INFO - ⌛ Esperando mudança visual...
2025-11-05 17:43:34,192 - INFO - ⌛ Esperando mudança visual...
2025-11-05 17:43:35,218 - INFO - ⌛ Esperando mudança visual...
2025-11-05 17:43:36,234 - INFO - ⌛ Esperando mudança visual...
2025-11-05 17:43:37,256 - INFO - ⌛ Esperando mudança visual...
2025-11-05 17:43:38,271 - INFO - ⌛ Esperando mudança visual...
2025-11-05 17:43:39,287 - INFO - ⌛ Esperando mudança visual...
2025-11-05 17:43:40,305 - INFO - ⌛ Esperando mudança visual...
2025-11-05 17:43:41,317 - INFO - ✅ Tela carregada!
2025-11-05 17:43:59,792 - INFO - ⌛ Aguardando janela de confirmação de desbloqueio...
2025-11-05 17:44:19,838 - INFO - 🟨 Registros desbloqueados com sucesso
2025-11-05 17:45:05,408 - INFO - 🟨 OS programadas detectadas
2025-11-05 17:45:15,570 - INFO - ⌛ Aguardando janela de edição de OS...
2025-11-05 17:45:35,672 - INFO - 🟨 Janela de edição de OS detectada
2025-11-05 17:46:11,066 - INFO - 🟨 Janela de edição de habilidade da turma detectada
2025-11-05 17:47:17,387 - INFO - ⌛ Aguardando detecção do campo de caracteristica 'EQUIPE PRÓPRIA OU EPS' ...
2025-11-05 17:47:37,542 - INFO - ⌛ Aguardando detecção do campo de caracteristica 'EQUIPE PRÓPRIA OU EPS' ...
2025-11-05 17:47:57,680 - INFO - ⌛ Aguardando detecção do campo de caracteristica 'EQUIPE PRÓPRIA OU EPS' ...
2025-11-05 17:48:17,843 - INFO - 🟨 campo de caracteristica 'EQUIPE PRÓPRIA OU EPS detectado
2025-11-05 17:48:58,600 - INFO - ⌛ Aguardando confirmação 4 - editar OS...
2025-11-05 17:49:18,673 - INFO - ⌛ Aguardando confirmação 4 - editar OS...
2025-11-05 17:49:38,710 - INFO - ⌛ Aguardando confirmação 4 - editar OS...
2025-11-05 17:49:58,756 - INFO - ⌛ Aguardando confirmação 4 - editar OS...
2025-11-05 17:50:18,826 - INFO - ⌛ Aguardando confirmação 4 - editar OS...
2025-11-05 17:50:38,861 - INFO - ⌛ Aguardando confirmação 4 - editar OS...
2025-11-05 17:50:58,923 - INFO - ⌛ Aguardando confirmação 4 - editar OS...
2025-11-05 17:51:18,962 - INFO - ⌛ Aguardando confirmação 4 - editar OS...
2025-11-05 17:51:39,008 - INFO - ⌛ Aguardando confirmação 4 - editar OS...
2025-11-05 17:51:59,074 - INFO - ⌛ Aguardando confirmação 4 - editar OS...
2025-11-05 17:52:19,135 - INFO - ⌛ Aguardando confirmação 4 - editar OS...
2025-11-05 17:52:39,181 - INFO - ⌛ Aguardando confirmação 4 - editar OS...
2025-11-05 17:52:59,234 - INFO - ⌛ Aguardando confirmação 4 - editar OS...
2025-11-05 17:53:19,417 - INFO - ⌛ Aguardando confirmação 4 - editar OS...
2025-11-05 17:53:39,590 - INFO - ⌛ Aguardando confirmação 4 - editar OS...
2025-11-05 17:53:59,749 - INFO - ⌛ Aguardando confirmação 4 - editar OS...
2025-11-05 17:54:19,912 - INFO - ⌛ Aguardando confirmação 4 - editar OS...
2025-11-05 17:54:40,088 - INFO - ⌛ Aguardando confirmação 4 - editar OS...
2025-11-05 17:55:00,258 - INFO - ⌛ Aguardando confirmação 4 - editar OS...
2025-11-05 17:55:20,423 - INFO - ⌛ Aguardando confirmação 4 - editar OS...
2025-11-05 17:55:40,579 - INFO - ⌛ Aguardando confirmação 4 - editar OS...
2025-11-05 17:56:00,731 - INFO - ⌛ Aguardando confirmação 4 - editar OS...
2025-11-05 17:56:56,835 - INFO - ⌛ Aguardando janela de confirmação de programação de OS...
2025-11-05 17:57:17,010 - INFO - 🟨 Janela de confirmação de programação de OS detectada
2025-11-05 17:57:27,816 - INFO - ⌛ aguardando janela de programação de lote de OS...
2025-11-05 17:57:48,313 - INFO - 🟨 Janela de aviso de edição de OS programadas detectada
2025-11-05 17:58:08,689 - INFO - ⌛ aguardando janela de programação de lote de OS...
2025-11-05 17:58:29,158 - INFO - 🟨 Janela de aviso de substituição de lote de OS detectada
2025-11-05 17:58:59,527 - INFO - ⌛ aguardando janela de programação de lote de OS...
2025-11-05 17:59:19,990 - INFO - ⌛ aguardando janela de programação de lote de OS...
2025-11-05 17:59:40,414 - INFO - ⌛ aguardando janela de programação de lote de OS...
2025-11-05 18:00:00,849 - INFO - ⌛ aguardando janela de programação de lote de OS...
2025-11-05 18:00:21,277 - INFO - 🟨 Janela de programação de lote de OS detectada
2025-11-05 18:01:37,865 - INFO - ⌛ aguardando janela de confirmação de programação de lote de OS...
2025-11-05 18:01:58,043 - INFO - 🟨 Janela de confirmação de programação de lote de OS detectada
2025-11-05 18:02:23,624 - INFO - ⌛ aguardando confirmação final de programação do lote
2025-11-05 18:02:44,039 - INFO - 🟨 programação do lote 33 efetuado com sucesso
2025-11-05 18:03:34,308 - INFO - 
=== Iniciando lote 34/43 [LM] ===
2025-11-05 18:03:40,792 - INFO - Janela de seleção aberta
2025-11-05 18:03:56,113 - INFO - DEBUG: idx=33, inicio=1650, fim=1700
2025-11-05 18:03:56,113 - INFO - ✅ 50 OS copiadas para a área de transferência.
2025-11-05 18:03:56,113 - INFO - 📋 Lote 34 copiado.
2025-11-05 18:04:20,457 - INFO - ⌛ Esperando mudança visual...
2025-11-05 18:04:21,475 - INFO - ⌛ Esperando mudança visual...
2025-11-05 18:04:22,489 - INFO - ⌛ Esperando mudança visual...
2025-11-05 18:04:23,502 - INFO - ⌛ Esperando mudança visual...
2025-11-05 18:04:24,516 - INFO - ⌛ Esperando mudança visual...
2025-11-05 18:04:25,529 - INFO - ⌛ Esperando mudança visual...
2025-11-05 18:04:26,541 - INFO - ⌛ Esperando mudança visual...
2025-11-05 18:04:27,566 - INFO - ⌛ Esperando mudança visual...
2025-11-05 18:04:28,580 - INFO - ⌛ Esperando mudança visual...
2025-11-05 18:04:29,590 - INFO - ⌛ Esperando mudança visual...
2025-11-05 18:04:30,614 - INFO - ⌛ Esperando mudança visual...
2025-11-05 18:04:31,625 - INFO - ⌛ Esperando mudança visual...
2025-11-05 18:04:32,645 - INFO - ⌛ Esperando mudança visual...
2025-11-05 18:04:33,665 - INFO - ⌛ Esperando mudança visual...
2025-11-05 18:04:34,677 - INFO - ⌛ Esperando mudança visual...
2025-11-05 18:04:35,701 - INFO - ✅ Tela carregada!
2025-11-05 18:04:54,274 - INFO - ⌛ Aguardando janela de confirmação de desbloqueio...
2025-11-05 18:05:14,436 - INFO - ⌛ Aguardando janela de confirmação de desbloqueio...
2025-11-05 18:05:34,605 - INFO - 🟨 Registros desbloqueados com sucesso
2025-11-05 18:06:20,513 - INFO - 🟨 OS programadas detectadas
2025-11-05 18:06:30,786 - INFO - ⌛ Aguardando janela de edição de OS...
2025-11-05 18:06:51,112 - INFO - 🟨 Janela de edição de OS detectada
2025-11-05 18:07:26,648 - INFO - 🟨 Janela de edição de habilidade da turma detectada
2025-11-05 18:08:33,108 - INFO - ⌛ Aguardando detecção do campo de caracteristica 'EQUIPE PRÓPRIA OU EPS' ...
2025-11-05 18:08:53,393 - INFO - ⌛ Aguardando detecção do campo de caracteristica 'EQUIPE PRÓPRIA OU EPS' ...
2025-11-05 18:09:13,662 - INFO - ⌛ Aguardando detecção do campo de caracteristica 'EQUIPE PRÓPRIA OU EPS' ...
2025-11-05 18:09:33,929 - INFO - 🟨 campo de caracteristica 'EQUIPE PRÓPRIA OU EPS detectado
2025-11-05 18:10:14,890 - INFO - ⌛ Aguardando confirmação 4 - editar OS...
2025-11-05 18:10:35,085 - INFO - ⌛ Aguardando confirmação 4 - editar OS...
2025-11-05 18:10:55,272 - INFO - ⌛ Aguardando confirmação 4 - editar OS...
2025-11-05 18:11:51,334 - INFO - ⌛ Aguardando janela de confirmação de programação de OS...
2025-11-05 18:12:11,479 - INFO - 🟨 Janela de confirmação de programação de OS detectada
2025-11-05 18:12:22,217 - INFO - 🟨 Janela de aviso de edição de OS programadas detectada
2025-11-05 18:12:42,568 - INFO - ⌛ aguardando janela de programação de lote de OS...
2025-11-05 18:13:03,018 - INFO - 🟨 Janela de aviso de substituição de lote de OS detectada
2025-11-05 18:13:33,393 - INFO - ⌛ aguardando janela de programação de lote de OS...
2025-11-05 18:13:53,896 - INFO - ⌛ aguardando janela de programação de lote de OS...
2025-11-05 18:14:14,358 - INFO - 🟨 Janela de programação de lote de OS detectada
2025-11-05 18:15:30,957 - INFO - ⌛ aguardando janela de confirmação de programação de lote de OS...
2025-11-05 18:15:51,129 - INFO - 🟨 Janela de confirmação de programação de lote de OS detectada
2025-11-05 18:16:16,704 - INFO - ⌛ aguardando confirmação final de programação do lote
2025-11-05 18:16:37,147 - INFO - 🟨 programação do lote 34 efetuado com sucesso
2025-11-05 18:17:27,419 - INFO - 
=== Iniciando lote 35/43 [LM] ===
2025-11-05 18:17:33,889 - INFO - Janela de seleção aberta
2025-11-05 18:17:49,196 - INFO - DEBUG: idx=34, inicio=1700, fim=1750
2025-11-05 18:17:49,196 - INFO - ✅ 50 OS copiadas para a área de transferência.
2025-11-05 18:17:49,196 - INFO - 📋 Lote 35 copiado.
2025-11-05 18:18:13,537 - INFO - ⌛ Esperando mudança visual...
2025-11-05 18:18:14,550 - INFO - ⌛ Esperando mudança visual...
2025-11-05 18:18:15,579 - INFO - ⌛ Esperando mudança visual...
2025-11-05 18:18:16,601 - INFO - ⌛ Esperando mudança visual...
2025-11-05 18:18:17,615 - INFO - ⌛ Esperando mudança visual...
2025-11-05 18:18:18,625 - INFO - ⌛ Esperando mudança visual...
2025-11-05 18:18:19,647 - INFO - ⌛ Esperando mudança visual...
2025-11-05 18:18:20,663 - INFO - ⌛ Esperando mudança visual...
2025-11-05 18:18:21,671 - INFO - ⌛ Esperando mudança visual...
2025-11-05 18:18:22,694 - INFO - ⌛ Esperando mudança visual...
2025-11-05 18:18:23,702 - INFO - ⌛ Esperando mudança visual...
2025-11-05 18:18:24,716 - INFO - ⌛ Esperando mudança visual...
2025-11-05 18:18:25,734 - INFO - ⌛ Esperando mudança visual...
2025-11-05 18:18:26,753 - INFO - ✅ Tela carregada!
2025-11-05 18:18:45,383 - INFO - ⌛ Aguardando janela de confirmação de desbloqueio...
2025-11-05 18:19:05,582 - INFO - 🟨 Registros desbloqueados com sucesso
2025-11-05 18:19:51,512 - INFO - 🟨 OS programadas detectadas
2025-11-05 18:20:01,784 - INFO - ⌛ Aguardando janela de edição de OS...
2025-11-05 18:20:22,126 - INFO - 🟨 Janela de edição de OS detectada
2025-11-05 18:20:57,586 - INFO - 🟨 Janela de edição de habilidade da turma detectada
2025-11-05 18:22:04,080 - INFO - ⌛ Aguardando detecção do campo de caracteristica 'EQUIPE PRÓPRIA OU EPS' ...
2025-11-05 18:22:24,351 - INFO - ⌛ Aguardando detecção do campo de caracteristica 'EQUIPE PRÓPRIA OU EPS' ...
2025-11-05 18:22:44,650 - INFO - ⌛ Aguardando detecção do campo de caracteristica 'EQUIPE PRÓPRIA OU EPS' ...
2025-11-05 18:23:04,904 - INFO - 🟨 campo de caracteristica 'EQUIPE PRÓPRIA OU EPS detectado
2025-11-05 18:23:45,860 - INFO - ⌛ Aguardando confirmação 4 - editar OS...
2025-11-05 18:24:06,008 - INFO - ⌛ Aguardando confirmação 4 - editar OS...
2025-11-05 18:24:26,198 - INFO - ⌛ Aguardando confirmação 4 - editar OS...
2025-11-05 18:24:46,337 - INFO - ⌛ Aguardando confirmação 4 - editar OS...
2025-11-05 18:25:42,397 - INFO - ⌛ Aguardando janela de confirmação de programação de OS...
2025-11-05 18:26:02,621 - INFO - 🟨 Janela de confirmação de programação de OS detectada
2025-11-05 18:26:13,430 - INFO - 🟨 Janela de aviso de edição de OS programadas detectada
2025-11-05 18:26:33,846 - INFO - ⌛ aguardando janela de programação de lote de OS...
2025-11-05 18:26:54,311 - INFO - 🟨 Janela de aviso de substituição de lote de OS detectada
2025-11-05 18:27:24,697 - INFO - ⌛ aguardando janela de programação de lote de OS...
2025-11-05 18:27:45,213 - INFO - ⌛ aguardando janela de programação de lote de OS...
2025-11-05 18:28:05,756 - INFO - 🟨 Janela de programação de lote de OS detectada
2025-11-05 18:29:22,348 - INFO - ⌛ aguardando janela de confirmação de programação de lote de OS...
2025-11-05 18:29:42,546 - INFO - 🟨 Janela de confirmação de programação de lote de OS detectada
2025-11-05 18:30:08,185 - INFO - ⌛ aguardando confirmação final de programação do lote
2025-11-05 18:30:28,641 - INFO - 🟨 programação do lote 35 efetuado com sucesso
2025-11-05 18:31:18,942 - INFO - 
=== Iniciando lote 36/43 [LM] ===
2025-11-05 18:31:25,400 - INFO - Janela de seleção aberta
2025-11-05 18:31:40,740 - INFO - DEBUG: idx=35, inicio=1750, fim=1800
2025-11-05 18:31:40,740 - INFO - ✅ 50 OS copiadas para a área de transferência.
2025-11-05 18:31:40,740 - INFO - 📋 Lote 36 copiado.
2025-11-05 18:32:05,075 - INFO - ⌛ Esperando mudança visual...
2025-11-05 18:32:06,101 - INFO - ⌛ Esperando mudança visual...
2025-11-05 18:32:07,123 - INFO - ⌛ Esperando mudança visual...
2025-11-05 18:32:08,141 - INFO - ⌛ Esperando mudança visual...
2025-11-05 18:32:09,156 - INFO - ⌛ Esperando mudança visual...
2025-11-05 18:32:10,169 - INFO - ⌛ Esperando mudança visual...
2025-11-05 18:32:11,184 - INFO - ⌛ Esperando mudança visual...
2025-11-05 18:32:12,203 - INFO - ⌛ Esperando mudança visual...
2025-11-05 18:32:13,219 - INFO - ⌛ Esperando mudança visual...
2025-11-05 18:32:14,232 - INFO - ⌛ Esperando mudança visual...
2025-11-05 18:32:15,245 - INFO - ⌛ Esperando mudança visual...
2025-11-05 18:32:16,263 - INFO - ⌛ Esperando mudança visual...
2025-11-05 18:32:17,276 - INFO - ⌛ Esperando mudança visual...
2025-11-05 18:32:18,294 - INFO - ✅ Tela carregada!
2025-11-05 18:32:36,874 - INFO - ⌛ Aguardando janela de confirmação de desbloqueio...
2025-11-05 18:32:57,043 - INFO - ⌛ Aguardando janela de confirmação de desbloqueio...
2025-11-05 18:33:17,238 - INFO - 🟨 Registros desbloqueados com sucesso
2025-11-05 18:34:03,220 - INFO - 🟨 OS programadas detectadas
2025-11-05 18:34:13,553 - INFO - ⌛ Aguardando janela de edição de OS...
2025-11-05 18:34:33,872 - INFO - 🟨 Janela de edição de OS detectada
2025-11-05 18:35:09,343 - INFO - 🟨 Janela de edição de habilidade da turma detectada
2025-11-05 18:36:15,838 - INFO - ⌛ Aguardando detecção do campo de caracteristica 'EQUIPE PRÓPRIA OU EPS' ...
2025-11-05 18:36:36,107 - INFO - ⌛ Aguardando detecção do campo de caracteristica 'EQUIPE PRÓPRIA OU EPS' ...
2025-11-05 18:36:56,398 - INFO - ⌛ Aguardando detecção do campo de caracteristica 'EQUIPE PRÓPRIA OU EPS' ...
2025-11-05 18:37:16,668 - INFO - 🟨 campo de caracteristica 'EQUIPE PRÓPRIA OU EPS detectado
2025-11-05 18:37:57,678 - INFO - ⌛ Aguardando confirmação 4 - editar OS...
2025-11-05 18:38:17,850 - INFO - ⌛ Aguardando confirmação 4 - editar OS...
2025-11-05 18:38:38,040 - INFO - ⌛ Aguardando confirmação 4 - editar OS...
2025-11-05 18:39:34,107 - INFO - ⌛ Aguardando janela de confirmação de programação de OS...
2025-11-05 18:39:54,305 - INFO - 🟨 Janela de confirmação de programação de OS detectada
2025-11-05 18:40:05,076 - INFO - 🟨 Janela de aviso de edição de OS programadas detectada
2025-11-05 18:40:25,452 - INFO - ⌛ aguardando janela de programação de lote de OS...
2025-11-05 18:40:45,968 - INFO - 🟨 Janela de aviso de substituição de lote de OS detectada
2025-11-05 18:41:16,345 - INFO - ⌛ aguardando janela de programação de lote de OS...
2025-11-05 18:41:36,826 - INFO - ⌛ aguardando janela de programação de lote de OS...
2025-11-05 18:41:57,300 - INFO - 🟨 Janela de programação de lote de OS detectada
2025-11-05 18:43:13,891 - INFO - ⌛ aguardando janela de confirmação de programação de lote de OS...
2025-11-05 18:43:34,083 - INFO - 🟨 Janela de confirmação de programação de lote de OS detectada
2025-11-05 18:43:59,683 - INFO - ⌛ aguardando confirmação final de programação do lote
2025-11-05 18:44:20,121 - INFO - 🟨 programação do lote 36 efetuado com sucesso
2025-11-05 18:45:10,431 - INFO - 
=== Iniciando lote 37/43 [LM] ===
2025-11-05 18:45:16,872 - INFO - Janela de seleção aberta
2025-11-05 18:45:32,189 - INFO - DEBUG: idx=36, inicio=1800, fim=1850
2025-11-05 18:45:32,189 - INFO - ✅ 50 OS copiadas para a área de transferência.
2025-11-05 18:45:32,189 - INFO - 📋 Lote 37 copiado.
2025-11-05 18:45:56,525 - INFO - ⌛ Esperando mudança visual...
2025-11-05 18:45:57,540 - INFO - ⌛ Esperando mudança visual...
2025-11-05 18:45:58,554 - INFO - ⌛ Esperando mudança visual...
2025-11-05 18:45:59,569 - INFO - ⌛ Esperando mudança visual...
2025-11-05 18:46:00,587 - INFO - ⌛ Esperando mudança visual...
2025-11-05 18:46:01,599 - INFO - ⌛ Esperando mudança visual...
2025-11-05 18:46:02,618 - INFO - ⌛ Esperando mudança visual...
2025-11-05 18:46:03,635 - INFO - ⌛ Esperando mudança visual...
2025-11-05 18:46:04,641 - INFO - ⌛ Esperando mudança visual...
2025-11-05 18:46:05,667 - INFO - ⌛ Esperando mudança visual...
2025-11-05 18:46:06,683 - INFO - ⌛ Esperando mudança visual...
2025-11-05 18:46:07,696 - INFO - ⌛ Esperando mudança visual...
2025-11-05 18:46:08,704 - INFO - ⌛ Esperando mudança visual...
2025-11-05 18:46:09,726 - INFO - ✅ Tela carregada!
2025-11-05 18:46:28,316 - INFO - ⌛ Aguardando janela de confirmação de desbloqueio...
2025-11-05 18:46:48,507 - INFO - 🟨 Registros desbloqueados com sucesso
2025-11-05 18:47:34,382 - INFO - 🟨 OS programadas detectadas
2025-11-05 18:47:44,647 - INFO - ⌛ Aguardando janela de edição de OS...
2025-11-05 18:48:04,936 - INFO - 🟨 Janela de edição de OS detectada
2025-11-05 18:48:40,403 - INFO - 🟨 Janela de edição de habilidade da turma detectada
2025-11-05 18:49:46,887 - INFO - ⌛ Aguardando detecção do campo de caracteristica 'EQUIPE PRÓPRIA OU EPS' ...
2025-11-05 18:50:07,148 - INFO - ⌛ Aguardando detecção do campo de caracteristica 'EQUIPE PRÓPRIA OU EPS' ...
2025-11-05 18:50:27,414 - INFO - ⌛ Aguardando detecção do campo de caracteristica 'EQUIPE PRÓPRIA OU EPS' ...
2025-11-05 18:50:47,658 - INFO - 🟨 campo de caracteristica 'EQUIPE PRÓPRIA OU EPS detectado
2025-11-05 18:51:28,584 - INFO - ⌛ Aguardando confirmação 4 - editar OS...
2025-11-05 18:51:48,804 - INFO - ⌛ Aguardando confirmação 4 - editar OS...
2025-11-05 18:52:08,973 - INFO - ⌛ Aguardando confirmação 4 - editar OS...
2025-11-05 18:52:29,145 - INFO - ⌛ Aguardando confirmação 4 - editar OS...
2025-11-05 18:52:49,288 - INFO - ⌛ Aguardando confirmação 4 - editar OS...
2025-11-05 18:53:45,319 - INFO - ⌛ Aguardando janela de confirmação de programação de OS...
2025-11-05 18:54:05,500 - INFO - 🟨 Janela de confirmação de programação de OS detectada
2025-11-05 18:54:16,336 - INFO - 🟨 Janela de aviso de edição de OS programadas detectada
2025-11-05 18:54:36,759 - INFO - ⌛ aguardando janela de programação de lote de OS...
2025-11-05 18:54:57,221 - INFO - 🟨 Janela de aviso de substituição de lote de OS detectada
2025-11-05 18:55:27,585 - INFO - ⌛ aguardando janela de programação de lote de OS...
2025-11-05 18:55:48,034 - INFO - ⌛ aguardando janela de programação de lote de OS...
2025-11-05 18:56:08,529 - INFO - 🟨 Janela de programação de lote de OS detectada
2025-11-05 18:57:25,167 - INFO - ⌛ aguardando janela de confirmação de programação de lote de OS...
2025-11-05 18:57:45,369 - INFO - 🟨 Janela de confirmação de programação de lote de OS detectada
2025-11-05 18:58:10,991 - INFO - ⌛ aguardando confirmação final de programação do lote
2025-11-05 18:58:31,489 - INFO - 🟨 programação do lote 37 efetuado com sucesso
2025-11-05 18:59:21,784 - INFO - 
=== Iniciando lote 38/43 [LM] ===
2025-11-05 18:59:28,251 - INFO - Janela de seleção aberta
2025-11-05 18:59:43,592 - INFO - DEBUG: idx=37, inicio=1850, fim=1900
2025-11-05 18:59:43,592 - INFO - ✅ 50 OS copiadas para a área de transferência.
2025-11-05 18:59:43,592 - INFO - 📋 Lote 38 copiado.
2025-11-05 19:00:07,926 - INFO - ⌛ Esperando mudança visual...
2025-11-05 19:00:08,933 - INFO - ⌛ Esperando mudança visual...
2025-11-05 19:00:09,957 - INFO - ⌛ Esperando mudança visual...
2025-11-05 19:00:10,969 - INFO - ⌛ Esperando mudança visual...
2025-11-05 19:00:11,988 - INFO - ⌛ Esperando mudança visual...
2025-11-05 19:00:13,005 - INFO - ⌛ Esperando mudança visual...
2025-11-05 19:00:14,020 - INFO - ⌛ Esperando mudança visual...
2025-11-05 19:00:15,026 - INFO - ⌛ Esperando mudança visual...
2025-11-05 19:00:16,049 - INFO - ⌛ Esperando mudança visual...
2025-11-05 19:00:17,068 - INFO - ⌛ Esperando mudança visual...
2025-11-05 19:00:18,078 - INFO - ⌛ Esperando mudança visual...
2025-11-05 19:00:19,097 - INFO - ✅ Tela carregada!
2025-11-05 19:00:37,696 - INFO - ⌛ Aguardando janela de confirmação de desbloqueio...
2025-11-05 19:00:57,857 - INFO - ⌛ Aguardando janela de confirmação de desbloqueio...
2025-11-05 19:01:18,024 - INFO - 🟨 Registros desbloqueados com sucesso
2025-11-05 19:02:03,949 - INFO - 🟨 OS programadas detectadas
2025-11-05 19:02:14,200 - INFO - ⌛ Aguardando janela de edição de OS...
2025-11-05 19:02:34,503 - INFO - 🟨 Janela de edição de OS detectada
2025-11-05 19:03:09,962 - INFO - 🟨 Janela de edição de habilidade da turma detectada
2025-11-05 19:04:16,482 - INFO - ⌛ Aguardando detecção do campo de caracteristica 'EQUIPE PRÓPRIA OU EPS' ...
2025-11-05 19:04:36,740 - INFO - ⌛ Aguardando detecção do campo de caracteristica 'EQUIPE PRÓPRIA OU EPS' ...
2025-11-05 19:04:57,081 - INFO - ⌛ Aguardando detecção do campo de caracteristica 'EQUIPE PRÓPRIA OU EPS' ...
2025-11-05 19:05:17,360 - INFO - 🟨 campo de caracteristica 'EQUIPE PRÓPRIA OU EPS detectado
2025-11-05 19:05:58,294 - INFO - ⌛ Aguardando confirmação 4 - editar OS...
2025-11-05 19:06:18,456 - INFO - ⌛ Aguardando confirmação 4 - editar OS...
2025-11-05 19:06:38,611 - INFO - ⌛ Aguardando confirmação 4 - editar OS...
2025-11-05 19:07:34,716 - INFO - ⌛ Aguardando janela de confirmação de programação de OS...
2025-11-05 19:07:54,885 - INFO - 🟨 Janela de confirmação de programação de OS detectada
2025-11-05 19:08:05,601 - INFO - 🟨 Janela de aviso de edição de OS programadas detectada
2025-11-05 19:08:26,018 - INFO - ⌛ aguardando janela de programação de lote de OS...
2025-11-05 19:08:46,479 - INFO - 🟨 Janela de aviso de substituição de lote de OS detectada
2025-11-05 19:09:16,880 - INFO - ⌛ aguardando janela de programação de lote de OS...
2025-11-05 19:09:37,342 - INFO - ⌛ aguardando janela de programação de lote de OS...
2025-11-05 19:09:57,819 - INFO - 🟨 Janela de programação de lote de OS detectada
2025-11-05 19:11:14,403 - INFO - ⌛ aguardando janela de confirmação de programação de lote de OS...
2025-11-05 19:11:34,581 - INFO - 🟨 Janela de confirmação de programação de lote de OS detectada
2025-11-05 19:12:00,254 - INFO - ⌛ aguardando confirmação final de programação do lote
2025-11-05 19:12:20,711 - INFO - 🟨 programação do lote 38 efetuado com sucesso
2025-11-05 19:13:11,009 - INFO - 
=== Iniciando lote 39/43 [LM] ===
2025-11-05 19:13:17,462 - INFO - Janela de seleção aberta
2025-11-05 19:13:32,801 - INFO - DEBUG: idx=38, inicio=1900, fim=1950
2025-11-05 19:13:32,801 - INFO - ✅ 50 OS copiadas para a área de transferência.
2025-11-05 19:13:32,801 - INFO - 📋 Lote 39 copiado.
2025-11-05 19:13:57,147 - INFO - ⌛ Esperando mudança visual...
2025-11-05 19:13:58,176 - INFO - ⌛ Esperando mudança visual...
2025-11-05 19:13:59,189 - INFO - ⌛ Esperando mudança visual...
2025-11-05 19:14:00,206 - INFO - ⌛ Esperando mudança visual...
2025-11-05 19:14:01,216 - INFO - ⌛ Esperando mudança visual...
2025-11-05 19:14:02,235 - INFO - ⌛ Esperando mudança visual...
2025-11-05 19:14:03,251 - INFO - ⌛ Esperando mudança visual...
2025-11-05 19:14:04,261 - INFO - ⌛ Esperando mudança visual...
2025-11-05 19:14:05,275 - INFO - ⌛ Esperando mudança visual...
2025-11-05 19:14:06,291 - INFO - ⌛ Esperando mudança visual...
2025-11-05 19:14:07,317 - INFO - ⌛ Esperando mudança visual...
2025-11-05 19:14:08,328 - INFO - ✅ Tela carregada!
2025-11-05 19:14:26,901 - INFO - ⌛ Aguardando janela de confirmação de desbloqueio...
2025-11-05 19:14:47,057 - INFO - 🟨 Registros desbloqueados com sucesso
2025-11-05 19:15:32,972 - INFO - 🟨 OS programadas detectadas
2025-11-05 19:15:43,259 - INFO - ⌛ Aguardando janela de edição de OS...
2025-11-05 19:16:03,515 - INFO - 🟨 Janela de edição de OS detectada
2025-11-05 19:16:38,976 - INFO - 🟨 Janela de edição de habilidade da turma detectada
2025-11-05 19:17:45,433 - INFO - ⌛ Aguardando detecção do campo de caracteristica 'EQUIPE PRÓPRIA OU EPS' ...
2025-11-05 19:18:05,683 - INFO - ⌛ Aguardando detecção do campo de caracteristica 'EQUIPE PRÓPRIA OU EPS' ...
2025-11-05 19:18:25,920 - INFO - ⌛ Aguardando detecção do campo de caracteristica 'EQUIPE PRÓPRIA OU EPS' ...
2025-11-05 19:18:46,170 - INFO - 🟨 campo de caracteristica 'EQUIPE PRÓPRIA OU EPS detectado
2025-11-05 19:19:27,136 - INFO - ⌛ Aguardando confirmação 4 - editar OS...
2025-11-05 19:19:47,312 - INFO - ⌛ Aguardando confirmação 4 - editar OS...
2025-11-05 19:20:07,453 - INFO - ⌛ Aguardando confirmação 4 - editar OS...
2025-11-05 19:20:27,604 - INFO - ⌛ Aguardando confirmação 4 - editar OS...
2025-11-05 19:20:47,753 - INFO - ⌛ Aguardando confirmação 4 - editar OS...
2025-11-05 19:21:43,761 - INFO - ⌛ Aguardando janela de confirmação de programação de OS...
2025-11-05 19:22:03,927 - INFO - 🟨 Janela de confirmação de programação de OS detectada
2025-11-05 19:22:14,668 - INFO - 🟨 Janela de aviso de edição de OS programadas detectada
2025-11-05 19:22:35,043 - INFO - ⌛ aguardando janela de programação de lote de OS...
2025-11-05 19:22:55,478 - INFO - 🟨 Janela de aviso de substituição de lote de OS detectada
2025-11-05 19:23:25,844 - INFO - ⌛ aguardando janela de programação de lote de OS...
2025-11-05 19:23:46,311 - INFO - ⌛ aguardando janela de programação de lote de OS...
2025-11-05 19:24:06,770 - INFO - ⌛ aguardando janela de programação de lote de OS...
2025-11-05 19:24:27,257 - INFO - 🟨 Janela de programação de lote de OS detectada
2025-11-05 19:25:43,818 - INFO - ⌛ aguardando janela de confirmação de programação de lote de OS...
2025-11-05 19:26:03,977 - INFO - 🟨 Janela de confirmação de programação de lote de OS detectada
2025-11-05 19:26:29,530 - INFO - ⌛ aguardando confirmação final de programação do lote
2025-11-05 19:26:50,036 - INFO - 🟨 programação do lote 39 efetuado com sucesso
2025-11-05 19:27:40,292 - INFO - 
=== Iniciando lote 40/43 [LM] ===
2025-11-05 19:27:46,734 - INFO - Janela de seleção aberta
2025-11-05 19:28:02,087 - INFO - DEBUG: idx=39, inicio=1950, fim=2000
2025-11-05 19:28:02,087 - INFO - ✅ 50 OS copiadas para a área de transferência.
2025-11-05 19:28:02,087 - INFO - 📋 Lote 40 copiado.
2025-11-05 19:28:26,422 - INFO - ⌛ Esperando mudança visual...
2025-11-05 19:28:27,441 - INFO - ⌛ Esperando mudança visual...
2025-11-05 19:28:28,454 - INFO - ⌛ Esperando mudança visual...
2025-11-05 19:28:29,469 - INFO - ⌛ Esperando mudança visual...
2025-11-05 19:28:30,485 - INFO - ⌛ Esperando mudança visual...
2025-11-05 19:28:31,498 - INFO - ⌛ Esperando mudança visual...
2025-11-05 19:28:32,517 - INFO - ⌛ Esperando mudança visual...
2025-11-05 19:28:33,533 - INFO - ⌛ Esperando mudança visual...
2025-11-05 19:28:34,539 - INFO - ⌛ Esperando mudança visual...
2025-11-05 19:28:35,566 - INFO - ⌛ Esperando mudança visual...
2025-11-05 19:28:36,578 - INFO - ⌛ Esperando mudança visual...
2025-11-05 19:28:37,593 - INFO - ⌛ Esperando mudança visual...
2025-11-05 19:28:38,610 - INFO - ✅ Tela carregada!
2025-11-05 19:28:57,223 - INFO - ⌛ Aguardando janela de confirmação de desbloqueio...
2025-11-05 19:29:17,393 - INFO - ⌛ Aguardando janela de confirmação de desbloqueio...
2025-11-05 19:29:37,574 - INFO - 🟨 Registros desbloqueados com sucesso
2025-11-05 19:30:23,453 - INFO - 🟨 OS programadas detectadas
2025-11-05 19:30:33,732 - INFO - ⌛ Aguardando janela de edição de OS...
2025-11-05 19:30:54,017 - INFO - 🟨 Janela de edição de OS detectada
2025-11-05 19:31:29,519 - INFO - 🟨 Janela de edição de habilidade da turma detectada
2025-11-05 19:32:36,003 - INFO - ⌛ Aguardando detecção do campo de caracteristica 'EQUIPE PRÓPRIA OU EPS' ...
2025-11-05 19:32:56,268 - INFO - ⌛ Aguardando detecção do campo de caracteristica 'EQUIPE PRÓPRIA OU EPS' ...
2025-11-05 19:33:16,522 - INFO - ⌛ Aguardando detecção do campo de caracteristica 'EQUIPE PRÓPRIA OU EPS' ...
2025-11-05 19:33:36,799 - INFO - 🟨 campo de caracteristica 'EQUIPE PRÓPRIA OU EPS detectado
2025-11-05 19:34:17,742 - INFO - ⌛ Aguardando confirmação 4 - editar OS...
2025-11-05 19:34:37,896 - INFO - ⌛ Aguardando confirmação 4 - editar OS...
2025-11-05 19:34:58,058 - INFO - ⌛ Aguardando confirmação 4 - editar OS...
2025-11-05 19:35:54,071 - INFO - ⌛ Aguardando janela de confirmação de programação de OS...
2025-11-05 19:36:14,298 - INFO - 🟨 Janela de confirmação de programação de OS detectada
2025-11-05 19:36:25,105 - INFO - 🟨 Janela de aviso de edição de OS programadas detectada
2025-11-05 19:36:45,556 - INFO - ⌛ aguardando janela de programação de lote de OS...
2025-11-05 19:37:06,028 - INFO - 🟨 Janela de aviso de substituição de lote de OS detectada
2025-11-05 19:37:36,401 - INFO - ⌛ aguardando janela de programação de lote de OS...
2025-11-05 19:37:56,890 - INFO - ⌛ aguardando janela de programação de lote de OS...
2025-11-05 19:38:17,442 - INFO - 🟨 Janela de programação de lote de OS detectada
2025-11-05 19:39:34,045 - INFO - ⌛ aguardando janela de confirmação de programação de lote de OS...
2025-11-05 19:39:54,229 - INFO - 🟨 Janela de confirmação de programação de lote de OS detectada
2025-11-05 19:40:19,826 - INFO - ⌛ aguardando confirmação final de programação do lote
2025-11-05 19:40:40,302 - INFO - 🟨 programação do lote 40 efetuado com sucesso
2025-11-05 19:41:30,574 - INFO - 
=== Iniciando lote 41/43 [LM] ===
2025-11-05 19:41:37,016 - INFO - Janela de seleção aberta
2025-11-05 19:41:52,392 - INFO - DEBUG: idx=40, inicio=2000, fim=2050
2025-11-05 19:41:52,392 - INFO - ✅ 50 OS copiadas para a área de transferência.
2025-11-05 19:41:52,392 - INFO - 📋 Lote 41 copiado.
2025-11-05 19:42:16,726 - INFO - ⌛ Esperando mudança visual...
2025-11-05 19:42:17,747 - INFO - ⌛ Esperando mudança visual...
2025-11-05 19:42:18,759 - INFO - ⌛ Esperando mudança visual...
2025-11-05 19:42:19,773 - INFO - ⌛ Esperando mudança visual...
2025-11-05 19:42:20,789 - INFO - ⌛ Esperando mudança visual...
2025-11-05 19:42:21,796 - INFO - ⌛ Esperando mudança visual...
2025-11-05 19:42:22,816 - INFO - ⌛ Esperando mudança visual...
2025-11-05 19:42:23,835 - INFO - ⌛ Esperando mudança visual...
2025-11-05 19:42:24,851 - INFO - ⌛ Esperando mudança visual...
2025-11-05 19:42:25,865 - INFO - ⌛ Esperando mudança visual...
2025-11-05 19:42:26,881 - INFO - ✅ Tela carregada!
2025-11-05 19:42:45,461 - INFO - ⌛ Aguardando janela de confirmação de desbloqueio...
2025-11-05 19:43:05,630 - INFO - 🟨 Registros desbloqueados com sucesso
2025-11-05 19:43:51,490 - INFO - 🟨 OS programadas detectadas
2025-11-05 19:44:01,750 - INFO - ⌛ Aguardando janela de edição de OS...
2025-11-05 19:44:22,061 - INFO - 🟨 Janela de edição de OS detectada
2025-11-05 19:44:57,516 - INFO - 🟨 Janela de edição de habilidade da turma detectada
2025-11-05 19:46:03,989 - INFO - ⌛ Aguardando detecção do campo de caracteristica 'EQUIPE PRÓPRIA OU EPS' ...
2025-11-05 19:46:24,220 - INFO - ⌛ Aguardando detecção do campo de caracteristica 'EQUIPE PRÓPRIA OU EPS' ...
2025-11-05 19:46:44,485 - INFO - ⌛ Aguardando detecção do campo de caracteristica 'EQUIPE PRÓPRIA OU EPS' ...
2025-11-05 19:47:04,776 - INFO - 🟨 campo de caracteristica 'EQUIPE PRÓPRIA OU EPS detectado
2025-11-05 19:47:45,757 - INFO - ⌛ Aguardando confirmação 4 - editar OS...
2025-11-05 19:48:05,956 - INFO - ⌛ Aguardando confirmação 4 - editar OS...
2025-11-05 19:48:26,137 - INFO - ⌛ Aguardando confirmação 4 - editar OS...
2025-11-05 19:48:46,269 - INFO - ⌛ Aguardando confirmação 4 - editar OS...
2025-11-05 19:49:42,270 - INFO - ⌛ Aguardando janela de confirmação de programação de OS...
2025-11-05 19:50:02,459 - INFO - 🟨 Janela de confirmação de programação de OS detectada
2025-11-05 19:50:13,184 - INFO - ⌛ aguardando janela de programação de lote de OS...
2025-11-05 19:50:33,638 - INFO - 🟨 Janela de aviso de edição de OS programadas detectada
2025-11-05 19:50:53,996 - INFO - ⌛ aguardando janela de programação de lote de OS...
2025-11-05 19:51:14,469 - INFO - 🟨 Janela de aviso de substituição de lote de OS detectada
2025-11-05 19:51:44,840 - INFO - ⌛ aguardando janela de programação de lote de OS...
2025-11-05 19:52:05,301 - INFO - ⌛ aguardando janela de programação de lote de OS...
2025-11-05 19:52:25,876 - INFO - 🟨 Janela de programação de lote de OS detectada
2025-11-05 19:53:42,450 - INFO - ⌛ aguardando janela de confirmação de programação de lote de OS...
2025-11-05 19:54:02,590 - INFO - 🟨 Janela de confirmação de programação de lote de OS detectada
2025-11-05 19:54:28,304 - INFO - ⌛ aguardando confirmação final de programação do lote
2025-11-05 19:54:48,779 - INFO - 🟨 programação do lote 41 efetuado com sucesso
2025-11-05 19:55:39,088 - INFO - 
=== Iniciando lote 42/43 [LM] ===
2025-11-05 19:55:45,576 - INFO - Janela de seleção aberta
2025-11-05 19:56:00,851 - INFO - DEBUG: idx=41, inicio=2050, fim=2100
2025-11-05 19:56:00,851 - INFO - ✅ 50 OS copiadas para a área de transferência.
2025-11-05 19:56:00,851 - INFO - 📋 Lote 42 copiado.
2025-11-05 19:56:25,192 - INFO - ⌛ Esperando mudança visual...
2025-11-05 19:56:26,203 - INFO - ⌛ Esperando mudança visual...
2025-11-05 19:56:27,219 - INFO - ⌛ Esperando mudança visual...
2025-11-05 19:56:28,239 - INFO - ⌛ Esperando mudança visual...
2025-11-05 19:56:29,250 - INFO - ⌛ Esperando mudança visual...
2025-11-05 19:56:30,266 - INFO - ⌛ Esperando mudança visual...
2025-11-05 19:56:31,280 - INFO - ⌛ Esperando mudança visual...
2025-11-05 19:56:32,290 - INFO - ⌛ Esperando mudança visual...
2025-11-05 19:56:33,317 - INFO - ⌛ Esperando mudança visual...
2025-11-05 19:56:34,330 - INFO - ✅ Tela carregada!
2025-11-05 19:56:52,955 - INFO - ⌛ Aguardando janela de confirmação de desbloqueio...
2025-11-05 19:57:13,113 - INFO - ⌛ Aguardando janela de confirmação de desbloqueio...
2025-11-05 19:57:33,314 - INFO - ⌛ Aguardando janela de confirmação de desbloqueio...
2025-11-05 19:57:53,497 - INFO - ⌛ Aguardando janela de confirmação de desbloqueio...
2025-11-05 19:58:13,688 - INFO - ⌛ Aguardando janela de confirmação de desbloqueio...
2025-11-05 19:58:33,875 - INFO - ⌛ Aguardando janela de confirmação de desbloqueio...
2025-11-05 19:58:54,044 - INFO - ⌛ Aguardando janela de confirmação de desbloqueio...
2025-11-05 19:59:14,228 - INFO - ⌛ Aguardando janela de confirmação de desbloqueio...
2025-11-05 19:59:34,378 - INFO - ⌛ Aguardando janela de confirmação de desbloqueio...
2025-11-05 19:59:54,535 - INFO - ⌛ Aguardando janela de confirmação de desbloqueio...
2025-11-05 20:00:14,695 - INFO - ⌛ Aguardando janela de confirmação de desbloqueio...
2025-11-05 20:00:34,864 - INFO - ⌛ Aguardando janela de confirmação de desbloqueio...
2025-11-05 20:00:55,125 - INFO - ⌛ Aguardando janela de confirmação de desbloqueio...
2025-11-05 20:01:15,330 - INFO - ⌛ Aguardando janela de confirmação de desbloqueio...
2025-11-05 20:01:35,531 - INFO - ⌛ Aguardando janela de confirmação de desbloqueio...
2025-11-05 20:01:55,930 - INFO - ⌛ Aguardando janela de confirmação de desbloqueio...
2025-11-05 20:02:16,227 - INFO - ⌛ Aguardando janela de confirmação de desbloqueio...
2025-11-05 20:02:36,661 - INFO - ⌛ Aguardando janela de confirmação de desbloqueio...
2025-11-05 20:02:57,070 - INFO - ⌛ Aguardando janela de confirmação de desbloqueio...
2025-11-05 20:03:17,472 - INFO - ⌛ Aguardando janela de confirmação de desbloqueio...
2025-11-05 20:03:37,902 - INFO - ⌛ Aguardando janela de confirmação de desbloqueio...
2025-11-05 20:03:58,286 - INFO - ⌛ Aguardando janela de confirmação de desbloqueio...
2025-11-05 20:04:18,578 - INFO - ⌛ Aguardando janela de confirmação de desbloqueio...
2025-11-05 20:04:39,078 - INFO - ⌛ Aguardando janela de confirmação de desbloqueio...
2025-11-05 20:04:59,581 - INFO - ⌛ Aguardando janela de confirmação de desbloqueio...
2025-11-05 20:05:20,019 - INFO - ⌛ Aguardando janela de confirmação de desbloqueio...
2025-11-05 20:05:40,480 - INFO - ⌛ Aguardando janela de confirmação de desbloqueio...
2025-11-05 20:06:00,802 - INFO - ⌛ Aguardando janela de confirmação de desbloqueio...
2025-11-05 20:06:21,293 - INFO - ⌛ Aguardando janela de confirmação de desbloqueio...
2025-11-05 20:06:41,801 - INFO - ⌛ Aguardando janela de confirmação de desbloqueio...
2025-11-05 20:07:02,304 - INFO - ⏱️ Tempo limite atingido. Abortando etapa
2025-11-05 20:07:33,378 - INFO - ⌛ Aguardando janela de edição de OS...
2025-11-05 20:07:54,635 - INFO - ⌛ Aguardando janela de edição de OS...
2025-11-05 20:08:15,425 - INFO - ⌛ Aguardando janela de edição de OS...
2025-11-05 20:08:36,224 - INFO - ⌛ Aguardando janela de edição de OS...
2025-11-05 20:08:56,979 - INFO - ⌛ Aguardando janela de edição de OS...
2025-11-05 20:09:17,762 - INFO - ⌛ Aguardando janela de edição de OS...
2025-11-05 20:09:38,504 - INFO - ⌛ Aguardando janela de edição de OS...
2025-11-05 20:09:59,340 - INFO - ⌛ Aguardando janela de edição de OS...
2025-11-05 20:10:20,107 - INFO - ⌛ Aguardando janela de edição de OS...
2025-11-05 20:10:40,853 - INFO - ⌛ Aguardando janela de edição de OS...
2025-11-05 20:11:01,623 - INFO - ⌛ Aguardando janela de edição de OS...
2025-11-05 20:11:22,374 - INFO - ⌛ Aguardando janela de edição de OS...
2025-11-05 20:11:43,158 - INFO - ⌛ Aguardando janela de edição de OS...
2025-11-05 20:12:03,939 - INFO - ⌛ Aguardando janela de edição de OS...
2025-11-05 20:12:24,706 - INFO - ⌛ Aguardando janela de edição de OS...
2025-11-05 20:12:46,005 - INFO - ⌛ Aguardando janela de edição de OS...
2025-11-05 20:13:06,605 - INFO - ⌛ Aguardando janela de edição de OS...
2025-11-05 20:13:27,637 - INFO - ⌛ Aguardando janela de edição de OS...
2025-11-05 20:13:48,359 - INFO - ⌛ Aguardando janela de edição de OS...
2025-11-05 20:14:09,090 - INFO - ⌛ Aguardando janela de edição de OS...
2025-11-05 20:14:29,741 - INFO - ⌛ Aguardando janela de edição de OS...
2025-11-05 20:14:50,758 - INFO - ⌛ Aguardando janela de edição de OS...
2025-11-05 20:15:11,451 - INFO - ⌛ Aguardando janela de edição de OS...
2025-11-05 20:15:32,178 - INFO - ⌛ Aguardando janela de edição de OS...
2025-11-05 20:15:53,127 - INFO - ⌛ Aguardando janela de edição de OS...
2025-11-05 20:16:13,824 - INFO - ⌛ Aguardando janela de edição de OS...
2025-11-05 20:16:34,537 - INFO - ⌛ Aguardando janela de edição de OS...
2025-11-05 20:16:55,231 - INFO - ⌛ Aguardando janela de edição de OS...
2025-11-05 20:17:15,926 - INFO - ⏱️ Tempo limite atingido. Abortando seleção
2025-11-05 20:17:47,054 - INFO - ⌛ Aguardando janela de confirmação de programação de OS...
2025-11-05 20:18:07,220 - INFO - ⌛ Aguardando janela de confirmação de programação de OS...
2025-11-05 20:18:27,704 - INFO - ⌛ Aguardando janela de confirmação de programação de OS...
2025-11-05 20:18:48,278 - INFO - ⌛ Aguardando janela de confirmação de programação de OS...
2025-11-05 20:19:08,773 - INFO - ⌛ Aguardando janela de confirmação de programação de OS...
2025-11-05 20:19:29,192 - INFO - ⌛ Aguardando janela de confirmação de programação de OS...
2025-11-05 20:19:49,623 - INFO - ⌛ Aguardando janela de confirmação de programação de OS...
2025-11-05 20:20:10,043 - INFO - ⌛ Aguardando janela de confirmação de programação de OS...
2025-11-05 20:20:30,535 - INFO - ⌛ Aguardando janela de confirmação de programação de OS...
2025-11-05 20:20:51,034 - INFO - ⌛ Aguardando janela de confirmação de programação de OS...
2025-11-05 20:21:11,441 - INFO - ⌛ Aguardando janela de confirmação de programação de OS...
2025-11-05 20:21:31,868 - INFO - ⌛ Aguardando janela de confirmação de programação de OS...
2025-11-05 20:21:52,159 - INFO - ⌛ Aguardando janela de confirmação de programação de OS...
2025-11-05 20:22:12,658 - INFO - ⌛ Aguardando janela de confirmação de programação de OS...
2025-11-05 20:22:33,152 - INFO - ⌛ Aguardando janela de confirmação de programação de OS...
2025-11-05 20:22:53,560 - INFO - ⌛ Aguardando janela de confirmação de programação de OS...
2025-11-05 20:23:13,991 - INFO - ⌛ Aguardando janela de confirmação de programação de OS...
2025-11-05 20:23:34,437 - INFO - ⌛ Aguardando janela de confirmação de programação de OS...
2025-11-05 20:23:54,940 - INFO - ⌛ Aguardando janela de confirmação de programação de OS...
2025-11-05 20:24:15,446 - INFO - ⌛ Aguardando janela de confirmação de programação de OS...
2025-11-05 20:24:35,862 - INFO - ⌛ Aguardando janela de confirmação de programação de OS...
2025-11-05 20:24:56,295 - INFO - ⌛ Aguardando janela de confirmação de programação de OS...
2025-11-05 20:25:16,730 - INFO - ⌛ Aguardando janela de confirmação de programação de OS...
2025-11-05 20:25:37,304 - INFO - ⌛ Aguardando janela de confirmação de programação de OS...
2025-11-05 20:25:57,787 - INFO - ⌛ Aguardando janela de confirmação de programação de OS...
2025-11-05 20:26:18,201 - INFO - ⌛ Aguardando janela de confirmação de programação de OS...
2025-11-05 20:26:38,631 - INFO - ⌛ Aguardando janela de confirmação de programação de OS...
2025-11-05 20:26:58,970 - INFO - ⌛ Aguardando janela de confirmação de programação de OS...
2025-11-05 20:27:19,465 - INFO - ⌛ Aguardando janela de confirmação de programação de OS...
2025-11-05 20:27:40,038 - INFO - ⏱️ Tempo limite atingido. Abortando seleção
2025-11-05 20:27:40,038 - INFO - 
=== Iniciando lote 43/43 [LM] ===
2025-11-05 20:27:46,843 - INFO - ⌛ Aguardando janela de seleção...
2025-11-05 20:28:07,002 - INFO - ⌛ Aguardando janela de seleção...
2025-11-05 20:28:27,232 - INFO - ⌛ Aguardando janela de seleção...
2025-11-05 20:28:47,733 - INFO - ⌛ Aguardando janela de seleção...
2025-11-05 20:29:08,226 - INFO - ⌛ Aguardando janela de seleção...
2025-11-05 20:29:28,642 - INFO - ⌛ Aguardando janela de seleção...
2025-11-05 20:29:49,047 - INFO - ⌛ Aguardando janela de seleção...
2025-11-05 20:30:09,490 - INFO - ⌛ Aguardando janela de seleção...
2025-11-05 20:30:29,967 - INFO - ⌛ Aguardando janela de seleção...
2025-11-05 20:30:50,460 - INFO - ⌛ Aguardando janela de seleção...
2025-11-05 20:31:10,847 - INFO - ⌛ Aguardando janela de seleção...
2025-11-05 20:31:31,260 - INFO - ⌛ Aguardando janela de seleção...
2025-11-05 20:31:51,743 - INFO - ⌛ Aguardando janela de seleção...
2025-11-05 20:32:12,230 - INFO - ⌛ Aguardando janela de seleção...
2025-11-05 20:32:32,697 - INFO - ⌛ Aguardando janela de seleção...
2025-11-05 20:32:53,103 - INFO - ⌛ Aguardando janela de seleção...
2025-11-05 20:33:13,252 - INFO - ⌛ Aguardando janela de seleção...
2025-11-05 20:33:33,742 - INFO - ⌛ Aguardando janela de seleção...
2025-11-05 20:33:54,217 - INFO - ⌛ Aguardando janela de seleção...
2025-11-05 20:34:14,625 - INFO - ⌛ Aguardando janela de seleção...
2025-11-05 20:34:35,022 - INFO - ⌛ Aguardando janela de seleção...
2025-11-05 20:34:55,498 - INFO - ⌛ Aguardando janela de seleção...
2025-11-05 20:35:16,030 - INFO - ⌛ Aguardando janela de seleção...
2025-11-05 20:35:36,519 - INFO - ⌛ Aguardando janela de seleção...
2025-11-05 20:35:56,909 - INFO - ⌛ Aguardando janela de seleção...
2025-11-05 20:36:17,108 - INFO - ⌛ Aguardando janela de seleção...
2025-11-05 20:36:37,623 - INFO - ⌛ Aguardando janela de seleção...
2025-11-05 20:36:58,139 - INFO - ⌛ Aguardando janela de seleção...
2025-11-05 20:37:18,611 - INFO - ⌛ Aguardando janela de seleção...
2025-11-05 20:37:39,028 - INFO - ⌛ Aguardando janela de seleção...
2025-11-05 20:37:59,241 - INFO - ⏱️ Tempo limite atingido. Abortando seleção
2025-11-05 20:38:16,335 - INFO - ⌛ Aguardando janela de confirmação de desbloqueio...
2025-11-05 20:38:36,513 - INFO - ⌛ Aguardando janela de confirmação de desbloqueio...
2025-11-05 20:38:56,965 - INFO - ⌛ Aguardando janela de confirmação de desbloqueio...
2025-11-05 20:39:17,404 - INFO - ⌛ Aguardando janela de confirmação de desbloqueio...
2025-11-05 20:39:37,571 - INFO - ⌛ Aguardando janela de confirmação de desbloqueio...
2025-11-05 20:39:58,067 - INFO - ⌛ Aguardando janela de confirmação de desbloqueio...
2025-11-05 20:40:18,559 - INFO - ⌛ Aguardando janela de confirmação de desbloqueio...
2025-11-05 20:40:38,984 - INFO - ⌛ Aguardando janela de confirmação de desbloqueio...
2025-11-05 20:40:59,287 - INFO - ⌛ Aguardando janela de confirmação de desbloqueio...
2025-11-05 20:41:19,798 - INFO - ⌛ Aguardando janela de confirmação de desbloqueio...
2025-11-05 20:41:40,322 - INFO - ⌛ Aguardando janela de confirmação de desbloqueio...
2025-11-05 20:42:00,918 - INFO - ⌛ Aguardando janela de confirmação de desbloqueio...
2025-11-05 20:42:21,415 - INFO - ⌛ Aguardando janela de confirmação de desbloqueio...
2025-11-05 20:42:41,830 - INFO - ⌛ Aguardando janela de confirmação de desbloqueio...
2025-11-05 20:43:02,271 - INFO - ⌛ Aguardando janela de confirmação de desbloqueio...
2025-11-05 20:43:22,732 - INFO - ⌛ Aguardando janela de confirmação de desbloqueio...
2025-11-05 20:43:43,229 - INFO - ⌛ Aguardando janela de confirmação de desbloqueio...
2025-11-05 20:44:03,720 - INFO - ⌛ Aguardando janela de confirmação de desbloqueio...
2025-11-05 20:44:24,151 - INFO - ⌛ Aguardando janela de confirmação de desbloqueio...
2025-11-05 20:44:44,576 - INFO - ⌛ Aguardando janela de confirmação de desbloqueio...
2025-11-05 20:45:04,985 - INFO - ⌛ Aguardando janela de confirmação de desbloqueio...
2025-11-05 20:45:25,502 - INFO - ⌛ Aguardando janela de confirmação de desbloqueio...
2025-11-05 20:45:46,000 - INFO - ⌛ Aguardando janela de confirmação de desbloqueio...
2025-11-05 20:46:06,427 - INFO - ⌛ Aguardando janela de confirmação de desbloqueio...
2025-11-05 20:46:26,858 - INFO - ⌛ Aguardando janela de confirmação de desbloqueio...
2025-11-05 20:46:47,339 - INFO - ⌛ Aguardando janela de confirmação de desbloqueio...
2025-11-05 20:47:07,825 - INFO - ⌛ Aguardando janela de confirmação de desbloqueio...
2025-11-05 20:47:28,424 - INFO - ⌛ Aguardando janela de confirmação de desbloqueio...
2025-11-05 20:47:48,925 - INFO - ⌛ Aguardando janela de confirmação de desbloqueio...
2025-11-05 20:48:09,330 - INFO - ⏱️ Tempo limite atingido. Abortando etapa
2025-11-05 20:48:40,493 - INFO - ⌛ Aguardando janela de edição de OS...
2025-11-05 20:49:01,811 - INFO - ⌛ Aguardando janela de edição de OS...
2025-11-05 20:49:22,636 - INFO - ⌛ Aguardando janela de edição de OS...
2025-11-05 20:49:43,405 - INFO - ⌛ Aguardando janela de edição de OS...
2025-11-05 20:50:04,157 - INFO - ⌛ Aguardando janela de edição de OS...
2025-11-05 20:50:24,972 - INFO - ⌛ Aguardando janela de edição de OS...
2025-11-05 20:50:45,791 - INFO - ⌛ Aguardando janela de edição de OS...
2025-11-05 20:51:06,575 - INFO - ⌛ Aguardando janela de edição de OS...
2025-11-05 20:51:27,360 - INFO - ⌛ Aguardando janela de edição de OS...
2025-11-05 20:51:48,115 - INFO - ⌛ Aguardando janela de edição de OS...
2025-11-05 20:52:08,877 - INFO - ⌛ Aguardando janela de edição de OS...
2025-11-05 20:52:29,820 - INFO - ⌛ Aguardando janela de edição de OS...
2025-11-05 20:52:50,583 - INFO - ⌛ Aguardando janela de edição de OS...
2025-11-05 20:53:11,336 - INFO - ⌛ Aguardando janela de edição de OS...
2025-11-05 20:53:32,076 - INFO - ⌛ Aguardando janela de edição de OS...
2025-11-05 20:53:52,797 - INFO - ⌛ Aguardando janela de edição de OS...
2025-11-05 20:54:13,569 - INFO - ⌛ Aguardando janela de edição de OS...
2025-11-05 20:54:34,338 - INFO - ⌛ Aguardando janela de edição de OS...
2025-11-05 20:54:55,125 - INFO - ⌛ Aguardando janela de edição de OS...
2025-11-05 20:55:15,897 - INFO - ⌛ Aguardando janela de edição de OS...
2025-11-05 20:55:36,644 - INFO - ⌛ Aguardando janela de edição de OS...
2025-11-05 20:55:57,415 - INFO - ⌛ Aguardando janela de edição de OS...
2025-11-05 20:56:18,171 - INFO - ⌛ Aguardando janela de edição de OS...
2025-11-05 20:56:38,901 - INFO - ⌛ Aguardando janela de edição de OS...
2025-11-05 20:56:59,674 - INFO - ⌛ Aguardando janela de edição de OS...
2025-11-05 20:57:20,920 - INFO - ⌛ Aguardando janela de edição de OS...
2025-11-05 20:57:41,628 - INFO - ⌛ Aguardando janela de edição de OS...
2025-11-05 20:58:02,350 - INFO - ⌛ Aguardando janela de edição de OS...
2025-11-05 20:58:23,065 - INFO - ⏱️ Tempo limite atingido. Abortando seleção
2025-11-05 20:58:54,266 - INFO - ⌛ Aguardando janela de confirmação de programação de OS...
2025-11-05 20:59:14,450 - INFO - ⌛ Aguardando janela de confirmação de programação de OS...
2025-11-05 20:59:34,975 - INFO - ⌛ Aguardando janela de confirmação de programação de OS...
2025-11-05 20:59:55,477 - INFO - ⌛ Aguardando janela de confirmação de programação de OS...
2025-11-05 21:00:15,909 - INFO - ⌛ Aguardando janela de confirmação de programação de OS...
2025-11-05 21:00:36,355 - INFO - ⌛ Aguardando janela de confirmação de programação de OS...
2025-11-05 21:00:56,826 - INFO - ⌛ Aguardando janela de confirmação de programação de OS...
2025-11-05 21:01:17,357 - INFO - ⌛ Aguardando janela de confirmação de programação de OS...
2025-11-05 21:01:37,760 - INFO - ⌛ Aguardando janela de confirmação de programação de OS...
2025-11-05 21:01:58,199 - INFO - ⌛ Aguardando janela de confirmação de programação de OS...
2025-11-05 21:02:18,576 - INFO - ⌛ Aguardando janela de confirmação de programação de OS...
2025-11-05 21:02:39,052 - INFO - ⌛ Aguardando janela de confirmação de programação de OS...
2025-11-05 21:02:59,550 - INFO - ⌛ Aguardando janela de confirmação de programação de OS...
2025-11-05 21:03:19,966 - INFO - ⌛ Aguardando janela de confirmação de programação de OS...
2025-11-05 21:03:40,419 - INFO - ⌛ Aguardando janela de confirmação de programação de OS...
2025-11-05 21:04:00,688 - INFO - ⌛ Aguardando janela de confirmação de programação de OS...
2025-11-05 21:04:21,240 - INFO - ⌛ Aguardando janela de confirmação de programação de OS...
2025-11-05 21:04:41,746 - INFO - ⌛ Aguardando janela de confirmação de programação de OS...
2025-11-05 21:05:02,155 - INFO - ⌛ Aguardando janela de confirmação de programação de OS...
2025-11-05 21:05:22,571 - INFO - ⌛ Aguardando janela de confirmação de programação de OS...
2025-11-05 21:05:42,950 - INFO - ⌛ Aguardando janela de confirmação de programação de OS...
2025-11-05 21:06:03,445 - INFO - ⌛ Aguardando janela de confirmação de programação de OS...
2025-11-05 21:06:23,956 - INFO - ⌛ Aguardando janela de confirmação de programação de OS...
2025-11-05 21:06:44,362 - INFO - ⌛ Aguardando janela de confirmação de programação de OS...
2025-11-05 21:07:04,793 - INFO - ⌛ Aguardando janela de confirmação de programação de OS...
2025-11-05 21:07:25,254 - INFO - ⌛ Aguardando janela de confirmação de programação de OS...
2025-11-05 21:07:45,658 - INFO - ⌛ Aguardando janela de confirmação de programação de OS...
2025-11-05 21:08:06,161 - INFO - ⌛ Aguardando janela de confirmação de programação de OS...
2025-11-05 21:08:26,665 - INFO - ⌛ Aguardando janela de confirmação de programação de OS...
2025-11-05 21:08:47,087 - INFO - ⏱️ Tempo limite atingido. Abortando seleção
2025-11-05 21:08:47,087 - INFO - 
=== Iniciando lote 1/62 [LV] ===
2025-11-05 21:08:53,948 - INFO - ⌛ Aguardando janela de seleção...
2025-11-05 21:09:14,078 - INFO - ⌛ Aguardando janela de seleção...
2025-11-05 21:09:34,631 - INFO - ⌛ Aguardando janela de seleção...
2025-11-05 21:09:55,091 - INFO - ⌛ Aguardando janela de seleção...
2025-11-05 21:10:15,518 - INFO - ⌛ Aguardando janela de seleção...
2025-11-05 21:10:35,743 - INFO - ⌛ Aguardando janela de seleção...
2025-11-05 21:10:56,247 - INFO - ⌛ Aguardando janela de seleção...
2025-11-05 21:11:16,732 - INFO - ⌛ Aguardando janela de seleção...
2025-11-05 21:11:37,146 - INFO - ⌛ Aguardando janela de seleção...
2025-11-05 21:11:57,568 - INFO - ⌛ Aguardando janela de seleção...
2025-11-05 21:12:17,855 - INFO - ⌛ Aguardando janela de seleção...
2025-11-05 21:12:38,345 - INFO - ⌛ Aguardando janela de seleção...
2025-11-05 21:12:58,808 - INFO - ⌛ Aguardando janela de seleção...
2025-11-05 21:13:19,232 - INFO - ⌛ Aguardando janela de seleção...
2025-11-05 21:13:39,676 - INFO - ⌛ Aguardando janela de seleção...
2025-11-05 21:13:59,933 - INFO - ⌛ Aguardando janela de seleção...
2025-11-05 21:14:20,399 - INFO - ⌛ Aguardando janela de seleção...
2025-11-05 21:14:40,927 - INFO - ⌛ Aguardando janela de seleção...
2025-11-05 21:15:01,511 - INFO - ⌛ Aguardando janela de seleção...
2025-11-05 21:15:22,048 - INFO - ⌛ Aguardando janela de seleção...
2025-11-05 21:15:42,522 - INFO - ⌛ Aguardando janela de seleção...
2025-11-05 21:16:02,932 - INFO - ⌛ Aguardando janela de seleção...
2025-11-05 21:16:23,326 - INFO - ⌛ Aguardando janela de seleção...
2025-11-05 21:16:43,713 - INFO - ⌛ Aguardando janela de seleção...
2025-11-05 21:17:04,174 - INFO - ⌛ Aguardando janela de seleção...
2025-11-05 21:17:24,656 - INFO - ⌛ Aguardando janela de seleção...
2025-11-05 21:17:45,057 - INFO - ⌛ Aguardando janela de seleção...
2025-11-05 21:18:05,448 - INFO - ⌛ Aguardando janela de seleção...
2025-11-05 21:18:25,734 - INFO - ⌛ Aguardando janela de seleção...
2025-11-05 21:18:46,264 - INFO - ⌛ Aguardando janela de seleção...
2025-11-05 21:19:06,722 - INFO - ⏱️ Tempo limite atingido. Abortando seleção
2025-11-05 21:19:23,596 - INFO - ⌛ Aguardando janela de confirmação de desbloqueio...
2025-11-05 21:19:43,761 - INFO - ⌛ Aguardando janela de confirmação de desbloqueio...
2025-11-05 21:20:04,269 - INFO - ⌛ Aguardando janela de confirmação de desbloqueio...
2025-11-05 21:20:24,694 - INFO - ⌛ Aguardando janela de confirmação de desbloqueio...
2025-11-05 21:20:44,893 - INFO - ⌛ Aguardando janela de confirmação de desbloqueio...
2025-11-05 21:21:05,412 - INFO - ⌛ Aguardando janela de confirmação de desbloqueio...
2025-11-05 21:21:25,880 - INFO - ⌛ Aguardando janela de confirmação de desbloqueio...
2025-11-05 21:21:46,299 - INFO - ⌛ Aguardando janela de confirmação de desbloqueio...
2025-11-05 21:22:06,734 - INFO - ⌛ Aguardando janela de confirmação de desbloqueio...
2025-11-05 21:22:27,162 - INFO - ⌛ Aguardando janela de confirmação de desbloqueio...
2025-11-05 21:22:47,664 - INFO - ⌛ Aguardando janela de confirmação de desbloqueio...
2025-11-05 21:23:08,156 - INFO - ⌛ Aguardando janela de confirmação de desbloqueio...
2025-11-05 21:23:28,601 - INFO - ⌛ Aguardando janela de confirmação de desbloqueio...
2025-11-05 21:23:48,999 - INFO - ⌛ Aguardando janela de confirmação de desbloqueio...
2025-11-05 21:24:09,501 - INFO - ⌛ Aguardando janela de confirmação de desbloqueio...
2025-11-05 21:24:30,054 - INFO - ⌛ Aguardando janela de confirmação de desbloqueio...
2025-11-05 21:24:50,560 - INFO - ⌛ Aguardando janela de confirmação de desbloqueio...
2025-11-05 21:25:10,971 - INFO - ⌛ Aguardando janela de confirmação de desbloqueio...
2025-11-05 21:25:31,405 - INFO - ⌛ Aguardando janela de confirmação de desbloqueio...
2025-11-05 21:25:51,893 - INFO - ⌛ Aguardando janela de confirmação de desbloqueio...
2025-11-05 21:26:12,409 - INFO - ⌛ Aguardando janela de confirmação de desbloqueio...
2025-11-05 21:26:32,896 - INFO - ⌛ Aguardando janela de confirmação de desbloqueio...
2025-11-05 21:26:53,300 - INFO - ⌛ Aguardando janela de confirmação de desbloqueio...
2025-11-05 21:27:13,727 - INFO - ⌛ Aguardando janela de confirmação de desbloqueio...
2025-11-05 21:27:34,035 - INFO - ⌛ Aguardando janela de confirmação de desbloqueio...
2025-11-05 21:27:54,519 - INFO - ⌛ Aguardando janela de confirmação de desbloqueio...
2025-11-05 21:28:15,029 - INFO - ⌛ Aguardando janela de confirmação de desbloqueio...
2025-11-05 21:28:35,450 - INFO - ⌛ Aguardando janela de confirmação de desbloqueio...
2025-11-05 21:28:55,923 - INFO - ⌛ Aguardando janela de confirmação de desbloqueio...
2025-11-05 21:29:16,258 - INFO - ⌛ Aguardando janela de confirmação de desbloqueio...
2025-11-05 21:29:36,777 - INFO - ⏱️ Tempo limite atingido. Abortando etapa
2025-11-05 21:30:07,961 - INFO - ⌛ Aguardando janela de edição de OS...
2025-11-05 21:30:29,285 - INFO - ⌛ Aguardando janela de edição de OS...
2025-11-05 21:30:50,293 - INFO - ⌛ Aguardando janela de edição de OS...
2025-11-05 21:31:11,008 - INFO - ⌛ Aguardando janela de edição de OS...
2025-11-05 21:31:32,112 - INFO - ⌛ Aguardando janela de edição de OS...
2025-11-05 21:31:52,863 - INFO - ⌛ Aguardando janela de edição de OS...
2025-11-05 21:32:13,632 - INFO - ⌛ Aguardando janela de edição de OS...
2025-11-05 21:32:34,394 - INFO - ⌛ Aguardando janela de edição de OS...
2025-11-05 21:32:55,146 - INFO - ⌛ Aguardando janela de edição de OS...
2025-11-05 21:33:15,879 - INFO - ⌛ Aguardando janela de edição de OS...
2025-11-05 21:33:36,652 - INFO - ⌛ Aguardando janela de edição de OS...
2025-11-05 21:33:57,418 - INFO - ⌛ Aguardando janela de edição de OS...
2025-11-05 21:34:18,182 - INFO - ⌛ Aguardando janela de edição de OS...
2025-11-05 21:34:38,943 - INFO - ⌛ Aguardando janela de edição de OS...
2025-11-05 21:34:59,736 - INFO - ⌛ Aguardando janela de edição de OS...
2025-11-05 21:35:20,536 - INFO - ⌛ Aguardando janela de edição de OS...
2025-11-05 21:35:41,296 - INFO - ⌛ Aguardando janela de edição de OS...
2025-11-05 21:36:02,036 - INFO - ⌛ Aguardando janela de edição de OS...
2025-11-05 21:36:22,791 - INFO - ⌛ Aguardando janela de edição de OS...
2025-11-05 21:36:43,562 - INFO - ⌛ Aguardando janela de edição de OS...
2025-11-05 21:37:04,311 - INFO - ⌛ Aguardando janela de edição de OS...
2025-11-05 21:37:25,123 - INFO - ⌛ Aguardando janela de edição de OS...
2025-11-05 21:37:45,887 - INFO - ⌛ Aguardando janela de edição de OS...
2025-11-05 21:38:06,630 - INFO - ⌛ Aguardando janela de edição de OS...
2025-11-05 21:38:27,391 - INFO - ⌛ Aguardando janela de edição de OS...
2025-11-05 21:38:48,148 - INFO - ⌛ Aguardando janela de edição de OS...
2025-11-05 21:39:08,925 - INFO - ⌛ Aguardando janela de edição de OS...
2025-11-05 21:39:29,700 - INFO - ⌛ Aguardando janela de edição de OS...
2025-11-05 21:39:50,498 - INFO - ⏱️ Tempo limite atingido. Abortando seleção
2025-11-05 21:40:21,731 - INFO - ⌛ Aguardando janela de confirmação de programação de OS...
2025-11-05 21:40:41,900 - INFO - ⌛ Aguardando janela de confirmação de programação de OS...
2025-11-05 21:41:02,400 - INFO - ⌛ Aguardando janela de confirmação de programação de OS...
2025-11-05 21:41:22,818 - INFO - ⌛ Aguardando janela de confirmação de programação de OS...
2025-11-05 21:41:43,246 - INFO - ⌛ Aguardando janela de confirmação de programação de OS...
2025-11-05 21:42:03,689 - INFO - ⌛ Aguardando janela de confirmação de programação de OS...
2025-11-05 21:42:24,185 - INFO - ⌛ Aguardando janela de confirmação de programação de OS...
2025-11-05 21:42:44,683 - INFO - ⌛ Aguardando janela de confirmação de programação de OS...
2025-11-05 21:43:05,104 - INFO - ⌛ Aguardando janela de confirmação de programação de OS...
2025-11-05 21:43:25,420 - INFO - ⌛ Aguardando janela de confirmação de programação de OS...
2025-11-05 21:43:45,920 - INFO - ⌛ Aguardando janela de confirmação de programação de OS...
2025-11-05 21:44:06,484 - INFO - ⌛ Aguardando janela de confirmação de programação de OS...
2025-11-05 21:44:26,985 - INFO - ⌛ Aguardando janela de confirmação de programação de OS...
2025-11-05 21:44:47,393 - INFO - ⌛ Aguardando janela de confirmação de programação de OS...
2025-11-05 21:45:07,817 - INFO - ⌛ Aguardando janela de confirmação de programação de OS...
2025-11-05 21:45:28,348 - INFO - ⌛ Aguardando janela de confirmação de programação de OS...
2025-11-05 21:45:48,923 - INFO - ⌛ Aguardando janela de confirmação de programação de OS...
2025-11-05 21:46:09,448 - INFO - ⌛ Aguardando janela de confirmação de programação de OS...
2025-11-05 21:46:29,903 - INFO - ⌛ Aguardando janela de confirmação de programação de OS...
2025-11-05 21:46:50,334 - INFO - ⌛ Aguardando janela de confirmação de programação de OS...
2025-11-05 21:47:10,535 - INFO - ⌛ Aguardando janela de confirmação de programação de OS...
2025-11-05 21:47:31,033 - INFO - ⌛ Aguardando janela de confirmação de programação de OS...
2025-11-05 21:47:51,537 - INFO - ⌛ Aguardando janela de confirmação de programação de OS...
2025-11-05 21:48:11,954 - INFO - ⌛ Aguardando janela de confirmação de programação de OS...
2025-11-05 21:48:32,396 - INFO - ⌛ Aguardando janela de confirmação de programação de OS...
2025-11-05 21:48:52,668 - INFO - ⌛ Aguardando janela de confirmação de programação de OS...
2025-11-05 21:49:13,150 - INFO - ⌛ Aguardando janela de confirmação de programação de OS...
2025-11-05 21:49:33,631 - INFO - ⌛ Aguardando janela de confirmação de programação de OS...
2025-11-05 21:49:54,051 - INFO - ⌛ Aguardando janela de confirmação de programação de OS...
2025-11-05 21:50:14,449 - INFO - ⏱️ Tempo limite atingido. Abortando seleção
2025-11-05 21:50:14,449 - INFO - 
=== Iniciando lote 2/62 [LV] ===
2025-11-05 21:50:21,289 - INFO - ⌛ Aguardando janela de seleção...
2025-11-05 21:50:41,441 - INFO - ⌛ Aguardando janela de seleção...
2025-11-05 21:51:02,004 - INFO - ⌛ Aguardando janela de seleção...
2025-11-05 21:51:22,487 - INFO - ⌛ Aguardando janela de seleção...
2025-11-05 21:51:42,897 - INFO - ⌛ Aguardando janela de seleção...
2025-11-05 21:52:03,331 - INFO - ⌛ Aguardando janela de seleção...
2025-11-05 21:52:23,851 - INFO - ⌛ Aguardando janela de seleção...
2025-11-05 21:52:44,375 - INFO - ⌛ Aguardando janela de seleção...
2025-11-05 21:53:04,933 - INFO - ⌛ Aguardando janela de seleção...
2025-11-05 21:53:25,418 - INFO - ⌛ Aguardando janela de seleção...
2025-11-05 21:53:45,833 - INFO - ⌛ Aguardando janela de seleção...
2025-11-05 21:54:06,059 - INFO - ⌛ Aguardando janela de seleção...
2025-11-05 21:54:26,557 - INFO - ⌛ Aguardando janela de seleção...
2025-11-05 21:54:47,066 - INFO - ⌛ Aguardando janela de seleção...
2025-11-05 21:55:07,467 - INFO - ⌛ Aguardando janela de seleção...
2025-11-05 21:55:27,881 - INFO - ⌛ Aguardando janela de seleção...
2025-11-05 21:55:48,265 - INFO - ⌛ Aguardando janela de seleção...
2025-11-05 21:56:08,809 - INFO - ⌛ Aguardando janela de seleção...
2025-11-05 21:56:29,282 - INFO - ⌛ Aguardando janela de seleção...
2025-11-05 21:56:49,779 - INFO - ⌛ Aguardando janela de seleção...
2025-11-05 21:57:10,194 - INFO - ⌛ Aguardando janela de seleção...
2025-11-05 21:57:30,408 - INFO - ⌛ Aguardando janela de seleção...
2025-11-05 21:57:50,904 - INFO - ⌛ Aguardando janela de seleção...
2025-11-05 21:58:11,367 - INFO - ⌛ Aguardando janela de seleção...
2025-11-05 21:58:31,841 - INFO - ⌛ Aguardando janela de seleção...
2025-11-05 21:58:52,264 - INFO - ⌛ Aguardando janela de seleção...
2025-11-05 21:59:12,500 - INFO - ⌛ Aguardando janela de seleção...
2025-11-05 21:59:32,982 - INFO - ⌛ Aguardando janela de seleção...
2025-11-05 21:59:53,460 - INFO - ⌛ Aguardando janela de seleção...
2025-11-05 22:00:13,922 - INFO - ⌛ Aguardando janela de seleção...
2025-11-05 22:00:34,338 - INFO - ⏱️ Tempo limite atingido. Abortando seleção
2025-11-05 22:00:51,636 - INFO - ⌛ Aguardando janela de confirmação de desbloqueio...
2025-11-05 22:01:11,816 - INFO - ⌛ Aguardando janela de confirmação de desbloqueio...
2025-11-05 22:01:32,293 - INFO - ⌛ Aguardando janela de confirmação de desbloqueio...
2025-11-05 22:01:52,839 - INFO - ⌛ Aguardando janela de confirmação de desbloqueio...
2025-11-05 22:02:13,361 - INFO - ⌛ Aguardando janela de confirmação de desbloqueio...
2025-11-05 22:02:33,854 - INFO - ⌛ Aguardando janela de confirmação de desbloqueio...
2025-11-05 22:02:54,334 - INFO - ⌛ Aguardando janela de confirmação de desbloqueio...
2025-11-05 22:03:14,768 - INFO - ⌛ Aguardando janela de confirmação de desbloqueio...
2025-11-05 22:03:35,242 - INFO - ⌛ Aguardando janela de confirmação de desbloqueio...
2025-11-05 22:03:55,724 - INFO - ⌛ Aguardando janela de confirmação de desbloqueio...
2025-11-05 22:04:16,226 - INFO - ⌛ Aguardando janela de confirmação de desbloqueio...
2025-11-05 22:04:36,636 - INFO - ⌛ Aguardando janela de confirmação de desbloqueio...
2025-11-05 22:04:57,062 - INFO - ⌛ Aguardando janela de confirmação de desbloqueio...
2025-11-05 22:05:17,421 - INFO - ⌛ Aguardando janela de confirmação de desbloqueio...
2025-11-05 22:05:37,937 - INFO - ⌛ Aguardando janela de confirmação de desbloqueio...
2025-11-05 22:05:58,439 - INFO - ⌛ Aguardando janela de confirmação de desbloqueio...
2025-11-05 22:06:18,856 - INFO - ⌛ Aguardando janela de confirmação de desbloqueio...
2025-11-05 22:06:39,275 - INFO - ⌛ Aguardando janela de confirmação de desbloqueio...
2025-11-05 22:06:59,677 - INFO - ⌛ Aguardando janela de confirmação de desbloqueio...
2025-11-05 22:07:20,157 - INFO - ⌛ Aguardando janela de confirmação de desbloqueio...
2025-11-05 22:07:40,708 - INFO - ⌛ Aguardando janela de confirmação de desbloqueio...
2025-11-05 22:08:01,228 - INFO - ⌛ Aguardando janela de confirmação de desbloqueio...
2025-11-05 22:08:21,680 - INFO - ⌛ Aguardando janela de confirmação de desbloqueio...
2025-11-05 22:08:42,127 - INFO - ⌛ Aguardando janela de confirmação de desbloqueio...
2025-11-05 22:09:02,528 - INFO - ⌛ Aguardando janela de confirmação de desbloqueio...
2025-11-05 22:09:23,052 - INFO - ⌛ Aguardando janela de confirmação de desbloqueio...
2025-11-05 22:09:43,546 - INFO - ⌛ Aguardando janela de confirmação de desbloqueio...
2025-11-05 22:10:03,949 - INFO - ⌛ Aguardando janela de confirmação de desbloqueio...
2025-11-05 22:10:24,405 - INFO - ⌛ Aguardando janela de confirmação de desbloqueio...
2025-11-05 22:10:44,917 - INFO - ⏱️ Tempo limite atingido. Abortando etapa
2025-11-05 22:11:16,173 - INFO - ⌛ Aguardando janela de edição de OS...
2025-11-05 22:11:37,407 - INFO - ⌛ Aguardando janela de edição de OS...
2025-11-05 22:11:58,483 - INFO - ⌛ Aguardando janela de edição de OS...
2025-11-05 22:12:19,241 - INFO - ⌛ Aguardando janela de edição de OS...
2025-11-05 22:12:40,019 - INFO - ⌛ Aguardando janela de edição de OS...
2025-11-05 22:13:00,809 - INFO - ⌛ Aguardando janela de edição de OS...
2025-11-05 22:13:21,577 - INFO - ⌛ Aguardando janela de edição de OS...
2025-11-05 22:13:42,373 - INFO - ⌛ Aguardando janela de edição de OS...
2025-11-05 22:14:03,132 - INFO - ⌛ Aguardando janela de edição de OS...
2025-11-05 22:14:23,929 - INFO - ⌛ Aguardando janela de edição de OS...
2025-11-05 22:14:44,717 - INFO - ⌛ Aguardando janela de edição de OS...
2025-11-05 22:15:05,480 - INFO - ⌛ Aguardando janela de edição de OS...
2025-11-05 22:15:26,272 - INFO - ⌛ Aguardando janela de edição de OS...
2025-11-05 22:15:47,020 - INFO - ⌛ Aguardando janela de edição de OS...
2025-11-05 22:16:07,757 - INFO - ⌛ Aguardando janela de edição de OS...
2025-11-05 22:16:28,498 - INFO - ⌛ Aguardando janela de edição de OS...
2025-11-05 22:16:49,283 - INFO - ⌛ Aguardando janela de edição de OS...
2025-11-05 22:17:10,114 - INFO - ⌛ Aguardando janela de edição de OS...
2025-11-05 22:17:30,949 - INFO - ⌛ Aguardando janela de edição de OS...
2025-11-05 22:17:51,744 - INFO - ⌛ Aguardando janela de edição de OS...
2025-11-05 22:18:12,551 - INFO - ⌛ Aguardando janela de edição de OS...
2025-11-05 22:18:33,326 - INFO - ⌛ Aguardando janela de edição de OS...
2025-11-05 22:18:54,070 - INFO - ⌛ Aguardando janela de edição de OS...
2025-11-05 22:19:14,838 - INFO - ⌛ Aguardando janela de edição de OS...
2025-11-05 22:19:35,605 - INFO - ⌛ Aguardando janela de edição de OS...
2025-11-05 22:19:56,396 - INFO - ⌛ Aguardando janela de edição de OS...
2025-11-05 22:20:17,149 - INFO - ⌛ Aguardando janela de edição de OS...
2025-11-05 22:20:37,918 - INFO - ⌛ Aguardando janela de edição de OS...
2025-11-05 22:20:58,673 - INFO - ⏱️ Tempo limite atingido. Abortando seleção
2025-11-05 22:21:29,774 - INFO - ⌛ Aguardando janela de confirmação de programação de OS...
2025-11-05 22:21:49,939 - INFO - ⌛ Aguardando janela de confirmação de programação de OS...
2025-11-05 22:22:10,415 - INFO - ⌛ Aguardando janela de confirmação de programação de OS...
2025-11-05 22:22:30,849 - INFO - ⌛ Aguardando janela de confirmação de programação de OS...
2025-11-05 22:22:51,256 - INFO - ⌛ Aguardando janela de confirmação de programação de OS...
2025-11-05 22:23:11,753 - INFO - ⌛ Aguardando janela de confirmação de programação de OS...
2025-11-05 22:23:32,278 - INFO - ⌛ Aguardando janela de confirmação de programação de OS...
2025-11-05 22:23:52,769 - INFO - ⌛ Aguardando janela de confirmação de programação de OS...
2025-11-05 22:24:13,185 - INFO - ⌛ Aguardando janela de confirmação de programação de OS...
2025-11-05 22:24:33,612 - INFO - ⌛ Aguardando janela de confirmação de programação de OS...
2025-11-05 22:24:54,067 - INFO - ⌛ Aguardando janela de confirmação de programação de OS...
2025-11-05 22:25:14,594 - INFO - ⌛ Aguardando janela de confirmação de programação de OS...
2025-11-05 22:25:35,096 - INFO - ⌛ Aguardando janela de confirmação de programação de OS...
2025-11-05 22:25:55,514 - INFO - ⌛ Aguardando janela de confirmação de programação de OS...
2025-11-05 22:26:15,967 - INFO - ⌛ Aguardando janela de confirmação de programação de OS...
2025-11-05 22:26:36,321 - INFO - ⌛ Aguardando janela de confirmação de programação de OS...
2025-11-05 22:26:56,767 - INFO - ⌛ Aguardando janela de confirmação de programação de OS...
2025-11-05 22:27:17,250 - INFO - ⌛ Aguardando janela de confirmação de programação de OS...
2025-11-05 22:27:37,717 - INFO - ⌛ Aguardando janela de confirmação de programação de OS...
2025-11-05 22:27:57,954 - INFO - ⌛ Aguardando janela de confirmação de programação de OS...
2025-11-05 22:28:18,456 - INFO - ⌛ Aguardando janela de confirmação de programação de OS...
2025-11-05 22:28:38,953 - INFO - ⌛ Aguardando janela de confirmação de programação de OS...
2025-11-05 22:28:59,437 - INFO - ⌛ Aguardando janela de confirmação de programação de OS...
2025-11-05 22:29:19,864 - INFO - ⌛ Aguardando janela de confirmação de programação de OS...
2025-11-05 22:29:40,231 - INFO - ⌛ Aguardando janela de confirmação de programação de OS...
2025-11-05 22:30:00,651 - INFO - ⌛ Aguardando janela de confirmação de programação de OS...
2025-11-05 22:30:21,230 - INFO - ⌛ Aguardando janela de confirmação de programação de OS...
2025-11-05 22:30:41,718 - INFO - ⌛ Aguardando janela de confirmação de programação de OS...
2025-11-05 22:31:02,128 - INFO - ⌛ Aguardando janela de confirmação de programação de OS...
2025-11-05 22:31:22,557 - INFO - ⏱️ Tempo limite atingido. Abortando seleção
2025-11-05 22:31:22,557 - INFO - 
=== Iniciando lote 3/62 [LV] ===
2025-11-05 22:31:29,384 - INFO - ⌛ Aguardando janela de seleção...
2025-11-05 22:31:49,540 - INFO - ⌛ Aguardando janela de seleção...
2025-11-05 22:32:10,050 - INFO - ⌛ Aguardando janela de seleção...
2025-11-05 22:32:30,583 - INFO - ⌛ Aguardando janela de seleção...
2025-11-05 22:32:50,978 - INFO - ⌛ Aguardando janela de seleção...
2025-11-05 22:33:11,387 - INFO - ⌛ Aguardando janela de seleção...
2025-11-05 22:33:31,804 - INFO - ⌛ Aguardando janela de seleção...
2025-11-05 22:33:52,279 - INFO - ⌛ Aguardando janela de seleção...
2025-11-05 22:34:12,756 - INFO - ⌛ Aguardando janela de seleção...
2025-11-05 22:34:33,174 - INFO - ⌛ Aguardando janela de seleção...
2025-11-05 22:34:53,460 - INFO - ⌛ Aguardando janela de seleção...
2025-11-05 22:35:13,918 - INFO - ⌛ Aguardando janela de seleção...
2025-11-05 22:35:34,433 - INFO - ⌛ Aguardando janela de seleção...
2025-11-05 22:35:54,916 - INFO - ⌛ Aguardando janela de seleção...
2025-11-05 22:36:15,316 - INFO - ⌛ Aguardando janela de seleção...
2025-11-05 22:36:35,719 - INFO - ⌛ Aguardando janela de seleção...
2025-11-05 22:36:56,135 - INFO - ⌛ Aguardando janela de seleção...
2025-11-05 22:37:16,598 - INFO - ⌛ Aguardando janela de seleção...
2025-11-05 22:37:37,063 - INFO - ⌛ Aguardando janela de seleção...
2025-11-05 22:37:57,467 - INFO - ⌛ Aguardando janela de seleção...
2025-11-05 22:38:17,871 - INFO - ⌛ Aguardando janela de seleção...
2025-11-05 22:38:38,340 - INFO - ⌛ Aguardando janela de seleção...
2025-11-05 22:38:58,890 - INFO - ⌛ Aguardando janela de seleção...
2025-11-05 22:39:19,404 - INFO - ⌛ Aguardando janela de seleção...
2025-11-05 22:39:39,797 - INFO - ⌛ Aguardando janela de seleção...
2025-11-05 22:40:00,193 - INFO - ⌛ Aguardando janela de seleção...
2025-11-05 22:40:20,657 - INFO - ⌛ Aguardando janela de seleção...
2025-11-05 22:40:41,143 - INFO - ⌛ Aguardando janela de seleção...
2025-11-05 22:41:01,614 - INFO - ⌛ Aguardando janela de seleção...
2025-11-05 22:41:22,005 - INFO - ⌛ Aguardando janela de seleção...
2025-11-05 22:41:42,413 - INFO - ⏱️ Tempo limite atingido. Abortando seleção
2025-11-05 22:41:59,604 - INFO - ⌛ Aguardando janela de confirmação de desbloqueio...
2025-11-05 22:42:19,813 - INFO - ⌛ Aguardando janela de confirmação de desbloqueio...
2025-11-05 22:42:40,272 - INFO - ⌛ Aguardando janela de confirmação de desbloqueio...
2025-11-05 22:43:00,760 - INFO - ⌛ Aguardando janela de confirmação de desbloqueio...
2025-11-05 22:43:21,251 - INFO - ⌛ Aguardando janela de confirmação de desbloqueio...
2025-11-05 22:43:41,680 - INFO - ⌛ Aguardando janela de confirmação de desbloqueio...
2025-11-05 22:44:02,106 - INFO - ⌛ Aguardando janela de confirmação de desbloqueio...
2025-11-05 22:44:22,481 - INFO - ⌛ Aguardando janela de confirmação de desbloqueio...
2025-11-05 22:44:43,010 - INFO - ⌛ Aguardando janela de confirmação de desbloqueio...
2025-11-05 22:45:03,492 - INFO - ⌛ Aguardando janela de confirmação de desbloqueio...
2025-11-05 22:45:23,904 - INFO - ⌛ Aguardando janela de confirmação de desbloqueio...
2025-11-05 22:45:44,324 - INFO - ⌛ Aguardando janela de confirmação de desbloqueio...
2025-11-05 22:46:04,813 - INFO - ⌛ Aguardando janela de confirmação de desbloqueio...
2025-11-05 22:46:25,296 - INFO - ⌛ Aguardando janela de confirmação de desbloqueio...
2025-11-05 22:46:45,801 - INFO - ⌛ Aguardando janela de confirmação de desbloqueio...
2025-11-05 22:47:06,299 - INFO - ⌛ Aguardando janela de confirmação de desbloqueio...
2025-11-05 22:47:26,772 - INFO - ⌛ Aguardando janela de confirmação de desbloqueio...
2025-11-05 22:47:46,926 - INFO - ⌛ Aguardando janela de confirmação de desbloqueio...
2025-11-05 22:48:07,438 - INFO - ⌛ Aguardando janela de confirmação de desbloqueio...
2025-11-05 22:48:28,042 - INFO - ⌛ Aguardando janela de confirmação de desbloqueio...
2025-11-05 22:48:48,554 - INFO - ⌛ Aguardando janela de confirmação de desbloqueio...
2025-11-05 22:49:08,977 - INFO - ⌛ Aguardando janela de confirmação de desbloqueio...
2025-11-05 22:49:29,413 - INFO - ⌛ Aguardando janela de confirmação de desbloqueio...
2025-11-05 22:49:49,750 - INFO - ⌛ Aguardando janela de confirmação de desbloqueio...
2025-11-05 22:50:10,288 - INFO - ⌛ Aguardando janela de confirmação de desbloqueio...
2025-11-05 22:50:30,770 - INFO - ⌛ Aguardando janela de confirmação de desbloqueio...
2025-11-05 22:50:51,207 - INFO - ⌛ Aguardando janela de confirmação de desbloqueio...
2025-11-05 22:51:11,643 - INFO - ⌛ Aguardando janela de confirmação de desbloqueio...
2025-11-05 22:51:32,082 - INFO - ⌛ Aguardando janela de confirmação de desbloqueio...
2025-11-05 22:51:52,648 - INFO - ⏱️ Tempo limite atingido. Abortando etapa
2025-11-05 22:52:23,833 - INFO - ⌛ Aguardando janela de edição de OS...
2025-11-05 22:52:44,951 - INFO - ⌛ Aguardando janela de edição de OS...
2025-11-05 22:53:05,995 - INFO - ⌛ Aguardando janela de edição de OS...
2025-11-05 22:53:26,747 - INFO - ⌛ Aguardando janela de edição de OS...
2025-11-05 22:53:47,471 - INFO - ⌛ Aguardando janela de edição de OS...
2025-11-05 22:54:08,265 - INFO - ⌛ Aguardando janela de edição de OS...
2025-11-05 22:54:29,149 - INFO - ⌛ Aguardando janela de edição de OS...
2025-11-05 22:54:49,941 - INFO - ⌛ Aguardando janela de edição de OS...
2025-11-05 22:55:10,740 - INFO - ⌛ Aguardando janela de edição de OS...
2025-11-05 22:55:31,505 - INFO - ⌛ Aguardando janela de edição de OS...
2025-11-05 22:55:52,281 - INFO - ⌛ Aguardando janela de edição de OS...
2025-11-05 22:56:13,046 - INFO - ⌛ Aguardando janela de edição de OS...
2025-11-05 22:56:33,819 - INFO - ⌛ Aguardando janela de edição de OS...
2025-11-05 22:56:54,559 - INFO - ⌛ Aguardando janela de edição de OS...
2025-11-05 22:57:15,849 - INFO - ⌛ Aguardando janela de edição de OS...
2025-11-05 22:57:36,602 - INFO - ⌛ Aguardando janela de edição de OS...
2025-11-05 22:57:57,326 - INFO - ⌛ Aguardando janela de edição de OS...
2025-11-05 22:58:18,031 - INFO - ⌛ Aguardando janela de edição de OS...
2025-11-05 22:58:38,686 - INFO - ⌛ Aguardando janela de edição de OS...
2025-11-05 22:58:59,574 - INFO - ⌛ Aguardando janela de edição de OS...
2025-11-05 22:59:20,285 - INFO - ⌛ Aguardando janela de edição de OS...
2025-11-05 22:59:40,975 - INFO - ⌛ Aguardando janela de edição de OS...
2025-11-05 23:00:01,632 - INFO - ⌛ Aguardando janela de edição de OS...
2025-11-05 23:00:22,660 - INFO - ⌛ Aguardando janela de edição de OS...
2025-11-05 23:00:43,365 - INFO - ⌛ Aguardando janela de edição de OS...
2025-11-05 23:01:04,075 - INFO - ⌛ Aguardando janela de edição de OS...
2025-11-05 23:01:25,040 - INFO - ⌛ Aguardando janela de edição de OS...
2025-11-05 23:01:45,516 - INFO - ⌛ Aguardando janela de edição de OS...
2025-11-05 23:02:06,557 - INFO - ⏱️ Tempo limite atingido. Abortando seleção
2025-11-05 23:02:37,688 - INFO - ⌛ Aguardando janela de confirmação de programação de OS...
2025-11-05 23:02:57,888 - INFO - ⌛ Aguardando janela de confirmação de programação de OS...
2025-11-05 23:03:18,408 - INFO - ⌛ Aguardando janela de confirmação de programação de OS...
2025-11-05 23:03:38,899 - INFO - ⌛ Aguardando janela de confirmação de programação de OS...
2025-11-05 23:03:59,402 - INFO - ⌛ Aguardando janela de confirmação de programação de OS...
2025-11-05 23:04:19,821 - INFO - ⌛ Aguardando janela de confirmação de programação de OS...
2025-11-05 23:04:40,248 - INFO - ⌛ Aguardando janela de confirmação de programação de OS...
2025-11-05 23:05:00,625 - INFO - ⌛ Aguardando janela de confirmação de programação de OS...
2025-11-05 23:05:21,110 - INFO - ⌛ Aguardando janela de confirmação de programação de OS...
2025-11-05 23:05:41,603 - INFO - ⌛ Aguardando janela de confirmação de programação de OS...
2025-11-05 23:06:02,024 - INFO - ⌛ Aguardando janela de confirmação de programação de OS...
2025-11-05 23:06:22,500 - INFO - ⌛ Aguardando janela de confirmação de programação de OS...
2025-11-05 23:06:42,944 - INFO - ⌛ Aguardando janela de confirmação de programação de OS...
2025-11-05 23:07:03,483 - INFO - ⌛ Aguardando janela de confirmação de programação de OS...
2025-11-05 23:07:24,101 - INFO - ⌛ Aguardando janela de confirmação de programação de OS...
2025-11-05 23:07:44,602 - INFO - ⌛ Aguardando janela de confirmação de programação de OS...
2025-11-05 23:08:05,039 - INFO - ⌛ Aguardando janela de confirmação de programação de OS...
2025-11-05 23:08:25,454 - INFO - ⌛ Aguardando janela de confirmação de programação de OS...
2025-11-05 23:08:45,911 - INFO - ⌛ Aguardando janela de confirmação de programação de OS...
2025-11-05 23:09:06,420 - INFO - ⌛ Aguardando janela de confirmação de programação de OS...
2025-11-05 23:09:26,920 - INFO - ⌛ Aguardando janela de confirmação de programação de OS...
2025-11-05 23:09:47,362 - INFO - ⌛ Aguardando janela de confirmação de programação de OS...
2025-11-05 23:10:07,798 - INFO - ⌛ Aguardando janela de confirmação de programação de OS...
2025-11-05 23:10:28,195 - INFO - ⌛ Aguardando janela de confirmação de programação de OS...
2025-11-05 23:10:48,717 - INFO - ⌛ Aguardando janela de confirmação de programação de OS...
2025-11-05 23:11:09,230 - INFO - ⌛ Aguardando janela de confirmação de programação de OS...
2025-11-05 23:11:29,674 - INFO - ⌛ Aguardando janela de confirmação de programação de OS...
2025-11-05 23:11:50,141 - INFO - ⌛ Aguardando janela de confirmação de programação de OS...
2025-11-05 23:12:10,457 - INFO - ⌛ Aguardando janela de confirmação de programação de OS...
2025-11-05 23:12:30,894 - INFO - ⏱️ Tempo limite atingido. Abortando seleção
2025-11-05 23:12:30,894 - INFO - 
=== Iniciando lote 4/62 [LV] ===
2025-11-05 23:12:37,724 - INFO - ⌛ Aguardando janela de seleção...
2025-11-05 23:12:57,884 - INFO - ⌛ Aguardando janela de seleção...
2025-11-05 23:13:18,316 - INFO - ⌛ Aguardando janela de seleção...
2025-11-05 23:13:38,805 - INFO - ⌛ Aguardando janela de seleção...
2025-11-05 23:13:59,300 - INFO - ⌛ Aguardando janela de seleção...
2025-11-05 23:14:19,772 - INFO - ⌛ Aguardando janela de seleção...
2025-11-05 23:14:40,203 - INFO - ⌛ Aguardando janela de seleção...
2025-11-05 23:15:00,640 - INFO - ⌛ Aguardando janela de seleção...
2025-11-05 23:15:20,983 - INFO - ⌛ Aguardando janela de seleção...
2025-11-05 23:15:41,454 - INFO - ⌛ Aguardando janela de seleção...
2025-11-05 23:16:01,943 - INFO - ⌛ Aguardando janela de seleção...
2025-11-05 23:16:22,336 - INFO - ⌛ Aguardando janela de seleção...
2025-11-05 23:16:42,744 - INFO - ⌛ Aguardando janela de seleção...
2025-11-05 23:17:03,064 - INFO - ⌛ Aguardando janela de seleção...
2025-11-05 23:17:23,531 - INFO - ⌛ Aguardando janela de seleção...
2025-11-05 23:17:44,028 - INFO - ⌛ Aguardando janela de seleção...
2025-11-05 23:18:04,431 - INFO - ⌛ Aguardando janela de seleção...
2025-11-05 23:18:24,863 - INFO - ⌛ Aguardando janela de seleção...
2025-11-05 23:18:45,231 - INFO - ⌛ Aguardando janela de seleção...
2025-11-05 23:19:05,725 - INFO - ⌛ Aguardando janela de seleção...
2025-11-05 23:19:26,189 - INFO - ⌛ Aguardando janela de seleção...
2025-11-05 23:19:46,579 - INFO - ⌛ Aguardando janela de seleção...
2025-11-05 23:20:06,986 - INFO - ⌛ Aguardando janela de seleção...
2025-11-05 23:20:27,424 - INFO - ⌛ Aguardando janela de seleção...
2025-11-05 23:20:47,963 - INFO - ⌛ Aguardando janela de seleção...
2025-11-05 23:21:08,184 - INFO - ⌛ Aguardando janela de seleção...
2025-11-05 23:21:28,610 - INFO - ⌛ Aguardando janela de seleção...
2025-11-05 23:21:49,062 - INFO - ⌛ Aguardando janela de seleção...
2025-11-05 23:22:09,542 - INFO - ⌛ Aguardando janela de seleção...
2025-11-05 23:22:29,969 - INFO - ⌛ Aguardando janela de seleção...
2025-11-05 23:22:50,370 - INFO - ⏱️ Tempo limite atingido. Abortando seleção
2025-11-05 23:23:07,495 - INFO - ⌛ Aguardando janela de confirmação de desbloqueio...
2025-11-05 23:23:27,701 - INFO - ⌛ Aguardando janela de confirmação de desbloqueio...
2025-11-05 23:23:48,161 - INFO - ⌛ Aguardando janela de confirmação de desbloqueio...
2025-11-05 23:24:08,685 - INFO - ⌛ Aguardando janela de confirmação de desbloqueio...
2025-11-05 23:24:29,195 - INFO - ⌛ Aguardando janela de confirmação de desbloqueio...
2025-11-05 23:24:49,654 - INFO - ⌛ Aguardando janela de confirmação de desbloqueio...
2025-11-05 23:25:10,120 - INFO - ⌛ Aguardando janela de confirmação de desbloqueio...
2025-11-05 23:25:30,466 - INFO - ⌛ Aguardando janela de confirmação de desbloqueio...
2025-11-05 23:25:50,962 - INFO - ⌛ Aguardando janela de confirmação de desbloqueio...
2025-11-05 23:26:11,427 - INFO - ⌛ Aguardando janela de confirmação de desbloqueio...
2025-11-05 23:26:31,873 - INFO - ⌛ Aguardando janela de confirmação de desbloqueio...
2025-11-05 23:26:52,289 - INFO - ⌛ Aguardando janela de confirmação de desbloqueio...
2025-11-05 23:27:12,579 - INFO - ⌛ Aguardando janela de confirmação de desbloqueio...
2025-11-05 23:27:33,115 - INFO - ⌛ Aguardando janela de confirmação de desbloqueio...
2025-11-05 23:27:53,635 - INFO - ⌛ Aguardando janela de confirmação de desbloqueio...
2025-11-05 23:28:14,149 - INFO - ⌛ Aguardando janela de confirmação de desbloqueio...
2025-11-05 23:28:34,597 - INFO - ⌛ Aguardando janela de confirmação de desbloqueio...
2025-11-05 23:28:55,039 - INFO - ⌛ Aguardando janela de confirmação de desbloqueio...
2025-11-05 23:29:15,544 - INFO - ⌛ Aguardando janela de confirmação de desbloqueio...
2025-11-05 23:29:36,059 - INFO - ⌛ Aguardando janela de confirmação de desbloqueio...
2025-11-05 23:29:56,577 - INFO - ⌛ Aguardando janela de confirmação de desbloqueio...
2025-11-05 23:30:17,036 - INFO - ⌛ Aguardando janela de confirmação de desbloqueio...
2025-11-05 23:30:37,473 - INFO - ⌛ Aguardando janela de confirmação de desbloqueio...
2025-11-05 23:30:57,862 - INFO - ⌛ Aguardando janela de confirmação de desbloqueio...
2025-11-05 23:31:18,415 - INFO - ⌛ Aguardando janela de confirmação de desbloqueio...
2025-11-05 23:31:38,953 - INFO - ⌛ Aguardando janela de confirmação de desbloqueio...
2025-11-05 23:31:59,395 - INFO - ⌛ Aguardando janela de confirmação de desbloqueio...
2025-11-05 23:32:19,825 - INFO - ⌛ Aguardando janela de confirmação de desbloqueio...
2025-11-05 23:32:40,124 - INFO - ⌛ Aguardando janela de confirmação de desbloqueio...
2025-11-05 23:33:00,674 - INFO - ⏱️ Tempo limite atingido. Abortando etapa
2025-11-05 23:33:31,855 - INFO - ⌛ Aguardando janela de edição de OS...
2025-11-05 23:33:53,152 - INFO - ⌛ Aguardando janela de edição de OS...
2025-11-05 23:34:14,178 - INFO - ⌛ Aguardando janela de edição de OS...
2025-11-05 23:34:34,983 - INFO - ⌛ Aguardando janela de edição de OS...
2025-11-05 23:34:55,716 - INFO - ⌛ Aguardando janela de edição de OS...
2025-11-05 23:35:16,492 - INFO - ⌛ Aguardando janela de edição de OS...
2025-11-05 23:35:37,234 - INFO - ⌛ Aguardando janela de edição de OS...
2025-11-05 23:35:57,997 - INFO - ⌛ Aguardando janela de edição de OS...
2025-11-05 23:36:18,736 - INFO - ⌛ Aguardando janela de edição de OS...
2025-11-05 23:36:39,495 - INFO - ⌛ Aguardando janela de edição de OS...
2025-11-05 23:37:00,286 - INFO - ⌛ Aguardando janela de edição de OS...
2025-11-05 23:37:21,040 - INFO - ⌛ Aguardando janela de edição de OS...
2025-11-05 23:37:41,801 - INFO - ⌛ Aguardando janela de edição de OS...
2025-11-05 23:38:02,567 - INFO - ⌛ Aguardando janela de edição de OS...
2025-11-05 23:38:23,331 - INFO - ⌛ Aguardando janela de edição de OS...
2025-11-05 23:38:44,091 - INFO - ⌛ Aguardando janela de edição de OS...
2025-11-05 23:39:04,841 - INFO - ⌛ Aguardando janela de edição de OS...
2025-11-05 23:39:25,584 - INFO - ⌛ Aguardando janela de edição de OS...
2025-11-05 23:39:46,345 - INFO - ⌛ Aguardando janela de edição de OS...
2025-11-05 23:40:07,008 - INFO - ⌛ Aguardando janela de edição de OS...
2025-11-05 23:40:28,019 - INFO - ⌛ Aguardando janela de edição de OS...
2025-11-05 23:40:48,759 - INFO - ⌛ Aguardando janela de edição de OS...
2025-11-05 23:41:09,522 - INFO - ⌛ Aguardando janela de edição de OS...
2025-11-05 23:41:30,277 - INFO - ⌛ Aguardando janela de edição de OS...
2025-11-05 23:41:51,024 - INFO - ⌛ Aguardando janela de edição de OS...
2025-11-05 23:42:11,989 - INFO - ⌛ Aguardando janela de edição de OS...
2025-11-05 23:42:32,817 - INFO - ⌛ Aguardando janela de edição de OS...
2025-11-05 23:42:53,584 - INFO - ⌛ Aguardando janela de edição de OS...
2025-11-05 23:43:14,347 - INFO - ⏱️ Tempo limite atingido. Abortando seleção
2025-11-05 23:43:45,485 - INFO - ⌛ Aguardando janela de confirmação de programação de OS...
2025-11-05 23:44:05,651 - INFO - ⌛ Aguardando janela de confirmação de programação de OS...
2025-11-05 23:44:26,190 - INFO - ⌛ Aguardando janela de confirmação de programação de OS...
2025-11-05 23:44:46,615 - INFO - ⌛ Aguardando janela de confirmação de programação de OS...
2025-11-05 23:45:07,062 - INFO - ⌛ Aguardando janela de confirmação de programação de OS...
2025-11-05 23:45:27,435 - INFO - ⌛ Aguardando janela de confirmação de programação de OS...
2025-11-05 23:45:47,978 - INFO - ⌛ Aguardando janela de confirmação de programação de OS...
2025-11-05 23:46:08,491 - INFO - ⌛ Aguardando janela de confirmação de programação de OS...
2025-11-05 23:46:28,906 - INFO - ⌛ Aguardando janela de confirmação de programação de OS...
2025-11-05 23:46:49,416 - INFO - ⌛ Aguardando janela de confirmação de programação de OS...
2025-11-05 23:47:09,646 - INFO - ⌛ Aguardando janela de confirmação de programação de OS...
2025-11-05 23:47:30,182 - INFO - ⌛ Aguardando janela de confirmação de programação de OS...
2025-11-05 23:47:50,684 - INFO - ⌛ Aguardando janela de confirmação de programação de OS...
2025-11-05 23:48:11,136 - INFO - ⌛ Aguardando janela de confirmação de programação de OS...
2025-11-05 23:48:31,354 - INFO - ⌛ Aguardando janela de confirmação de programação de OS...
2025-11-05 23:48:51,869 - INFO - ⌛ Aguardando janela de confirmação de programação de OS...
2025-11-05 23:49:12,455 - INFO - ⌛ Aguardando janela de confirmação de programação de OS...
2025-11-05 23:49:32,952 - INFO - ⌛ Aguardando janela de confirmação de programação de OS...
2025-11-05 23:49:53,414 - INFO - ⌛ Aguardando janela de confirmação de programação de OS...
2025-11-05 23:50:13,854 - INFO - ⌛ Aguardando janela de confirmação de programação de OS...
2025-11-05 23:50:34,205 - INFO - ⌛ Aguardando janela de confirmação de programação de OS...
2025-11-05 23:50:54,725 - INFO - ⌛ Aguardando janela de confirmação de programação de OS...
2025-11-05 23:51:15,207 - INFO - ⌛ Aguardando janela de confirmação de programação de OS...
2025-11-05 23:51:35,628 - INFO - ⌛ Aguardando janela de confirmação de programação de OS...
2025-11-05 23:51:56,048 - INFO - ⌛ Aguardando janela de confirmação de programação de OS...
2025-11-05 23:52:16,458 - INFO - ⌛ Aguardando janela de confirmação de programação de OS...
2025-11-05 23:52:36,942 - INFO - ⌛ Aguardando janela de confirmação de programação de OS...
2025-11-05 23:52:57,422 - INFO - ⌛ Aguardando janela de confirmação de programação de OS...
2025-11-05 23:53:17,863 - INFO - ⌛ Aguardando janela de confirmação de programação de OS...
2025-11-05 23:53:38,309 - INFO - ⏱️ Tempo limite atingido. Abortando seleção
2025-11-05 23:53:38,309 - INFO - 
=== Iniciando lote 5/62 [LV] ===
2025-11-05 23:53:45,134 - INFO - ⌛ Aguardando janela de seleção...
2025-11-05 23:54:05,307 - INFO - ⌛ Aguardando janela de seleção...
2025-11-05 23:54:25,762 - INFO - ⌛ Aguardando janela de seleção...
2025-11-05 23:54:46,263 - INFO - ⌛ Aguardando janela de seleção...
2025-11-05 23:55:06,677 - INFO - ⌛ Aguardando janela de seleção...
2025-11-05 23:55:27,069 - INFO - ⌛ Aguardando janela de seleção...
2025-11-05 23:55:47,574 - INFO - ⌛ Aguardando janela de seleção...
2025-11-05 23:56:08,116 - INFO - ⌛ Aguardando janela de seleção...
2025-11-05 23:56:28,594 - INFO - ⌛ Aguardando janela de seleção...
2025-11-05 23:56:49,111 - INFO - ⌛ Aguardando janela de seleção...
2025-11-05 23:57:09,518 - INFO - ⌛ Aguardando janela de seleção...
2025-11-05 23:57:30,337 - INFO - ⌛ Aguardando janela de seleção...
2025-11-05 23:57:50,605 - INFO - ⌛ Aguardando janela de seleção...
2025-11-05 23:58:11,060 - INFO - ⌛ Aguardando janela de seleção...
2025-11-05 23:58:31,571 - INFO - ⌛ Aguardando janela de seleção...
2025-11-05 23:58:52,058 - INFO - ⌛ Aguardando janela de seleção...
2025-11-05 23:59:12,458 - INFO - ⌛ Aguardando janela de seleção...
2025-11-05 23:59:32,883 - INFO - ⌛ Aguardando janela de seleção...
2025-11-05 23:59:53,089 - INFO - ⌛ Aguardando janela de seleção...
2025-11-06 00:00:13,596 - INFO - ⌛ Aguardando janela de seleção...
2025-11-06 00:00:34,092 - INFO - ⌛ Aguardando janela de seleção...
2025-11-06 00:00:54,509 - INFO - ⌛ Aguardando janela de seleção...
2025-11-06 00:01:14,911 - INFO - ⌛ Aguardando janela de seleção...
2025-11-06 00:01:35,317 - INFO - ⌛ Aguardando janela de seleção...
2025-11-06 00:01:55,834 - INFO - ⌛ Aguardando janela de seleção...
2025-11-06 00:02:16,316 - INFO - ⌛ Aguardando janela de seleção...
2025-11-06 00:02:36,725 - INFO - ⌛ Aguardando janela de seleção...
2025-11-06 00:02:57,149 - INFO - ⌛ Aguardando janela de seleção...
2025-11-06 00:03:17,637 - INFO - ⌛ Aguardando janela de seleção...
2025-11-06 00:03:38,200 - INFO - ⌛ Aguardando janela de seleção...
2025-11-06 00:03:58,720 - INFO - ⏱️ Tempo limite atingido. Abortando seleção
2025-11-06 00:04:15,855 - INFO - ⌛ Aguardando janela de confirmação de desbloqueio...
2025-11-06 00:04:36,083 - INFO - ⌛ Aguardando janela de confirmação de desbloqueio...
2025-11-06 00:04:56,672 - INFO - ⌛ Aguardando janela de confirmação de desbloqueio...
2025-11-06 00:05:17,171 - INFO - ⌛ Aguardando janela de confirmação de desbloqueio...
2025-11-06 00:05:37,592 - INFO - ⌛ Aguardando janela de confirmação de desbloqueio...
2025-11-06 00:05:58,008 - INFO - ⌛ Aguardando janela de confirmação de desbloqueio...
2025-11-06 00:06:18,497 - INFO - ⌛ Aguardando janela de confirmação de desbloqueio...
2025-11-06 00:06:39,062 - INFO - ⌛ Aguardando janela de confirmação de desbloqueio...
2025-11-06 00:06:59,627 - INFO - ⌛ Aguardando janela de confirmação de desbloqueio...
2025-11-06 00:07:20,149 - INFO - ⌛ Aguardando janela de confirmação de desbloqueio...
2025-11-06 00:07:40,600 - INFO - ⌛ Aguardando janela de confirmação de desbloqueio...
2025-11-06 00:08:01,032 - INFO - ⌛ Aguardando janela de confirmação de desbloqueio...
2025-11-06 00:08:21,474 - INFO - ⌛ Aguardando janela de confirmação de desbloqueio...
2025-11-06 00:08:41,998 - INFO - ⌛ Aguardando janela de confirmação de desbloqueio...
2025-11-06 00:09:02,508 - INFO - ⌛ Aguardando janela de confirmação de desbloqueio...
2025-11-06 00:09:22,987 - INFO - ⌛ Aguardando janela de confirmação de desbloqueio...
2025-11-06 00:09:43,439 - INFO - ⌛ Aguardando janela de confirmação de desbloqueio...
2025-11-06 00:10:03,767 - INFO - ⌛ Aguardando janela de confirmação de desbloqueio...
2025-11-06 00:10:24,271 - INFO - ⌛ Aguardando janela de confirmação de desbloqueio...
2025-11-06 00:10:44,806 - INFO - ⌛ Aguardando janela de confirmação de desbloqueio...
2025-11-06 00:11:05,241 - INFO - ⌛ Aguardando janela de confirmação de desbloqueio...
2025-11-06 00:11:25,691 - INFO - ⌛ Aguardando janela de confirmação de desbloqueio...
2025-11-06 00:11:46,053 - INFO - ⌛ Aguardando janela de confirmação de desbloqueio...
2025-11-06 00:12:06,574 - INFO - ⌛ Aguardando janela de confirmação de desbloqueio...
2025-11-06 00:12:27,090 - INFO - ⌛ Aguardando janela de confirmação de desbloqueio...
2025-11-06 00:12:47,530 - INFO - ⌛ Aguardando janela de confirmação de desbloqueio...
2025-11-06 00:13:07,989 - INFO - ⌛ Aguardando janela de confirmação de desbloqueio...
2025-11-06 00:13:28,266 - INFO - ⌛ Aguardando janela de confirmação de desbloqueio...
2025-11-06 00:13:48,822 - INFO - ⌛ Aguardando janela de confirmação de desbloqueio...
2025-11-06 00:14:09,319 - INFO - ⏱️ Tempo limite atingido. Abortando etapa
2025-11-06 00:14:40,512 - INFO - ⌛ Aguardando janela de edição de OS...
2025-11-06 00:15:01,868 - INFO - ⌛ Aguardando janela de edição de OS...
2025-11-06 00:15:22,638 - INFO - ⌛ Aguardando janela de edição de OS...
2025-11-06 00:15:43,413 - INFO - ⌛ Aguardando janela de edição de OS...
2025-11-06 00:16:04,201 - INFO - ⌛ Aguardando janela de edição de OS...
2025-11-06 00:16:24,969 - INFO - ⌛ Aguardando janela de edição de OS...
2025-11-06 00:16:45,818 - INFO - ⌛ Aguardando janela de edição de OS...
2025-11-06 00:17:06,565 - INFO - ⌛ Aguardando janela de edição de OS...
2025-11-06 00:17:27,842 - INFO - ⌛ Aguardando janela de edição de OS...
2025-11-06 00:17:48,556 - INFO - ⌛ Aguardando janela de edição de OS...
2025-11-06 00:18:09,249 - INFO - ⌛ Aguardando janela de edição de OS...
2025-11-06 00:18:29,967 - INFO - ⌛ Aguardando janela de edição de OS...
2025-11-06 00:18:50,712 - INFO - ⌛ Aguardando janela de edição de OS...
2025-11-06 00:19:11,420 - INFO - ⌛ Aguardando janela de edição de OS...
2025-11-06 00:19:32,118 - INFO - ⌛ Aguardando janela de edição de OS...
2025-11-06 00:19:52,871 - INFO - ⌛ Aguardando janela de edição de OS...
2025-11-06 00:20:13,567 - INFO - ⌛ Aguardando janela de edição de OS...
2025-11-06 00:20:34,005 - INFO - ⌛ Aguardando janela de edição de OS...
2025-11-06 00:20:55,271 - INFO - ⌛ Aguardando janela de edição de OS...
2025-11-06 00:21:15,816 - INFO - ⌛ Aguardando janela de edição de OS...
2025-11-06 00:21:36,844 - INFO - ⌛ Aguardando janela de edição de OS...
2025-11-06 00:21:57,540 - INFO - ⌛ Aguardando janela de edição de OS...
2025-11-06 00:22:18,235 - INFO - ⌛ Aguardando janela de edição de OS...
2025-11-06 00:22:39,219 - INFO - ⌛ Aguardando janela de edição de OS...
2025-11-06 00:22:59,900 - INFO - ⌛ Aguardando janela de edição de OS...
2025-11-06 00:23:20,590 - INFO - ⌛ Aguardando janela de edição de OS...
2025-11-06 00:23:41,544 - INFO - ⌛ Aguardando janela de edição de OS...
2025-11-06 00:24:02,238 - INFO - ⌛ Aguardando janela de edição de OS...
2025-11-06 00:24:22,951 - INFO - ⏱️ Tempo limite atingido. Abortando seleção
2025-11-06 00:24:54,120 - INFO - ⌛ Aguardando janela de confirmação de programação de OS...
2025-11-06 00:25:14,297 - INFO - ⌛ Aguardando janela de confirmação de programação de OS...
2025-11-06 00:25:34,770 - INFO - ⌛ Aguardando janela de confirmação de programação de OS...
2025-11-06 00:25:55,306 - INFO - ⌛ Aguardando janela de confirmação de programação de OS...
2025-11-06 00:26:15,792 - INFO - ⌛ Aguardando janela de confirmação de programação de OS...
2025-11-06 00:26:36,215 - INFO - ⌛ Aguardando janela de confirmação de programação de OS...
2025-11-06 00:26:56,656 - INFO - ⌛ Aguardando janela de confirmação de programação de OS...
2025-11-06 00:27:16,990 - INFO - ⌛ Aguardando janela de confirmação de programação de OS...
2025-11-06 00:27:37,517 - INFO - ⌛ Aguardando janela de confirmação de programação de OS...
2025-11-06 00:27:58,119 - INFO - ⌛ Aguardando janela de confirmação de programação de OS...
2025-11-06 00:28:18,650 - INFO - ⌛ Aguardando janela de confirmação de programação de OS...
2025-11-06 00:28:39,071 - INFO - ⌛ Aguardando janela de confirmação de programação de OS...
2025-11-06 08:33:47,096 - INFO - ⏱️ Tempo limite atingido. Abortando seleção
2025-11-06 08:33:47,096 - INFO - 
=== Iniciando lote 6/62 [LV] ===
