2026-05-13 11:49:40,935 - INFO - Data hoje: 13/05/2026
2026-05-13 11:49:40,935 - INFO - Data de referência: 31/05/2026
2026-05-13 11:51:42,747 - INFO - Qtde OS de LINHA VIVA: 460
2026-05-13 11:51:42,747 - INFO - Qtde OS poda de LINHA MORTA: 274
2026-05-13 11:51:42,747 - INFO - Qtde OS estrutural de LINHA MORTA : 13042
2026-05-13 11:51:42,747 - INFO - Qtde OS poda de LINHA MORTA fora carteira: 155
2026-05-13 11:51:42,747 - INFO - Qtde OS para desprogramar: 2447
2026-05-13 11:51:42,748 - INFO - 
 Qtd de lotes de LM: 11
2026-05-13 11:51:42,748 - INFO - 
 Qtd de lotes de LV: 19
2026-05-13 11:51:42,751 - INFO - 
 Qtd de lotes de ESTRUTURAL LM: 522
2026-05-13 11:51:42,751 - INFO - 
 Qtd de lotes de LEVE: 7
2026-05-13 11:51:42,751 - INFO - 
 Qtd de lotes para desprogramar: 98
2026-05-13 11:51:42,752 - INFO - 
=== Iniciando lote 1/19 [LV] ===
2026-05-13 11:51:42,752 - INFO - 
=== abrir_janela_selecao ===
2026-05-13 11:51:49,071 - INFO - 
=== rotina abrir_selecao_colar_os ===
2026-05-13 11:51:49,195 - INFO - ⌛ Aguardando janela de seleção...
2026-05-13 11:51:59,695 - INFO - Janela de seleção aberta
2026-05-13 11:52:03,916 - INFO - DEBUG: idx=0, inicio=0, fim=25
2026-05-13 11:52:03,916 - INFO - ✅ 25 OS copiadas para a área de transferência.
2026-05-13 11:52:03,916 - INFO - 📋 Lote 1 copiado.
2026-05-13 11:52:12,261 - INFO - ⌛ Esperando mudança visual...
2026-05-13 11:52:13,276 - INFO - ⌛ Esperando mudança visual...
2026-05-13 11:52:14,291 - INFO - ✅ Tela carregada!
2026-05-13 11:52:18,292 - INFO - 
=== rotina desbloquear_os ===
2026-05-13 11:52:44,762 - INFO - ⌛ Aguardando janela de confirmação de desbloqueio...
2026-05-13 11:53:00,153 - INFO - ⌛ Aguardando janela de confirmação de desbloqueio...
2026-05-13 11:53:15,596 - INFO - 🟨 Registros desbloqueados com sucesso
2026-05-13 11:53:19,699 - INFO - 
=== rotina editar_os ===
2026-05-13 11:53:29,125 - INFO - ⌛ Aguardando janela de edição de OS...
2026-05-13 11:53:44,543 - INFO - 🟨 OS programadas detectadas
2026-05-13 11:53:47,646 - INFO - ⌛ Aguardando janela de edição de OS...
2026-05-13 11:54:03,107 - INFO - 🟨 Janela de edição de OS detectada
2026-05-13 11:54:24,480 - INFO - 🟨 Janela de edição de habilidade da turma detectada
2026-05-13 11:55:42,816 - INFO - ⌛ Aguardando detecção do campo de caracteristica 'EQUIPE PRÓPRIA OU EPS' ...
2026-05-13 11:56:02,175 - INFO - 🟨 campo de caracteristica 'EQUIPE PRÓPRIA OU EPS detectado
2026-05-13 11:56:23,992 - INFO - ⌛ Aguardando confirmação 4 - editar OS...
2026-05-13 11:56:39,460 - INFO - ⌛ Aguardando confirmação 4 - editar OS...
2026-05-13 11:56:39,618 - INFO - 🟨 Identificado travamento no EQM, reiniciando contador de espera
2026-05-13 11:56:54,981 - INFO - ⌛ Aguardando confirmação 4 - editar OS...
2026-05-13 11:57:10,492 - INFO - 🟨 Janela de confirmação 4 de edição de OS detectada
2026-05-13 11:57:14,595 - INFO - 
=== rotina programar_os ===
2026-05-13 11:57:41,152 - INFO - ⌛ Aguardando janela de confirmação de programação de OS...
2026-05-13 11:58:06,624 - INFO - 🟨 Janela de confirmação de programação de OS detectada
2026-05-13 11:58:19,911 - INFO - 🟨 Janela de aviso de edição de OS programadas detectada
2026-05-13 11:58:27,119 - INFO - ⌛ aguardando janela de programação de lote de OS...
2026-05-13 11:58:52,604 - INFO - 🟨 Janela de aviso de substituição de lote de OS detectada
2026-05-13 11:59:12,709 - INFO - ⌛ aguardando janela de programação de lote de OS...
2026-05-13 11:59:38,262 - INFO - 🟨 Janela de programação de lote de OS detectada
2026-05-13 12:00:27,768 - INFO - 🟨 Janela de confirmação de programação de lote de OS detectada
2026-05-13 12:00:32,015 - INFO - ⌛ aguardando confirmação final de programação do lote
2026-05-13 12:00:57,520 - INFO - 🟨 programação do lote 1 efetuado com sucesso
2026-05-13 12:01:07,625 - INFO - 
=== Iniciando lote 2/19 [LV] ===
2026-05-13 12:01:07,627 - INFO - 
=== abrir_janela_selecao ===
2026-05-13 12:01:13,933 - INFO - 
=== rotina abrir_selecao_colar_os ===
2026-05-13 12:01:13,983 - INFO - Janela de seleção aberta
2026-05-13 12:01:18,213 - INFO - DEBUG: idx=1, inicio=25, fim=50
2026-05-13 12:01:18,213 - INFO - ✅ 25 OS copiadas para a área de transferência.
2026-05-13 12:01:18,213 - INFO - 📋 Lote 2 copiado.
2026-05-13 12:01:26,545 - INFO - ⌛ Esperando mudança visual...
2026-05-13 12:01:27,559 - INFO - ⌛ Esperando mudança visual...
2026-05-13 12:01:28,575 - INFO - ⌛ Esperando mudança visual...
2026-05-13 12:01:29,591 - INFO - ⌛ Esperando mudança visual...
2026-05-13 12:01:30,606 - INFO - ⌛ Esperando mudança visual...
2026-05-13 12:01:31,622 - INFO - ⌛ Esperando mudança visual...
2026-05-13 12:01:32,638 - INFO - ⌛ Esperando mudança visual...
2026-05-13 12:01:33,653 - INFO - ⌛ Esperando mudança visual...
2026-05-13 12:01:34,669 - INFO - ⌛ Esperando mudança visual...
2026-05-13 12:01:35,685 - INFO - ⌛ Esperando mudança visual...
2026-05-13 12:01:36,700 - INFO - ⌛ Esperando mudança visual...
2026-05-13 12:01:37,716 - INFO - ⌛ Esperando mudança visual...
2026-05-13 12:01:38,733 - INFO - ⌛ Esperando mudança visual...
2026-05-13 12:01:39,748 - INFO - ⌛ Esperando mudança visual...
2026-05-13 12:01:40,765 - INFO - ✅ Tela carregada!
2026-05-13 12:01:44,767 - INFO - 
=== rotina desbloquear_os ===
2026-05-13 12:02:11,249 - INFO - ⌛ Aguardando janela de confirmação de desbloqueio...
2026-05-13 12:02:26,671 - INFO - ⌛ Aguardando janela de confirmação de desbloqueio...
2026-05-13 12:02:42,117 - INFO - 🟨 Registros desbloqueados com sucesso
2026-05-13 12:02:46,221 - INFO - 
=== rotina editar_os ===
2026-05-13 12:02:55,628 - INFO - ⌛ Aguardando janela de edição de OS...
2026-05-13 12:03:11,067 - INFO - 🟨 OS programadas detectadas
2026-05-13 12:03:14,172 - INFO - ⌛ Aguardando janela de edição de OS...
2026-05-13 12:03:29,751 - INFO - 🟨 Janela de edição de OS detectada
2026-05-13 12:03:51,110 - INFO - 🟨 Janela de edição de habilidade da turma detectada
2026-05-13 12:05:09,406 - INFO - ⌛ Aguardando detecção do campo de caracteristica 'EQUIPE PRÓPRIA OU EPS' ...
2026-05-13 12:05:28,781 - INFO - 🟨 campo de caracteristica 'EQUIPE PRÓPRIA OU EPS detectado
2026-05-13 12:05:50,559 - INFO - ⌛ Aguardando confirmação 4 - editar OS...
2026-05-13 12:06:06,012 - INFO - ⌛ Aguardando confirmação 4 - editar OS...
2026-05-13 12:06:06,135 - INFO - 🟨 Identificado travamento no EQM, reiniciando contador de espera
2026-05-13 12:06:21,465 - INFO - ⌛ Aguardando confirmação 4 - editar OS...
2026-05-13 12:06:36,930 - INFO - 🟨 Janela de confirmação 4 de edição de OS detectada
2026-05-13 12:06:41,039 - INFO - 
=== rotina programar_os ===
2026-05-13 12:07:07,587 - INFO - ⌛ Aguardando janela de confirmação de programação de OS...
2026-05-13 12:07:33,038 - INFO - 🟨 Janela de confirmação de programação de OS detectada
2026-05-13 12:07:46,307 - INFO - 🟨 Janela de aviso de edição de OS programadas detectada
2026-05-13 12:07:53,533 - INFO - ⌛ aguardando janela de programação de lote de OS...
2026-05-13 12:08:19,030 - INFO - 🟨 Janela de aviso de substituição de lote de OS detectada
2026-05-13 12:08:39,134 - INFO - ⌛ aguardando janela de programação de lote de OS...
2026-05-13 12:09:04,654 - INFO - 🟨 Janela de programação de lote de OS detectada
2026-05-13 12:09:54,160 - INFO - 🟨 Janela de confirmação de programação de lote de OS detectada
2026-05-13 12:09:58,400 - INFO - ⌛ aguardando confirmação final de programação do lote
2026-05-13 12:10:23,871 - INFO - 🟨 programação do lote 2 efetuado com sucesso
2026-05-13 12:10:33,979 - INFO - 
=== Iniciando lote 3/19 [LV] ===
2026-05-13 12:10:33,981 - INFO - 
=== abrir_janela_selecao ===
2026-05-13 12:10:40,287 - INFO - 
=== rotina abrir_selecao_colar_os ===
2026-05-13 12:10:40,332 - INFO - Janela de seleção aberta
2026-05-13 12:10:44,561 - INFO - DEBUG: idx=2, inicio=50, fim=75
2026-05-13 12:10:44,561 - INFO - ✅ 25 OS copiadas para a área de transferência.
2026-05-13 12:10:44,561 - INFO - 📋 Lote 3 copiado.
2026-05-13 12:10:52,907 - INFO - ⌛ Esperando mudança visual...
2026-05-13 12:10:53,919 - INFO - ⌛ Esperando mudança visual...
2026-05-13 12:10:54,935 - INFO - ⌛ Esperando mudança visual...
2026-05-13 12:10:55,950 - INFO - ⌛ Esperando mudança visual...
2026-05-13 12:10:56,967 - INFO - ⌛ Esperando mudança visual...
2026-05-13 12:10:57,982 - INFO - ⌛ Esperando mudança visual...
2026-05-13 12:10:58,997 - INFO - ⌛ Esperando mudança visual...
2026-05-13 12:11:00,018 - INFO - ⌛ Esperando mudança visual...
2026-05-13 12:11:01,029 - INFO - ⌛ Esperando mudança visual...
2026-05-13 12:11:02,045 - INFO - ⌛ Esperando mudança visual...
2026-05-13 12:11:03,061 - INFO - ✅ Tela carregada!
2026-05-13 12:11:07,063 - INFO - 
=== rotina desbloquear_os ===
2026-05-13 12:11:33,520 - INFO - ⌛ Aguardando janela de confirmação de desbloqueio...
2026-05-13 12:11:48,943 - INFO - 🟨 Registros desbloqueados com sucesso
2026-05-13 12:11:53,048 - INFO - 
=== rotina editar_os ===
2026-05-13 12:12:02,460 - INFO - ⌛ Aguardando janela de edição de OS...
2026-05-13 12:12:17,894 - INFO - 🟨 OS programadas detectadas
2026-05-13 12:12:20,998 - INFO - ⌛ Aguardando janela de edição de OS...
2026-05-13 12:12:36,510 - INFO - 🟨 Janela de edição de OS detectada
2026-05-13 12:12:57,863 - INFO - 🟨 Janela de edição de habilidade da turma detectada
2026-05-13 12:14:16,202 - INFO - ⌛ Aguardando detecção do campo de caracteristica 'EQUIPE PRÓPRIA OU EPS' ...
2026-05-13 12:14:35,562 - INFO - 🟨 campo de caracteristica 'EQUIPE PRÓPRIA OU EPS detectado
2026-05-13 12:14:57,358 - INFO - ⌛ Aguardando confirmação 4 - editar OS...
2026-05-13 12:15:12,810 - INFO - ⌛ Aguardando confirmação 4 - editar OS...
2026-05-13 12:15:28,259 - INFO - 🟨 Janela de confirmação 4 de edição de OS detectada
2026-05-13 12:15:32,363 - INFO - 
=== rotina programar_os ===
2026-05-13 12:15:58,876 - INFO - ⌛ Aguardando janela de confirmação de programação de OS...
2026-05-13 12:16:24,333 - INFO - 🟨 Janela de confirmação de programação de OS detectada
2026-05-13 12:16:37,606 - INFO - 🟨 Janela de aviso de edição de OS programadas detectada
2026-05-13 12:16:44,828 - INFO - ⌛ aguardando janela de programação de lote de OS...
2026-05-13 12:17:10,338 - INFO - 🟨 Janela de aviso de substituição de lote de OS detectada
2026-05-13 12:17:30,442 - INFO - ⌛ aguardando janela de programação de lote de OS...
2026-05-13 12:17:55,951 - INFO - 🟨 Janela de programação de lote de OS detectada
2026-05-13 12:18:45,502 - INFO - 🟨 Janela de confirmação de programação de lote de OS detectada
2026-05-13 12:18:49,735 - INFO - ⌛ aguardando confirmação final de programação do lote
2026-05-13 12:19:15,230 - INFO - 🟨 programação do lote 3 efetuado com sucesso
2026-05-13 12:19:25,338 - INFO - 
=== Iniciando lote 4/19 [LV] ===
2026-05-13 12:19:25,339 - INFO - 
=== abrir_janela_selecao ===
2026-05-13 12:19:31,645 - INFO - 
=== rotina abrir_selecao_colar_os ===
2026-05-13 12:19:31,702 - INFO - Janela de seleção aberta
2026-05-13 12:19:35,936 - INFO - DEBUG: idx=3, inicio=75, fim=100
2026-05-13 12:19:35,936 - INFO - ✅ 25 OS copiadas para a área de transferência.
2026-05-13 12:19:35,936 - INFO - 📋 Lote 4 copiado.
2026-05-13 12:19:44,280 - INFO - ⌛ Esperando mudança visual...
2026-05-13 12:19:45,294 - INFO - ⌛ Esperando mudança visual...
2026-05-13 12:19:46,310 - INFO - ⌛ Esperando mudança visual...
2026-05-13 12:19:47,328 - INFO - ⌛ Esperando mudança visual...
2026-05-13 12:19:48,340 - INFO - ⌛ Esperando mudança visual...
2026-05-13 12:19:49,356 - INFO - ⌛ Esperando mudança visual...
2026-05-13 12:19:50,371 - INFO - ⌛ Esperando mudança visual...
2026-05-13 12:19:51,387 - INFO - ⌛ Esperando mudança visual...
2026-05-13 12:19:52,404 - INFO - ⌛ Esperando mudança visual...
2026-05-13 12:19:53,419 - INFO - ⌛ Esperando mudança visual...
2026-05-13 12:19:54,435 - INFO - ⌛ Esperando mudança visual...
2026-05-13 12:19:55,452 - INFO - ⌛ Esperando mudança visual...
2026-05-13 12:19:56,465 - INFO - ✅ Tela carregada!
2026-05-13 12:20:00,468 - INFO - 
=== rotina desbloquear_os ===
2026-05-13 12:20:26,973 - INFO - ⌛ Aguardando janela de confirmação de desbloqueio...
2026-05-13 12:20:42,489 - INFO - 🟨 Registros desbloqueados com sucesso
2026-05-13 12:20:46,591 - INFO - 
=== rotina editar_os ===
2026-05-13 12:20:56,033 - INFO - ⌛ Aguardando janela de edição de OS...
2026-05-13 12:21:11,574 - INFO - 🟨 OS programadas detectadas
2026-05-13 12:21:14,677 - INFO - ⌛ Aguardando janela de edição de OS...
2026-05-13 12:21:30,128 - INFO - 🟨 Janela de edição de OS detectada
2026-05-13 12:21:51,501 - INFO - 🟨 Janela de edição de habilidade da turma detectada
2026-05-13 12:23:09,838 - INFO - ⌛ Aguardando detecção do campo de caracteristica 'EQUIPE PRÓPRIA OU EPS' ...
2026-05-13 12:23:29,201 - INFO - 🟨 campo de caracteristica 'EQUIPE PRÓPRIA OU EPS detectado
2026-05-13 12:23:50,997 - INFO - ⌛ Aguardando confirmação 4 - editar OS...
2026-05-13 12:24:06,501 - INFO - ⌛ Aguardando confirmação 4 - editar OS...
2026-05-13 12:24:22,102 - INFO - ⌛ Aguardando confirmação 4 - editar OS...
2026-05-13 12:24:37,634 - INFO - 🟨 Janela de confirmação 4 de edição de OS detectada
2026-05-13 12:24:41,737 - INFO - 
=== rotina programar_os ===
2026-05-13 12:25:08,274 - INFO - ⌛ Aguardando janela de confirmação de programação de OS...
2026-05-13 12:25:33,764 - INFO - 🟨 Janela de confirmação de programação de OS detectada
2026-05-13 12:25:47,033 - INFO - 🟨 Janela de aviso de edição de OS programadas detectada
2026-05-13 12:25:54,236 - INFO - ⌛ aguardando janela de programação de lote de OS...
2026-05-13 12:26:19,760 - INFO - 🟨 Janela de aviso de substituição de lote de OS detectada
2026-05-13 12:26:39,871 - INFO - ⌛ aguardando janela de programação de lote de OS...
2026-05-13 12:27:05,450 - INFO - 🟨 Janela de programação de lote de OS detectada
2026-05-13 12:27:54,977 - INFO - 🟨 Janela de confirmação de programação de lote de OS detectada
2026-05-13 12:27:59,212 - INFO - ⌛ aguardando confirmação final de programação do lote
2026-05-13 12:28:24,710 - INFO - 🟨 programação do lote 4 efetuado com sucesso
2026-05-13 12:28:34,816 - INFO - 
=== Iniciando lote 5/19 [LV] ===
2026-05-13 12:28:34,816 - INFO - 
=== abrir_janela_selecao ===
2026-05-13 12:28:41,123 - INFO - 
=== rotina abrir_selecao_colar_os ===
2026-05-13 12:28:41,182 - INFO - Janela de seleção aberta
2026-05-13 12:28:45,422 - INFO - DEBUG: idx=4, inicio=100, fim=125
2026-05-13 12:28:45,422 - INFO - ✅ 25 OS copiadas para a área de transferência.
2026-05-13 12:28:45,422 - INFO - 📋 Lote 5 copiado.
2026-05-13 12:28:53,755 - INFO - ⌛ Esperando mudança visual...
2026-05-13 12:28:54,769 - INFO - ⌛ Esperando mudança visual...
2026-05-13 12:28:55,784 - INFO - ⌛ Esperando mudança visual...
2026-05-13 12:28:56,800 - INFO - ⌛ Esperando mudança visual...
2026-05-13 12:28:57,815 - INFO - ⌛ Esperando mudança visual...
2026-05-13 12:28:58,831 - INFO - ⌛ Esperando mudança visual...
2026-05-13 12:28:59,847 - INFO - ⌛ Esperando mudança visual...
2026-05-13 12:29:00,863 - INFO - ⌛ Esperando mudança visual...
2026-05-13 12:29:01,878 - INFO - ⌛ Esperando mudança visual...
2026-05-13 12:29:02,896 - INFO - ⌛ Esperando mudança visual...
2026-05-13 12:29:03,910 - INFO - ⌛ Esperando mudança visual...
2026-05-13 12:29:04,925 - INFO - ✅ Tela carregada!
2026-05-13 12:29:08,929 - INFO - 
=== rotina desbloquear_os ===
2026-05-13 12:29:35,416 - INFO - ⌛ Aguardando janela de confirmação de desbloqueio...
2026-05-13 12:29:50,866 - INFO - 🟨 Registros desbloqueados com sucesso
2026-05-13 12:29:54,971 - INFO - 
=== rotina editar_os ===
2026-05-13 12:30:04,393 - INFO - ⌛ Aguardando janela de edição de OS...
2026-05-13 12:30:19,869 - INFO - 🟨 OS programadas detectadas
2026-05-13 12:30:22,971 - INFO - ⌛ Aguardando janela de edição de OS...
2026-05-13 12:30:38,433 - INFO - 🟨 Janela de edição de OS detectada
2026-05-13 12:30:59,795 - INFO - 🟨 Janela de edição de habilidade da turma detectada
2026-05-13 12:32:18,135 - INFO - ⌛ Aguardando detecção do campo de caracteristica 'EQUIPE PRÓPRIA OU EPS' ...
2026-05-13 12:32:37,494 - INFO - 🟨 campo de caracteristica 'EQUIPE PRÓPRIA OU EPS detectado
2026-05-13 12:32:59,292 - INFO - ⌛ Aguardando confirmação 4 - editar OS...
2026-05-13 12:33:14,777 - INFO - ⌛ Aguardando confirmação 4 - editar OS...
2026-05-13 12:33:30,334 - INFO - 🟨 Janela de confirmação 4 de edição de OS detectada
2026-05-13 12:33:34,449 - INFO - 
=== rotina programar_os ===
2026-05-13 12:34:00,999 - INFO - ⌛ Aguardando janela de confirmação de programação de OS...
2026-05-13 12:34:26,457 - INFO - 🟨 Janela de confirmação de programação de OS detectada
2026-05-13 12:34:39,742 - INFO - 🟨 Janela de aviso de edição de OS programadas detectada
2026-05-13 12:34:46,944 - INFO - ⌛ aguardando janela de programação de lote de OS...
2026-05-13 12:35:12,524 - INFO - 🟨 Janela de aviso de substituição de lote de OS detectada
2026-05-13 12:35:32,627 - INFO - ⌛ aguardando janela de programação de lote de OS...
2026-05-13 12:35:58,146 - INFO - 🟨 Janela de programação de lote de OS detectada
2026-05-13 12:36:47,680 - INFO - 🟨 Janela de confirmação de programação de lote de OS detectada
2026-05-13 12:36:51,910 - INFO - ⌛ aguardando confirmação final de programação do lote
2026-05-13 12:37:17,376 - INFO - ⌛ aguardando confirmação final de programação do lote
2026-05-13 12:37:42,878 - INFO - ⌛ aguardando confirmação final de programação do lote
2026-05-13 12:38:08,389 - INFO - ⌛ aguardando confirmação final de programação do lote
2026-05-13 12:38:33,892 - INFO - 🟨 programação do lote 5 efetuado com sucesso
2026-05-13 12:38:43,995 - INFO - 
=== Iniciando lote 6/19 [LV] ===
2026-05-13 12:38:43,996 - INFO - 
=== abrir_janela_selecao ===
2026-05-13 12:38:50,307 - INFO - 
=== rotina abrir_selecao_colar_os ===
2026-05-13 12:38:50,363 - INFO - Janela de seleção aberta
2026-05-13 12:38:54,605 - INFO - DEBUG: idx=5, inicio=125, fim=150
2026-05-13 12:38:54,605 - INFO - ✅ 25 OS copiadas para a área de transferência.
2026-05-13 12:38:54,605 - INFO - 📋 Lote 6 copiado.
2026-05-13 12:39:02,935 - INFO - ⌛ Esperando mudança visual...
2026-05-13 12:39:03,949 - INFO - ⌛ Esperando mudança visual...
2026-05-13 12:39:04,964 - INFO - ⌛ Esperando mudança visual...
2026-05-13 12:39:05,980 - INFO - ⌛ Esperando mudança visual...
2026-05-13 12:39:06,996 - INFO - ⌛ Esperando mudança visual...
2026-05-13 12:39:08,012 - INFO - ⌛ Esperando mudança visual...
2026-05-13 12:39:09,027 - INFO - ⌛ Esperando mudança visual...
2026-05-13 12:39:10,043 - INFO - ⌛ Esperando mudança visual...
2026-05-13 12:39:11,058 - INFO - ⌛ Esperando mudança visual...
2026-05-13 12:39:12,074 - INFO - ⌛ Esperando mudança visual...
2026-05-13 12:39:13,093 - INFO - ⌛ Esperando mudança visual...
2026-05-13 12:39:14,106 - INFO - ⌛ Esperando mudança visual...
2026-05-13 12:39:15,121 - INFO - ✅ Tela carregada!
2026-05-13 12:39:19,123 - INFO - 
=== rotina desbloquear_os ===
2026-05-13 12:39:45,590 - INFO - ⌛ Aguardando janela de confirmação de desbloqueio...
2026-05-13 12:40:01,030 - INFO - 🟨 Registros desbloqueados com sucesso
2026-05-13 12:40:05,135 - INFO - 
=== rotina editar_os ===
2026-05-13 12:40:14,538 - INFO - 🟨 OS programadas detectadas
2026-05-13 12:40:17,641 - INFO - ⌛ Aguardando janela de edição de OS...
2026-05-13 12:40:33,087 - INFO - 🟨 Janela de edição de OS detectada
2026-05-13 12:40:54,439 - INFO - 🟨 Janela de edição de habilidade da turma detectada
2026-05-13 12:42:12,771 - INFO - ⌛ Aguardando detecção do campo de caracteristica 'EQUIPE PRÓPRIA OU EPS' ...
2026-05-13 12:42:32,135 - INFO - 🟨 campo de caracteristica 'EQUIPE PRÓPRIA OU EPS detectado
2026-05-13 12:42:53,914 - INFO - ⌛ Aguardando confirmação 4 - editar OS...
2026-05-13 12:43:09,367 - INFO - ⌛ Aguardando confirmação 4 - editar OS...
2026-05-13 12:43:24,791 - INFO - 🟨 Janela de confirmação 4 de edição de OS detectada
2026-05-13 12:43:28,905 - INFO - 
=== rotina programar_os ===
2026-05-13 12:43:55,437 - INFO - ⌛ Aguardando janela de confirmação de programação de OS...
2026-05-13 12:44:20,886 - INFO - 🟨 Janela de confirmação de programação de OS detectada
2026-05-13 12:44:34,228 - INFO - 🟨 Janela de aviso de edição de OS programadas detectada
2026-05-13 12:44:41,439 - INFO - ⌛ aguardando janela de programação de lote de OS...
2026-05-13 12:45:06,989 - INFO - 🟨 Janela de aviso de substituição de lote de OS detectada
2026-05-13 12:45:27,093 - INFO - ⌛ aguardando janela de programação de lote de OS...
2026-05-13 12:45:52,619 - INFO - 🟨 Janela de programação de lote de OS detectada
2026-05-13 12:46:42,168 - INFO - 🟨 Janela de confirmação de programação de lote de OS detectada
2026-05-13 12:46:46,450 - INFO - ⌛ aguardando confirmação final de programação do lote
2026-05-13 12:47:12,031 - INFO - 🟨 programação do lote 6 efetuado com sucesso
2026-05-13 12:47:22,135 - INFO - 
=== Iniciando lote 7/19 [LV] ===
2026-05-13 12:47:22,136 - INFO - 
=== abrir_janela_selecao ===
2026-05-13 12:47:28,443 - INFO - 
=== rotina abrir_selecao_colar_os ===
2026-05-13 12:47:28,502 - INFO - Janela de seleção aberta
2026-05-13 12:47:32,741 - INFO - DEBUG: idx=6, inicio=150, fim=175
2026-05-13 12:47:32,741 - INFO - ✅ 25 OS copiadas para a área de transferência.
2026-05-13 12:47:32,741 - INFO - 📋 Lote 7 copiado.
2026-05-13 12:47:41,074 - INFO - ⌛ Esperando mudança visual...
2026-05-13 12:47:42,089 - INFO - ⌛ Esperando mudança visual...
2026-05-13 12:47:43,104 - INFO - ⌛ Esperando mudança visual...
2026-05-13 12:47:44,121 - INFO - ⌛ Esperando mudança visual...
2026-05-13 12:47:45,136 - INFO - ⌛ Esperando mudança visual...
2026-05-13 12:47:46,151 - INFO - ⌛ Esperando mudança visual...
2026-05-13 12:47:47,167 - INFO - ⌛ Esperando mudança visual...
2026-05-13 12:47:48,183 - INFO - ⌛ Esperando mudança visual...
2026-05-13 12:47:49,199 - INFO - ⌛ Esperando mudança visual...
2026-05-13 12:47:50,214 - INFO - ⌛ Esperando mudança visual...
2026-05-13 12:47:51,230 - INFO - ⌛ Esperando mudança visual...
2026-05-13 12:47:52,245 - INFO - ✅ Tela carregada!
2026-05-13 12:47:56,250 - INFO - 
=== rotina desbloquear_os ===
2026-05-13 12:48:22,719 - INFO - ⌛ Aguardando janela de confirmação de desbloqueio...
2026-05-13 12:48:38,150 - INFO - ⌛ Aguardando janela de confirmação de desbloqueio...
2026-05-13 12:48:53,585 - INFO - 🟨 Registros desbloqueados com sucesso
2026-05-13 12:48:57,691 - INFO - 
=== rotina editar_os ===
2026-05-13 12:49:07,122 - INFO - ⌛ Aguardando janela de edição de OS...
2026-05-13 12:49:22,596 - INFO - 🟨 OS programadas detectadas
2026-05-13 12:49:25,709 - INFO - ⌛ Aguardando janela de edição de OS...
2026-05-13 12:49:41,161 - INFO - 🟨 Janela de edição de OS detectada
2026-05-13 12:50:02,552 - INFO - 🟨 Janela de edição de habilidade da turma detectada
2026-05-13 12:51:20,865 - INFO - ⌛ Aguardando detecção do campo de caracteristica 'EQUIPE PRÓPRIA OU EPS' ...
2026-05-13 12:51:40,235 - INFO - 🟨 campo de caracteristica 'EQUIPE PRÓPRIA OU EPS detectado
2026-05-13 12:52:02,051 - INFO - ⌛ Aguardando confirmação 4 - editar OS...
2026-05-13 12:52:17,567 - INFO - ⌛ Aguardando confirmação 4 - editar OS...
2026-05-13 12:52:33,063 - INFO - 🟨 Janela de confirmação 4 de edição de OS detectada
2026-05-13 12:52:37,166 - INFO - 
=== rotina programar_os ===
2026-05-13 12:53:03,702 - INFO - ⌛ Aguardando janela de confirmação de programação de OS...
2026-05-13 12:53:29,165 - INFO - 🟨 Janela de confirmação de programação de OS detectada
2026-05-13 12:53:42,429 - INFO - 🟨 Janela de aviso de edição de OS programadas detectada
2026-05-13 12:53:49,644 - INFO - ⌛ aguardando janela de programação de lote de OS...
2026-05-13 12:54:15,179 - INFO - 🟨 Janela de aviso de substituição de lote de OS detectada
2026-05-13 12:54:35,287 - INFO - ⌛ aguardando janela de programação de lote de OS...
2026-05-13 12:55:00,834 - INFO - 🟨 Janela de programação de lote de OS detectada
2026-05-13 12:55:50,383 - INFO - 🟨 Janela de confirmação de programação de lote de OS detectada
2026-05-13 12:55:54,604 - INFO - ⌛ aguardando confirmação final de programação do lote
2026-05-13 12:56:20,085 - INFO - 🟨 programação do lote 7 efetuado com sucesso
2026-05-13 12:56:30,190 - INFO - 
=== Iniciando lote 8/19 [LV] ===
2026-05-13 12:56:30,190 - INFO - 
=== abrir_janela_selecao ===
2026-05-13 12:56:36,498 - INFO - 
=== rotina abrir_selecao_colar_os ===
2026-05-13 12:56:36,556 - INFO - Janela de seleção aberta
2026-05-13 12:56:40,813 - INFO - DEBUG: idx=7, inicio=175, fim=200
2026-05-13 12:56:40,813 - INFO - ✅ 25 OS copiadas para a área de transferência.
2026-05-13 12:56:40,813 - INFO - 📋 Lote 8 copiado.
2026-05-13 12:56:49,147 - INFO - ⌛ Esperando mudança visual...
2026-05-13 12:56:50,162 - INFO - ⌛ Esperando mudança visual...
2026-05-13 12:56:51,176 - INFO - ⌛ Esperando mudança visual...
2026-05-13 12:56:52,193 - INFO - ⌛ Esperando mudança visual...
2026-05-13 12:56:53,206 - INFO - ⌛ Esperando mudança visual...
2026-05-13 12:56:54,222 - INFO - ⌛ Esperando mudança visual...
2026-05-13 12:56:55,238 - INFO - ⌛ Esperando mudança visual...
2026-05-13 12:56:56,256 - INFO - ⌛ Esperando mudança visual...
2026-05-13 12:56:57,270 - INFO - ⌛ Esperando mudança visual...
2026-05-13 12:56:58,286 - INFO - ⌛ Esperando mudança visual...
2026-05-13 12:56:59,301 - INFO - ✅ Tela carregada!
2026-05-13 12:57:03,306 - INFO - 
=== rotina desbloquear_os ===
2026-05-13 12:57:29,777 - INFO - ⌛ Aguardando janela de confirmação de desbloqueio...
2026-05-13 12:57:45,208 - INFO - 🟨 Registros desbloqueados com sucesso
2026-05-13 12:57:49,312 - INFO - 
=== rotina editar_os ===
2026-05-13 12:57:58,724 - INFO - ⌛ Aguardando janela de edição de OS...
2026-05-13 12:58:14,226 - INFO - 🟨 OS programadas detectadas
2026-05-13 12:58:17,331 - INFO - ⌛ Aguardando janela de edição de OS...
2026-05-13 12:58:32,789 - INFO - 🟨 Janela de edição de OS detectada
2026-05-13 12:58:54,143 - INFO - 🟨 Janela de edição de habilidade da turma detectada
2026-05-13 13:00:12,470 - INFO - ⌛ Aguardando detecção do campo de caracteristica 'EQUIPE PRÓPRIA OU EPS' ...
2026-05-13 13:00:31,833 - INFO - 🟨 campo de caracteristica 'EQUIPE PRÓPRIA OU EPS detectado
2026-05-13 13:00:53,633 - INFO - ⌛ Aguardando confirmação 4 - editar OS...
2026-05-13 13:01:09,122 - INFO - ⌛ Aguardando confirmação 4 - editar OS...
2026-05-13 13:01:24,638 - INFO - ⌛ Aguardando confirmação 4 - editar OS...
2026-05-13 13:01:40,145 - INFO - 🟨 Janela de confirmação 4 de edição de OS detectada
2026-05-13 13:01:44,257 - INFO - 
=== rotina programar_os ===
2026-05-13 13:02:10,825 - INFO - ⌛ Aguardando janela de confirmação de programação de OS...
2026-05-13 13:02:36,285 - INFO - 🟨 Janela de confirmação de programação de OS detectada
2026-05-13 13:02:49,585 - INFO - 🟨 Janela de aviso de edição de OS programadas detectada
2026-05-13 13:02:56,804 - INFO - ⌛ aguardando janela de programação de lote de OS...
2026-05-13 13:03:22,337 - INFO - 🟨 Janela de aviso de substituição de lote de OS detectada
2026-05-13 13:03:42,441 - INFO - ⌛ aguardando janela de programação de lote de OS...
2026-05-13 13:04:07,977 - INFO - 🟨 Janela de programação de lote de OS detectada
2026-05-13 13:04:57,527 - INFO - 🟨 Janela de confirmação de programação de lote de OS detectada
2026-05-13 13:05:01,756 - INFO - ⌛ aguardando confirmação final de programação do lote
2026-05-13 13:05:27,229 - INFO - 🟨 programação do lote 8 efetuado com sucesso
2026-05-13 13:05:37,334 - INFO - 
=== Iniciando lote 9/19 [LV] ===
2026-05-13 13:05:37,334 - INFO - 
=== abrir_janela_selecao ===
2026-05-13 13:05:43,642 - INFO - 
=== rotina abrir_selecao_colar_os ===
2026-05-13 13:05:43,701 - INFO - Janela de seleção aberta
2026-05-13 13:05:47,934 - INFO - DEBUG: idx=8, inicio=200, fim=225
2026-05-13 13:05:47,934 - INFO - ✅ 25 OS copiadas para a área de transferência.
2026-05-13 13:05:47,934 - INFO - 📋 Lote 9 copiado.
2026-05-13 13:05:56,260 - INFO - ⌛ Esperando mudança visual...
2026-05-13 13:05:57,271 - INFO - ⌛ Esperando mudança visual...
2026-05-13 13:05:58,287 - INFO - ⌛ Esperando mudança visual...
2026-05-13 13:05:59,302 - INFO - ⌛ Esperando mudança visual...
2026-05-13 13:06:00,318 - INFO - ⌛ Esperando mudança visual...
2026-05-13 13:06:01,334 - INFO - ⌛ Esperando mudança visual...
2026-05-13 13:06:02,350 - INFO - ⌛ Esperando mudança visual...
2026-05-13 13:06:03,365 - INFO - ⌛ Esperando mudança visual...
2026-05-13 13:06:04,381 - INFO - ⌛ Esperando mudança visual...
2026-05-13 13:06:05,396 - INFO - ⌛ Esperando mudança visual...
2026-05-13 13:06:06,412 - INFO - ⌛ Esperando mudança visual...
2026-05-13 13:06:07,428 - INFO - ⌛ Esperando mudança visual...
2026-05-13 13:06:08,444 - INFO - ✅ Tela carregada!
2026-05-13 13:06:12,445 - INFO - 
=== rotina desbloquear_os ===
2026-05-13 13:06:38,934 - INFO - ⌛ Aguardando janela de confirmação de desbloqueio...
2026-05-13 13:06:54,367 - INFO - 🟨 Registros desbloqueados com sucesso
2026-05-13 13:06:58,469 - INFO - 
=== rotina editar_os ===
2026-05-13 13:07:07,882 - INFO - ⌛ Aguardando janela de edição de OS...
2026-05-13 13:07:23,369 - INFO - 🟨 OS programadas detectadas
2026-05-13 13:07:26,484 - INFO - ⌛ Aguardando janela de edição de OS...
2026-05-13 13:07:41,982 - INFO - 🟨 Janela de edição de OS detectada
2026-05-13 13:08:03,337 - INFO - 🟨 Janela de edição de habilidade da turma detectada
2026-05-13 13:09:21,676 - INFO - ⌛ Aguardando detecção do campo de caracteristica 'EQUIPE PRÓPRIA OU EPS' ...
2026-05-13 13:09:41,034 - INFO - 🟨 campo de caracteristica 'EQUIPE PRÓPRIA OU EPS detectado
2026-05-13 13:10:02,846 - INFO - ⌛ Aguardando confirmação 4 - editar OS...
2026-05-13 13:10:18,377 - INFO - ⌛ Aguardando confirmação 4 - editar OS...
2026-05-13 13:10:33,961 - INFO - 🟨 Janela de confirmação 4 de edição de OS detectada
2026-05-13 13:10:38,062 - INFO - 
=== rotina programar_os ===
2026-05-13 13:11:04,618 - INFO - ⌛ Aguardando janela de confirmação de programação de OS...
2026-05-13 13:11:30,119 - INFO - 🟨 Janela de confirmação de programação de OS detectada
2026-05-13 13:11:43,374 - INFO - 🟨 Janela de aviso de edição de OS programadas detectada
2026-05-13 13:11:50,592 - INFO - ⌛ aguardando janela de programação de lote de OS...
2026-05-13 13:12:16,124 - INFO - 🟨 Janela de aviso de substituição de lote de OS detectada
2026-05-13 13:12:36,228 - INFO - ⌛ aguardando janela de programação de lote de OS...
2026-05-13 13:13:01,782 - INFO - 🟨 Janela de programação de lote de OS detectada
2026-05-13 13:13:51,310 - INFO - 🟨 Janela de confirmação de programação de lote de OS detectada
2026-05-13 13:13:55,523 - INFO - ⌛ aguardando confirmação final de programação do lote
2026-05-13 13:14:20,978 - INFO - 🟨 programação do lote 9 efetuado com sucesso
2026-05-13 13:14:31,083 - INFO - 
=== Iniciando lote 10/19 [LV] ===
2026-05-13 13:14:31,084 - INFO - 
=== abrir_janela_selecao ===
2026-05-13 13:14:37,392 - INFO - 
=== rotina abrir_selecao_colar_os ===
2026-05-13 13:14:37,439 - INFO - Janela de seleção aberta
2026-05-13 13:14:41,675 - INFO - DEBUG: idx=9, inicio=225, fim=250
2026-05-13 13:14:41,675 - INFO - ✅ 25 OS copiadas para a área de transferência.
2026-05-13 13:14:41,675 - INFO - 📋 Lote 10 copiado.
2026-05-13 13:14:49,993 - INFO - ⌛ Esperando mudança visual...
2026-05-13 13:14:51,008 - INFO - ⌛ Esperando mudança visual...
2026-05-13 13:14:52,025 - INFO - ⌛ Esperando mudança visual...
2026-05-13 13:14:53,040 - INFO - ⌛ Esperando mudança visual...
2026-05-13 13:14:54,056 - INFO - ⌛ Esperando mudança visual...
2026-05-13 13:14:55,071 - INFO - ⌛ Esperando mudança visual...
2026-05-13 13:14:56,086 - INFO - ⌛ Esperando mudança visual...
2026-05-13 13:14:57,103 - INFO - ⌛ Esperando mudança visual...
2026-05-13 13:14:58,118 - INFO - ⌛ Esperando mudança visual...
2026-05-13 13:14:59,134 - INFO - ⌛ Esperando mudança visual...
2026-05-13 13:15:00,150 - INFO - ⌛ Esperando mudança visual...
2026-05-13 13:15:01,165 - INFO - ✅ Tela carregada!
2026-05-13 13:15:05,169 - INFO - 
=== rotina desbloquear_os ===
2026-05-13 13:15:31,652 - INFO - ⌛ Aguardando janela de confirmação de desbloqueio...
2026-05-13 13:15:47,050 - INFO - 🟨 Registros desbloqueados com sucesso
2026-05-13 13:15:51,154 - INFO - 
=== rotina editar_os ===
2026-05-13 13:16:00,564 - INFO - 🟨 OS programadas detectadas
2026-05-13 13:16:03,667 - INFO - ⌛ Aguardando janela de edição de OS...
2026-05-13 13:16:19,113 - INFO - 🟨 Janela de edição de OS detectada
2026-05-13 13:16:40,492 - INFO - 🟨 Janela de edição de habilidade da turma detectada
2026-05-13 13:17:58,816 - INFO - ⌛ Aguardando detecção do campo de caracteristica 'EQUIPE PRÓPRIA OU EPS' ...
2026-05-13 13:18:18,175 - INFO - 🟨 campo de caracteristica 'EQUIPE PRÓPRIA OU EPS detectado
2026-05-13 13:18:39,943 - INFO - ⌛ Aguardando confirmação 4 - editar OS...
2026-05-13 13:18:55,396 - INFO - ⌛ Aguardando confirmação 4 - editar OS...
2026-05-13 13:19:10,864 - INFO - 🟨 Janela de confirmação 4 de edição de OS detectada
2026-05-13 13:19:14,967 - INFO - 
=== rotina programar_os ===
2026-05-13 13:19:41,515 - INFO - ⌛ Aguardando janela de confirmação de programação de OS...
2026-05-13 13:20:06,952 - INFO - 🟨 Janela de confirmação de programação de OS detectada
2026-05-13 13:20:20,222 - INFO - 🟨 Janela de aviso de edição de OS programadas detectada
2026-05-13 13:20:27,433 - INFO - ⌛ aguardando janela de programação de lote de OS...
2026-05-13 13:20:52,943 - INFO - 🟨 Janela de aviso de substituição de lote de OS detectada
2026-05-13 13:21:13,046 - INFO - ⌛ aguardando janela de programação de lote de OS...
2026-05-13 13:21:38,566 - INFO - 🟨 Janela de programação de lote de OS detectada
2026-05-13 13:22:28,075 - INFO - 🟨 Janela de confirmação de programação de lote de OS detectada
2026-05-13 13:22:32,298 - INFO - ⌛ aguardando confirmação final de programação do lote
2026-05-13 13:22:57,768 - INFO - 🟨 programação do lote 10 efetuado com sucesso
2026-05-13 13:23:07,872 - INFO - 
=== Iniciando lote 11/19 [LV] ===
2026-05-13 13:23:07,872 - INFO - 
=== abrir_janela_selecao ===
2026-05-13 13:23:14,191 - INFO - 
=== rotina abrir_selecao_colar_os ===
2026-05-13 13:23:14,231 - INFO - Janela de seleção aberta
2026-05-13 13:23:18,471 - INFO - DEBUG: idx=10, inicio=250, fim=275
2026-05-13 13:23:18,471 - INFO - ✅ 25 OS copiadas para a área de transferência.
2026-05-13 13:23:18,471 - INFO - 📋 Lote 11 copiado.
2026-05-13 13:23:26,804 - INFO - ⌛ Esperando mudança visual...
2026-05-13 13:23:27,821 - INFO - ⌛ Esperando mudança visual...
2026-05-13 13:23:28,835 - INFO - ⌛ Esperando mudança visual...
2026-05-13 13:23:29,848 - INFO - ⌛ Esperando mudança visual...
2026-05-13 13:23:30,864 - INFO - ⌛ Esperando mudança visual...
2026-05-13 13:23:31,879 - INFO - ⌛ Esperando mudança visual...
2026-05-13 13:23:32,896 - INFO - ⌛ Esperando mudança visual...
2026-05-13 13:23:33,914 - INFO - ⌛ Esperando mudança visual...
2026-05-13 13:23:34,927 - INFO - ⌛ Esperando mudança visual...
2026-05-13 13:23:35,943 - INFO - ⌛ Esperando mudança visual...
2026-05-13 13:23:36,958 - INFO - ⌛ Esperando mudança visual...
2026-05-13 13:23:37,976 - INFO - ✅ Tela carregada!
2026-05-13 13:23:41,979 - INFO - 
=== rotina desbloquear_os ===
2026-05-13 13:24:08,461 - INFO - ⌛ Aguardando janela de confirmação de desbloqueio...
2026-05-13 13:24:23,876 - INFO - 🟨 Registros desbloqueados com sucesso
2026-05-13 13:24:27,979 - INFO - 
=== rotina editar_os ===
2026-05-13 13:24:37,415 - INFO - ⌛ Aguardando janela de edição de OS...
2026-05-13 13:24:52,884 - INFO - 🟨 OS programadas detectadas
2026-05-13 13:24:55,988 - INFO - ⌛ Aguardando janela de edição de OS...
2026-05-13 13:25:11,423 - INFO - 🟨 Janela de edição de OS detectada
2026-05-13 13:25:32,786 - INFO - 🟨 Janela de edição de habilidade da turma detectada
2026-05-13 13:26:51,093 - INFO - ⌛ Aguardando detecção do campo de caracteristica 'EQUIPE PRÓPRIA OU EPS' ...
2026-05-13 13:27:10,457 - INFO - 🟨 campo de caracteristica 'EQUIPE PRÓPRIA OU EPS detectado
2026-05-13 13:27:32,253 - INFO - ⌛ Aguardando confirmação 4 - editar OS...
2026-05-13 13:27:47,706 - INFO - ⌛ Aguardando confirmação 4 - editar OS...
2026-05-13 13:28:03,173 - INFO - 🟨 Janela de confirmação 4 de edição de OS detectada
2026-05-13 13:28:07,276 - INFO - 
=== rotina programar_os ===
2026-05-13 13:28:33,816 - INFO - ⌛ Aguardando janela de confirmação de programação de OS...
2026-05-13 13:28:59,297 - INFO - 🟨 Janela de confirmação de programação de OS detectada
2026-05-13 13:29:12,571 - INFO - 🟨 Janela de aviso de edição de OS programadas detectada
2026-05-13 13:29:19,777 - INFO - ⌛ aguardando janela de programação de lote de OS...
2026-05-13 13:29:45,286 - INFO - 🟨 Janela de aviso de substituição de lote de OS detectada
2026-05-13 13:30:05,393 - INFO - ⌛ aguardando janela de programação de lote de OS...
2026-05-13 13:30:30,893 - INFO - 🟨 Janela de programação de lote de OS detectada
2026-05-13 13:31:20,397 - INFO - 🟨 Janela de confirmação de programação de lote de OS detectada
2026-05-13 13:31:24,608 - INFO - ⌛ aguardando confirmação final de programação do lote
2026-05-13 13:31:50,080 - INFO - 🟨 programação do lote 11 efetuado com sucesso
2026-05-13 13:32:00,187 - INFO - 
=== Iniciando lote 12/19 [LV] ===
2026-05-13 13:32:00,187 - INFO - 
=== abrir_janela_selecao ===
2026-05-13 13:32:06,494 - INFO - 
=== rotina abrir_selecao_colar_os ===
2026-05-13 13:32:06,551 - INFO - Janela de seleção aberta
2026-05-13 13:32:10,773 - INFO - DEBUG: idx=11, inicio=275, fim=300
2026-05-13 13:32:10,773 - INFO - ✅ 25 OS copiadas para a área de transferência.
2026-05-13 13:32:10,773 - INFO - 📋 Lote 12 copiado.
2026-05-13 13:32:19,116 - INFO - ⌛ Esperando mudança visual...
2026-05-13 13:32:20,128 - INFO - ⌛ Esperando mudança visual...
2026-05-13 13:32:21,145 - INFO - ⌛ Esperando mudança visual...
2026-05-13 13:32:22,160 - INFO - ⌛ Esperando mudança visual...
2026-05-13 13:32:23,176 - INFO - ⌛ Esperando mudança visual...
2026-05-13 13:32:24,191 - INFO - ⌛ Esperando mudança visual...
2026-05-13 13:32:25,207 - INFO - ⌛ Esperando mudança visual...
2026-05-13 13:32:26,223 - INFO - ⌛ Esperando mudança visual...
2026-05-13 13:32:27,238 - INFO - ⌛ Esperando mudança visual...
2026-05-13 13:32:28,254 - INFO - ⌛ Esperando mudança visual...
2026-05-13 13:32:29,270 - INFO - ⌛ Esperando mudança visual...
2026-05-13 13:32:30,286 - INFO - ⌛ Esperando mudança visual...
2026-05-13 13:32:31,302 - INFO - ⌛ Esperando mudança visual...
2026-05-13 13:32:32,317 - INFO - ✅ Tela carregada!
2026-05-13 13:32:36,322 - INFO - 
=== rotina desbloquear_os ===
2026-05-13 13:33:02,788 - INFO - ⌛ Aguardando janela de confirmação de desbloqueio...
2026-05-13 13:33:18,186 - INFO - 🟨 Registros desbloqueados com sucesso
2026-05-13 13:33:22,290 - INFO - 
=== rotina editar_os ===
2026-05-13 13:33:31,719 - INFO - 🟨 OS programadas detectadas
2026-05-13 13:33:34,822 - INFO - ⌛ Aguardando janela de edição de OS...
2026-05-13 13:33:50,286 - INFO - 🟨 Janela de edição de OS detectada
2026-05-13 13:34:11,644 - INFO - 🟨 Janela de edição de habilidade da turma detectada
2026-05-13 13:35:29,950 - INFO - ⌛ Aguardando detecção do campo de caracteristica 'EQUIPE PRÓPRIA OU EPS' ...
2026-05-13 13:35:49,299 - INFO - 🟨 campo de caracteristica 'EQUIPE PRÓPRIA OU EPS detectado
2026-05-13 13:36:11,073 - INFO - 🟨 Janela de atenção de OS com contrato não vigente, pulando lote
2026-05-13 13:36:23,294 - INFO - 
=== Iniciando lote 13/19 [LV] ===
2026-05-13 13:36:23,294 - INFO - 
=== abrir_janela_selecao ===
2026-05-13 13:36:29,600 - INFO - 
=== rotina abrir_selecao_colar_os ===
2026-05-13 13:36:29,650 - INFO - Janela de seleção aberta
2026-05-13 13:36:33,898 - INFO - DEBUG: idx=12, inicio=300, fim=325
2026-05-13 13:36:33,898 - INFO - ✅ 25 OS copiadas para a área de transferência.
2026-05-13 13:36:33,898 - INFO - 📋 Lote 13 copiado.
2026-05-13 13:36:42,241 - INFO - ⌛ Esperando mudança visual...
2026-05-13 13:36:43,255 - INFO - ⌛ Esperando mudança visual...
2026-05-13 13:36:44,270 - INFO - ⌛ Esperando mudança visual...
2026-05-13 13:36:45,287 - INFO - ⌛ Esperando mudança visual...
2026-05-13 13:36:46,301 - INFO - ⌛ Esperando mudança visual...
2026-05-13 13:36:47,316 - INFO - ⌛ Esperando mudança visual...
2026-05-13 13:36:48,334 - INFO - ⌛ Esperando mudança visual...
2026-05-13 13:36:49,348 - INFO - ⌛ Esperando mudança visual...
2026-05-13 13:36:50,364 - INFO - ⌛ Esperando mudança visual...
2026-05-13 13:36:51,379 - INFO - ⌛ Esperando mudança visual...
2026-05-13 13:36:52,395 - INFO - ⌛ Esperando mudança visual...
2026-05-13 13:36:53,412 - INFO - ✅ Tela carregada!
2026-05-13 13:36:57,415 - INFO - 
=== rotina desbloquear_os ===
2026-05-13 13:37:23,895 - INFO - ⌛ Aguardando janela de confirmação de desbloqueio...
2026-05-13 13:37:39,382 - INFO - 🟨 Registros desbloqueados com sucesso
2026-05-13 13:37:43,487 - INFO - 
=== rotina editar_os ===
2026-05-13 13:37:52,898 - INFO - ⌛ Aguardando janela de edição de OS...
2026-05-13 13:38:08,348 - INFO - 🟨 OS programadas detectadas
2026-05-13 13:38:11,451 - INFO - ⌛ Aguardando janela de edição de OS...
2026-05-13 13:38:26,890 - INFO - 🟨 Janela de edição de OS detectada
2026-05-13 13:38:48,264 - INFO - 🟨 Janela de edição de habilidade da turma detectada
2026-05-13 13:40:06,571 - INFO - ⌛ Aguardando detecção do campo de caracteristica 'EQUIPE PRÓPRIA OU EPS' ...
2026-05-13 13:40:25,951 - INFO - 🟨 campo de caracteristica 'EQUIPE PRÓPRIA OU EPS detectado
2026-05-13 13:40:47,739 - INFO - 🟨 Janela de atenção de OS com contrato não vigente, pulando lote
2026-05-13 13:40:59,945 - INFO - 
=== Iniciando lote 14/19 [LV] ===
2026-05-13 13:40:59,946 - INFO - 
=== abrir_janela_selecao ===
2026-05-13 13:41:06,251 - INFO - 
=== rotina abrir_selecao_colar_os ===
2026-05-13 13:41:06,295 - INFO - Janela de seleção aberta
2026-05-13 13:41:10,536 - INFO - DEBUG: idx=13, inicio=325, fim=350
2026-05-13 13:41:10,536 - INFO - ✅ 25 OS copiadas para a área de transferência.
2026-05-13 13:41:10,536 - INFO - 📋 Lote 14 copiado.
2026-05-13 13:41:18,865 - INFO - ⌛ Esperando mudança visual...
2026-05-13 13:41:19,882 - INFO - ⌛ Esperando mudança visual...
2026-05-13 13:41:20,897 - INFO - ⌛ Esperando mudança visual...
2026-05-13 13:41:21,913 - INFO - ⌛ Esperando mudança visual...
2026-05-13 13:41:22,928 - INFO - ⌛ Esperando mudança visual...
2026-05-13 13:41:23,944 - INFO - ⌛ Esperando mudança visual...
2026-05-13 13:41:24,960 - INFO - ⌛ Esperando mudança visual...
2026-05-13 13:41:25,978 - INFO - ⌛ Esperando mudança visual...
2026-05-13 13:41:26,990 - INFO - ⌛ Esperando mudança visual...
2026-05-13 13:41:28,008 - INFO - ⌛ Esperando mudança visual...
2026-05-13 13:41:29,022 - INFO - ⌛ Esperando mudança visual...
2026-05-13 13:41:30,038 - INFO - ✅ Tela carregada!
2026-05-13 13:41:34,042 - INFO - 
=== rotina desbloquear_os ===
2026-05-13 13:42:00,523 - INFO - ⌛ Aguardando janela de confirmação de desbloqueio...
2026-05-13 17:54:38,446 - INFO - Data hoje: 13/05/2026
2026-05-13 17:54:38,446 - INFO - Data de referência: 31/05/2026
2026-05-13 17:57:53,527 - INFO - Qtde OS de LINHA VIVA: 554
2026-05-13 17:57:53,527 - INFO - Qtde OS poda de LINHA MORTA: 298
2026-05-13 17:57:53,527 - INFO - Qtde OS estrutural de LINHA MORTA : 13043
2026-05-13 17:57:53,527 - INFO - Qtde OS poda de LINHA MORTA fora carteira: 166
2026-05-13 17:57:53,527 - INFO - Qtde OS para desprogramar: 2448
2026-05-13 17:57:53,528 - INFO - 
 Qtd de lotes de LM: 12
2026-05-13 17:57:53,528 - INFO - 
 Qtd de lotes de LV: 23
2026-05-13 17:57:53,528 - INFO - 
 Qtd de lotes de ESTRUTURAL LM: 522
2026-05-13 17:57:53,528 - INFO - 
 Qtd de lotes de LEVE: 7
2026-05-13 17:57:53,528 - INFO - 
 Qtd de lotes para desprogramar: 98
2026-05-13 17:57:53,529 - INFO - 
=== Iniciando lote 1/23 [LV] ===
2026-05-13 17:57:53,529 - INFO - 
=== abrir_janela_selecao ===
2026-05-13 17:57:59,849 - INFO - 
=== rotina abrir_selecao_colar_os ===
2026-05-13 17:57:59,961 - INFO - Janela de seleção aberta
2026-05-13 17:58:04,205 - INFO - DEBUG: idx=0, inicio=0, fim=25
2026-05-13 17:58:04,205 - INFO - ✅ 25 OS copiadas para a área de transferência.
2026-05-13 17:58:04,205 - INFO - 📋 Lote 1 copiado.
2026-05-13 17:58:12,533 - INFO - ⌛ Esperando mudança visual...
2026-05-13 17:58:13,545 - INFO - ✅ Tela carregada!
2026-05-13 17:58:17,550 - INFO - 
=== rotina desbloquear_os ===
2026-05-13 17:58:44,018 - INFO - ⌛ Aguardando janela de confirmação de desbloqueio...
2026-05-13 17:58:59,430 - INFO - 🟨 Registros desbloqueados com sucesso
2026-05-13 17:59:03,534 - INFO - 
=== rotina editar_os ===
2026-05-13 17:59:12,958 - INFO - 🟨 OS programadas detectadas
2026-05-13 17:59:16,067 - INFO - ⌛ Aguardando janela de edição de OS...
2026-05-13 17:59:31,527 - INFO - 🟨 Janela de edição de OS detectada
2026-05-13 17:59:52,889 - INFO - 🟨 Janela de edição de habilidade da turma detectada
2026-05-13 18:01:11,185 - INFO - ⌛ Aguardando detecção do campo de caracteristica 'EQUIPE PRÓPRIA OU EPS' ...
2026-05-13 18:01:30,560 - INFO - 🟨 campo de caracteristica 'EQUIPE PRÓPRIA OU EPS detectado
2026-05-13 18:01:52,344 - INFO - ⌛ Aguardando confirmação 4 - editar OS...
2026-05-13 18:02:07,807 - INFO - ⌛ Aguardando confirmação 4 - editar OS...
2026-05-13 18:02:23,275 - INFO - ⌛ Aguardando confirmação 4 - editar OS...
2026-05-13 18:02:38,728 - INFO - 🟨 Janela de confirmação 4 de edição de OS detectada
2026-05-13 18:02:42,829 - INFO - 
=== rotina programar_os ===
2026-05-13 18:03:09,358 - INFO - ⌛ Aguardando janela de confirmação de programação de OS...
2026-05-13 18:03:34,785 - INFO - 🟨 Janela de confirmação de programação de OS detectada
2026-05-13 18:03:48,063 - INFO - 🟨 Janela de aviso de edição de OS programadas detectada
2026-05-13 18:03:55,278 - INFO - ⌛ aguardando janela de programação de lote de OS...
2026-05-13 18:04:20,787 - INFO - 🟨 Janela de aviso de substituição de lote de OS detectada
2026-05-13 18:04:40,895 - INFO - ⌛ aguardando janela de programação de lote de OS...
2026-05-13 18:05:06,391 - INFO - 🟨 Janela de programação de lote de OS detectada
2026-05-13 18:05:55,917 - INFO - 🟨 Janela de confirmação de programação de lote de OS detectada
2026-05-13 18:06:00,130 - INFO - ⌛ aguardando confirmação final de programação do lote
2026-05-13 18:06:25,584 - INFO - 🟨 programação do lote 1 efetuado com sucesso
2026-05-13 18:06:35,688 - INFO - 
=== Iniciando lote 2/23 [LV] ===
2026-05-13 18:06:35,688 - INFO - 
=== abrir_janela_selecao ===
2026-05-13 18:06:41,999 - INFO - 
=== rotina abrir_selecao_colar_os ===
2026-05-13 18:06:42,043 - INFO - Janela de seleção aberta
2026-05-13 18:06:46,275 - INFO - DEBUG: idx=1, inicio=25, fim=50
2026-05-13 18:06:46,275 - INFO - ✅ 25 OS copiadas para a área de transferência.
2026-05-13 18:06:46,276 - INFO - 📋 Lote 2 copiado.
2026-05-13 18:06:54,597 - INFO - ⌛ Esperando mudança visual...
2026-05-13 18:06:55,612 - INFO - ⌛ Esperando mudança visual...
2026-05-13 18:06:56,628 - INFO - ⌛ Esperando mudança visual...
2026-05-13 18:06:57,644 - INFO - ⌛ Esperando mudança visual...
2026-05-13 18:06:58,660 - INFO - ⌛ Esperando mudança visual...
2026-05-13 18:06:59,675 - INFO - ⌛ Esperando mudança visual...
2026-05-13 18:07:00,691 - INFO - ⌛ Esperando mudança visual...
2026-05-13 18:07:01,706 - INFO - ⌛ Esperando mudança visual...
2026-05-13 18:07:02,722 - INFO - ⌛ Esperando mudança visual...
2026-05-13 18:07:03,738 - INFO - ⌛ Esperando mudança visual...
2026-05-13 18:07:04,753 - INFO - ⌛ Esperando mudança visual...
2026-05-13 18:07:05,770 - INFO - ⌛ Esperando mudança visual...
2026-05-13 18:07:06,784 - INFO - ⌛ Esperando mudança visual...
2026-05-13 18:07:07,800 - INFO - ⌛ Esperando mudança visual...
2026-05-13 18:07:08,816 - INFO - ⌛ Esperando mudança visual...
2026-05-13 18:07:09,832 - INFO - ✅ Tela carregada!
2026-05-13 18:07:13,838 - INFO - 
=== rotina desbloquear_os ===
2026-05-13 18:07:40,301 - INFO - ⌛ Aguardando janela de confirmação de desbloqueio...
2026-05-13 18:07:55,701 - INFO - 🟨 Registros desbloqueados com sucesso
2026-05-13 18:07:59,804 - INFO - 
=== rotina editar_os ===
2026-05-13 18:08:09,213 - INFO - ⌛ Aguardando janela de edição de OS...
2026-05-13 18:08:24,637 - INFO - 🟨 OS programadas detectadas
2026-05-13 18:08:27,741 - INFO - ⌛ Aguardando janela de edição de OS...
2026-05-13 18:08:43,183 - INFO - 🟨 Janela de edição de OS detectada
2026-05-13 18:09:04,544 - INFO - 🟨 Janela de edição de habilidade da turma detectada
2026-05-13 18:10:22,861 - INFO - ⌛ Aguardando detecção do campo de caracteristica 'EQUIPE PRÓPRIA OU EPS' ...
2026-05-13 18:10:42,216 - INFO - 🟨 campo de caracteristica 'EQUIPE PRÓPRIA OU EPS detectado
2026-05-13 18:11:04,011 - INFO - ⌛ Aguardando confirmação 4 - editar OS...
2026-05-13 18:11:19,435 - INFO - ⌛ Aguardando confirmação 4 - editar OS...
2026-05-13 18:11:34,915 - INFO - ⌛ Aguardando confirmação 4 - editar OS...
2026-05-13 18:11:50,381 - INFO - 🟨 Janela de confirmação 4 de edição de OS detectada
2026-05-13 18:11:54,484 - INFO - 
=== rotina programar_os ===
2026-05-13 18:12:20,997 - INFO - ⌛ Aguardando janela de confirmação de programação de OS...
2026-05-13 18:12:46,433 - INFO - 🟨 Janela de confirmação de programação de OS detectada
2026-05-13 18:12:59,686 - INFO - 🟨 Janela de aviso de edição de OS programadas detectada
2026-05-13 18:13:06,902 - INFO - ⌛ aguardando janela de programação de lote de OS...
2026-05-13 18:13:32,415 - INFO - 🟨 Janela de aviso de substituição de lote de OS detectada
2026-05-13 18:13:52,519 - INFO - ⌛ aguardando janela de programação de lote de OS...
2026-05-13 18:14:18,031 - INFO - 🟨 Janela de programação de lote de OS detectada
2026-05-13 18:15:07,532 - INFO - 🟨 Janela de confirmação de programação de lote de OS detectada
2026-05-13 18:15:11,753 - INFO - ⌛ aguardando confirmação final de programação do lote
2026-05-13 18:15:37,238 - INFO - 🟨 programação do lote 2 efetuado com sucesso
2026-05-13 18:15:47,344 - INFO - 
=== Iniciando lote 3/23 [LV] ===
2026-05-13 18:15:47,344 - INFO - 
=== abrir_janela_selecao ===
2026-05-13 18:15:53,651 - INFO - 
=== rotina abrir_selecao_colar_os ===
2026-05-13 18:15:53,699 - INFO - Janela de seleção aberta
2026-05-13 18:15:57,928 - INFO - DEBUG: idx=2, inicio=50, fim=75
2026-05-13 18:15:57,928 - INFO - ✅ 25 OS copiadas para a área de transferência.
2026-05-13 18:15:57,928 - INFO - 📋 Lote 3 copiado.
2026-05-13 18:16:06,257 - INFO - ⌛ Esperando mudança visual...
2026-05-13 18:16:07,269 - INFO - ⌛ Esperando mudança visual...
2026-05-13 18:16:08,285 - INFO - ⌛ Esperando mudança visual...
2026-05-13 18:16:09,301 - INFO - ⌛ Esperando mudança visual...
2026-05-13 18:16:10,316 - INFO - ⌛ Esperando mudança visual...
2026-05-13 18:16:11,332 - INFO - ⌛ Esperando mudança visual...
2026-05-13 18:16:12,347 - INFO - ⌛ Esperando mudança visual...
2026-05-13 18:16:13,363 - INFO - ⌛ Esperando mudança visual...
2026-05-13 18:16:14,379 - INFO - ⌛ Esperando mudança visual...
2026-05-13 18:16:15,395 - INFO - ⌛ Esperando mudança visual...
2026-05-13 18:16:16,410 - INFO - ⌛ Esperando mudança visual...
2026-05-13 18:16:17,426 - INFO - ✅ Tela carregada!
2026-05-13 18:16:21,431 - INFO - 
=== rotina desbloquear_os ===
2026-05-13 18:16:47,917 - INFO - ⌛ Aguardando janela de confirmação de desbloqueio...
2026-05-13 18:17:03,311 - INFO - 🟨 Registros desbloqueados com sucesso
2026-05-13 18:17:07,415 - INFO - 
=== rotina editar_os ===
2026-05-13 18:17:16,835 - INFO - 🟨 OS programadas detectadas
2026-05-13 18:17:19,946 - INFO - ⌛ Aguardando janela de edição de OS...
2026-05-13 18:17:35,387 - INFO - 🟨 Janela de edição de OS detectada
2026-05-13 18:17:56,758 - INFO - 🟨 Janela de edição de habilidade da turma detectada
2026-05-13 18:19:15,076 - INFO - ⌛ Aguardando detecção do campo de caracteristica 'EQUIPE PRÓPRIA OU EPS' ...
2026-05-13 18:19:34,451 - INFO - 🟨 campo de caracteristica 'EQUIPE PRÓPRIA OU EPS detectado
2026-05-13 18:19:56,227 - INFO - ⌛ Aguardando confirmação 4 - editar OS...
2026-05-13 18:20:11,671 - INFO - 🟨 Janela de confirmação 4 de edição de OS detectada
2026-05-13 18:20:15,774 - INFO - 
=== rotina programar_os ===
2026-05-13 18:20:42,286 - INFO - ⌛ Aguardando janela de confirmação de programação de OS...
2026-05-13 18:21:07,774 - INFO - 🟨 Janela de confirmação de programação de OS detectada
2026-05-13 18:21:21,026 - INFO - 🟨 Janela de aviso de edição de OS programadas detectada
2026-05-13 18:21:28,243 - INFO - ⌛ aguardando janela de programação de lote de OS...
2026-05-13 18:21:53,753 - INFO - 🟨 Janela de aviso de substituição de lote de OS detectada
2026-05-13 18:22:13,856 - INFO - ⌛ aguardando janela de programação de lote de OS...
2026-05-13 18:22:39,377 - INFO - 🟨 Janela de programação de lote de OS detectada
2026-05-13 18:23:28,877 - INFO - 🟨 Janela de confirmação de programação de lote de OS detectada
2026-05-13 18:23:33,080 - INFO - ⌛ aguardando confirmação final de programação do lote
2026-05-13 18:23:58,527 - INFO - 🟨 programação do lote 3 efetuado com sucesso
2026-05-13 18:24:08,635 - INFO - 
=== Iniciando lote 4/23 [LV] ===
2026-05-13 18:24:08,635 - INFO - 
=== abrir_janela_selecao ===
2026-05-13 18:24:14,941 - INFO - 
=== rotina abrir_selecao_colar_os ===
2026-05-13 18:24:14,990 - INFO - Janela de seleção aberta
2026-05-13 18:24:19,218 - INFO - DEBUG: idx=3, inicio=75, fim=100
2026-05-13 18:24:19,219 - INFO - ✅ 25 OS copiadas para a área de transferência.
2026-05-13 18:24:19,219 - INFO - 📋 Lote 4 copiado.
2026-05-13 18:24:27,564 - INFO - ⌛ Esperando mudança visual...
2026-05-13 18:24:28,577 - INFO - ⌛ Esperando mudança visual...
2026-05-13 18:24:29,594 - INFO - ⌛ Esperando mudança visual...
2026-05-13 18:24:30,608 - INFO - ⌛ Esperando mudança visual...
2026-05-13 18:24:31,624 - INFO - ⌛ Esperando mudança visual...
2026-05-13 18:24:32,639 - INFO - ⌛ Esperando mudança visual...
2026-05-13 18:24:33,655 - INFO - ⌛ Esperando mudança visual...
2026-05-13 18:24:34,670 - INFO - ⌛ Esperando mudança visual...
2026-05-13 18:24:35,687 - INFO - ⌛ Esperando mudança visual...
2026-05-13 18:24:36,702 - INFO - ⌛ Esperando mudança visual...
2026-05-13 18:24:37,718 - INFO - ⌛ Esperando mudança visual...
2026-05-13 18:24:38,735 - INFO - ⌛ Esperando mudança visual...
2026-05-13 18:24:39,749 - INFO - ⌛ Esperando mudança visual...
2026-05-13 18:24:40,765 - INFO - ✅ Tela carregada!
2026-05-13 18:24:44,768 - INFO - 
=== rotina desbloquear_os ===
2026-05-13 18:25:11,234 - INFO - ⌛ Aguardando janela de confirmação de desbloqueio...
2026-05-13 18:25:26,728 - INFO - 🟨 Registros desbloqueados com sucesso
2026-05-13 18:25:30,831 - INFO - 
=== rotina editar_os ===
2026-05-13 18:25:40,222 - INFO - ⌛ Aguardando janela de edição de OS...
2026-05-13 18:25:55,679 - INFO - 🟨 OS programadas detectadas
2026-05-13 18:25:58,789 - INFO - ⌛ Aguardando janela de edição de OS...
2026-05-13 18:26:14,264 - INFO - 🟨 Janela de edição de OS detectada
2026-05-13 18:26:35,629 - INFO - 🟨 Janela de edição de habilidade da turma detectada
2026-05-13 18:27:53,932 - INFO - ⌛ Aguardando detecção do campo de caracteristica 'EQUIPE PRÓPRIA OU EPS' ...
2026-05-13 18:28:13,298 - INFO - 🟨 campo de caracteristica 'EQUIPE PRÓPRIA OU EPS detectado
2026-05-13 18:28:35,076 - INFO - ⌛ Aguardando confirmação 4 - editar OS...
2026-05-13 18:28:50,531 - INFO - ⌛ Aguardando confirmação 4 - editar OS...
2026-05-13 18:29:05,980 - INFO - 🟨 Janela de confirmação 4 de edição de OS detectada
2026-05-13 18:29:10,082 - INFO - 
=== rotina programar_os ===
2026-05-13 18:29:36,623 - INFO - ⌛ Aguardando janela de confirmação de programação de OS...
2026-05-13 18:30:02,115 - INFO - 🟨 Janela de confirmação de programação de OS detectada
2026-05-13 18:30:15,385 - INFO - 🟨 Janela de aviso de edição de OS programadas detectada
2026-05-13 18:30:22,618 - INFO - ⌛ aguardando janela de programação de lote de OS...
2026-05-13 18:30:48,170 - INFO - 🟨 Janela de aviso de substituição de lote de OS detectada
2026-05-13 18:31:08,284 - INFO - ⌛ aguardando janela de programação de lote de OS...
2026-05-13 18:31:33,840 - INFO - 🟨 Janela de programação de lote de OS detectada
2026-05-13 18:32:23,358 - INFO - 🟨 Janela de confirmação de programação de lote de OS detectada
2026-05-13 18:32:27,573 - INFO - ⌛ aguardando confirmação final de programação do lote
2026-05-13 18:32:53,056 - INFO - 🟨 programação do lote 4 efetuado com sucesso
2026-05-13 18:33:03,164 - INFO - 
=== Iniciando lote 5/23 [LV] ===
2026-05-13 18:33:03,165 - INFO - 
=== abrir_janela_selecao ===
2026-05-13 18:33:09,471 - INFO - 
=== rotina abrir_selecao_colar_os ===
2026-05-13 18:33:09,531 - INFO - Janela de seleção aberta
2026-05-13 18:33:13,763 - INFO - DEBUG: idx=4, inicio=100, fim=125
2026-05-13 18:33:13,763 - INFO - ✅ 25 OS copiadas para a área de transferência.
2026-05-13 18:33:13,763 - INFO - 📋 Lote 5 copiado.
2026-05-13 18:33:22,085 - INFO - ⌛ Esperando mudança visual...
2026-05-13 18:33:23,102 - INFO - ⌛ Esperando mudança visual...
2026-05-13 18:33:24,117 - INFO - ⌛ Esperando mudança visual...
2026-05-13 18:33:25,133 - INFO - ⌛ Esperando mudança visual...
2026-05-13 18:33:26,148 - INFO - ⌛ Esperando mudança visual...
2026-05-13 18:33:27,165 - INFO - ⌛ Esperando mudança visual...
2026-05-13 18:33:28,180 - INFO - ⌛ Esperando mudança visual...
2026-05-13 18:33:29,196 - INFO - ⌛ Esperando mudança visual...
2026-05-13 18:33:30,213 - INFO - ⌛ Esperando mudança visual...
2026-05-13 18:33:31,229 - INFO - ⌛ Esperando mudança visual...
2026-05-13 18:33:32,243 - INFO - ⌛ Esperando mudança visual...
2026-05-13 18:33:33,259 - INFO - ✅ Tela carregada!
2026-05-13 18:33:37,262 - INFO - 
=== rotina desbloquear_os ===
2026-05-13 18:34:03,725 - INFO - ⌛ Aguardando janela de confirmação de desbloqueio...
2026-05-13 18:34:19,106 - INFO - 🟨 Registros desbloqueados com sucesso
2026-05-13 18:34:23,214 - INFO - 
=== rotina editar_os ===
2026-05-13 18:34:32,627 - INFO - 🟨 OS programadas detectadas
2026-05-13 18:34:35,730 - INFO - ⌛ Aguardando janela de edição de OS...
2026-05-13 18:34:51,181 - INFO - 🟨 Janela de edição de OS detectada
2026-05-13 18:35:12,527 - INFO - 🟨 Janela de edição de habilidade da turma detectada
2026-05-13 18:36:30,833 - INFO - ⌛ Aguardando detecção do campo de caracteristica 'EQUIPE PRÓPRIA OU EPS' ...
2026-05-13 18:36:50,213 - INFO - 🟨 campo de caracteristica 'EQUIPE PRÓPRIA OU EPS detectado
2026-05-13 18:37:12,024 - INFO - ⌛ Aguardando confirmação 4 - editar OS...
2026-05-13 18:37:27,496 - INFO - ⌛ Aguardando confirmação 4 - editar OS...
2026-05-13 18:37:43,011 - INFO - ⌛ Aguardando confirmação 4 - editar OS...
2026-05-13 18:37:58,549 - INFO - 🟨 Janela de confirmação 4 de edição de OS detectada
2026-05-13 18:38:02,651 - INFO - 
=== rotina programar_os ===
2026-05-13 18:38:29,183 - INFO - ⌛ Aguardando janela de confirmação de programação de OS...
2026-05-13 18:38:54,659 - INFO - 🟨 Janela de confirmação de programação de OS detectada
2026-05-13 18:39:07,929 - INFO - 🟨 Janela de aviso de edição de OS programadas detectada
2026-05-13 18:39:15,148 - INFO - ⌛ aguardando janela de programação de lote de OS...
2026-05-13 18:39:40,677 - INFO - 🟨 Janela de aviso de substituição de lote de OS detectada
2026-05-13 18:40:00,781 - INFO - ⌛ aguardando janela de programação de lote de OS...
2026-05-13 18:40:26,334 - INFO - 🟨 Janela de programação de lote de OS detectada
2026-05-13 18:41:15,852 - INFO - 🟨 Janela de confirmação de programação de lote de OS detectada
2026-05-13 18:41:20,080 - INFO - ⌛ aguardando confirmação final de programação do lote
2026-05-13 18:41:45,608 - INFO - 🟨 programação do lote 5 efetuado com sucesso
2026-05-13 18:41:55,726 - INFO - 
=== Iniciando lote 6/23 [LV] ===
2026-05-13 18:41:55,727 - INFO - 
=== abrir_janela_selecao ===
2026-05-13 18:42:02,038 - INFO - 
=== rotina abrir_selecao_colar_os ===
2026-05-13 18:42:02,092 - INFO - Janela de seleção aberta
2026-05-13 18:42:06,322 - INFO - DEBUG: idx=5, inicio=125, fim=150
2026-05-13 18:42:06,322 - INFO - ✅ 25 OS copiadas para a área de transferência.
2026-05-13 18:42:06,322 - INFO - 📋 Lote 6 copiado.
2026-05-13 18:42:14,649 - INFO - ⌛ Esperando mudança visual...
2026-05-13 18:42:15,663 - INFO - ⌛ Esperando mudança visual...
2026-05-13 18:42:16,679 - INFO - ⌛ Esperando mudança visual...
2026-05-13 18:42:17,696 - INFO - ⌛ Esperando mudança visual...
2026-05-13 18:42:18,713 - INFO - ⌛ Esperando mudança visual...
2026-05-13 18:42:19,725 - INFO - ⌛ Esperando mudança visual...
2026-05-13 18:42:20,741 - INFO - ⌛ Esperando mudança visual...
2026-05-13 18:42:21,757 - INFO - ⌛ Esperando mudança visual...
2026-05-13 18:42:22,773 - INFO - ⌛ Esperando mudança visual...
2026-05-13 18:42:23,788 - INFO - ⌛ Esperando mudança visual...
2026-05-13 18:42:24,803 - INFO - ⌛ Esperando mudança visual...
2026-05-13 18:42:25,819 - INFO - ✅ Tela carregada!
2026-05-13 18:42:29,823 - INFO - 
=== rotina desbloquear_os ===
2026-05-13 18:42:56,297 - INFO - ⌛ Aguardando janela de confirmação de desbloqueio...
2026-05-13 18:43:11,745 - INFO - 🟨 Registros desbloqueados com sucesso
2026-05-13 18:43:15,847 - INFO - 
=== rotina editar_os ===
2026-05-13 18:43:25,265 - INFO - 🟨 OS programadas detectadas
2026-05-13 18:43:28,367 - INFO - ⌛ Aguardando janela de edição de OS...
2026-05-13 18:43:43,843 - INFO - 🟨 Janela de edição de OS detectada
2026-05-13 18:44:05,221 - INFO - 🟨 Janela de edição de habilidade da turma detectada
2026-05-13 18:45:23,518 - INFO - ⌛ Aguardando detecção do campo de caracteristica 'EQUIPE PRÓPRIA OU EPS' ...
2026-05-13 18:45:42,875 - INFO - 🟨 campo de caracteristica 'EQUIPE PRÓPRIA OU EPS detectado
2026-05-13 18:46:04,687 - INFO - ⌛ Aguardando confirmação 4 - editar OS...
2026-05-13 18:46:20,172 - INFO - ⌛ Aguardando confirmação 4 - editar OS...
2026-05-13 18:46:35,677 - INFO - 🟨 Janela de confirmação 4 de edição de OS detectada
2026-05-13 18:46:39,787 - INFO - 
=== rotina programar_os ===
2026-05-13 18:47:06,299 - INFO - ⌛ Aguardando janela de confirmação de programação de OS...
2026-05-13 18:47:31,729 - INFO - 🟨 Janela de confirmação de programação de OS detectada
2026-05-13 18:47:44,998 - INFO - 🟨 Janela de aviso de edição de OS programadas detectada
2026-05-13 18:47:52,203 - INFO - ⌛ aguardando janela de programação de lote de OS...
2026-05-13 18:48:17,704 - INFO - 🟨 Janela de aviso de substituição de lote de OS detectada
2026-05-13 18:48:37,806 - INFO - ⌛ aguardando janela de programação de lote de OS...
2026-05-13 18:49:03,342 - INFO - 🟨 Janela de programação de lote de OS detectada
2026-05-13 18:49:52,832 - INFO - 🟨 Janela de confirmação de programação de lote de OS detectada
2026-05-13 18:49:57,072 - INFO - ⌛ aguardando confirmação final de programação do lote
2026-05-13 18:50:22,520 - INFO - 🟨 programação do lote 6 efetuado com sucesso
2026-05-13 18:50:32,624 - INFO - 
=== Iniciando lote 7/23 [LV] ===
2026-05-13 18:50:32,624 - INFO - 
=== abrir_janela_selecao ===
2026-05-13 18:50:38,932 - INFO - 
=== rotina abrir_selecao_colar_os ===
2026-05-13 18:50:38,981 - INFO - Janela de seleção aberta
2026-05-13 18:50:43,210 - INFO - DEBUG: idx=6, inicio=150, fim=175
2026-05-13 18:50:43,210 - INFO - ✅ 25 OS copiadas para a área de transferência.
2026-05-13 18:50:43,210 - INFO - 📋 Lote 7 copiado.
2026-05-13 18:50:51,538 - INFO - ⌛ Esperando mudança visual...
2026-05-13 18:50:52,551 - INFO - ⌛ Esperando mudança visual...
2026-05-13 18:50:53,566 - INFO - ⌛ Esperando mudança visual...
2026-05-13 18:50:54,582 - INFO - ⌛ Esperando mudança visual...
2026-05-13 18:50:55,597 - INFO - ⌛ Esperando mudança visual...
2026-05-13 18:50:56,613 - INFO - ⌛ Esperando mudança visual...
2026-05-13 18:50:57,629 - INFO - ⌛ Esperando mudança visual...
2026-05-13 18:50:58,644 - INFO - ⌛ Esperando mudança visual...
2026-05-13 18:50:59,661 - INFO - ⌛ Esperando mudança visual...
2026-05-13 18:51:00,678 - INFO - ⌛ Esperando mudança visual...
2026-05-13 18:51:01,691 - INFO - ✅ Tela carregada!
2026-05-13 18:51:05,693 - INFO - 
=== rotina desbloquear_os ===
2026-05-13 18:51:32,165 - INFO - ⌛ Aguardando janela de confirmação de desbloqueio...
2026-05-13 18:51:47,574 - INFO - 🟨 Registros desbloqueados com sucesso
2026-05-13 18:51:51,678 - INFO - 
=== rotina editar_os ===
2026-05-13 18:52:01,086 - INFO - 🟨 OS programadas detectadas
2026-05-13 18:52:04,193 - INFO - ⌛ Aguardando janela de edição de OS...
2026-05-13 18:52:19,662 - INFO - 🟨 Janela de edição de OS detectada
2026-05-13 18:52:41,031 - INFO - 🟨 Janela de edição de habilidade da turma detectada
2026-05-13 18:53:59,336 - INFO - ⌛ Aguardando detecção do campo de caracteristica 'EQUIPE PRÓPRIA OU EPS' ...
2026-05-13 18:54:18,688 - INFO - 🟨 campo de caracteristica 'EQUIPE PRÓPRIA OU EPS detectado
2026-05-13 18:54:40,471 - INFO - ⌛ Aguardando confirmação 4 - editar OS...
2026-05-13 18:54:55,942 - INFO - ⌛ Aguardando confirmação 4 - editar OS...
2026-05-13 18:55:11,456 - INFO - 🟨 Janela de confirmação 4 de edição de OS detectada
2026-05-13 18:55:15,558 - INFO - 
=== rotina programar_os ===
2026-05-13 18:55:42,092 - INFO - ⌛ Aguardando janela de confirmação de programação de OS...
2026-05-13 18:56:07,585 - INFO - 🟨 Janela de confirmação de programação de OS detectada
2026-05-13 18:56:20,853 - INFO - 🟨 Janela de aviso de edição de OS programadas detectada
2026-05-13 18:56:28,057 - INFO - ⌛ aguardando janela de programação de lote de OS...
2026-05-13 18:56:53,603 - INFO - 🟨 Janela de aviso de substituição de lote de OS detectada
2026-05-13 18:57:13,706 - INFO - ⌛ aguardando janela de programação de lote de OS...
2026-05-13 18:57:39,211 - INFO - 🟨 Janela de programação de lote de OS detectada
2026-05-13 18:58:28,712 - INFO - 🟨 Janela de confirmação de programação de lote de OS detectada
2026-05-13 18:58:32,908 - INFO - ⌛ aguardando confirmação final de programação do lote
2026-05-13 18:58:58,361 - INFO - 🟨 programação do lote 7 efetuado com sucesso
2026-05-13 18:59:08,465 - INFO - 
=== Iniciando lote 8/23 [LV] ===
2026-05-13 18:59:08,465 - INFO - 
=== abrir_janela_selecao ===
2026-05-13 18:59:14,773 - INFO - 
=== rotina abrir_selecao_colar_os ===
2026-05-13 18:59:14,818 - INFO - Janela de seleção aberta
2026-05-13 18:59:19,048 - INFO - DEBUG: idx=7, inicio=175, fim=200
2026-05-13 18:59:19,048 - INFO - ✅ 25 OS copiadas para a área de transferência.
2026-05-13 18:59:19,049 - INFO - 📋 Lote 8 copiado.
2026-05-13 18:59:27,371 - INFO - ⌛ Esperando mudança visual...
2026-05-13 18:59:28,387 - INFO - ⌛ Esperando mudança visual...
2026-05-13 18:59:29,402 - INFO - ⌛ Esperando mudança visual...
2026-05-13 18:59:30,418 - INFO - ⌛ Esperando mudança visual...
2026-05-13 18:59:31,433 - INFO - ⌛ Esperando mudança visual...
2026-05-13 18:59:32,450 - INFO - ⌛ Esperando mudança visual...
2026-05-13 18:59:33,465 - INFO - ⌛ Esperando mudança visual...
2026-05-13 18:59:34,481 - INFO - ⌛ Esperando mudança visual...
2026-05-13 18:59:35,497 - INFO - ⌛ Esperando mudança visual...
2026-05-13 18:59:36,512 - INFO - ⌛ Esperando mudança visual...
2026-05-13 18:59:37,529 - INFO - ⌛ Esperando mudança visual...
2026-05-13 18:59:38,544 - INFO - ✅ Tela carregada!
2026-05-13 18:59:42,548 - INFO - 
=== rotina desbloquear_os ===
2026-05-13 19:00:09,013 - INFO - ⌛ Aguardando janela de confirmação de desbloqueio...
2026-05-13 19:00:24,449 - INFO - 🟨 Registros desbloqueados com sucesso
2026-05-13 19:00:28,552 - INFO - 
=== rotina editar_os ===
2026-05-13 19:00:37,988 - INFO - 🟨 OS programadas detectadas
2026-05-13 19:00:41,091 - INFO - ⌛ Aguardando janela de edição de OS...
2026-05-13 19:00:56,564 - INFO - 🟨 Janela de edição de OS detectada
2026-05-13 19:01:17,933 - INFO - 🟨 Janela de edição de habilidade da turma detectada
2026-05-13 19:02:36,236 - INFO - ⌛ Aguardando detecção do campo de caracteristica 'EQUIPE PRÓPRIA OU EPS' ...
2026-05-13 19:02:55,591 - INFO - 🟨 campo de caracteristica 'EQUIPE PRÓPRIA OU EPS detectado
2026-05-13 19:03:17,353 - INFO - ⌛ Aguardando confirmação 4 - editar OS...
2026-05-13 19:03:32,789 - INFO - ⌛ Aguardando confirmação 4 - editar OS...
2026-05-13 19:03:48,212 - INFO - 🟨 Janela de confirmação 4 de edição de OS detectada
2026-05-13 19:03:52,325 - INFO - 
=== rotina programar_os ===
2026-05-13 19:04:18,837 - INFO - ⌛ Aguardando janela de confirmação de programação de OS...
2026-05-13 19:04:44,300 - INFO - 🟨 Janela de confirmação de programação de OS detectada
2026-05-13 19:04:57,553 - INFO - 🟨 Janela de aviso de edição de OS programadas detectada
2026-05-13 19:05:04,777 - INFO - ⌛ aguardando janela de programação de lote de OS...
2026-05-13 19:05:30,287 - INFO - 🟨 Janela de aviso de substituição de lote de OS detectada
2026-05-13 19:05:50,389 - INFO - ⌛ aguardando janela de programação de lote de OS...
2026-05-13 19:06:15,863 - INFO - 🟨 Janela de programação de lote de OS detectada
2026-05-13 19:07:05,420 - INFO - 🟨 Janela de confirmação de programação de lote de OS detectada
2026-05-13 19:07:09,650 - INFO - ⌛ aguardando confirmação final de programação do lote
2026-05-13 19:07:35,152 - INFO - 🟨 programação do lote 8 efetuado com sucesso
2026-05-13 19:07:45,255 - INFO - 
=== Iniciando lote 9/23 [LV] ===
2026-05-13 19:07:45,256 - INFO - 
=== abrir_janela_selecao ===
2026-05-13 19:07:51,564 - INFO - 
=== rotina abrir_selecao_colar_os ===
2026-05-13 19:07:51,623 - INFO - Janela de seleção aberta
2026-05-13 19:07:55,851 - INFO - DEBUG: idx=8, inicio=200, fim=225
2026-05-13 19:07:55,851 - INFO - ✅ 25 OS copiadas para a área de transferência.
2026-05-13 19:07:55,851 - INFO - 📋 Lote 9 copiado.
2026-05-13 19:08:04,198 - INFO - ⌛ Esperando mudança visual...
2026-05-13 19:08:05,210 - INFO - ⌛ Esperando mudança visual...
2026-05-13 19:08:06,225 - INFO - ⌛ Esperando mudança visual...
2026-05-13 19:08:07,241 - INFO - ⌛ Esperando mudança visual...
2026-05-13 19:08:08,256 - INFO - ⌛ Esperando mudança visual...
2026-05-13 19:08:09,273 - INFO - ⌛ Esperando mudança visual...
2026-05-13 19:08:10,288 - INFO - ⌛ Esperando mudança visual...
2026-05-13 19:08:11,303 - INFO - ⌛ Esperando mudança visual...
2026-05-13 19:08:12,319 - INFO - ⌛ Esperando mudança visual...
2026-05-13 19:08:13,335 - INFO - ⌛ Esperando mudança visual...
2026-05-13 19:08:14,354 - INFO - ⌛ Esperando mudança visual...
2026-05-13 19:08:15,366 - INFO - ✅ Tela carregada!
2026-05-13 19:08:19,371 - INFO - 
=== rotina desbloquear_os ===
2026-05-13 19:08:45,837 - INFO - ⌛ Aguardando janela de confirmação de desbloqueio...
2026-05-13 19:09:01,257 - INFO - 🟨 Registros desbloqueados com sucesso
2026-05-13 19:09:05,361 - INFO - 
=== rotina editar_os ===
2026-05-13 19:09:14,776 - INFO - 🟨 OS programadas detectadas
2026-05-13 19:09:17,878 - INFO - ⌛ Aguardando janela de edição de OS...
2026-05-13 19:09:33,355 - INFO - 🟨 Janela de edição de OS detectada
2026-05-13 19:09:54,744 - INFO - 🟨 Janela de edição de habilidade da turma detectada
2026-05-13 19:11:13,047 - INFO - ⌛ Aguardando detecção do campo de caracteristica 'EQUIPE PRÓPRIA OU EPS' ...
2026-05-13 19:11:32,397 - INFO - 🟨 campo de caracteristica 'EQUIPE PRÓPRIA OU EPS detectado
2026-05-13 19:11:54,149 - INFO - ⌛ Aguardando confirmação 4 - editar OS...
2026-05-13 19:12:09,597 - INFO - ⌛ Aguardando confirmação 4 - editar OS...
2026-05-13 19:12:25,024 - INFO - 🟨 Janela de confirmação 4 de edição de OS detectada
2026-05-13 19:12:29,132 - INFO - 
=== rotina programar_os ===
2026-05-13 19:12:55,649 - INFO - ⌛ Aguardando janela de confirmação de programação de OS...
2026-05-13 19:13:21,063 - INFO - 🟨 Janela de confirmação de programação de OS detectada
2026-05-13 19:13:34,325 - INFO - 🟨 Janela de aviso de edição de OS programadas detectada
2026-05-13 19:13:41,530 - INFO - ⌛ aguardando janela de programação de lote de OS...
2026-05-13 19:14:07,051 - INFO - 🟨 Janela de aviso de substituição de lote de OS detectada
2026-05-13 19:14:27,164 - INFO - ⌛ aguardando janela de programação de lote de OS...
2026-05-13 19:14:52,750 - INFO - 🟨 Janela de aviso de substituição de lote de OS detectada
2026-05-13 19:15:12,871 - INFO - ⌛ aguardando janela de programação de lote de OS...
2026-05-13 19:15:38,403 - INFO - 🟨 Janela de programação de lote de OS detectada
2026-05-13 19:16:27,896 - INFO - 🟨 Janela de confirmação de programação de lote de OS detectada
2026-05-13 19:16:32,118 - INFO - ⌛ aguardando confirmação final de programação do lote
2026-05-13 19:16:57,575 - INFO - 🟨 programação do lote 9 efetuado com sucesso
2026-05-13 19:17:07,679 - INFO - 
=== Iniciando lote 10/23 [LV] ===
2026-05-13 19:17:07,680 - INFO - 
=== abrir_janela_selecao ===
2026-05-13 19:17:13,988 - INFO - 
=== rotina abrir_selecao_colar_os ===
2026-05-13 19:17:14,034 - INFO - Janela de seleção aberta
2026-05-13 19:17:18,266 - INFO - DEBUG: idx=9, inicio=225, fim=250
2026-05-13 19:17:18,266 - INFO - ✅ 25 OS copiadas para a área de transferência.
2026-05-13 19:17:18,266 - INFO - 📋 Lote 10 copiado.
2026-05-13 19:17:26,589 - INFO - ⌛ Esperando mudança visual...
2026-05-13 19:17:27,605 - INFO - ⌛ Esperando mudança visual...
2026-05-13 19:17:28,622 - INFO - ⌛ Esperando mudança visual...
2026-05-13 19:17:29,636 - INFO - ⌛ Esperando mudança visual...
2026-05-13 19:17:30,653 - INFO - ⌛ Esperando mudança visual...
2026-05-13 19:17:31,668 - INFO - ⌛ Esperando mudança visual...
2026-05-13 19:17:32,683 - INFO - ⌛ Esperando mudança visual...
2026-05-13 19:17:33,699 - INFO - ⌛ Esperando mudança visual...
2026-05-13 19:17:34,714 - INFO - ⌛ Esperando mudança visual...
2026-05-13 19:17:35,730 - INFO - ⌛ Esperando mudança visual...
2026-05-13 19:17:36,746 - INFO - ✅ Tela carregada!
2026-05-13 19:17:40,751 - INFO - 
=== rotina desbloquear_os ===
2026-05-13 19:18:07,220 - INFO - ⌛ Aguardando janela de confirmação de desbloqueio...
2026-05-13 19:18:22,607 - INFO - 🟨 Registros desbloqueados com sucesso
2026-05-13 19:18:26,717 - INFO - 
=== rotina editar_os ===
2026-05-13 19:18:36,141 - INFO - 🟨 OS programadas detectadas
2026-05-13 19:18:39,245 - INFO - ⌛ Aguardando janela de edição de OS...
2026-05-13 19:18:54,695 - INFO - 🟨 Janela de edição de OS detectada
2026-05-13 19:19:16,047 - INFO - 🟨 Janela de edição de habilidade da turma detectada
2026-05-13 19:20:34,353 - INFO - ⌛ Aguardando detecção do campo de caracteristica 'EQUIPE PRÓPRIA OU EPS' ...
2026-05-13 19:20:53,723 - INFO - 🟨 campo de caracteristica 'EQUIPE PRÓPRIA OU EPS detectado
2026-05-13 19:21:15,514 - INFO - ⌛ Aguardando confirmação 4 - editar OS...
2026-05-13 19:21:30,966 - INFO - ⌛ Aguardando confirmação 4 - editar OS...
2026-05-13 19:21:46,425 - INFO - 🟨 Janela de confirmação 4 de edição de OS detectada
2026-05-13 19:21:50,527 - INFO - 
=== rotina programar_os ===
2026-05-13 19:22:17,045 - INFO - ⌛ Aguardando janela de confirmação de programação de OS...
2026-05-13 19:22:42,482 - INFO - 🟨 Janela de confirmação de programação de OS detectada
2026-05-13 19:22:55,738 - INFO - 🟨 Janela de aviso de edição de OS programadas detectada
2026-05-13 19:23:02,942 - INFO - ⌛ aguardando janela de programação de lote de OS...
2026-05-13 19:23:28,442 - INFO - 🟨 Janela de aviso de substituição de lote de OS detectada
2026-05-13 19:23:48,545 - INFO - ⌛ aguardando janela de programação de lote de OS...
2026-05-13 19:24:14,046 - INFO - 🟨 Janela de programação de lote de OS detectada
2026-05-13 19:25:03,601 - INFO - 🟨 Janela de confirmação de programação de lote de OS detectada
2026-05-13 19:25:07,818 - INFO - ⌛ aguardando confirmação final de programação do lote
2026-05-13 19:25:33,318 - INFO - 🟨 programação do lote 10 efetuado com sucesso
2026-05-13 19:25:43,426 - INFO - 
=== Iniciando lote 11/23 [LV] ===
2026-05-13 19:25:43,427 - INFO - 
=== abrir_janela_selecao ===
2026-05-13 19:25:49,736 - INFO - 
=== rotina abrir_selecao_colar_os ===
2026-05-13 19:25:49,785 - INFO - Janela de seleção aberta
2026-05-13 19:25:54,005 - INFO - DEBUG: idx=10, inicio=250, fim=275
2026-05-13 19:25:54,005 - INFO - ✅ 25 OS copiadas para a área de transferência.
2026-05-13 19:25:54,005 - INFO - 📋 Lote 11 copiado.
2026-05-13 19:26:02,333 - INFO - ⌛ Esperando mudança visual...
2026-05-13 19:26:03,346 - INFO - ⌛ Esperando mudança visual...
2026-05-13 19:26:04,361 - INFO - ⌛ Esperando mudança visual...
2026-05-13 19:26:05,378 - INFO - ⌛ Esperando mudança visual...
2026-05-13 19:26:06,393 - INFO - ⌛ Esperando mudança visual...
2026-05-13 19:26:07,409 - INFO - ⌛ Esperando mudança visual...
2026-05-13 19:26:08,425 - INFO - ⌛ Esperando mudança visual...
2026-05-13 19:26:09,440 - INFO - ⌛ Esperando mudança visual...
2026-05-13 19:26:10,458 - INFO - ⌛ Esperando mudança visual...
2026-05-13 19:26:11,472 - INFO - ⌛ Esperando mudança visual...
2026-05-13 19:26:12,487 - INFO - ✅ Tela carregada!
2026-05-13 19:26:16,490 - INFO - 
=== rotina desbloquear_os ===
2026-05-13 19:26:42,984 - INFO - ⌛ Aguardando janela de confirmação de desbloqueio...
2026-05-13 19:26:58,410 - INFO - 🟨 Registros desbloqueados com sucesso
2026-05-13 19:27:02,512 - INFO - 
=== rotina editar_os ===
2026-05-13 19:27:11,927 - INFO - 🟨 OS programadas detectadas
2026-05-13 19:27:15,045 - INFO - ⌛ Aguardando janela de edição de OS...
2026-05-13 19:27:30,524 - INFO - 🟨 Janela de edição de OS detectada
2026-05-13 19:27:51,881 - INFO - 🟨 Janela de edição de habilidade da turma detectada
2026-05-13 19:29:10,193 - INFO - ⌛ Aguardando detecção do campo de caracteristica 'EQUIPE PRÓPRIA OU EPS' ...
2026-05-13 19:29:29,543 - INFO - 🟨 campo de caracteristica 'EQUIPE PRÓPRIA OU EPS detectado
2026-05-13 19:29:51,370 - INFO - ⌛ Aguardando confirmação 4 - editar OS...
2026-05-13 19:30:06,856 - INFO - ⌛ Aguardando confirmação 4 - editar OS...
2026-05-13 19:30:22,350 - INFO - 🟨 Janela de confirmação 4 de edição de OS detectada
2026-05-13 19:30:26,453 - INFO - 
=== rotina programar_os ===
2026-05-13 19:30:52,988 - INFO - ⌛ Aguardando janela de confirmação de programação de OS...
2026-05-13 19:31:18,402 - INFO - 🟨 Janela de confirmação de programação de OS detectada
2026-05-13 19:31:31,661 - INFO - 🟨 Janela de aviso de edição de OS programadas detectada
2026-05-13 19:31:38,884 - INFO - ⌛ aguardando janela de programação de lote de OS...
2026-05-13 19:32:04,380 - INFO - 🟨 Janela de aviso de substituição de lote de OS detectada
2026-05-13 19:32:24,487 - INFO - ⌛ aguardando janela de programação de lote de OS...
2026-05-13 19:32:49,988 - INFO - 🟨 Janela de programação de lote de OS detectada
2026-05-13 19:33:39,491 - INFO - 🟨 Janela de confirmação de programação de lote de OS detectada
2026-05-13 19:33:43,692 - INFO - ⌛ aguardando confirmação final de programação do lote
2026-05-13 19:34:09,126 - INFO - 🟨 programação do lote 11 efetuado com sucesso
2026-05-13 19:34:19,230 - INFO - 
=== Iniciando lote 12/23 [LV] ===
2026-05-13 19:34:19,231 - INFO - 
=== abrir_janela_selecao ===
2026-05-13 19:34:25,537 - INFO - 
=== rotina abrir_selecao_colar_os ===
2026-05-13 19:34:25,596 - INFO - Janela de seleção aberta
2026-05-13 19:34:29,815 - INFO - DEBUG: idx=11, inicio=275, fim=300
2026-05-13 19:34:29,815 - INFO - ✅ 25 OS copiadas para a área de transferência.
2026-05-13 19:34:29,816 - INFO - 📋 Lote 12 copiado.
2026-05-13 19:34:38,140 - INFO - ⌛ Esperando mudança visual...
2026-05-13 19:34:39,157 - INFO - ⌛ Esperando mudança visual...
2026-05-13 19:34:40,171 - INFO - ⌛ Esperando mudança visual...
2026-05-13 19:34:41,187 - INFO - ⌛ Esperando mudança visual...
2026-05-13 19:34:42,204 - INFO - ⌛ Esperando mudança visual...
2026-05-13 19:34:43,218 - INFO - ⌛ Esperando mudança visual...
2026-05-13 19:34:44,233 - INFO - ⌛ Esperando mudança visual...
2026-05-13 19:34:45,249 - INFO - ⌛ Esperando mudança visual...
2026-05-13 19:34:46,265 - INFO - ⌛ Esperando mudança visual...
2026-05-13 19:34:47,280 - INFO - ⌛ Esperando mudança visual...
2026-05-13 19:34:48,296 - INFO - ✅ Tela carregada!
2026-05-13 19:34:52,300 - INFO - 
=== rotina desbloquear_os ===
2026-05-13 19:35:18,784 - INFO - ⌛ Aguardando janela de confirmação de desbloqueio...
2026-05-13 19:35:34,196 - INFO - 🟨 Registros desbloqueados com sucesso
2026-05-13 19:35:38,299 - INFO - 
=== rotina editar_os ===
2026-05-13 19:35:47,708 - INFO - 🟨 OS programadas detectadas
2026-05-13 19:35:50,817 - INFO - ⌛ Aguardando janela de edição de OS...
2026-05-13 19:36:06,263 - INFO - 🟨 Janela de edição de OS detectada
2026-05-13 19:36:27,622 - INFO - 🟨 Janela de edição de habilidade da turma detectada
2026-05-13 19:37:45,933 - INFO - ⌛ Aguardando detecção do campo de caracteristica 'EQUIPE PRÓPRIA OU EPS' ...
2026-05-13 19:38:05,295 - INFO - 🟨 campo de caracteristica 'EQUIPE PRÓPRIA OU EPS detectado
2026-05-13 19:38:27,053 - INFO - ⌛ Aguardando confirmação 4 - editar OS...
2026-05-13 19:38:42,475 - INFO - 🟨 Janela de confirmação 4 de edição de OS detectada
2026-05-13 19:38:46,577 - INFO - 
=== rotina programar_os ===
2026-05-13 19:39:13,119 - INFO - ⌛ Aguardando janela de confirmação de programação de OS...
2026-05-13 19:39:38,565 - INFO - 🟨 Janela de confirmação de programação de OS detectada
2026-05-13 19:39:51,820 - INFO - 🟨 Janela de aviso de edição de OS programadas detectada
2026-05-13 19:39:59,027 - INFO - ⌛ aguardando janela de programação de lote de OS...
2026-05-13 19:40:24,533 - INFO - 🟨 Janela de aviso de substituição de lote de OS detectada
2026-05-13 19:40:44,635 - INFO - ⌛ aguardando janela de programação de lote de OS...
2026-05-13 19:41:10,195 - INFO - 🟨 Janela de programação de lote de OS detectada
2026-05-13 19:41:59,705 - INFO - 🟨 Janela de confirmação de programação de lote de OS detectada
2026-05-13 19:42:03,923 - INFO - ⌛ aguardando confirmação final de programação do lote
2026-05-13 19:42:29,347 - INFO - 🟨 programação do lote 12 efetuado com sucesso
2026-05-13 19:42:39,458 - INFO - 
=== Iniciando lote 13/23 [LV] ===
2026-05-13 19:42:39,458 - INFO - 
=== abrir_janela_selecao ===
2026-05-13 19:42:45,766 - INFO - 
=== rotina abrir_selecao_colar_os ===
2026-05-13 19:42:45,810 - INFO - Janela de seleção aberta
2026-05-13 19:42:50,037 - INFO - DEBUG: idx=12, inicio=300, fim=325
2026-05-13 19:42:50,037 - INFO - ✅ 25 OS copiadas para a área de transferência.
2026-05-13 19:42:50,037 - INFO - 📋 Lote 13 copiado.
2026-05-13 19:42:58,367 - INFO - ⌛ Esperando mudança visual...
2026-05-13 19:42:59,380 - INFO - ⌛ Esperando mudança visual...
2026-05-13 19:43:00,396 - INFO - ⌛ Esperando mudança visual...
2026-05-13 19:43:01,412 - INFO - ⌛ Esperando mudança visual...
2026-05-13 19:43:02,427 - INFO - ⌛ Esperando mudança visual...
2026-05-13 19:43:03,444 - INFO - ⌛ Esperando mudança visual...
2026-05-13 19:43:04,459 - INFO - ⌛ Esperando mudança visual...
2026-05-13 19:43:05,474 - INFO - ⌛ Esperando mudança visual...
2026-05-13 19:43:06,490 - INFO - ⌛ Esperando mudança visual...
2026-05-13 19:43:07,506 - INFO - ⌛ Esperando mudança visual...
2026-05-13 19:43:08,521 - INFO - ✅ Tela carregada!
2026-05-13 19:43:12,526 - INFO - 
=== rotina desbloquear_os ===
2026-05-13 19:43:38,990 - INFO - ⌛ Aguardando janela de confirmação de desbloqueio...
2026-05-13 19:43:54,401 - INFO - 🟨 Registros desbloqueados com sucesso
2026-05-13 19:43:58,509 - INFO - 
=== rotina editar_os ===
2026-05-13 19:44:07,924 - INFO - 🟨 OS programadas detectadas
2026-05-13 19:44:11,027 - INFO - ⌛ Aguardando janela de edição de OS...
2026-05-13 19:44:26,490 - INFO - 🟨 Janela de edição de OS detectada
2026-05-13 19:44:47,863 - INFO - 🟨 Janela de edição de habilidade da turma detectada
2026-05-13 19:46:06,181 - INFO - ⌛ Aguardando detecção do campo de caracteristica 'EQUIPE PRÓPRIA OU EPS' ...
2026-05-13 19:46:25,539 - INFO - 🟨 campo de caracteristica 'EQUIPE PRÓPRIA OU EPS detectado
2026-05-13 19:46:47,337 - INFO - ⌛ Aguardando confirmação 4 - editar OS...
2026-05-13 19:47:02,790 - INFO - ⌛ Aguardando confirmação 4 - editar OS...
2026-05-13 19:47:18,297 - INFO - 🟨 Janela de confirmação 4 de edição de OS detectada
2026-05-13 19:47:22,408 - INFO - 
=== rotina programar_os ===
2026-05-13 19:47:48,943 - INFO - ⌛ Aguardando janela de confirmação de programação de OS...
2026-05-13 19:48:14,418 - INFO - 🟨 Janela de confirmação de programação de OS detectada
2026-05-13 19:48:27,687 - INFO - 🟨 Janela de aviso de edição de OS programadas detectada
2026-05-13 19:48:34,891 - INFO - ⌛ aguardando janela de programação de lote de OS...
2026-05-13 19:49:00,422 - INFO - 🟨 Janela de aviso de substituição de lote de OS detectada
2026-05-13 19:49:20,524 - INFO - ⌛ aguardando janela de programação de lote de OS...
2026-05-13 19:49:46,039 - INFO - 🟨 Janela de programação de lote de OS detectada
2026-05-13 19:50:35,559 - INFO - 🟨 Janela de confirmação de programação de lote de OS detectada
2026-05-13 19:50:39,766 - INFO - ⌛ aguardando confirmação final de programação do lote
2026-05-13 19:51:05,214 - INFO - 🟨 programação do lote 13 efetuado com sucesso
2026-05-13 19:51:15,319 - INFO - 
=== Iniciando lote 14/23 [LV] ===
2026-05-13 19:51:15,320 - INFO - 
=== abrir_janela_selecao ===
2026-05-13 19:51:21,628 - INFO - 
=== rotina abrir_selecao_colar_os ===
2026-05-13 19:51:21,670 - INFO - Janela de seleção aberta
2026-05-13 19:51:25,899 - INFO - DEBUG: idx=13, inicio=325, fim=350
2026-05-13 19:51:25,900 - INFO - ✅ 25 OS copiadas para a área de transferência.
2026-05-13 19:51:25,900 - INFO - 📋 Lote 14 copiado.
2026-05-13 19:51:34,227 - INFO - ⌛ Esperando mudança visual...
2026-05-13 19:51:35,240 - INFO - ⌛ Esperando mudança visual...
2026-05-13 19:51:36,256 - INFO - ⌛ Esperando mudança visual...
2026-05-13 19:51:37,271 - INFO - ⌛ Esperando mudança visual...
2026-05-13 19:51:38,287 - INFO - ⌛ Esperando mudança visual...
2026-05-13 19:51:39,303 - INFO - ⌛ Esperando mudança visual...
2026-05-13 19:51:40,318 - INFO - ⌛ Esperando mudança visual...
2026-05-13 19:51:41,334 - INFO - ⌛ Esperando mudança visual...
2026-05-13 19:51:42,351 - INFO - ⌛ Esperando mudança visual...
2026-05-13 19:51:43,365 - INFO - ⌛ Esperando mudança visual...
2026-05-13 19:51:44,381 - INFO - ✅ Tela carregada!
2026-05-13 19:51:48,386 - INFO - 
=== rotina desbloquear_os ===
2026-05-13 19:52:14,872 - INFO - ⌛ Aguardando janela de confirmação de desbloqueio...
2026-05-13 19:52:30,264 - INFO - 🟨 Registros desbloqueados com sucesso
2026-05-13 19:52:34,368 - INFO - 
=== rotina editar_os ===
2026-05-13 19:52:43,782 - INFO - 🟨 OS programadas detectadas
2026-05-13 19:52:46,884 - INFO - ⌛ Aguardando janela de edição de OS...
2026-05-13 19:53:02,337 - INFO - 🟨 Janela de edição de OS detectada
2026-05-13 19:53:23,699 - INFO - 🟨 Janela de edição de habilidade da turma detectada
2026-05-13 19:54:41,989 - INFO - ⌛ Aguardando detecção do campo de caracteristica 'EQUIPE PRÓPRIA OU EPS' ...
2026-05-13 19:55:01,337 - INFO - 🟨 campo de caracteristica 'EQUIPE PRÓPRIA OU EPS detectado
2026-05-13 19:55:23,125 - INFO - ⌛ Aguardando confirmação 4 - editar OS...
2026-05-13 19:55:38,550 - INFO - ⌛ Aguardando confirmação 4 - editar OS...
2026-05-13 19:55:54,001 - INFO - 🟨 Janela de confirmação 4 de edição de OS detectada
2026-05-13 19:55:58,116 - INFO - 
=== rotina programar_os ===
2026-05-13 19:56:24,632 - INFO - ⌛ Aguardando janela de confirmação de programação de OS...
2026-05-13 19:56:50,051 - INFO - 🟨 Janela de confirmação de programação de OS detectada
2026-05-13 19:57:03,299 - INFO - 🟨 Janela de aviso de edição de OS programadas detectada
2026-05-13 19:57:10,512 - INFO - ⌛ aguardando janela de programação de lote de OS...
2026-05-13 19:57:36,000 - INFO - 🟨 Janela de aviso de substituição de lote de OS detectada
2026-05-13 19:57:56,112 - INFO - ⌛ aguardando janela de programação de lote de OS...
2026-05-13 19:58:21,631 - INFO - 🟨 Janela de programação de lote de OS detectada
2026-05-13 19:59:11,131 - INFO - 🟨 Janela de confirmação de programação de lote de OS detectada
2026-05-13 19:59:15,327 - INFO - ⌛ aguardando confirmação final de programação do lote
2026-05-13 19:59:40,766 - INFO - 🟨 programação do lote 14 efetuado com sucesso
2026-05-13 19:59:50,870 - INFO - 
=== Iniciando lote 15/23 [LV] ===
2026-05-13 19:59:50,870 - INFO - 
=== abrir_janela_selecao ===
2026-05-13 19:59:57,188 - INFO - 
=== rotina abrir_selecao_colar_os ===
2026-05-13 19:59:57,231 - INFO - Janela de seleção aberta
2026-05-13 20:00:01,453 - INFO - DEBUG: idx=14, inicio=350, fim=375
2026-05-13 20:00:01,453 - INFO - ✅ 25 OS copiadas para a área de transferência.
2026-05-13 20:00:01,453 - INFO - 📋 Lote 15 copiado.
2026-05-13 20:00:09,784 - INFO - ⌛ Esperando mudança visual...
2026-05-13 20:00:10,798 - INFO - ⌛ Esperando mudança visual...
2026-05-13 20:00:11,812 - INFO - ⌛ Esperando mudança visual...
2026-05-13 20:00:12,832 - INFO - ⌛ Esperando mudança visual...
2026-05-13 20:00:13,844 - INFO - ⌛ Esperando mudança visual...
2026-05-13 20:00:14,859 - INFO - ⌛ Esperando mudança visual...
2026-05-13 20:00:15,875 - INFO - ⌛ Esperando mudança visual...
2026-05-13 20:00:16,890 - INFO - ⌛ Esperando mudança visual...
2026-05-13 20:00:17,908 - INFO - ⌛ Esperando mudança visual...
2026-05-13 20:00:18,923 - INFO - ⌛ Esperando mudança visual...
2026-05-13 20:00:19,938 - INFO - ⌛ Esperando mudança visual...
2026-05-13 20:00:20,953 - INFO - ✅ Tela carregada!
2026-05-13 20:00:24,956 - INFO - 
=== rotina desbloquear_os ===
2026-05-13 20:00:51,438 - INFO - ⌛ Aguardando janela de confirmação de desbloqueio...
2026-05-13 20:01:06,874 - INFO - 🟨 Registros desbloqueados com sucesso
2026-05-13 20:01:10,977 - INFO - 
=== rotina editar_os ===
2026-05-13 20:01:20,391 - INFO - ⌛ Aguardando janela de edição de OS...
2026-05-13 20:01:35,820 - INFO - 🟨 OS programadas detectadas
2026-05-13 20:01:38,929 - INFO - ⌛ Aguardando janela de edição de OS...
2026-05-13 20:01:54,368 - INFO - 🟨 Janela de edição de OS detectada
2026-05-13 20:02:15,737 - INFO - 🟨 Janela de edição de habilidade da turma detectada
2026-05-13 20:03:34,043 - INFO - ⌛ Aguardando detecção do campo de caracteristica 'EQUIPE PRÓPRIA OU EPS' ...
2026-05-13 20:03:53,414 - INFO - 🟨 campo de caracteristica 'EQUIPE PRÓPRIA OU EPS detectado
2026-05-13 20:04:15,185 - INFO - 🟨 Janela de atenção de OS com contrato não vigente, pulando lote
2026-05-13 20:04:27,417 - INFO - 
=== Iniciando lote 16/23 [LV] ===
2026-05-13 20:04:27,418 - INFO - 
=== abrir_janela_selecao ===
2026-05-13 20:04:33,725 - INFO - 
=== rotina abrir_selecao_colar_os ===
2026-05-13 20:04:33,768 - INFO - Janela de seleção aberta
2026-05-13 20:04:38,001 - INFO - DEBUG: idx=15, inicio=375, fim=400
2026-05-13 20:04:38,001 - INFO - ✅ 25 OS copiadas para a área de transferência.
2026-05-13 20:04:38,001 - INFO - 📋 Lote 16 copiado.
2026-05-13 20:04:46,323 - INFO - ⌛ Esperando mudança visual...
2026-05-13 20:04:47,337 - INFO - ⌛ Esperando mudança visual...
2026-05-13 20:04:48,353 - INFO - ⌛ Esperando mudança visual...
2026-05-13 20:04:49,368 - INFO - ⌛ Esperando mudança visual...
2026-05-13 20:04:50,385 - INFO - ⌛ Esperando mudança visual...
2026-05-13 20:04:51,400 - INFO - ⌛ Esperando mudança visual...
2026-05-13 20:04:52,416 - INFO - ⌛ Esperando mudança visual...
2026-05-13 20:04:53,433 - INFO - ⌛ Esperando mudança visual...
2026-05-13 20:04:54,447 - INFO - ⌛ Esperando mudança visual...
2026-05-13 20:04:55,463 - INFO - ⌛ Esperando mudança visual...
2026-05-13 20:04:56,478 - INFO - ⌛ Esperando mudança visual...
2026-05-13 20:04:57,494 - INFO - ✅ Tela carregada!
2026-05-13 20:05:01,499 - INFO - 
=== rotina desbloquear_os ===
2026-05-13 20:05:27,978 - INFO - ⌛ Aguardando janela de confirmação de desbloqueio...
2026-05-13 20:05:43,387 - INFO - 🟨 Registros desbloqueados com sucesso
2026-05-13 20:05:47,492 - INFO - 
=== rotina editar_os ===
2026-05-13 20:05:56,884 - INFO - 🟨 OS programadas detectadas
2026-05-13 20:05:59,997 - INFO - ⌛ Aguardando janela de edição de OS...
2026-05-13 20:06:15,424 - INFO - 🟨 Janela de edição de OS detectada
2026-05-13 20:06:36,798 - INFO - 🟨 Janela de edição de habilidade da turma detectada
2026-05-13 20:07:55,108 - INFO - ⌛ Aguardando detecção do campo de caracteristica 'EQUIPE PRÓPRIA OU EPS' ...
2026-05-13 20:08:14,470 - INFO - 🟨 campo de caracteristica 'EQUIPE PRÓPRIA OU EPS detectado
2026-05-13 20:08:36,253 - INFO - ⌛ Aguardando confirmação 4 - editar OS...
2026-05-13 20:08:51,695 - INFO - ⌛ Aguardando confirmação 4 - editar OS...
2026-05-13 20:09:07,129 - INFO - 🟨 Janela de confirmação 4 de edição de OS detectada
2026-05-13 20:09:11,242 - INFO - 
=== rotina programar_os ===
2026-05-13 20:09:37,774 - INFO - ⌛ Aguardando janela de confirmação de programação de OS...
2026-05-13 20:10:03,215 - INFO - 🟨 Janela de confirmação de programação de OS detectada
2026-05-13 20:10:16,469 - INFO - 🟨 Janela de aviso de edição de OS programadas detectada
2026-05-13 20:10:23,673 - INFO - ⌛ aguardando janela de programação de lote de OS...
2026-05-13 20:10:49,177 - INFO - 🟨 Janela de aviso de substituição de lote de OS detectada
2026-05-13 20:11:09,289 - INFO - ⌛ aguardando janela de programação de lote de OS...
2026-05-13 20:11:34,832 - INFO - 🟨 Janela de programação de lote de OS detectada
2026-05-13 20:12:24,338 - INFO - 🟨 Janela de confirmação de programação de lote de OS detectada
2026-05-13 20:12:28,573 - INFO - ⌛ aguardando confirmação final de programação do lote
2026-05-13 20:12:54,025 - INFO - 🟨 programação do lote 16 efetuado com sucesso
2026-05-13 20:13:04,134 - INFO - 
=== Iniciando lote 17/23 [LV] ===
2026-05-13 20:13:04,134 - INFO - 
=== abrir_janela_selecao ===
2026-05-13 20:13:10,450 - INFO - 
=== rotina abrir_selecao_colar_os ===
2026-05-13 20:13:10,495 - INFO - Janela de seleção aberta
2026-05-13 20:13:14,722 - INFO - DEBUG: idx=16, inicio=400, fim=425
2026-05-13 20:13:14,722 - INFO - ✅ 25 OS copiadas para a área de transferência.
2026-05-13 20:13:14,722 - INFO - 📋 Lote 17 copiado.
2026-05-13 20:13:23,044 - INFO - ⌛ Esperando mudança visual...
2026-05-13 20:13:24,059 - INFO - ⌛ Esperando mudança visual...
2026-05-13 20:13:25,075 - INFO - ⌛ Esperando mudança visual...
2026-05-13 20:13:26,090 - INFO - ⌛ Esperando mudança visual...
2026-05-13 20:13:27,105 - INFO - ⌛ Esperando mudança visual...
2026-05-13 20:13:28,120 - INFO - ⌛ Esperando mudança visual...
2026-05-13 20:13:29,136 - INFO - ⌛ Esperando mudança visual...
2026-05-13 20:13:30,152 - INFO - ⌛ Esperando mudança visual...
2026-05-13 20:13:31,167 - INFO - ⌛ Esperando mudança visual...
2026-05-13 20:13:32,183 - INFO - ⌛ Esperando mudança visual...
2026-05-13 20:13:33,199 - INFO - ⌛ Esperando mudança visual...
2026-05-13 20:13:34,215 - INFO - ✅ Tela carregada!
2026-05-13 20:13:38,220 - INFO - 
=== rotina desbloquear_os ===
2026-05-13 20:14:04,681 - INFO - ⌛ Aguardando janela de confirmação de desbloqueio...
2026-05-13 20:14:20,083 - INFO - 🟨 Registros desbloqueados com sucesso
2026-05-13 20:14:24,186 - INFO - 
=== rotina editar_os ===
2026-05-13 20:14:33,599 - INFO - ⌛ Aguardando janela de edição de OS...
2026-05-13 20:14:49,066 - INFO - 🟨 OS programadas detectadas
2026-05-13 20:14:52,172 - INFO - ⌛ Aguardando janela de edição de OS...
2026-05-13 20:15:07,663 - INFO - 🟨 Janela de edição de OS detectada
2026-05-13 20:15:29,043 - INFO - 🟨 Janela de edição de habilidade da turma detectada
2026-05-13 20:16:47,363 - INFO - ⌛ Aguardando detecção do campo de caracteristica 'EQUIPE PRÓPRIA OU EPS' ...
2026-05-13 20:17:06,712 - INFO - 🟨 campo de caracteristica 'EQUIPE PRÓPRIA OU EPS detectado
2026-05-13 20:17:28,487 - INFO - ⌛ Aguardando confirmação 4 - editar OS...
2026-05-13 20:17:43,928 - INFO - ⌛ Aguardando confirmação 4 - editar OS...
2026-05-13 20:17:59,363 - INFO - ⌛ Aguardando confirmação 4 - editar OS...
2026-05-13 20:18:14,846 - INFO - 🟨 Janela de confirmação 4 de edição de OS detectada
2026-05-13 20:18:18,947 - INFO - 
=== rotina programar_os ===
2026-05-13 20:18:45,472 - INFO - ⌛ Aguardando janela de confirmação de programação de OS...
2026-05-13 20:19:10,923 - INFO - 🟨 Janela de confirmação de programação de OS detectada
2026-05-13 20:19:24,167 - INFO - 🟨 Janela de aviso de edição de OS programadas detectada
2026-05-13 20:19:31,382 - INFO - ⌛ aguardando janela de programação de lote de OS...
2026-05-13 20:19:56,874 - INFO - 🟨 Janela de aviso de substituição de lote de OS detectada
2026-05-13 20:20:16,980 - INFO - ⌛ aguardando janela de programação de lote de OS...
2026-05-13 20:20:42,523 - INFO - 🟨 Janela de programação de lote de OS detectada
2026-05-13 20:21:32,007 - INFO - 🟨 Janela de confirmação de programação de lote de OS detectada
2026-05-13 20:21:36,220 - INFO - ⌛ aguardando confirmação final de programação do lote
2026-05-13 20:22:01,721 - INFO - 🟨 programação do lote 17 efetuado com sucesso
2026-05-13 20:22:11,825 - INFO - 
=== Iniciando lote 18/23 [LV] ===
2026-05-13 20:22:11,825 - INFO - 
=== abrir_janela_selecao ===
2026-05-13 20:22:18,132 - INFO - 
=== rotina abrir_selecao_colar_os ===
2026-05-13 20:22:18,197 - INFO - Janela de seleção aberta
2026-05-13 20:22:22,424 - INFO - DEBUG: idx=17, inicio=425, fim=450
2026-05-13 20:22:22,424 - INFO - ✅ 25 OS copiadas para a área de transferência.
2026-05-13 20:22:22,424 - INFO - 📋 Lote 18 copiado.
2026-05-13 20:22:30,751 - INFO - ⌛ Esperando mudança visual...
2026-05-13 20:22:31,766 - INFO - ⌛ Esperando mudança visual...
2026-05-13 20:22:32,783 - INFO - ⌛ Esperando mudança visual...
2026-05-13 20:22:33,797 - INFO - ⌛ Esperando mudança visual...
2026-05-13 20:22:34,813 - INFO - ⌛ Esperando mudança visual...
2026-05-13 20:22:35,829 - INFO - ⌛ Esperando mudança visual...
2026-05-13 20:22:36,844 - INFO - ⌛ Esperando mudança visual...
2026-05-13 20:22:37,860 - INFO - ⌛ Esperando mudança visual...
2026-05-13 20:22:38,876 - INFO - ⌛ Esperando mudança visual...
2026-05-13 20:22:39,891 - INFO - ⌛ Esperando mudança visual...
2026-05-13 20:22:40,906 - INFO - ⌛ Esperando mudança visual...
2026-05-13 20:22:41,923 - INFO - ✅ Tela carregada!
2026-05-13 20:22:45,927 - INFO - 
=== rotina desbloquear_os ===
2026-05-13 20:23:12,390 - INFO - ⌛ Aguardando janela de confirmação de desbloqueio...
2026-05-13 20:23:27,771 - INFO - 🟨 Registros desbloqueados com sucesso
2026-05-13 20:23:31,875 - INFO - 
=== rotina editar_os ===
2026-05-13 20:23:41,285 - INFO - 🟨 OS programadas detectadas
2026-05-13 20:23:44,393 - INFO - ⌛ Aguardando janela de edição de OS...
2026-05-13 20:23:59,832 - INFO - 🟨 Janela de edição de OS detectada
2026-05-13 20:24:21,223 - INFO - 🟨 Janela de edição de habilidade da turma detectada
2026-05-13 20:25:39,520 - INFO - ⌛ Aguardando detecção do campo de caracteristica 'EQUIPE PRÓPRIA OU EPS' ...
2026-05-13 20:25:58,887 - INFO - 🟨 campo de caracteristica 'EQUIPE PRÓPRIA OU EPS detectado
2026-05-13 20:26:20,679 - INFO - ⌛ Aguardando confirmação 4 - editar OS...
2026-05-13 20:26:36,173 - INFO - ⌛ Aguardando confirmação 4 - editar OS...
2026-05-13 20:26:51,625 - INFO - 🟨 Janela de confirmação 4 de edição de OS detectada
2026-05-13 20:26:55,738 - INFO - 
=== rotina programar_os ===
2026-05-13 20:27:22,254 - INFO - ⌛ Aguardando janela de confirmação de programação de OS...
2026-05-13 20:27:47,695 - INFO - 🟨 Janela de confirmação de programação de OS detectada
2026-05-13 20:28:00,955 - INFO - 🟨 Janela de aviso de edição de OS programadas detectada
2026-05-13 20:28:08,172 - INFO - ⌛ aguardando janela de programação de lote de OS...
2026-05-13 20:28:33,674 - INFO - 🟨 Janela de aviso de substituição de lote de OS detectada
2026-05-13 20:28:53,786 - INFO - ⌛ aguardando janela de programação de lote de OS...
2026-05-13 20:29:19,304 - INFO - 🟨 Janela de aviso de substituição de lote de OS detectada
2026-05-13 20:29:39,407 - INFO - ⌛ aguardando janela de programação de lote de OS...
2026-05-13 20:30:04,909 - INFO - 🟨 Janela de programação de lote de OS detectada
2026-05-13 20:30:54,410 - INFO - 🟨 Janela de confirmação de programação de lote de OS detectada
2026-05-13 20:30:58,659 - INFO - ⌛ aguardando confirmação final de programação do lote
2026-05-13 20:31:24,172 - INFO - 🟨 programação do lote 18 efetuado com sucesso
2026-05-13 20:31:34,288 - INFO - 
=== Iniciando lote 19/23 [LV] ===
2026-05-13 20:31:34,288 - INFO - 
=== abrir_janela_selecao ===
2026-05-13 20:31:40,628 - INFO - 
=== rotina abrir_selecao_colar_os ===
2026-05-13 20:31:40,674 - INFO - Janela de seleção aberta
2026-05-13 20:31:44,907 - INFO - DEBUG: idx=18, inicio=450, fim=475
2026-05-13 20:31:44,907 - INFO - ✅ 25 OS copiadas para a área de transferência.
2026-05-13 20:31:44,907 - INFO - 📋 Lote 19 copiado.
2026-05-13 20:31:53,230 - INFO - ⌛ Esperando mudança visual...
2026-05-13 20:31:54,244 - INFO - ⌛ Esperando mudança visual...
2026-05-13 20:31:55,259 - INFO - ⌛ Esperando mudança visual...
2026-05-13 20:31:56,275 - INFO - ⌛ Esperando mudança visual...
2026-05-13 20:31:57,291 - INFO - ⌛ Esperando mudança visual...
2026-05-13 20:31:58,306 - INFO - ⌛ Esperando mudança visual...
2026-05-13 20:31:59,322 - INFO - ⌛ Esperando mudança visual...
2026-05-13 20:32:00,337 - INFO - ⌛ Esperando mudança visual...
2026-05-13 20:32:01,355 - INFO - ⌛ Esperando mudança visual...
2026-05-13 20:32:02,369 - INFO - ⌛ Esperando mudança visual...
2026-05-13 20:32:03,385 - INFO - ✅ Tela carregada!
2026-05-13 20:32:07,390 - INFO - 
=== rotina desbloquear_os ===
2026-05-13 20:32:33,857 - INFO - ⌛ Aguardando janela de confirmação de desbloqueio...
2026-05-13 20:32:49,268 - INFO - 🟨 Registros desbloqueados com sucesso
2026-05-13 20:32:53,372 - INFO - 
=== rotina editar_os ===
2026-05-13 20:33:02,780 - INFO - ⌛ Aguardando janela de edição de OS...
2026-05-13 20:33:18,235 - INFO - 🟨 OS programadas detectadas
2026-05-13 20:33:21,339 - INFO - ⌛ Aguardando janela de edição de OS...
2026-05-13 20:33:36,780 - INFO - 🟨 Janela de edição de OS detectada
2026-05-13 20:33:58,145 - INFO - 🟨 Janela de edição de habilidade da turma detectada
2026-05-13 20:35:16,434 - INFO - ⌛ Aguardando detecção do campo de caracteristica 'EQUIPE PRÓPRIA OU EPS' ...
2026-05-13 20:35:35,785 - INFO - 🟨 campo de caracteristica 'EQUIPE PRÓPRIA OU EPS detectado
2026-05-13 20:35:57,564 - INFO - ⌛ Aguardando confirmação 4 - editar OS...
2026-05-13 20:36:13,019 - INFO - ⌛ Aguardando confirmação 4 - editar OS...
2026-05-13 20:36:28,473 - INFO - ⌛ Aguardando confirmação 4 - editar OS...
2026-05-13 20:36:44,000 - INFO - 🟨 Janela de confirmação 4 de edição de OS detectada
2026-05-13 20:36:48,103 - INFO - 
=== rotina programar_os ===
2026-05-13 20:37:14,618 - INFO - ⌛ Aguardando janela de confirmação de programação de OS...
2026-05-13 20:37:40,061 - INFO - 🟨 Janela de confirmação de programação de OS detectada
2026-05-13 20:37:53,313 - INFO - 🟨 Janela de aviso de edição de OS programadas detectada
2026-05-13 20:38:00,518 - INFO - ⌛ aguardando janela de programação de lote de OS...
2026-05-13 20:38:26,012 - INFO - 🟨 Janela de aviso de substituição de lote de OS detectada
2026-05-13 20:38:46,118 - INFO - ⌛ aguardando janela de programação de lote de OS...
2026-05-13 20:39:11,611 - INFO - 🟨 Janela de programação de lote de OS detectada
2026-05-13 20:40:01,117 - INFO - 🟨 Janela de confirmação de programação de lote de OS detectada
2026-05-13 20:40:05,351 - INFO - ⌛ aguardando confirmação final de programação do lote
2026-05-13 20:40:30,793 - INFO - 🟨 programação do lote 19 efetuado com sucesso
2026-05-13 20:40:40,897 - INFO - 
=== Iniciando lote 20/23 [LV] ===
2026-05-13 20:40:40,898 - INFO - 
=== abrir_janela_selecao ===
2026-05-13 20:40:47,204 - INFO - 
=== rotina abrir_selecao_colar_os ===
2026-05-13 20:40:47,252 - INFO - Janela de seleção aberta
2026-05-13 20:40:51,487 - INFO - DEBUG: idx=19, inicio=475, fim=500
2026-05-13 20:40:51,487 - INFO - ✅ 25 OS copiadas para a área de transferência.
2026-05-13 20:40:51,487 - INFO - 📋 Lote 20 copiado.
2026-05-13 20:40:59,809 - INFO - ⌛ Esperando mudança visual...
2026-05-13 20:41:00,822 - INFO - ⌛ Esperando mudança visual...
2026-05-13 20:41:01,837 - INFO - ⌛ Esperando mudança visual...
2026-05-13 20:41:02,853 - INFO - ⌛ Esperando mudança visual...
2026-05-13 20:41:03,868 - INFO - ⌛ Esperando mudança visual...
2026-05-13 20:41:04,886 - INFO - ⌛ Esperando mudança visual...
2026-05-13 20:41:05,900 - INFO - ⌛ Esperando mudança visual...
2026-05-13 20:41:06,915 - INFO - ⌛ Esperando mudança visual...
2026-05-13 20:41:07,931 - INFO - ⌛ Esperando mudança visual...
2026-05-13 20:41:08,947 - INFO - ⌛ Esperando mudança visual...
2026-05-13 20:41:09,963 - INFO - ✅ Tela carregada!
2026-05-13 20:41:13,966 - INFO - 
=== rotina desbloquear_os ===
2026-05-13 20:41:40,440 - INFO - ⌛ Aguardando janela de confirmação de desbloqueio...
2026-05-13 20:41:55,845 - INFO - 🟨 Registros desbloqueados com sucesso
2026-05-13 20:41:59,949 - INFO - 
=== rotina editar_os ===
2026-05-13 20:42:09,363 - INFO - ⌛ Aguardando janela de edição de OS...
2026-05-13 20:42:24,799 - INFO - 🟨 OS programadas detectadas
2026-05-13 20:42:27,902 - INFO - ⌛ Aguardando janela de edição de OS...
2026-05-13 20:42:43,362 - INFO - 🟨 Janela de edição de OS detectada
2026-05-13 20:43:04,742 - INFO - 🟨 Janela de edição de habilidade da turma detectada
2026-05-13 20:44:23,047 - INFO - ⌛ Aguardando detecção do campo de caracteristica 'EQUIPE PRÓPRIA OU EPS' ...
2026-05-13 20:44:42,410 - INFO - 🟨 campo de caracteristica 'EQUIPE PRÓPRIA OU EPS detectado
2026-05-13 20:45:04,164 - INFO - ⌛ Aguardando confirmação 4 - editar OS...
2026-05-13 20:45:19,616 - INFO - ⌛ Aguardando confirmação 4 - editar OS...
2026-05-13 20:45:35,117 - INFO - 🟨 Janela de confirmação 4 de edição de OS detectada
2026-05-13 20:45:39,227 - INFO - 
=== rotina programar_os ===
2026-05-13 20:46:05,746 - INFO - ⌛ Aguardando janela de confirmação de programação de OS...
2026-05-13 20:46:31,162 - INFO - 🟨 Janela de confirmação de programação de OS detectada
2026-05-13 20:46:44,440 - INFO - 🟨 Janela de aviso de edição de OS programadas detectada
2026-05-13 20:46:51,647 - INFO - ⌛ aguardando janela de programação de lote de OS...
2026-05-13 20:47:17,160 - INFO - 🟨 Janela de aviso de substituição de lote de OS detectada
2026-05-13 20:47:37,281 - INFO - ⌛ aguardando janela de programação de lote de OS...
2026-05-13 20:48:02,798 - INFO - 🟨 Janela de programação de lote de OS detectada
2026-05-13 20:48:52,299 - INFO - 🟨 Janela de confirmação de programação de lote de OS detectada
2026-05-13 20:48:56,512 - INFO - ⌛ aguardando confirmação final de programação do lote
2026-05-13 20:49:21,965 - INFO - 🟨 programação do lote 20 efetuado com sucesso
2026-05-13 20:49:32,076 - INFO - 
=== Iniciando lote 21/23 [LV] ===
2026-05-13 20:49:32,076 - INFO - 
=== abrir_janela_selecao ===
2026-05-13 20:49:38,383 - INFO - 
=== rotina abrir_selecao_colar_os ===
2026-05-13 20:49:38,445 - INFO - Janela de seleção aberta
2026-05-13 20:49:42,679 - INFO - DEBUG: idx=20, inicio=500, fim=525
2026-05-13 20:49:42,679 - INFO - ✅ 25 OS copiadas para a área de transferência.
2026-05-13 20:49:42,679 - INFO - 📋 Lote 21 copiado.
2026-05-13 20:49:51,002 - INFO - ⌛ Esperando mudança visual...
2026-05-13 20:49:52,015 - INFO - ⌛ Esperando mudança visual...
2026-05-13 20:49:53,030 - INFO - ⌛ Esperando mudança visual...
2026-05-13 20:49:54,046 - INFO - ⌛ Esperando mudança visual...
2026-05-13 20:49:55,062 - INFO - ⌛ Esperando mudança visual...
2026-05-13 20:49:56,078 - INFO - ⌛ Esperando mudança visual...
2026-05-13 20:49:57,093 - INFO - ⌛ Esperando mudança visual...
2026-05-13 20:49:58,109 - INFO - ⌛ Esperando mudança visual...
2026-05-13 20:49:59,124 - INFO - ⌛ Esperando mudança visual...
2026-05-13 20:50:00,140 - INFO - ⌛ Esperando mudança visual...
2026-05-13 20:50:01,156 - INFO - ✅ Tela carregada!
2026-05-13 20:50:05,158 - INFO - 
=== rotina desbloquear_os ===
2026-05-13 20:50:31,639 - INFO - ⌛ Aguardando janela de confirmação de desbloqueio...
2026-05-13 20:50:47,023 - INFO - 🟨 Registros desbloqueados com sucesso
2026-05-13 20:50:51,126 - INFO - 
=== rotina editar_os ===
2026-05-13 20:51:00,539 - INFO - 🟨 OS programadas detectadas
2026-05-13 20:51:03,642 - INFO - ⌛ Aguardando janela de edição de OS...
2026-05-13 20:51:19,089 - INFO - 🟨 Janela de edição de OS detectada
2026-05-13 20:51:40,466 - INFO - 🟨 Janela de edição de habilidade da turma detectada
2026-05-13 20:52:58,764 - INFO - ⌛ Aguardando detecção do campo de caracteristica 'EQUIPE PRÓPRIA OU EPS' ...
2026-05-13 20:53:18,139 - INFO - 🟨 campo de caracteristica 'EQUIPE PRÓPRIA OU EPS detectado
2026-05-13 20:53:39,899 - INFO - ⌛ Aguardando confirmação 4 - editar OS...
2026-05-13 20:53:55,308 - INFO - ⌛ Aguardando confirmação 4 - editar OS...
2026-05-13 20:54:10,754 - INFO - 🟨 Janela de confirmação 4 de edição de OS detectada
2026-05-13 20:54:14,856 - INFO - 
=== rotina programar_os ===
2026-05-13 20:54:41,396 - INFO - ⌛ Aguardando janela de confirmação de programação de OS...
2026-05-13 20:55:06,888 - INFO - 🟨 Janela de confirmação de programação de OS detectada
2026-05-13 20:55:20,149 - INFO - 🟨 Janela de aviso de edição de OS programadas detectada
2026-05-13 20:55:27,370 - INFO - ⌛ aguardando janela de programação de lote de OS...
2026-05-13 20:55:52,859 - INFO - 🟨 Janela de aviso de substituição de lote de OS detectada
2026-05-13 20:56:12,971 - INFO - ⌛ aguardando janela de programação de lote de OS...
2026-05-13 20:56:38,477 - INFO - 🟨 Janela de programação de lote de OS detectada
2026-05-13 20:57:27,965 - INFO - 🟨 Janela de confirmação de programação de lote de OS detectada
2026-05-13 20:57:32,188 - INFO - ⌛ aguardando confirmação final de programação do lote
2026-05-13 20:57:57,603 - INFO - 🟨 programação do lote 21 efetuado com sucesso
2026-05-13 20:58:07,717 - INFO - 
=== Iniciando lote 22/23 [LV] ===
2026-05-13 20:58:07,717 - INFO - 
=== abrir_janela_selecao ===
2026-05-13 20:58:14,032 - INFO - 
=== rotina abrir_selecao_colar_os ===
2026-05-13 20:58:14,071 - INFO - Janela de seleção aberta
2026-05-13 20:58:18,304 - INFO - DEBUG: idx=21, inicio=525, fim=550
2026-05-13 20:58:18,304 - INFO - ✅ 25 OS copiadas para a área de transferência.
2026-05-13 20:58:18,304 - INFO - 📋 Lote 22 copiado.
2026-05-13 20:58:26,629 - INFO - ⌛ Esperando mudança visual...
2026-05-13 20:58:27,644 - INFO - ⌛ Esperando mudança visual...
2026-05-13 20:58:28,656 - INFO - ⌛ Esperando mudança visual...
2026-05-13 20:58:29,674 - INFO - ⌛ Esperando mudança visual...
2026-05-13 20:58:30,692 - INFO - ⌛ Esperando mudança visual...
2026-05-13 20:58:31,703 - INFO - ⌛ Esperando mudança visual...
2026-05-13 20:58:32,721 - INFO - ⌛ Esperando mudança visual...
2026-05-13 20:58:33,738 - INFO - ⌛ Esperando mudança visual...
2026-05-13 20:58:34,754 - INFO - ⌛ Esperando mudança visual...
2026-05-13 20:58:35,766 - INFO - ⌛ Esperando mudança visual...
2026-05-13 20:58:36,784 - INFO - ✅ Tela carregada!
2026-05-13 20:58:40,785 - INFO - 
=== rotina desbloquear_os ===
2026-05-13 20:59:07,250 - INFO - ⌛ Aguardando janela de confirmação de desbloqueio...
2026-05-13 20:59:22,649 - INFO - 🟨 Registros desbloqueados com sucesso
2026-05-13 20:59:26,754 - INFO - 
=== rotina editar_os ===
2026-05-13 20:59:36,172 - INFO - ⌛ Aguardando janela de edição de OS...
2026-05-13 20:59:51,600 - INFO - 🟨 OS programadas detectadas
2026-05-13 20:59:54,703 - INFO - ⌛ Aguardando janela de edição de OS...
2026-05-13 21:00:10,207 - INFO - 🟨 Janela de edição de OS detectada
2026-05-13 21:00:31,576 - INFO - 🟨 Janela de edição de habilidade da turma detectada
2026-05-13 21:01:49,887 - INFO - ⌛ Aguardando detecção do campo de caracteristica 'EQUIPE PRÓPRIA OU EPS' ...
2026-05-13 21:02:09,250 - INFO - 🟨 campo de caracteristica 'EQUIPE PRÓPRIA OU EPS detectado
2026-05-13 21:02:31,024 - INFO - ⌛ Aguardando confirmação 4 - editar OS...
2026-05-13 21:02:46,450 - INFO - ⌛ Aguardando confirmação 4 - editar OS...
2026-05-13 21:03:01,880 - INFO - 🟨 Janela de confirmação 4 de edição de OS detectada
2026-05-13 21:03:05,982 - INFO - 
=== rotina programar_os ===
2026-05-13 21:03:32,500 - INFO - ⌛ Aguardando janela de confirmação de programação de OS...
2026-05-13 21:03:57,916 - INFO - 🟨 Janela de confirmação de programação de OS detectada
2026-05-13 21:04:11,176 - INFO - 🟨 Janela de aviso de edição de OS programadas detectada
2026-05-13 21:04:18,385 - INFO - ⌛ aguardando janela de programação de lote de OS...
2026-05-13 21:04:43,929 - INFO - 🟨 Janela de aviso de substituição de lote de OS detectada
2026-05-13 21:05:04,031 - INFO - ⌛ aguardando janela de programação de lote de OS...
2026-05-13 21:05:29,533 - INFO - 🟨 Janela de programação de lote de OS detectada
2026-05-13 21:06:19,031 - INFO - 🟨 Janela de confirmação de programação de lote de OS detectada
2026-05-13 21:06:23,244 - INFO - ⌛ aguardando confirmação final de programação do lote
2026-05-13 21:06:48,705 - INFO - 🟨 programação do lote 22 efetuado com sucesso
2026-05-13 21:06:58,808 - INFO - 
=== Iniciando lote 23/23 [LV] ===
2026-05-13 21:06:58,808 - INFO - 
=== abrir_janela_selecao ===
2026-05-13 21:07:05,117 - INFO - 
=== rotina abrir_selecao_colar_os ===
2026-05-13 21:07:05,164 - INFO - Janela de seleção aberta
2026-05-13 21:07:09,392 - INFO - DEBUG: idx=22, inicio=550, fim=575
2026-05-13 21:07:09,392 - INFO - ✅ 4 OS copiadas para a área de transferência.
2026-05-13 21:07:09,392 - INFO - 📋 Lote 23 copiado.
2026-05-13 21:07:17,720 - INFO - ⌛ Esperando mudança visual...
2026-05-13 21:07:18,734 - INFO - ⌛ Esperando mudança visual...
2026-05-13 21:07:19,748 - INFO - ⌛ Esperando mudança visual...
2026-05-13 21:07:20,767 - INFO - ⌛ Esperando mudança visual...
2026-05-13 21:07:21,781 - INFO - ⌛ Esperando mudança visual...
2026-05-13 21:07:22,799 - INFO - ⌛ Esperando mudança visual...
2026-05-13 21:07:23,810 - INFO - ⌛ Esperando mudança visual...
2026-05-13 21:07:24,829 - INFO - ⌛ Esperando mudança visual...
2026-05-13 21:07:25,846 - INFO - ⌛ Esperando mudança visual...
2026-05-13 21:07:26,860 - INFO - ⌛ Esperando mudança visual...
2026-05-13 21:07:27,875 - INFO - ⌛ Esperando mudança visual...
2026-05-13 21:07:28,893 - INFO - ✅ Tela carregada!
2026-05-13 21:07:32,894 - INFO - 
=== rotina desbloquear_os ===
2026-05-13 21:07:59,356 - INFO - ⌛ Aguardando janela de confirmação de desbloqueio...
2026-05-13 21:08:14,716 - INFO - 🟨 Registros desbloqueados com sucesso
2026-05-13 21:08:18,827 - INFO - 
=== rotina editar_os ===
2026-05-13 21:08:28,241 - INFO - 🟨 OS programadas detectadas
2026-05-13 21:08:31,344 - INFO - ⌛ Aguardando janela de edição de OS...
2026-05-13 21:08:46,767 - INFO - 🟨 Janela de edição de OS detectada
2026-05-13 21:09:08,135 - INFO - 🟨 Janela de edição de habilidade da turma detectada
2026-05-13 21:10:26,438 - INFO - ⌛ Aguardando detecção do campo de caracteristica 'EQUIPE PRÓPRIA OU EPS' ...
2026-05-13 21:10:45,793 - INFO - 🟨 campo de caracteristica 'EQUIPE PRÓPRIA OU EPS detectado
2026-05-13 21:11:07,559 - INFO - ⌛ Aguardando confirmação 4 - editar OS...
2026-05-13 21:11:22,981 - INFO - 🟨 Janela de confirmação 4 de edição de OS detectada
2026-05-13 21:11:27,085 - INFO - 
=== rotina programar_os ===
2026-05-13 21:11:53,603 - INFO - ⌛ Aguardando janela de confirmação de programação de OS...
2026-05-13 21:12:19,043 - INFO - 🟨 Janela de confirmação de programação de OS detectada
2026-05-13 21:12:32,295 - INFO - 🟨 Janela de aviso de edição de OS programadas detectada
2026-05-13 21:12:39,500 - INFO - ⌛ aguardando janela de programação de lote de OS...
2026-05-13 21:13:05,009 - INFO - 🟨 Janela de aviso de substituição de lote de OS detectada
2026-05-13 21:13:25,118 - INFO - ⌛ aguardando janela de programação de lote de OS...
2026-05-13 21:13:50,616 - INFO - 🟨 Janela de programação de lote de OS detectada
2026-05-13 21:14:40,136 - INFO - 🟨 Janela de confirmação de programação de lote de OS detectada
2026-05-13 21:14:44,379 - INFO - ⌛ aguardando confirmação final de programação do lote
2026-05-13 21:15:09,888 - INFO - 🟨 programação do lote 23 efetuado com sucesso
2026-05-13 21:15:19,991 - INFO - 
=== Iniciando lote 1/12 [LM] ===
2026-05-13 21:15:19,993 - INFO - 
=== abrir_janela_selecao ===
2026-05-13 21:15:26,311 - INFO - 
=== rotina abrir_selecao_colar_os ===
2026-05-13 21:15:26,353 - INFO - Janela de seleção aberta
2026-05-13 21:15:30,593 - INFO - DEBUG: idx=0, inicio=0, fim=25
2026-05-13 21:15:30,594 - INFO - ✅ 25 OS copiadas para a área de transferência.
2026-05-13 21:15:30,594 - INFO - 📋 Lote 1 copiado.
2026-05-13 21:15:38,921 - INFO - ⌛ Esperando mudança visual...
2026-05-13 21:15:39,937 - INFO - ⌛ Esperando mudança visual...
2026-05-13 21:15:40,949 - INFO - ⌛ Esperando mudança visual...
2026-05-13 21:15:41,969 - INFO - ⌛ Esperando mudança visual...
2026-05-13 21:15:42,982 - INFO - ⌛ Esperando mudança visual...
2026-05-13 21:15:43,999 - INFO - ⌛ Esperando mudança visual...
2026-05-13 21:15:45,016 - INFO - ⌛ Esperando mudança visual...
2026-05-13 21:15:46,030 - INFO - ⌛ Esperando mudança visual...
2026-05-13 21:15:47,043 - INFO - ⌛ Esperando mudança visual...
2026-05-13 21:15:48,064 - INFO - ⌛ Esperando mudança visual...
2026-05-13 21:15:49,079 - INFO - ⌛ Esperando mudança visual...
2026-05-13 21:15:50,091 - INFO - ⌛ Esperando mudança visual...
2026-05-13 21:15:51,107 - INFO - ⌛ Esperando mudança visual...
2026-05-13 21:15:52,124 - INFO - ⌛ Esperando mudança visual...
2026-05-13 21:15:53,139 - INFO - ⌛ Esperando mudança visual...
2026-05-13 21:15:54,153 - INFO - ⌛ Esperando mudança visual...
2026-05-13 21:15:55,171 - INFO - ⌛ Esperando mudança visual...
2026-05-13 21:15:56,188 - INFO - ⌛ Esperando mudança visual...
2026-05-13 21:15:57,200 - INFO - ⌛ Esperando mudança visual...
2026-05-13 21:15:58,219 - INFO - ⌛ Esperando mudança visual...
2026-05-13 21:15:59,233 - INFO - ⌛ Esperando mudança visual...
2026-05-13 21:16:00,247 - INFO - ⌛ Esperando mudança visual...
2026-05-13 21:16:01,266 - INFO - ⌛ Esperando mudança visual...
2026-05-13 21:16:02,280 - INFO - ⌛ Esperando mudança visual...
2026-05-13 21:16:03,294 - INFO - ✅ Tela carregada!
2026-05-13 21:16:07,300 - INFO - 
=== rotina desbloquear_os ===
2026-05-13 21:16:33,762 - INFO - ⌛ Aguardando janela de confirmação de desbloqueio...
2026-05-13 21:16:49,148 - INFO - ⌛ Aguardando janela de confirmação de desbloqueio...
2026-05-13 21:17:04,547 - INFO - 🟨 Registros desbloqueados com sucesso
2026-05-13 21:17:08,651 - INFO - 
=== rotina editar_os ===
2026-05-13 21:17:18,075 - INFO - ⌛ Aguardando janela de edição de OS...
2026-05-13 21:17:33,489 - INFO - 🟨 OS programadas detectadas
2026-05-13 21:17:36,603 - INFO - ⌛ Aguardando janela de edição de OS...
2026-05-13 21:17:52,045 - INFO - 🟨 Janela de edição de OS detectada
2026-05-13 21:18:13,398 - INFO - 🟨 Janela de edição de habilidade da turma detectada
2026-05-13 21:19:31,713 - INFO - ⌛ Aguardando detecção do campo de caracteristica 'EQUIPE PRÓPRIA OU EPS' ...
2026-05-13 21:19:51,078 - INFO - 🟨 campo de caracteristica 'EQUIPE PRÓPRIA OU EPS detectado
2026-05-13 21:20:12,851 - INFO - ⌛ Aguardando confirmação 4 - editar OS...
2026-05-13 21:20:28,293 - INFO - ⌛ Aguardando confirmação 4 - editar OS...
2026-05-13 21:20:43,775 - INFO - ⌛ Aguardando confirmação 4 - editar OS...
2026-05-13 21:20:59,292 - INFO - 🟨 Janela de confirmação 4 de edição de OS detectada
2026-05-13 21:21:03,395 - INFO - 
=== rotina programar_os ===
2026-05-13 21:21:29,930 - INFO - ⌛ Aguardando janela de confirmação de programação de OS...
2026-05-13 21:21:55,349 - INFO - 🟨 Janela de confirmação de programação de OS detectada
2026-05-13 21:22:08,598 - INFO - 🟨 Janela de aviso de edição de OS programadas detectada
2026-05-13 21:22:15,811 - INFO - ⌛ aguardando janela de programação de lote de OS...
2026-05-13 21:22:41,293 - INFO - 🟨 Janela de aviso de substituição de lote de OS detectada
2026-05-13 21:23:01,395 - INFO - ⌛ aguardando janela de programação de lote de OS...
2026-05-13 21:23:26,912 - INFO - 🟨 Janela de programação de lote de OS detectada
2026-05-13 21:24:16,414 - INFO - 🟨 Janela de confirmação de programação de lote de OS detectada
2026-05-13 21:24:20,626 - INFO - ⌛ aguardando confirmação final de programação do lote
2026-05-13 21:24:46,110 - INFO - 🟨 programação do lote 1 efetuado com sucesso
2026-05-13 21:24:56,213 - INFO - 
=== Iniciando lote 2/12 [LM] ===
2026-05-13 21:24:56,214 - INFO - 
=== abrir_janela_selecao ===
2026-05-13 21:25:02,520 - INFO - 
=== rotina abrir_selecao_colar_os ===
2026-05-13 21:25:02,591 - INFO - Janela de seleção aberta
2026-05-13 21:25:06,820 - INFO - DEBUG: idx=1, inicio=25, fim=50
2026-05-13 21:25:06,820 - INFO - ✅ 25 OS copiadas para a área de transferência.
2026-05-13 21:25:06,820 - INFO - 📋 Lote 2 copiado.
2026-05-13 21:25:15,146 - INFO - ⌛ Esperando mudança visual...
2026-05-13 21:25:16,165 - INFO - ⌛ Esperando mudança visual...
2026-05-13 21:25:17,182 - INFO - ⌛ Esperando mudança visual...
2026-05-13 21:25:18,194 - INFO - ⌛ Esperando mudança visual...
2026-05-13 21:25:19,213 - INFO - ⌛ Esperando mudança visual...
2026-05-13 21:25:20,229 - INFO - ⌛ Esperando mudança visual...
2026-05-13 21:25:21,241 - INFO - ⌛ Esperando mudança visual...
2026-05-13 21:25:22,260 - INFO - ⌛ Esperando mudança visual...
2026-05-13 21:25:23,276 - INFO - ⌛ Esperando mudança visual...
2026-05-13 21:25:24,288 - INFO - ⌛ Esperando mudança visual...
2026-05-13 21:25:25,306 - INFO - ⌛ Esperando mudança visual...
2026-05-13 21:25:26,322 - INFO - ⌛ Esperando mudança visual...
2026-05-13 21:25:27,335 - INFO - ⌛ Esperando mudança visual...
2026-05-13 21:25:28,354 - INFO - ⌛ Esperando mudança visual...
2026-05-13 21:25:29,369 - INFO - ⌛ Esperando mudança visual...
2026-05-13 21:25:30,381 - INFO - ⌛ Esperando mudança visual...
2026-05-13 21:25:31,397 - INFO - ⌛ Esperando mudança visual...
2026-05-13 21:25:32,416 - INFO - ⌛ Esperando mudança visual...
2026-05-13 21:25:33,432 - INFO - ⌛ Esperando mudança visual...
2026-05-13 21:25:34,447 - INFO - ✅ Tela carregada!
2026-05-13 21:25:38,449 - INFO - 
=== rotina desbloquear_os ===
2026-05-13 21:26:04,923 - INFO - ⌛ Aguardando janela de confirmação de desbloqueio...
2026-05-13 21:26:20,406 - INFO - 🟨 Registros desbloqueados com sucesso
2026-05-13 21:26:24,515 - INFO - 
=== rotina editar_os ===
2026-05-13 21:26:33,928 - INFO - 🟨 OS programadas detectadas
2026-05-13 21:26:37,031 - INFO - ⌛ Aguardando janela de edição de OS...
2026-05-13 21:26:52,484 - INFO - 🟨 Janela de edição de OS detectada
2026-05-13 21:27:13,846 - INFO - 🟨 Janela de edição de habilidade da turma detectada
2026-05-13 21:28:32,162 - INFO - ⌛ Aguardando detecção do campo de caracteristica 'EQUIPE PRÓPRIA OU EPS' ...
2026-05-13 21:28:51,524 - INFO - 🟨 campo de caracteristica 'EQUIPE PRÓPRIA OU EPS detectado
2026-05-13 21:29:13,287 - INFO - ⌛ Aguardando confirmação 4 - editar OS...
2026-05-13 21:29:28,708 - INFO - ⌛ Aguardando confirmação 4 - editar OS...
2026-05-13 21:29:44,129 - INFO - 🟨 Janela de confirmação 4 de edição de OS detectada
2026-05-13 21:29:48,244 - INFO - 
=== rotina programar_os ===
2026-05-13 21:30:14,755 - INFO - ⌛ Aguardando janela de confirmação de programação de OS...
2026-05-13 21:30:40,192 - INFO - 🟨 Janela de confirmação de programação de OS detectada
2026-05-13 21:30:53,470 - INFO - 🟨 Janela de aviso de edição de OS programadas detectada
2026-05-13 21:31:00,675 - INFO - ⌛ aguardando janela de programação de lote de OS...
2026-05-13 21:31:26,173 - INFO - 🟨 Janela de aviso de substituição de lote de OS detectada
2026-05-13 21:31:46,276 - INFO - ⌛ aguardando janela de programação de lote de OS...
2026-05-13 21:32:11,784 - INFO - 🟨 Janela de programação de lote de OS detectada
2026-05-13 21:33:01,290 - INFO - 🟨 Janela de confirmação de programação de lote de OS detectada
2026-05-13 21:33:05,504 - INFO - ⌛ aguardando confirmação final de programação do lote
2026-05-13 21:33:30,931 - INFO - 🟨 programação do lote 2 efetuado com sucesso
2026-05-13 21:33:41,035 - INFO - 
=== Iniciando lote 3/12 [LM] ===
2026-05-13 21:33:41,035 - INFO - 
=== abrir_janela_selecao ===
2026-05-13 21:33:47,342 - INFO - 
=== rotina abrir_selecao_colar_os ===
2026-05-13 21:33:47,391 - INFO - Janela de seleção aberta
2026-05-13 21:33:51,620 - INFO - DEBUG: idx=2, inicio=50, fim=75
2026-05-13 21:33:51,620 - INFO - ✅ 25 OS copiadas para a área de transferência.
2026-05-13 21:33:51,620 - INFO - 📋 Lote 3 copiado.
2026-05-13 21:33:59,948 - INFO - ⌛ Esperando mudança visual...
2026-05-13 21:34:00,960 - INFO - ⌛ Esperando mudança visual...
2026-05-13 21:34:01,980 - INFO - ⌛ Esperando mudança visual...
2026-05-13 21:34:02,991 - INFO - ⌛ Esperando mudança visual...
2026-05-13 21:34:04,011 - INFO - ⌛ Esperando mudança visual...
2026-05-13 21:34:05,027 - INFO - ⌛ Esperando mudança visual...
2026-05-13 21:34:06,039 - INFO - ⌛ Esperando mudança visual...
2026-05-13 21:34:07,057 - INFO - ⌛ Esperando mudança visual...
2026-05-13 21:34:08,073 - INFO - ⌛ Esperando mudança visual...
2026-05-13 21:34:09,088 - INFO - ⌛ Esperando mudança visual...
2026-05-13 21:34:10,104 - INFO - ⌛ Esperando mudança visual...
2026-05-13 21:34:11,118 - INFO - ⌛ Esperando mudança visual...
2026-05-13 21:34:12,132 - INFO - ⌛ Esperando mudança visual...
2026-05-13 21:34:13,150 - INFO - ⌛ Esperando mudança visual...
2026-05-13 21:34:14,168 - INFO - ⌛ Esperando mudança visual...
2026-05-13 21:34:15,179 - INFO - ⌛ Esperando mudança visual...
2026-05-13 21:34:16,196 - INFO - ⌛ Esperando mudança visual...
2026-05-13 21:34:17,212 - INFO - ⌛ Esperando mudança visual...
2026-05-13 21:34:18,226 - INFO - ⌛ Esperando mudança visual...
2026-05-13 21:34:19,242 - INFO - ⌛ Esperando mudança visual...
2026-05-13 21:34:20,261 - INFO - ⌛ Esperando mudança visual...
2026-05-13 21:34:21,277 - INFO - ⌛ Esperando mudança visual...
2026-05-13 21:34:22,292 - INFO - ⌛ Esperando mudança visual...
2026-05-13 21:34:23,309 - INFO - ✅ Tela carregada!
2026-05-13 21:34:27,310 - INFO - 
=== rotina desbloquear_os ===
2026-05-13 21:34:53,775 - INFO - ⌛ Aguardando janela de confirmação de desbloqueio...
2026-05-13 21:35:09,159 - INFO - 🟨 Registros desbloqueados com sucesso
2026-05-13 21:35:13,262 - INFO - 
=== rotina editar_os ===
2026-05-13 21:35:22,684 - INFO - ⌛ Aguardando janela de edição de OS...
2026-05-13 21:35:38,131 - INFO - 🟨 OS programadas detectadas
2026-05-13 21:35:41,247 - INFO - ⌛ Aguardando janela de edição de OS...
2026-05-13 21:35:56,679 - INFO - 🟨 Janela de edição de OS detectada
2026-05-13 21:36:18,041 - INFO - 🟨 Janela de edição de habilidade da turma detectada
2026-05-13 21:37:36,355 - INFO - ⌛ Aguardando detecção do campo de caracteristica 'EQUIPE PRÓPRIA OU EPS' ...
2026-05-13 21:37:55,703 - INFO - 🟨 campo de caracteristica 'EQUIPE PRÓPRIA OU EPS detectado
2026-05-13 21:38:17,483 - INFO - ⌛ Aguardando confirmação 4 - editar OS...
2026-05-13 21:38:32,925 - INFO - ⌛ Aguardando confirmação 4 - editar OS...
2026-05-13 21:38:48,370 - INFO - 🟨 Janela de confirmação 4 de edição de OS detectada
2026-05-13 21:38:52,472 - INFO - 
=== rotina programar_os ===
2026-05-13 21:39:18,979 - INFO - ⌛ Aguardando janela de confirmação de programação de OS...
2026-05-13 21:39:44,414 - INFO - 🟨 Janela de confirmação de programação de OS detectada
2026-05-13 21:39:57,680 - INFO - 🟨 Janela de aviso de edição de OS programadas detectada
2026-05-13 21:40:04,888 - INFO - ⌛ aguardando janela de programação de lote de OS...
2026-05-13 21:40:30,376 - INFO - 🟨 Janela de aviso de substituição de lote de OS detectada
2026-05-13 21:40:50,487 - INFO - ⌛ aguardando janela de programação de lote de OS...
2026-05-13 21:41:16,030 - INFO - 🟨 Janela de aviso de substituição de lote de OS detectada
2026-05-13 21:41:36,138 - INFO - ⌛ aguardando janela de programação de lote de OS...
2026-05-13 21:42:01,636 - INFO - 🟨 Janela de programação de lote de OS detectada
2026-05-13 21:42:51,142 - INFO - 🟨 Janela de confirmação de programação de lote de OS detectada
2026-05-13 21:42:55,355 - INFO - ⌛ aguardando confirmação final de programação do lote
2026-05-13 21:43:20,801 - INFO - 🟨 programação do lote 3 efetuado com sucesso
2026-05-13 21:43:30,904 - INFO - 
=== Iniciando lote 4/12 [LM] ===
2026-05-13 21:43:30,905 - INFO - 
=== abrir_janela_selecao ===
2026-05-13 21:43:37,211 - INFO - 
=== rotina abrir_selecao_colar_os ===
2026-05-13 21:43:37,265 - INFO - Janela de seleção aberta
2026-05-13 21:43:41,487 - INFO - DEBUG: idx=3, inicio=75, fim=100
2026-05-13 21:43:41,487 - INFO - ✅ 25 OS copiadas para a área de transferência.
2026-05-13 21:43:41,487 - INFO - 📋 Lote 4 copiado.
2026-05-13 21:43:49,812 - INFO - ⌛ Esperando mudança visual...
2026-05-13 21:43:50,828 - INFO - ⌛ Esperando mudança visual...
2026-05-13 21:43:51,846 - INFO - ⌛ Esperando mudança visual...
2026-05-13 21:43:52,861 - INFO - ⌛ Esperando mudança visual...
2026-05-13 21:43:53,875 - INFO - ⌛ Esperando mudança visual...
2026-05-13 21:43:54,892 - INFO - ⌛ Esperando mudança visual...
2026-05-13 21:43:55,908 - INFO - ⌛ Esperando mudança visual...
2026-05-13 21:43:56,922 - INFO - ⌛ Esperando mudança visual...
2026-05-13 21:43:57,937 - INFO - ⌛ Esperando mudança visual...
2026-05-13 21:43:58,955 - INFO - ⌛ Esperando mudança visual...
2026-05-13 21:43:59,971 - INFO - ⌛ Esperando mudança visual...
2026-05-13 21:44:00,985 - INFO - ⌛ Esperando mudança visual...
2026-05-13 21:44:02,002 - INFO - ⌛ Esperando mudança visual...
2026-05-13 21:44:03,018 - INFO - ✅ Tela carregada!
2026-05-13 21:44:07,019 - INFO - 
=== rotina desbloquear_os ===
2026-05-13 21:44:33,503 - INFO - ⌛ Aguardando janela de confirmação de desbloqueio...
2026-05-13 21:44:48,911 - INFO - 🟨 Registros desbloqueados com sucesso
2026-05-13 21:44:53,013 - INFO - 
=== rotina editar_os ===
2026-05-13 21:45:02,441 - INFO - ⌛ Aguardando janela de edição de OS...
2026-05-13 21:45:17,903 - INFO - 🟨 OS programadas detectadas
2026-05-13 21:45:21,006 - INFO - ⌛ Aguardando janela de edição de OS...
2026-05-13 21:45:36,445 - INFO - 🟨 Janela de edição de OS detectada
2026-05-13 21:45:57,813 - INFO - 🟨 Janela de edição de habilidade da turma detectada
2026-05-13 21:47:16,119 - INFO - ⌛ Aguardando detecção do campo de caracteristica 'EQUIPE PRÓPRIA OU EPS' ...
2026-05-13 21:47:35,479 - INFO - 🟨 campo de caracteristica 'EQUIPE PRÓPRIA OU EPS detectado
2026-05-13 21:47:57,258 - INFO - ⌛ Aguardando confirmação 4 - editar OS...
2026-05-13 21:48:12,683 - INFO - ⌛ Aguardando confirmação 4 - editar OS...
2026-05-13 21:48:28,118 - INFO - ⌛ Aguardando confirmação 4 - editar OS...
2026-05-13 21:48:43,599 - INFO - 🟨 Janela de confirmação 4 de edição de OS detectada
2026-05-13 21:48:47,702 - INFO - 
=== rotina programar_os ===
2026-05-13 21:49:14,219 - INFO - ⌛ Aguardando janela de confirmação de programação de OS...
2026-05-13 21:49:39,634 - INFO - 🟨 Janela de confirmação de programação de OS detectada
2026-05-13 21:49:52,917 - INFO - 🟨 Janela de aviso de edição de OS programadas detectada
2026-05-13 21:50:00,121 - INFO - ⌛ aguardando janela de programação de lote de OS...
2026-05-13 21:50:25,615 - INFO - 🟨 Janela de aviso de substituição de lote de OS detectada
2026-05-13 21:50:45,717 - INFO - ⌛ aguardando janela de programação de lote de OS...
2026-05-13 21:51:11,219 - INFO - 🟨 Janela de programação de lote de OS detectada
2026-05-13 21:52:00,723 - INFO - 🟨 Janela de confirmação de programação de lote de OS detectada
2026-05-13 21:52:04,929 - INFO - ⌛ aguardando confirmação final de programação do lote
2026-05-13 21:52:30,409 - INFO - 🟨 programação do lote 4 efetuado com sucesso
2026-05-13 21:52:40,512 - INFO - 
=== Iniciando lote 5/12 [LM] ===
2026-05-13 21:52:40,512 - INFO - 
=== abrir_janela_selecao ===
2026-05-13 21:52:46,819 - INFO - 
=== rotina abrir_selecao_colar_os ===
2026-05-13 21:52:46,868 - INFO - Janela de seleção aberta
2026-05-13 21:52:51,104 - INFO - DEBUG: idx=4, inicio=100, fim=125
2026-05-13 21:52:51,104 - INFO - ✅ 25 OS copiadas para a área de transferência.
2026-05-13 21:52:51,105 - INFO - 📋 Lote 5 copiado.
2026-05-13 21:52:59,441 - INFO - ⌛ Esperando mudança visual...
2026-05-13 21:53:00,456 - INFO - ⌛ Esperando mudança visual...
2026-05-13 21:53:01,469 - INFO - ⌛ Esperando mudança visual...
2026-05-13 21:53:02,484 - INFO - ⌛ Esperando mudança visual...
2026-05-13 21:53:03,504 - INFO - ⌛ Esperando mudança visual...
2026-05-13 21:53:04,520 - INFO - ⌛ Esperando mudança visual...
2026-05-13 21:53:05,532 - INFO - ⌛ Esperando mudança visual...
2026-05-13 21:53:06,551 - INFO - ⌛ Esperando mudança visual...
2026-05-13 21:53:07,567 - INFO - ⌛ Esperando mudança visual...
2026-05-13 21:53:08,579 - INFO - ⌛ Esperando mudança visual...
2026-05-13 21:53:09,598 - INFO - ⌛ Esperando mudança visual...
2026-05-13 21:53:10,613 - INFO - ⌛ Esperando mudança visual...
2026-05-13 21:53:11,625 - INFO - ⌛ Esperando mudança visual...
2026-05-13 21:53:12,643 - INFO - ⌛ Esperando mudança visual...
2026-05-13 21:53:13,659 - INFO - ✅ Tela carregada!
2026-05-13 21:53:17,660 - INFO - 
=== rotina desbloquear_os ===
2026-05-13 21:53:44,125 - INFO - ⌛ Aguardando janela de confirmação de desbloqueio...
2026-05-13 21:53:59,512 - INFO - 🟨 Registros desbloqueados com sucesso
2026-05-13 21:54:03,628 - INFO - 
=== rotina editar_os ===
2026-05-13 21:54:13,037 - INFO - ⌛ Aguardando janela de edição de OS...
2026-05-13 21:54:28,493 - INFO - 🟨 OS programadas detectadas
2026-05-13 21:54:31,596 - INFO - ⌛ Aguardando janela de edição de OS...
2026-05-13 21:54:47,081 - INFO - 🟨 Janela de edição de OS detectada
2026-05-13 21:55:08,451 - INFO - 🟨 Janela de edição de habilidade da turma detectada
2026-05-13 21:56:26,761 - INFO - ⌛ Aguardando detecção do campo de caracteristica 'EQUIPE PRÓPRIA OU EPS' ...
2026-05-13 21:56:46,120 - INFO - 🟨 campo de caracteristica 'EQUIPE PRÓPRIA OU EPS detectado
2026-05-13 21:57:07,899 - INFO - ⌛ Aguardando confirmação 4 - editar OS...
2026-05-13 21:57:23,328 - INFO - ⌛ Aguardando confirmação 4 - editar OS...
2026-05-13 21:57:38,772 - INFO - 🟨 Janela de confirmação 4 de edição de OS detectada
2026-05-13 21:57:42,875 - INFO - 
=== rotina programar_os ===
2026-05-13 21:58:09,382 - INFO - ⌛ Aguardando janela de confirmação de programação de OS...
2026-05-13 21:58:34,824 - INFO - 🟨 Janela de confirmação de programação de OS detectada
2026-05-13 21:58:48,078 - INFO - 🟨 Janela de aviso de edição de OS programadas detectada
2026-05-13 21:58:55,292 - INFO - ⌛ aguardando janela de programação de lote de OS...
2026-05-13 21:59:20,784 - INFO - 🟨 Janela de aviso de substituição de lote de OS detectada
2026-05-13 21:59:40,889 - INFO - ⌛ aguardando janela de programação de lote de OS...
2026-05-13 22:00:06,390 - INFO - 🟨 Janela de programação de lote de OS detectada
2026-05-13 22:00:55,891 - INFO - 🟨 Janela de confirmação de programação de lote de OS detectada
2026-05-13 22:01:00,104 - INFO - ⌛ aguardando confirmação final de programação do lote
2026-05-13 22:01:25,551 - INFO - 🟨 programação do lote 5 efetuado com sucesso
2026-05-13 22:01:35,654 - INFO - 
=== Iniciando lote 6/12 [LM] ===
2026-05-13 22:01:35,654 - INFO - 
=== abrir_janela_selecao ===
2026-05-13 22:01:41,966 - INFO - 
=== rotina abrir_selecao_colar_os ===
2026-05-13 22:01:42,016 - INFO - Janela de seleção aberta
2026-05-13 22:01:46,240 - INFO - DEBUG: idx=5, inicio=125, fim=150
2026-05-13 22:01:46,241 - INFO - ✅ 25 OS copiadas para a área de transferência.
2026-05-13 22:01:46,241 - INFO - 📋 Lote 6 copiado.
2026-05-13 22:01:54,564 - INFO - ⌛ Esperando mudança visual...
2026-05-13 22:01:55,578 - INFO - ⌛ Esperando mudança visual...
2026-05-13 22:01:56,594 - INFO - ⌛ Esperando mudança visual...
2026-05-13 22:01:57,611 - INFO - ⌛ Esperando mudança visual...
2026-05-13 22:01:58,623 - INFO - ⌛ Esperando mudança visual...
2026-05-13 22:01:59,641 - INFO - ⌛ Esperando mudança visual...
2026-05-13 22:02:00,655 - INFO - ⌛ Esperando mudança visual...
2026-05-13 22:02:01,671 - INFO - ⌛ Esperando mudança visual...
2026-05-13 22:02:02,689 - INFO - ⌛ Esperando mudança visual...
2026-05-13 22:02:03,706 - INFO - ⌛ Esperando mudança visual...
2026-05-13 22:02:04,717 - INFO - ⌛ Esperando mudança visual...
2026-05-13 22:02:05,735 - INFO - ⌛ Esperando mudança visual...
2026-05-13 22:02:06,750 - INFO - ⌛ Esperando mudança visual...
2026-05-13 22:02:07,768 - INFO - ⌛ Esperando mudança visual...
2026-05-13 22:02:08,783 - INFO - ✅ Tela carregada!
2026-05-13 22:02:12,785 - INFO - 
=== rotina desbloquear_os ===
2026-05-13 22:02:39,251 - INFO - ⌛ Aguardando janela de confirmação de desbloqueio...
2026-05-13 22:02:54,618 - INFO - 🟨 Registros desbloqueados com sucesso
2026-05-13 22:02:58,733 - INFO - 
=== rotina editar_os ===
2026-05-13 22:03:08,151 - INFO - 🟨 OS programadas detectadas
2026-05-13 22:03:11,255 - INFO - ⌛ Aguardando janela de edição de OS...
2026-05-13 22:03:26,693 - INFO - 🟨 Janela de edição de OS detectada
2026-05-13 22:03:48,049 - INFO - 🟨 Janela de edição de habilidade da turma detectada
2026-05-13 22:05:06,350 - INFO - ⌛ Aguardando detecção do campo de caracteristica 'EQUIPE PRÓPRIA OU EPS' ...
2026-05-13 22:05:25,714 - INFO - 🟨 campo de caracteristica 'EQUIPE PRÓPRIA OU EPS detectado
2026-05-13 22:05:47,488 - INFO - ⌛ Aguardando confirmação 4 - editar OS...
2026-05-13 22:06:02,916 - INFO - ⌛ Aguardando confirmação 4 - editar OS...
2026-05-13 22:06:18,368 - INFO - ⌛ Aguardando confirmação 4 - editar OS...
2026-05-13 22:06:33,795 - INFO - 🟨 Janela de confirmação 4 de edição de OS detectada
2026-05-13 22:06:37,898 - INFO - 
=== rotina programar_os ===
2026-05-13 22:07:04,416 - INFO - ⌛ Aguardando janela de confirmação de programação de OS...
2026-05-13 22:07:29,857 - INFO - 🟨 Janela de confirmação de programação de OS detectada
2026-05-13 22:07:43,109 - INFO - 🟨 Janela de aviso de edição de OS programadas detectada
2026-05-13 22:07:50,314 - INFO - ⌛ aguardando janela de programação de lote de OS...
2026-05-13 22:08:15,824 - INFO - 🟨 Janela de aviso de substituição de lote de OS detectada
2026-05-13 22:08:35,930 - INFO - ⌛ aguardando janela de programação de lote de OS...
2026-05-13 22:09:01,499 - INFO - 🟨 Janela de programação de lote de OS detectada
2026-05-13 22:09:50,998 - INFO - 🟨 Janela de confirmação de programação de lote de OS detectada
2026-05-13 22:09:55,217 - INFO - ⌛ aguardando confirmação final de programação do lote
2026-05-13 22:10:20,706 - INFO - ⌛ aguardando confirmação final de programação do lote
2026-05-13 22:10:46,149 - INFO - ⌛ aguardando confirmação final de programação do lote
2026-05-13 22:11:11,572 - INFO - 🟨 programação do lote 6 efetuado com sucesso
2026-05-13 22:11:21,676 - INFO - 
=== Iniciando lote 7/12 [LM] ===
2026-05-13 22:11:21,676 - INFO - 
=== abrir_janela_selecao ===
2026-05-13 22:11:27,983 - INFO - 
=== rotina abrir_selecao_colar_os ===
2026-05-13 22:11:28,040 - INFO - Janela de seleção aberta
2026-05-13 22:11:32,260 - INFO - DEBUG: idx=6, inicio=150, fim=175
2026-05-13 22:11:32,260 - INFO - ✅ 25 OS copiadas para a área de transferência.
2026-05-13 22:11:32,260 - INFO - 📋 Lote 7 copiado.
2026-05-13 22:11:40,604 - INFO - ⌛ Esperando mudança visual...
2026-05-13 22:11:41,617 - INFO - ⌛ Esperando mudança visual...
2026-05-13 22:11:42,634 - INFO - ⌛ Esperando mudança visual...
2026-05-13 22:11:43,650 - INFO - ⌛ Esperando mudança visual...
2026-05-13 22:11:44,664 - INFO - ⌛ Esperando mudança visual...
2026-05-13 22:11:45,680 - INFO - ⌛ Esperando mudança visual...
2026-05-13 22:11:46,697 - INFO - ⌛ Esperando mudança visual...
2026-05-13 22:11:47,713 - INFO - ⌛ Esperando mudança visual...
2026-05-13 22:11:48,727 - INFO - ⌛ Esperando mudança visual...
2026-05-13 22:11:49,744 - INFO - ⌛ Esperando mudança visual...
2026-05-13 22:11:50,760 - INFO - ⌛ Esperando mudança visual...
2026-05-13 22:11:51,773 - INFO - ⌛ Esperando mudança visual...
2026-05-13 22:11:52,791 - INFO - ⌛ Esperando mudança visual...
2026-05-13 22:11:53,807 - INFO - ⌛ Esperando mudança visual...
2026-05-13 22:11:54,820 - INFO - ⌛ Esperando mudança visual...
2026-05-13 22:11:55,838 - INFO - ✅ Tela carregada!
2026-05-13 22:11:59,839 - INFO - 
=== rotina desbloquear_os ===
2026-05-13 22:12:26,302 - INFO - ⌛ Aguardando janela de confirmação de desbloqueio...
2026-05-13 22:12:41,674 - INFO - 🟨 Registros desbloqueados com sucesso
2026-05-13 22:12:45,791 - INFO - 
=== rotina editar_os ===
2026-05-13 22:12:55,201 - INFO - 🟨 OS programadas detectadas
2026-05-13 22:12:58,307 - INFO - ⌛ Aguardando janela de edição de OS...
2026-05-13 22:13:13,752 - INFO - 🟨 Janela de edição de OS detectada
2026-05-13 22:13:35,116 - INFO - 🟨 Janela de edição de habilidade da turma detectada
2026-05-13 22:14:53,418 - INFO - ⌛ Aguardando detecção do campo de caracteristica 'EQUIPE PRÓPRIA OU EPS' ...
2026-05-13 22:15:12,757 - INFO - 🟨 campo de caracteristica 'EQUIPE PRÓPRIA OU EPS detectado
2026-05-13 22:15:34,589 - INFO - ⌛ Aguardando confirmação 4 - editar OS...
2026-05-13 22:15:50,101 - INFO - ⌛ Aguardando confirmação 4 - editar OS...
2026-05-13 22:16:05,519 - INFO - ⌛ Aguardando confirmação 4 - editar OS...
2026-05-13 22:16:20,950 - INFO - 🟨 Janela de confirmação 4 de edição de OS detectada
2026-05-13 22:16:25,052 - INFO - 
=== rotina programar_os ===
2026-05-13 22:16:51,575 - INFO - ⌛ Aguardando janela de confirmação de programação de OS...
2026-05-13 22:17:17,010 - INFO - 🟨 Janela de confirmação de programação de OS detectada
2026-05-13 22:17:30,262 - INFO - 🟨 Janela de aviso de edição de OS programadas detectada
2026-05-13 22:17:37,465 - INFO - ⌛ aguardando janela de programação de lote de OS...
2026-05-13 22:18:02,994 - INFO - 🟨 Janela de aviso de substituição de lote de OS detectada
2026-05-13 22:18:23,099 - INFO - ⌛ aguardando janela de programação de lote de OS...
2026-05-13 22:18:48,601 - INFO - 🟨 Janela de aviso de substituição de lote de OS detectada
2026-05-13 22:19:08,702 - INFO - ⌛ aguardando janela de programação de lote de OS...
2026-05-13 22:19:34,189 - INFO - 🟨 Janela de programação de lote de OS detectada
2026-05-13 22:20:23,694 - INFO - 🟨 Janela de confirmação de programação de lote de OS detectada
2026-05-13 22:20:27,910 - INFO - ⌛ aguardando confirmação final de programação do lote
2026-05-13 22:20:53,363 - INFO - 🟨 programação do lote 7 efetuado com sucesso
2026-05-13 22:21:03,468 - INFO - 
=== Iniciando lote 8/12 [LM] ===
2026-05-13 22:21:03,468 - INFO - 
=== abrir_janela_selecao ===
2026-05-13 22:21:09,777 - INFO - 
=== rotina abrir_selecao_colar_os ===
2026-05-13 22:21:09,820 - INFO - Janela de seleção aberta
2026-05-13 22:21:14,052 - INFO - DEBUG: idx=7, inicio=175, fim=200
2026-05-13 22:21:14,052 - INFO - ✅ 25 OS copiadas para a área de transferência.
2026-05-13 22:21:14,053 - INFO - 📋 Lote 8 copiado.
2026-05-13 22:21:22,377 - INFO - ⌛ Esperando mudança visual...
2026-05-13 22:21:23,392 - INFO - ⌛ Esperando mudança visual...
2026-05-13 22:21:24,406 - INFO - ⌛ Esperando mudança visual...
2026-05-13 22:21:25,420 - INFO - ⌛ Esperando mudança visual...
2026-05-13 22:21:26,438 - INFO - ⌛ Esperando mudança visual...
2026-05-13 22:21:27,454 - INFO - ⌛ Esperando mudança visual...
2026-05-13 22:21:28,469 - INFO - ⌛ Esperando mudança visual...
2026-05-13 22:21:29,486 - INFO - ⌛ Esperando mudança visual...
2026-05-13 22:21:30,501 - INFO - ⌛ Esperando mudança visual...
2026-05-13 22:21:31,516 - INFO - ⌛ Esperando mudança visual...
2026-05-13 22:21:32,531 - INFO - ⌛ Esperando mudança visual...
2026-05-13 22:21:33,549 - INFO - ⌛ Esperando mudança visual...
2026-05-13 22:21:34,561 - INFO - ⌛ Esperando mudança visual...
2026-05-13 22:21:35,579 - INFO - ⌛ Esperando mudança visual...
2026-05-13 22:21:36,596 - INFO - ⌛ Esperando mudança visual...
2026-05-13 22:21:37,609 - INFO - ✅ Tela carregada!
2026-05-13 22:21:41,615 - INFO - 
=== rotina desbloquear_os ===
2026-05-13 22:22:08,061 - INFO - ⌛ Aguardando janela de confirmação de desbloqueio...
2026-05-13 22:22:23,441 - INFO - 🟨 Registros desbloqueados com sucesso
2026-05-13 22:22:27,544 - INFO - 
=== rotina editar_os ===
2026-05-13 22:22:36,959 - INFO - ⌛ Aguardando janela de edição de OS...
2026-05-13 22:22:52,367 - INFO - 🟨 OS programadas detectadas
2026-05-13 22:22:55,479 - INFO - ⌛ Aguardando janela de edição de OS...
2026-05-13 22:23:10,892 - INFO - 🟨 Janela de edição de OS detectada
2026-05-13 22:23:32,253 - INFO - 🟨 Janela de edição de habilidade da turma detectada
2026-05-13 22:24:50,545 - INFO - ⌛ Aguardando detecção do campo de caracteristica 'EQUIPE PRÓPRIA OU EPS' ...
2026-05-13 22:25:09,923 - INFO - 🟨 campo de caracteristica 'EQUIPE PRÓPRIA OU EPS detectado
2026-05-13 22:25:31,714 - INFO - 🟨 Janela de atenção de OS com contrato não vigente, pulando lote
2026-05-13 22:25:43,925 - INFO - 
=== Iniciando lote 9/12 [LM] ===
2026-05-13 22:25:43,925 - INFO - 
=== abrir_janela_selecao ===
2026-05-13 22:25:50,230 - INFO - 
=== rotina abrir_selecao_colar_os ===
2026-05-13 22:25:50,284 - INFO - Janela de seleção aberta
2026-05-13 22:25:54,502 - INFO - DEBUG: idx=8, inicio=200, fim=225
2026-05-13 22:25:54,503 - INFO - ✅ 25 OS copiadas para a área de transferência.
2026-05-13 22:25:54,503 - INFO - 📋 Lote 9 copiado.
2026-05-13 22:26:02,832 - INFO - ⌛ Esperando mudança visual...
2026-05-13 22:26:03,845 - INFO - ⌛ Esperando mudança visual...
2026-05-13 22:26:04,859 - INFO - ⌛ Esperando mudança visual...
2026-05-13 22:26:05,877 - INFO - ⌛ Esperando mudança visual...
2026-05-13 22:26:06,895 - INFO - ⌛ Esperando mudança visual...
2026-05-13 22:26:07,909 - INFO - ⌛ Esperando mudança visual...
2026-05-13 22:26:08,926 - INFO - ⌛ Esperando mudança visual...
2026-05-13 22:26:09,941 - INFO - ⌛ Esperando mudança visual...
2026-05-13 22:26:10,953 - INFO - ⌛ Esperando mudança visual...
2026-05-13 22:26:11,973 - INFO - ⌛ Esperando mudança visual...
2026-05-13 22:26:12,988 - INFO - ⌛ Esperando mudança visual...
2026-05-13 22:26:14,004 - INFO - ⌛ Esperando mudança visual...
2026-05-13 22:26:15,015 - INFO - ⌛ Esperando mudança visual...
2026-05-13 22:26:16,036 - INFO - ⌛ Esperando mudança visual...
2026-05-13 22:26:17,051 - INFO - ✅ Tela carregada!
2026-05-13 22:26:21,052 - INFO - 
=== rotina desbloquear_os ===
2026-05-13 22:26:47,514 - INFO - ⌛ Aguardando janela de confirmação de desbloqueio...
2026-05-13 22:27:02,880 - INFO - 🟨 Registros desbloqueados com sucesso
2026-05-13 22:27:06,983 - INFO - 
=== rotina editar_os ===
2026-05-13 22:27:16,401 - INFO - ⌛ Aguardando janela de edição de OS...
2026-05-13 22:27:31,811 - INFO - 🟨 OS programadas detectadas
2026-05-13 22:27:34,920 - INFO - ⌛ Aguardando janela de edição de OS...
2026-05-13 22:27:50,398 - INFO - 🟨 Janela de edição de OS detectada
2026-05-13 22:28:11,791 - INFO - 🟨 Janela de edição de habilidade da turma detectada
2026-05-13 22:29:30,097 - INFO - ⌛ Aguardando detecção do campo de caracteristica 'EQUIPE PRÓPRIA OU EPS' ...
2026-05-13 22:29:49,447 - INFO - 🟨 campo de caracteristica 'EQUIPE PRÓPRIA OU EPS detectado
2026-05-13 22:30:11,209 - INFO - ⌛ Aguardando confirmação 4 - editar OS...
2026-05-13 22:30:26,645 - INFO - ⌛ Aguardando confirmação 4 - editar OS...
2026-05-13 22:30:42,074 - INFO - 🟨 Janela de confirmação 4 de edição de OS detectada
2026-05-13 22:30:46,180 - INFO - 
=== rotina programar_os ===
2026-05-13 22:31:12,703 - INFO - ⌛ Aguardando janela de confirmação de programação de OS...
2026-05-13 22:31:38,135 - INFO - 🟨 Janela de confirmação de programação de OS detectada
2026-05-13 22:31:51,404 - INFO - 🟨 Janela de aviso de edição de OS programadas detectada
2026-05-13 22:31:58,614 - INFO - ⌛ aguardando janela de programação de lote de OS...
2026-05-13 22:32:24,100 - INFO - 🟨 Janela de aviso de substituição de lote de OS detectada
2026-05-13 22:32:44,211 - INFO - ⌛ aguardando janela de programação de lote de OS...
2026-05-13 22:33:09,698 - INFO - 🟨 Janela de programação de lote de OS detectada
2026-05-13 22:33:59,200 - INFO - 🟨 Janela de confirmação de programação de lote de OS detectada
2026-05-13 22:34:03,403 - INFO - ⌛ aguardando confirmação final de programação do lote
2026-05-13 22:34:28,838 - INFO - ⌛ aguardando confirmação final de programação do lote
2026-05-13 22:34:54,265 - INFO - 🟨 programação do lote 9 efetuado com sucesso
2026-05-13 22:35:04,369 - INFO - 
=== Iniciando lote 10/12 [LM] ===
2026-05-13 22:35:04,369 - INFO - 
=== abrir_janela_selecao ===
2026-05-13 22:35:10,676 - INFO - 
=== rotina abrir_selecao_colar_os ===
2026-05-13 22:35:10,719 - INFO - Janela de seleção aberta
2026-05-13 22:35:14,947 - INFO - DEBUG: idx=9, inicio=225, fim=250
2026-05-13 22:35:14,947 - INFO - ✅ 25 OS copiadas para a área de transferência.
2026-05-13 22:35:14,947 - INFO - 📋 Lote 10 copiado.
2026-05-13 22:35:23,276 - INFO - ⌛ Esperando mudança visual...
2026-05-13 22:35:24,291 - INFO - ⌛ Esperando mudança visual...
2026-05-13 22:35:25,304 - INFO - ⌛ Esperando mudança visual...
2026-05-13 22:35:26,324 - INFO - ⌛ Esperando mudança visual...
2026-05-13 22:35:27,339 - INFO - ⌛ Esperando mudança visual...
2026-05-13 22:35:28,353 - INFO - ⌛ Esperando mudança visual...
2026-05-13 22:35:29,370 - INFO - ⌛ Esperando mudança visual...
2026-05-13 22:35:30,385 - INFO - ⌛ Esperando mudança visual...
2026-05-13 22:35:31,398 - INFO - ⌛ Esperando mudança visual...
2026-05-13 22:35:32,418 - INFO - ⌛ Esperando mudança visual...
2026-05-13 22:35:33,434 - INFO - ⌛ Esperando mudança visual...
2026-05-13 22:35:34,445 - INFO - ⌛ Esperando mudança visual...
2026-05-13 22:35:35,463 - INFO - ⌛ Esperando mudança visual...
2026-05-13 22:35:36,479 - INFO - ⌛ Esperando mudança visual...
2026-05-13 22:35:37,495 - INFO - ✅ Tela carregada!
2026-05-13 22:35:41,497 - INFO - 
=== rotina desbloquear_os ===
2026-05-13 22:36:07,962 - INFO - ⌛ Aguardando janela de confirmação de desbloqueio...
2026-05-13 22:36:23,361 - INFO - 🟨 Registros desbloqueados com sucesso
2026-05-13 22:36:27,481 - INFO - 
=== rotina editar_os ===
2026-05-13 22:36:36,930 - INFO - 🟨 OS programadas detectadas
2026-05-13 22:36:40,051 - INFO - ⌛ Aguardando janela de edição de OS...
2026-05-13 22:36:55,503 - INFO - 🟨 Janela de edição de OS detectada
2026-05-13 22:37:16,860 - INFO - 🟨 Janela de edição de habilidade da turma detectada
2026-05-13 22:38:35,174 - INFO - ⌛ Aguardando detecção do campo de caracteristica 'EQUIPE PRÓPRIA OU EPS' ...
2026-05-13 22:38:54,523 - INFO - 🟨 campo de caracteristica 'EQUIPE PRÓPRIA OU EPS detectado
2026-05-13 22:39:16,302 - INFO - ⌛ Aguardando confirmação 4 - editar OS...
2026-05-13 22:39:31,745 - INFO - ⌛ Aguardando confirmação 4 - editar OS...
2026-05-13 22:39:47,168 - INFO - 🟨 Janela de confirmação 4 de edição de OS detectada
2026-05-13 22:39:51,275 - INFO - 
=== rotina programar_os ===
2026-05-13 22:40:17,792 - INFO - ⌛ Aguardando janela de confirmação de programação de OS...
2026-05-13 22:40:43,243 - INFO - 🟨 Janela de confirmação de programação de OS detectada
2026-05-13 22:40:56,493 - INFO - 🟨 Janela de aviso de edição de OS programadas detectada
2026-05-13 22:41:03,707 - INFO - ⌛ aguardando janela de programação de lote de OS...
2026-05-13 22:41:29,194 - INFO - 🟨 Janela de aviso de substituição de lote de OS detectada
2026-05-13 22:41:49,306 - INFO - ⌛ aguardando janela de programação de lote de OS...
2026-05-13 22:42:14,822 - INFO - 🟨 Janela de programação de lote de OS detectada
2026-05-13 22:43:04,343 - INFO - 🟨 Janela de confirmação de programação de lote de OS detectada
2026-05-13 22:43:08,551 - INFO - ⌛ aguardando confirmação final de programação do lote
2026-05-13 22:43:33,996 - INFO - 🟨 programação do lote 10 efetuado com sucesso
2026-05-13 22:43:44,099 - INFO - 
=== Iniciando lote 11/12 [LM] ===
2026-05-13 22:43:44,099 - INFO - 
=== abrir_janela_selecao ===
2026-05-13 22:43:50,405 - INFO - 
=== rotina abrir_selecao_colar_os ===
2026-05-13 22:43:50,456 - INFO - Janela de seleção aberta
2026-05-13 22:43:54,688 - INFO - DEBUG: idx=10, inicio=250, fim=275
2026-05-13 22:43:54,688 - INFO - ✅ 25 OS copiadas para a área de transferência.
2026-05-13 22:43:54,688 - INFO - 📋 Lote 11 copiado.
2026-05-13 22:44:03,011 - INFO - ⌛ Esperando mudança visual...
2026-05-13 22:44:04,026 - INFO - ⌛ Esperando mudança visual...
2026-05-13 22:44:05,040 - INFO - ⌛ Esperando mudança visual...
2026-05-13 22:44:06,056 - INFO - ⌛ Esperando mudança visual...
2026-05-13 22:44:07,075 - INFO - ⌛ Esperando mudança visual...
2026-05-13 22:44:08,091 - INFO - ⌛ Esperando mudança visual...
2026-05-13 22:44:09,103 - INFO - ⌛ Esperando mudança visual...
2026-05-13 22:44:10,122 - INFO - ⌛ Esperando mudança visual...
2026-05-13 22:44:11,138 - INFO - ⌛ Esperando mudança visual...
2026-05-13 22:44:12,154 - INFO - ⌛ Esperando mudança visual...
2026-05-13 22:44:13,169 - INFO - ⌛ Esperando mudança visual...
2026-05-13 22:44:14,186 - INFO - ⌛ Esperando mudança visual...
2026-05-13 22:44:15,197 - INFO - ⌛ Esperando mudança visual...
2026-05-13 22:44:16,217 - INFO - ⌛ Esperando mudança visual...
2026-05-13 22:44:17,232 - INFO - ⌛ Esperando mudança visual...
2026-05-13 22:44:18,246 - INFO - ⌛ Esperando mudança visual...
2026-05-13 22:44:19,264 - INFO - ✅ Tela carregada!
2026-05-13 22:44:23,265 - INFO - 
=== rotina desbloquear_os ===
2026-05-13 22:44:49,744 - INFO - ⌛ Aguardando janela de confirmação de desbloqueio...
2026-05-13 22:45:05,194 - INFO - 🟨 Registros desbloqueados com sucesso
2026-05-13 22:45:09,298 - INFO - 
=== rotina editar_os ===
2026-05-13 22:45:18,724 - INFO - ⌛ Aguardando janela de edição de OS...
2026-05-13 22:45:34,179 - INFO - 🟨 OS programadas detectadas
2026-05-13 22:45:37,287 - INFO - ⌛ Aguardando janela de edição de OS...
2026-05-13 22:45:52,731 - INFO - 🟨 Janela de edição de OS detectada
2026-05-13 22:46:14,085 - INFO - 🟨 Janela de edição de habilidade da turma detectada
2026-05-13 22:47:32,392 - INFO - ⌛ Aguardando detecção do campo de caracteristica 'EQUIPE PRÓPRIA OU EPS' ...
2026-05-13 22:47:51,750 - INFO - 🟨 campo de caracteristica 'EQUIPE PRÓPRIA OU EPS detectado
2026-05-13 22:48:13,519 - INFO - ⌛ Aguardando confirmação 4 - editar OS...
2026-05-13 22:48:28,941 - INFO - ⌛ Aguardando confirmação 4 - editar OS...
2026-05-13 22:48:44,377 - INFO - 🟨 Janela de confirmação 4 de edição de OS detectada
2026-05-13 22:48:48,480 - INFO - 
=== rotina programar_os ===
2026-05-13 22:49:14,996 - INFO - ⌛ Aguardando janela de confirmação de programação de OS...
2026-05-13 22:49:40,419 - INFO - 🟨 Janela de confirmação de programação de OS detectada
2026-05-13 22:49:53,669 - INFO - 🟨 Janela de aviso de edição de OS programadas detectada
2026-05-13 22:50:00,876 - INFO - ⌛ aguardando janela de programação de lote de OS...
2026-05-13 22:50:26,348 - INFO - 🟨 Janela de aviso de substituição de lote de OS detectada
2026-05-13 22:50:46,461 - INFO - ⌛ aguardando janela de programação de lote de OS...
2026-05-13 22:51:11,947 - INFO - 🟨 Janela de programação de lote de OS detectada
2026-05-13 22:52:01,442 - INFO - 🟨 Janela de confirmação de programação de lote de OS detectada
2026-05-13 22:52:05,655 - INFO - ⌛ aguardando confirmação final de programação do lote
2026-05-13 22:52:31,098 - INFO - 🟨 programação do lote 11 efetuado com sucesso
2026-05-13 22:52:41,205 - INFO - 
=== Iniciando lote 12/12 [LM] ===
2026-05-13 22:52:41,205 - INFO - 
=== abrir_janela_selecao ===
2026-05-13 22:52:47,513 - INFO - 
=== rotina abrir_selecao_colar_os ===
2026-05-13 22:52:47,560 - INFO - Janela de seleção aberta
2026-05-13 22:52:51,790 - INFO - DEBUG: idx=11, inicio=275, fim=300
2026-05-13 22:52:51,790 - INFO - ✅ 23 OS copiadas para a área de transferência.
2026-05-13 22:52:51,790 - INFO - 📋 Lote 12 copiado.
2026-05-13 22:53:00,115 - INFO - ⌛ Esperando mudança visual...
2026-05-13 22:53:01,131 - INFO - ⌛ Esperando mudança visual...
2026-05-13 22:53:02,143 - INFO - ⌛ Esperando mudança visual...
2026-05-13 22:53:03,163 - INFO - ⌛ Esperando mudança visual...
2026-05-13 22:53:04,180 - INFO - ⌛ Esperando mudança visual...
2026-05-13 22:53:05,191 - INFO - ⌛ Esperando mudança visual...
2026-05-13 22:53:06,210 - INFO - ⌛ Esperando mudança visual...
2026-05-13 22:53:07,225 - INFO - ⌛ Esperando mudança visual...
2026-05-13 22:53:08,238 - INFO - ⌛ Esperando mudança visual...
2026-05-13 22:53:09,255 - INFO - ⌛ Esperando mudança visual...
2026-05-13 22:53:10,272 - INFO - ⌛ Esperando mudança visual...
2026-05-13 22:53:11,289 - INFO - ⌛ Esperando mudança visual...
2026-05-13 22:53:12,301 - INFO - ⌛ Esperando mudança visual...
2026-05-13 22:53:13,318 - INFO - ⌛ Esperando mudança visual...
2026-05-13 22:53:14,333 - INFO - ⌛ Esperando mudança visual...
2026-05-13 22:53:15,352 - INFO - ⌛ Esperando mudança visual...
2026-05-13 22:53:16,367 - INFO - ⌛ Esperando mudança visual...
2026-05-13 22:53:17,379 - INFO - ✅ Tela carregada!
2026-05-13 22:53:21,384 - INFO - 
=== rotina desbloquear_os ===
2026-05-13 22:53:47,847 - INFO - ⌛ Aguardando janela de confirmação de desbloqueio...
2026-05-13 22:54:03,231 - INFO - 🟨 Registros desbloqueados com sucesso
2026-05-13 22:54:07,335 - INFO - 
=== rotina editar_os ===
2026-05-13 22:54:16,742 - INFO - ⌛ Aguardando janela de edição de OS...
2026-05-13 22:54:32,164 - INFO - 🟨 OS programadas detectadas
2026-05-13 22:54:35,267 - INFO - ⌛ Aguardando janela de edição de OS...
2026-05-13 22:54:50,717 - INFO - 🟨 Janela de edição de OS detectada
2026-05-13 22:55:12,077 - INFO - 🟨 Janela de edição de habilidade da turma detectada
2026-05-13 22:56:30,388 - INFO - ⌛ Aguardando detecção do campo de caracteristica 'EQUIPE PRÓPRIA OU EPS' ...
2026-05-13 22:56:49,745 - INFO - 🟨 campo de caracteristica 'EQUIPE PRÓPRIA OU EPS detectado
2026-05-13 22:57:11,542 - INFO - ⌛ Aguardando confirmação 4 - editar OS...
2026-05-13 22:57:26,978 - INFO - ⌛ Aguardando confirmação 4 - editar OS...
2026-05-13 22:57:42,397 - INFO - ⌛ Aguardando confirmação 4 - editar OS...
2026-05-13 22:57:57,829 - INFO - 🟨 Janela de confirmação 4 de edição de OS detectada
2026-05-13 22:58:01,931 - INFO - 
=== rotina programar_os ===
2026-05-13 22:58:28,486 - INFO - ⌛ Aguardando janela de confirmação de programação de OS...
2026-05-13 22:58:53,929 - INFO - 🟨 Janela de confirmação de programação de OS detectada
2026-05-13 22:59:07,181 - INFO - 🟨 Janela de aviso de edição de OS programadas detectada
2026-05-13 22:59:14,385 - INFO - ⌛ aguardando janela de programação de lote de OS...
2026-05-13 22:59:39,892 - INFO - 🟨 Janela de aviso de substituição de lote de OS detectada
2026-05-13 23:00:00,003 - INFO - ⌛ aguardando janela de programação de lote de OS...
2026-05-13 23:00:25,513 - INFO - 🟨 Janela de programação de lote de OS detectada
2026-05-13 23:01:15,092 - INFO - 🟨 Janela de confirmação de programação de lote de OS detectada
2026-05-13 23:01:19,318 - INFO - ⌛ aguardando confirmação final de programação do lote
2026-05-13 23:01:44,811 - INFO - 🟨 programação do lote 12 efetuado com sucesso
2026-05-13 23:01:54,915 - INFO - 
=== Iniciando lote 1/7 [LEVE] ===
2026-05-13 23:01:54,915 - INFO - 
=== abrir_janela_selecao ===
2026-05-13 23:02:01,220 - INFO - 
=== rotina abrir_selecao_colar_os ===
2026-05-13 23:02:01,264 - INFO - Janela de seleção aberta
2026-05-13 23:02:05,495 - INFO - DEBUG: idx=0, inicio=0, fim=25
2026-05-13 23:02:05,495 - INFO - ✅ 25 OS copiadas para a área de transferência.
2026-05-13 23:02:05,495 - INFO - 📋 Lote 1 copiado.
2026-05-13 23:02:13,834 - INFO - ⌛ Esperando mudança visual...
2026-05-13 23:02:14,850 - INFO - ⌛ Esperando mudança visual...
2026-05-13 23:02:15,867 - INFO - ⌛ Esperando mudança visual...
2026-05-13 23:02:16,885 - INFO - ⌛ Esperando mudança visual...
2026-05-13 23:02:17,897 - INFO - ⌛ Esperando mudança visual...
2026-05-13 23:02:18,916 - INFO - ⌛ Esperando mudança visual...
2026-05-13 23:02:19,932 - INFO - ⌛ Esperando mudança visual...
2026-05-13 23:02:20,944 - INFO - ⌛ Esperando mudança visual...
2026-05-13 23:02:21,963 - INFO - ⌛ Esperando mudança visual...
2026-05-13 23:02:22,977 - INFO - ⌛ Esperando mudança visual...
2026-05-13 23:02:23,994 - INFO - ⌛ Esperando mudança visual...
2026-05-13 23:02:25,010 - INFO - ⌛ Esperando mudança visual...
2026-05-13 23:02:26,025 - INFO - ⌛ Esperando mudança visual...
2026-05-13 23:02:27,041 - INFO - ✅ Tela carregada!
2026-05-13 23:02:31,044 - INFO - 
=== rotina desbloquear_os ===
2026-05-13 23:02:57,500 - INFO - ⌛ Aguardando janela de confirmação de desbloqueio...
2026-05-13 23:03:12,892 - INFO - ⌛ Aguardando janela de confirmação de desbloqueio...
2026-05-13 23:03:28,290 - INFO - 🟨 Registros desbloqueados com sucesso
2026-05-13 23:03:32,394 - INFO - 
=== rotina editar_os ===
2026-05-13 23:03:41,807 - INFO - ⌛ Aguardando janela de edição de OS...
2026-05-13 23:03:57,258 - INFO - 🟨 OS programadas detectadas
2026-05-13 23:04:00,363 - INFO - ⌛ Aguardando janela de edição de OS...
2026-05-13 23:04:15,797 - INFO - 🟨 Janela de edição de OS detectada
2026-05-13 23:04:37,169 - INFO - 🟨 Janela de edição de habilidade da turma detectada
2026-05-13 23:05:55,493 - INFO - ⌛ Aguardando detecção do campo de caracteristica 'EQUIPE PRÓPRIA OU EPS' ...
2026-05-13 23:06:14,847 - INFO - 🟨 campo de caracteristica 'EQUIPE PRÓPRIA OU EPS detectado
2026-05-13 23:06:36,647 - INFO - ⌛ Aguardando confirmação 4 - editar OS...
2026-05-13 23:06:52,125 - INFO - ⌛ Aguardando confirmação 4 - editar OS...
2026-05-13 23:07:07,627 - INFO - 🟨 Janela de confirmação 4 de edição de OS detectada
2026-05-13 23:07:11,730 - INFO - 
=== rotina programar_os ===
2026-05-13 23:07:38,263 - INFO - ⌛ Aguardando janela de confirmação de programação de OS...
2026-05-13 23:08:03,715 - INFO - 🟨 Janela de confirmação de programação de OS detectada
2026-05-13 23:08:16,969 - INFO - 🟨 Janela de aviso de edição de OS programadas detectada
2026-05-13 23:08:24,172 - INFO - ⌛ aguardando janela de programação de lote de OS...
2026-05-13 23:08:49,743 - INFO - 🟨 Janela de aviso de substituição de lote de OS detectada
2026-05-13 23:09:09,859 - INFO - ⌛ aguardando janela de programação de lote de OS...
2026-05-13 23:09:35,380 - INFO - 🟨 Janela de programação de lote de OS detectada
2026-05-13 23:10:24,877 - INFO - 🟨 Janela de confirmação de programação de lote de OS detectada
2026-05-13 23:10:29,093 - INFO - ⌛ aguardando confirmação final de programação do lote
2026-05-13 23:10:54,564 - INFO - 🟨 programação do lote 1 efetuado com sucesso
2026-05-13 23:11:04,669 - INFO - 
=== Iniciando lote 2/7 [LEVE] ===
2026-05-13 23:11:04,670 - INFO - 
=== abrir_janela_selecao ===
2026-05-13 23:11:10,976 - INFO - 
=== rotina abrir_selecao_colar_os ===
2026-05-13 23:11:11,030 - INFO - Janela de seleção aberta
2026-05-13 23:11:15,254 - INFO - DEBUG: idx=1, inicio=25, fim=50
2026-05-13 23:11:15,254 - INFO - ✅ 25 OS copiadas para a área de transferência.
2026-05-13 23:11:15,254 - INFO - 📋 Lote 2 copiado.
2026-05-13 23:11:23,577 - INFO - ⌛ Esperando mudança visual...
2026-05-13 23:11:24,592 - INFO - ⌛ Esperando mudança visual...
2026-05-13 23:11:25,611 - INFO - ⌛ Esperando mudança visual...
2026-05-13 23:11:26,627 - INFO - ⌛ Esperando mudança visual...
2026-05-13 23:11:27,639 - INFO - ⌛ Esperando mudança visual...
2026-05-13 23:11:28,658 - INFO - ⌛ Esperando mudança visual...
2026-05-13 23:11:29,673 - INFO - ⌛ Esperando mudança visual...
2026-05-13 23:11:30,686 - INFO - ⌛ Esperando mudança visual...
2026-05-13 23:11:31,705 - INFO - ⌛ Esperando mudança visual...
2026-05-13 23:11:32,722 - INFO - ⌛ Esperando mudança visual...
2026-05-13 23:11:33,733 - INFO - ⌛ Esperando mudança visual...
2026-05-13 23:11:34,753 - INFO - ⌛ Esperando mudança visual...
2026-05-13 23:11:35,766 - INFO - ✅ Tela carregada!
2026-05-13 23:11:39,767 - INFO - 
=== rotina desbloquear_os ===
2026-05-13 23:12:06,234 - INFO - ⌛ Aguardando janela de confirmação de desbloqueio...
2026-05-13 23:12:21,617 - INFO - 🟨 Registros desbloqueados com sucesso
2026-05-13 23:12:25,721 - INFO - 
=== rotina editar_os ===
2026-05-13 23:12:35,133 - INFO - ⌛ Aguardando janela de edição de OS...
2026-05-13 23:12:50,568 - INFO - 🟨 OS programadas detectadas
2026-05-13 23:12:53,670 - INFO - ⌛ Aguardando janela de edição de OS...
2026-05-13 23:13:09,129 - INFO - 🟨 Janela de edição de OS detectada
2026-05-13 23:13:30,492 - INFO - 🟨 Janela de edição de habilidade da turma detectada
2026-05-13 23:14:48,816 - INFO - ⌛ Aguardando detecção do campo de caracteristica 'EQUIPE PRÓPRIA OU EPS' ...
2026-05-13 23:15:08,170 - INFO - 🟨 campo de caracteristica 'EQUIPE PRÓPRIA OU EPS detectado
2026-05-13 23:15:29,983 - INFO - ⌛ Aguardando confirmação 4 - editar OS...
2026-05-13 23:15:45,486 - INFO - ⌛ Aguardando confirmação 4 - editar OS...
2026-05-13 23:16:01,005 - INFO - ⌛ Aguardando confirmação 4 - editar OS...
2026-05-13 23:16:16,486 - INFO - 🟨 Janela de confirmação 4 de edição de OS detectada
2026-05-13 23:16:20,588 - INFO - 
=== rotina programar_os ===
2026-05-13 23:16:47,124 - INFO - ⌛ Aguardando janela de confirmação de programação de OS...
2026-05-13 23:17:12,589 - INFO - 🟨 Janela de confirmação de programação de OS detectada
2026-05-13 23:17:25,885 - INFO - 🟨 Janela de aviso de edição de OS programadas detectada
2026-05-13 23:17:33,090 - INFO - ⌛ aguardando janela de programação de lote de OS...
2026-05-13 23:17:58,610 - INFO - 🟨 Janela de aviso de substituição de lote de OS detectada
2026-05-13 23:18:18,721 - INFO - ⌛ aguardando janela de programação de lote de OS...
2026-05-13 23:18:44,263 - INFO - 🟨 Janela de aviso de substituição de lote de OS detectada
2026-05-13 23:19:04,366 - INFO - ⌛ aguardando janela de programação de lote de OS...
2026-05-13 23:19:29,857 - INFO - 🟨 Janela de programação de lote de OS detectada
2026-05-13 23:20:19,359 - INFO - 🟨 Janela de confirmação de programação de lote de OS detectada
2026-05-13 23:20:23,571 - INFO - ⌛ aguardando confirmação final de programação do lote
2026-05-13 23:20:49,046 - INFO - 🟨 programação do lote 2 efetuado com sucesso
2026-05-13 23:20:59,151 - INFO - 
=== Iniciando lote 3/7 [LEVE] ===
2026-05-13 23:20:59,151 - INFO - 
=== abrir_janela_selecao ===
2026-05-13 23:21:05,459 - INFO - 
=== rotina abrir_selecao_colar_os ===
2026-05-13 23:21:05,523 - INFO - Janela de seleção aberta
2026-05-13 23:21:09,757 - INFO - DEBUG: idx=2, inicio=50, fim=75
2026-05-13 23:21:09,757 - INFO - ✅ 25 OS copiadas para a área de transferência.
2026-05-13 23:21:09,757 - INFO - 📋 Lote 3 copiado.
2026-05-13 23:21:18,080 - INFO - ⌛ Esperando mudança visual...
2026-05-13 23:21:19,091 - INFO - ⌛ Esperando mudança visual...
2026-05-13 23:21:20,111 - INFO - ⌛ Esperando mudança visual...
2026-05-13 23:21:21,127 - INFO - ⌛ Esperando mudança visual...
2026-05-13 23:21:22,138 - INFO - ⌛ Esperando mudança visual...
2026-05-13 23:21:23,155 - INFO - ⌛ Esperando mudança visual...
2026-05-13 23:21:24,174 - INFO - ⌛ Esperando mudança visual...
2026-05-13 23:21:25,186 - INFO - ⌛ Esperando mudança visual...
2026-05-13 23:21:26,203 - INFO - ⌛ Esperando mudança visual...
2026-05-13 23:21:27,220 - INFO - ⌛ Esperando mudança visual...
2026-05-13 23:21:28,232 - INFO - ⌛ Esperando mudança visual...
2026-05-13 23:21:29,252 - INFO - ✅ Tela carregada!
2026-05-13 23:21:33,253 - INFO - 
=== rotina desbloquear_os ===
2026-05-13 23:21:59,719 - INFO - ⌛ Aguardando janela de confirmação de desbloqueio...
2026-05-13 23:22:15,100 - INFO - 🟨 Registros desbloqueados com sucesso
2026-05-13 23:22:19,204 - INFO - 
=== rotina editar_os ===
2026-05-13 23:22:28,612 - INFO - ⌛ Aguardando janela de edição de OS...
2026-05-13 23:22:44,033 - INFO - 🟨 OS programadas detectadas
2026-05-13 23:22:47,135 - INFO - ⌛ Aguardando janela de edição de OS...
2026-05-13 23:23:02,567 - INFO - 🟨 Janela de edição de OS detectada
2026-05-13 23:23:23,929 - INFO - 🟨 Janela de edição de habilidade da turma detectada
2026-05-13 23:24:42,239 - INFO - ⌛ Aguardando detecção do campo de caracteristica 'EQUIPE PRÓPRIA OU EPS' ...
2026-05-13 23:25:01,589 - INFO - 🟨 campo de caracteristica 'EQUIPE PRÓPRIA OU EPS detectado
2026-05-13 23:25:23,389 - INFO - ⌛ Aguardando confirmação 4 - editar OS...
2026-05-13 23:25:38,859 - INFO - ⌛ Aguardando confirmação 4 - editar OS...
2026-05-13 23:25:54,368 - INFO - 🟨 Janela de confirmação 4 de edição de OS detectada
2026-05-13 23:25:58,470 - INFO - 
=== rotina programar_os ===
2026-05-13 23:26:25,006 - INFO - ⌛ Aguardando janela de confirmação de programação de OS...
2026-05-13 23:26:50,480 - INFO - 🟨 Janela de confirmação de programação de OS detectada
2026-05-13 23:27:03,765 - INFO - 🟨 Janela de aviso de edição de OS programadas detectada
2026-05-13 23:27:10,970 - INFO - ⌛ aguardando janela de programação de lote de OS...
2026-05-13 23:27:36,484 - INFO - 🟨 Janela de aviso de substituição de lote de OS detectada
2026-05-13 23:27:56,588 - INFO - ⌛ aguardando janela de programação de lote de OS...
2026-05-13 23:28:22,165 - INFO - 🟨 Janela de programação de lote de OS detectada
2026-05-13 23:29:11,689 - INFO - 🟨 Janela de confirmação de programação de lote de OS detectada
2026-05-13 23:29:15,920 - INFO - ⌛ aguardando confirmação final de programação do lote
2026-05-13 23:29:41,408 - INFO - 🟨 programação do lote 3 efetuado com sucesso
2026-05-13 23:29:51,516 - INFO - 
=== Iniciando lote 4/7 [LEVE] ===
2026-05-13 23:29:51,517 - INFO - 
=== abrir_janela_selecao ===
2026-05-13 23:29:57,823 - INFO - 
=== rotina abrir_selecao_colar_os ===
2026-05-13 23:29:57,866 - INFO - Janela de seleção aberta
2026-05-13 23:30:02,093 - INFO - DEBUG: idx=3, inicio=75, fim=100
2026-05-13 23:30:02,093 - INFO - ✅ 25 OS copiadas para a área de transferência.
2026-05-13 23:30:02,093 - INFO - 📋 Lote 4 copiado.
2026-05-13 23:30:10,436 - INFO - ⌛ Esperando mudança visual...
2026-05-13 23:30:11,455 - INFO - ⌛ Esperando mudança visual...
2026-05-13 23:30:12,471 - INFO - ⌛ Esperando mudança visual...
2026-05-13 23:30:13,483 - INFO - ⌛ Esperando mudança visual...
2026-05-13 23:30:14,501 - INFO - ⌛ Esperando mudança visual...
2026-05-13 23:30:15,517 - INFO - ⌛ Esperando mudança visual...
2026-05-13 23:30:16,533 - INFO - ⌛ Esperando mudança visual...
2026-05-13 23:30:17,549 - INFO - ⌛ Esperando mudança visual...
2026-05-13 23:30:18,565 - INFO - ⌛ Esperando mudança visual...
2026-05-13 23:30:19,580 - INFO - ⌛ Esperando mudança visual...
2026-05-13 23:30:20,593 - INFO - ⌛ Esperando mudança visual...
2026-05-13 23:30:21,611 - INFO - ⌛ Esperando mudança visual...
2026-05-13 23:30:22,625 - INFO - ✅ Tela carregada!
2026-05-13 23:30:26,626 - INFO - 
=== rotina desbloquear_os ===
2026-05-13 23:30:53,084 - INFO - ⌛ Aguardando janela de confirmação de desbloqueio...
2026-05-13 23:31:08,476 - INFO - 🟨 Registros desbloqueados com sucesso
2026-05-13 23:31:12,579 - INFO - 
=== rotina editar_os ===
2026-05-13 23:31:21,987 - INFO - ⌛ Aguardando janela de edição de OS...
2026-05-13 23:31:37,458 - INFO - 🟨 OS programadas detectadas
2026-05-13 23:31:40,561 - INFO - ⌛ Aguardando janela de edição de OS...
2026-05-13 23:31:55,982 - INFO - 🟨 Janela de edição de OS detectada
2026-05-13 23:32:17,353 - INFO - 🟨 Janela de edição de habilidade da turma detectada
2026-05-13 23:33:35,661 - INFO - ⌛ Aguardando detecção do campo de caracteristica 'EQUIPE PRÓPRIA OU EPS' ...
2026-05-13 23:33:55,023 - INFO - 🟨 campo de caracteristica 'EQUIPE PRÓPRIA OU EPS detectado
2026-05-13 23:34:16,777 - INFO - ⌛ Aguardando confirmação 4 - editar OS...
2026-05-13 23:34:32,208 - INFO - ⌛ Aguardando confirmação 4 - editar OS...
2026-05-13 23:34:47,670 - INFO - ⌛ Aguardando confirmação 4 - editar OS...
2026-05-13 23:35:03,178 - INFO - 🟨 Janela de confirmação 4 de edição de OS detectada
2026-05-13 23:35:07,279 - INFO - 
=== rotina programar_os ===
2026-05-13 23:35:33,850 - INFO - ⌛ Aguardando janela de confirmação de programação de OS...
2026-05-13 23:35:59,298 - INFO - 🟨 Janela de confirmação de programação de OS detectada
2026-05-13 23:36:12,573 - INFO - 🟨 Janela de aviso de edição de OS programadas detectada
2026-05-13 23:36:19,779 - INFO - ⌛ aguardando janela de programação de lote de OS...
2026-05-13 23:36:45,309 - INFO - 🟨 Janela de aviso de substituição de lote de OS detectada
2026-05-13 23:37:05,429 - INFO - ⌛ aguardando janela de programação de lote de OS...
2026-05-13 23:37:30,962 - INFO - ⌛ aguardando janela de programação de lote de OS...
2026-05-13 23:37:31,178 - INFO - 🟨 Identificado falha no EQM
2026-05-13 23:37:31,178 - INFO - Capturando print...
2026-05-13 23:38:16,813 - INFO - ⌛ Aguardando janela de confirmação de programação de OS...
2026-05-13 23:38:42,305 - INFO - 🟨 Janela de confirmação de programação de OS detectada
2026-05-13 23:38:55,561 - INFO - 🟨 Janela de aviso de edição de OS programadas detectada
2026-05-13 23:39:02,766 - INFO - ⌛ aguardando janela de programação de lote de OS...
2026-05-13 23:39:28,263 - INFO - 🟨 Janela de aviso de substituição de lote de OS detectada
2026-05-13 23:39:48,369 - INFO - ⌛ aguardando janela de programação de lote de OS...
2026-05-13 23:40:13,848 - INFO - 🟨 Janela de programação de lote de OS detectada
2026-05-13 23:41:03,350 - INFO - 🟨 Janela de confirmação de programação de lote de OS detectada
2026-05-13 23:41:07,566 - INFO - ⌛ aguardando confirmação final de programação do lote
2026-05-13 23:41:32,990 - INFO - 🟨 programação do lote 4 efetuado com sucesso
2026-05-13 23:41:43,099 - INFO - 
=== Iniciando lote 5/7 [LEVE] ===
2026-05-13 23:41:43,099 - INFO - 
=== abrir_janela_selecao ===
2026-05-13 23:41:49,412 - INFO - 
=== rotina abrir_selecao_colar_os ===
2026-05-13 23:41:49,451 - INFO - Janela de seleção aberta
2026-05-13 23:41:53,696 - INFO - DEBUG: idx=4, inicio=100, fim=125
2026-05-13 23:41:53,696 - INFO - ✅ 25 OS copiadas para a área de transferência.
2026-05-13 23:41:53,696 - INFO - 📋 Lote 5 copiado.
2026-05-13 23:42:02,024 - INFO - ⌛ Esperando mudança visual...
2026-05-13 23:42:03,041 - INFO - ⌛ Esperando mudança visual...
2026-05-13 23:42:04,056 - INFO - ⌛ Esperando mudança visual...
2026-05-13 23:42:05,071 - INFO - ⌛ Esperando mudança visual...
2026-05-13 23:42:06,087 - INFO - ⌛ Esperando mudança visual...
2026-05-13 23:42:07,103 - INFO - ⌛ Esperando mudança visual...
2026-05-13 23:42:08,116 - INFO - ⌛ Esperando mudança visual...
2026-05-13 23:42:09,130 - INFO - ⌛ Esperando mudança visual...
2026-05-13 23:42:10,149 - INFO - ⌛ Esperando mudança visual...
2026-05-13 23:42:11,166 - INFO - ⌛ Esperando mudança visual...
2026-05-13 23:42:12,177 - INFO - ✅ Tela carregada!
2026-05-13 23:42:16,184 - INFO - 
=== rotina desbloquear_os ===
2026-05-13 23:42:42,650 - INFO - ⌛ Aguardando janela de confirmação de desbloqueio...
2026-05-13 23:42:58,035 - INFO - 🟨 Registros desbloqueados com sucesso
2026-05-13 23:43:02,143 - INFO - 
=== rotina editar_os ===
2026-05-13 23:43:11,567 - INFO - ⌛ Aguardando janela de edição de OS...
2026-05-13 23:43:26,981 - INFO - 🟨 OS programadas detectadas
2026-05-13 23:43:30,084 - INFO - ⌛ Aguardando janela de edição de OS...
2026-05-13 23:43:45,507 - INFO - 🟨 Janela de edição de OS detectada
2026-05-13 23:44:06,877 - INFO - 🟨 Janela de edição de habilidade da turma detectada
2026-05-13 23:45:25,178 - INFO - ⌛ Aguardando detecção do campo de caracteristica 'EQUIPE PRÓPRIA OU EPS' ...
2026-05-13 23:45:44,534 - INFO - 🟨 campo de caracteristica 'EQUIPE PRÓPRIA OU EPS detectado
2026-05-13 23:46:06,353 - INFO - ⌛ Aguardando confirmação 4 - editar OS...
2026-05-13 23:46:21,794 - INFO - ⌛ Aguardando confirmação 4 - editar OS...
2026-05-13 23:46:37,234 - INFO - ⌛ Aguardando confirmação 4 - editar OS...
2026-05-13 23:46:52,681 - INFO - 🟨 Janela de confirmação 4 de edição de OS detectada
2026-05-13 23:46:56,783 - INFO - 
=== rotina programar_os ===
2026-05-13 23:47:23,288 - INFO - ⌛ Aguardando janela de confirmação de programação de OS...
2026-05-13 23:47:48,725 - INFO - 🟨 Janela de confirmação de programação de OS detectada
2026-05-13 23:48:01,975 - INFO - 🟨 Janela de aviso de edição de OS programadas detectada
2026-05-13 23:48:09,181 - INFO - ⌛ aguardando janela de programação de lote de OS...
2026-05-13 23:48:34,686 - INFO - 🟨 Janela de aviso de substituição de lote de OS detectada
2026-05-13 23:48:54,797 - INFO - ⌛ aguardando janela de programação de lote de OS...
2026-05-13 23:49:20,266 - INFO - 🟨 Janela de programação de lote de OS detectada
2026-05-13 23:50:09,767 - INFO - 🟨 Janela de confirmação de programação de lote de OS detectada
2026-05-13 23:50:13,961 - INFO - ⌛ aguardando confirmação final de programação do lote
2026-05-13 23:50:39,433 - INFO - 🟨 programação do lote 5 efetuado com sucesso
2026-05-13 23:50:49,540 - INFO - 
=== Iniciando lote 6/7 [LEVE] ===
2026-05-13 23:50:49,540 - INFO - 
=== abrir_janela_selecao ===
2026-05-13 23:50:55,847 - INFO - 
=== rotina abrir_selecao_colar_os ===
2026-05-13 23:50:55,898 - INFO - Janela de seleção aberta
2026-05-13 23:51:00,159 - INFO - DEBUG: idx=5, inicio=125, fim=150
2026-05-13 23:51:00,159 - INFO - ✅ 25 OS copiadas para a área de transferência.
2026-05-13 23:51:00,159 - INFO - 📋 Lote 6 copiado.
2026-05-13 23:51:08,483 - INFO - ⌛ Esperando mudança visual...
2026-05-13 23:51:09,503 - INFO - ⌛ Esperando mudança visual...
2026-05-13 23:51:10,517 - INFO - ⌛ Esperando mudança visual...
2026-05-13 23:51:11,532 - INFO - ⌛ Esperando mudança visual...
2026-05-13 23:51:12,549 - INFO - ⌛ Esperando mudança visual...
2026-05-13 23:51:13,564 - INFO - ⌛ Esperando mudança visual...
2026-05-13 23:51:14,578 - INFO - ⌛ Esperando mudança visual...
2026-05-13 23:51:15,595 - INFO - ⌛ Esperando mudança visual...
2026-05-13 23:51:16,611 - INFO - ⌛ Esperando mudança visual...
2026-05-13 23:51:17,625 - INFO - ⌛ Esperando mudança visual...
2026-05-13 23:51:18,642 - INFO - ⌛ Esperando mudança visual...
2026-05-13 23:51:19,658 - INFO - ✅ Tela carregada!
2026-05-13 23:51:23,659 - INFO - 
=== rotina desbloquear_os ===
2026-05-13 23:51:50,133 - INFO - ⌛ Aguardando janela de confirmação de desbloqueio...
2026-05-13 23:52:05,524 - INFO - 🟨 Registros desbloqueados com sucesso
2026-05-13 23:52:09,628 - INFO - 
=== rotina editar_os ===
2026-05-13 23:52:19,037 - INFO - ⌛ Aguardando janela de edição de OS...
2026-05-13 23:52:34,476 - INFO - 🟨 OS programadas detectadas
2026-05-13 23:52:37,580 - INFO - ⌛ Aguardando janela de edição de OS...
2026-05-13 23:52:53,056 - INFO - 🟨 Janela de edição de OS detectada
2026-05-13 23:53:14,419 - INFO - 🟨 Janela de edição de habilidade da turma detectada
2026-05-13 23:54:32,725 - INFO - ⌛ Aguardando detecção do campo de caracteristica 'EQUIPE PRÓPRIA OU EPS' ...
2026-05-13 23:54:52,085 - INFO - 🟨 campo de caracteristica 'EQUIPE PRÓPRIA OU EPS detectado
2026-05-13 23:55:13,873 - INFO - ⌛ Aguardando confirmação 4 - editar OS...
2026-05-13 23:55:29,324 - INFO - ⌛ Aguardando confirmação 4 - editar OS...
2026-05-13 23:55:44,822 - INFO - ⌛ Aguardando confirmação 4 - editar OS...
2026-05-13 23:56:00,330 - INFO - 🟨 Janela de confirmação 4 de edição de OS detectada
2026-05-13 23:56:04,433 - INFO - 
=== rotina programar_os ===
2026-05-13 23:56:30,965 - INFO - ⌛ Aguardando janela de confirmação de programação de OS...
2026-05-13 23:56:56,465 - INFO - 🟨 Janela de confirmação de programação de OS detectada
2026-05-13 23:57:09,721 - INFO - 🟨 Janela de aviso de edição de OS programadas detectada
2026-05-13 23:57:16,926 - INFO - ⌛ aguardando janela de programação de lote de OS...
2026-05-13 23:57:42,425 - INFO - 🟨 Janela de aviso de substituição de lote de OS detectada
2026-05-13 23:58:02,527 - INFO - ⌛ aguardando janela de programação de lote de OS...
2026-05-13 23:58:28,027 - INFO - 🟨 Janela de programação de lote de OS detectada
2026-05-13 23:59:17,529 - INFO - 🟨 Janela de confirmação de programação de lote de OS detectada
2026-05-13 23:59:21,734 - INFO - ⌛ aguardando confirmação final de programação do lote
2026-05-13 23:59:47,169 - INFO - 🟨 programação do lote 6 efetuado com sucesso
2026-05-13 23:59:57,274 - INFO - 
=== Iniciando lote 7/7 [LEVE] ===
2026-05-13 23:59:57,274 - INFO - 
=== abrir_janela_selecao ===
2026-05-14 00:00:03,581 - INFO - 
=== rotina abrir_selecao_colar_os ===
2026-05-14 00:00:03,645 - INFO - Janela de seleção aberta
2026-05-14 00:00:07,871 - INFO - DEBUG: idx=6, inicio=150, fim=175
2026-05-14 00:00:07,872 - INFO - ✅ 16 OS copiadas para a área de transferência.
2026-05-14 00:00:07,872 - INFO - 📋 Lote 7 copiado.
2026-05-14 00:00:16,200 - INFO - ⌛ Esperando mudança visual...
2026-05-14 00:00:17,217 - INFO - ⌛ Esperando mudança visual...
2026-05-14 00:00:18,228 - INFO - ⌛ Esperando mudança visual...
2026-05-14 00:00:19,246 - INFO - ⌛ Esperando mudança visual...
2026-05-14 00:00:20,263 - INFO - ⌛ Esperando mudança visual...
2026-05-14 00:00:21,274 - INFO - ⌛ Esperando mudança visual...
2026-05-14 00:00:22,293 - INFO - ⌛ Esperando mudança visual...
2026-05-14 00:00:23,310 - INFO - ⌛ Esperando mudança visual...
2026-05-14 00:00:24,325 - INFO - ⌛ Esperando mudança visual...
2026-05-14 00:00:25,337 - INFO - ⌛ Esperando mudança visual...
2026-05-14 00:00:26,355 - INFO - ⌛ Esperando mudança visual...
2026-05-14 00:00:27,373 - INFO - ⌛ Esperando mudança visual...
2026-05-14 00:00:28,384 - INFO - ✅ Tela carregada!
2026-05-14 00:00:32,389 - INFO - 
=== rotina desbloquear_os ===
2026-05-14 00:00:58,875 - INFO - ⌛ Aguardando janela de confirmação de desbloqueio...
2026-05-14 00:01:14,376 - INFO - 🟨 Registros desbloqueados com sucesso
2026-05-14 00:01:18,478 - INFO - 
=== rotina editar_os ===
2026-05-14 00:01:27,887 - INFO - 🟨 OS programadas detectadas
2026-05-14 00:01:30,990 - INFO - ⌛ Aguardando janela de edição de OS...
2026-05-14 00:01:46,469 - INFO - 🟨 Janela de edição de OS detectada
2026-05-14 00:02:07,827 - INFO - 🟨 Janela de edição de habilidade da turma detectada
2026-05-14 00:03:26,144 - INFO - ⌛ Aguardando detecção do campo de caracteristica 'EQUIPE PRÓPRIA OU EPS' ...
2026-05-14 00:03:45,500 - INFO - 🟨 campo de caracteristica 'EQUIPE PRÓPRIA OU EPS detectado
2026-05-14 00:04:07,263 - INFO - ⌛ Aguardando confirmação 4 - editar OS...
2026-05-14 00:04:22,685 - INFO - ⌛ Aguardando confirmação 4 - editar OS...
2026-05-14 00:04:38,118 - INFO - 🟨 Janela de confirmação 4 de edição de OS detectada
2026-05-14 00:04:42,221 - INFO - 
=== rotina programar_os ===
2026-05-14 00:05:08,731 - INFO - ⌛ Aguardando janela de confirmação de programação de OS...
2026-05-14 00:05:34,178 - INFO - 🟨 Janela de confirmação de programação de OS detectada
2026-05-14 00:05:47,431 - INFO - 🟨 Janela de aviso de edição de OS programadas detectada
2026-05-14 00:05:54,636 - INFO - ⌛ aguardando janela de programação de lote de OS...
2026-05-14 00:06:20,123 - INFO - 🟨 Janela de aviso de substituição de lote de OS detectada
2026-05-14 00:06:40,234 - INFO - ⌛ aguardando janela de programação de lote de OS...
2026-05-14 00:07:05,728 - INFO - 🟨 Janela de programação de lote de OS detectada
2026-05-14 00:07:55,144 - INFO - 🟨 Janela de aviso de OS com contrato informado detectada
2026-05-14 00:08:05,336 - INFO - 🟨 Janela de confirmação de programação de lote de OS detectada
2026-05-14 00:08:09,576 - INFO - ⌛ aguardando confirmação final de programação do lote
2026-05-14 00:08:35,024 - INFO - 🟨 programação do lote 7 efetuado com sucesso
2026-05-14 00:08:45,137 - INFO - 
=== Iniciando lote 1/522 [REDES] ===
2026-05-14 00:08:45,137 - INFO - 
=== abrir_janela_selecao ===
2026-05-14 00:08:51,443 - INFO - 
=== rotina abrir_selecao_colar_os ===
2026-05-14 00:08:51,499 - INFO - Janela de seleção aberta
2026-05-14 00:08:55,720 - INFO - DEBUG: idx=0, inicio=0, fim=25
2026-05-14 00:08:55,720 - INFO - ✅ 25 OS copiadas para a área de transferência.
2026-05-14 00:08:55,720 - INFO - 📋 Lote 1 copiado.
2026-05-14 00:09:04,047 - INFO - ⌛ Esperando mudança visual...
2026-05-14 00:09:05,062 - INFO - ⌛ Esperando mudança visual...
2026-05-14 00:09:06,077 - INFO - ⌛ Esperando mudança visual...
2026-05-14 00:09:07,097 - INFO - ⌛ Esperando mudança visual...
2026-05-14 00:09:08,109 - INFO - ⌛ Esperando mudança visual...
2026-05-14 00:09:09,124 - INFO - ⌛ Esperando mudança visual...
2026-05-14 00:09:10,143 - INFO - ⌛ Esperando mudança visual...
2026-05-14 00:09:11,157 - INFO - ⌛ Esperando mudança visual...
2026-05-14 00:09:12,175 - INFO - ⌛ Esperando mudança visual...
2026-05-14 00:09:13,189 - INFO - ⌛ Esperando mudança visual...
2026-05-14 00:09:14,205 - INFO - ⌛ Esperando mudança visual...
2026-05-14 00:09:15,222 - INFO - ⌛ Esperando mudança visual...
2026-05-14 00:09:16,233 - INFO - ✅ Tela carregada!
2026-05-14 00:09:20,237 - INFO - 
=== rotina desbloquear_os ===
2026-05-14 00:09:46,721 - INFO - ⌛ Aguardando janela de confirmação de desbloqueio...
2026-05-14 00:10:02,119 - INFO - 🟨 Registros desbloqueados com sucesso
2026-05-14 00:10:06,223 - INFO - 
=== rotina editar_os ===
2026-05-14 00:10:15,648 - INFO - ⌛ Aguardando janela de edição de OS...
2026-05-14 00:10:31,069 - INFO - 🟨 OS programadas detectadas
2026-05-14 00:10:34,172 - INFO - ⌛ Aguardando janela de edição de OS...
2026-05-14 00:10:49,602 - INFO - 🟨 Janela de edição de OS detectada
2026-05-14 00:11:10,965 - INFO - 🟨 Janela de edição de habilidade da turma detectada
2026-05-14 00:12:29,268 - INFO - ⌛ Aguardando detecção do campo de caracteristica 'EQUIPE PRÓPRIA OU EPS' ...
2026-05-14 00:12:48,616 - INFO - 🟨 campo de caracteristica 'EQUIPE PRÓPRIA OU EPS detectado
2026-05-14 00:13:10,379 - INFO - ⌛ Aguardando confirmação 4 - editar OS...
2026-05-14 00:13:25,788 - INFO - ⌛ Aguardando confirmação 4 - editar OS...
2026-05-14 00:13:41,219 - INFO - ⌛ Aguardando confirmação 4 - editar OS...
2026-05-14 00:13:56,651 - INFO - 🟨 Janela de confirmação 4 de edição de OS detectada
2026-05-14 00:14:00,754 - INFO - 
=== rotina programar_os ===
2026-05-14 00:14:27,273 - INFO - ⌛ Aguardando janela de confirmação de programação de OS...
2026-05-14 00:14:52,699 - INFO - 🟨 Janela de confirmação de programação de OS detectada
2026-05-14 00:15:05,948 - INFO - 🟨 Janela de aviso de edição de OS programadas detectada
2026-05-14 00:15:13,168 - INFO - ⌛ aguardando janela de programação de lote de OS...
2026-05-14 00:15:38,675 - INFO - 🟨 Janela de aviso de substituição de lote de OS detectada
2026-05-14 00:15:58,790 - INFO - ⌛ aguardando janela de programação de lote de OS...
2026-05-14 00:16:24,280 - INFO - 🟨 Janela de aviso de substituição de lote de OS detectada
2026-05-14 00:16:44,392 - INFO - ⌛ aguardando janela de programação de lote de OS...
2026-05-14 00:16:44,514 - INFO - 🟨 Identificado travamento no EQM, reiniciando contador de espera
2026-05-14 00:17:09,908 - INFO - 🟨 Janela de aviso de substituição de lote de OS detectada
2026-05-14 00:17:30,013 - INFO - ⌛ aguardando janela de programação de lote de OS...
2026-05-14 00:17:55,496 - INFO - 🟨 Janela de programação de lote de OS detectada
2026-05-14 00:18:45,017 - INFO - 🟨 Janela de confirmação de programação de lote de OS detectada
2026-05-14 00:18:49,210 - INFO - ⌛ aguardando confirmação final de programação do lote
2026-05-14 00:19:14,657 - INFO - 🟨 programação do lote 1 efetuado com sucesso
2026-05-14 00:19:24,760 - INFO - 
=== Iniciando lote 2/522 [REDES] ===
2026-05-14 00:19:24,760 - INFO - 
=== abrir_janela_selecao ===
2026-05-14 00:19:31,071 - INFO - 
=== rotina abrir_selecao_colar_os ===
2026-05-14 00:19:31,125 - INFO - Janela de seleção aberta
2026-05-14 00:19:35,347 - INFO - DEBUG: idx=1, inicio=25, fim=50
2026-05-14 00:19:35,347 - INFO - ✅ 25 OS copiadas para a área de transferência.
2026-05-14 00:19:35,348 - INFO - 📋 Lote 2 copiado.
2026-05-14 00:19:43,672 - INFO - ⌛ Esperando mudança visual...
2026-05-14 00:19:44,683 - INFO - ⌛ Esperando mudança visual...
2026-05-14 00:19:45,703 - INFO - ⌛ Esperando mudança visual...
2026-05-14 00:19:46,717 - INFO - ⌛ Esperando mudança visual...
2026-05-14 00:19:47,730 - INFO - ⌛ Esperando mudança visual...
2026-05-14 00:19:48,747 - INFO - ⌛ Esperando mudança visual...
2026-05-14 00:19:49,764 - INFO - ⌛ Esperando mudança visual...
2026-05-14 00:19:50,777 - INFO - ⌛ Esperando mudança visual...
2026-05-14 00:19:51,795 - INFO - ⌛ Esperando mudança visual...
2026-05-14 00:19:52,811 - INFO - ⌛ Esperando mudança visual...
2026-05-14 00:19:53,824 - INFO - ✅ Tela carregada!
2026-05-14 00:19:57,829 - INFO - 
=== rotina desbloquear_os ===
2026-05-14 00:20:24,315 - INFO - ⌛ Aguardando janela de confirmação de desbloqueio...
2026-05-14 00:20:39,743 - INFO - 🟨 Registros desbloqueados com sucesso
2026-05-14 00:20:43,848 - INFO - 
=== rotina editar_os ===
2026-05-14 00:20:53,255 - INFO - ⌛ Aguardando janela de edição de OS...
2026-05-14 00:21:08,684 - INFO - 🟨 OS programadas detectadas
2026-05-14 00:21:11,798 - INFO - ⌛ Aguardando janela de edição de OS...
2026-05-14 00:21:27,255 - INFO - 🟨 Janela de edição de OS detectada
2026-05-14 00:21:48,612 - INFO - 🟨 Janela de edição de habilidade da turma detectada
2026-05-14 00:23:06,926 - INFO - ⌛ Aguardando detecção do campo de caracteristica 'EQUIPE PRÓPRIA OU EPS' ...
2026-05-14 00:23:26,274 - INFO - 🟨 campo de caracteristica 'EQUIPE PRÓPRIA OU EPS detectado
2026-05-14 00:23:48,054 - INFO - ⌛ Aguardando confirmação 4 - editar OS...
2026-05-14 00:24:03,477 - INFO - ⌛ Aguardando confirmação 4 - editar OS...
2026-05-14 00:24:18,909 - INFO - ⌛ Aguardando confirmação 4 - editar OS...
2026-05-14 00:24:34,322 - INFO - 🟨 Janela de confirmação 4 de edição de OS detectada
2026-05-14 00:24:38,428 - INFO - 
=== rotina programar_os ===
2026-05-14 00:25:04,936 - INFO - ⌛ Aguardando janela de confirmação de programação de OS...
2026-05-14 00:25:30,399 - INFO - 🟨 Janela de confirmação de programação de OS detectada
2026-05-14 00:25:43,708 - INFO - 🟨 Janela de aviso de edição de OS programadas detectada
2026-05-14 00:25:50,932 - INFO - ⌛ aguardando janela de programação de lote de OS...
2026-05-14 00:26:16,425 - INFO - 🟨 Janela de aviso de substituição de lote de OS detectada
2026-05-14 00:26:36,528 - INFO - ⌛ aguardando janela de programação de lote de OS...
2026-05-14 00:27:02,063 - INFO - 🟨 Janela de programação de lote de OS detectada
2026-05-14 00:27:51,567 - INFO - 🟨 Janela de confirmação de programação de lote de OS detectada
2026-05-14 00:27:55,804 - INFO - ⌛ aguardando confirmação final de programação do lote
2026-05-14 00:28:21,320 - INFO - 🟨 programação do lote 2 efetuado com sucesso
2026-05-14 00:28:31,423 - INFO - 
=== Iniciando lote 3/522 [REDES] ===
2026-05-14 00:28:31,424 - INFO - 
=== abrir_janela_selecao ===
2026-05-14 00:28:37,731 - INFO - 
=== rotina abrir_selecao_colar_os ===
2026-05-14 00:28:37,778 - INFO - Janela de seleção aberta
2026-05-14 00:28:42,009 - INFO - DEBUG: idx=2, inicio=50, fim=75
2026-05-14 00:28:42,009 - INFO - ✅ 25 OS copiadas para a área de transferência.
2026-05-14 00:28:42,009 - INFO - 📋 Lote 3 copiado.
2026-05-14 00:28:50,332 - INFO - ⌛ Esperando mudança visual...
2026-05-14 00:28:51,349 - INFO - ⌛ Esperando mudança visual...
2026-05-14 00:28:52,366 - INFO - ⌛ Esperando mudança visual...
2026-05-14 00:28:53,378 - INFO - ⌛ Esperando mudança visual...
2026-05-14 00:28:54,395 - INFO - ⌛ Esperando mudança visual...
2026-05-14 00:28:55,414 - INFO - ⌛ Esperando mudança visual...
2026-05-14 00:28:56,425 - INFO - ⌛ Esperando mudança visual...
2026-05-14 00:28:57,444 - INFO - ⌛ Esperando mudança visual...
2026-05-14 00:28:58,460 - INFO - ⌛ Esperando mudança visual...
2026-05-14 00:28:59,472 - INFO - ⌛ Esperando mudança visual...
2026-05-14 00:29:00,492 - INFO - ✅ Tela carregada!
2026-05-14 00:29:04,494 - INFO - 
=== rotina desbloquear_os ===
2026-05-14 00:29:30,958 - INFO - ⌛ Aguardando janela de confirmação de desbloqueio...
2026-05-14 00:29:46,355 - INFO - 🟨 Registros desbloqueados com sucesso
2026-05-14 00:29:50,458 - INFO - 
=== rotina editar_os ===
2026-05-14 00:29:59,873 - INFO - ⌛ Aguardando janela de edição de OS...
2026-05-14 00:30:15,322 - INFO - 🟨 OS programadas detectadas
2026-05-14 00:30:18,429 - INFO - ⌛ Aguardando janela de edição de OS...
2026-05-14 00:30:33,861 - INFO - 🟨 Janela de edição de OS detectada
2026-05-14 00:30:55,222 - INFO - 🟨 Janela de edição de habilidade da turma detectada
2026-05-14 00:32:13,526 - INFO - ⌛ Aguardando detecção do campo de caracteristica 'EQUIPE PRÓPRIA OU EPS' ...
2026-05-14 00:32:32,903 - INFO - 🟨 campo de caracteristica 'EQUIPE PRÓPRIA OU EPS detectado
2026-05-14 00:32:54,668 - INFO - ⌛ Aguardando confirmação 4 - editar OS...
2026-05-14 00:33:10,149 - INFO - ⌛ Aguardando confirmação 4 - editar OS...
2026-05-14 00:33:25,647 - INFO - ⌛ Aguardando confirmação 4 - editar OS...
2026-05-14 00:33:41,115 - INFO - 🟨 Janela de confirmação 4 de edição de OS detectada
2026-05-14 00:33:45,217 - INFO - 
=== rotina programar_os ===
2026-05-14 00:34:11,725 - INFO - ⌛ Aguardando janela de confirmação de programação de OS...
2026-05-14 00:34:37,158 - INFO - 🟨 Janela de confirmação de programação de OS detectada
2026-05-14 00:34:50,445 - INFO - 🟨 Janela de aviso de edição de OS programadas detectada
2026-05-14 00:34:57,648 - INFO - ⌛ aguardando janela de programação de lote de OS...
2026-05-14 00:35:23,168 - INFO - 🟨 Janela de aviso de substituição de lote de OS detectada
2026-05-14 00:35:43,282 - INFO - ⌛ aguardando janela de programação de lote de OS...
2026-05-14 00:36:08,799 - INFO - 🟨 Janela de programação de lote de OS detectada
2026-05-14 00:36:58,297 - INFO - 🟨 Janela de confirmação de programação de lote de OS detectada
2026-05-14 00:37:02,518 - INFO - ⌛ aguardando confirmação final de programação do lote
2026-05-14 00:37:28,034 - INFO - 🟨 programação do lote 3 efetuado com sucesso
2026-05-14 00:37:38,137 - INFO - 
=== Iniciando lote 4/522 [REDES] ===
2026-05-14 00:37:38,138 - INFO - 
=== abrir_janela_selecao ===
2026-05-14 00:37:44,454 - INFO - 
=== rotina abrir_selecao_colar_os ===
2026-05-14 00:37:44,495 - INFO - Janela de seleção aberta
2026-05-14 00:37:48,722 - INFO - DEBUG: idx=3, inicio=75, fim=100
2026-05-14 00:37:48,722 - INFO - ✅ 25 OS copiadas para a área de transferência.
2026-05-14 00:37:48,722 - INFO - 📋 Lote 4 copiado.
2026-05-14 00:37:57,051 - INFO - ⌛ Esperando mudança visual...
2026-05-14 00:37:58,064 - INFO - ⌛ Esperando mudança visual...
2026-05-14 00:37:59,082 - INFO - ⌛ Esperando mudança visual...
2026-05-14 00:38:00,096 - INFO - ⌛ Esperando mudança visual...
2026-05-14 00:38:01,112 - INFO - ⌛ Esperando mudança visual...
2026-05-14 00:38:02,128 - INFO - ⌛ Esperando mudança visual...
2026-05-14 00:38:03,144 - INFO - ⌛ Esperando mudança visual...
2026-05-14 00:38:04,156 - INFO - ⌛ Esperando mudança visual...
2026-05-14 00:38:05,176 - INFO - ⌛ Esperando mudança visual...
2026-05-14 00:38:06,190 - INFO - ⌛ Esperando mudança visual...
2026-05-14 00:38:07,206 - INFO - ⌛ Esperando mudança visual...
2026-05-14 00:38:08,219 - INFO - ✅ Tela carregada!
2026-05-14 00:38:12,225 - INFO - 
=== rotina desbloquear_os ===
2026-05-14 00:38:38,692 - INFO - ⌛ Aguardando janela de confirmação de desbloqueio...
2026-05-14 00:38:54,074 - INFO - 🟨 Registros desbloqueados com sucesso
2026-05-14 00:38:58,177 - INFO - 
=== rotina editar_os ===
2026-05-14 00:39:07,585 - INFO - ⌛ Aguardando janela de edição de OS...
2026-05-14 00:39:23,003 - INFO - 🟨 OS programadas detectadas
2026-05-14 00:39:26,106 - INFO - ⌛ Aguardando janela de edição de OS...
2026-05-14 00:39:41,584 - INFO - 🟨 Janela de edição de OS detectada
2026-05-14 00:40:02,946 - INFO - 🟨 Janela de edição de habilidade da turma detectada
2026-05-14 00:41:21,234 - INFO - ⌛ Aguardando detecção do campo de caracteristica 'EQUIPE PRÓPRIA OU EPS' ...
2026-05-14 00:41:40,596 - INFO - 🟨 campo de caracteristica 'EQUIPE PRÓPRIA OU EPS detectado
2026-05-14 00:42:02,376 - INFO - ⌛ Aguardando confirmação 4 - editar OS...
2026-05-14 00:42:17,785 - INFO - ⌛ Aguardando confirmação 4 - editar OS...
2026-05-14 00:42:33,231 - INFO - ⌛ Aguardando confirmação 4 - editar OS...
2026-05-14 00:42:48,646 - INFO - 🟨 Janela de confirmação 4 de edição de OS detectada
2026-05-14 00:42:52,748 - INFO - 
=== rotina programar_os ===
2026-05-14 00:43:19,282 - INFO - ⌛ Aguardando janela de confirmação de programação de OS...
2026-05-14 00:43:44,702 - INFO - 🟨 Janela de confirmação de programação de OS detectada
2026-05-14 00:43:57,951 - INFO - 🟨 Janela de aviso de edição de OS programadas detectada
2026-05-14 00:44:05,165 - INFO - ⌛ aguardando janela de programação de lote de OS...
2026-05-14 00:44:30,701 - INFO - 🟨 Janela de aviso de substituição de lote de OS detectada
2026-05-14 00:44:50,813 - INFO - ⌛ aguardando janela de programação de lote de OS...
2026-05-14 00:45:16,377 - INFO - 🟨 Janela de programação de lote de OS detectada
2026-05-14 00:46:05,899 - INFO - 🟨 Janela de confirmação de programação de lote de OS detectada
2026-05-14 00:46:10,102 - INFO - ⌛ aguardando confirmação final de programação do lote
2026-05-14 00:46:35,572 - INFO - 🟨 programação do lote 4 efetuado com sucesso
2026-05-14 00:46:45,695 - INFO - 
=== Iniciando lote 5/522 [REDES] ===
2026-05-14 00:46:45,696 - INFO - 
=== abrir_janela_selecao ===
2026-05-14 00:46:52,002 - INFO - 
=== rotina abrir_selecao_colar_os ===
2026-05-14 00:46:52,044 - INFO - Janela de seleção aberta
2026-05-14 00:46:56,273 - INFO - DEBUG: idx=4, inicio=100, fim=125
2026-05-14 00:46:56,273 - INFO - ✅ 25 OS copiadas para a área de transferência.
2026-05-14 00:46:56,273 - INFO - 📋 Lote 5 copiado.
2026-05-14 00:47:04,597 - INFO - ⌛ Esperando mudança visual...
2026-05-14 00:47:05,616 - INFO - ⌛ Esperando mudança visual...
2026-05-14 00:47:06,632 - INFO - ⌛ Esperando mudança visual...
2026-05-14 00:47:07,644 - INFO - ⌛ Esperando mudança visual...
2026-05-14 00:47:08,664 - INFO - ⌛ Esperando mudança visual...
2026-05-14 00:47:09,680 - INFO - ⌛ Esperando mudança visual...
2026-05-14 00:47:10,695 - INFO - ⌛ Esperando mudança visual...
2026-05-14 00:47:11,711 - INFO - ⌛ Esperando mudança visual...
2026-05-14 00:47:12,727 - INFO - ⌛ Esperando mudança visual...
2026-05-14 00:47:13,742 - INFO - ⌛ Esperando mudança visual...
2026-05-14 00:47:14,759 - INFO - ⌛ Esperando mudança visual...
2026-05-14 00:47:15,774 - INFO - ✅ Tela carregada!
2026-05-14 00:47:19,774 - INFO - 
=== rotina desbloquear_os ===
2026-05-14 00:47:46,251 - INFO - ⌛ Aguardando janela de confirmação de desbloqueio...
2026-05-14 00:48:01,718 - INFO - 🟨 Registros desbloqueados com sucesso
2026-05-14 00:48:05,822 - INFO - 
=== rotina editar_os ===
2026-05-14 00:48:15,236 - INFO - ⌛ Aguardando janela de edição de OS...
2026-05-14 00:48:30,669 - INFO - 🟨 OS programadas detectadas
2026-05-14 00:48:33,772 - INFO - ⌛ Aguardando janela de edição de OS...
2026-05-14 00:48:49,317 - INFO - 🟨 Janela de edição de OS detectada
2026-05-14 00:49:10,685 - INFO - 🟨 Janela de edição de habilidade da turma detectada
2026-05-14 00:50:28,980 - INFO - ⌛ Aguardando detecção do campo de caracteristica 'EQUIPE PRÓPRIA OU EPS' ...
2026-05-14 00:50:48,338 - INFO - 🟨 campo de caracteristica 'EQUIPE PRÓPRIA OU EPS detectado
2026-05-14 00:51:10,139 - INFO - ⌛ Aguardando confirmação 4 - editar OS...
2026-05-14 00:51:25,656 - INFO - ⌛ Aguardando confirmação 4 - editar OS...
2026-05-14 00:51:41,174 - INFO - ⌛ Aguardando confirmação 4 - editar OS...
2026-05-14 00:51:56,739 - INFO - 🟨 Janela de confirmação 4 de edição de OS detectada
2026-05-14 00:52:00,852 - INFO - 
=== rotina programar_os ===
2026-05-14 00:52:27,392 - INFO - ⌛ Aguardando janela de confirmação de programação de OS...
2026-05-14 00:52:52,900 - INFO - 🟨 Janela de confirmação de programação de OS detectada
2026-05-14 00:53:06,161 - INFO - 🟨 Janela de aviso de edição de OS programadas detectada
2026-05-14 00:53:13,367 - INFO - ⌛ aguardando janela de programação de lote de OS...
2026-05-14 00:53:38,863 - INFO - 🟨 Janela de aviso de substituição de lote de OS detectada
2026-05-14 00:53:58,965 - INFO - ⌛ aguardando janela de programação de lote de OS...
2026-05-14 00:54:24,483 - INFO - 🟨 Janela de programação de lote de OS detectada
2026-05-14 00:55:13,985 - INFO - 🟨 Janela de confirmação de programação de lote de OS detectada
2026-05-14 00:55:18,191 - INFO - ⌛ aguardando confirmação final de programação do lote
2026-05-14 00:55:43,670 - INFO - 🟨 programação do lote 5 efetuado com sucesso
2026-05-14 00:55:53,773 - INFO - 
=== Iniciando lote 6/522 [REDES] ===
2026-05-14 00:55:53,773 - INFO - 
=== abrir_janela_selecao ===
2026-05-14 00:56:00,077 - INFO - 
=== rotina abrir_selecao_colar_os ===
2026-05-14 00:56:00,114 - INFO - Janela de seleção aberta
2026-05-14 00:56:04,341 - INFO - DEBUG: idx=5, inicio=125, fim=150
2026-05-14 00:56:04,341 - INFO - ✅ 25 OS copiadas para a área de transferência.
2026-05-14 00:56:04,341 - INFO - 📋 Lote 6 copiado.
2026-05-14 00:56:12,671 - INFO - ⌛ Esperando mudança visual...
2026-05-14 00:56:13,686 - INFO - ⌛ Esperando mudança visual...
2026-05-14 00:56:14,703 - INFO - ⌛ Esperando mudança visual...
2026-05-14 00:56:15,719 - INFO - ⌛ Esperando mudança visual...
2026-05-14 00:56:16,730 - INFO - ⌛ Esperando mudança visual...
2026-05-14 00:56:17,746 - INFO - ⌛ Esperando mudança visual...
2026-05-14 00:56:18,764 - INFO - ⌛ Esperando mudança visual...
2026-05-14 00:56:19,781 - INFO - ⌛ Esperando mudança visual...
2026-05-14 00:56:20,792 - INFO - ⌛ Esperando mudança visual...
2026-05-14 00:56:21,812 - INFO - ⌛ Esperando mudança visual...
2026-05-14 00:56:22,827 - INFO - ✅ Tela carregada!
2026-05-14 00:56:26,829 - INFO - 
=== rotina desbloquear_os ===
2026-05-14 00:56:53,294 - INFO - ⌛ Aguardando janela de confirmação de desbloqueio...
2026-05-14 00:57:08,691 - INFO - 🟨 Registros desbloqueados com sucesso
2026-05-14 00:57:12,797 - INFO - 
=== rotina editar_os ===
2026-05-14 00:57:22,208 - INFO - ⌛ Aguardando janela de edição de OS...
2026-05-14 00:57:37,626 - INFO - 🟨 OS programadas detectadas
2026-05-14 00:57:40,729 - INFO - ⌛ Aguardando janela de edição de OS...
2026-05-14 00:57:56,236 - INFO - 🟨 Janela de edição de OS detectada
2026-05-14 00:58:17,593 - INFO - 🟨 Janela de edição de habilidade da turma detectada
2026-05-14 00:59:35,909 - INFO - ⌛ Aguardando detecção do campo de caracteristica 'EQUIPE PRÓPRIA OU EPS' ...
2026-05-14 00:59:55,271 - INFO - 🟨 campo de caracteristica 'EQUIPE PRÓPRIA OU EPS detectado
2026-05-14 01:00:17,062 - INFO - ⌛ Aguardando confirmação 4 - editar OS...
2026-05-14 01:00:32,515 - INFO - ⌛ Aguardando confirmação 4 - editar OS...
2026-05-14 01:00:47,944 - INFO - ⌛ Aguardando confirmação 4 - editar OS...
2026-05-14 01:01:03,404 - INFO - 🟨 Janela de confirmação 4 de edição de OS detectada
2026-05-14 01:01:07,507 - INFO - 
=== rotina programar_os ===
2026-05-14 01:01:34,026 - INFO - ⌛ Aguardando janela de confirmação de programação de OS...
2026-05-14 01:01:59,444 - INFO - 🟨 Janela de confirmação de programação de OS detectada
2026-05-14 01:02:12,701 - INFO - 🟨 Janela de aviso de edição de OS programadas detectada
2026-05-14 01:02:19,909 - INFO - ⌛ aguardando janela de programação de lote de OS...
2026-05-14 01:02:45,400 - INFO - 🟨 Janela de aviso de substituição de lote de OS detectada
2026-05-14 01:03:05,510 - INFO - ⌛ aguardando janela de programação de lote de OS...
2026-05-14 01:03:31,025 - INFO - 🟨 Janela de programação de lote de OS detectada
2026-05-14 01:04:20,524 - INFO - 🟨 Janela de confirmação de programação de lote de OS detectada
2026-05-14 01:04:24,720 - INFO - ⌛ aguardando confirmação final de programação do lote
2026-05-14 01:04:50,179 - INFO - 🟨 programação do lote 6 efetuado com sucesso
2026-05-14 01:05:00,284 - INFO - 
=== Iniciando lote 7/522 [REDES] ===
2026-05-14 01:05:00,284 - INFO - 
=== abrir_janela_selecao ===
2026-05-14 01:05:06,594 - INFO - 
=== rotina abrir_selecao_colar_os ===
2026-05-14 01:05:06,638 - INFO - Janela de seleção aberta
2026-05-14 01:05:10,870 - INFO - DEBUG: idx=6, inicio=150, fim=175
2026-05-14 01:05:10,870 - INFO - ✅ 25 OS copiadas para a área de transferência.
2026-05-14 01:05:10,870 - INFO - 📋 Lote 7 copiado.
2026-05-14 01:05:19,210 - INFO - ⌛ Esperando mudança visual...
2026-05-14 01:05:20,225 - INFO - ⌛ Esperando mudança visual...
2026-05-14 01:05:21,239 - INFO - ⌛ Esperando mudança visual...
2026-05-14 01:05:22,257 - INFO - ⌛ Esperando mudança visual...
2026-05-14 01:05:23,272 - INFO - ⌛ Esperando mudança visual...
2026-05-14 01:05:24,286 - INFO - ⌛ Esperando mudança visual...
2026-05-14 01:05:25,303 - INFO - ⌛ Esperando mudança visual...
2026-05-14 01:05:26,319 - INFO - ⌛ Esperando mudança visual...
2026-05-14 01:05:27,333 - INFO - ⌛ Esperando mudança visual...
2026-05-14 01:05:28,350 - INFO - ⌛ Esperando mudança visual...
2026-05-14 01:05:29,366 - INFO - ⌛ Esperando mudança visual...
2026-05-14 01:05:30,381 - INFO - ✅ Tela carregada!
2026-05-14 01:05:34,383 - INFO - 
=== rotina desbloquear_os ===
2026-05-14 01:06:00,858 - INFO - ⌛ Aguardando janela de confirmação de desbloqueio...
2026-05-14 01:06:16,241 - INFO - 🟨 Registros desbloqueados com sucesso
2026-05-14 01:06:20,351 - INFO - 
=== rotina editar_os ===
2026-05-14 01:06:29,763 - INFO - ⌛ Aguardando janela de edição de OS...
2026-05-14 01:06:45,215 - INFO - 🟨 OS programadas detectadas
2026-05-14 01:06:48,318 - INFO - ⌛ Aguardando janela de edição de OS...
2026-05-14 01:07:03,813 - INFO - 🟨 Janela de edição de OS detectada
2026-05-14 01:07:25,173 - INFO - 🟨 Janela de edição de habilidade da turma detectada
2026-05-14 01:08:43,472 - INFO - ⌛ Aguardando detecção do campo de caracteristica 'EQUIPE PRÓPRIA OU EPS' ...
2026-05-14 01:09:02,828 - INFO - 🟨 campo de caracteristica 'EQUIPE PRÓPRIA OU EPS detectado
2026-05-14 01:09:24,604 - INFO - ⌛ Aguardando confirmação 4 - editar OS...
2026-05-14 01:09:40,060 - INFO - ⌛ Aguardando confirmação 4 - editar OS...
2026-05-14 01:09:55,515 - INFO - ⌛ Aguardando confirmação 4 - editar OS...
2026-05-14 01:10:10,978 - INFO - 🟨 Janela de confirmação 4 de edição de OS detectada
2026-05-14 01:10:15,081 - INFO - 
=== rotina programar_os ===
2026-05-14 01:10:41,617 - INFO - ⌛ Aguardando janela de confirmação de programação de OS...
2026-05-14 01:11:07,030 - INFO - 🟨 Janela de confirmação de programação de OS detectada
2026-05-14 01:11:20,289 - INFO - 🟨 Janela de aviso de edição de OS programadas detectada
2026-05-14 01:11:27,499 - INFO - ⌛ aguardando janela de programação de lote de OS...
2026-05-14 01:11:53,057 - INFO - 🟨 Janela de aviso de substituição de lote de OS detectada
2026-05-14 01:12:13,160 - INFO - ⌛ aguardando janela de programação de lote de OS...
2026-05-14 01:12:38,648 - INFO - 🟨 Janela de programação de lote de OS detectada
2026-05-14 01:13:28,149 - INFO - 🟨 Janela de confirmação de programação de lote de OS detectada
2026-05-14 01:13:32,364 - INFO - ⌛ aguardando confirmação final de programação do lote
2026-05-14 01:13:57,801 - INFO - 🟨 programação do lote 7 efetuado com sucesso
2026-05-14 01:14:07,907 - INFO - 
=== Iniciando lote 8/522 [REDES] ===
2026-05-14 01:14:07,909 - INFO - 
=== abrir_janela_selecao ===
2026-05-14 01:14:14,224 - INFO - 
=== rotina abrir_selecao_colar_os ===
2026-05-14 01:14:14,263 - INFO - Janela de seleção aberta
2026-05-14 01:14:18,496 - INFO - DEBUG: idx=7, inicio=175, fim=200
2026-05-14 01:14:18,496 - INFO - ✅ 25 OS copiadas para a área de transferência.
2026-05-14 01:14:18,496 - INFO - 📋 Lote 8 copiado.
2026-05-14 01:14:26,816 - INFO - ⌛ Esperando mudança visual...
2026-05-14 01:14:27,835 - INFO - ⌛ Esperando mudança visual...
2026-05-14 01:14:28,850 - INFO - ⌛ Esperando mudança visual...
2026-05-14 01:14:29,866 - INFO - ⌛ Esperando mudança visual...
2026-05-14 01:14:30,878 - INFO - ⌛ Esperando mudança visual...
2026-05-14 01:14:31,897 - INFO - ⌛ Esperando mudança visual...
2026-05-14 01:14:32,913 - INFO - ⌛ Esperando mudança visual...
2026-05-14 01:14:33,929 - INFO - ⌛ Esperando mudança visual...
2026-05-14 01:14:34,943 - INFO - ⌛ Esperando mudança visual...
2026-05-14 01:14:35,961 - INFO - ⌛ Esperando mudança visual...
2026-05-14 01:14:36,972 - INFO - ✅ Tela carregada!
2026-05-14 01:14:40,978 - INFO - 
=== rotina desbloquear_os ===
2026-05-14 01:15:07,442 - INFO - ⌛ Aguardando janela de confirmação de desbloqueio...
2026-05-14 01:15:22,842 - INFO - 🟨 Registros desbloqueados com sucesso
2026-05-14 01:15:26,946 - INFO - 
=== rotina editar_os ===
2026-05-14 01:15:36,380 - INFO - ⌛ Aguardando janela de edição de OS...
2026-05-14 01:15:51,878 - INFO - 🟨 OS programadas detectadas
2026-05-14 01:15:54,980 - INFO - ⌛ Aguardando janela de edição de OS...
2026-05-14 01:16:10,449 - INFO - ⌛ Aguardando janela de edição de OS...
2026-05-14 01:16:25,924 - INFO - ⌛ Aguardando janela de edição de OS...
2026-05-14 01:16:41,355 - INFO - ⌛ Aguardando janela de edição de OS...
2026-05-14 01:16:56,817 - INFO - ⌛ Aguardando janela de edição de OS...
2026-05-14 01:17:12,246 - INFO - ⌛ Aguardando janela de edição de OS...
2026-05-14 01:17:27,670 - INFO - ⌛ Aguardando janela de edição de OS...
2026-05-14 01:17:43,094 - INFO - ⌛ Aguardando janela de edição de OS...
2026-05-14 01:17:58,518 - INFO - ⌛ Aguardando janela de edição de OS...
2026-05-14 01:18:13,930 - INFO - ⌛ Aguardando janela de edição de OS...
2026-05-14 01:18:29,366 - INFO - ⌛ Aguardando janela de edição de OS...
2026-05-14 01:18:44,782 - INFO - ⌛ Aguardando janela de edição de OS...
2026-05-14 01:19:00,205 - INFO - ⌛ Aguardando janela de edição de OS...
2026-05-14 01:19:15,614 - INFO - ⌛ Aguardando janela de edição de OS...
2026-05-14 01:19:31,032 - INFO - ⌛ Aguardando janela de edição de OS...
2026-05-14 01:19:46,461 - INFO - ⌛ Aguardando janela de edição de OS...
2026-05-14 01:20:01,868 - INFO - ⌛ Aguardando janela de edição de OS...
2026-05-14 01:20:17,299 - INFO - ⌛ Aguardando janela de edição de OS...
2026-05-14 01:20:32,721 - INFO - ⌛ Aguardando janela de edição de OS...
2026-05-14 01:20:48,166 - INFO - ⌛ Aguardando janela de edição de OS...
2026-05-14 01:21:03,600 - INFO - ⌛ Aguardando janela de edição de OS...
2026-05-14 01:21:19,019 - INFO - ⌛ Aguardando janela de edição de OS...
2026-05-14 01:21:34,449 - INFO - ⌛ Aguardando janela de edição de OS...
2026-05-14 01:21:49,883 - INFO - ⌛ Aguardando janela de edição de OS...
2026-05-14 01:22:05,358 - INFO - ⌛ Aguardando janela de edição de OS...
2026-05-14 01:22:20,764 - INFO - ⌛ Aguardando janela de edição de OS...
2026-05-14 01:22:36,190 - INFO - ⌛ Aguardando janela de edição de OS...
2026-05-14 01:22:51,611 - INFO - ⌛ Aguardando janela de edição de OS...
2026-05-14 01:23:07,044 - INFO - ⌛ Aguardando janela de edição de OS...
2026-05-14 01:23:22,463 - INFO - ⌛ Aguardando janela de edição de OS...
2026-05-14 01:23:37,890 - INFO - ⌛ Aguardando janela de edição de OS...
2026-05-14 01:23:53,315 - INFO - ⌛ Aguardando janela de edição de OS...
2026-05-14 01:24:08,730 - INFO - ⌛ Aguardando janela de edição de OS...
2026-05-14 01:24:24,148 - INFO - ⌛ Aguardando janela de edição de OS...
2026-05-14 01:24:39,577 - INFO - ⌛ Aguardando janela de edição de OS...
2026-05-14 01:24:55,009 - INFO - ⌛ Aguardando janela de edição de OS...
2026-05-14 01:25:10,433 - INFO - ⌛ Aguardando janela de edição de OS...
2026-05-14 01:25:25,943 - INFO - ⌛ Aguardando janela de edição de OS...
2026-05-14 01:25:41,409 - INFO - ⌛ Aguardando janela de edição de OS...
2026-05-14 01:25:56,823 - INFO - ⌛ Aguardando janela de edição de OS...
2026-05-14 01:26:12,245 - INFO - ⌛ Aguardando janela de edição de OS...
2026-05-14 01:26:27,663 - INFO - ⌛ Aguardando janela de edição de OS...
2026-05-14 01:26:43,098 - INFO - ⌛ Aguardando janela de edição de OS...
2026-05-14 01:26:58,516 - INFO - ⌛ Aguardando janela de edição de OS...
2026-05-14 01:27:13,931 - INFO - ⌛ Aguardando janela de edição de OS...
2026-05-14 01:27:29,370 - INFO - ⌛ Aguardando janela de edição de OS...
2026-05-14 01:27:44,778 - INFO - ⌛ Aguardando janela de edição de OS...
2026-05-14 01:28:00,213 - INFO - ⌛ Aguardando janela de edição de OS...
2026-05-14 01:28:15,657 - INFO - ⌛ Aguardando janela de edição de OS...
2026-05-14 01:28:31,071 - INFO - ⌛ Aguardando janela de edição de OS...
2026-05-14 01:28:46,517 - INFO - ⌛ Aguardando janela de edição de OS...
2026-05-14 01:29:01,945 - INFO - ⌛ Aguardando janela de edição de OS...
2026-05-14 01:29:17,364 - INFO - ⌛ Aguardando janela de edição de OS...
2026-05-14 01:29:32,793 - INFO - ⌛ Aguardando janela de edição de OS...
2026-05-14 01:29:48,215 - INFO - ⌛ Aguardando janela de edição de OS...
2026-05-14 01:30:03,630 - INFO - ⌛ Aguardando janela de edição de OS...
2026-05-14 01:30:19,076 - INFO - ⌛ Aguardando janela de edição de OS...
2026-05-14 01:30:34,610 - INFO - ⌛ Aguardando janela de edição de OS...
2026-05-14 01:30:50,055 - INFO - ⌛ Aguardando janela de edição de OS...
2026-05-14 01:31:05,504 - INFO - ⌛ Aguardando janela de edição de OS...
2026-05-14 01:31:21,019 - INFO - ⌛ Aguardando janela de edição de OS...
2026-05-14 01:31:36,460 - INFO - ⌛ Aguardando janela de edição de OS...
2026-05-14 01:31:51,895 - INFO - ⌛ Aguardando janela de edição de OS...
2026-05-14 01:32:07,313 - INFO - ⌛ Aguardando janela de edição de OS...
2026-05-14 01:32:22,725 - INFO - ⌛ Aguardando janela de edição de OS...
2026-05-14 01:32:38,144 - INFO - ⌛ Aguardando janela de edição de OS...
2026-05-14 01:32:53,616 - INFO - ⌛ Aguardando janela de edição de OS...
2026-05-14 01:33:09,119 - INFO - ⌛ Aguardando janela de edição de OS...
2026-05-14 01:33:24,552 - INFO - ⌛ Aguardando janela de edição de OS...
2026-05-14 01:33:39,987 - INFO - ⌛ Aguardando janela de edição de OS...
2026-05-14 01:33:55,405 - INFO - ⌛ Aguardando janela de edição de OS...
2026-05-14 01:34:10,819 - INFO - ⌛ Aguardando janela de edição de OS...
2026-05-14 01:34:26,291 - INFO - ⌛ Aguardando janela de edição de OS...
2026-05-14 01:34:41,710 - INFO - ⌛ Aguardando janela de edição de OS...
2026-05-14 01:34:57,123 - INFO - ⌛ Aguardando janela de edição de OS...
2026-05-14 01:35:12,545 - INFO - ⌛ Aguardando janela de edição de OS...
2026-05-14 01:35:27,971 - INFO - ⌛ Aguardando janela de edição de OS...
2026-05-14 01:35:43,409 - INFO - ⌛ Aguardando janela de edição de OS...
2026-05-14 01:35:58,900 - INFO - ⌛ Aguardando janela de edição de OS...
2026-05-14 01:36:14,309 - INFO - ⌛ Aguardando janela de edição de OS...
2026-05-14 01:36:29,733 - INFO - ⌛ Aguardando janela de edição de OS...
2026-05-14 01:36:45,167 - INFO - ⌛ Aguardando janela de edição de OS...
2026-05-14 01:37:00,586 - INFO - ⌛ Aguardando janela de edição de OS...
2026-05-14 01:37:16,008 - INFO - ⌛ Aguardando janela de edição de OS...
2026-05-14 01:37:31,416 - INFO - ⌛ Aguardando janela de edição de OS...
2026-05-14 01:37:46,844 - INFO - ⌛ Aguardando janela de edição de OS...
2026-05-14 01:38:02,253 - INFO - ⌛ Aguardando janela de edição de OS...
2026-05-14 01:38:17,677 - INFO - ⌛ Aguardando janela de edição de OS...
2026-05-14 01:38:33,095 - INFO - ⌛ Aguardando janela de edição de OS...
2026-05-14 01:38:48,518 - INFO - ⌛ Aguardando janela de edição de OS...
2026-05-14 01:39:03,932 - INFO - ⌛ Aguardando janela de edição de OS...
2026-05-14 01:39:19,353 - INFO - ⌛ Aguardando janela de edição de OS...
2026-05-14 01:39:34,762 - INFO - ⌛ Aguardando janela de edição de OS...
2026-05-14 01:39:50,186 - INFO - ⌛ Aguardando janela de edição de OS...
2026-05-14 01:40:05,609 - INFO - ⌛ Aguardando janela de edição de OS...
2026-05-14 01:40:21,016 - INFO - ⌛ Aguardando janela de edição de OS...
2026-05-14 01:40:36,460 - INFO - ⌛ Aguardando janela de edição de OS...
2026-05-14 01:40:51,869 - INFO - ⌛ Aguardando janela de edição de OS...
2026-05-14 01:41:07,314 - INFO - ⌛ Aguardando janela de edição de OS...
2026-05-14 01:41:22,750 - INFO - ⌛ Aguardando janela de edição de OS...
2026-05-14 01:41:38,179 - INFO - ⌛ Aguardando janela de edição de OS...
2026-05-14 01:41:53,623 - INFO - ⌛ Aguardando janela de edição de OS...
2026-05-14 01:42:09,052 - INFO - ⌛ Aguardando janela de edição de OS...
2026-05-14 01:42:24,488 - INFO - ⌛ Aguardando janela de edição de OS...
2026-05-14 01:42:39,896 - INFO - ⌛ Aguardando janela de edição de OS...
2026-05-14 01:42:55,353 - INFO - ⌛ Aguardando janela de edição de OS...
2026-05-14 01:43:10,862 - INFO - ⌛ Aguardando janela de edição de OS...
2026-05-14 01:43:26,293 - INFO - ⌛ Aguardando janela de edição de OS...
2026-05-14 01:43:41,746 - INFO - ⌛ Aguardando janela de edição de OS...
2026-05-14 01:43:57,243 - INFO - ⌛ Aguardando janela de edição de OS...
2026-05-14 01:44:12,714 - INFO - ⌛ Aguardando janela de edição de OS...
2026-05-14 01:44:28,150 - INFO - ⌛ Aguardando janela de edição de OS...
2026-05-14 01:44:43,558 - INFO - ⌛ Aguardando janela de edição de OS...
2026-05-14 01:44:59,052 - INFO - ⌛ Aguardando janela de edição de OS...
2026-05-14 01:45:14,486 - INFO - ⌛ Aguardando janela de edição de OS...
2026-05-14 01:45:29,934 - INFO - verificando janela oculta
2026-05-14 01:45:50,402 - INFO - ⏱️ Tempo limite atingido. Abortando seleção
2026-05-14 01:45:50,403 - INFO - Capturando print...
