2025-11-06 09:21:47,906 - INFO - Data hoje: 06/11/2025
2025-11-06 09:21:47,906 - INFO - Data de referência (5 dias atrás): 01/11/2025
2025-11-06 09:22:21,232 - INFO - 
Qtde LINHA VIVA: 3271
2025-11-06 09:22:21,233 - INFO - Qtde LINHA MORTA/PESADA/FAIXA: 2092
2025-11-06 09:22:22,407 - INFO - 
Arquivo gerado: C:\Users\U469784\venvs\py311\bot_programacao\pendentes_20251106.xlsx
2025-11-06 09:22:22,806 - INFO - 
 Qtd de lotes de LM: 42
2025-11-06 09:22:22,806 - INFO - 
 Qtd de lotes de LV: 66
2025-11-06 09:22:22,806 - INFO - 
=== Iniciando lote 42/42 [LM] ===
2025-11-06 09:22:29,208 - INFO - Janela de seleção aberta
2025-11-06 09:22:44,442 - INFO - DEBUG: idx=41, inicio=2050, fim=2100
2025-11-06 09:22:44,442 - INFO - ✅ 42 OS copiadas para a área de transferência.
2025-11-06 09:22:44,442 - INFO - 📋 Lote 42 copiado.
2025-11-06 09:23:08,779 - INFO - ⌛ Esperando mudança visual...
2025-11-06 09:23:09,799 - INFO - ⌛ Esperando mudança visual...
2025-11-06 09:23:10,809 - INFO - ⌛ Esperando mudança visual...
2025-11-06 09:23:11,825 - INFO - ⌛ Esperando mudança visual...
2025-11-06 09:23:12,840 - INFO - ⌛ Esperando mudança visual...
2025-11-06 09:23:13,856 - INFO - ⌛ Esperando mudança visual...
2025-11-06 09:23:14,859 - INFO - ⌛ Esperando mudança visual...
2025-11-06 09:23:15,871 - INFO - ⌛ Esperando mudança visual...
2025-11-06 09:23:16,886 - INFO - ⌛ Esperando mudança visual...
2025-11-06 09:23:17,889 - INFO - ⌛ Esperando mudança visual...
2025-11-06 09:23:18,901 - INFO - ⌛ Esperando mudança visual...
2025-11-06 09:23:19,931 - INFO - ⌛ Esperando mudança visual...
2025-11-06 09:23:20,948 - INFO - ⌛ Esperando mudança visual...
2025-11-06 09:23:21,965 - INFO - ⌛ Esperando mudança visual...
2025-11-06 09:23:22,980 - INFO - ✅ Tela carregada!
2025-11-06 09:23:41,463 - INFO - ⌛ Aguardando janela de confirmação de desbloqueio...
2025-11-06 09:24:01,525 - INFO - ⌛ Aguardando janela de confirmação de desbloqueio...
2025-11-06 09:24:21,577 - INFO - 🟨 Registros desbloqueados com sucesso
2025-11-06 09:25:07,134 - INFO - 🟨 OS programadas detectadas
2025-11-06 09:25:17,286 - INFO - ⌛ Aguardando janela de edição de OS...
2025-11-06 09:25:37,377 - INFO - 🟨 Janela de edição de OS detectada
2025-11-06 09:26:12,739 - INFO - 🟨 Janela de edição de habilidade da turma detectada
2025-11-06 09:27:19,083 - INFO - ⌛ Aguardando detecção do campo de caracteristica 'EQUIPE PRÓPRIA OU EPS' ...
2025-11-06 09:27:39,253 - INFO - ⌛ Aguardando detecção do campo de caracteristica 'EQUIPE PRÓPRIA OU EPS' ...
2025-11-06 09:27:59,411 - INFO - ⌛ Aguardando detecção do campo de caracteristica 'EQUIPE PRÓPRIA OU EPS' ...
2025-11-06 09:28:19,562 - INFO - 🟨 campo de caracteristica 'EQUIPE PRÓPRIA OU EPS detectado
2025-11-06 09:29:00,295 - INFO - ⌛ Aguardando confirmação 4 - editar OS...
2025-11-06 09:29:20,354 - INFO - ⌛ Aguardando confirmação 4 - editar OS...
2025-11-06 09:29:40,410 - INFO - ⌛ Aguardando confirmação 4 - editar OS...
2025-11-06 09:30:00,465 - INFO - ⌛ Aguardando confirmação 4 - editar OS...
2025-11-06 09:30:56,156 - INFO - ⌛ Aguardando janela de confirmação de programação de OS...
2025-11-06 09:31:16,224 - INFO - 🟨 Janela de confirmação de programação de OS detectada
2025-11-06 09:31:26,568 - INFO - 🟨 Janela de aviso de edição de OS programadas detectada
2025-11-06 09:31:46,830 - INFO - ⌛ aguardando janela de programação de lote de OS...
2025-11-06 09:32:07,004 - INFO - 🟨 Janela de aviso de substituição de lote de OS detectada
2025-11-06 09:32:37,280 - INFO - ⌛ aguardando janela de programação de lote de OS...
2025-11-06 09:32:57,429 - INFO - ⌛ aguardando janela de programação de lote de OS...
2025-11-06 09:33:17,588 - INFO - 🟨 Janela de programação de lote de OS detectada
2025-11-06 09:34:34,032 - INFO - ⌛ aguardando janela de confirmação de programação de lote de OS...
2025-11-06 09:34:54,098 - INFO - 🟨 Janela de confirmação de programação de lote de OS detectada
2025-11-06 09:35:19,361 - INFO - ⌛ aguardando confirmação final de programação do lote
2025-11-06 09:35:39,597 - INFO - 🟨 programação do lote 42 efetuado com sucesso
2025-11-06 09:36:29,768 - INFO - 
=== Iniciando lote 1/66 [LV] ===
2025-11-06 09:36:36,189 - INFO - Janela de seleção aberta
2025-11-06 09:36:51,440 - INFO - DEBUG: idx=0, inicio=0, fim=50
2025-11-06 09:36:51,440 - INFO - ✅ 50 OS copiadas para a área de transferência.
2025-11-06 09:36:51,440 - INFO - 📋 Lote 1 copiado.
2025-11-06 09:37:15,773 - INFO - ⌛ Esperando mudança visual...
2025-11-06 09:37:16,791 - INFO - ⌛ Esperando mudança visual...
2025-11-06 09:37:17,807 - INFO - ⌛ Esperando mudança visual...
2025-11-06 09:37:18,820 - INFO - ⌛ Esperando mudança visual...
2025-11-06 09:37:19,835 - INFO - ⌛ Esperando mudança visual...
2025-11-06 09:37:20,851 - INFO - ⌛ Esperando mudança visual...
2025-11-06 09:37:21,866 - INFO - ⌛ Esperando mudança visual...
2025-11-06 09:37:22,882 - INFO - ⌛ Esperando mudança visual...
2025-11-06 09:37:23,898 - INFO - ⌛ Esperando mudança visual...
2025-11-06 09:37:24,902 - INFO - ⌛ Esperando mudança visual...
2025-11-06 09:37:25,913 - INFO - ⌛ Esperando mudança visual...
2025-11-06 09:37:26,928 - INFO - ⌛ Esperando mudança visual...
2025-11-06 09:37:27,944 - INFO - ⌛ Esperando mudança visual...
2025-11-06 09:37:28,978 - INFO - ⌛ Esperando mudança visual...
2025-11-06 09:37:29,991 - INFO - ⌛ Esperando mudança visual...
2025-11-06 09:37:31,007 - INFO - ✅ Tela carregada!
2025-11-06 09:37:49,481 - INFO - ⌛ Aguardando janela de confirmação de desbloqueio...
2025-11-06 09:38:09,526 - INFO - ⌛ Aguardando janela de confirmação de desbloqueio...
2025-11-06 09:38:29,603 - INFO - 🟨 Registros desbloqueados com sucesso
2025-11-06 09:39:15,221 - INFO - 🟨 OS programadas detectadas
2025-11-06 09:39:25,382 - INFO - ⌛ Aguardando janela de edição de OS...
2025-11-06 09:39:45,487 - INFO - 🟨 Janela de edição de OS detectada
2025-11-06 09:40:20,839 - INFO - 🟨 Janela de edição de habilidade da turma detectada
2025-11-06 09:41:27,163 - INFO - ⌛ Aguardando detecção do campo de caracteristica 'EQUIPE PRÓPRIA OU EPS' ...
2025-11-06 09:41:47,308 - INFO - ⌛ Aguardando detecção do campo de caracteristica 'EQUIPE PRÓPRIA OU EPS' ...
2025-11-06 09:42:07,443 - INFO - ⌛ Aguardando detecção do campo de caracteristica 'EQUIPE PRÓPRIA OU EPS' ...
2025-11-06 09:42:27,605 - INFO - 🟨 campo de caracteristica 'EQUIPE PRÓPRIA OU EPS detectado
2025-11-06 09:43:08,348 - INFO - ⌛ Aguardando confirmação 4 - editar OS...
2025-11-06 09:43:28,421 - INFO - ⌛ Aguardando confirmação 4 - editar OS...
2025-11-06 09:43:48,476 - INFO - ⌛ Aguardando confirmação 4 - editar OS...
2025-11-06 09:44:08,530 - INFO - ⌛ Aguardando confirmação 4 - editar OS...
2025-11-06 09:45:04,249 - INFO - ⌛ Aguardando janela de confirmação de programação de OS...
2025-11-06 09:45:24,301 - INFO - 🟨 Janela de confirmação de programação de OS detectada
2025-11-06 09:45:34,648 - INFO - ⌛ aguardando janela de programação de lote de OS...
2025-11-06 09:45:54,829 - INFO - 🟨 Janela de aviso de edição de OS programadas detectada
2025-11-06 09:46:15,098 - INFO - ⌛ aguardando janela de programação de lote de OS...
2025-11-06 09:46:35,275 - INFO - 🟨 Janela de aviso de substituição de lote de OS detectada
2025-11-06 09:47:05,569 - INFO - ⌛ aguardando janela de programação de lote de OS...
2025-11-06 09:47:25,722 - INFO - ⌛ aguardando janela de programação de lote de OS...
2025-11-06 09:47:45,884 - INFO - 🟨 Janela de programação de lote de OS detectada
2025-11-06 09:49:02,338 - INFO - ⌛ aguardando janela de confirmação de programação de lote de OS...
2025-11-06 09:49:22,390 - INFO - 🟨 Janela de confirmação de programação de lote de OS detectada
2025-11-06 09:49:47,639 - INFO - ⌛ aguardando confirmação final de programação do lote
2025-11-06 09:50:07,875 - INFO - 🟨 programação do lote 1 efetuado com sucesso
2025-11-06 11:49:00,413 - INFO - Data hoje: 06/11/2025
2025-11-06 11:49:00,413 - INFO - Data de referência (5 dias atrás): 01/11/2025
2025-11-06 11:49:15,208 - INFO - 
Qtde LINHA VIVA: 3271
2025-11-06 11:49:15,209 - INFO - Qtde LINHA MORTA/PESADA/FAIXA: 2092
2025-11-06 11:49:16,320 - INFO - 
Arquivo gerado: C:\Users\U469784\venvs\py311\bot_programacao\EXCEL\pendentes_20251106.xlsx
2025-11-06 11:49:16,716 - INFO - 
 Qtd de lotes de LM: 42
2025-11-06 11:49:16,716 - INFO - 
 Qtd de lotes de LV: 66
2025-11-06 11:49:16,716 - INFO - 
=== Iniciando lote 42/42 [LM] ===
2025-11-06 11:49:23,160 - INFO - ⌛ Aguardando janela de seleção...
2025-11-06 11:49:43,197 - INFO - Janela de seleção aberta
2025-11-06 11:49:58,459 - INFO - DEBUG: idx=41, inicio=2050, fim=2100
2025-11-06 11:49:58,475 - INFO - ✅ 42 OS copiadas para a área de transferência.
2025-11-06 11:49:58,475 - INFO - 📋 Lote 42 copiado.
2025-11-06 11:50:22,817 - INFO - ⌛ Esperando mudança visual...
2025-11-06 11:50:23,827 - INFO - ✅ Tela carregada!
2025-11-06 11:50:42,298 - INFO - ⌛ Aguardando janela de confirmação de desbloqueio...
2025-11-06 11:51:02,351 - INFO - 🟨 Registros desbloqueados com sucesso
2025-11-06 11:51:47,977 - INFO - 🟨 OS programadas detectadas
2025-11-06 11:51:58,137 - INFO - ⌛ Aguardando janela de edição de OS...
2025-11-06 11:52:18,219 - INFO - 🟨 Janela de edição de OS detectada
2025-11-06 11:52:53,630 - INFO - 🟨 Janela de edição de habilidade da turma detectada
2025-11-06 11:53:59,944 - INFO - ⌛ Aguardando detecção do campo de caracteristica 'EQUIPE PRÓPRIA OU EPS' ...
2025-11-06 11:54:20,093 - INFO - ⌛ Aguardando detecção do campo de caracteristica 'EQUIPE PRÓPRIA OU EPS' ...
2025-11-06 11:54:40,229 - INFO - ⌛ Aguardando detecção do campo de caracteristica 'EQUIPE PRÓPRIA OU EPS' ...
2025-11-06 11:55:00,402 - INFO - 🟨 campo de caracteristica 'EQUIPE PRÓPRIA OU EPS detectado
2025-11-06 11:55:41,138 - INFO - ⌛ Aguardando confirmação 4 - editar OS...
2025-11-06 11:56:01,200 - INFO - ⌛ Aguardando confirmação 4 - editar OS...
2025-11-06 11:56:21,269 - INFO - ⌛ Aguardando confirmação 4 - editar OS...
2025-11-06 11:57:17,009 - INFO - ⌛ Aguardando janela de confirmação de programação de OS...
2025-11-06 11:57:37,074 - INFO - 🟨 Janela de confirmação de programação de OS detectada
2025-11-06 11:57:47,416 - INFO - 🟨 Janela de aviso de edição de OS programadas detectada
2025-11-06 11:58:07,690 - INFO - ⌛ aguardando janela de programação de lote de OS...
2025-11-06 11:58:27,866 - INFO - 🟨 Janela de aviso de substituição de lote de OS detectada
2025-11-06 11:58:58,128 - INFO - ⌛ aguardando janela de programação de lote de OS...
2025-11-06 11:59:18,311 - INFO - ⌛ aguardando janela de programação de lote de OS...
2025-11-06 11:59:38,487 - INFO - 🟨 Janela de programação de lote de OS detectada
2025-11-06 12:00:54,944 - INFO - ⌛ aguardando janela de confirmação de programação de lote de OS...
2025-11-06 12:01:14,996 - INFO - 🟨 Janela de confirmação de programação de lote de OS detectada
2025-11-06 12:01:40,325 - INFO - 🟨 programação do lote 42 efetuado com sucesso
2025-11-06 12:02:30,505 - INFO - 
=== Iniciando lote 1/66 [LV] ===
2025-11-06 12:02:36,871 - INFO - Janela de seleção aberta
2025-11-06 12:02:52,088 - INFO - DEBUG: idx=0, inicio=0, fim=50
2025-11-06 12:02:52,088 - INFO - ✅ 50 OS copiadas para a área de transferência.
2025-11-06 12:02:52,088 - INFO - 📋 Lote 1 copiado.
2025-11-06 12:03:16,427 - INFO - ⌛ Esperando mudança visual...
2025-11-06 12:03:17,440 - INFO - ⌛ Esperando mudança visual...
2025-11-06 12:03:18,455 - INFO - ⌛ Esperando mudança visual...
2025-11-06 12:03:19,471 - INFO - ⌛ Esperando mudança visual...
2025-11-06 12:03:20,486 - INFO - ⌛ Esperando mudança visual...
2025-11-06 12:03:21,501 - INFO - ⌛ Esperando mudança visual...
2025-11-06 12:03:22,524 - INFO - ⌛ Esperando mudança visual...
2025-11-06 12:03:23,544 - INFO - ⌛ Esperando mudança visual...
2025-11-06 12:03:24,549 - INFO - ⌛ Esperando mudança visual...
2025-11-06 12:03:25,565 - INFO - ⌛ Esperando mudança visual...
2025-11-06 12:03:26,580 - INFO - ⌛ Esperando mudança visual...
2025-11-06 12:03:27,584 - INFO - ⌛ Esperando mudança visual...
2025-11-06 12:03:28,612 - INFO - ⌛ Esperando mudança visual...
2025-11-06 12:03:29,628 - INFO - ✅ Tela carregada!
2025-11-06 12:03:48,124 - INFO - ⌛ Aguardando janela de confirmação de desbloqueio...
2025-11-06 12:04:08,186 - INFO - ⌛ Aguardando janela de confirmação de desbloqueio...
2025-11-06 12:04:28,256 - INFO - 🟨 Registros desbloqueados com sucesso
2025-11-06 12:05:13,830 - INFO - 🟨 OS programadas detectadas
2025-11-06 12:05:23,998 - INFO - ⌛ Aguardando janela de edição de OS...
2025-11-06 12:05:44,114 - INFO - 🟨 Janela de edição de OS detectada
2025-11-06 12:06:19,495 - INFO - 🟨 Janela de edição de habilidade da turma detectada
2025-11-06 12:07:25,824 - INFO - ⌛ Aguardando detecção do campo de caracteristica 'EQUIPE PRÓPRIA OU EPS' ...
2025-11-06 12:07:45,993 - INFO - ⌛ Aguardando detecção do campo de caracteristica 'EQUIPE PRÓPRIA OU EPS' ...
2025-11-06 12:08:06,138 - INFO - ⌛ Aguardando detecção do campo de caracteristica 'EQUIPE PRÓPRIA OU EPS' ...
2025-11-06 12:08:26,285 - INFO - 🟨 campo de caracteristica 'EQUIPE PRÓPRIA OU EPS detectado
2025-11-06 12:09:07,039 - INFO - ⌛ Aguardando confirmação 4 - editar OS...
2025-11-06 12:09:27,102 - INFO - ⌛ Aguardando confirmação 4 - editar OS...
2025-11-06 12:09:47,151 - INFO - ⌛ Aguardando confirmação 4 - editar OS...
2025-11-06 12:10:07,234 - INFO - ⌛ Aguardando confirmação 4 - editar OS...
2025-11-06 12:11:02,921 - INFO - ⌛ Aguardando janela de confirmação de programação de OS...
2025-11-06 12:11:22,960 - INFO - 🟨 Janela de confirmação de programação de OS detectada
2025-11-06 12:11:33,284 - INFO - 🟨 Janela de aviso de edição de OS programadas detectada
2025-11-06 12:11:53,553 - INFO - ⌛ aguardando janela de programação de lote de OS...
2025-11-06 12:12:13,716 - INFO - 🟨 Janela de aviso de substituição de lote de OS detectada
2025-11-06 12:12:43,994 - INFO - ⌛ aguardando janela de programação de lote de OS...
2025-11-06 12:13:04,150 - INFO - ⌛ aguardando janela de programação de lote de OS...
2025-11-06 12:13:24,293 - INFO - 🟨 Janela de programação de lote de OS detectada
2025-11-06 12:14:40,769 - INFO - ⌛ aguardando janela de confirmação de programação de lote de OS...
2025-11-06 12:15:00,848 - INFO - 🟨 Janela de confirmação de programação de lote de OS detectada
2025-11-06 12:15:26,126 - INFO - ⌛ aguardando confirmação final de programação do lote
2025-11-06 12:15:46,387 - INFO - 🟨 programação do lote 1 efetuado com sucesso
2025-11-06 12:16:36,546 - INFO - 
=== Iniciando lote 2/66 [LV] ===
2025-11-06 12:16:42,912 - INFO - Janela de seleção aberta
2025-11-06 12:16:58,138 - INFO - DEBUG: idx=1, inicio=50, fim=100
2025-11-06 12:16:58,138 - INFO - ✅ 50 OS copiadas para a área de transferência.
2025-11-06 12:16:58,138 - INFO - 📋 Lote 2 copiado.
2025-11-06 12:17:22,460 - INFO - ⌛ Esperando mudança visual...
2025-11-06 12:17:23,483 - INFO - ⌛ Esperando mudança visual...
2025-11-06 12:17:24,499 - INFO - ⌛ Esperando mudança visual...
2025-11-06 12:17:25,514 - INFO - ⌛ Esperando mudança visual...
2025-11-06 12:17:26,530 - INFO - ⌛ Esperando mudança visual...
2025-11-06 12:17:27,545 - INFO - ⌛ Esperando mudança visual...
2025-11-06 12:17:28,561 - INFO - ⌛ Esperando mudança visual...
2025-11-06 12:17:29,577 - INFO - ⌛ Esperando mudança visual...
2025-11-06 12:17:30,593 - INFO - ⌛ Esperando mudança visual...
2025-11-06 12:17:31,608 - INFO - ⌛ Esperando mudança visual...
2025-11-06 12:17:32,624 - INFO - ⌛ Esperando mudança visual...
2025-11-06 12:17:33,640 - INFO - ⌛ Esperando mudança visual...
2025-11-06 12:17:34,655 - INFO - ⌛ Esperando mudança visual...
2025-11-06 12:17:35,660 - INFO - ✅ Tela carregada!
2025-11-06 12:17:54,149 - INFO - ⌛ Aguardando janela de confirmação de desbloqueio...
2025-11-06 12:18:14,207 - INFO - 🟨 Registros desbloqueados com sucesso
2025-11-06 12:18:59,787 - INFO - 🟨 OS programadas detectadas
2025-11-06 12:19:09,960 - INFO - ⌛ Aguardando janela de edição de OS...
2025-11-06 12:19:30,075 - INFO - 🟨 Janela de edição de OS detectada
2025-11-06 12:20:05,468 - INFO - 🟨 Janela de edição de habilidade da turma detectada
2025-11-06 12:21:11,778 - INFO - ⌛ Aguardando detecção do campo de caracteristica 'EQUIPE PRÓPRIA OU EPS' ...
2025-11-06 12:21:31,944 - INFO - ⌛ Aguardando detecção do campo de caracteristica 'EQUIPE PRÓPRIA OU EPS' ...
2025-11-06 12:21:52,096 - INFO - ⌛ Aguardando detecção do campo de caracteristica 'EQUIPE PRÓPRIA OU EPS' ...
2025-11-06 12:22:12,260 - INFO - 🟨 campo de caracteristica 'EQUIPE PRÓPRIA OU EPS detectado
2025-11-06 12:22:52,990 - INFO - ⌛ Aguardando confirmação 4 - editar OS...
2025-11-06 12:23:13,057 - INFO - ⌛ Aguardando confirmação 4 - editar OS...
2025-11-06 12:23:33,116 - INFO - ⌛ Aguardando confirmação 4 - editar OS...
2025-11-06 12:23:53,184 - INFO - ⌛ Aguardando confirmação 4 - editar OS...
2025-11-06 12:24:48,897 - INFO - ⌛ Aguardando janela de confirmação de programação de OS...
2025-11-06 12:25:08,961 - INFO - 🟨 Janela de confirmação de programação de OS detectada
2025-11-06 12:25:19,297 - INFO - ⌛ aguardando janela de programação de lote de OS...
2025-11-06 12:25:39,455 - INFO - 🟨 Janela de aviso de edição de OS programadas detectada
2025-11-06 12:25:59,743 - INFO - ⌛ aguardando janela de programação de lote de OS...
2025-11-06 12:26:19,887 - INFO - 🟨 Janela de aviso de substituição de lote de OS detectada
2025-11-06 12:26:50,165 - INFO - ⌛ aguardando janela de programação de lote de OS...
2025-11-06 12:27:10,329 - INFO - ⌛ aguardando janela de programação de lote de OS...
2025-11-06 12:27:30,490 - INFO - 🟨 Janela de programação de lote de OS detectada
2025-11-06 12:28:46,955 - INFO - ⌛ aguardando janela de confirmação de programação de lote de OS...
2025-11-06 12:29:07,025 - INFO - 🟨 Janela de confirmação de programação de lote de OS detectada
2025-11-06 12:29:32,308 - INFO - ⌛ aguardando confirmação final de programação do lote
2025-11-06 12:29:52,561 - INFO - 🟨 programação do lote 2 efetuado com sucesso
2025-11-06 12:30:42,734 - INFO - 
=== Iniciando lote 3/66 [LV] ===
2025-11-06 12:30:49,109 - INFO - Janela de seleção aberta
2025-11-06 12:31:04,351 - INFO - DEBUG: idx=2, inicio=100, fim=150
2025-11-06 12:31:04,351 - INFO - ✅ 50 OS copiadas para a área de transferência.
2025-11-06 12:31:04,351 - INFO - 📋 Lote 3 copiado.
2025-11-06 12:31:28,687 - INFO - ⌛ Esperando mudança visual...
2025-11-06 12:31:29,705 - INFO - ⌛ Esperando mudança visual...
2025-11-06 12:31:30,717 - INFO - ⌛ Esperando mudança visual...
2025-11-06 12:31:31,733 - INFO - ⌛ Esperando mudança visual...
2025-11-06 12:31:32,749 - INFO - ⌛ Esperando mudança visual...
2025-11-06 12:31:33,764 - INFO - ⌛ Esperando mudança visual...
2025-11-06 12:31:34,797 - INFO - ⌛ Esperando mudança visual...
2025-11-06 12:31:35,813 - INFO - ⌛ Esperando mudança visual...
2025-11-06 12:31:36,828 - INFO - ⌛ Esperando mudança visual...
2025-11-06 12:31:37,844 - INFO - ⌛ Esperando mudança visual...
2025-11-06 12:31:38,860 - INFO - ⌛ Esperando mudança visual...
2025-11-06 12:31:39,875 - INFO - ⌛ Esperando mudança visual...
2025-11-06 12:31:40,891 - INFO - ✅ Tela carregada!
2025-11-06 12:31:59,387 - INFO - ⌛ Aguardando janela de confirmação de desbloqueio...
2025-11-06 12:32:19,442 - INFO - ⌛ Aguardando janela de confirmação de desbloqueio...
2025-11-06 12:32:39,513 - INFO - 🟨 Registros desbloqueados com sucesso
2025-11-06 12:33:25,100 - INFO - 🟨 OS programadas detectadas
2025-11-06 12:33:35,268 - INFO - ⌛ Aguardando janela de edição de OS...
2025-11-06 12:33:55,370 - INFO - 🟨 Janela de edição de OS detectada
2025-11-06 12:34:30,753 - INFO - 🟨 Janela de edição de habilidade da turma detectada
2025-11-06 12:35:37,063 - INFO - ⌛ Aguardando detecção do campo de caracteristica 'EQUIPE PRÓPRIA OU EPS' ...
2025-11-06 12:35:57,205 - INFO - ⌛ Aguardando detecção do campo de caracteristica 'EQUIPE PRÓPRIA OU EPS' ...
2025-11-06 12:36:17,362 - INFO - ⌛ Aguardando detecção do campo de caracteristica 'EQUIPE PRÓPRIA OU EPS' ...
2025-11-06 12:36:37,524 - INFO - 🟨 campo de caracteristica 'EQUIPE PRÓPRIA OU EPS detectado
2025-11-06 12:37:18,253 - INFO - ⌛ Aguardando confirmação 4 - editar OS...
2025-11-06 12:37:38,323 - INFO - ⌛ Aguardando confirmação 4 - editar OS...
2025-11-06 12:37:58,385 - INFO - ⌛ Aguardando confirmação 4 - editar OS...
2025-11-06 12:38:54,085 - INFO - ⌛ Aguardando janela de confirmação de programação de OS...
2025-11-06 12:39:14,149 - INFO - 🟨 Janela de confirmação de programação de OS detectada
2025-11-06 12:39:24,471 - INFO - ⌛ aguardando janela de programação de lote de OS...
2025-11-06 12:39:44,625 - INFO - 🟨 Janela de aviso de edição de OS programadas detectada
2025-11-06 12:40:04,907 - INFO - ⌛ aguardando janela de programação de lote de OS...
2025-11-06 12:40:25,073 - INFO - 🟨 Janela de aviso de substituição de lote de OS detectada
2025-11-06 12:40:55,347 - INFO - ⌛ aguardando janela de programação de lote de OS...
2025-11-06 12:41:15,491 - INFO - ⌛ aguardando janela de programação de lote de OS...
2025-11-06 12:41:35,699 - INFO - 🟨 Janela de programação de lote de OS detectada
2025-11-06 12:42:52,165 - INFO - ⌛ aguardando janela de confirmação de programação de lote de OS...
2025-11-06 12:43:12,213 - INFO - 🟨 Janela de confirmação de programação de lote de OS detectada
2025-11-06 12:43:37,482 - INFO - ⌛ aguardando confirmação final de programação do lote
2025-11-06 12:43:57,760 - INFO - 🟨 programação do lote 3 efetuado com sucesso
2025-11-06 12:44:47,932 - INFO - 
=== Iniciando lote 4/66 [LV] ===
2025-11-06 12:44:54,297 - INFO - Janela de seleção aberta
2025-11-06 12:45:09,532 - INFO - DEBUG: idx=3, inicio=150, fim=200
2025-11-06 12:45:09,532 - INFO - ✅ 50 OS copiadas para a área de transferência.
2025-11-06 12:45:09,532 - INFO - 📋 Lote 4 copiado.
2025-11-06 12:45:33,855 - INFO - ⌛ Esperando mudança visual...
2025-11-06 12:45:34,880 - INFO - ⌛ Esperando mudança visual...
2025-11-06 12:45:35,896 - INFO - ⌛ Esperando mudança visual...
2025-11-06 12:45:36,911 - INFO - ⌛ Esperando mudança visual...
2025-11-06 12:45:37,927 - INFO - ⌛ Esperando mudança visual...
2025-11-06 12:45:38,943 - INFO - ⌛ Esperando mudança visual...
2025-11-06 12:45:39,958 - INFO - ⌛ Esperando mudança visual...
2025-11-06 12:45:40,974 - INFO - ⌛ Esperando mudança visual...
2025-11-06 12:45:41,990 - INFO - ⌛ Esperando mudança visual...
2025-11-06 12:45:43,006 - INFO - ⌛ Esperando mudança visual...
2025-11-06 12:45:44,021 - INFO - ⌛ Esperando mudança visual...
2025-11-06 12:45:45,045 - INFO - ⌛ Esperando mudança visual...
2025-11-06 12:45:46,052 - INFO - ✅ Tela carregada!
2025-11-06 12:46:04,549 - INFO - ⌛ Aguardando janela de confirmação de desbloqueio...
2025-11-06 12:46:24,611 - INFO - 🟨 Registros desbloqueados com sucesso
2025-11-06 12:47:10,193 - INFO - 🟨 OS programadas detectadas
2025-11-06 12:47:20,360 - INFO - ⌛ Aguardando janela de edição de OS...
2025-11-06 12:47:40,460 - INFO - 🟨 Janela de edição de OS detectada
2025-11-06 12:48:15,817 - INFO - 🟨 Janela de edição de habilidade da turma detectada
2025-11-06 12:49:22,157 - INFO - ⌛ Aguardando detecção do campo de caracteristica 'EQUIPE PRÓPRIA OU EPS' ...
2025-11-06 12:49:42,329 - INFO - ⌛ Aguardando detecção do campo de caracteristica 'EQUIPE PRÓPRIA OU EPS' ...
2025-11-06 12:50:02,493 - INFO - ⌛ Aguardando detecção do campo de caracteristica 'EQUIPE PRÓPRIA OU EPS' ...
2025-11-06 12:50:22,642 - INFO - 🟨 campo de caracteristica 'EQUIPE PRÓPRIA OU EPS detectado
2025-11-06 12:51:03,406 - INFO - ⌛ Aguardando confirmação 4 - editar OS...
2025-11-06 12:51:23,457 - INFO - ⌛ Aguardando confirmação 4 - editar OS...
2025-11-06 12:51:43,518 - INFO - ⌛ Aguardando confirmação 4 - editar OS...
2025-11-06 12:52:03,593 - INFO - ⌛ Aguardando confirmação 4 - editar OS...
2025-11-06 12:52:59,285 - INFO - ⌛ Aguardando janela de confirmação de programação de OS...
2025-11-06 12:53:19,346 - INFO - 🟨 Janela de confirmação de programação de OS detectada
2025-11-06 12:53:29,681 - INFO - ⌛ aguardando janela de programação de lote de OS...
2025-11-06 12:53:49,849 - INFO - 🟨 Janela de aviso de edição de OS programadas detectada
2025-11-06 12:54:10,116 - INFO - ⌛ aguardando janela de programação de lote de OS...
2025-11-06 12:54:30,268 - INFO - 🟨 Janela de aviso de substituição de lote de OS detectada
2025-11-06 12:55:00,535 - INFO - ⌛ aguardando janela de programação de lote de OS...
2025-11-06 12:55:20,686 - INFO - ⌛ aguardando janela de programação de lote de OS...
2025-11-06 12:55:40,836 - INFO - 🟨 Janela de programação de lote de OS detectada
2025-11-06 12:56:57,291 - INFO - ⌛ aguardando janela de confirmação de programação de lote de OS...
2025-11-06 12:57:17,350 - INFO - 🟨 Janela de confirmação de programação de lote de OS detectada
2025-11-06 12:57:42,617 - INFO - ⌛ aguardando confirmação final de programação do lote
2025-11-06 12:58:02,814 - INFO - 🟨 programação do lote 4 efetuado com sucesso
2025-11-06 12:58:52,972 - INFO - 
=== Iniciando lote 5/66 [LV] ===
2025-11-06 12:58:59,337 - INFO - Janela de seleção aberta
2025-11-06 12:59:14,586 - INFO - DEBUG: idx=4, inicio=200, fim=250
2025-11-06 12:59:14,586 - INFO - ✅ 50 OS copiadas para a área de transferência.
2025-11-06 12:59:14,586 - INFO - 📋 Lote 5 copiado.
2025-11-06 12:59:38,916 - INFO - ⌛ Esperando mudança visual...
2025-11-06 12:59:39,927 - INFO - ⌛ Esperando mudança visual...
2025-11-06 12:59:40,947 - INFO - ⌛ Esperando mudança visual...
2025-11-06 12:59:41,972 - INFO - ⌛ Esperando mudança visual...
2025-11-06 12:59:42,988 - INFO - ⌛ Esperando mudança visual...
2025-11-06 12:59:44,004 - INFO - ⌛ Esperando mudança visual...
2025-11-06 12:59:45,021 - INFO - ⌛ Esperando mudança visual...
2025-11-06 12:59:46,039 - INFO - ⌛ Esperando mudança visual...
2025-11-06 12:59:47,056 - INFO - ⌛ Esperando mudança visual...
2025-11-06 12:59:48,068 - INFO - ⌛ Esperando mudança visual...
2025-11-06 12:59:49,086 - INFO - ✅ Tela carregada!
2025-11-06 13:00:07,563 - INFO - ⌛ Aguardando janela de confirmação de desbloqueio...
2025-11-06 13:00:27,602 - INFO - ⌛ Aguardando janela de confirmação de desbloqueio...
2025-11-06 13:00:47,667 - INFO - 🟨 Registros desbloqueados com sucesso
2025-11-06 13:01:33,263 - INFO - ⌛ Aguardando janela de edição de OS...
2025-11-06 13:01:53,354 - INFO - ⌛ Aguardando janela de edição de OS...
2025-11-06 13:02:13,461 - INFO - ⌛ Aguardando janela de edição de OS...
2025-11-06 13:02:33,555 - INFO - ⌛ Aguardando janela de edição de OS...
2025-11-06 13:03:19,374 - INFO - Data hoje: 06/11/2025
2025-11-06 13:03:19,376 - INFO - Data de referência (5 dias atrás): 01/11/2025
2025-11-06 13:03:31,747 - INFO - 
Qtde LINHA VIVA: 3289
2025-11-06 13:03:31,747 - INFO - Qtde LINHA MORTA/PESADA/FAIXA: 2130
2025-11-06 13:03:32,662 - INFO - 
Arquivo gerado: C:\Users\U469784\venvs\py311\bot_programacao\EXCEL\pendentes_20251106.xlsx
2025-11-06 13:03:33,103 - INFO - 
 Qtd de lotes de LM: 43
2025-11-06 13:03:33,103 - INFO - 
 Qtd de lotes de LV: 66
2025-11-06 13:03:33,103 - INFO - 
=== Iniciando lote 5/66 [LV] ===
2025-11-06 13:03:39,512 - INFO - Janela de seleção aberta
2025-11-06 13:03:54,761 - INFO - DEBUG: idx=4, inicio=200, fim=250
2025-11-06 13:03:54,761 - INFO - ✅ 50 OS copiadas para a área de transferência.
2025-11-06 13:03:54,761 - INFO - 📋 Lote 5 copiado.
2025-11-06 13:04:19,091 - INFO - ⌛ Esperando mudança visual...
2025-11-06 13:04:20,108 - INFO - ⌛ Esperando mudança visual...
2025-11-06 13:04:21,121 - INFO - ⌛ Esperando mudança visual...
2025-11-06 13:04:22,137 - INFO - ⌛ Esperando mudança visual...
2025-11-06 13:04:23,152 - INFO - ⌛ Esperando mudança visual...
2025-11-06 13:04:24,174 - INFO - ⌛ Esperando mudança visual...
2025-11-06 13:04:25,184 - INFO - ⌛ Esperando mudança visual...
2025-11-06 13:04:26,200 - INFO - ⌛ Esperando mudança visual...
2025-11-06 13:04:27,217 - INFO - ⌛ Esperando mudança visual...
2025-11-06 13:04:28,231 - INFO - ⌛ Esperando mudança visual...
2025-11-06 13:04:29,238 - INFO - ⌛ Esperando mudança visual...
2025-11-06 13:04:30,246 - INFO - ⌛ Esperando mudança visual...
2025-11-06 13:04:31,277 - INFO - ✅ Tela carregada!
2025-11-06 13:04:49,727 - INFO - ⌛ Aguardando janela de confirmação de desbloqueio...
2025-11-06 13:05:09,790 - INFO - 🟨 Registros desbloqueados com sucesso
2025-11-06 13:05:55,369 - INFO - 🟨 OS programadas detectadas
2025-11-06 13:06:05,517 - INFO - ⌛ Aguardando janela de edição de OS...
2025-11-06 13:06:25,612 - INFO - 🟨 Janela de edição de OS detectada
2025-11-06 13:07:00,983 - INFO - 🟨 Janela de edição de habilidade da turma detectada
2025-11-06 13:08:07,356 - INFO - ⌛ Aguardando detecção do campo de caracteristica 'EQUIPE PRÓPRIA OU EPS' ...
2025-11-06 13:08:27,518 - INFO - ⌛ Aguardando detecção do campo de caracteristica 'EQUIPE PRÓPRIA OU EPS' ...
2025-11-06 13:08:47,660 - INFO - ⌛ Aguardando detecção do campo de caracteristica 'EQUIPE PRÓPRIA OU EPS' ...
2025-11-06 13:09:07,806 - INFO - 🟨 campo de caracteristica 'EQUIPE PRÓPRIA OU EPS detectado
2025-11-06 13:09:48,530 - INFO - ⌛ Aguardando confirmação 4 - editar OS...
2025-11-06 13:10:08,602 - INFO - ⌛ Aguardando confirmação 4 - editar OS...
2025-11-06 13:10:28,663 - INFO - ⌛ Aguardando confirmação 4 - editar OS...
2025-11-06 13:10:48,712 - INFO - ⌛ Aguardando confirmação 4 - editar OS...
2025-11-06 13:11:08,761 - INFO - ⌛ Aguardando confirmação 4 - editar OS...
2025-11-06 13:11:28,826 - INFO - ⌛ Aguardando confirmação 4 - editar OS...
2025-11-06 13:11:48,875 - INFO - ⌛ Aguardando confirmação 4 - editar OS...
2025-11-06 13:12:08,930 - INFO - ⌛ Aguardando confirmação 4 - editar OS...
2025-11-06 13:12:28,969 - INFO - ⌛ Aguardando confirmação 4 - editar OS...
2025-11-06 13:12:49,027 - INFO - ⌛ Aguardando confirmação 4 - editar OS...
2025-11-06 13:13:09,084 - INFO - ⌛ Aguardando confirmação 4 - editar OS...
2025-11-06 13:13:29,140 - INFO - ⌛ Aguardando confirmação 4 - editar OS...
2025-11-06 13:13:49,205 - INFO - ⌛ Aguardando confirmação 4 - editar OS...
2025-11-06 13:14:09,261 - INFO - ⌛ Aguardando confirmação 4 - editar OS...
2025-11-06 13:14:29,344 - INFO - ⌛ Aguardando confirmação 4 - editar OS...
2025-11-06 13:14:49,421 - INFO - ⌛ Aguardando confirmação 4 - editar OS...
2025-11-06 13:15:09,463 - INFO - ⌛ Aguardando confirmação 4 - editar OS...
2025-11-06 13:15:29,547 - INFO - ⌛ Aguardando confirmação 4 - editar OS...
2025-11-06 13:15:49,629 - INFO - ⌛ Aguardando confirmação 4 - editar OS...
2025-11-06 13:16:09,669 - INFO - ⌛ Aguardando confirmação 4 - editar OS...
2025-11-06 13:16:29,712 - INFO - ⌛ Aguardando confirmação 4 - editar OS...
2025-11-06 13:16:49,773 - INFO - ⌛ Aguardando confirmação 4 - editar OS...
2025-11-06 13:17:09,811 - INFO - ⌛ Aguardando confirmação 4 - editar OS...
2025-11-06 13:17:29,871 - INFO - ⌛ Aguardando confirmação 4 - editar OS...
2025-11-06 13:17:49,913 - INFO - ⌛ Aguardando confirmação 4 - editar OS...
2025-11-06 13:18:09,971 - INFO - ⌛ Aguardando confirmação 4 - editar OS...
2025-11-06 13:18:30,024 - INFO - ⌛ Aguardando confirmação 4 - editar OS...
2025-11-06 13:19:25,742 - INFO - ⌛ Aguardando janela de confirmação de programação de OS...
2025-11-06 13:19:45,803 - INFO - 🟨 Janela de confirmação de programação de OS detectada
2025-11-06 13:19:56,123 - INFO - ⌛ aguardando janela de programação de lote de OS...
2025-11-06 13:20:16,275 - INFO - 🟨 Janela de aviso de edição de OS programadas detectada
2025-11-06 13:20:36,550 - INFO - ⌛ aguardando janela de programação de lote de OS...
2025-11-06 13:20:56,686 - INFO - 🟨 Janela de aviso de substituição de lote de OS detectada
2025-11-06 13:21:26,957 - INFO - ⌛ aguardando janela de programação de lote de OS...
2025-11-06 13:21:47,100 - INFO - ⌛ aguardando janela de programação de lote de OS...
2025-11-06 13:22:07,250 - INFO - ⌛ aguardando janela de programação de lote de OS...
2025-11-06 13:22:27,416 - INFO - 🟨 Janela de programação de lote de OS detectada
2025-11-06 13:23:43,858 - INFO - ⌛ aguardando janela de confirmação de programação de lote de OS...
2025-11-06 13:24:03,915 - INFO - 🟨 Janela de confirmação de programação de lote de OS detectada
2025-11-06 13:24:29,193 - INFO - ⌛ aguardando confirmação final de programação do lote
2025-11-06 13:24:49,410 - INFO - 🟨 programação do lote 5 efetuado com sucesso
2025-11-06 13:25:39,571 - INFO - 
=== Iniciando lote 6/66 [LV] ===
2025-11-06 13:25:45,910 - INFO - Janela de seleção aberta
2025-11-06 13:26:01,155 - INFO - DEBUG: idx=5, inicio=250, fim=300
2025-11-06 13:26:01,155 - INFO - ✅ 50 OS copiadas para a área de transferência.
2025-11-06 13:26:01,155 - INFO - 📋 Lote 6 copiado.
2025-11-06 13:26:25,470 - INFO - ⌛ Esperando mudança visual...
2025-11-06 13:26:26,494 - INFO - ⌛ Esperando mudança visual...
2025-11-06 13:26:27,512 - INFO - ⌛ Esperando mudança visual...
2025-11-06 13:26:28,527 - INFO - ⌛ Esperando mudança visual...
2025-11-06 13:26:29,541 - INFO - ⌛ Esperando mudança visual...
2025-11-06 13:26:30,557 - INFO - ⌛ Esperando mudança visual...
2025-11-06 13:26:31,572 - INFO - ⌛ Esperando mudança visual...
2025-11-06 13:26:32,588 - INFO - ⌛ Esperando mudança visual...
2025-11-06 13:26:33,610 - INFO - ⌛ Esperando mudança visual...
2025-11-06 13:26:34,620 - INFO - ⌛ Esperando mudança visual...
2025-11-06 13:26:35,624 - INFO - ⌛ Esperando mudança visual...
2025-11-06 13:26:36,640 - INFO - ⌛ Esperando mudança visual...
2025-11-06 13:26:37,650 - INFO - ✅ Tela carregada!
2025-11-06 13:26:56,146 - INFO - ⌛ Aguardando janela de confirmação de desbloqueio...
2025-11-06 13:27:16,320 - INFO - ⌛ Aguardando janela de confirmação de desbloqueio...
2025-11-06 13:27:36,366 - INFO - 🟨 Registros desbloqueados com sucesso
2025-11-06 13:28:21,957 - INFO - 🟨 OS programadas detectadas
2025-11-06 13:28:32,124 - INFO - ⌛ Aguardando janela de edição de OS...
2025-11-06 13:28:52,225 - INFO - 🟨 Janela de edição de OS detectada
2025-11-06 13:29:27,579 - INFO - 🟨 Janela de edição de habilidade da turma detectada
2025-11-06 13:30:33,913 - INFO - ⌛ Aguardando detecção do campo de caracteristica 'EQUIPE PRÓPRIA OU EPS' ...
2025-11-06 13:30:54,061 - INFO - ⌛ Aguardando detecção do campo de caracteristica 'EQUIPE PRÓPRIA OU EPS' ...
2025-11-06 13:31:14,204 - INFO - ⌛ Aguardando detecção do campo de caracteristica 'EQUIPE PRÓPRIA OU EPS' ...
2025-11-06 13:31:34,362 - INFO - 🟨 campo de caracteristica 'EQUIPE PRÓPRIA OU EPS detectado
2025-11-06 13:32:15,087 - INFO - ⌛ Aguardando confirmação 4 - editar OS...
2025-11-06 13:32:35,161 - INFO - ⌛ Aguardando confirmação 4 - editar OS...
2025-11-06 13:32:55,228 - INFO - ⌛ Aguardando confirmação 4 - editar OS...
2025-11-06 13:33:50,892 - INFO - ⌛ Aguardando janela de confirmação de programação de OS...
2025-11-06 13:34:10,956 - INFO - 🟨 Janela de confirmação de programação de OS detectada
2025-11-06 13:34:21,269 - INFO - ⌛ aguardando janela de programação de lote de OS...
2025-11-06 13:34:41,418 - INFO - 🟨 Janela de aviso de edição de OS programadas detectada
2025-11-06 13:35:01,682 - INFO - ⌛ aguardando janela de programação de lote de OS...
2025-11-06 13:35:21,837 - INFO - 🟨 Janela de aviso de substituição de lote de OS detectada
2025-11-06 13:35:52,102 - INFO - ⌛ aguardando janela de programação de lote de OS...
2025-11-06 13:36:12,273 - INFO - ⌛ aguardando janela de programação de lote de OS...
2025-11-06 13:36:32,439 - INFO - 🟨 Janela de programação de lote de OS detectada
2025-11-06 13:37:48,854 - INFO - ⌛ aguardando janela de confirmação de programação de lote de OS...
2025-11-06 13:38:08,912 - INFO - 🟨 Janela de confirmação de programação de lote de OS detectada
2025-11-06 13:38:34,181 - INFO - ⌛ aguardando confirmação final de programação do lote
2025-11-06 13:38:54,395 - INFO - 🟨 programação do lote 6 efetuado com sucesso
2025-11-06 13:39:44,551 - INFO - 
=== Iniciando lote 7/66 [LV] ===
2025-11-06 13:39:50,910 - INFO - Janela de seleção aberta
2025-11-06 13:40:06,146 - INFO - DEBUG: idx=6, inicio=300, fim=350
2025-11-06 13:40:06,146 - INFO - ✅ 50 OS copiadas para a área de transferência.
2025-11-06 13:40:06,146 - INFO - 📋 Lote 7 copiado.
2025-11-06 13:40:30,475 - INFO - ⌛ Esperando mudança visual...
2025-11-06 13:40:31,484 - INFO - ⌛ Esperando mudança visual...
2025-11-06 13:40:32,494 - INFO - ⌛ Esperando mudança visual...
2025-11-06 13:40:33,510 - INFO - ⌛ Esperando mudança visual...
2025-11-06 13:40:34,544 - INFO - ⌛ Esperando mudança visual...
2025-11-06 13:40:35,557 - INFO - ⌛ Esperando mudança visual...
2025-11-06 13:40:36,573 - INFO - ⌛ Esperando mudança visual...
2025-11-06 13:40:37,589 - INFO - ⌛ Esperando mudança visual...
2025-11-06 13:40:38,605 - INFO - ⌛ Esperando mudança visual...
2025-11-06 13:40:39,621 - INFO - ⌛ Esperando mudança visual...
2025-11-06 13:40:40,629 - INFO - ⌛ Esperando mudança visual...
2025-11-06 17:45:11,030 - INFO - Data hoje: 06/11/2025
2025-11-06 17:45:11,031 - INFO - Data de referência (5 dias atrás): 01/11/2025
2025-11-06 17:45:23,660 - INFO - 
Qtde LINHA VIVA: 3289
2025-11-06 17:45:23,660 - INFO - Qtde LINHA MORTA/PESADA/FAIXA: 2130
2025-11-06 17:45:24,838 - INFO - 
Arquivo gerado: C:\Users\U469784\venvs\py311\bot_programacao\EXCEL\pendentes_20251106.xlsx
2025-11-06 17:45:25,320 - INFO - 
 Qtd de lotes de LM: 43
2025-11-06 17:45:25,320 - INFO - 
 Qtd de lotes de LV: 66
2025-11-06 17:45:25,320 - INFO - 
=== Iniciando lote 5/66 [LV] ===
2025-11-06 17:45:31,697 - INFO - ⌛ Aguardando janela de seleção...
2025-11-06 17:51:22,223 - INFO - Data hoje: 06/11/2025
2025-11-06 17:51:22,223 - INFO - Data de referência (5 dias atrás): 01/11/2025
2025-11-06 17:51:54,286 - INFO - Data hoje: 06/11/2025
2025-11-06 17:51:54,286 - INFO - Data de referência (5 dias atrás): 01/11/2025
2025-11-06 17:53:28,199 - INFO - Data hoje: 06/11/2025
2025-11-06 17:53:28,199 - INFO - Data de referência (5 dias atrás): 01/11/2025
2025-11-06 17:53:41,165 - INFO - 
Qtde LINHA VIVA: 202
2025-11-06 17:53:41,165 - INFO - Qtde LINHA MORTA/PESADA/FAIXA: 188
2025-11-06 17:53:41,527 - INFO - 
Arquivo gerado: C:\Users\U469784\venvs\py311\bot_programacao\EXCEL\pendentes_20251106.xlsx
2025-11-06 17:53:41,579 - INFO - 
 Qtd de lotes de LM: 4
2025-11-06 17:53:41,579 - INFO - 
 Qtd de lotes de LV: 5
2025-11-06 17:53:41,579 - INFO - 
=== Iniciando lote 5/5 [LV] ===
2025-11-06 17:53:47,969 - INFO - ⌛ Aguardando janela de seleção...
2025-11-06 17:58:50,605 - INFO - Data hoje: 06/11/2025
2025-11-06 17:58:50,605 - INFO - Data de referência (5 dias atrás): 01/11/2025
2025-11-06 17:59:02,021 - INFO - 
Qtde LINHA VIVA: 403
2025-11-06 17:59:02,021 - INFO - Qtde LINHA MORTA/PESADA/FAIXA: 350
2025-11-06 17:59:02,428 - INFO - 
Arquivo gerado: C:\Users\U469784\venvs\py311\bot_programacao\EXCEL\pendentes_20251106.xlsx
2025-11-06 17:59:02,513 - INFO - 
 Qtd de lotes de LM: 7
2025-11-06 17:59:02,513 - INFO - 
 Qtd de lotes de LV: 9
2025-11-06 17:59:02,513 - INFO - 
=== Iniciando lote 1/9 [LV] ===
2025-11-06 17:59:08,905 - INFO - ⌛ Aguardando janela de seleção...
2025-11-06 18:01:11,709 - INFO - Data hoje: 06/11/2025
2025-11-06 18:01:11,709 - INFO - Data de referência (5 dias atrás): 01/11/2025
2025-11-06 18:01:22,881 - INFO - 
Qtde LINHA VIVA: 1993
2025-11-06 18:01:22,881 - INFO - Qtde LINHA MORTA/PESADA/FAIXA: 1170
2025-11-06 18:01:23,577 - INFO - 
Arquivo gerado: C:\Users\U469784\venvs\py311\bot_programacao\EXCEL\pendentes_20251106.xlsx
2025-11-06 18:01:23,883 - INFO - 
 Qtd de lotes de LM: 24
2025-11-06 18:01:23,883 - INFO - 
 Qtd de lotes de LV: 40
2025-11-06 18:01:23,883 - INFO - 
=== Iniciando lote 1/40 [LV] ===
2025-11-06 18:01:30,284 - INFO - ⌛ Aguardando janela de seleção...
2025-11-06 18:02:10,531 - INFO - Data hoje: 06/11/2025
2025-11-06 18:02:10,531 - INFO - Data de referência (5 dias atrás): 01/11/2025
2025-11-06 18:02:22,010 - INFO - 
Qtde LINHA VIVA: 403
2025-11-06 18:02:22,010 - INFO - Qtde LINHA MORTA/PESADA/FAIXA: 350
2025-11-06 18:02:22,447 - INFO - 
Arquivo gerado: C:\Users\U469784\venvs\py311\bot_programacao\EXCEL\pendentes_20251106.xlsx
2025-11-06 18:02:22,563 - INFO - 
 Qtd de lotes de LM: 7
2025-11-06 18:02:22,563 - INFO - 
 Qtd de lotes de LV: 9
2025-11-06 18:02:22,563 - INFO - 
=== Iniciando lote 1/9 [LV] ===
2025-11-06 18:02:28,958 - INFO - Janela de seleção aberta
2025-11-06 18:02:45,141 - INFO - Data hoje: 06/11/2025
2025-11-06 18:02:45,141 - INFO - Data de referência (5 dias atrás): 01/11/2025
2025-11-06 18:02:55,955 - INFO - 
Qtde LINHA VIVA: 403
2025-11-06 18:02:55,955 - INFO - Qtde LINHA MORTA/PESADA/FAIXA: 350
2025-11-06 18:02:56,333 - INFO - 
Arquivo gerado: C:\Users\U469784\venvs\py311\bot_programacao\EXCEL\pendentes_20251106.xlsx
2025-11-06 18:02:56,422 - INFO - 
 Qtd de lotes de LM: 7
2025-11-06 18:02:56,422 - INFO - 
 Qtd de lotes de LV: 9
2025-11-06 18:02:56,422 - INFO - 
=== Iniciando lote 1/7 [LM] ===
2025-11-06 18:03:02,806 - INFO - Janela de seleção aberta
2025-11-06 18:03:18,055 - INFO - DEBUG: idx=0, inicio=0, fim=50
2025-11-06 18:03:18,055 - INFO - ✅ 50 OS copiadas para a área de transferência.
2025-11-06 18:03:18,055 - INFO - 📋 Lote 1 copiado.
2025-11-06 18:03:42,384 - INFO - ⌛ Esperando mudança visual...
2025-11-06 18:03:43,400 - INFO - ⌛ Esperando mudança visual...
2025-11-06 18:03:44,417 - INFO - ⌛ Esperando mudança visual...
2025-11-06 18:03:45,431 - INFO - ✅ Tela carregada!
2025-11-06 18:04:03,897 - INFO - ⌛ Aguardando janela de confirmação de desbloqueio...
2025-11-06 18:04:23,964 - INFO - ⌛ Aguardando janela de confirmação de desbloqueio...
2025-11-06 18:04:44,010 - INFO - 🟨 Registros desbloqueados com sucesso
2025-11-06 18:05:29,593 - INFO - 🟨 OS programadas detectadas
2025-11-06 18:06:22,308 - INFO - Data hoje: 06/11/2025
2025-11-06 18:06:22,308 - INFO - Data de referência (5 dias atrás): 01/11/2025
2025-11-06 18:06:33,545 - INFO - 
Qtde LINHA VIVA: 403
2025-11-06 18:06:33,545 - INFO - Qtde LINHA MORTA/PESADA/FAIXA: 350
2025-11-06 18:06:33,930 - INFO - 
Arquivo gerado: C:\Users\U469784\venvs\py311\bot_programacao\EXCEL\pendentes_20251106.xlsx
2025-11-06 18:06:33,999 - INFO - 
 Qtd de lotes de LM: 7
2025-11-06 18:06:33,999 - INFO - 
 Qtd de lotes de LV: 9
2025-11-06 18:06:33,999 - INFO - 
=== Iniciando lote 1/7 [LM] ===
2025-11-06 18:06:40,409 - INFO - Janela de seleção aberta
2025-11-06 18:06:55,657 - INFO - DEBUG: idx=0, inicio=0, fim=50
2025-11-06 18:06:55,657 - INFO - ✅ 50 OS copiadas para a área de transferência.
2025-11-06 18:06:55,657 - INFO - 📋 Lote 1 copiado.
2025-11-06 18:07:19,985 - INFO - ⌛ Esperando mudança visual...
2025-11-06 18:07:21,002 - INFO - ⌛ Esperando mudança visual...
2025-11-06 18:07:22,018 - INFO - ⌛ Esperando mudança visual...
2025-11-06 18:07:23,033 - INFO - ⌛ Esperando mudança visual...
2025-11-06 18:07:24,049 - INFO - ⌛ Esperando mudança visual...
2025-11-06 18:07:25,065 - INFO - ⌛ Esperando mudança visual...
2025-11-06 18:07:26,080 - INFO - ⌛ Esperando mudança visual...
2025-11-06 18:07:27,098 - INFO - ⌛ Esperando mudança visual...
2025-11-06 18:07:28,112 - INFO - ⌛ Esperando mudança visual...
2025-11-06 18:07:29,128 - INFO - ✅ Tela carregada!
2025-11-06 18:07:47,594 - INFO - ⌛ Aguardando janela de confirmação de desbloqueio...
2025-11-06 18:08:07,661 - INFO - 🟨 Registros desbloqueados com sucesso
2025-11-06 18:08:56,016 - INFO - Data hoje: 06/11/2025
2025-11-06 18:08:56,016 - INFO - Data de referência (5 dias atrás): 01/11/2025
2025-11-06 18:09:13,839 - INFO - 
Qtde LINHA VIVA: 403
2025-11-06 18:09:13,839 - INFO - Qtde LINHA MORTA/PESADA/FAIXA: 350
2025-11-06 18:09:14,240 - INFO - 
Arquivo gerado: C:\Users\U469784\venvs\py311\bot_programacao\EXCEL\pendentes_20251106.xlsx
2025-11-06 18:09:14,322 - INFO - 
 Qtd de lotes de LM: 7
2025-11-06 18:09:14,322 - INFO - 
 Qtd de lotes de LV: 9
2025-11-06 18:09:14,323 - INFO - 
=== Iniciando lote 1/7 [LM] ===
2025-11-06 18:09:20,711 - INFO - Janela de seleção aberta
2025-11-06 18:09:35,966 - INFO - DEBUG: idx=0, inicio=0, fim=50
2025-11-06 18:09:35,966 - INFO - ✅ 50 OS copiadas para a área de transferência.
2025-11-06 18:09:35,966 - INFO - 📋 Lote 1 copiado.
2025-11-06 18:10:00,299 - INFO - ⌛ Esperando mudança visual...
2025-11-06 18:10:01,316 - INFO - ⌛ Esperando mudança visual...
2025-11-06 18:10:02,332 - INFO - ⌛ Esperando mudança visual...
2025-11-06 18:10:03,348 - INFO - ⌛ Esperando mudança visual...
2025-11-06 18:10:04,364 - INFO - ⌛ Esperando mudança visual...
2025-11-06 18:10:05,380 - INFO - ⌛ Esperando mudança visual...
2025-11-06 18:10:06,395 - INFO - ⌛ Esperando mudança visual...
2025-11-06 18:10:07,411 - INFO - ⌛ Esperando mudança visual...
2025-11-06 18:10:08,426 - INFO - ⌛ Esperando mudança visual...
2025-11-06 18:10:09,442 - INFO - ⌛ Esperando mudança visual...
2025-11-06 18:10:10,458 - INFO - ⌛ Esperando mudança visual...
2025-11-06 18:10:11,474 - INFO - ✅ Tela carregada!
2025-11-06 18:10:29,944 - INFO - ⌛ Aguardando janela de confirmação de desbloqueio...
2025-11-06 18:10:50,001 - INFO - ⌛ Aguardando janela de confirmação de desbloqueio...
2025-11-06 18:11:10,072 - INFO - 🟨 Registros desbloqueados com sucesso
2025-11-06 18:11:55,660 - INFO - 🟨 OS programadas detectadas
2025-11-06 18:12:05,826 - INFO - ⌛ Aguardando janela de edição de OS...
2025-11-06 18:12:25,931 - INFO - 🟨 Janela de edição de OS detectada
2025-11-06 18:13:01,292 - INFO - 🟨 Janela de edição de habilidade da turma detectada
2025-11-06 18:14:07,629 - INFO - ⌛ Aguardando detecção do campo de caracteristica 'EQUIPE PRÓPRIA OU EPS' ...
2025-11-06 18:14:27,768 - INFO - ⌛ Aguardando detecção do campo de caracteristica 'EQUIPE PRÓPRIA OU EPS' ...
2025-11-06 18:14:47,931 - INFO - ⌛ Aguardando detecção do campo de caracteristica 'EQUIPE PRÓPRIA OU EPS' ...
2025-11-06 18:15:08,082 - INFO - 🟨 campo de caracteristica 'EQUIPE PRÓPRIA OU EPS detectado
2025-11-06 18:15:48,822 - INFO - ⌛ Aguardando confirmação 4 - editar OS...
2025-11-06 18:16:08,894 - INFO - ⌛ Aguardando confirmação 4 - editar OS...
2025-11-06 18:16:28,951 - INFO - ⌛ Aguardando confirmação 4 - editar OS...
2025-11-06 18:17:24,632 - INFO - ⌛ Aguardando janela de confirmação de programação de OS...
2025-11-06 18:17:44,686 - INFO - 🟨 Janela de confirmação de programação de OS detectada
2025-11-06 18:17:55,020 - INFO - 🟨 Janela de aviso de edição de OS programadas detectada
2025-11-06 18:18:15,295 - INFO - ⌛ aguardando janela de programação de lote de OS...
2025-11-06 18:18:35,448 - INFO - 🟨 Janela de aviso de substituição de lote de OS detectada
2025-11-06 18:19:05,718 - INFO - ⌛ aguardando janela de programação de lote de OS...
2025-11-06 18:19:25,851 - INFO - ⌛ aguardando janela de programação de lote de OS...
2025-11-06 18:19:45,998 - INFO - ⌛ aguardando janela de programação de lote de OS...
2025-11-06 18:20:06,153 - INFO - ⌛ aguardando janela de programação de lote de OS...
2025-11-06 18:20:26,299 - INFO - ⌛ aguardando janela de programação de lote de OS...
2025-11-06 18:20:46,455 - INFO - ⌛ aguardando janela de programação de lote de OS...
2025-11-06 18:21:06,584 - INFO - ⌛ aguardando janela de programação de lote de OS...
2025-11-06 18:21:26,744 - INFO - ⌛ aguardando janela de programação de lote de OS...
2025-11-06 18:21:46,885 - INFO - ⌛ aguardando janela de programação de lote de OS...
2025-11-06 18:22:07,032 - INFO - ⌛ aguardando janela de programação de lote de OS...
2025-11-06 18:22:27,186 - INFO - ⌛ aguardando janela de programação de lote de OS...
2025-11-06 18:22:47,323 - INFO - ⌛ aguardando janela de programação de lote de OS...
2025-11-06 18:23:07,502 - INFO - ⌛ aguardando janela de programação de lote de OS...
2025-11-06 18:23:27,654 - INFO - ⌛ aguardando janela de programação de lote de OS...
2025-11-06 18:23:47,798 - INFO - ⌛ aguardando janela de programação de lote de OS...
2025-11-06 18:24:07,947 - INFO - ⌛ aguardando janela de programação de lote de OS...
2025-11-06 18:24:28,100 - INFO - ⌛ aguardando janela de programação de lote de OS...
2025-11-06 18:24:48,235 - INFO - ⌛ aguardando janela de programação de lote de OS...
2025-11-06 18:25:08,394 - INFO - ⌛ aguardando janela de programação de lote de OS...
2025-11-06 18:25:28,535 - INFO - ⌛ aguardando janela de programação de lote de OS...
2025-11-06 18:25:48,678 - INFO - ⌛ aguardando janela de programação de lote de OS...
2025-11-06 18:26:08,830 - INFO - ⌛ aguardando janela de programação de lote de OS...
2025-11-06 18:26:28,972 - INFO - ⌛ aguardando janela de programação de lote de OS...
2025-11-06 18:26:49,121 - INFO - ⌛ aguardando janela de programação de lote de OS...
2025-11-06 18:27:09,275 - INFO - ⌛ aguardando janela de programação de lote de OS...
2025-11-06 18:27:29,410 - INFO - ⌛ aguardando janela de programação de lote de OS...
2025-11-06 18:27:49,565 - INFO - ⌛ aguardando janela de programação de lote de OS...
2025-11-06 18:28:09,753 - INFO - ⏱️ Tempo limite atingido. Abortando seleção
2025-11-06 18:28:09,875 - INFO - ⏱️ Tempo limite atingido. Abortando seleção
2025-11-06 18:28:09,926 - INFO - 
=== Iniciando lote 2/7 [LM] ===
2025-11-06 18:28:16,287 - INFO - ⌛ Aguardando janela de seleção...
2025-11-06 18:28:36,334 - INFO - ⌛ Aguardando janela de seleção...
2025-11-06 18:28:56,374 - INFO - ⌛ Aguardando janela de seleção...
2025-11-06 18:29:16,419 - INFO - ⌛ Aguardando janela de seleção...
2025-11-06 18:29:36,470 - INFO - ⌛ Aguardando janela de seleção...
2025-11-06 18:29:56,519 - INFO - ⌛ Aguardando janela de seleção...
2025-11-06 18:30:16,567 - INFO - ⌛ Aguardando janela de seleção...
2025-11-06 18:30:36,616 - INFO - ⌛ Aguardando janela de seleção...
2025-11-06 18:30:56,666 - INFO - ⌛ Aguardando janela de seleção...
2025-11-06 18:31:16,701 - INFO - ⌛ Aguardando janela de seleção...
2025-11-06 18:31:36,756 - INFO - ⌛ Aguardando janela de seleção...
2025-11-06 18:31:56,804 - INFO - ⌛ Aguardando janela de seleção...
2025-11-06 18:32:16,847 - INFO - ⌛ Aguardando janela de seleção...
2025-11-06 18:32:36,902 - INFO - ⌛ Aguardando janela de seleção...
2025-11-06 18:32:56,939 - INFO - ⌛ Aguardando janela de seleção...
2025-11-06 18:33:16,995 - INFO - ⌛ Aguardando janela de seleção...
2025-11-06 18:33:37,029 - INFO - ⌛ Aguardando janela de seleção...
2025-11-06 18:33:57,084 - INFO - ⌛ Aguardando janela de seleção...
2025-11-06 18:34:17,123 - INFO - ⌛ Aguardando janela de seleção...
2025-11-06 18:34:37,183 - INFO - ⌛ Aguardando janela de seleção...
2025-11-06 18:34:57,222 - INFO - ⌛ Aguardando janela de seleção...
2025-11-06 18:35:17,267 - INFO - ⌛ Aguardando janela de seleção...
2025-11-06 18:35:37,313 - INFO - ⌛ Aguardando janela de seleção...
2025-11-06 18:35:57,374 - INFO - ⌛ Aguardando janela de seleção...
2025-11-06 18:36:17,427 - INFO - ⌛ Aguardando janela de seleção...
2025-11-06 18:36:37,476 - INFO - ⌛ Aguardando janela de seleção...
2025-11-06 18:36:57,527 - INFO - ⌛ Aguardando janela de seleção...
2025-11-06 18:37:17,572 - INFO - ⌛ Aguardando janela de seleção...
2025-11-06 18:37:37,607 - INFO - ⌛ Aguardando janela de seleção...
2025-11-06 18:37:57,656 - INFO - ⌛ Aguardando janela de seleção...
2025-11-06 18:38:17,957 - INFO - ⏱️ Tempo limite atingido. Abortando seleção
2025-11-06 18:38:35,195 - INFO - ⌛ Aguardando janela de confirmação de desbloqueio...
2025-11-06 18:38:55,259 - INFO - ⌛ Aguardando janela de confirmação de desbloqueio...
2025-11-06 18:39:15,574 - INFO - ⌛ Aguardando janela de confirmação de desbloqueio...
2025-11-06 18:39:35,926 - INFO - ⌛ Aguardando janela de confirmação de desbloqueio...
2025-11-06 18:39:56,269 - INFO - ⌛ Aguardando janela de confirmação de desbloqueio...
2025-11-06 18:40:16,572 - INFO - ⌛ Aguardando janela de confirmação de desbloqueio...
2025-11-06 18:40:36,914 - INFO - ⌛ Aguardando janela de confirmação de desbloqueio...
2025-11-06 18:40:57,284 - INFO - ⌛ Aguardando janela de confirmação de desbloqueio...
2025-11-06 18:41:17,591 - INFO - ⌛ Aguardando janela de confirmação de desbloqueio...
2025-11-06 18:41:37,682 - INFO - ⌛ Aguardando janela de confirmação de desbloqueio...
2025-11-06 18:41:58,064 - INFO - ⌛ Aguardando janela de confirmação de desbloqueio...
2025-11-06 18:42:18,373 - INFO - ⌛ Aguardando janela de confirmação de desbloqueio...
2025-11-06 18:42:38,467 - INFO - ⌛ Aguardando janela de confirmação de desbloqueio...
2025-11-06 18:42:58,848 - INFO - ⌛ Aguardando janela de confirmação de desbloqueio...
2025-11-06 18:43:19,171 - INFO - ⌛ Aguardando janela de confirmação de desbloqueio...
2025-11-06 18:43:39,260 - INFO - ⌛ Aguardando janela de confirmação de desbloqueio...
2025-11-06 18:43:59,644 - INFO - ⌛ Aguardando janela de confirmação de desbloqueio...
2025-11-06 18:44:19,959 - INFO - ⌛ Aguardando janela de confirmação de desbloqueio...
2025-11-06 18:44:40,264 - INFO - ⌛ Aguardando janela de confirmação de desbloqueio...
2025-11-06 18:45:00,608 - INFO - ⌛ Aguardando janela de confirmação de desbloqueio...
2025-11-06 18:45:20,776 - INFO - ⌛ Aguardando janela de confirmação de desbloqueio...
2025-11-06 18:45:41,081 - INFO - ⌛ Aguardando janela de confirmação de desbloqueio...
2025-11-06 18:46:01,418 - INFO - ⌛ Aguardando janela de confirmação de desbloqueio...
2025-11-06 18:46:21,754 - INFO - ⌛ Aguardando janela de confirmação de desbloqueio...
2025-11-06 18:46:42,066 - INFO - ⌛ Aguardando janela de confirmação de desbloqueio...
2025-11-06 18:47:02,328 - INFO - ⌛ Aguardando janela de confirmação de desbloqueio...
2025-11-06 18:47:22,738 - INFO - ⌛ Aguardando janela de confirmação de desbloqueio...
2025-11-06 18:47:43,059 - INFO - ⌛ Aguardando janela de confirmação de desbloqueio...
2025-11-06 18:48:03,376 - INFO - ⌛ Aguardando janela de confirmação de desbloqueio...
2025-11-06 18:48:23,721 - INFO - ⌛ Aguardando janela de confirmação de desbloqueio...
2025-11-06 18:48:44,068 - INFO - ⏱️ Tempo limite atingido. Abortando etapa
2025-11-06 18:49:15,320 - INFO - ⌛ Aguardando janela de edição de OS...
2025-11-06 18:49:35,432 - INFO - ⌛ Aguardando janela de edição de OS...
2025-11-06 18:49:56,116 - INFO - ⌛ Aguardando janela de edição de OS...
2025-11-06 18:50:16,764 - INFO - ⌛ Aguardando janela de edição de OS...
2025-11-06 18:50:37,368 - INFO - ⌛ Aguardando janela de edição de OS...
2025-11-06 18:50:58,038 - INFO - ⌛ Aguardando janela de edição de OS...
2025-11-06 18:51:18,943 - INFO - ⌛ Aguardando janela de edição de OS...
2025-11-06 18:51:39,800 - INFO - ⌛ Aguardando janela de edição de OS...
2025-11-06 18:52:00,393 - INFO - ⌛ Aguardando janela de edição de OS...
2025-11-06 18:52:21,420 - INFO - ⌛ Aguardando janela de edição de OS...
2025-11-06 18:52:42,035 - INFO - ⌛ Aguardando janela de edição de OS...
2025-11-06 18:53:03,001 - INFO - ⌛ Aguardando janela de edição de OS...
2025-11-06 18:53:23,606 - INFO - ⌛ Aguardando janela de edição de OS...
2025-11-06 18:53:44,551 - INFO - ⌛ Aguardando janela de edição de OS...
2025-11-06 18:54:05,095 - INFO - ⌛ Aguardando janela de edição de OS...
2025-11-06 18:54:26,172 - INFO - ⌛ Aguardando janela de edição de OS...
2025-11-06 18:54:46,986 - INFO - ⌛ Aguardando janela de edição de OS...
2025-11-06 18:55:07,629 - INFO - ⌛ Aguardando janela de edição de OS...
2025-11-06 18:55:28,586 - INFO - ⌛ Aguardando janela de edição de OS...
2025-11-06 18:55:49,206 - INFO - ⌛ Aguardando janela de edição de OS...
2025-11-06 18:56:10,097 - INFO - ⌛ Aguardando janela de edição de OS...
2025-11-06 18:56:30,709 - INFO - ⌛ Aguardando janela de edição de OS...
2025-11-06 18:56:51,659 - INFO - ⌛ Aguardando janela de edição de OS...
2025-11-06 18:57:12,304 - INFO - ⌛ Aguardando janela de edição de OS...
2025-11-06 18:57:33,201 - INFO - ⌛ Aguardando janela de edição de OS...
2025-11-06 18:57:53,812 - INFO - ⌛ Aguardando janela de edição de OS...
2025-11-06 18:58:14,781 - INFO - ⌛ Aguardando janela de edição de OS...
2025-11-06 18:58:35,348 - INFO - ⌛ Aguardando janela de edição de OS...
2025-11-06 18:58:56,406 - INFO - ⏱️ Tempo limite atingido. Abortando seleção
2025-11-06 18:59:27,664 - INFO - ⌛ Aguardando janela de confirmação de programação de OS...
2025-11-06 18:59:47,731 - INFO - ⌛ Aguardando janela de confirmação de programação de OS...
2025-11-06 19:00:08,042 - INFO - ⌛ Aguardando janela de confirmação de programação de OS...
2025-11-06 19:00:28,404 - INFO - ⌛ Aguardando janela de confirmação de programação de OS...
2025-11-06 19:00:48,781 - INFO - ⌛ Aguardando janela de confirmação de programação de OS...
2025-11-06 19:01:09,104 - INFO - ⌛ Aguardando janela de confirmação de programação de OS...
2025-11-06 19:01:29,416 - INFO - ⌛ Aguardando janela de confirmação de programação de OS...
2025-11-06 19:01:49,777 - INFO - ⌛ Aguardando janela de confirmação de programação de OS...
2025-11-06 19:02:10,374 - INFO - ⌛ Aguardando janela de confirmação de programação de OS...
2025-11-06 19:02:30,741 - INFO - ⌛ Aguardando janela de confirmação de programação de OS...
2025-11-06 19:02:51,053 - INFO - ⌛ Aguardando janela de confirmação de programação de OS...
2025-11-06 19:03:11,406 - INFO - ⌛ Aguardando janela de confirmação de programação de OS...
2025-11-06 19:03:31,810 - INFO - ⌛ Aguardando janela de confirmação de programação de OS...
2025-11-06 19:03:52,122 - INFO - ⌛ Aguardando janela de confirmação de programação de OS...
2025-11-06 19:04:12,232 - INFO - ⌛ Aguardando janela de confirmação de programação de OS...
2025-11-06 19:04:32,635 - INFO - ⌛ Aguardando janela de confirmação de programação de OS...
2025-11-06 19:04:52,945 - INFO - ⌛ Aguardando janela de confirmação de programação de OS...
2025-11-06 19:05:13,048 - INFO - ⌛ Aguardando janela de confirmação de programação de OS...
2025-11-06 19:05:33,437 - INFO - ⌛ Aguardando janela de confirmação de programação de OS...
2025-11-06 19:05:53,750 - INFO - ⌛ Aguardando janela de confirmação de programação de OS...
2025-11-06 19:06:13,847 - INFO - ⌛ Aguardando janela de confirmação de programação de OS...
2025-11-06 19:06:34,235 - INFO - ⌛ Aguardando janela de confirmação de programação de OS...
2025-11-06 19:06:54,544 - INFO - ⌛ Aguardando janela de confirmação de programação de OS...
2025-11-06 19:07:14,867 - INFO - ⌛ Aguardando janela de confirmação de programação de OS...
2025-11-06 19:07:35,225 - INFO - ⌛ Aguardando janela de confirmação de programação de OS...
2025-11-06 19:07:55,565 - INFO - ⌛ Aguardando janela de confirmação de programação de OS...
2025-11-06 19:08:15,892 - INFO - ⌛ Aguardando janela de confirmação de programação de OS...
2025-11-06 19:08:36,147 - INFO - ⌛ Aguardando janela de confirmação de programação de OS...
2025-11-06 19:08:56,522 - INFO - ⌛ Aguardando janela de confirmação de programação de OS...
2025-11-06 19:09:16,834 - INFO - ⏱️ Tempo limite atingido. Abortando seleção
2025-11-06 19:09:17,117 - INFO - 
=== Iniciando lote 3/7 [LM] ===
2025-11-06 19:09:23,988 - INFO - ⌛ Aguardando janela de seleção...
2025-11-06 19:09:44,039 - INFO - ⌛ Aguardando janela de seleção...
2025-11-06 19:10:04,393 - INFO - ⌛ Aguardando janela de seleção...
2025-11-06 19:10:24,744 - INFO - ⌛ Aguardando janela de seleção...
2025-11-06 19:10:45,036 - INFO - ⌛ Aguardando janela de seleção...
2025-11-06 19:11:05,375 - INFO - ⌛ Aguardando janela de seleção...
2025-11-06 19:11:25,751 - INFO - ⌛ Aguardando janela de seleção...
2025-11-06 19:11:46,062 - INFO - ⌛ Aguardando janela de seleção...
2025-11-06 19:12:06,206 - INFO - ⌛ Aguardando janela de seleção...
2025-11-06 19:12:26,554 - INFO - ⌛ Aguardando janela de seleção...
2025-11-06 19:12:46,871 - INFO - ⌛ Aguardando janela de seleção...
2025-11-06 19:13:07,158 - INFO - ⌛ Aguardando janela de seleção...
2025-11-06 19:13:27,504 - INFO - ⌛ Aguardando janela de seleção...
2025-11-06 19:13:47,830 - INFO - ⌛ Aguardando janela de seleção...
2025-11-06 19:14:08,131 - INFO - ⌛ Aguardando janela de seleção...
2025-11-06 19:14:28,470 - INFO - ⌛ Aguardando janela de seleção...
2025-11-06 19:14:48,813 - INFO - ⌛ Aguardando janela de seleção...
2025-11-06 19:15:09,111 - INFO - ⌛ Aguardando janela de seleção...
2025-11-06 19:15:29,372 - INFO - ⌛ Aguardando janela de seleção...
2025-11-06 19:15:49,742 - INFO - ⌛ Aguardando janela de seleção...
2025-11-06 19:16:10,049 - INFO - ⌛ Aguardando janela de seleção...
2025-11-06 19:16:30,133 - INFO - ⌛ Aguardando janela de seleção...
2025-11-06 19:16:50,483 - INFO - ⌛ Aguardando janela de seleção...
2025-11-06 19:17:10,791 - INFO - ⌛ Aguardando janela de seleção...
2025-11-06 19:17:30,911 - INFO - ⌛ Aguardando janela de seleção...
2025-11-06 19:17:51,310 - INFO - ⌛ Aguardando janela de seleção...
2025-11-06 19:18:11,666 - INFO - ⌛ Aguardando janela de seleção...
2025-11-06 19:18:31,983 - INFO - ⌛ Aguardando janela de seleção...
2025-11-06 19:18:52,233 - INFO - ⌛ Aguardando janela de seleção...
2025-11-06 19:19:12,621 - INFO - ⌛ Aguardando janela de seleção...
2025-11-06 19:19:32,973 - INFO - ⏱️ Tempo limite atingido. Abortando seleção
2025-11-06 19:19:50,221 - INFO - ⌛ Aguardando janela de confirmação de desbloqueio...
2025-11-06 19:20:10,295 - INFO - ⌛ Aguardando janela de confirmação de desbloqueio...
2025-11-06 19:20:30,600 - INFO - ⌛ Aguardando janela de confirmação de desbloqueio...
2025-11-06 19:20:50,918 - INFO - ⌛ Aguardando janela de confirmação de desbloqueio...
2025-11-06 19:21:11,335 - INFO - ⌛ Aguardando janela de confirmação de desbloqueio...
2025-11-06 19:21:31,636 - INFO - ⌛ Aguardando janela de confirmação de desbloqueio...
2025-11-06 19:21:51,751 - INFO - ⌛ Aguardando janela de confirmação de desbloqueio...
2025-11-06 19:22:12,125 - INFO - ⌛ Aguardando janela de confirmação de desbloqueio...
2025-11-06 19:22:32,431 - INFO - ⌛ Aguardando janela de confirmação de desbloqueio...
2025-11-06 19:22:52,616 - INFO - ⌛ Aguardando janela de confirmação de desbloqueio...
2025-11-06 19:23:13,280 - INFO - ⌛ Aguardando janela de confirmação de desbloqueio...
2025-11-06 19:23:33,617 - INFO - ⌛ Aguardando janela de confirmação de desbloqueio...
2025-11-06 19:23:53,930 - INFO - ⌛ Aguardando janela de confirmação de desbloqueio...
2025-11-06 19:24:14,153 - INFO - ⌛ Aguardando janela de confirmação de desbloqueio...
2025-11-06 19:24:34,548 - INFO - ⌛ Aguardando janela de confirmação de desbloqueio...
2025-11-06 19:24:54,868 - INFO - ⌛ Aguardando janela de confirmação de desbloqueio...
2025-11-06 19:25:14,972 - INFO - ⌛ Aguardando janela de confirmação de desbloqueio...
2025-11-06 19:25:35,345 - INFO - ⌛ Aguardando janela de confirmação de desbloqueio...
2025-11-06 19:25:55,664 - INFO - ⌛ Aguardando janela de confirmação de desbloqueio...
2025-11-06 19:26:15,977 - INFO - ⌛ Aguardando janela de confirmação de desbloqueio...
2025-11-06 19:26:36,318 - INFO - ⌛ Aguardando janela de confirmação de desbloqueio...
2025-11-06 19:26:56,661 - INFO - ⌛ Aguardando janela de confirmação de desbloqueio...
2025-11-06 19:27:16,971 - INFO - ⌛ Aguardando janela de confirmação de desbloqueio...
2025-11-06 19:27:37,207 - INFO - ⌛ Aguardando janela de confirmação de desbloqueio...
2025-11-06 19:27:57,590 - INFO - ⌛ Aguardando janela de confirmação de desbloqueio...
2025-11-06 19:28:17,894 - INFO - ⌛ Aguardando janela de confirmação de desbloqueio...
2025-11-06 19:28:37,965 - INFO - ⌛ Aguardando janela de confirmação de desbloqueio...
2025-11-06 19:28:58,339 - INFO - ⌛ Aguardando janela de confirmação de desbloqueio...
2025-11-06 19:29:18,652 - INFO - ⌛ Aguardando janela de confirmação de desbloqueio...
2025-11-06 19:29:38,730 - INFO - ⌛ Aguardando janela de confirmação de desbloqueio...
2025-11-06 19:29:59,125 - INFO - ⏱️ Tempo limite atingido. Abortando etapa
2025-11-06 19:30:30,339 - INFO - ⌛ Aguardando janela de edição de OS...
2025-11-06 19:30:50,452 - INFO - ⌛ Aguardando janela de edição de OS...
2025-11-06 19:31:11,509 - INFO - ⌛ Aguardando janela de edição de OS...
2025-11-06 19:31:32,134 - INFO - ⌛ Aguardando janela de edição de OS...
2025-11-06 19:31:53,065 - INFO - ⌛ Aguardando janela de edição de OS...
2025-11-06 19:32:13,753 - INFO - ⌛ Aguardando janela de edição de OS...
2025-11-06 19:32:34,671 - INFO - ⌛ Aguardando janela de edição de OS...
2025-11-06 19:32:55,250 - INFO - ⌛ Aguardando janela de edição de OS...
2025-11-06 19:33:16,278 - INFO - ⌛ Aguardando janela de edição de OS...
2025-11-06 19:33:36,951 - INFO - ⌛ Aguardando janela de edição de OS...
2025-11-06 19:33:57,893 - INFO - ⌛ Aguardando janela de edição de OS...
2025-11-06 19:34:18,495 - INFO - ⌛ Aguardando janela de edição de OS...
2025-11-06 19:34:39,509 - INFO - ⌛ Aguardando janela de edição de OS...
2025-11-06 19:35:00,117 - INFO - ⌛ Aguardando janela de edição de OS...
2025-11-06 19:35:21,100 - INFO - ⌛ Aguardando janela de edição de OS...
2025-11-06 19:35:41,711 - INFO - ⌛ Aguardando janela de edição de OS...
2025-11-06 19:36:02,673 - INFO - ⌛ Aguardando janela de edição de OS...
2025-11-06 19:36:23,289 - INFO - ⌛ Aguardando janela de edição de OS...
2025-11-06 19:36:44,238 - INFO - ⌛ Aguardando janela de edição de OS...
2025-11-06 19:37:04,891 - INFO - ⌛ Aguardando janela de edição de OS...
2025-11-06 19:37:25,821 - INFO - ⌛ Aguardando janela de edição de OS...
2025-11-06 19:37:46,394 - INFO - ⌛ Aguardando janela de edição de OS...
2025-11-06 19:38:07,384 - INFO - ⌛ Aguardando janela de edição de OS...
2025-11-06 19:38:28,030 - INFO - ⌛ Aguardando janela de edição de OS...
2025-11-06 19:38:48,988 - INFO - ⌛ Aguardando janela de edição de OS...
2025-11-06 19:39:09,555 - INFO - ⌛ Aguardando janela de edição de OS...
2025-11-06 19:39:30,594 - INFO - ⌛ Aguardando janela de edição de OS...
2025-11-06 19:39:51,241 - INFO - ⌛ Aguardando janela de edição de OS...
2025-11-06 19:40:12,192 - INFO - ⏱️ Tempo limite atingido. Abortando seleção
2025-11-06 19:40:43,791 - INFO - ⌛ Aguardando janela de confirmação de programação de OS...
2025-11-06 19:41:03,837 - INFO - ⌛ Aguardando janela de confirmação de programação de OS...
2025-11-06 19:41:24,146 - INFO - ⌛ Aguardando janela de confirmação de programação de OS...
2025-11-06 19:41:44,486 - INFO - ⌛ Aguardando janela de confirmação de programação de OS...
2025-11-06 19:42:04,877 - INFO - ⌛ Aguardando janela de confirmação de programação de OS...
2025-11-06 19:42:25,188 - INFO - ⌛ Aguardando janela de confirmação de programação de OS...
2025-11-06 19:42:45,375 - INFO - ⌛ Aguardando janela de confirmação de programação de OS...
2025-11-06 19:43:05,762 - INFO - ⌛ Aguardando janela de confirmação de programação de OS...
2025-11-06 19:43:26,072 - INFO - ⌛ Aguardando janela de confirmação de programação de OS...
2025-11-06 19:43:46,147 - INFO - ⌛ Aguardando janela de confirmação de programação de OS...
2025-11-06 19:44:06,526 - INFO - ⌛ Aguardando janela de confirmação de programação de OS...
2025-11-06 19:44:26,885 - INFO - ⌛ Aguardando janela de confirmação de programação de OS...
2025-11-06 19:44:47,199 - INFO - ⌛ Aguardando janela de confirmação de programação de OS...
2025-11-06 19:45:07,543 - INFO - ⌛ Aguardando janela de confirmação de programação de OS...
2025-11-06 19:45:27,889 - INFO - ⌛ Aguardando janela de confirmação de programação de OS...
2025-11-06 19:45:48,199 - INFO - ⌛ Aguardando janela de confirmação de programação de OS...
2025-11-06 19:46:08,393 - INFO - ⌛ Aguardando janela de confirmação de programação de OS...
2025-11-06 19:46:28,776 - INFO - ⌛ Aguardando janela de confirmação de programação de OS...
2025-11-06 19:46:49,086 - INFO - ⌛ Aguardando janela de confirmação de programação de OS...
2025-11-06 19:47:09,207 - INFO - ⌛ Aguardando janela de confirmação de programação de OS...
2025-11-06 19:47:29,576 - INFO - ⌛ Aguardando janela de confirmação de programação de OS...
2025-11-06 19:47:49,888 - INFO - ⌛ Aguardando janela de confirmação de programação de OS...
2025-11-06 19:48:10,001 - INFO - ⌛ Aguardando janela de confirmação de programação de OS...
2025-11-06 19:48:30,372 - INFO - ⌛ Aguardando janela de confirmação de programação de OS...
2025-11-06 19:48:50,683 - INFO - ⌛ Aguardando janela de confirmação de programação de OS...
2025-11-06 19:49:10,808 - INFO - ⌛ Aguardando janela de confirmação de programação de OS...
2025-11-06 19:49:31,194 - INFO - ⌛ Aguardando janela de confirmação de programação de OS...
2025-11-06 19:49:51,520 - INFO - ⌛ Aguardando janela de confirmação de programação de OS...
2025-11-06 19:50:11,630 - INFO - ⌛ Aguardando janela de confirmação de programação de OS...
2025-11-06 19:50:32,005 - INFO - ⏱️ Tempo limite atingido. Abortando seleção
2025-11-06 19:50:32,276 - INFO - 
=== Iniciando lote 4/7 [LM] ===
2025-11-06 19:50:39,157 - INFO - ⌛ Aguardando janela de seleção...
2025-11-06 19:50:59,204 - INFO - ⌛ Aguardando janela de seleção...
2025-11-06 19:51:19,563 - INFO - ⌛ Aguardando janela de seleção...
2025-11-06 19:51:39,906 - INFO - ⌛ Aguardando janela de seleção...
2025-11-06 19:52:00,198 - INFO - ⌛ Aguardando janela de seleção...
2025-11-06 19:52:20,559 - INFO - ⌛ Aguardando janela de seleção...
2025-11-06 19:52:40,957 - INFO - ⌛ Aguardando janela de seleção...
2025-11-06 19:53:01,255 - INFO - ⌛ Aguardando janela de seleção...
2025-11-06 19:53:21,454 - INFO - ⌛ Aguardando janela de seleção...
2025-11-06 19:53:41,827 - INFO - ⌛ Aguardando janela de seleção...
2025-11-06 19:54:02,118 - INFO - ⌛ Aguardando janela de seleção...
2025-11-06 19:54:22,410 - INFO - ⌛ Aguardando janela de seleção...
2025-11-06 19:54:42,744 - INFO - ⌛ Aguardando janela de seleção...
2025-11-06 19:55:03,076 - INFO - ⌛ Aguardando janela de seleção...
2025-11-06 19:55:23,376 - INFO - ⌛ Aguardando janela de seleção...
2025-11-06 19:55:43,611 - INFO - ⌛ Aguardando janela de seleção...
2025-11-06 19:56:03,949 - INFO - ⌛ Aguardando janela de seleção...
2025-11-06 19:56:24,353 - INFO - ⌛ Aguardando janela de seleção...
2025-11-06 19:56:44,708 - INFO - ⌛ Aguardando janela de seleção...
2025-11-06 19:57:05,010 - INFO - ⌛ Aguardando janela de seleção...
2025-11-06 19:57:25,342 - INFO - ⌛ Aguardando janela de seleção...
2025-11-06 19:57:45,732 - INFO - ⌛ Aguardando janela de seleção...
2025-11-06 19:58:06,020 - INFO - ⌛ Aguardando janela de seleção...
2025-11-06 19:58:26,164 - INFO - ⌛ Aguardando janela de seleção...
2025-11-06 19:58:46,564 - INFO - ⌛ Aguardando janela de seleção...
2025-11-06 19:59:06,886 - INFO - ⌛ Aguardando janela de seleção...
2025-11-06 19:59:26,944 - INFO - ⌛ Aguardando janela de seleção...
2025-11-06 19:59:47,303 - INFO - ⌛ Aguardando janela de seleção...
2025-11-06 20:00:07,616 - INFO - ⌛ Aguardando janela de seleção...
2025-11-06 20:00:27,730 - INFO - ⌛ Aguardando janela de seleção...
2025-11-06 20:00:48,107 - INFO - ⏱️ Tempo limite atingido. Abortando seleção
2025-11-06 20:01:05,381 - INFO - ⌛ Aguardando janela de confirmação de desbloqueio...
2025-11-06 20:01:25,435 - INFO - ⌛ Aguardando janela de confirmação de desbloqueio...
2025-11-06 20:01:45,762 - INFO - ⌛ Aguardando janela de confirmação de desbloqueio...
2025-11-06 20:02:06,110 - INFO - ⌛ Aguardando janela de confirmação de desbloqueio...
2025-11-06 20:02:26,502 - INFO - ⌛ Aguardando janela de confirmação de desbloqueio...
2025-11-06 20:02:46,816 - INFO - ⌛ Aguardando janela de confirmação de desbloqueio...
2025-11-06 20:03:06,935 - INFO - ⌛ Aguardando janela de confirmação de desbloqueio...
2025-11-06 20:03:27,308 - INFO - ⌛ Aguardando janela de confirmação de desbloqueio...
2025-11-06 20:03:47,631 - INFO - ⌛ Aguardando janela de confirmação de desbloqueio...
2025-11-06 20:04:07,714 - INFO - ⌛ Aguardando janela de confirmação de desbloqueio...
2025-11-06 20:04:28,096 - INFO - ⌛ Aguardando janela de confirmação de desbloqueio...
2025-11-06 20:04:48,410 - INFO - ⌛ Aguardando janela de confirmação de desbloqueio...
2025-11-06 20:05:08,496 - INFO - ⌛ Aguardando janela de confirmação de desbloqueio...
2025-11-06 20:05:28,876 - INFO - ⌛ Aguardando janela de confirmação de desbloqueio...
2025-11-06 20:05:49,185 - INFO - ⌛ Aguardando janela de confirmação de desbloqueio...
2025-11-06 20:06:09,280 - INFO - ⌛ Aguardando janela de confirmação de desbloqueio...
2025-11-06 20:06:29,666 - INFO - ⌛ Aguardando janela de confirmação de desbloqueio...
2025-11-06 20:06:49,976 - INFO - ⌛ Aguardando janela de confirmação de desbloqueio...
2025-11-06 20:07:10,287 - INFO - ⌛ Aguardando janela de confirmação de desbloqueio...
2025-11-06 20:07:30,622 - INFO - ⌛ Aguardando janela de confirmação de desbloqueio...
2025-11-06 20:07:50,971 - INFO - ⌛ Aguardando janela de confirmação de desbloqueio...
2025-11-06 20:08:11,294 - INFO - ⌛ Aguardando janela de confirmação de desbloqueio...
2025-11-06 20:08:31,604 - INFO - ⌛ Aguardando janela de confirmação de desbloqueio...
2025-11-06 20:08:51,981 - INFO - ⌛ Aguardando janela de confirmação de desbloqueio...
2025-11-06 20:09:12,300 - INFO - ⌛ Aguardando janela de confirmação de desbloqueio...
2025-11-06 20:09:32,463 - INFO - ⌛ Aguardando janela de confirmação de desbloqueio...
2025-11-06 20:09:52,844 - INFO - ⌛ Aguardando janela de confirmação de desbloqueio...
2025-11-06 20:10:13,161 - INFO - ⌛ Aguardando janela de confirmação de desbloqueio...
2025-11-06 20:10:33,260 - INFO - ⌛ Aguardando janela de confirmação de desbloqueio...
2025-11-06 20:10:53,631 - INFO - ⌛ Aguardando janela de confirmação de desbloqueio...
2025-11-06 20:11:13,938 - INFO - ⏱️ Tempo limite atingido. Abortando etapa
2025-11-06 20:11:45,438 - INFO - ⌛ Aguardando janela de edição de OS...
2025-11-06 20:12:05,522 - INFO - ⌛ Aguardando janela de edição de OS...
2025-11-06 20:12:26,197 - INFO - ⌛ Aguardando janela de edição de OS...
2025-11-06 20:12:46,848 - INFO - ⌛ Aguardando janela de edição de OS...
2025-11-06 20:13:07,546 - INFO - ⌛ Aguardando janela de edição de OS...
2025-11-06 20:13:28,189 - INFO - ⌛ Aguardando janela de edição de OS...
2025-11-06 20:13:48,882 - INFO - ⌛ Aguardando janela de edição de OS...
2025-11-06 20:14:09,763 - INFO - ⌛ Aguardando janela de edição de OS...
2025-11-06 20:14:30,614 - INFO - ⌛ Aguardando janela de edição de OS...
2025-11-06 20:14:51,276 - INFO - ⌛ Aguardando janela de edição de OS...
2025-11-06 20:15:12,216 - INFO - ⌛ Aguardando janela de edição de OS...
2025-11-06 20:15:32,888 - INFO - ⌛ Aguardando janela de edição de OS...
2025-11-06 20:15:53,747 - INFO - ⌛ Aguardando janela de edição de OS...
2025-11-06 20:16:14,389 - INFO - ⌛ Aguardando janela de edição de OS...
2025-11-06 20:16:35,323 - INFO - ⌛ Aguardando janela de edição de OS...
2025-11-06 20:16:55,988 - INFO - ⌛ Aguardando janela de edição de OS...
2025-11-06 20:17:16,871 - INFO - ⌛ Aguardando janela de edição de OS...
2025-11-06 20:17:37,490 - INFO - ⌛ Aguardando janela de edição de OS...
2025-11-06 20:17:58,435 - INFO - ⌛ Aguardando janela de edição de OS...
2025-11-06 20:18:19,037 - INFO - ⌛ Aguardando janela de edição de OS...
2025-11-06 20:18:40,041 - INFO - ⌛ Aguardando janela de edição de OS...
2025-11-06 20:19:00,686 - INFO - ⌛ Aguardando janela de edição de OS...
2025-11-06 20:19:21,617 - INFO - ⌛ Aguardando janela de edição de OS...
2025-11-06 20:19:42,258 - INFO - ⌛ Aguardando janela de edição de OS...
2025-11-06 20:20:03,218 - INFO - ⌛ Aguardando janela de edição de OS...
2025-11-06 20:20:23,796 - INFO - ⌛ Aguardando janela de edição de OS...
2025-11-06 20:20:44,837 - INFO - ⌛ Aguardando janela de edição de OS...
2025-11-06 20:21:05,454 - INFO - ⌛ Aguardando janela de edição de OS...
2025-11-06 20:21:26,365 - INFO - ⏱️ Tempo limite atingido. Abortando seleção
2025-11-06 20:21:57,605 - INFO - ⌛ Aguardando janela de confirmação de programação de OS...
2025-11-06 20:22:17,665 - INFO - ⌛ Aguardando janela de confirmação de programação de OS...
2025-11-06 20:22:37,972 - INFO - ⌛ Aguardando janela de confirmação de programação de OS...
2025-11-06 20:22:58,305 - INFO - ⌛ Aguardando janela de confirmação de programação de OS...
2025-11-06 20:23:18,712 - INFO - ⌛ Aguardando janela de confirmação de programação de OS...
2025-11-06 20:23:39,028 - INFO - ⌛ Aguardando janela de confirmação de programação de OS...
2025-11-06 20:23:59,190 - INFO - ⌛ Aguardando janela de confirmação de programação de OS...
2025-11-06 20:24:19,567 - INFO - ⌛ Aguardando janela de confirmação de programação de OS...
2025-11-06 20:24:39,883 - INFO - ⌛ Aguardando janela de confirmação de programação de OS...
2025-11-06 20:24:59,987 - INFO - ⌛ Aguardando janela de confirmação de programação de OS...
2025-11-06 20:25:20,374 - INFO - ⌛ Aguardando janela de confirmação de programação de OS...
2025-11-06 20:25:40,673 - INFO - ⌛ Aguardando janela de confirmação de programação de OS...
2025-11-06 20:26:00,831 - INFO - ⌛ Aguardando janela de confirmação de programação de OS...
2025-11-06 20:26:21,256 - INFO - ⌛ Aguardando janela de confirmação de programação de OS...
2025-11-06 20:26:41,547 - INFO - ⌛ Aguardando janela de confirmação de programação de OS...
2025-11-06 20:27:01,689 - INFO - ⌛ Aguardando janela de confirmação de programação de OS...
2025-11-06 20:27:22,074 - INFO - ⌛ Aguardando janela de confirmação de programação de OS...
2025-11-06 20:27:42,381 - INFO - ⌛ Aguardando janela de confirmação de programação de OS...
2025-11-06 20:28:02,575 - INFO - ⌛ Aguardando janela de confirmação de programação de OS...
2025-11-06 20:28:22,955 - INFO - ⌛ Aguardando janela de confirmação de programação de OS...
2025-11-06 20:28:43,276 - INFO - ⌛ Aguardando janela de confirmação de programação de OS...
2025-11-06 20:29:03,461 - INFO - ⌛ Aguardando janela de confirmação de programação de OS...
2025-11-06 20:29:23,855 - INFO - ⌛ Aguardando janela de confirmação de programação de OS...
2025-11-06 20:29:44,186 - INFO - ⌛ Aguardando janela de confirmação de programação de OS...
2025-11-06 20:30:04,393 - INFO - ⌛ Aguardando janela de confirmação de programação de OS...
2025-11-06 20:30:24,780 - INFO - ⌛ Aguardando janela de confirmação de programação de OS...
2025-11-06 20:30:45,093 - INFO - ⌛ Aguardando janela de confirmação de programação de OS...
2025-11-06 20:31:05,276 - INFO - ⌛ Aguardando janela de confirmação de programação de OS...
2025-11-06 20:31:25,665 - INFO - ⌛ Aguardando janela de confirmação de programação de OS...
2025-11-06 20:31:45,981 - INFO - ⏱️ Tempo limite atingido. Abortando seleção
2025-11-06 20:31:46,230 - INFO - 
=== Iniciando lote 5/7 [LM] ===
2025-11-06 20:31:53,104 - INFO - ⌛ Aguardando janela de seleção...
2025-11-06 20:32:13,151 - INFO - ⌛ Aguardando janela de seleção...
2025-11-06 20:32:33,512 - INFO - ⌛ Aguardando janela de seleção...
2025-11-06 20:32:53,829 - INFO - ⌛ Aguardando janela de seleção...
2025-11-06 20:33:14,147 - INFO - ⌛ Aguardando janela de seleção...
2025-11-06 20:33:34,486 - INFO - ⌛ Aguardando janela de seleção...
2025-11-06 20:33:54,794 - INFO - ⌛ Aguardando janela de seleção...
2025-11-06 20:34:15,127 - INFO - ⌛ Aguardando janela de seleção...
2025-11-06 20:34:35,467 - INFO - ⌛ Aguardando janela de seleção...
2025-11-06 20:34:55,756 - INFO - ⌛ Aguardando janela de seleção...
2025-11-06 20:35:16,094 - INFO - ⌛ Aguardando janela de seleção...
2025-11-06 20:35:36,435 - INFO - ⌛ Aguardando janela de seleção...
2025-11-06 20:35:56,722 - INFO - ⌛ Aguardando janela de seleção...
2025-11-06 20:36:17,031 - INFO - ⌛ Aguardando janela de seleção...
2025-11-06 20:36:37,398 - INFO - ⌛ Aguardando janela de seleção...
2025-11-06 20:36:57,706 - INFO - ⌛ Aguardando janela de seleção...
2025-11-06 20:37:17,893 - INFO - ⌛ Aguardando janela de seleção...
2025-11-06 20:37:38,274 - INFO - ⌛ Aguardando janela de seleção...
2025-11-06 20:37:58,559 - INFO - ⌛ Aguardando janela de seleção...
2025-11-06 20:38:18,799 - INFO - ⌛ Aguardando janela de seleção...
2025-11-06 20:38:39,164 - INFO - ⌛ Aguardando janela de seleção...
2025-11-06 20:38:59,469 - INFO - ⌛ Aguardando janela de seleção...
2025-11-06 20:39:19,661 - INFO - ⌛ Aguardando janela de seleção...
2025-11-06 20:39:40,053 - INFO - ⌛ Aguardando janela de seleção...
2025-11-06 20:40:00,353 - INFO - ⌛ Aguardando janela de seleção...
2025-11-06 20:40:20,609 - INFO - ⌛ Aguardando janela de seleção...
2025-11-06 20:40:40,981 - INFO - ⌛ Aguardando janela de seleção...
2025-11-06 20:41:01,281 - INFO - ⌛ Aguardando janela de seleção...
2025-11-06 20:41:21,491 - INFO - ⌛ Aguardando janela de seleção...
2025-11-06 20:41:41,867 - INFO - ⌛ Aguardando janela de seleção...
2025-11-06 20:42:02,175 - INFO - ⏱️ Tempo limite atingido. Abortando seleção
2025-11-06 20:42:19,575 - INFO - ⌛ Aguardando janela de confirmação de desbloqueio...
2025-11-06 20:42:39,642 - INFO - ⌛ Aguardando janela de confirmação de desbloqueio...
2025-11-06 20:42:59,958 - INFO - ⌛ Aguardando janela de confirmação de desbloqueio...
2025-11-06 20:43:20,316 - INFO - ⌛ Aguardando janela de confirmação de desbloqueio...
2025-11-06 20:43:40,710 - INFO - ⌛ Aguardando janela de confirmação de desbloqueio...
2025-11-06 20:44:01,007 - INFO - ⌛ Aguardando janela de confirmação de desbloqueio...
2025-11-06 20:44:21,182 - INFO - ⌛ Aguardando janela de confirmação de desbloqueio...
2025-11-06 20:44:41,550 - INFO - ⌛ Aguardando janela de confirmação de desbloqueio...
2025-11-06 20:45:01,862 - INFO - ⌛ Aguardando janela de confirmação de desbloqueio...
2025-11-06 20:45:22,106 - INFO - ⌛ Aguardando janela de confirmação de desbloqueio...
2025-11-06 20:45:42,499 - INFO - ⌛ Aguardando janela de confirmação de desbloqueio...
2025-11-06 20:46:02,814 - INFO - ⌛ Aguardando janela de confirmação de desbloqueio...
2025-11-06 20:46:22,897 - INFO - ⌛ Aguardando janela de confirmação de desbloqueio...
2025-11-06 20:46:43,265 - INFO - ⌛ Aguardando janela de confirmação de desbloqueio...
2025-11-06 20:47:03,585 - INFO - ⌛ Aguardando janela de confirmação de desbloqueio...
2025-11-06 20:47:23,806 - INFO - ⌛ Aguardando janela de confirmação de desbloqueio...
2025-11-06 20:47:44,184 - INFO - ⌛ Aguardando janela de confirmação de desbloqueio...
2025-11-06 20:48:04,496 - INFO - ⌛ Aguardando janela de confirmação de desbloqueio...
2025-11-06 20:48:24,694 - INFO - ⌛ Aguardando janela de confirmação de desbloqueio...
2025-11-06 20:48:45,086 - INFO - ⌛ Aguardando janela de confirmação de desbloqueio...
2025-11-06 20:49:05,396 - INFO - ⌛ Aguardando janela de confirmação de desbloqueio...
2025-11-06 20:49:25,607 - INFO - ⌛ Aguardando janela de confirmação de desbloqueio...
2025-11-06 20:49:45,988 - INFO - ⌛ Aguardando janela de confirmação de desbloqueio...
2025-11-06 20:50:06,306 - INFO - ⌛ Aguardando janela de confirmação de desbloqueio...
2025-11-06 20:50:26,531 - INFO - ⌛ Aguardando janela de confirmação de desbloqueio...
2025-11-06 20:50:46,903 - INFO - ⌛ Aguardando janela de confirmação de desbloqueio...
2025-11-06 20:51:07,225 - INFO - ⌛ Aguardando janela de confirmação de desbloqueio...
2025-11-06 20:51:27,419 - INFO - ⌛ Aguardando janela de confirmação de desbloqueio...
2025-11-06 20:51:47,796 - INFO - ⌛ Aguardando janela de confirmação de desbloqueio...
2025-11-06 20:52:08,115 - INFO - ⌛ Aguardando janela de confirmação de desbloqueio...
2025-11-06 20:52:28,287 - INFO - ⏱️ Tempo limite atingido. Abortando etapa
2025-11-06 20:52:59,978 - INFO - ⌛ Aguardando janela de edição de OS...
2025-11-06 20:53:20,065 - INFO - ⌛ Aguardando janela de edição de OS...
2025-11-06 20:53:41,086 - INFO - ⌛ Aguardando janela de edição de OS...
2025-11-06 20:54:01,696 - INFO - ⌛ Aguardando janela de edição de OS...
2025-11-06 20:54:22,674 - INFO - ⌛ Aguardando janela de edição de OS...
2025-11-06 20:54:43,499 - INFO - ⌛ Aguardando janela de edição de OS...
2025-11-06 20:55:04,349 - INFO - ⌛ Aguardando janela de edição de OS...
2025-11-06 20:55:25,206 - INFO - ⌛ Aguardando janela de edição de OS...
2025-11-06 20:55:45,724 - INFO - ⌛ Aguardando janela de edição de OS...
2025-11-06 20:56:06,773 - INFO - ⌛ Aguardando janela de edição de OS...
2025-11-06 20:56:27,440 - INFO - ⌛ Aguardando janela de edição de OS...
2025-11-06 20:56:48,416 - INFO - ⌛ Aguardando janela de edição de OS...
2025-11-06 20:57:09,253 - INFO - ⌛ Aguardando janela de edição de OS...
2025-11-06 20:57:30,103 - INFO - ⌛ Aguardando janela de edição de OS...
2025-11-06 20:57:50,675 - INFO - ⌛ Aguardando janela de edição de OS...
2025-11-06 20:58:11,248 - INFO - ⌛ Aguardando janela de edição de OS...
2025-11-06 20:58:32,100 - INFO - ⌛ Aguardando janela de edição de OS...
2025-11-06 20:58:52,931 - INFO - ⌛ Aguardando janela de edição de OS...
2025-11-06 20:59:13,781 - INFO - ⌛ Aguardando janela de edição de OS...
2025-11-06 20:59:34,597 - INFO - ⌛ Aguardando janela de edição de OS...
2025-11-06 20:59:54,955 - INFO - ⌛ Aguardando janela de edição de OS...
2025-11-06 21:00:15,556 - INFO - ⌛ Aguardando janela de edição de OS...
2025-11-06 21:00:36,171 - INFO - ⌛ Aguardando janela de edição de OS...
2025-11-06 21:00:56,816 - INFO - ⌛ Aguardando janela de edição de OS...
2025-11-06 21:01:17,497 - INFO - ⌛ Aguardando janela de edição de OS...
2025-11-06 21:01:38,134 - INFO - ⌛ Aguardando janela de edição de OS...
2025-11-06 21:01:59,037 - INFO - ⌛ Aguardando janela de edição de OS...
2025-11-06 21:02:19,611 - INFO - ⌛ Aguardando janela de edição de OS...
2025-11-06 21:02:40,184 - INFO - ⏱️ Tempo limite atingido. Abortando seleção
2025-11-06 21:03:11,440 - INFO - ⌛ Aguardando janela de confirmação de programação de OS...
2025-11-06 21:03:31,511 - INFO - ⌛ Aguardando janela de confirmação de programação de OS...
2025-11-06 21:03:51,855 - INFO - ⌛ Aguardando janela de confirmação de programação de OS...
2025-11-06 21:04:12,170 - INFO - ⌛ Aguardando janela de confirmação de programação de OS...
2025-11-06 21:04:32,513 - INFO - ⌛ Aguardando janela de confirmação de programação de OS...
2025-11-06 21:04:52,859 - INFO - ⌛ Aguardando janela de confirmação de programação de OS...
2025-11-06 21:05:13,165 - INFO - ⌛ Aguardando janela de confirmação de programação de OS...
2025-11-06 21:05:33,522 - INFO - ⌛ Aguardando janela de confirmação de programação de OS...
2025-11-06 21:05:53,903 - INFO - ⌛ Aguardando janela de confirmação de programação de OS...
2025-11-06 21:06:14,215 - INFO - ⌛ Aguardando janela de confirmação de programação de OS...
2025-11-06 21:06:34,385 - INFO - ⌛ Aguardando janela de confirmação de programação de OS...
2025-11-06 21:06:54,764 - INFO - ⌛ Aguardando janela de confirmação de programação de OS...
2025-11-06 21:07:15,078 - INFO - ⌛ Aguardando janela de confirmação de programação de OS...
2025-11-06 21:07:35,272 - INFO - ⌛ Aguardando janela de confirmação de programação de OS...
2025-11-06 21:07:55,652 - INFO - ⌛ Aguardando janela de confirmação de programação de OS...
2025-11-06 21:08:15,967 - INFO - ⌛ Aguardando janela de confirmação de programação de OS...
2025-11-06 21:08:36,120 - INFO - ⌛ Aguardando janela de confirmação de programação de OS...
2025-11-06 21:08:56,499 - INFO - ⌛ Aguardando janela de confirmação de programação de OS...
2025-11-06 21:09:16,803 - INFO - ⌛ Aguardando janela de confirmação de programação de OS...
2025-11-06 21:09:37,056 - INFO - ⌛ Aguardando janela de confirmação de programação de OS...
2025-11-06 21:09:57,438 - INFO - ⌛ Aguardando janela de confirmação de programação de OS...
2025-11-06 21:10:17,750 - INFO - ⌛ Aguardando janela de confirmação de programação de OS...
2025-11-06 21:10:37,911 - INFO - ⌛ Aguardando janela de confirmação de programação de OS...
2025-11-06 21:10:58,289 - INFO - ⌛ Aguardando janela de confirmação de programação de OS...
2025-11-06 21:11:18,591 - INFO - ⌛ Aguardando janela de confirmação de programação de OS...
2025-11-06 21:11:38,781 - INFO - ⌛ Aguardando janela de confirmação de programação de OS...
2025-11-06 21:11:59,170 - INFO - ⌛ Aguardando janela de confirmação de programação de OS...
2025-11-06 21:12:19,488 - INFO - ⌛ Aguardando janela de confirmação de programação de OS...
2025-11-06 21:12:39,682 - INFO - ⌛ Aguardando janela de confirmação de programação de OS...
2025-11-06 21:13:00,064 - INFO - ⏱️ Tempo limite atingido. Abortando seleção
2025-11-06 21:13:00,328 - INFO - 
=== Iniciando lote 6/7 [LM] ===
2025-11-06 21:13:07,157 - INFO - ⌛ Aguardando janela de seleção...
2025-11-06 21:13:27,214 - INFO - ⌛ Aguardando janela de seleção...
2025-11-06 21:13:47,556 - INFO - ⌛ Aguardando janela de seleção...
2025-11-06 21:14:07,934 - INFO - ⌛ Aguardando janela de seleção...
2025-11-06 21:14:28,285 - INFO - ⌛ Aguardando janela de seleção...
2025-11-06 21:14:48,577 - INFO - ⌛ Aguardando janela de seleção...
2025-11-06 21:15:08,893 - INFO - ⌛ Aguardando janela de seleção...
2025-11-06 21:15:29,166 - INFO - ⌛ Aguardando janela de seleção...
2025-11-06 21:15:49,561 - INFO - ⌛ Aguardando janela de seleção...
2025-11-06 21:16:09,905 - INFO - ⌛ Aguardando janela de seleção...
2025-11-06 21:16:30,223 - INFO - ⌛ Aguardando janela de seleção...
2025-11-06 21:16:50,530 - INFO - ⌛ Aguardando janela de seleção...
2025-11-06 21:17:10,709 - INFO - ⌛ Aguardando janela de seleção...
2025-11-06 21:17:31,091 - INFO - ⌛ Aguardando janela de seleção...
2025-11-06 21:17:51,437 - INFO - ⌛ Aguardando janela de seleção...
2025-11-06 21:18:11,742 - INFO - ⌛ Aguardando janela de seleção...
2025-11-06 21:18:31,788 - INFO - ⌛ Aguardando janela de seleção...
2025-11-06 21:18:52,166 - INFO - ⌛ Aguardando janela de seleção...
2025-11-06 21:19:12,512 - INFO - ⌛ Aguardando janela de seleção...
2025-11-06 21:19:32,806 - INFO - ⌛ Aguardando janela de seleção...
2025-11-06 21:19:53,109 - INFO - ⌛ Aguardando janela de seleção...
2025-11-06 21:20:13,451 - INFO - ⌛ Aguardando janela de seleção...
2025-11-06 21:20:33,778 - INFO - ⌛ Aguardando janela de seleção...
2025-11-06 21:20:54,082 - INFO - ⌛ Aguardando janela de seleção...
2025-11-06 21:21:14,420 - INFO - ⌛ Aguardando janela de seleção...
2025-11-06 21:21:34,752 - INFO - ⌛ Aguardando janela de seleção...
2025-11-06 21:21:55,058 - INFO - ⌛ Aguardando janela de seleção...
2025-11-06 21:22:15,388 - INFO - ⌛ Aguardando janela de seleção...
2025-11-06 21:22:35,717 - INFO - ⌛ Aguardando janela de seleção...
2025-11-06 21:22:56,018 - INFO - ⌛ Aguardando janela de seleção...
2025-11-06 21:23:16,351 - INFO - ⏱️ Tempo limite atingido. Abortando seleção
2025-11-06 21:23:34,090 - INFO - ⌛ Aguardando janela de confirmação de desbloqueio...
2025-11-06 21:23:54,160 - INFO - ⌛ Aguardando janela de confirmação de desbloqueio...
2025-11-06 21:24:14,498 - INFO - ⌛ Aguardando janela de confirmação de desbloqueio...
2025-11-06 21:24:34,818 - INFO - ⌛ Aguardando janela de confirmação de desbloqueio...
2025-11-06 21:24:55,152 - INFO - ⌛ Aguardando janela de confirmação de desbloqueio...
2025-11-06 21:25:15,561 - INFO - ⌛ Aguardando janela de confirmação de desbloqueio...
2025-11-06 21:25:35,875 - INFO - ⌛ Aguardando janela de confirmação de desbloqueio...
2025-11-06 21:25:56,074 - INFO - ⌛ Aguardando janela de confirmação de desbloqueio...
2025-11-06 21:26:16,443 - INFO - ⌛ Aguardando janela de confirmação de desbloqueio...
2025-11-06 21:26:36,756 - INFO - ⌛ Aguardando janela de confirmação de desbloqueio...
2025-11-06 21:26:56,930 - INFO - ⌛ Aguardando janela de confirmação de desbloqueio...
2025-11-06 21:27:17,325 - INFO - ⌛ Aguardando janela de confirmação de desbloqueio...
2025-11-06 21:27:37,638 - INFO - ⌛ Aguardando janela de confirmação de desbloqueio...
2025-11-06 21:27:57,740 - INFO - ⌛ Aguardando janela de confirmação de desbloqueio...
2025-11-06 21:28:18,122 - INFO - ⌛ Aguardando janela de confirmação de desbloqueio...
2025-11-06 21:28:38,440 - INFO - ⌛ Aguardando janela de confirmação de desbloqueio...
2025-11-06 21:28:58,647 - INFO - ⌛ Aguardando janela de confirmação de desbloqueio...
2025-11-06 21:29:19,028 - INFO - ⌛ Aguardando janela de confirmação de desbloqueio...
2025-11-06 21:29:39,340 - INFO - ⌛ Aguardando janela de confirmação de desbloqueio...
2025-11-06 21:29:59,570 - INFO - ⌛ Aguardando janela de confirmação de desbloqueio...
2025-11-06 21:30:19,955 - INFO - ⌛ Aguardando janela de confirmação de desbloqueio...
2025-11-06 21:30:40,266 - INFO - ⌛ Aguardando janela de confirmação de desbloqueio...
2025-11-06 21:31:00,367 - INFO - ⌛ Aguardando janela de confirmação de desbloqueio...
2025-11-06 21:31:20,750 - INFO - ⌛ Aguardando janela de confirmação de desbloqueio...
2025-11-06 21:31:41,070 - INFO - ⌛ Aguardando janela de confirmação de desbloqueio...
2025-11-06 21:32:01,268 - INFO - ⌛ Aguardando janela de confirmação de desbloqueio...
2025-11-06 21:32:21,653 - INFO - ⌛ Aguardando janela de confirmação de desbloqueio...
2025-11-06 21:32:41,967 - INFO - ⌛ Aguardando janela de confirmação de desbloqueio...
2025-11-06 21:33:02,153 - INFO - ⌛ Aguardando janela de confirmação de desbloqueio...
2025-11-06 21:33:22,543 - INFO - ⌛ Aguardando janela de confirmação de desbloqueio...
2025-11-06 21:33:42,871 - INFO - ⏱️ Tempo limite atingido. Abortando etapa
2025-11-06 21:34:13,832 - INFO - ⌛ Aguardando janela de edição de OS...
2025-11-06 21:34:33,945 - INFO - ⌛ Aguardando janela de edição de OS...
2025-11-06 21:34:54,911 - INFO - ⌛ Aguardando janela de edição de OS...
2025-11-06 21:35:15,596 - INFO - ⌛ Aguardando janela de edição de OS...
2025-11-06 21:35:36,576 - INFO - ⌛ Aguardando janela de edição de OS...
2025-11-06 21:35:57,250 - INFO - ⌛ Aguardando janela de edição de OS...
2025-11-06 21:36:18,236 - INFO - ⌛ Aguardando janela de edição de OS...
2025-11-06 21:36:38,846 - INFO - ⌛ Aguardando janela de edição de OS...
2025-11-06 21:36:59,844 - INFO - ⌛ Aguardando janela de edição de OS...
2025-11-06 21:37:20,704 - INFO - ⌛ Aguardando janela de edição de OS...
2025-11-06 21:37:41,548 - INFO - ⌛ Aguardando janela de edição de OS...
2025-11-06 21:38:02,165 - INFO - ⌛ Aguardando janela de edição de OS...
2025-11-06 21:38:23,214 - INFO - ⌛ Aguardando janela de edição de OS...
2025-11-06 21:38:43,828 - INFO - ⌛ Aguardando janela de edição de OS...
2025-11-06 21:39:04,852 - INFO - ⌛ Aguardando janela de edição de OS...
2025-11-06 21:39:25,692 - INFO - ⌛ Aguardando janela de edição de OS...
2025-11-06 21:39:46,561 - INFO - ⌛ Aguardando janela de edição de OS...
2025-11-06 21:40:07,199 - INFO - ⌛ Aguardando janela de edição de OS...
2025-11-06 21:40:28,213 - INFO - ⌛ Aguardando janela de edição de OS...
2025-11-06 21:40:48,863 - INFO - ⌛ Aguardando janela de edição de OS...
2025-11-06 21:41:09,838 - INFO - ⌛ Aguardando janela de edição de OS...
2025-11-06 21:41:30,693 - INFO - ⌛ Aguardando janela de edição de OS...
2025-11-06 21:41:51,242 - INFO - ⌛ Aguardando janela de edição de OS...
2025-11-06 21:42:11,828 - INFO - ⌛ Aguardando janela de edição de OS...
2025-11-06 21:42:32,656 - INFO - ⌛ Aguardando janela de edição de OS...
2025-11-06 21:42:52,986 - INFO - ⌛ Aguardando janela de edição de OS...
2025-11-06 21:43:13,577 - INFO - ⌛ Aguardando janela de edição de OS...
2025-11-06 21:43:34,229 - INFO - ⌛ Aguardando janela de edição de OS...
2025-11-06 21:43:54,869 - INFO - ⏱️ Tempo limite atingido. Abortando seleção
2025-11-06 21:44:26,444 - INFO - ⌛ Aguardando janela de confirmação de programação de OS...
2025-11-06 21:44:46,516 - INFO - ⌛ Aguardando janela de confirmação de programação de OS...
2025-11-06 21:45:06,823 - INFO - ⌛ Aguardando janela de confirmação de programação de OS...
2025-11-06 21:45:27,167 - INFO - ⌛ Aguardando janela de confirmação de programação de OS...
2025-11-06 21:45:47,578 - INFO - ⌛ Aguardando janela de confirmação de programação de OS...
2025-11-06 21:46:07,902 - INFO - ⌛ Aguardando janela de confirmação de programação de OS...
2025-11-06 21:46:28,032 - INFO - ⌛ Aguardando janela de confirmação de programação de OS...
2025-11-06 21:46:48,415 - INFO - ⌛ Aguardando janela de confirmação de programação de OS...
2025-11-06 21:47:08,718 - INFO - ⌛ Aguardando janela de confirmação de programação de OS...
2025-11-06 21:47:28,927 - INFO - ⌛ Aguardando janela de confirmação de programação de OS...
2025-11-06 21:47:49,306 - INFO - ⌛ Aguardando janela de confirmação de programação de OS...
2025-11-06 21:48:09,619 - INFO - ⌛ Aguardando janela de confirmação de programação de OS...
2025-11-06 21:48:29,865 - INFO - ⌛ Aguardando janela de confirmação de programação de OS...
2025-11-06 21:48:50,254 - INFO - ⌛ Aguardando janela de confirmação de programação de OS...
2025-11-06 21:49:10,565 - INFO - ⌛ Aguardando janela de confirmação de programação de OS...
2025-11-06 21:49:30,790 - INFO - ⌛ Aguardando janela de confirmação de programação de OS...
2025-11-06 21:49:51,184 - INFO - ⌛ Aguardando janela de confirmação de programação de OS...
2025-11-06 21:50:11,486 - INFO - ⌛ Aguardando janela de confirmação de programação de OS...
2025-11-06 21:50:31,717 - INFO - ⌛ Aguardando janela de confirmação de programação de OS...
2025-11-06 21:50:52,101 - INFO - ⌛ Aguardando janela de confirmação de programação de OS...
2025-11-06 21:51:12,420 - INFO - ⌛ Aguardando janela de confirmação de programação de OS...
2025-11-06 21:51:32,513 - INFO - ⌛ Aguardando janela de confirmação de programação de OS...
2025-11-06 21:51:52,895 - INFO - ⌛ Aguardando janela de confirmação de programação de OS...
2025-11-06 21:52:13,212 - INFO - ⌛ Aguardando janela de confirmação de programação de OS...
2025-11-06 21:52:33,431 - INFO - ⌛ Aguardando janela de confirmação de programação de OS...
2025-11-06 21:52:53,821 - INFO - ⌛ Aguardando janela de confirmação de programação de OS...
2025-11-06 21:53:14,138 - INFO - ⌛ Aguardando janela de confirmação de programação de OS...
2025-11-06 21:53:34,338 - INFO - ⌛ Aguardando janela de confirmação de programação de OS...
2025-11-06 21:53:54,728 - INFO - ⌛ Aguardando janela de confirmação de programação de OS...
2025-11-06 21:54:15,041 - INFO - ⏱️ Tempo limite atingido. Abortando seleção
2025-11-06 21:54:15,684 - INFO - 
=== Iniciando lote 7/7 [LM] ===
2025-11-06 21:54:22,526 - INFO - ⌛ Aguardando janela de seleção...
2025-11-06 21:54:42,580 - INFO - ⌛ Aguardando janela de seleção...
2025-11-06 21:55:02,940 - INFO - ⌛ Aguardando janela de seleção...
2025-11-06 21:55:23,310 - INFO - ⌛ Aguardando janela de seleção...
2025-11-06 21:55:43,601 - INFO - ⌛ Aguardando janela de seleção...
2025-11-06 21:56:03,944 - INFO - ⌛ Aguardando janela de seleção...
2025-11-06 21:56:24,271 - INFO - ⌛ Aguardando janela de seleção...
2025-11-06 21:56:44,574 - INFO - ⌛ Aguardando janela de seleção...
2025-11-06 21:57:04,880 - INFO - ⌛ Aguardando janela de seleção...
2025-11-06 21:57:25,321 - INFO - ⌛ Aguardando janela de seleção...
2025-11-06 21:57:45,628 - INFO - ⌛ Aguardando janela de seleção...
2025-11-06 21:58:05,800 - INFO - ⌛ Aguardando janela de seleção...
2025-11-06 21:58:26,185 - INFO - ⌛ Aguardando janela de seleção...
2025-11-06 21:58:46,491 - INFO - ⌛ Aguardando janela de seleção...
2025-11-06 21:59:06,675 - INFO - ⌛ Aguardando janela de seleção...
2025-11-06 21:59:27,055 - INFO - ⌛ Aguardando janela de seleção...
2025-11-06 21:59:47,352 - INFO - ⌛ Aguardando janela de seleção...
2025-11-06 22:00:07,607 - INFO - ⌛ Aguardando janela de seleção...
2025-11-06 22:00:27,988 - INFO - ⌛ Aguardando janela de seleção...
2025-11-06 22:00:48,275 - INFO - ⌛ Aguardando janela de seleção...
2025-11-06 22:01:08,503 - INFO - ⌛ Aguardando janela de seleção...
2025-11-06 22:01:28,901 - INFO - ⌛ Aguardando janela de seleção...
2025-11-06 22:01:49,203 - INFO - ⌛ Aguardando janela de seleção...
2025-11-06 22:02:09,421 - INFO - ⌛ Aguardando janela de seleção...
2025-11-06 22:02:29,800 - INFO - ⌛ Aguardando janela de seleção...
2025-11-06 22:02:50,091 - INFO - ⌛ Aguardando janela de seleção...
2025-11-06 22:03:10,312 - INFO - ⌛ Aguardando janela de seleção...
2025-11-06 22:03:30,698 - INFO - ⌛ Aguardando janela de seleção...
2025-11-06 22:03:51,014 - INFO - ⌛ Aguardando janela de seleção...
2025-11-06 22:04:11,250 - INFO - ⌛ Aguardando janela de seleção...
2025-11-06 22:04:31,627 - INFO - ⏱️ Tempo limite atingido. Abortando seleção
2025-11-06 22:04:48,643 - INFO - ⌛ Aguardando janela de confirmação de desbloqueio...
2025-11-06 22:05:08,711 - INFO - ⌛ Aguardando janela de confirmação de desbloqueio...
2025-11-06 22:05:29,019 - INFO - ⌛ Aguardando janela de confirmação de desbloqueio...
2025-11-06 22:05:49,273 - INFO - ⌛ Aguardando janela de confirmação de desbloqueio...
2025-11-06 22:06:09,652 - INFO - ⌛ Aguardando janela de confirmação de desbloqueio...
2025-11-06 22:06:29,969 - INFO - ⌛ Aguardando janela de confirmação de desbloqueio...
2025-11-06 22:06:50,128 - INFO - ⌛ Aguardando janela de confirmação de desbloqueio...
2025-11-06 22:07:10,524 - INFO - ⌛ Aguardando janela de confirmação de desbloqueio...
2025-11-06 22:07:30,838 - INFO - ⌛ Aguardando janela de confirmação de desbloqueio...
2025-11-06 22:07:51,034 - INFO - ⌛ Aguardando janela de confirmação de desbloqueio...
2025-11-06 22:08:11,405 - INFO - ⌛ Aguardando janela de confirmação de desbloqueio...
2025-11-06 22:08:31,733 - INFO - ⌛ Aguardando janela de confirmação de desbloqueio...
2025-11-06 22:08:51,937 - INFO - ⌛ Aguardando janela de confirmação de desbloqueio...
2025-11-06 22:09:12,274 - INFO - ⌛ Aguardando janela de confirmação de desbloqueio...
2025-11-06 22:09:32,584 - INFO - ⌛ Aguardando janela de confirmação de desbloqueio...
2025-11-06 22:09:52,911 - INFO - ⌛ Aguardando janela de confirmação de desbloqueio...
2025-11-06 22:10:13,295 - INFO - ⌛ Aguardando janela de confirmação de desbloqueio...
2025-11-06 22:10:33,600 - INFO - ⌛ Aguardando janela de confirmação de desbloqueio...
2025-11-06 22:10:53,793 - INFO - ⌛ Aguardando janela de confirmação de desbloqueio...
2025-11-06 22:11:14,181 - INFO - ⌛ Aguardando janela de confirmação de desbloqueio...
2025-11-06 22:11:34,488 - INFO - ⌛ Aguardando janela de confirmação de desbloqueio...
2025-11-06 22:11:54,705 - INFO - ⌛ Aguardando janela de confirmação de desbloqueio...
2025-11-06 22:12:15,075 - INFO - ⌛ Aguardando janela de confirmação de desbloqueio...
2025-11-06 22:12:35,379 - INFO - ⌛ Aguardando janela de confirmação de desbloqueio...
2025-11-06 22:12:55,576 - INFO - ⌛ Aguardando janela de confirmação de desbloqueio...
2025-11-06 22:13:15,976 - INFO - ⌛ Aguardando janela de confirmação de desbloqueio...
2025-11-06 22:13:36,283 - INFO - ⌛ Aguardando janela de confirmação de desbloqueio...
2025-11-06 22:13:56,477 - INFO - ⌛ Aguardando janela de confirmação de desbloqueio...
2025-11-06 22:14:16,855 - INFO - ⌛ Aguardando janela de confirmação de desbloqueio...
2025-11-06 22:14:37,169 - INFO - ⌛ Aguardando janela de confirmação de desbloqueio...
2025-11-06 22:14:57,415 - INFO - ⏱️ Tempo limite atingido. Abortando etapa
2025-11-06 22:15:28,870 - INFO - ⌛ Aguardando janela de edição de OS...
2025-11-06 22:15:49,004 - INFO - ⌛ Aguardando janela de edição de OS...
2025-11-06 22:16:09,897 - INFO - ⌛ Aguardando janela de edição de OS...
2025-11-06 22:16:30,510 - INFO - ⌛ Aguardando janela de edição de OS...
2025-11-06 22:16:51,454 - INFO - ⌛ Aguardando janela de edição de OS...
2025-11-06 22:17:12,306 - INFO - ⌛ Aguardando janela de edição de OS...
2025-11-06 22:17:32,907 - INFO - ⌛ Aguardando janela de edição de OS...
2025-11-06 22:17:53,229 - INFO - ⌛ Aguardando janela de edição de OS...
2025-11-06 22:18:14,292 - INFO - ⌛ Aguardando janela de edição de OS...
2025-11-06 22:18:35,146 - INFO - ⌛ Aguardando janela de edição de OS...
2025-11-06 22:18:55,481 - INFO - ⌛ Aguardando janela de edição de OS...
2025-11-06 22:19:16,079 - INFO - ⌛ Aguardando janela de edição de OS...
2025-11-06 22:19:36,782 - INFO - ⌛ Aguardando janela de edição de OS...
2025-11-06 22:19:57,378 - INFO - ⌛ Aguardando janela de edição de OS...
2025-11-06 22:20:18,303 - INFO - ⌛ Aguardando janela de edição de OS...
2025-11-06 22:20:38,939 - INFO - ⌛ Aguardando janela de edição de OS...
2025-11-06 22:20:59,916 - INFO - ⌛ Aguardando janela de edição de OS...
2025-11-06 22:21:20,751 - INFO - ⌛ Aguardando janela de edição de OS...
2025-11-06 22:21:41,339 - INFO - ⌛ Aguardando janela de edição de OS...
2025-11-06 22:22:01,902 - INFO - ⌛ Aguardando janela de edição de OS...
2025-11-06 22:22:22,784 - INFO - ⌛ Aguardando janela de edição de OS...
2025-11-06 22:22:43,607 - INFO - ⌛ Aguardando janela de edição de OS...
2025-11-06 22:23:04,442 - INFO - ⌛ Aguardando janela de edição de OS...
2025-11-06 22:23:25,041 - INFO - ⌛ Aguardando janela de edição de OS...
2025-11-06 22:23:46,111 - INFO - ⌛ Aguardando janela de edição de OS...
2025-11-06 22:24:06,707 - INFO - ⌛ Aguardando janela de edição de OS...
2025-11-06 22:24:27,772 - INFO - ⌛ Aguardando janela de edição de OS...
2025-11-06 22:24:48,594 - INFO - ⌛ Aguardando janela de edição de OS...
2025-11-06 22:25:09,449 - INFO - ⏱️ Tempo limite atingido. Abortando seleção
2025-11-06 22:25:40,609 - INFO - ⌛ Aguardando janela de confirmação de programação de OS...
2025-11-06 22:26:00,661 - INFO - ⌛ Aguardando janela de confirmação de programação de OS...
2025-11-06 22:26:21,068 - INFO - ⌛ Aguardando janela de confirmação de programação de OS...
2025-11-06 22:26:41,374 - INFO - ⌛ Aguardando janela de confirmação de programação de OS...
2025-11-06 22:27:01,636 - INFO - ⌛ Aguardando janela de confirmação de programação de OS...
2025-11-06 22:27:22,030 - INFO - ⌛ Aguardando janela de confirmação de programação de OS...
2025-11-06 22:27:42,343 - INFO - ⌛ Aguardando janela de confirmação de programação de OS...
2025-11-06 22:28:02,572 - INFO - ⌛ Aguardando janela de confirmação de programação de OS...
2025-11-06 22:28:22,938 - INFO - ⌛ Aguardando janela de confirmação de programação de OS...
2025-11-06 22:28:43,252 - INFO - ⌛ Aguardando janela de confirmação de programação de OS...
2025-11-06 22:29:03,460 - INFO - ⌛ Aguardando janela de confirmação de programação de OS...
2025-11-06 22:29:23,839 - INFO - ⌛ Aguardando janela de confirmação de programação de OS...
2025-11-06 22:29:44,152 - INFO - ⌛ Aguardando janela de confirmação de programação de OS...
2025-11-06 22:30:04,327 - INFO - ⌛ Aguardando janela de confirmação de programação de OS...
2025-11-06 22:30:24,704 - INFO - ⌛ Aguardando janela de confirmação de programação de OS...
2025-11-06 22:30:45,010 - INFO - ⌛ Aguardando janela de confirmação de programação de OS...
2025-11-06 22:31:05,236 - INFO - ⌛ Aguardando janela de confirmação de programação de OS...
2025-11-06 22:31:25,633 - INFO - ⌛ Aguardando janela de confirmação de programação de OS...
2025-11-06 22:31:45,946 - INFO - ⌛ Aguardando janela de confirmação de programação de OS...
2025-11-06 22:32:06,137 - INFO - ⌛ Aguardando janela de confirmação de programação de OS...
2025-11-06 22:32:26,512 - INFO - ⌛ Aguardando janela de confirmação de programação de OS...
2025-11-06 22:32:46,834 - INFO - ⌛ Aguardando janela de confirmação de programação de OS...
2025-11-06 22:33:07,051 - INFO - ⌛ Aguardando janela de confirmação de programação de OS...
2025-11-06 22:33:27,434 - INFO - ⌛ Aguardando janela de confirmação de programação de OS...
2025-11-06 22:33:47,750 - INFO - ⌛ Aguardando janela de confirmação de programação de OS...
2025-11-06 22:34:07,954 - INFO - ⌛ Aguardando janela de confirmação de programação de OS...
2025-11-06 22:34:28,329 - INFO - ⌛ Aguardando janela de confirmação de programação de OS...
2025-11-06 22:34:48,646 - INFO - ⌛ Aguardando janela de confirmação de programação de OS...
2025-11-06 22:35:08,877 - INFO - ⌛ Aguardando janela de confirmação de programação de OS...
2025-11-06 22:35:29,266 - INFO - ⏱️ Tempo limite atingido. Abortando seleção
2025-11-06 22:35:29,563 - INFO - 
=== Iniciando lote 1/9 [LV] ===
2025-11-06 22:35:36,424 - INFO - ⌛ Aguardando janela de seleção...
2025-11-06 22:35:56,480 - INFO - ⌛ Aguardando janela de seleção...
2025-11-06 22:36:16,861 - INFO - ⌛ Aguardando janela de seleção...
2025-11-06 22:36:37,166 - INFO - ⌛ Aguardando janela de seleção...
2025-11-06 22:36:57,460 - INFO - ⌛ Aguardando janela de seleção...
2025-11-06 22:37:17,798 - INFO - ⌛ Aguardando janela de seleção...
2025-11-06 22:37:38,145 - INFO - ⌛ Aguardando janela de seleção...
2025-11-06 22:37:58,434 - INFO - ⌛ Aguardando janela de seleção...
2025-11-06 22:38:18,787 - INFO - ⌛ Aguardando janela de seleção...
2025-11-06 22:38:39,134 - INFO - ⌛ Aguardando janela de seleção...
2025-11-06 22:38:59,433 - INFO - ⌛ Aguardando janela de seleção...
2025-11-06 22:39:19,778 - INFO - ⌛ Aguardando janela de seleção...
2025-11-06 22:39:40,130 - INFO - ⌛ Aguardando janela de seleção...
2025-11-06 22:40:00,422 - INFO - ⌛ Aguardando janela de seleção...
2025-11-06 22:40:20,764 - INFO - ⌛ Aguardando janela de seleção...
2025-11-06 22:40:41,124 - INFO - ⌛ Aguardando janela de seleção...
2025-11-06 22:41:01,429 - INFO - ⌛ Aguardando janela de seleção...
2025-11-06 22:41:21,655 - INFO - ⌛ Aguardando janela de seleção...
2025-11-06 22:41:42,028 - INFO - ⌛ Aguardando janela de seleção...
2025-11-06 22:42:02,327 - INFO - ⌛ Aguardando janela de seleção...
2025-11-06 22:42:22,572 - INFO - ⌛ Aguardando janela de seleção...
2025-11-06 22:42:42,944 - INFO - ⌛ Aguardando janela de seleção...
2025-11-06 22:43:03,253 - INFO - ⌛ Aguardando janela de seleção...
2025-11-06 22:43:23,480 - INFO - ⌛ Aguardando janela de seleção...
2025-11-06 22:43:43,858 - INFO - ⌛ Aguardando janela de seleção...
2025-11-06 22:44:04,159 - INFO - ⌛ Aguardando janela de seleção...
2025-11-06 22:44:24,383 - INFO - ⌛ Aguardando janela de seleção...
2025-11-06 22:44:44,771 - INFO - ⌛ Aguardando janela de seleção...
2025-11-06 22:45:05,074 - INFO - ⌛ Aguardando janela de seleção...
2025-11-06 22:45:25,270 - INFO - ⌛ Aguardando janela de seleção...
2025-11-06 22:45:45,584 - INFO - ⏱️ Tempo limite atingido. Abortando seleção
2025-11-06 22:46:03,350 - INFO - ⌛ Aguardando janela de confirmação de desbloqueio...
2025-11-06 22:46:23,407 - INFO - ⌛ Aguardando janela de confirmação de desbloqueio...
2025-11-06 22:46:43,755 - INFO - ⌛ Aguardando janela de confirmação de desbloqueio...
2025-11-06 22:47:04,073 - INFO - ⌛ Aguardando janela de confirmação de desbloqueio...
2025-11-06 22:47:24,431 - INFO - ⌛ Aguardando janela de confirmação de desbloqueio...
2025-11-06 22:47:44,817 - INFO - ⌛ Aguardando janela de confirmação de desbloqueio...
2025-11-06 22:48:05,128 - INFO - ⌛ Aguardando janela de confirmação de desbloqueio...
2025-11-06 22:48:25,328 - INFO - ⌛ Aguardando janela de confirmação de desbloqueio...
2025-11-06 22:48:45,714 - INFO - ⌛ Aguardando janela de confirmação de desbloqueio...
2025-11-06 22:49:06,033 - INFO - ⌛ Aguardando janela de confirmação de desbloqueio...
2025-11-06 22:49:26,230 - INFO - ⌛ Aguardando janela de confirmação de desbloqueio...
2025-11-06 22:49:46,633 - INFO - ⌛ Aguardando janela de confirmação de desbloqueio...
2025-11-06 22:50:06,940 - INFO - ⌛ Aguardando janela de confirmação de desbloqueio...
2025-11-06 22:50:27,168 - INFO - ⌛ Aguardando janela de confirmação de desbloqueio...
2025-11-06 22:50:47,547 - INFO - ⌛ Aguardando janela de confirmação de desbloqueio...
2025-11-06 22:51:07,854 - INFO - ⌛ Aguardando janela de confirmação de desbloqueio...
2025-11-06 22:51:27,989 - INFO - ⌛ Aguardando janela de confirmação de desbloqueio...
2025-11-06 22:51:48,372 - INFO - ⌛ Aguardando janela de confirmação de desbloqueio...
2025-11-06 22:52:08,669 - INFO - ⌛ Aguardando janela de confirmação de desbloqueio...
2025-11-06 22:52:28,880 - INFO - ⌛ Aguardando janela de confirmação de desbloqueio...
2025-11-06 22:52:49,253 - INFO - ⌛ Aguardando janela de confirmação de desbloqueio...
2025-11-06 22:53:09,551 - INFO - ⌛ Aguardando janela de confirmação de desbloqueio...
2025-11-06 22:53:29,815 - INFO - ⌛ Aguardando janela de confirmação de desbloqueio...
2025-11-06 22:53:50,186 - INFO - ⌛ Aguardando janela de confirmação de desbloqueio...
2025-11-06 22:54:10,499 - INFO - ⌛ Aguardando janela de confirmação de desbloqueio...
2025-11-06 22:54:30,696 - INFO - ⌛ Aguardando janela de confirmação de desbloqueio...
2025-11-06 22:54:51,086 - INFO - ⌛ Aguardando janela de confirmação de desbloqueio...
2025-11-06 22:55:11,391 - INFO - ⌛ Aguardando janela de confirmação de desbloqueio...
2025-11-06 22:55:31,567 - INFO - ⌛ Aguardando janela de confirmação de desbloqueio...
2025-11-06 22:55:51,949 - INFO - ⌛ Aguardando janela de confirmação de desbloqueio...
2025-11-06 22:56:12,256 - INFO - ⏱️ Tempo limite atingido. Abortando etapa
2025-11-06 22:56:43,579 - INFO - ⌛ Aguardando janela de edição de OS...
2025-11-06 22:57:03,701 - INFO - ⌛ Aguardando janela de edição de OS...
2025-11-06 22:57:24,341 - INFO - ⌛ Aguardando janela de edição de OS...
2025-11-06 22:57:44,996 - INFO - ⌛ Aguardando janela de edição de OS...
2025-11-06 22:58:05,856 - INFO - ⌛ Aguardando janela de edição de OS...
2025-11-06 22:58:26,724 - INFO - ⌛ Aguardando janela de edição de OS...
2025-11-06 22:58:47,551 - INFO - ⌛ Aguardando janela de edição de OS...
2025-11-06 22:59:08,407 - INFO - ⌛ Aguardando janela de edição de OS...
2025-11-06 22:59:28,972 - INFO - ⌛ Aguardando janela de edição de OS...
2025-11-06 22:59:49,533 - INFO - ⌛ Aguardando janela de edição de OS...
2025-11-06 23:00:10,396 - INFO - ⌛ Aguardando janela de edição de OS...
2025-11-06 23:00:31,241 - INFO - ⌛ Aguardando janela de edição de OS...
2025-11-06 23:00:52,055 - INFO - ⌛ Aguardando janela de edição de OS...
2025-11-06 23:01:12,895 - INFO - ⌛ Aguardando janela de edição de OS...
2025-11-06 23:01:33,235 - INFO - ⌛ Aguardando janela de edição de OS...
2025-11-06 23:01:53,830 - INFO - ⌛ Aguardando janela de edição de OS...
2025-11-06 23:02:14,519 - INFO - ⌛ Aguardando janela de edição de OS...
2025-11-06 23:02:35,137 - INFO - ⌛ Aguardando janela de edição de OS...
2025-11-06 23:02:55,995 - INFO - ⌛ Aguardando janela de edição de OS...
2025-11-06 23:03:16,561 - INFO - ⌛ Aguardando janela de edição de OS...
2025-11-06 23:03:37,648 - INFO - ⌛ Aguardando janela de edição de OS...
2025-11-06 23:03:58,493 - INFO - ⌛ Aguardando janela de edição de OS...
2025-11-06 23:04:19,063 - INFO - ⌛ Aguardando janela de edição de OS...
2025-11-06 23:04:39,623 - INFO - ⌛ Aguardando janela de edição de OS...
2025-11-06 23:04:59,970 - INFO - ⌛ Aguardando janela de edição de OS...
2025-11-06 23:05:20,589 - INFO - ⌛ Aguardando janela de edição de OS...
2025-11-06 23:05:41,272 - INFO - ⌛ Aguardando janela de edição de OS...
2025-11-06 23:06:01,865 - INFO - ⌛ Aguardando janela de edição de OS...
2025-11-06 23:06:22,407 - INFO - ⌛ Aguardando janela de edição de OS...
2025-11-06 23:06:43,481 - INFO - ⏱️ Tempo limite atingido. Abortando seleção
2025-11-06 23:07:14,369 - INFO - ⌛ Aguardando janela de confirmação de programação de OS...
2025-11-06 23:07:34,437 - INFO - ⌛ Aguardando janela de confirmação de programação de OS...
2025-11-06 23:07:54,787 - INFO - ⌛ Aguardando janela de confirmação de programação de OS...
2025-11-06 23:08:15,093 - INFO - ⌛ Aguardando janela de confirmação de programação de OS...
2025-11-06 23:08:35,378 - INFO - ⌛ Aguardando janela de confirmação de programação de OS...
2025-11-06 23:08:55,789 - INFO - ⌛ Aguardando janela de confirmação de programação de OS...
2025-11-06 23:09:16,094 - INFO - ⌛ Aguardando janela de confirmação de programação de OS...
2025-11-06 23:09:36,311 - INFO - ⌛ Aguardando janela de confirmação de programação de OS...
2025-11-06 23:09:56,702 - INFO - ⌛ Aguardando janela de confirmação de programação de OS...
2025-11-06 23:10:17,011 - INFO - ⌛ Aguardando janela de confirmação de programação de OS...
2025-11-06 23:10:37,248 - INFO - ⌛ Aguardando janela de confirmação de programação de OS...
2025-11-06 23:10:57,631 - INFO - ⌛ Aguardando janela de confirmação de programação de OS...
2025-11-06 23:11:17,939 - INFO - ⌛ Aguardando janela de confirmação de programação de OS...
2025-11-06 23:11:38,112 - INFO - ⌛ Aguardando janela de confirmação de programação de OS...
2025-11-06 23:11:58,511 - INFO - ⌛ Aguardando janela de confirmação de programação de OS...
2025-11-06 23:12:18,825 - INFO - ⌛ Aguardando janela de confirmação de programação de OS...
2025-11-06 23:12:39,036 - INFO - ⌛ Aguardando janela de confirmação de programação de OS...
2025-11-06 23:12:59,429 - INFO - ⌛ Aguardando janela de confirmação de programação de OS...
2025-11-06 23:13:19,744 - INFO - ⌛ Aguardando janela de confirmação de programação de OS...
2025-11-06 23:13:39,937 - INFO - ⌛ Aguardando janela de confirmação de programação de OS...
2025-11-06 23:14:00,330 - INFO - ⌛ Aguardando janela de confirmação de programação de OS...
2025-11-06 23:14:20,647 - INFO - ⌛ Aguardando janela de confirmação de programação de OS...
2025-11-06 23:14:40,856 - INFO - ⌛ Aguardando janela de confirmação de programação de OS...
2025-11-06 23:15:01,219 - INFO - ⌛ Aguardando janela de confirmação de programação de OS...
2025-11-06 23:15:21,530 - INFO - ⌛ Aguardando janela de confirmação de programação de OS...
2025-11-06 23:15:41,741 - INFO - ⌛ Aguardando janela de confirmação de programação de OS...
2025-11-06 23:16:02,121 - INFO - ⌛ Aguardando janela de confirmação de programação de OS...
2025-11-06 23:16:22,432 - INFO - ⌛ Aguardando janela de confirmação de programação de OS...
2025-11-06 23:16:42,584 - INFO - ⌛ Aguardando janela de confirmação de programação de OS...
2025-11-06 23:17:02,975 - INFO - ⏱️ Tempo limite atingido. Abortando seleção
2025-11-06 23:17:03,273 - INFO - 
=== Iniciando lote 2/9 [LV] ===
2025-11-06 23:17:10,135 - INFO - ⌛ Aguardando janela de seleção...
2025-11-06 23:17:30,175 - INFO - ⌛ Aguardando janela de seleção...
2025-11-06 23:17:50,562 - INFO - ⌛ Aguardando janela de seleção...
2025-11-06 23:18:10,879 - INFO - ⌛ Aguardando janela de seleção...
2025-11-06 23:18:31,184 - INFO - ⌛ Aguardando janela de seleção...
2025-11-06 23:18:51,511 - INFO - ⌛ Aguardando janela de seleção...
2025-11-06 23:19:11,869 - INFO - ⌛ Aguardando janela de seleção...
2025-11-06 23:19:32,177 - INFO - ⌛ Aguardando janela de seleção...
2025-11-06 23:19:52,510 - INFO - ⌛ Aguardando janela de seleção...
2025-11-06 23:20:12,862 - INFO - ⌛ Aguardando janela de seleção...
2025-11-06 23:20:33,151 - INFO - ⌛ Aguardando janela de seleção...
2025-11-06 23:20:53,505 - INFO - ⌛ Aguardando janela de seleção...
2025-11-06 23:21:13,847 - INFO - ⌛ Aguardando janela de seleção...
2025-11-06 23:21:34,150 - INFO - ⌛ Aguardando janela de seleção...
2025-11-06 23:21:54,457 - INFO - ⌛ Aguardando janela de seleção...
2025-11-06 23:22:14,872 - INFO - ⌛ Aguardando janela de seleção...
2025-11-06 23:22:35,164 - INFO - ⌛ Aguardando janela de seleção...
2025-11-06 23:22:55,386 - INFO - ⌛ Aguardando janela de seleção...
2025-11-06 23:23:15,802 - INFO - ⌛ Aguardando janela de seleção...
2025-11-06 23:23:36,107 - INFO - ⌛ Aguardando janela de seleção...
2025-11-06 23:23:56,301 - INFO - ⌛ Aguardando janela de seleção...
2025-11-06 23:24:16,697 - INFO - ⌛ Aguardando janela de seleção...
2025-11-06 23:24:37,004 - INFO - ⌛ Aguardando janela de seleção...
2025-11-06 23:24:57,287 - INFO - ⌛ Aguardando janela de seleção...
2025-11-06 23:25:17,665 - INFO - ⌛ Aguardando janela de seleção...
2025-11-06 23:25:37,966 - INFO - ⌛ Aguardando janela de seleção...
2025-11-06 23:25:58,165 - INFO - ⌛ Aguardando janela de seleção...
2025-11-06 23:26:18,546 - INFO - ⌛ Aguardando janela de seleção...
2025-11-06 23:26:38,864 - INFO - ⌛ Aguardando janela de seleção...
2025-11-06 23:26:58,969 - INFO - ⌛ Aguardando janela de seleção...
2025-11-06 23:27:19,371 - INFO - ⏱️ Tempo limite atingido. Abortando seleção
2025-11-06 23:27:36,646 - INFO - ⌛ Aguardando janela de confirmação de desbloqueio...
2025-11-06 23:27:56,705 - INFO - ⌛ Aguardando janela de confirmação de desbloqueio...
2025-11-06 23:28:17,013 - INFO - ⌛ Aguardando janela de confirmação de desbloqueio...
2025-11-06 23:28:37,377 - INFO - ⌛ Aguardando janela de confirmação de desbloqueio...
2025-11-06 23:28:57,768 - INFO - ⌛ Aguardando janela de confirmação de desbloqueio...
2025-11-06 23:29:18,081 - INFO - ⌛ Aguardando janela de confirmação de desbloqueio...
2025-11-06 23:29:38,302 - INFO - ⌛ Aguardando janela de confirmação de desbloqueio...
2025-11-06 23:29:58,698 - INFO - ⌛ Aguardando janela de confirmação de desbloqueio...
2025-11-06 23:30:19,000 - INFO - ⌛ Aguardando janela de confirmação de desbloqueio...
2025-11-06 23:30:39,218 - INFO - ⌛ Aguardando janela de confirmação de desbloqueio...
2025-11-06 23:30:59,607 - INFO - ⌛ Aguardando janela de confirmação de desbloqueio...
2025-11-06 23:31:19,927 - INFO - ⌛ Aguardando janela de confirmação de desbloqueio...
2025-11-06 23:31:40,104 - INFO - ⌛ Aguardando janela de confirmação de desbloqueio...
2025-11-06 23:32:00,493 - INFO - ⌛ Aguardando janela de confirmação de desbloqueio...
2025-11-06 23:32:20,788 - INFO - ⌛ Aguardando janela de confirmação de desbloqueio...
2025-11-06 23:32:41,038 - INFO - ⌛ Aguardando janela de confirmação de desbloqueio...
2025-11-06 23:33:01,423 - INFO - ⌛ Aguardando janela de confirmação de desbloqueio...
2025-11-06 23:33:21,741 - INFO - ⌛ Aguardando janela de confirmação de desbloqueio...
2025-11-06 23:33:41,933 - INFO - ⌛ Aguardando janela de confirmação de desbloqueio...
2025-11-06 23:34:02,325 - INFO - ⌛ Aguardando janela de confirmação de desbloqueio...
2025-11-06 23:34:22,642 - INFO - ⌛ Aguardando janela de confirmação de desbloqueio...
2025-11-06 23:34:42,846 - INFO - ⌛ Aguardando janela de confirmação de desbloqueio...
2025-11-06 23:35:03,223 - INFO - ⌛ Aguardando janela de confirmação de desbloqueio...
2025-11-06 23:35:23,547 - INFO - ⌛ Aguardando janela de confirmação de desbloqueio...
2025-11-06 23:35:43,697 - INFO - ⌛ Aguardando janela de confirmação de desbloqueio...
2025-11-06 23:36:04,090 - INFO - ⌛ Aguardando janela de confirmação de desbloqueio...
2025-11-06 23:36:24,376 - INFO - ⌛ Aguardando janela de confirmação de desbloqueio...
2025-11-06 23:36:44,547 - INFO - ⌛ Aguardando janela de confirmação de desbloqueio...
2025-11-06 23:37:04,937 - INFO - ⌛ Aguardando janela de confirmação de desbloqueio...
2025-11-06 23:37:25,251 - INFO - ⌛ Aguardando janela de confirmação de desbloqueio...
2025-11-06 23:37:45,446 - INFO - ⏱️ Tempo limite atingido. Abortando etapa
2025-11-06 23:38:16,943 - INFO - ⌛ Aguardando janela de edição de OS...
2025-11-06 23:38:38,243 - INFO - ⌛ Aguardando janela de edição de OS...
2025-11-06 23:38:58,820 - INFO - ⌛ Aguardando janela de edição de OS...
2025-11-06 23:39:19,814 - INFO - ⌛ Aguardando janela de edição de OS...
2025-11-06 23:39:40,673 - INFO - ⌛ Aguardando janela de edição de OS...
2025-11-06 23:40:01,492 - INFO - ⌛ Aguardando janela de edição de OS...
2025-11-06 23:40:22,332 - INFO - ⌛ Aguardando janela de edição de OS...
2025-11-06 23:40:43,183 - INFO - ⌛ Aguardando janela de edição de OS...
2025-11-06 23:41:03,779 - INFO - ⌛ Aguardando janela de edição de OS...
2025-11-06 23:41:24,317 - INFO - ⌛ Aguardando janela de edição de OS...
2025-11-06 23:41:44,938 - INFO - ⌛ Aguardando janela de edição de OS...
2025-11-06 23:42:05,552 - INFO - ⌛ Aguardando janela de edição de OS...
2025-11-06 23:42:26,154 - INFO - ⌛ Aguardando janela de edição de OS...
2025-11-06 23:42:47,086 - INFO - ⌛ Aguardando janela de edição de OS...
2025-11-06 23:43:07,721 - INFO - ⌛ Aguardando janela de edição de OS...
2025-11-06 23:43:28,706 - INFO - ⌛ Aguardando janela de edição de OS...
2025-11-06 23:43:49,361 - INFO - ⌛ Aguardando janela de edição de OS...
2025-11-06 23:44:10,342 - INFO - ⌛ Aguardando janela de edição de OS...
2025-11-06 23:44:31,185 - INFO - ⌛ Aguardando janela de edição de OS...
2025-11-06 23:44:52,031 - INFO - ⌛ Aguardando janela de edição de OS...
2025-11-06 23:45:12,695 - INFO - ⌛ Aguardando janela de edição de OS...
2025-11-06 23:45:33,645 - INFO - ⌛ Aguardando janela de edição de OS...
2025-11-06 23:45:54,260 - INFO - ⌛ Aguardando janela de edição de OS...
2025-11-06 23:46:15,255 - INFO - ⌛ Aguardando janela de edição de OS...
2025-11-06 23:46:35,888 - INFO - ⌛ Aguardando janela de edição de OS...
2025-11-06 23:46:56,888 - INFO - ⌛ Aguardando janela de edição de OS...
2025-11-06 23:47:17,737 - INFO - ⌛ Aguardando janela de edição de OS...
2025-11-06 23:47:38,594 - INFO - ⌛ Aguardando janela de edição de OS...
2025-11-06 23:47:59,211 - INFO - ⏱️ Tempo limite atingido. Abortando seleção
2025-11-06 23:48:30,942 - INFO - ⌛ Aguardando janela de confirmação de programação de OS...
2025-11-06 23:48:51,011 - INFO - ⌛ Aguardando janela de confirmação de programação de OS...
2025-11-06 23:49:11,320 - INFO - ⌛ Aguardando janela de confirmação de programação de OS...
2025-11-06 23:49:31,686 - INFO - ⌛ Aguardando janela de confirmação de programação de OS...
2025-11-06 23:49:52,037 - INFO - ⌛ Aguardando janela de confirmação de programação de OS...
2025-11-06 23:50:12,345 - INFO - ⌛ Aguardando janela de confirmação de programação de OS...
2025-11-06 23:50:32,656 - INFO - ⌛ Aguardando janela de confirmação de programação de OS...
2025-11-06 23:50:53,040 - INFO - ⌛ Aguardando janela de confirmação de programação de OS...
2025-11-06 23:51:13,360 - INFO - ⌛ Aguardando janela de confirmação de programação de OS...
2025-11-06 23:51:33,475 - INFO - ⌛ Aguardando janela de confirmação de programação de OS...
2025-11-06 23:51:53,856 - INFO - ⌛ Aguardando janela de confirmação de programação de OS...
2025-11-06 23:52:14,175 - INFO - ⌛ Aguardando janela de confirmação de programação de OS...
2025-11-06 23:52:34,404 - INFO - ⌛ Aguardando janela de confirmação de programação de OS...
2025-11-06 23:52:54,832 - INFO - ⌛ Aguardando janela de confirmação de programação de OS...
2025-11-06 23:53:15,151 - INFO - ⌛ Aguardando janela de confirmação de programação de OS...
2025-11-06 23:53:35,316 - INFO - ⌛ Aguardando janela de confirmação de programação de OS...
2025-11-06 23:53:55,708 - INFO - ⌛ Aguardando janela de confirmação de programação de OS...
2025-11-06 23:54:16,019 - INFO - ⌛ Aguardando janela de confirmação de programação de OS...
2025-11-06 23:54:36,223 - INFO - ⌛ Aguardando janela de confirmação de programação de OS...
2025-11-06 23:54:56,607 - INFO - ⌛ Aguardando janela de confirmação de programação de OS...
2025-11-06 23:55:16,924 - INFO - ⌛ Aguardando janela de confirmação de programação de OS...
2025-11-06 23:55:37,134 - INFO - ⌛ Aguardando janela de confirmação de programação de OS...
2025-11-06 23:55:57,519 - INFO - ⌛ Aguardando janela de confirmação de programação de OS...
2025-11-06 23:56:17,824 - INFO - ⌛ Aguardando janela de confirmação de programação de OS...
2025-11-06 23:56:37,934 - INFO - ⌛ Aguardando janela de confirmação de programação de OS...
2025-11-06 23:56:58,305 - INFO - ⌛ Aguardando janela de confirmação de programação de OS...
2025-11-06 23:57:18,610 - INFO - ⌛ Aguardando janela de confirmação de programação de OS...
2025-11-06 23:57:38,846 - INFO - ⌛ Aguardando janela de confirmação de programação de OS...
2025-11-06 23:57:59,226 - INFO - ⌛ Aguardando janela de confirmação de programação de OS...
2025-11-06 23:58:19,531 - INFO - ⏱️ Tempo limite atingido. Abortando seleção
2025-11-06 23:58:20,163 - INFO - 
=== Iniciando lote 3/9 [LV] ===
2025-11-06 23:58:27,019 - INFO - ⌛ Aguardando janela de seleção...
2025-11-06 23:58:47,059 - INFO - ⌛ Aguardando janela de seleção...
2025-11-06 23:59:07,396 - INFO - ⌛ Aguardando janela de seleção...
2025-11-06 23:59:27,747 - INFO - ⌛ Aguardando janela de seleção...
2025-11-06 23:59:48,052 - INFO - ⌛ Aguardando janela de seleção...
2025-11-07 00:00:08,716 - INFO - ⌛ Aguardando janela de seleção...
2025-11-07 00:00:28,851 - INFO - ⌛ Aguardando janela de seleção...
2025-11-07 00:00:49,200 - INFO - ⌛ Aguardando janela de seleção...
2025-11-07 00:01:09,543 - INFO - ⌛ Aguardando janela de seleção...
2025-11-07 00:01:29,862 - INFO - ⌛ Aguardando janela de seleção...
2025-11-07 00:01:50,207 - INFO - ⌛ Aguardando janela de seleção...
2025-11-07 00:02:10,543 - INFO - ⌛ Aguardando janela de seleção...
2025-11-07 00:02:30,857 - INFO - ⌛ Aguardando janela de seleção...
2025-11-07 00:02:51,186 - INFO - ⌛ Aguardando janela de seleção...
2025-11-07 00:03:11,553 - INFO - ⌛ Aguardando janela de seleção...
2025-11-07 00:03:31,849 - INFO - ⌛ Aguardando janela de seleção...
2025-11-07 00:03:51,977 - INFO - ⌛ Aguardando janela de seleção...
2025-11-07 00:04:12,361 - INFO - ⌛ Aguardando janela de seleção...
2025-11-07 00:04:32,655 - INFO - ⌛ Aguardando janela de seleção...
2025-11-07 00:04:52,855 - INFO - ⌛ Aguardando janela de seleção...
2025-11-07 00:05:13,269 - INFO - ⌛ Aguardando janela de seleção...
2025-11-07 00:05:33,561 - INFO - ⌛ Aguardando janela de seleção...
2025-11-07 00:05:53,746 - INFO - ⌛ Aguardando janela de seleção...
2025-11-07 00:06:14,101 - INFO - ⌛ Aguardando janela de seleção...
2025-11-07 00:06:34,398 - INFO - ⌛ Aguardando janela de seleção...
2025-11-07 00:06:54,634 - INFO - ⌛ Aguardando janela de seleção...
2025-11-07 00:07:15,013 - INFO - ⌛ Aguardando janela de seleção...
2025-11-07 00:07:35,297 - INFO - ⌛ Aguardando janela de seleção...
2025-11-07 00:07:55,506 - INFO - ⌛ Aguardando janela de seleção...
2025-11-07 00:08:15,896 - INFO - ⌛ Aguardando janela de seleção...
2025-11-07 00:08:36,194 - INFO - ⏱️ Tempo limite atingido. Abortando seleção
2025-11-07 00:08:53,204 - INFO - ⌛ Aguardando janela de confirmação de desbloqueio...
2025-11-07 00:09:13,264 - INFO - ⌛ Aguardando janela de confirmação de desbloqueio...
2025-11-07 00:09:33,618 - INFO - ⌛ Aguardando janela de confirmação de desbloqueio...
2025-11-07 00:09:53,935 - INFO - ⌛ Aguardando janela de confirmação de desbloqueio...
2025-11-07 00:10:14,247 - INFO - ⌛ Aguardando janela de confirmação de desbloqueio...
2025-11-07 00:10:34,642 - INFO - ⌛ Aguardando janela de confirmação de desbloqueio...
2025-11-07 00:10:54,956 - INFO - ⌛ Aguardando janela de confirmação de desbloqueio...
2025-11-07 00:11:15,125 - INFO - ⌛ Aguardando janela de confirmação de desbloqueio...
2025-11-07 00:11:35,512 - INFO - ⌛ Aguardando janela de confirmação de desbloqueio...
2025-11-07 00:11:55,835 - INFO - ⌛ Aguardando janela de confirmação de desbloqueio...
2025-11-07 00:12:16,036 - INFO - ⌛ Aguardando janela de confirmação de desbloqueio...
2025-11-07 00:12:36,426 - INFO - ⌛ Aguardando janela de confirmação de desbloqueio...
2025-11-07 00:12:56,732 - INFO - ⌛ Aguardando janela de confirmação de desbloqueio...
2025-11-07 00:13:16,965 - INFO - ⌛ Aguardando janela de confirmação de desbloqueio...
2025-11-07 00:13:37,342 - INFO - ⌛ Aguardando janela de confirmação de desbloqueio...
2025-11-07 00:13:57,660 - INFO - ⌛ Aguardando janela de confirmação de desbloqueio...
2025-11-07 00:14:17,860 - INFO - ⌛ Aguardando janela de confirmação de desbloqueio...
2025-11-07 00:14:38,237 - INFO - ⌛ Aguardando janela de confirmação de desbloqueio...
2025-11-07 00:14:58,539 - INFO - ⌛ Aguardando janela de confirmação de desbloqueio...
2025-11-07 00:15:18,788 - INFO - ⌛ Aguardando janela de confirmação de desbloqueio...
2025-11-07 00:15:39,186 - INFO - ⌛ Aguardando janela de confirmação de desbloqueio...
2025-11-07 00:15:59,497 - INFO - ⌛ Aguardando janela de confirmação de desbloqueio...
2025-11-07 00:16:19,670 - INFO - ⌛ Aguardando janela de confirmação de desbloqueio...
2025-11-07 00:16:40,056 - INFO - ⌛ Aguardando janela de confirmação de desbloqueio...
2025-11-07 00:17:00,369 - INFO - ⌛ Aguardando janela de confirmação de desbloqueio...
2025-11-07 00:17:20,567 - INFO - ⌛ Aguardando janela de confirmação de desbloqueio...
2025-11-07 00:17:40,937 - INFO - ⌛ Aguardando janela de confirmação de desbloqueio...
2025-11-07 00:18:01,265 - INFO - ⌛ Aguardando janela de confirmação de desbloqueio...
2025-11-07 00:18:21,434 - INFO - ⌛ Aguardando janela de confirmação de desbloqueio...
2025-11-07 00:18:41,826 - INFO - ⌛ Aguardando janela de confirmação de desbloqueio...
2025-11-07 00:19:02,142 - INFO - ⏱️ Tempo limite atingido. Abortando etapa
2025-11-07 00:19:33,343 - INFO - ⌛ Aguardando janela de edição de OS...
2025-11-07 00:19:53,490 - INFO - ⌛ Aguardando janela de edição de OS...
2025-11-07 00:20:14,469 - INFO - ⌛ Aguardando janela de edição de OS...
2025-11-07 00:20:35,117 - INFO - ⌛ Aguardando janela de edição de OS...
2025-11-07 00:20:56,099 - INFO - ⌛ Aguardando janela de edição de OS...
2025-11-07 00:21:16,648 - INFO - ⌛ Aguardando janela de edição de OS...
2025-11-07 00:21:37,231 - INFO - ⌛ Aguardando janela de edição de OS...
2025-11-07 00:21:57,594 - INFO - ⌛ Aguardando janela de edição de OS...
2025-11-07 00:22:18,190 - INFO - ⌛ Aguardando janela de edição de OS...
2025-11-07 00:22:38,825 - INFO - ⌛ Aguardando janela de edição de OS...
2025-11-07 00:22:59,445 - INFO - ⌛ Aguardando janela de edição de OS...
2025-11-07 00:23:20,327 - INFO - ⌛ Aguardando janela de edição de OS...
2025-11-07 00:23:41,186 - INFO - ⌛ Aguardando janela de edição de OS...
2025-11-07 00:24:01,756 - INFO - ⌛ Aguardando janela de edição de OS...
2025-11-07 00:24:22,323 - INFO - ⌛ Aguardando janela de edição de OS...
2025-11-07 00:24:42,887 - INFO - ⌛ Aguardando janela de edição de OS...
2025-11-07 00:25:03,941 - INFO - ⌛ Aguardando janela de edição de OS...
2025-11-07 00:25:24,760 - INFO - ⌛ Aguardando janela de edição de OS...
2025-11-07 00:25:45,624 - INFO - ⌛ Aguardando janela de edição de OS...
2025-11-07 00:26:06,203 - INFO - ⌛ Aguardando janela de edição de OS...
2025-11-07 00:26:27,246 - INFO - ⌛ Aguardando janela de edição de OS...
2025-11-07 00:26:48,039 - INFO - ⌛ Aguardando janela de edição de OS...
2025-11-07 00:27:08,885 - INFO - ⌛ Aguardando janela de edição de OS...
2025-11-07 00:27:29,701 - INFO - ⌛ Aguardando janela de edição de OS...
2025-11-07 00:27:50,539 - INFO - ⌛ Aguardando janela de edição de OS...
2025-11-07 00:28:11,366 - INFO - ⌛ Aguardando janela de edição de OS...
2025-11-07 00:28:32,231 - INFO - ⌛ Aguardando janela de edição de OS...
2025-11-07 00:28:53,074 - INFO - ⌛ Aguardando janela de edição de OS...
2025-11-07 00:29:13,902 - INFO - ⏱️ Tempo limite atingido. Abortando seleção
2025-11-07 00:29:44,779 - INFO - ⌛ Aguardando janela de confirmação de programação de OS...
2025-11-07 00:30:04,841 - INFO - ⌛ Aguardando janela de confirmação de programação de OS...
2025-11-07 00:30:25,152 - INFO - ⌛ Aguardando janela de confirmação de programação de OS...
2025-11-07 00:30:45,460 - INFO - ⌛ Aguardando janela de confirmação de programação de OS...
2025-11-07 00:31:05,805 - INFO - ⌛ Aguardando janela de confirmação de programação de OS...
2025-11-07 00:31:26,119 - INFO - ⌛ Aguardando janela de confirmação de programação de OS...
2025-11-07 00:31:46,474 - INFO - ⌛ Aguardando janela de confirmação de programação de OS...
2025-11-07 00:32:06,903 - INFO - ⌛ Aguardando janela de confirmação de programação de OS...
2025-11-07 00:32:27,221 - INFO - ⌛ Aguardando janela de confirmação de programação de OS...
2025-11-07 00:32:47,435 - INFO - ⌛ Aguardando janela de confirmação de programação de OS...
2025-11-07 00:33:07,834 - INFO - ⌛ Aguardando janela de confirmação de programação de OS...
2025-11-07 00:33:28,154 - INFO - ⌛ Aguardando janela de confirmação de programação de OS...
2025-11-07 00:33:48,388 - INFO - ⌛ Aguardando janela de confirmação de programação de OS...
2025-11-07 00:34:08,778 - INFO - ⌛ Aguardando janela de confirmação de programação de OS...
2025-11-07 00:34:29,082 - INFO - ⌛ Aguardando janela de confirmação de programação de OS...
2025-11-07 00:34:49,248 - INFO - ⌛ Aguardando janela de confirmação de programação de OS...
2025-11-07 00:35:09,635 - INFO - ⌛ Aguardando janela de confirmação de programação de OS...
2025-11-07 00:35:29,960 - INFO - ⌛ Aguardando janela de confirmação de programação de OS...
2025-11-07 00:35:50,164 - INFO - ⌛ Aguardando janela de confirmação de programação de OS...
2025-11-07 00:36:10,547 - INFO - ⌛ Aguardando janela de confirmação de programação de OS...
2025-11-07 00:36:30,848 - INFO - ⌛ Aguardando janela de confirmação de programação de OS...
2025-11-07 00:36:51,080 - INFO - ⌛ Aguardando janela de confirmação de programação de OS...
2025-11-07 00:37:11,446 - INFO - ⌛ Aguardando janela de confirmação de programação de OS...
2025-11-07 00:37:31,757 - INFO - ⌛ Aguardando janela de confirmação de programação de OS...
2025-11-07 00:37:51,973 - INFO - ⌛ Aguardando janela de confirmação de programação de OS...
2025-11-07 00:38:12,346 - INFO - ⌛ Aguardando janela de confirmação de programação de OS...
2025-11-07 00:38:32,666 - INFO - ⌛ Aguardando janela de confirmação de programação de OS...
2025-11-07 00:38:52,885 - INFO - ⌛ Aguardando janela de confirmação de programação de OS...
2025-11-07 00:39:13,275 - INFO - ⌛ Aguardando janela de confirmação de programação de OS...
2025-11-07 00:39:33,591 - INFO - ⏱️ Tempo limite atingido. Abortando seleção
2025-11-07 00:39:34,229 - INFO - 
=== Iniciando lote 4/9 [LV] ===
2025-11-07 00:39:41,094 - INFO - ⌛ Aguardando janela de seleção...
2025-11-07 00:40:01,153 - INFO - ⌛ Aguardando janela de seleção...
2025-11-07 00:40:21,506 - INFO - ⌛ Aguardando janela de seleção...
2025-11-07 00:40:41,869 - INFO - ⌛ Aguardando janela de seleção...
2025-11-07 00:41:02,165 - INFO - ⌛ Aguardando janela de seleção...
2025-11-07 00:41:22,508 - INFO - ⌛ Aguardando janela de seleção...
2025-11-07 00:41:42,870 - INFO - ⌛ Aguardando janela de seleção...
2025-11-07 00:42:03,160 - INFO - ⌛ Aguardando janela de seleção...
2025-11-07 00:42:23,499 - INFO - ⌛ Aguardando janela de seleção...
2025-11-07 00:42:43,922 - INFO - ⌛ Aguardando janela de seleção...
2025-11-07 00:43:04,222 - INFO - ⌛ Aguardando janela de seleção...
2025-11-07 00:43:24,344 - INFO - ⌛ Aguardando janela de seleção...
2025-11-07 00:43:44,711 - INFO - ⌛ Aguardando janela de seleção...
2025-11-07 00:44:05,020 - INFO - ⌛ Aguardando janela de seleção...
2025-11-07 00:44:25,208 - INFO - ⌛ Aguardando janela de seleção...
2025-11-07 00:44:45,596 - INFO - ⌛ Aguardando janela de seleção...
2025-11-07 00:45:05,890 - INFO - ⌛ Aguardando janela de seleção...
2025-11-07 00:45:26,145 - INFO - ⌛ Aguardando janela de seleção...
2025-11-07 00:45:46,527 - INFO - ⌛ Aguardando janela de seleção...
2025-11-07 00:46:06,825 - INFO - ⌛ Aguardando janela de seleção...
2025-11-07 00:46:26,920 - INFO - ⌛ Aguardando janela de seleção...
2025-11-07 00:46:47,287 - INFO - ⌛ Aguardando janela de seleção...
2025-11-07 00:47:07,595 - INFO - ⌛ Aguardando janela de seleção...
2025-11-07 00:47:27,814 - INFO - ⌛ Aguardando janela de seleção...
2025-11-07 00:47:48,207 - INFO - ⌛ Aguardando janela de seleção...
2025-11-07 00:48:08,507 - INFO - ⌛ Aguardando janela de seleção...
2025-11-07 00:48:28,706 - INFO - ⌛ Aguardando janela de seleção...
2025-11-07 00:48:49,091 - INFO - ⌛ Aguardando janela de seleção...
2025-11-07 00:49:09,391 - INFO - ⌛ Aguardando janela de seleção...
2025-11-07 00:49:29,610 - INFO - ⌛ Aguardando janela de seleção...
2025-11-07 00:49:50,013 - INFO - ⏱️ Tempo limite atingido. Abortando seleção
2025-11-07 00:50:07,324 - INFO - ⌛ Aguardando janela de confirmação de desbloqueio...
2025-11-07 00:50:27,390 - INFO - ⌛ Aguardando janela de confirmação de desbloqueio...
2025-11-07 00:50:47,698 - INFO - ⌛ Aguardando janela de confirmação de desbloqueio...
2025-11-07 00:51:08,057 - INFO - ⌛ Aguardando janela de confirmação de desbloqueio...
2025-11-07 00:51:28,446 - INFO - ⌛ Aguardando janela de confirmação de desbloqueio...
2025-11-07 00:51:48,771 - INFO - ⌛ Aguardando janela de confirmação de desbloqueio...
2025-11-07 00:52:08,979 - INFO - ⌛ Aguardando janela de confirmação de desbloqueio...
2025-11-07 00:52:29,356 - INFO - ⌛ Aguardando janela de confirmação de desbloqueio...
2025-11-07 00:52:49,676 - INFO - ⌛ Aguardando janela de confirmação de desbloqueio...
2025-11-07 00:53:09,876 - INFO - ⌛ Aguardando janela de confirmação de desbloqueio...
2025-11-07 00:53:30,258 - INFO - ⌛ Aguardando janela de confirmação de desbloqueio...
2025-11-07 00:53:50,570 - INFO - ⌛ Aguardando janela de confirmação de desbloqueio...
2025-11-07 00:54:10,765 - INFO - ⌛ Aguardando janela de confirmação de desbloqueio...
2025-11-07 00:54:31,138 - INFO - ⌛ Aguardando janela de confirmação de desbloqueio...
2025-11-07 00:54:51,448 - INFO - ⌛ Aguardando janela de confirmação de desbloqueio...
2025-11-07 00:55:11,709 - INFO - ⌛ Aguardando janela de confirmação de desbloqueio...
2025-11-07 00:55:32,081 - INFO - ⌛ Aguardando janela de confirmação de desbloqueio...
2025-11-07 00:55:52,396 - INFO - ⌛ Aguardando janela de confirmação de desbloqueio...
2025-11-07 00:56:12,550 - INFO - ⌛ Aguardando janela de confirmação de desbloqueio...
2025-11-07 00:56:32,925 - INFO - ⌛ Aguardando janela de confirmação de desbloqueio...
2025-11-07 00:56:53,237 - INFO - ⌛ Aguardando janela de confirmação de desbloqueio...
2025-11-07 00:57:13,395 - INFO - ⌛ Aguardando janela de confirmação de desbloqueio...
2025-11-07 00:57:33,778 - INFO - ⌛ Aguardando janela de confirmação de desbloqueio...
2025-11-07 00:57:54,086 - INFO - ⌛ Aguardando janela de confirmação de desbloqueio...
2025-11-07 00:58:14,293 - INFO - ⌛ Aguardando janela de confirmação de desbloqueio...
2025-11-07 00:58:34,687 - INFO - ⌛ Aguardando janela de confirmação de desbloqueio...
2025-11-07 00:58:55,013 - INFO - ⌛ Aguardando janela de confirmação de desbloqueio...
2025-11-07 00:59:15,173 - INFO - ⌛ Aguardando janela de confirmação de desbloqueio...
2025-11-07 00:59:35,553 - INFO - ⌛ Aguardando janela de confirmação de desbloqueio...
2025-11-07 00:59:55,876 - INFO - ⌛ Aguardando janela de confirmação de desbloqueio...
2025-11-07 01:00:16,077 - INFO - ⏱️ Tempo limite atingido. Abortando etapa
2025-11-07 01:00:47,555 - INFO - ⌛ Aguardando janela de edição de OS...
2025-11-07 01:01:07,679 - INFO - ⌛ Aguardando janela de edição de OS...
2025-11-07 01:01:28,708 - INFO - ⌛ Aguardando janela de edição de OS...
2025-11-07 01:01:49,325 - INFO - ⌛ Aguardando janela de edição de OS...
2025-11-07 01:02:10,374 - INFO - ⌛ Aguardando janela de edição de OS...
2025-11-07 01:02:30,939 - INFO - ⌛ Aguardando janela de edição de OS...
2025-11-07 01:02:51,505 - INFO - ⌛ Aguardando janela de edição de OS...
2025-11-07 01:03:12,342 - INFO - ⌛ Aguardando janela de edição de OS...
2025-11-07 01:03:32,690 - INFO - ⌛ Aguardando janela de edição de OS...
2025-11-07 01:03:53,312 - INFO - ⌛ Aguardando janela de edição de OS...
2025-11-07 01:04:13,961 - INFO - ⌛ Aguardando janela de edição de OS...
2025-11-07 01:04:34,558 - INFO - ⌛ Aguardando janela de edição de OS...
2025-11-07 01:04:55,449 - INFO - ⌛ Aguardando janela de edição de OS...
2025-11-07 01:05:16,299 - INFO - ⌛ Aguardando janela de edição de OS...
2025-11-07 01:05:37,152 - INFO - ⌛ Aguardando janela de edição de OS...
2025-11-07 01:05:57,997 - INFO - ⌛ Aguardando janela de edição de OS...
2025-11-07 01:06:18,595 - INFO - ⌛ Aguardando janela de edição de OS...
2025-11-07 01:06:39,598 - INFO - ⌛ Aguardando janela de edição de OS...
2025-11-07 01:07:00,454 - INFO - ⌛ Aguardando janela de edição de OS...
2025-11-07 01:07:21,081 - INFO - ⌛ Aguardando janela de edição de OS...
2025-11-07 01:07:42,107 - INFO - ⌛ Aguardando janela de edição de OS...
2025-11-07 01:08:02,702 - INFO - ⌛ Aguardando janela de edição de OS...
2025-11-07 01:08:23,775 - INFO - ⌛ Aguardando janela de edição de OS...
2025-11-07 01:08:44,622 - INFO - ⌛ Aguardando janela de edição de OS...
2025-11-07 01:09:05,473 - INFO - ⌛ Aguardando janela de edição de OS...
2025-11-07 01:09:26,355 - INFO - ⌛ Aguardando janela de edição de OS...
2025-11-07 01:09:46,978 - INFO - ⌛ Aguardando janela de edição de OS...
2025-11-07 01:10:08,002 - INFO - ⌛ Aguardando janela de edição de OS...
2025-11-07 01:10:28,852 - INFO - ⏱️ Tempo limite atingido. Abortando seleção
2025-11-07 01:10:59,839 - INFO - ⌛ Aguardando janela de confirmação de programação de OS...
2025-11-07 01:11:19,917 - INFO - ⌛ Aguardando janela de confirmação de programação de OS...
2025-11-07 01:11:40,266 - INFO - ⌛ Aguardando janela de confirmação de programação de OS...
2025-11-07 01:12:00,588 - INFO - ⌛ Aguardando janela de confirmação de programação de OS...
2025-11-07 01:12:20,936 - INFO - ⌛ Aguardando janela de confirmação de programação de OS...
2025-11-07 01:12:41,282 - INFO - ⌛ Aguardando janela de confirmação de programação de OS...
2025-11-07 01:13:01,592 - INFO - ⌛ Aguardando janela de confirmação de programação de OS...
2025-11-07 01:13:21,898 - INFO - ⌛ Aguardando janela de confirmação de programação de OS...
2025-11-07 01:13:42,292 - INFO - ⌛ Aguardando janela de confirmação de programação de OS...
2025-11-07 01:14:02,611 - INFO - ⌛ Aguardando janela de confirmação de programação de OS...
2025-11-07 01:14:22,803 - INFO - ⌛ Aguardando janela de confirmação de programação de OS...
2025-11-07 01:14:43,186 - INFO - ⌛ Aguardando janela de confirmação de programação de OS...
2025-11-07 01:15:03,496 - INFO - ⌛ Aguardando janela de confirmação de programação de OS...
2025-11-07 01:15:23,681 - INFO - ⌛ Aguardando janela de confirmação de programação de OS...
2025-11-07 01:15:44,068 - INFO - ⌛ Aguardando janela de confirmação de programação de OS...
2025-11-07 01:16:04,377 - INFO - ⌛ Aguardando janela de confirmação de programação de OS...
2025-11-07 01:16:24,550 - INFO - ⌛ Aguardando janela de confirmação de programação de OS...
2025-11-07 01:16:44,935 - INFO - ⌛ Aguardando janela de confirmação de programação de OS...
2025-11-07 01:17:05,243 - INFO - ⌛ Aguardando janela de confirmação de programação de OS...
2025-11-07 01:17:25,459 - INFO - ⌛ Aguardando janela de confirmação de programação de OS...
2025-11-07 01:17:45,856 - INFO - ⌛ Aguardando janela de confirmação de programação de OS...
2025-11-07 01:18:06,162 - INFO - ⌛ Aguardando janela de confirmação de programação de OS...
2025-11-07 01:18:26,366 - INFO - ⌛ Aguardando janela de confirmação de programação de OS...
2025-11-07 01:18:46,748 - INFO - ⌛ Aguardando janela de confirmação de programação de OS...
2025-11-07 01:19:07,063 - INFO - ⌛ Aguardando janela de confirmação de programação de OS...
2025-11-07 01:19:27,293 - INFO - ⌛ Aguardando janela de confirmação de programação de OS...
2025-11-07 01:19:47,681 - INFO - ⌛ Aguardando janela de confirmação de programação de OS...
2025-11-07 01:20:07,999 - INFO - ⌛ Aguardando janela de confirmação de programação de OS...
2025-11-07 01:20:28,239 - INFO - ⌛ Aguardando janela de confirmação de programação de OS...
2025-11-07 01:20:48,626 - INFO - ⏱️ Tempo limite atingido. Abortando seleção
2025-11-07 01:20:48,908 - INFO - 
=== Iniciando lote 5/9 [LV] ===
2025-11-07 01:20:55,767 - INFO - ⌛ Aguardando janela de seleção...
2025-11-07 01:21:15,817 - INFO - ⌛ Aguardando janela de seleção...
2025-11-07 01:21:36,202 - INFO - ⌛ Aguardando janela de seleção...
2025-11-07 01:21:56,583 - INFO - ⌛ Aguardando janela de seleção...
2025-11-07 01:22:16,883 - INFO - ⌛ Aguardando janela de seleção...
2025-11-07 01:22:37,220 - INFO - ⌛ Aguardando janela de seleção...
2025-11-07 01:22:57,566 - INFO - ⌛ Aguardando janela de seleção...
2025-11-07 01:23:17,854 - INFO - ⌛ Aguardando janela de seleção...
2025-11-07 01:23:38,209 - INFO - ⌛ Aguardando janela de seleção...
2025-11-07 01:23:58,544 - INFO - ⌛ Aguardando janela de seleção...
2025-11-07 01:24:18,842 - INFO - ⌛ Aguardando janela de seleção...
2025-11-07 01:24:39,178 - INFO - ⌛ Aguardando janela de seleção...
2025-11-07 01:24:59,511 - INFO - ⌛ Aguardando janela de seleção...
2025-11-07 01:25:19,806 - INFO - ⌛ Aguardando janela de seleção...
2025-11-07 01:25:40,158 - INFO - ⌛ Aguardando janela de seleção...
2025-11-07 01:26:00,519 - INFO - ⌛ Aguardando janela de seleção...
2025-11-07 01:26:20,858 - INFO - ⌛ Aguardando janela de seleção...
2025-11-07 01:26:41,047 - INFO - ⌛ Aguardando janela de seleção...
2025-11-07 01:27:01,420 - INFO - ⌛ Aguardando janela de seleção...
2025-11-07 01:27:21,722 - INFO - ⌛ Aguardando janela de seleção...
2025-11-07 01:27:41,896 - INFO - ⌛ Aguardando janela de seleção...
2025-11-07 01:28:02,264 - INFO - ⌛ Aguardando janela de seleção...
2025-11-07 01:28:22,570 - INFO - ⌛ Aguardando janela de seleção...
2025-11-07 01:28:42,799 - INFO - ⌛ Aguardando janela de seleção...
2025-11-07 01:29:03,197 - INFO - ⌛ Aguardando janela de seleção...
2025-11-07 01:29:23,481 - INFO - ⌛ Aguardando janela de seleção...
2025-11-07 01:29:43,692 - INFO - ⌛ Aguardando janela de seleção...
2025-11-07 01:30:04,079 - INFO - ⌛ Aguardando janela de seleção...
2025-11-07 01:30:24,366 - INFO - ⌛ Aguardando janela de seleção...
2025-11-07 01:30:44,572 - INFO - ⌛ Aguardando janela de seleção...
2025-11-07 01:31:04,955 - INFO - ⏱️ Tempo limite atingido. Abortando seleção
2025-11-07 01:31:21,986 - INFO - ⌛ Aguardando janela de confirmação de desbloqueio...
2025-11-07 01:31:42,049 - INFO - ⌛ Aguardando janela de confirmação de desbloqueio...
2025-11-07 01:32:02,359 - INFO - ⌛ Aguardando janela de confirmação de desbloqueio...
2025-11-07 01:32:22,685 - INFO - ⌛ Aguardando janela de confirmação de desbloqueio...
2025-11-07 01:32:43,031 - INFO - ⌛ Aguardando janela de confirmação de desbloqueio...
2025-11-07 01:33:03,337 - INFO - ⌛ Aguardando janela de confirmação de desbloqueio...
2025-11-07 01:33:23,689 - INFO - ⌛ Aguardando janela de confirmação de desbloqueio...
2025-11-07 01:33:44,027 - INFO - ⌛ Aguardando janela de confirmação de desbloqueio...
2025-11-07 01:34:04,345 - INFO - ⌛ Aguardando janela de confirmação de desbloqueio...
2025-11-07 01:34:24,691 - INFO - ⌛ Aguardando janela de confirmação de desbloqueio...
2025-11-07 01:34:45,025 - INFO - ⌛ Aguardando janela de confirmação de desbloqueio...
2025-11-07 01:35:05,336 - INFO - ⌛ Aguardando janela de confirmação de desbloqueio...
2025-11-07 01:35:25,683 - INFO - ⌛ Aguardando janela de confirmação de desbloqueio...
2025-11-07 01:35:46,000 - INFO - ⌛ Aguardando janela de confirmação de desbloqueio...
2025-11-07 01:36:06,308 - INFO - ⌛ Aguardando janela de confirmação de desbloqueio...
2025-11-07 01:36:26,558 - INFO - ⌛ Aguardando janela de confirmação de desbloqueio...
2025-11-07 01:36:46,940 - INFO - ⌛ Aguardando janela de confirmação de desbloqueio...
2025-11-07 01:37:07,247 - INFO - ⌛ Aguardando janela de confirmação de desbloqueio...
2025-11-07 01:37:27,447 - INFO - ⌛ Aguardando janela de confirmação de desbloqueio...
2025-11-07 01:37:47,818 - INFO - ⌛ Aguardando janela de confirmação de desbloqueio...
2025-11-07 01:38:08,120 - INFO - ⌛ Aguardando janela de confirmação de desbloqueio...
2025-11-07 01:38:28,360 - INFO - ⌛ Aguardando janela de confirmação de desbloqueio...
2025-11-07 01:38:48,726 - INFO - ⌛ Aguardando janela de confirmação de desbloqueio...
2025-11-07 01:39:09,041 - INFO - ⌛ Aguardando janela de confirmação de desbloqueio...
2025-11-07 01:39:29,268 - INFO - ⌛ Aguardando janela de confirmação de desbloqueio...
2025-11-07 01:39:49,661 - INFO - ⌛ Aguardando janela de confirmação de desbloqueio...
2025-11-07 01:40:09,971 - INFO - ⌛ Aguardando janela de confirmação de desbloqueio...
2025-11-07 01:40:30,237 - INFO - ⌛ Aguardando janela de confirmação de desbloqueio...
2025-11-07 01:40:50,622 - INFO - ⌛ Aguardando janela de confirmação de desbloqueio...
2025-11-07 01:41:10,935 - INFO - ⌛ Aguardando janela de confirmação de desbloqueio...
2025-11-07 01:41:31,117 - INFO - ⏱️ Tempo limite atingido. Abortando etapa
2025-11-07 01:42:02,612 - INFO - ⌛ Aguardando janela de edição de OS...
2025-11-07 01:42:22,724 - INFO - ⌛ Aguardando janela de edição de OS...
2025-11-07 01:42:43,744 - INFO - ⌛ Aguardando janela de edição de OS...
2025-11-07 01:43:04,332 - INFO - ⌛ Aguardando janela de edição de OS...
2025-11-07 01:43:25,371 - INFO - ⌛ Aguardando janela de edição de OS...
2025-11-07 01:43:46,217 - INFO - ⌛ Aguardando janela de edição de OS...
2025-11-07 01:44:06,804 - INFO - ⌛ Aguardando janela de edição de OS...
2025-11-07 01:44:27,865 - INFO - ⌛ Aguardando janela de edição de OS...
2025-11-07 01:44:48,446 - INFO - ⌛ Aguardando janela de edição de OS...
2025-11-07 01:45:09,005 - INFO - ⌛ Aguardando janela de edição de OS...
2025-11-07 01:45:29,861 - INFO - ⌛ Aguardando janela de edição de OS...
2025-11-07 01:45:50,431 - INFO - ⌛ Aguardando janela de edição de OS...
2025-11-07 01:46:11,487 - INFO - ⌛ Aguardando janela de edição de OS...
2025-11-07 01:46:32,046 - INFO - ⌛ Aguardando janela de edição de OS...
2025-11-07 01:46:52,582 - INFO - ⌛ Aguardando janela de edição de OS...
2025-11-07 01:47:13,178 - INFO - ⌛ Aguardando janela de edição de OS...
2025-11-07 01:47:33,809 - INFO - ⌛ Aguardando janela de edição de OS...
2025-11-07 01:47:54,415 - INFO - ⌛ Aguardando janela de edição de OS...
2025-11-07 01:48:15,327 - INFO - ⌛ Aguardando janela de edição de OS...
2025-11-07 01:48:35,991 - INFO - ⌛ Aguardando janela de edição de OS...
2025-11-07 01:48:56,970 - INFO - ⌛ Aguardando janela de edição de OS...
2025-11-07 01:49:17,831 - INFO - ⌛ Aguardando janela de edição de OS...
2025-11-07 01:49:38,664 - INFO - ⌛ Aguardando janela de edição de OS...
2025-11-07 01:49:59,237 - INFO - ⌛ Aguardando janela de edição de OS...
2025-11-07 01:50:19,784 - INFO - ⌛ Aguardando janela de edição de OS...
2025-11-07 01:50:40,665 - INFO - ⌛ Aguardando janela de edição de OS...
2025-11-07 01:51:01,252 - INFO - ⌛ Aguardando janela de edição de OS...
2025-11-07 01:51:22,255 - INFO - ⌛ Aguardando janela de edição de OS...
2025-11-07 01:51:43,086 - INFO - ⏱️ Tempo limite atingido. Abortando seleção
2025-11-07 01:52:14,231 - INFO - ⌛ Aguardando janela de confirmação de programação de OS...
2025-11-07 01:52:34,297 - INFO - ⌛ Aguardando janela de confirmação de programação de OS...
2025-11-07 01:52:54,645 - INFO - ⌛ Aguardando janela de confirmação de programação de OS...
2025-11-07 01:53:14,975 - INFO - ⌛ Aguardando janela de confirmação de programação de OS...
2025-11-07 01:53:35,259 - INFO - ⌛ Aguardando janela de confirmação de programação de OS...
2025-11-07 01:53:55,632 - INFO - ⌛ Aguardando janela de confirmação de programação de OS...
2025-11-07 01:54:15,937 - INFO - ⌛ Aguardando janela de confirmação de programação de OS...
2025-11-07 01:54:36,178 - INFO - ⌛ Aguardando janela de confirmação de programação de OS...
2025-11-07 01:54:56,563 - INFO - ⌛ Aguardando janela de confirmação de programação de OS...
2025-11-07 01:55:16,880 - INFO - ⌛ Aguardando janela de confirmação de programação de OS...
2025-11-07 01:55:37,088 - INFO - ⌛ Aguardando janela de confirmação de programação de OS...
2025-11-07 01:55:57,456 - INFO - ⌛ Aguardando janela de confirmação de programação de OS...
2025-11-07 01:56:17,775 - INFO - ⌛ Aguardando janela de confirmação de programação de OS...
2025-11-07 01:56:37,934 - INFO - ⌛ Aguardando janela de confirmação de programação de OS...
2025-11-07 01:56:58,340 - INFO - ⌛ Aguardando janela de confirmação de programação de OS...
2025-11-07 01:57:18,663 - INFO - ⌛ Aguardando janela de confirmação de programação de OS...
2025-11-07 01:57:38,867 - INFO - ⌛ Aguardando janela de confirmação de programação de OS...
2025-11-07 01:57:59,244 - INFO - ⌛ Aguardando janela de confirmação de programação de OS...
2025-11-07 01:58:19,549 - INFO - ⌛ Aguardando janela de confirmação de programação de OS...
2025-11-07 01:58:39,704 - INFO - ⌛ Aguardando janela de confirmação de programação de OS...
2025-11-07 01:59:00,093 - INFO - ⌛ Aguardando janela de confirmação de programação de OS...
2025-11-07 01:59:20,405 - INFO - ⌛ Aguardando janela de confirmação de programação de OS...
2025-11-07 01:59:40,616 - INFO - ⌛ Aguardando janela de confirmação de programação de OS...
2025-11-07 02:00:01,008 - INFO - ⌛ Aguardando janela de confirmação de programação de OS...
2025-11-07 02:00:21,316 - INFO - ⌛ Aguardando janela de confirmação de programação de OS...
2025-11-07 02:00:41,526 - INFO - ⌛ Aguardando janela de confirmação de programação de OS...
2025-11-07 02:01:01,906 - INFO - ⌛ Aguardando janela de confirmação de programação de OS...
2025-11-07 02:01:22,207 - INFO - ⌛ Aguardando janela de confirmação de programação de OS...
2025-11-07 02:01:42,437 - INFO - ⌛ Aguardando janela de confirmação de programação de OS...
2025-11-07 02:02:02,825 - INFO - ⏱️ Tempo limite atingido. Abortando seleção
2025-11-07 02:02:03,129 - INFO - 
=== Iniciando lote 6/9 [LV] ===
2025-11-07 02:02:09,993 - INFO - ⌛ Aguardando janela de seleção...
2025-11-07 02:02:30,047 - INFO - ⌛ Aguardando janela de seleção...
2025-11-07 02:02:50,369 - INFO - ⌛ Aguardando janela de seleção...
2025-11-07 02:03:10,713 - INFO - ⌛ Aguardando janela de seleção...
2025-11-07 02:03:31,003 - INFO - ⌛ Aguardando janela de seleção...
2025-11-07 02:03:51,347 - INFO - ⌛ Aguardando janela de seleção...
2025-11-07 02:04:11,713 - INFO - ⌛ Aguardando janela de seleção...
2025-11-07 02:04:32,007 - INFO - ⌛ Aguardando janela de seleção...
2025-11-07 02:04:52,347 - INFO - ⌛ Aguardando janela de seleção...
2025-11-07 02:05:12,743 - INFO - ⌛ Aguardando janela de seleção...
2025-11-07 02:05:33,034 - INFO - ⌛ Aguardando janela de seleção...
2025-11-07 02:05:53,316 - INFO - ⌛ Aguardando janela de seleção...
2025-11-07 02:06:13,683 - INFO - ⌛ Aguardando janela de seleção...
2025-11-07 02:06:33,985 - INFO - ⌛ Aguardando janela de seleção...
2025-11-07 02:06:54,183 - INFO - ⌛ Aguardando janela de seleção...
2025-11-07 02:07:14,569 - INFO - ⌛ Aguardando janela de seleção...
2025-11-07 02:07:34,870 - INFO - ⌛ Aguardando janela de seleção...
2025-11-07 02:07:55,099 - INFO - ⌛ Aguardando janela de seleção...
2025-11-07 02:08:15,447 - INFO - ⌛ Aguardando janela de seleção...
2025-11-07 02:08:35,761 - INFO - ⌛ Aguardando janela de seleção...
2025-11-07 02:08:55,971 - INFO - ⌛ Aguardando janela de seleção...
2025-11-07 02:09:16,314 - INFO - ⌛ Aguardando janela de seleção...
2025-11-07 02:09:36,612 - INFO - ⌛ Aguardando janela de seleção...
2025-11-07 02:09:56,897 - INFO - ⌛ Aguardando janela de seleção...
2025-11-07 02:10:17,270 - INFO - ⌛ Aguardando janela de seleção...
2025-11-07 02:10:37,579 - INFO - ⌛ Aguardando janela de seleção...
2025-11-07 02:10:57,780 - INFO - ⌛ Aguardando janela de seleção...
2025-11-07 02:11:18,153 - INFO - ⌛ Aguardando janela de seleção...
2025-11-07 02:11:38,478 - INFO - ⌛ Aguardando janela de seleção...
2025-11-07 02:11:58,691 - INFO - ⌛ Aguardando janela de seleção...
2025-11-07 02:12:19,081 - INFO - ⏱️ Tempo limite atingido. Abortando seleção
2025-11-07 02:12:36,088 - INFO - ⌛ Aguardando janela de confirmação de desbloqueio...
2025-11-07 02:12:56,155 - INFO - ⌛ Aguardando janela de confirmação de desbloqueio...
2025-11-07 02:13:16,461 - INFO - ⌛ Aguardando janela de confirmação de desbloqueio...
2025-11-07 02:13:36,745 - INFO - ⌛ Aguardando janela de confirmação de desbloqueio...
2025-11-07 02:13:57,120 - INFO - ⌛ Aguardando janela de confirmação de desbloqueio...
2025-11-07 02:14:17,434 - INFO - ⌛ Aguardando janela de confirmação de desbloqueio...
2025-11-07 02:14:37,602 - INFO - ⌛ Aguardando janela de confirmação de desbloqueio...
2025-11-07 02:14:58,005 - INFO - ⌛ Aguardando janela de confirmação de desbloqueio...
2025-11-07 02:15:18,334 - INFO - ⌛ Aguardando janela de confirmação de desbloqueio...
2025-11-07 02:15:38,527 - INFO - ⌛ Aguardando janela de confirmação de desbloqueio...
2025-11-07 02:15:58,914 - INFO - ⌛ Aguardando janela de confirmação de desbloqueio...
2025-11-07 02:16:19,225 - INFO - ⌛ Aguardando janela de confirmação de desbloqueio...
2025-11-07 02:16:39,350 - INFO - ⌛ Aguardando janela de confirmação de desbloqueio...
2025-11-07 02:16:59,739 - INFO - ⌛ Aguardando janela de confirmação de desbloqueio...
2025-11-07 02:17:20,055 - INFO - ⌛ Aguardando janela de confirmação de desbloqueio...
2025-11-07 02:17:40,274 - INFO - ⌛ Aguardando janela de confirmação de desbloqueio...
2025-11-07 02:18:00,670 - INFO - ⌛ Aguardando janela de confirmação de desbloqueio...
2025-11-07 02:18:20,981 - INFO - ⌛ Aguardando janela de confirmação de desbloqueio...
2025-11-07 02:18:41,205 - INFO - ⌛ Aguardando janela de confirmação de desbloqueio...
2025-11-07 02:19:01,592 - INFO - ⌛ Aguardando janela de confirmação de desbloqueio...
2025-11-07 02:19:21,915 - INFO - ⌛ Aguardando janela de confirmação de desbloqueio...
2025-11-07 02:19:42,039 - INFO - ⌛ Aguardando janela de confirmação de desbloqueio...
2025-11-07 02:20:02,471 - INFO - ⌛ Aguardando janela de confirmação de desbloqueio...
2025-11-07 02:20:22,785 - INFO - ⌛ Aguardando janela de confirmação de desbloqueio...
2025-11-07 02:20:42,933 - INFO - ⌛ Aguardando janela de confirmação de desbloqueio...
2025-11-07 02:21:03,338 - INFO - ⌛ Aguardando janela de confirmação de desbloqueio...
2025-11-07 02:21:23,657 - INFO - ⌛ Aguardando janela de confirmação de desbloqueio...
2025-11-07 02:21:43,833 - INFO - ⌛ Aguardando janela de confirmação de desbloqueio...
2025-11-07 02:22:04,235 - INFO - ⌛ Aguardando janela de confirmação de desbloqueio...
2025-11-07 02:22:24,546 - INFO - ⌛ Aguardando janela de confirmação de desbloqueio...
2025-11-07 02:22:44,745 - INFO - ⏱️ Tempo limite atingido. Abortando etapa
2025-11-07 02:23:16,467 - INFO - ⌛ Aguardando janela de edição de OS...
2025-11-07 02:23:36,581 - INFO - ⌛ Aguardando janela de edição de OS...
2025-11-07 02:23:57,569 - INFO - ⌛ Aguardando janela de edição de OS...
2025-11-07 02:24:18,128 - INFO - ⌛ Aguardando janela de edição de OS...
2025-11-07 02:24:38,704 - INFO - ⌛ Aguardando janela de edição de OS...
2025-11-07 02:24:59,062 - INFO - ⌛ Aguardando janela de edição de OS...
2025-11-07 02:25:19,647 - INFO - ⌛ Aguardando janela de edição de OS...
2025-11-07 02:25:40,344 - INFO - ⌛ Aguardando janela de edição de OS...
2025-11-07 02:26:00,929 - INFO - ⌛ Aguardando janela de edição de OS...
2025-11-07 02:26:21,761 - INFO - ⌛ Aguardando janela de edição de OS...
2025-11-07 02:26:42,392 - INFO - ⌛ Aguardando janela de edição de OS...
2025-11-07 02:27:03,400 - INFO - ⌛ Aguardando janela de edição de OS...
2025-11-07 02:27:24,272 - INFO - ⌛ Aguardando janela de edição de OS...
2025-11-07 02:27:45,084 - INFO - ⌛ Aguardando janela de edição de OS...
2025-11-07 02:28:05,645 - INFO - ⌛ Aguardando janela de edição de OS...
2025-11-07 02:28:26,220 - INFO - ⌛ Aguardando janela de edição de OS...
2025-11-07 02:28:47,099 - INFO - ⌛ Aguardando janela de edição de OS...
2025-11-07 02:29:07,647 - INFO - ⌛ Aguardando janela de edição de OS...
2025-11-07 02:29:28,741 - INFO - ⌛ Aguardando janela de edição de OS...
2025-11-07 02:29:49,323 - INFO - ⌛ Aguardando janela de edição de OS...
2025-11-07 02:30:10,413 - INFO - ⌛ Aguardando janela de edição de OS...
2025-11-07 02:30:31,006 - INFO - ⌛ Aguardando janela de edição de OS...
2025-11-07 02:30:52,027 - INFO - ⌛ Aguardando janela de edição de OS...
2025-11-07 02:31:12,864 - INFO - ⌛ Aguardando janela de edição de OS...
2025-11-07 02:31:33,716 - INFO - ⌛ Aguardando janela de edição de OS...
2025-11-07 02:31:54,525 - INFO - ⌛ Aguardando janela de edição de OS...
2025-11-07 02:32:15,386 - INFO - ⌛ Aguardando janela de edição de OS...
2025-11-07 02:32:36,218 - INFO - ⌛ Aguardando janela de edição de OS...
2025-11-07 02:32:57,028 - INFO - ⏱️ Tempo limite atingido. Abortando seleção
2025-11-07 02:33:27,931 - INFO - ⌛ Aguardando janela de confirmação de programação de OS...
2025-11-07 02:33:47,997 - INFO - ⌛ Aguardando janela de confirmação de programação de OS...
2025-11-07 02:34:08,310 - INFO - ⌛ Aguardando janela de confirmação de programação de OS...
2025-11-07 02:34:28,652 - INFO - ⌛ Aguardando janela de confirmação de programação de OS...
2025-11-07 02:34:49,073 - INFO - ⌛ Aguardando janela de confirmação de programação de OS...
2025-11-07 02:35:09,388 - INFO - ⌛ Aguardando janela de confirmação de programação de OS...
2025-11-07 02:35:29,616 - INFO - ⌛ Aguardando janela de confirmação de programação de OS...
2025-11-07 02:35:49,991 - INFO - ⌛ Aguardando janela de confirmação de programação de OS...
2025-11-07 02:36:10,295 - INFO - ⌛ Aguardando janela de confirmação de programação de OS...
2025-11-07 02:36:30,464 - INFO - ⌛ Aguardando janela de confirmação de programação de OS...
2025-11-07 02:36:50,832 - INFO - ⌛ Aguardando janela de confirmação de programação de OS...
2025-11-07 02:37:11,136 - INFO - ⌛ Aguardando janela de confirmação de programação de OS...
2025-11-07 02:37:31,355 - INFO - ⌛ Aguardando janela de confirmação de programação de OS...
2025-11-07 02:37:51,750 - INFO - ⌛ Aguardando janela de confirmação de programação de OS...
2025-11-07 02:38:12,050 - INFO - ⌛ Aguardando janela de confirmação de programação de OS...
2025-11-07 02:38:32,259 - INFO - ⌛ Aguardando janela de confirmação de programação de OS...
2025-11-07 02:38:52,630 - INFO - ⌛ Aguardando janela de confirmação de programação de OS...
2025-11-07 02:39:12,946 - INFO - ⌛ Aguardando janela de confirmação de programação de OS...
2025-11-07 02:39:33,165 - INFO - ⌛ Aguardando janela de confirmação de programação de OS...
2025-11-07 02:39:53,551 - INFO - ⌛ Aguardando janela de confirmação de programação de OS...
2025-11-07 02:40:13,860 - INFO - ⌛ Aguardando janela de confirmação de programação de OS...
2025-11-07 02:40:34,060 - INFO - ⌛ Aguardando janela de confirmação de programação de OS...
2025-11-07 02:40:54,433 - INFO - ⌛ Aguardando janela de confirmação de programação de OS...
2025-11-07 02:41:14,751 - INFO - ⌛ Aguardando janela de confirmação de programação de OS...
2025-11-07 02:41:34,982 - INFO - ⌛ Aguardando janela de confirmação de programação de OS...
2025-11-07 02:41:55,350 - INFO - ⌛ Aguardando janela de confirmação de programação de OS...
2025-11-07 02:42:15,642 - INFO - ⌛ Aguardando janela de confirmação de programação de OS...
2025-11-07 02:42:35,840 - INFO - ⌛ Aguardando janela de confirmação de programação de OS...
2025-11-07 02:42:56,242 - INFO - ⌛ Aguardando janela de confirmação de programação de OS...
2025-11-07 02:43:16,558 - INFO - ⏱️ Tempo limite atingido. Abortando seleção
2025-11-07 02:43:17,127 - INFO - 
=== Iniciando lote 7/9 [LV] ===
2025-11-07 02:43:23,981 - INFO - ⌛ Aguardando janela de seleção...
2025-11-07 02:43:44,034 - INFO - ⌛ Aguardando janela de seleção...
2025-11-07 02:44:04,406 - INFO - ⌛ Aguardando janela de seleção...
2025-11-07 02:44:24,751 - INFO - ⌛ Aguardando janela de seleção...
2025-11-07 02:44:45,047 - INFO - ⌛ Aguardando janela de seleção...
2025-11-07 02:45:05,373 - INFO - ⌛ Aguardando janela de seleção...
2025-11-07 02:45:25,713 - INFO - ⌛ Aguardando janela de seleção...
2025-11-07 02:45:45,801 - INFO - ⌛ Aguardando janela de seleção...
2025-11-07 02:46:06,141 - INFO - ⌛ Aguardando janela de seleção...
2025-11-07 02:46:26,489 - INFO - ⌛ Aguardando janela de seleção...
2025-11-07 02:46:46,780 - INFO - ⌛ Aguardando janela de seleção...
2025-11-07 02:47:07,133 - INFO - ⌛ Aguardando janela de seleção...
2025-11-07 02:47:27,543 - INFO - ⌛ Aguardando janela de seleção...
2025-11-07 02:47:47,870 - INFO - ⌛ Aguardando janela de seleção...
2025-11-07 02:48:08,072 - INFO - ⌛ Aguardando janela de seleção...
2025-11-07 02:48:28,168 - INFO - ⌛ Aguardando janela de seleção...
2025-11-07 02:48:48,482 - INFO - ⌛ Aguardando janela de seleção...
2025-11-07 02:49:08,791 - INFO - ⌛ Aguardando janela de seleção...
2025-11-07 02:49:29,084 - INFO - ⌛ Aguardando janela de seleção...
2025-11-07 02:49:49,449 - INFO - ⌛ Aguardando janela de seleção...
2025-11-07 02:50:09,787 - INFO - ⌛ Aguardando janela de seleção...
2025-11-07 02:50:30,083 - INFO - ⌛ Aguardando janela de seleção...
2025-11-07 02:50:50,230 - INFO - ⌛ Aguardando janela de seleção...
2025-11-07 02:51:10,620 - INFO - ⌛ Aguardando janela de seleção...
2025-11-07 02:51:30,904 - INFO - ⌛ Aguardando janela de seleção...
2025-11-07 02:51:51,043 - INFO - ⌛ Aguardando janela de seleção...
2025-11-07 02:52:11,447 - INFO - ⌛ Aguardando janela de seleção...
2025-11-07 02:52:31,731 - INFO - ⌛ Aguardando janela de seleção...
2025-11-07 02:52:51,935 - INFO - ⌛ Aguardando janela de seleção...
2025-11-07 02:53:12,314 - INFO - ⌛ Aguardando janela de seleção...
2025-11-07 02:53:32,619 - INFO - ⏱️ Tempo limite atingido. Abortando seleção
2025-11-07 02:53:50,313 - INFO - ⌛ Aguardando janela de confirmação de desbloqueio...
2025-11-07 02:54:10,358 - INFO - ⌛ Aguardando janela de confirmação de desbloqueio...
2025-11-07 02:54:30,670 - INFO - ⌛ Aguardando janela de confirmação de desbloqueio...
2025-11-07 02:54:50,971 - INFO - ⌛ Aguardando janela de confirmação de desbloqueio...
2025-11-07 02:55:11,329 - INFO - ⌛ Aguardando janela de confirmação de desbloqueio...
2025-11-07 02:55:31,729 - INFO - ⌛ Aguardando janela de confirmação de desbloqueio...
2025-11-07 02:55:52,024 - INFO - ⌛ Aguardando janela de confirmação de desbloqueio...
2025-11-07 02:56:12,220 - INFO - ⌛ Aguardando janela de confirmação de desbloqueio...
2025-11-07 02:56:32,605 - INFO - ⌛ Aguardando janela de confirmação de desbloqueio...
2025-11-07 02:56:52,928 - INFO - ⌛ Aguardando janela de confirmação de desbloqueio...
2025-11-07 02:57:13,109 - INFO - ⌛ Aguardando janela de confirmação de desbloqueio...
2025-11-07 02:57:33,505 - INFO - ⌛ Aguardando janela de confirmação de desbloqueio...
2025-11-07 02:57:53,820 - INFO - ⌛ Aguardando janela de confirmação de desbloqueio...
2025-11-07 02:58:13,955 - INFO - ⌛ Aguardando janela de confirmação de desbloqueio...
2025-11-07 02:58:34,337 - INFO - ⌛ Aguardando janela de confirmação de desbloqueio...
2025-11-07 02:58:54,661 - INFO - ⌛ Aguardando janela de confirmação de desbloqueio...
2025-11-07 02:59:14,817 - INFO - ⌛ Aguardando janela de confirmação de desbloqueio...
2025-11-07 02:59:35,190 - INFO - ⌛ Aguardando janela de confirmação de desbloqueio...
2025-11-07 02:59:55,490 - INFO - ⌛ Aguardando janela de confirmação de desbloqueio...
2025-11-07 03:00:15,692 - INFO - ⌛ Aguardando janela de confirmação de desbloqueio...
2025-11-07 03:00:36,071 - INFO - ⌛ Aguardando janela de confirmação de desbloqueio...
2025-11-07 03:00:56,356 - INFO - ⌛ Aguardando janela de confirmação de desbloqueio...
2025-11-07 03:01:16,546 - INFO - ⌛ Aguardando janela de confirmação de desbloqueio...
2025-11-07 03:01:36,922 - INFO - ⌛ Aguardando janela de confirmação de desbloqueio...
2025-11-07 03:01:57,223 - INFO - ⌛ Aguardando janela de confirmação de desbloqueio...
2025-11-07 03:02:17,461 - INFO - ⌛ Aguardando janela de confirmação de desbloqueio...
2025-11-07 03:02:37,825 - INFO - ⌛ Aguardando janela de confirmação de desbloqueio...
2025-11-07 03:02:58,136 - INFO - ⌛ Aguardando janela de confirmação de desbloqueio...
2025-11-07 03:03:18,330 - INFO - ⌛ Aguardando janela de confirmação de desbloqueio...
2025-11-07 03:03:38,735 - INFO - ⌛ Aguardando janela de confirmação de desbloqueio...
2025-11-07 03:03:59,039 - INFO - ⏱️ Tempo limite atingido. Abortando etapa
2025-11-07 03:04:29,983 - INFO - ⌛ Aguardando janela de edição de OS...
2025-11-07 03:04:50,092 - INFO - ⌛ Aguardando janela de edição de OS...
2025-11-07 03:05:11,113 - INFO - ⌛ Aguardando janela de edição de OS...
2025-11-07 03:05:32,000 - INFO - ⌛ Aguardando janela de edição de OS...
2025-11-07 03:05:52,644 - INFO - ⌛ Aguardando janela de edição de OS...
2025-11-07 03:06:13,594 - INFO - ⌛ Aguardando janela de edição de OS...
2025-11-07 03:06:34,262 - INFO - ⌛ Aguardando janela de edição de OS...
2025-11-07 03:06:55,242 - INFO - ⌛ Aguardando janela de edição de OS...
2025-11-07 03:07:15,904 - INFO - ⌛ Aguardando janela de edição de OS...
2025-11-07 03:07:36,888 - INFO - ⌛ Aguardando janela de edição de OS...
2025-11-07 03:07:57,458 - INFO - ⌛ Aguardando janela de edição de OS...
2025-11-07 03:08:18,506 - INFO - ⌛ Aguardando janela de edição de OS...
2025-11-07 03:08:39,338 - INFO - ⌛ Aguardando janela de edição de OS...
2025-11-07 03:08:59,917 - INFO - ⌛ Aguardando janela de edição de OS...
2025-11-07 03:09:20,498 - INFO - ⌛ Aguardando janela de edição de OS...
2025-11-07 03:09:40,845 - INFO - ⌛ Aguardando janela de edição de OS...
2025-11-07 03:10:01,449 - INFO - ⌛ Aguardando janela de edição de OS...
2025-11-07 03:10:22,086 - INFO - ⌛ Aguardando janela de edição de OS...
2025-11-07 03:10:42,699 - INFO - ⌛ Aguardando janela de edição de OS...
2025-11-07 03:11:03,595 - INFO - ⌛ Aguardando janela de edição de OS...
2025-11-07 03:11:24,172 - INFO - ⌛ Aguardando janela de edição de OS...
2025-11-07 03:11:45,242 - INFO - ⌛ Aguardando janela de edição de OS...
2025-11-07 03:12:06,082 - INFO - ⌛ Aguardando janela de edição de OS...
2025-11-07 03:12:26,934 - INFO - ⌛ Aguardando janela de edição de OS...
2025-11-07 03:12:47,564 - INFO - ⌛ Aguardando janela de edição de OS...
2025-11-07 03:13:08,593 - INFO - ⌛ Aguardando janela de edição de OS...
2025-11-07 03:13:29,159 - INFO - ⌛ Aguardando janela de edição de OS...
2025-11-07 03:13:50,245 - INFO - ⌛ Aguardando janela de edição de OS...
2025-11-07 03:14:10,806 - INFO - ⏱️ Tempo limite atingido. Abortando seleção
2025-11-07 03:14:42,352 - INFO - ⌛ Aguardando janela de confirmação de programação de OS...
2025-11-07 03:15:02,400 - INFO - ⌛ Aguardando janela de confirmação de programação de OS...
2025-11-07 03:15:22,719 - INFO - ⌛ Aguardando janela de confirmação de programação de OS...
2025-11-07 03:15:43,065 - INFO - ⌛ Aguardando janela de confirmação de programação de OS...
2025-11-07 03:16:03,438 - INFO - ⌛ Aguardando janela de confirmação de programação de OS...
2025-11-07 03:16:23,739 - INFO - ⌛ Aguardando janela de confirmação de programação de OS...
2025-11-07 03:16:43,904 - INFO - ⌛ Aguardando janela de confirmação de programação de OS...
2025-11-07 03:17:04,281 - INFO - ⌛ Aguardando janela de confirmação de programação de OS...
2025-11-07 03:17:24,598 - INFO - ⌛ Aguardando janela de confirmação de programação de OS...
2025-11-07 03:17:44,826 - INFO - ⌛ Aguardando janela de confirmação de programação de OS...
2025-11-07 03:18:05,211 - INFO - ⌛ Aguardando janela de confirmação de programação de OS...
2025-11-07 03:18:25,525 - INFO - ⌛ Aguardando janela de confirmação de programação de OS...
2025-11-07 03:18:45,749 - INFO - ⌛ Aguardando janela de confirmação de programação de OS...
2025-11-07 03:19:06,120 - INFO - ⌛ Aguardando janela de confirmação de programação de OS...
2025-11-07 03:19:26,438 - INFO - ⌛ Aguardando janela de confirmação de programação de OS...
2025-11-07 03:19:46,685 - INFO - ⌛ Aguardando janela de confirmação de programação de OS...
2025-11-07 03:20:07,078 - INFO - ⌛ Aguardando janela de confirmação de programação de OS...
2025-11-07 03:20:27,396 - INFO - ⌛ Aguardando janela de confirmação de programação de OS...
2025-11-07 03:20:47,577 - INFO - ⌛ Aguardando janela de confirmação de programação de OS...
2025-11-07 03:21:07,966 - INFO - ⌛ Aguardando janela de confirmação de programação de OS...
2025-11-07 03:21:28,292 - INFO - ⌛ Aguardando janela de confirmação de programação de OS...
2025-11-07 03:21:48,503 - INFO - ⌛ Aguardando janela de confirmação de programação de OS...
2025-11-07 03:22:08,885 - INFO - ⌛ Aguardando janela de confirmação de programação de OS...
2025-11-07 03:22:29,204 - INFO - ⌛ Aguardando janela de confirmação de programação de OS...
2025-11-07 03:22:49,444 - INFO - ⌛ Aguardando janela de confirmação de programação de OS...
2025-11-07 03:23:09,826 - INFO - ⌛ Aguardando janela de confirmação de programação de OS...
2025-11-07 03:23:30,133 - INFO - ⌛ Aguardando janela de confirmação de programação de OS...
2025-11-07 03:23:50,342 - INFO - ⌛ Aguardando janela de confirmação de programação de OS...
2025-11-07 03:24:10,730 - INFO - ⌛ Aguardando janela de confirmação de programação de OS...
2025-11-07 03:24:31,039 - INFO - ⏱️ Tempo limite atingido. Abortando seleção
2025-11-07 03:24:31,286 - INFO - 
=== Iniciando lote 8/9 [LV] ===
2025-11-07 03:24:38,145 - INFO - ⌛ Aguardando janela de seleção...
2025-11-07 03:24:58,185 - INFO - ⌛ Aguardando janela de seleção...
2025-11-07 03:25:18,569 - INFO - ⌛ Aguardando janela de seleção...
2025-11-07 03:25:38,859 - INFO - ⌛ Aguardando janela de seleção...
2025-11-07 03:25:59,220 - INFO - ⌛ Aguardando janela de seleção...
2025-11-07 03:26:19,558 - INFO - ⌛ Aguardando janela de seleção...
2025-11-07 03:26:39,859 - INFO - ⌛ Aguardando janela de seleção...
2025-11-07 03:27:00,195 - INFO - ⌛ Aguardando janela de seleção...
2025-11-07 03:27:20,567 - INFO - ⌛ Aguardando janela de seleção...
2025-11-07 03:27:40,865 - INFO - ⌛ Aguardando janela de seleção...
2025-11-07 03:28:01,075 - INFO - ⌛ Aguardando janela de seleção...
2025-11-07 03:28:21,465 - INFO - ⌛ Aguardando janela de seleção...
2025-11-07 03:28:41,766 - INFO - ⌛ Aguardando janela de seleção...
2025-11-07 03:29:01,999 - INFO - ⌛ Aguardando janela de seleção...
2025-11-07 03:29:22,362 - INFO - ⌛ Aguardando janela de seleção...
2025-11-07 03:29:42,672 - INFO - ⌛ Aguardando janela de seleção...
2025-11-07 03:30:02,913 - INFO - ⌛ Aguardando janela de seleção...
2025-11-07 03:30:23,318 - INFO - ⌛ Aguardando janela de seleção...
2025-11-07 03:30:43,625 - INFO - ⌛ Aguardando janela de seleção...
2025-11-07 03:31:03,815 - INFO - ⌛ Aguardando janela de seleção...
2025-11-07 03:31:24,219 - INFO - ⌛ Aguardando janela de seleção...
2025-11-07 03:31:44,520 - INFO - ⌛ Aguardando janela de seleção...
2025-11-07 03:32:04,769 - INFO - ⌛ Aguardando janela de seleção...
2025-11-07 03:32:25,109 - INFO - ⌛ Aguardando janela de seleção...
2025-11-07 03:32:45,420 - INFO - ⌛ Aguardando janela de seleção...
2025-11-07 03:33:05,691 - INFO - ⌛ Aguardando janela de seleção...
2025-11-07 03:33:26,060 - INFO - ⌛ Aguardando janela de seleção...
2025-11-07 03:33:46,371 - INFO - ⌛ Aguardando janela de seleção...
2025-11-07 03:34:06,568 - INFO - ⌛ Aguardando janela de seleção...
2025-11-07 03:34:26,930 - INFO - ⌛ Aguardando janela de seleção...
2025-11-07 03:34:47,251 - INFO - ⏱️ Tempo limite atingido. Abortando seleção
2025-11-07 03:35:04,649 - INFO - ⌛ Aguardando janela de confirmação de desbloqueio...
2025-11-07 03:35:24,702 - INFO - ⌛ Aguardando janela de confirmação de desbloqueio...
2025-11-07 03:35:45,007 - INFO - ⌛ Aguardando janela de confirmação de desbloqueio...
2025-11-07 03:36:05,367 - INFO - ⌛ Aguardando janela de confirmação de desbloqueio...
2025-11-07 03:36:25,701 - INFO - ⌛ Aguardando janela de confirmação de desbloqueio...
2025-11-07 03:36:46,027 - INFO - ⌛ Aguardando janela de confirmação de desbloqueio...
2025-11-07 03:37:06,342 - INFO - ⌛ Aguardando janela de confirmação de desbloqueio...
2025-11-07 03:37:26,717 - INFO - ⌛ Aguardando janela de confirmação de desbloqueio...
2025-11-07 03:37:47,058 - INFO - ⌛ Aguardando janela de confirmação de desbloqueio...
2025-11-07 03:38:07,187 - INFO - ⌛ Aguardando janela de confirmação de desbloqueio...
2025-11-07 03:38:27,565 - INFO - ⌛ Aguardando janela de confirmação de desbloqueio...
2025-11-07 03:38:47,878 - INFO - ⌛ Aguardando janela de confirmação de desbloqueio...
2025-11-07 03:39:08,114 - INFO - ⌛ Aguardando janela de confirmação de desbloqueio...
2025-11-07 03:39:28,498 - INFO - ⌛ Aguardando janela de confirmação de desbloqueio...
2025-11-07 03:39:48,812 - INFO - ⌛ Aguardando janela de confirmação de desbloqueio...
2025-11-07 03:40:09,027 - INFO - ⌛ Aguardando janela de confirmação de desbloqueio...
2025-11-07 03:40:29,429 - INFO - ⌛ Aguardando janela de confirmação de desbloqueio...
2025-11-07 03:40:49,736 - INFO - ⌛ Aguardando janela de confirmação de desbloqueio...
2025-11-07 03:41:09,902 - INFO - ⌛ Aguardando janela de confirmação de desbloqueio...
2025-11-07 03:41:30,305 - INFO - ⌛ Aguardando janela de confirmação de desbloqueio...
2025-11-07 03:41:50,593 - INFO - ⌛ Aguardando janela de confirmação de desbloqueio...
2025-11-07 03:42:10,786 - INFO - ⌛ Aguardando janela de confirmação de desbloqueio...
2025-11-07 03:42:31,188 - INFO - ⌛ Aguardando janela de confirmação de desbloqueio...
2025-11-07 03:42:51,500 - INFO - ⌛ Aguardando janela de confirmação de desbloqueio...
2025-11-07 03:43:11,682 - INFO - ⌛ Aguardando janela de confirmação de desbloqueio...
2025-11-07 03:43:32,065 - INFO - ⌛ Aguardando janela de confirmação de desbloqueio...
2025-11-07 03:43:52,376 - INFO - ⌛ Aguardando janela de confirmação de desbloqueio...
2025-11-07 03:44:12,537 - INFO - ⌛ Aguardando janela de confirmação de desbloqueio...
2025-11-07 03:44:32,926 - INFO - ⌛ Aguardando janela de confirmação de desbloqueio...
2025-11-07 03:44:53,246 - INFO - ⌛ Aguardando janela de confirmação de desbloqueio...
2025-11-07 03:45:13,451 - INFO - ⏱️ Tempo limite atingido. Abortando etapa
2025-11-07 03:45:45,054 - INFO - ⌛ Aguardando janela de edição de OS...
2025-11-07 03:46:05,181 - INFO - ⌛ Aguardando janela de edição de OS...
2025-11-07 03:46:26,137 - INFO - ⌛ Aguardando janela de edição de OS...
2025-11-07 03:46:46,766 - INFO - ⌛ Aguardando janela de edição de OS...
2025-11-07 03:47:07,760 - INFO - ⌛ Aguardando janela de edição de OS...
2025-11-07 03:47:28,595 - INFO - ⌛ Aguardando janela de edição de OS...
2025-11-07 03:47:49,166 - INFO - ⌛ Aguardando janela de edição de OS...
2025-11-07 03:48:10,251 - INFO - ⌛ Aguardando janela de edição de OS...
2025-11-07 03:48:31,089 - INFO - ⌛ Aguardando janela de edição de OS...
2025-11-07 03:48:51,964 - INFO - ⌛ Aguardando janela de edição de OS...
2025-11-07 03:49:12,799 - INFO - ⌛ Aguardando janela de edição de OS...
2025-11-07 03:49:33,628 - INFO - ⌛ Aguardando janela de edição de OS...
2025-11-07 03:49:54,518 - INFO - ⌛ Aguardando janela de edição de OS...
2025-11-07 03:50:15,183 - INFO - ⌛ Aguardando janela de edição de OS...
2025-11-07 03:50:36,160 - INFO - ⌛ Aguardando janela de edição de OS...
2025-11-07 03:50:56,834 - INFO - ⌛ Aguardando janela de edição de OS...
2025-11-07 03:51:17,720 - INFO - ⌛ Aguardando janela de edição de OS...
2025-11-07 03:51:38,563 - INFO - ⌛ Aguardando janela de edição de OS...
2025-11-07 03:51:59,173 - INFO - ⌛ Aguardando janela de edição de OS...
2025-11-07 03:52:20,187 - INFO - ⌛ Aguardando janela de edição de OS...
2025-11-07 03:52:41,041 - INFO - ⌛ Aguardando janela de edição de OS...
2025-11-07 03:53:01,883 - INFO - ⌛ Aguardando janela de edição de OS...
2025-11-07 03:53:22,458 - INFO - ⌛ Aguardando janela de edição de OS...
2025-11-07 03:53:43,014 - INFO - ⌛ Aguardando janela de edição de OS...
2025-11-07 03:54:03,882 - INFO - ⌛ Aguardando janela de edição de OS...
2025-11-07 03:54:24,443 - INFO - ⌛ Aguardando janela de edição de OS...
2025-11-07 03:54:45,558 - INFO - ⌛ Aguardando janela de edição de OS...
2025-11-07 03:55:06,118 - INFO - ⌛ Aguardando janela de edição de OS...
2025-11-07 03:55:27,127 - INFO - ⏱️ Tempo limite atingido. Abortando seleção
2025-11-07 03:55:57,953 - INFO - ⌛ Aguardando janela de confirmação de programação de OS...
2025-11-07 03:56:18,014 - INFO - ⌛ Aguardando janela de confirmação de programação de OS...
2025-11-07 03:56:38,332 - INFO - ⌛ Aguardando janela de confirmação de programação de OS...
2025-11-07 03:56:58,688 - INFO - ⌛ Aguardando janela de confirmação de programação de OS...
2025-11-07 03:57:19,088 - INFO - ⌛ Aguardando janela de confirmação de programação de OS...
2025-11-07 03:57:39,413 - INFO - ⌛ Aguardando janela de confirmação de programação de OS...
2025-11-07 03:57:59,612 - INFO - ⌛ Aguardando janela de confirmação de programação de OS...
2025-11-07 03:58:20,001 - INFO - ⌛ Aguardando janela de confirmação de programação de OS...
2025-11-07 03:58:40,317 - INFO - ⌛ Aguardando janela de confirmação de programação de OS...
2025-11-07 03:59:00,533 - INFO - ⌛ Aguardando janela de confirmação de programação de OS...
2025-11-07 03:59:20,900 - INFO - ⌛ Aguardando janela de confirmação de programação de OS...
2025-11-07 03:59:41,210 - INFO - ⌛ Aguardando janela de confirmação de programação de OS...
2025-11-07 04:00:01,393 - INFO - ⌛ Aguardando janela de confirmação de programação de OS...
2025-11-07 04:00:21,781 - INFO - ⌛ Aguardando janela de confirmação de programação de OS...
2025-11-07 04:00:42,092 - INFO - ⌛ Aguardando janela de confirmação de programação de OS...
2025-11-07 04:01:02,269 - INFO - ⌛ Aguardando janela de confirmação de programação de OS...
2025-11-07 04:01:22,641 - INFO - ⌛ Aguardando janela de confirmação de programação de OS...
2025-11-07 04:01:42,960 - INFO - ⌛ Aguardando janela de confirmação de programação de OS...
2025-11-07 04:02:03,157 - INFO - ⌛ Aguardando janela de confirmação de programação de OS...
2025-11-07 04:02:23,535 - INFO - ⌛ Aguardando janela de confirmação de programação de OS...
2025-11-07 04:02:43,847 - INFO - ⌛ Aguardando janela de confirmação de programação de OS...
2025-11-07 04:03:04,051 - INFO - ⌛ Aguardando janela de confirmação de programação de OS...
2025-11-07 04:03:24,432 - INFO - ⌛ Aguardando janela de confirmação de programação de OS...
2025-11-07 04:03:44,734 - INFO - ⌛ Aguardando janela de confirmação de programação de OS...
2025-11-07 04:04:04,947 - INFO - ⌛ Aguardando janela de confirmação de programação de OS...
2025-11-07 04:04:25,333 - INFO - ⌛ Aguardando janela de confirmação de programação de OS...
2025-11-07 04:04:45,633 - INFO - ⌛ Aguardando janela de confirmação de programação de OS...
2025-11-07 04:05:05,897 - INFO - ⌛ Aguardando janela de confirmação de programação de OS...
2025-11-07 04:05:26,273 - INFO - ⌛ Aguardando janela de confirmação de programação de OS...
2025-11-07 04:05:46,615 - INFO - ⏱️ Tempo limite atingido. Abortando seleção
2025-11-07 04:05:46,873 - INFO - 
=== Iniciando lote 9/9 [LV] ===
2025-11-07 04:05:53,727 - INFO - ⌛ Aguardando janela de seleção...
2025-11-07 04:06:13,775 - INFO - ⌛ Aguardando janela de seleção...
2025-11-07 04:06:34,122 - INFO - ⌛ Aguardando janela de seleção...
2025-11-07 04:06:54,419 - INFO - ⌛ Aguardando janela de seleção...
2025-11-07 04:07:14,766 - INFO - ⌛ Aguardando janela de seleção...
2025-11-07 04:07:35,145 - INFO - ⌛ Aguardando janela de seleção...
2025-11-07 04:07:55,446 - INFO - ⌛ Aguardando janela de seleção...
2025-11-07 04:08:15,775 - INFO - ⌛ Aguardando janela de seleção...
2025-11-07 04:08:36,118 - INFO - ⌛ Aguardando janela de seleção...
2025-11-07 04:08:56,433 - INFO - ⌛ Aguardando janela de seleção...
2025-11-07 04:09:16,752 - INFO - ⌛ Aguardando janela de seleção...
2025-11-07 04:09:37,105 - INFO - ⌛ Aguardando janela de seleção...
2025-11-07 04:09:57,393 - INFO - ⌛ Aguardando janela de seleção...
2025-11-07 04:10:17,735 - INFO - ⌛ Aguardando janela de seleção...
2025-11-07 04:10:38,107 - INFO - ⌛ Aguardando janela de seleção...
2025-11-07 04:10:58,415 - INFO - ⌛ Aguardando janela de seleção...
2025-11-07 04:11:18,629 - INFO - ⌛ Aguardando janela de seleção...
2025-11-07 04:11:39,020 - INFO - ⌛ Aguardando janela de seleção...
2025-11-07 04:11:59,340 - INFO - ⌛ Aguardando janela de seleção...
2025-11-07 04:12:19,555 - INFO - ⌛ Aguardando janela de seleção...
2025-11-07 04:12:39,944 - INFO - ⌛ Aguardando janela de seleção...
2025-11-07 04:13:00,234 - INFO - ⌛ Aguardando janela de seleção...
2025-11-07 04:13:20,451 - INFO - ⌛ Aguardando janela de seleção...
2025-11-07 04:13:40,817 - INFO - ⌛ Aguardando janela de seleção...
2025-11-07 04:14:01,134 - INFO - ⌛ Aguardando janela de seleção...
2025-11-07 04:14:21,316 - INFO - ⌛ Aguardando janela de seleção...
2025-11-07 04:14:41,685 - INFO - ⌛ Aguardando janela de seleção...
2025-11-07 04:15:01,982 - INFO - ⌛ Aguardando janela de seleção...
2025-11-07 04:15:22,235 - INFO - ⌛ Aguardando janela de seleção...
2025-11-07 04:15:42,611 - INFO - ⌛ Aguardando janela de seleção...
2025-11-07 04:16:02,917 - INFO - ⏱️ Tempo limite atingido. Abortando seleção
2025-11-07 04:16:19,926 - INFO - ⌛ Aguardando janela de confirmação de desbloqueio...
2025-11-07 04:16:39,999 - INFO - ⌛ Aguardando janela de confirmação de desbloqueio...
2025-11-07 04:17:00,335 - INFO - ⌛ Aguardando janela de confirmação de desbloqueio...
2025-11-07 04:17:20,658 - INFO - ⌛ Aguardando janela de confirmação de desbloqueio...
2025-11-07 04:17:40,987 - INFO - ⌛ Aguardando janela de confirmação de desbloqueio...
2025-11-07 04:18:01,375 - INFO - ⌛ Aguardando janela de confirmação de desbloqueio...
2025-11-07 04:18:21,705 - INFO - ⌛ Aguardando janela de confirmação de desbloqueio...
2025-11-07 04:18:41,872 - INFO - ⌛ Aguardando janela de confirmação de desbloqueio...
2025-11-07 04:19:02,264 - INFO - ⌛ Aguardando janela de confirmação de desbloqueio...
2025-11-07 04:19:22,584 - INFO - ⌛ Aguardando janela de confirmação de desbloqueio...
2025-11-07 04:19:42,759 - INFO - ⌛ Aguardando janela de confirmação de desbloqueio...
2025-11-07 04:20:03,135 - INFO - ⌛ Aguardando janela de confirmação de desbloqueio...
2025-11-07 04:20:23,445 - INFO - ⌛ Aguardando janela de confirmação de desbloqueio...
2025-11-07 04:20:43,683 - INFO - ⌛ Aguardando janela de confirmação de desbloqueio...
2025-11-07 04:21:04,101 - INFO - ⌛ Aguardando janela de confirmação de desbloqueio...
2025-11-07 04:21:24,413 - INFO - ⌛ Aguardando janela de confirmação de desbloqueio...
2025-11-07 04:21:44,581 - INFO - ⌛ Aguardando janela de confirmação de desbloqueio...
2025-11-07 04:22:04,968 - INFO - ⌛ Aguardando janela de confirmação de desbloqueio...
2025-11-07 04:22:25,285 - INFO - ⌛ Aguardando janela de confirmação de desbloqueio...
2025-11-07 04:22:45,516 - INFO - ⌛ Aguardando janela de confirmação de desbloqueio...
2025-11-07 04:23:05,890 - INFO - ⌛ Aguardando janela de confirmação de desbloqueio...
2025-11-07 04:23:26,213 - INFO - ⌛ Aguardando janela de confirmação de desbloqueio...
2025-11-07 04:23:46,433 - INFO - ⌛ Aguardando janela de confirmação de desbloqueio...
2025-11-07 04:24:06,821 - INFO - ⌛ Aguardando janela de confirmação de desbloqueio...
2025-11-07 04:24:27,147 - INFO - ⌛ Aguardando janela de confirmação de desbloqueio...
2025-11-07 04:24:47,354 - INFO - ⌛ Aguardando janela de confirmação de desbloqueio...
2025-11-07 04:25:07,747 - INFO - ⌛ Aguardando janela de confirmação de desbloqueio...
2025-11-07 04:25:28,074 - INFO - ⌛ Aguardando janela de confirmação de desbloqueio...
2025-11-07 04:25:48,251 - INFO - ⌛ Aguardando janela de confirmação de desbloqueio...
2025-11-07 04:26:08,634 - INFO - ⌛ Aguardando janela de confirmação de desbloqueio...
2025-11-07 04:26:28,946 - INFO - ⏱️ Tempo limite atingido. Abortando etapa
2025-11-07 04:27:00,557 - INFO - ⌛ Aguardando janela de edição de OS...
2025-11-07 04:27:20,680 - INFO - ⌛ Aguardando janela de edição de OS...
2025-11-07 04:27:41,334 - INFO - ⌛ Aguardando janela de edição de OS...
2025-11-07 04:28:01,969 - INFO - ⌛ Aguardando janela de edição de OS...
2025-11-07 04:28:22,623 - INFO - ⌛ Aguardando janela de edição de OS...
2025-11-07 04:28:43,531 - INFO - ⌛ Aguardando janela de edição de OS...
2025-11-07 04:29:04,194 - INFO - ⌛ Aguardando janela de edição de OS...
2025-11-07 04:29:25,185 - INFO - ⌛ Aguardando janela de edição de OS...
2025-11-07 04:29:46,028 - INFO - ⌛ Aguardando janela de edição de OS...
2025-11-07 04:30:06,681 - INFO - ⌛ Aguardando janela de edição de OS...
2025-11-07 04:30:27,683 - INFO - ⌛ Aguardando janela de edição de OS...
2025-11-07 04:30:48,324 - INFO - ⌛ Aguardando janela de edição de OS...
2025-11-07 04:31:09,350 - INFO - ⌛ Aguardando janela de edição de OS...
2025-11-07 04:31:30,194 - INFO - ⌛ Aguardando janela de edição de OS...
2025-11-07 04:31:50,746 - INFO - ⌛ Aguardando janela de edição de OS...
2025-11-07 04:32:11,848 - INFO - ⌛ Aguardando janela de edição de OS...
2025-11-07 04:32:32,413 - INFO - ⌛ Aguardando janela de edição de OS...
2025-11-07 04:32:52,981 - INFO - ⌛ Aguardando janela de edição de OS...
2025-11-07 04:33:13,828 - INFO - ⌛ Aguardando janela de edição de OS...
2025-11-07 04:33:34,150 - INFO - ⌛ Aguardando janela de edição de OS...
2025-11-07 04:33:54,754 - INFO - ⌛ Aguardando janela de edição de OS...
2025-11-07 04:34:15,405 - INFO - ⌛ Aguardando janela de edição de OS...
2025-11-07 04:34:35,991 - INFO - ⌛ Aguardando janela de edição de OS...
2025-11-07 04:34:56,952 - INFO - ⌛ Aguardando janela de edição de OS...
2025-11-07 04:35:17,834 - INFO - ⌛ Aguardando janela de edição de OS...
2025-11-07 04:35:38,400 - INFO - ⌛ Aguardando janela de edição de OS...
2025-11-07 04:35:59,454 - INFO - ⌛ Aguardando janela de edição de OS...
2025-11-07 04:36:20,338 - INFO - ⌛ Aguardando janela de edição de OS...
2025-11-07 04:36:40,999 - INFO - ⏱️ Tempo limite atingido. Abortando seleção
2025-11-07 04:37:12,520 - INFO - ⌛ Aguardando janela de confirmação de programação de OS...
2025-11-07 04:37:32,572 - INFO - ⌛ Aguardando janela de confirmação de programação de OS...
2025-11-07 04:37:52,894 - INFO - ⌛ Aguardando janela de confirmação de programação de OS...
2025-11-07 04:38:13,228 - INFO - ⌛ Aguardando janela de confirmação de programação de OS...
2025-11-07 04:38:33,611 - INFO - ⌛ Aguardando janela de confirmação de programação de OS...
2025-11-07 04:38:53,933 - INFO - ⌛ Aguardando janela de confirmação de programação de OS...
2025-11-07 04:39:14,157 - INFO - ⌛ Aguardando janela de confirmação de programação de OS...
2025-11-07 04:39:34,534 - INFO - ⌛ Aguardando janela de confirmação de programação de OS...
2025-11-07 04:39:54,852 - INFO - ⌛ Aguardando janela de confirmação de programação de OS...
2025-11-07 04:40:15,083 - INFO - ⌛ Aguardando janela de confirmação de programação de OS...
2025-11-07 04:40:35,457 - INFO - ⌛ Aguardando janela de confirmação de programação de OS...
2025-11-07 04:40:55,759 - INFO - ⌛ Aguardando janela de confirmação de programação de OS...
2025-11-07 04:41:15,983 - INFO - ⌛ Aguardando janela de confirmação de programação de OS...
2025-11-07 04:41:36,364 - INFO - ⌛ Aguardando janela de confirmação de programação de OS...
2025-11-07 04:41:56,672 - INFO - ⌛ Aguardando janela de confirmação de programação de OS...
2025-11-07 04:42:16,877 - INFO - ⌛ Aguardando janela de confirmação de programação de OS...
2025-11-07 04:42:37,265 - INFO - ⌛ Aguardando janela de confirmação de programação de OS...
2025-11-07 04:42:57,574 - INFO - ⌛ Aguardando janela de confirmação de programação de OS...
2025-11-07 04:43:17,786 - INFO - ⌛ Aguardando janela de confirmação de programação de OS...
2025-11-07 04:43:38,181 - INFO - ⌛ Aguardando janela de confirmação de programação de OS...
2025-11-07 04:43:58,496 - INFO - ⌛ Aguardando janela de confirmação de programação de OS...
2025-11-07 04:44:18,694 - INFO - ⌛ Aguardando janela de confirmação de programação de OS...
2025-11-07 04:44:39,081 - INFO - ⌛ Aguardando janela de confirmação de programação de OS...
2025-11-07 04:44:59,400 - INFO - ⌛ Aguardando janela de confirmação de programação de OS...
2025-11-07 04:45:19,553 - INFO - ⌛ Aguardando janela de confirmação de programação de OS...
2025-11-07 04:45:39,953 - INFO - ⌛ Aguardando janela de confirmação de programação de OS...
2025-11-07 04:46:00,267 - INFO - ⌛ Aguardando janela de confirmação de programação de OS...
2025-11-07 04:46:20,479 - INFO - ⌛ Aguardando janela de confirmação de programação de OS...
2025-11-07 04:46:40,868 - INFO - ⌛ Aguardando janela de confirmação de programação de OS...
2025-11-07 04:47:01,167 - INFO - ⏱️ Tempo limite atingido. Abortando seleção
