2026-06-19 09:59:47,598 - INFO - Data hoje: 19/06/2026
2026-06-19 09:59:47,598 - INFO - Data de referência: 30/06/2026
2026-06-19 10:01:58,248 - INFO - Qtde OS de LINHA VIVA: 327
2026-06-19 10:01:58,249 - INFO - Qtde OS poda de LINHA MORTA: 205
2026-06-19 10:01:58,249 - INFO - Qtde OS estrutural de LINHA MORTA : 11792
2026-06-19 10:01:58,249 - INFO - Qtde OS poda de LINHA MORTA fora carteira: 41
2026-06-19 10:01:58,249 - INFO - Qtde OS para desprogramar: 1169
2026-06-19 10:01:58,249 - INFO - 
 Qtd de lotes de LM: 9
2026-06-19 10:01:58,250 - INFO - 
 Qtd de lotes de LV: 14
2026-06-19 10:01:58,252 - INFO - 
 Qtd de lotes de ESTRUTURAL LM: 472
2026-06-19 10:01:58,252 - INFO - 
 Qtd de lotes de LEVE: 2
2026-06-19 10:01:58,252 - INFO - 
 Qtd de lotes para desprogramar: 47
2026-06-19 10:01:58,252 - INFO - 
=== Iniciando lote 1/2 [LEVE] ===
2026-06-19 10:01:58,253 - INFO - 
=== abrir_janela_selecao ===
2026-06-19 10:02:04,563 - INFO - 
=== rotina abrir_selecao_colar_os ===
2026-06-19 10:02:04,654 - INFO - Janela de seleção aberta
2026-06-19 10:02:08,885 - INFO - DEBUG: idx=0, inicio=0, fim=25
2026-06-19 10:02:08,886 - INFO - ✅ 25 OS copiadas para a área de transferência.
2026-06-19 10:02:08,886 - INFO - 📋 Lote 1 copiado.
2026-06-19 10:02:17,207 - INFO - ⌛ Esperando mudança visual...
2026-06-19 10:02:18,222 - INFO - ✅ Tela carregada!
2026-06-19 10:02:22,225 - INFO - 
=== rotina desbloquear_os ===
2026-06-19 10:02:48,716 - INFO - ⌛ Aguardando janela de confirmação de desbloqueio...
2026-06-19 10:03:04,243 - INFO - 🟨 Registros desbloqueados com sucesso
2026-06-19 10:03:08,361 - INFO - 
=== rotina editar_os ===
2026-06-19 10:03:17,794 - INFO - ⌛ Aguardando janela de edição de OS...
2026-06-19 10:03:33,307 - INFO - 🟨 OS programadas detectadas
2026-06-19 10:03:36,414 - INFO - ⌛ Aguardando janela de edição de OS...
2026-06-19 10:03:51,879 - INFO - 🟨 Janela de edição de OS detectada
2026-06-19 10:04:13,265 - INFO - 🟨 Janela de edição de habilidade da turma detectada
2026-06-19 10:05:31,566 - INFO - ⌛ Aguardando detecção do campo de caracteristica 'EQUIPE PRÓPRIA OU EPS' ...
2026-06-19 10:05:50,961 - INFO - 🟨 campo de caracteristica 'EQUIPE PRÓPRIA OU EPS detectado
2026-06-19 10:06:12,757 - INFO - ⌛ Aguardando confirmação 4 - editar OS...
2026-06-19 10:06:28,227 - INFO - ⌛ Aguardando confirmação 4 - editar OS...
2026-06-19 10:06:28,381 - INFO - 🟨 Identificado travamento no EQM, reiniciando contador de espera
2026-06-19 10:06:43,793 - INFO - ⌛ Aguardando confirmação 4 - editar OS...
2026-06-19 10:06:59,318 - INFO - 🟨 Janela de confirmação 4 de edição de OS detectada
2026-06-19 10:07:03,422 - INFO - 
=== rotina programar_os ===
2026-06-19 10:07:29,991 - INFO - ⌛ Aguardando janela de confirmação de programação de OS...
2026-06-19 10:07:55,578 - INFO - 🟨 Janela de confirmação de programação de OS detectada
2026-06-19 10:08:08,887 - INFO - 🟨 Janela de aviso de edição de OS programadas detectada
2026-06-19 10:08:16,092 - INFO - ⌛ aguardando janela de programação de lote de OS...
2026-06-19 10:08:41,768 - INFO - 🟨 Janela de aviso de substituição de lote de OS detectada
2026-06-19 10:09:01,870 - INFO - ⌛ aguardando janela de programação de lote de OS...
2026-06-19 10:09:27,467 - INFO - 🟨 Janela de programação de lote de OS detectada
2026-06-19 10:10:16,884 - INFO - 🟨 Janela de aviso de OS com contrato informado detectada
2026-06-19 10:10:27,177 - INFO - 🟨 Janela de confirmação de programação de lote de OS detectada
2026-06-19 10:10:31,483 - INFO - ⌛ aguardando confirmação final de programação do lote
2026-06-19 10:10:57,198 - INFO - 🟨 programação do lote 1 efetuado com sucesso
2026-06-19 10:11:07,309 - INFO - 
=== Iniciando lote 2/2 [LEVE] ===
2026-06-19 10:11:07,309 - INFO - 
=== abrir_janela_selecao ===
2026-06-19 10:11:13,618 - INFO - 
=== rotina abrir_selecao_colar_os ===
2026-06-19 10:11:13,660 - INFO - Janela de seleção aberta
2026-06-19 10:11:17,897 - INFO - DEBUG: idx=1, inicio=25, fim=50
2026-06-19 10:11:17,898 - INFO - ✅ 16 OS copiadas para a área de transferência.
2026-06-19 10:11:17,898 - INFO - 📋 Lote 2 copiado.
2026-06-19 10:11:26,230 - INFO - ⌛ Esperando mudança visual...
2026-06-19 10:11:27,245 - INFO - ⌛ Esperando mudança visual...
2026-06-19 10:11:28,262 - INFO - ⌛ Esperando mudança visual...
2026-06-19 10:11:29,279 - INFO - ⌛ Esperando mudança visual...
2026-06-19 10:11:30,293 - INFO - ⌛ Esperando mudança visual...
2026-06-19 10:11:31,310 - INFO - ⌛ Esperando mudança visual...
2026-06-19 10:11:32,324 - INFO - ⌛ Esperando mudança visual...
2026-06-19 10:11:33,339 - INFO - ⌛ Esperando mudança visual...
2026-06-19 10:11:34,355 - INFO - ⌛ Esperando mudança visual...
2026-06-19 10:11:35,371 - INFO - ⌛ Esperando mudança visual...
2026-06-19 10:11:36,386 - INFO - ⌛ Esperando mudança visual...
2026-06-19 10:11:37,402 - INFO - ✅ Tela carregada!
2026-06-19 10:11:41,404 - INFO - 
=== rotina desbloquear_os ===
2026-06-19 10:12:07,871 - INFO - ⌛ Aguardando janela de confirmação de desbloqueio...
2026-06-19 10:12:23,387 - INFO - 🟨 Registros desbloqueados com sucesso
2026-06-19 10:12:27,490 - INFO - 
=== rotina editar_os ===
2026-06-19 10:12:36,931 - INFO - 🟨 OS programadas detectadas
2026-06-19 10:12:40,034 - INFO - ⌛ Aguardando janela de edição de OS...
2026-06-19 10:12:55,541 - INFO - 🟨 Janela de edição de OS detectada
2026-06-19 10:13:16,919 - INFO - 🟨 Janela de edição de habilidade da turma detectada
2026-06-19 10:14:35,240 - INFO - ⌛ Aguardando detecção do campo de caracteristica 'EQUIPE PRÓPRIA OU EPS' ...
2026-06-19 10:14:54,600 - INFO - 🟨 campo de caracteristica 'EQUIPE PRÓPRIA OU EPS detectado
2026-06-19 10:15:16,418 - INFO - ⌛ Aguardando confirmação 4 - editar OS...
2026-06-19 10:15:31,935 - INFO - ⌛ Aguardando confirmação 4 - editar OS...
2026-06-19 10:15:47,471 - INFO - 🟨 Janela de confirmação 4 de edição de OS detectada
2026-06-19 10:15:51,583 - INFO - 
=== rotina programar_os ===
2026-06-19 10:16:18,137 - INFO - ⌛ Aguardando janela de confirmação de programação de OS...
2026-06-19 10:16:43,655 - INFO - 🟨 Janela de confirmação de programação de OS detectada
2026-06-19 10:16:56,917 - INFO - 🟨 Janela de aviso de edição de OS programadas detectada
2026-06-19 10:17:04,120 - INFO - ⌛ aguardando janela de programação de lote de OS...
2026-06-19 10:17:29,662 - INFO - 🟨 Janela de aviso de substituição de lote de OS detectada
2026-06-19 10:17:49,765 - INFO - ⌛ aguardando janela de programação de lote de OS...
2026-06-19 10:18:15,282 - INFO - 🟨 Janela de programação de lote de OS detectada
2026-06-19 10:19:04,788 - INFO - 🟨 Janela de confirmação de programação de lote de OS detectada
2026-06-19 10:19:09,002 - INFO - ⌛ aguardando confirmação final de programação do lote
2026-06-19 10:19:34,537 - INFO - 🟨 programação do lote 2 efetuado com sucesso
2026-06-19 10:19:44,641 - INFO - 
=== Iniciando lote 1/9 [LM] ===
2026-06-19 10:19:44,642 - INFO - 
=== abrir_janela_selecao ===
2026-06-19 10:19:50,948 - INFO - 
=== rotina abrir_selecao_colar_os ===
2026-06-19 10:19:51,032 - INFO - Janela de seleção aberta
2026-06-19 10:19:55,260 - INFO - DEBUG: idx=0, inicio=0, fim=25
2026-06-19 10:19:55,260 - INFO - ✅ 25 OS copiadas para a área de transferência.
2026-06-19 10:19:55,260 - INFO - 📋 Lote 1 copiado.
2026-06-19 10:20:03,605 - INFO - ⌛ Esperando mudança visual...
2026-06-19 10:20:04,620 - INFO - ⌛ Esperando mudança visual...
2026-06-19 10:20:05,635 - INFO - ⌛ Esperando mudança visual...
2026-06-19 10:20:06,651 - INFO - ⌛ Esperando mudança visual...
2026-06-19 10:20:07,667 - INFO - ⌛ Esperando mudança visual...
2026-06-19 10:20:08,683 - INFO - ⌛ Esperando mudança visual...
2026-06-19 10:20:09,698 - INFO - ⌛ Esperando mudança visual...
2026-06-19 10:20:10,714 - INFO - ⌛ Esperando mudança visual...
2026-06-19 10:20:11,730 - INFO - ⌛ Esperando mudança visual...
2026-06-19 10:20:12,745 - INFO - ⌛ Esperando mudança visual...
2026-06-19 10:20:13,761 - INFO - ⌛ Esperando mudança visual...
2026-06-19 10:20:14,776 - INFO - ⌛ Esperando mudança visual...
2026-06-19 10:20:15,793 - INFO - ⌛ Esperando mudança visual...
2026-06-19 10:20:16,814 - INFO - ✅ Tela carregada!
2026-06-19 10:20:20,815 - INFO - 
=== rotina desbloquear_os ===
2026-06-19 10:20:47,282 - INFO - ⌛ Aguardando janela de confirmação de desbloqueio...
2026-06-19 10:21:02,702 - INFO - ⌛ Aguardando janela de confirmação de desbloqueio...
2026-06-19 10:21:18,121 - INFO - 🟨 Registros desbloqueados com sucesso
2026-06-19 10:21:22,225 - INFO - 
=== rotina editar_os ===
2026-06-19 10:21:31,651 - INFO - ⌛ Aguardando janela de edição de OS...
2026-06-19 10:21:47,152 - INFO - 🟨 OS programadas detectadas
2026-06-19 10:21:50,254 - INFO - ⌛ Aguardando janela de edição de OS...
2026-06-19 10:22:05,783 - INFO - 🟨 Janela de edição de OS detectada
2026-06-19 10:22:27,141 - INFO - 🟨 Janela de edição de habilidade da turma detectada
2026-06-19 10:23:45,437 - INFO - ⌛ Aguardando detecção do campo de caracteristica 'EQUIPE PRÓPRIA OU EPS' ...
2026-06-19 10:24:04,811 - INFO - 🟨 campo de caracteristica 'EQUIPE PRÓPRIA OU EPS detectado
2026-06-19 10:24:26,613 - INFO - ⌛ Aguardando confirmação 4 - editar OS...
2026-06-19 10:24:42,142 - INFO - ⌛ Aguardando confirmação 4 - editar OS...
2026-06-19 10:24:57,671 - INFO - ⌛ Aguardando confirmação 4 - editar OS...
2026-06-19 10:25:13,212 - INFO - ⌛ Aguardando confirmação 4 - editar OS...
2026-06-19 10:25:28,782 - INFO - 🟨 Janela de confirmação 4 de edição de OS detectada
2026-06-19 10:25:32,884 - INFO - 
=== rotina programar_os ===
2026-06-19 10:25:59,434 - INFO - ⌛ Aguardando janela de confirmação de programação de OS...
2026-06-19 10:26:24,910 - INFO - 🟨 Janela de confirmação de programação de OS detectada
2026-06-19 10:26:38,187 - INFO - 🟨 Janela de aviso de edição de OS programadas detectada
2026-06-19 10:26:45,391 - INFO - ⌛ aguardando janela de programação de lote de OS...
2026-06-19 10:27:10,939 - INFO - 🟨 Janela de aviso de substituição de lote de OS detectada
2026-06-19 10:27:31,046 - INFO - ⌛ aguardando janela de programação de lote de OS...
2026-06-19 10:27:56,637 - INFO - 🟨 Janela de aviso de substituição de lote de OS detectada
2026-06-19 10:28:16,745 - INFO - ⌛ aguardando janela de programação de lote de OS...
2026-06-19 10:28:42,403 - INFO - 🟨 Janela de programação de lote de OS detectada
2026-06-19 10:29:31,936 - INFO - 🟨 Janela de confirmação de programação de lote de OS detectada
2026-06-19 10:29:36,193 - INFO - ⌛ aguardando confirmação final de programação do lote
2026-06-19 10:30:01,793 - INFO - 🟨 programação do lote 1 efetuado com sucesso
2026-06-19 10:30:11,897 - INFO - 
=== Iniciando lote 2/9 [LM] ===
2026-06-19 10:30:11,897 - INFO - 
=== abrir_janela_selecao ===
2026-06-19 10:30:18,202 - INFO - 
=== rotina abrir_selecao_colar_os ===
2026-06-19 10:30:18,255 - INFO - Janela de seleção aberta
2026-06-19 10:30:22,482 - INFO - DEBUG: idx=1, inicio=25, fim=50
2026-06-19 10:30:22,482 - INFO - ✅ 25 OS copiadas para a área de transferência.
2026-06-19 10:30:22,482 - INFO - 📋 Lote 2 copiado.
2026-06-19 10:30:30,809 - INFO - ⌛ Esperando mudança visual...
2026-06-19 10:30:31,824 - INFO - ⌛ Esperando mudança visual...
2026-06-19 10:30:32,841 - INFO - ⌛ Esperando mudança visual...
2026-06-19 10:30:33,856 - INFO - ⌛ Esperando mudança visual...
2026-06-19 10:30:34,871 - INFO - ⌛ Esperando mudança visual...
2026-06-19 10:30:35,886 - INFO - ⌛ Esperando mudança visual...
2026-06-19 10:30:36,902 - INFO - ⌛ Esperando mudança visual...
2026-06-19 10:30:37,918 - INFO - ⌛ Esperando mudança visual...
2026-06-19 10:30:38,933 - INFO - ⌛ Esperando mudança visual...
2026-06-19 10:30:39,949 - INFO - ⌛ Esperando mudança visual...
2026-06-19 10:30:40,965 - INFO - ⌛ Esperando mudança visual...
2026-06-19 10:30:41,980 - INFO - ⌛ Esperando mudança visual...
2026-06-19 10:30:42,996 - INFO - ✅ Tela carregada!
2026-06-19 10:30:46,998 - INFO - 
=== rotina desbloquear_os ===
2026-06-19 10:31:13,480 - INFO - ⌛ Aguardando janela de confirmação de desbloqueio...
2026-06-19 10:31:29,033 - INFO - ⌛ Aguardando janela de confirmação de desbloqueio...
2026-06-19 10:31:44,503 - INFO - 🟨 Registros desbloqueados com sucesso
2026-06-19 10:31:48,606 - INFO - 
=== rotina editar_os ===
2026-06-19 10:31:58,025 - INFO - ⌛ Aguardando janela de edição de OS...
2026-06-19 10:32:13,557 - INFO - 🟨 OS programadas detectadas
2026-06-19 10:32:16,659 - INFO - ⌛ Aguardando janela de edição de OS...
2026-06-19 10:32:32,152 - INFO - 🟨 Janela de edição de OS detectada
2026-06-19 10:32:53,501 - INFO - 🟨 Janela de edição de habilidade da turma detectada
2026-06-19 10:34:11,816 - INFO - ⌛ Aguardando detecção do campo de caracteristica 'EQUIPE PRÓPRIA OU EPS' ...
2026-06-19 10:34:31,172 - INFO - 🟨 campo de caracteristica 'EQUIPE PRÓPRIA OU EPS detectado
2026-06-19 10:34:52,977 - INFO - ⌛ Aguardando confirmação 4 - editar OS...
2026-06-19 10:35:08,449 - INFO - ⌛ Aguardando confirmação 4 - editar OS...
2026-06-19 10:35:08,586 - INFO - 🟨 Identificado travamento no EQM, reiniciando contador de espera
2026-06-19 10:35:23,951 - INFO - ⌛ Aguardando confirmação 4 - editar OS...
2026-06-19 10:35:39,492 - INFO - 🟨 Janela de confirmação 4 de edição de OS detectada
2026-06-19 10:35:43,594 - INFO - 
=== rotina programar_os ===
2026-06-19 10:36:10,142 - INFO - ⌛ Aguardando janela de confirmação de programação de OS...
2026-06-19 10:36:35,650 - INFO - 🟨 Janela de confirmação de programação de OS detectada
2026-06-19 10:36:48,934 - INFO - 🟨 Janela de aviso de edição de OS programadas detectada
2026-06-19 10:36:56,137 - INFO - ⌛ aguardando janela de programação de lote de OS...
2026-06-19 10:37:21,689 - INFO - 🟨 Janela de aviso de substituição de lote de OS detectada
2026-06-19 10:37:41,802 - INFO - ⌛ aguardando janela de programação de lote de OS...
2026-06-19 10:38:07,420 - INFO - 🟨 Janela de programação de lote de OS detectada
2026-06-19 10:38:56,944 - INFO - 🟨 Janela de confirmação de programação de lote de OS detectada
2026-06-19 10:39:01,206 - INFO - ⌛ aguardando confirmação final de programação do lote
2026-06-19 10:39:26,758 - INFO - 🟨 programação do lote 2 efetuado com sucesso
2026-06-19 10:39:36,865 - INFO - 
=== Iniciando lote 3/9 [LM] ===
2026-06-19 10:39:36,865 - INFO - 
=== abrir_janela_selecao ===
2026-06-19 10:39:43,170 - INFO - 
=== rotina abrir_selecao_colar_os ===
2026-06-19 10:39:43,223 - INFO - Janela de seleção aberta
2026-06-19 10:39:47,444 - INFO - DEBUG: idx=2, inicio=50, fim=75
2026-06-19 10:39:47,445 - INFO - ✅ 25 OS copiadas para a área de transferência.
2026-06-19 10:39:47,445 - INFO - 📋 Lote 3 copiado.
2026-06-19 10:39:55,772 - INFO - ⌛ Esperando mudança visual...
2026-06-19 10:39:56,786 - INFO - ⌛ Esperando mudança visual...
2026-06-19 10:39:57,802 - INFO - ⌛ Esperando mudança visual...
2026-06-19 10:39:58,818 - INFO - ⌛ Esperando mudança visual...
2026-06-19 10:39:59,833 - INFO - ⌛ Esperando mudança visual...
2026-06-19 10:40:00,849 - INFO - ⌛ Esperando mudança visual...
2026-06-19 10:40:01,865 - INFO - ⌛ Esperando mudança visual...
2026-06-19 10:40:02,881 - INFO - ⌛ Esperando mudança visual...
2026-06-19 10:40:03,896 - INFO - ⌛ Esperando mudança visual...
2026-06-19 10:40:04,912 - INFO - ⌛ Esperando mudança visual...
2026-06-19 10:40:05,927 - INFO - ⌛ Esperando mudança visual...
2026-06-19 10:40:06,943 - INFO - ✅ Tela carregada!
2026-06-19 10:40:10,945 - INFO - 
=== rotina desbloquear_os ===
2026-06-19 10:40:37,396 - INFO - ⌛ Aguardando janela de confirmação de desbloqueio...
2026-06-19 10:40:52,812 - INFO - 🟨 Registros desbloqueados com sucesso
2026-06-19 10:40:56,916 - INFO - 
=== rotina editar_os ===
2026-06-19 10:41:06,351 - INFO - ⌛ Aguardando janela de edição de OS...
2026-06-19 10:41:21,839 - INFO - 🟨 OS programadas detectadas
2026-06-19 10:41:24,942 - INFO - ⌛ Aguardando janela de edição de OS...
2026-06-19 10:41:40,458 - INFO - 🟨 Janela de edição de OS detectada
2026-06-19 10:42:01,824 - INFO - 🟨 Janela de edição de habilidade da turma detectada
2026-06-19 10:43:20,114 - INFO - ⌛ Aguardando detecção do campo de caracteristica 'EQUIPE PRÓPRIA OU EPS' ...
2026-06-19 10:43:39,463 - INFO - 🟨 campo de caracteristica 'EQUIPE PRÓPRIA OU EPS detectado
2026-06-19 10:44:01,267 - INFO - ⌛ Aguardando confirmação 4 - editar OS...
2026-06-19 10:44:16,792 - INFO - ⌛ Aguardando confirmação 4 - editar OS...
2026-06-19 10:44:16,934 - INFO - 🟨 Identificado travamento no EQM, reiniciando contador de espera
2026-06-19 10:44:32,301 - INFO - ⌛ Aguardando confirmação 4 - editar OS...
2026-06-19 10:44:47,848 - INFO - ⌛ Aguardando confirmação 4 - editar OS...
2026-06-19 10:45:03,348 - INFO - 🟨 Janela de confirmação 4 de edição de OS detectada
2026-06-19 10:45:07,450 - INFO - 
=== rotina programar_os ===
2026-06-19 10:45:33,957 - INFO - ⌛ Aguardando janela de confirmação de programação de OS...
2026-06-19 10:45:59,428 - INFO - 🟨 Janela de confirmação de programação de OS detectada
2026-06-19 10:46:12,663 - INFO - 🟨 Janela de aviso de edição de OS programadas detectada
2026-06-19 10:46:19,875 - INFO - ⌛ aguardando janela de programação de lote de OS...
2026-06-19 10:46:45,451 - INFO - 🟨 Janela de aviso de substituição de lote de OS detectada
2026-06-19 10:47:05,552 - INFO - ⌛ aguardando janela de programação de lote de OS...
2026-06-19 10:47:31,126 - INFO - 🟨 Janela de programação de lote de OS detectada
2026-06-19 10:48:20,659 - INFO - 🟨 Janela de confirmação de programação de lote de OS detectada
2026-06-19 10:48:24,891 - INFO - ⌛ aguardando confirmação final de programação do lote
2026-06-19 10:48:50,402 - INFO - 🟨 programação do lote 3 efetuado com sucesso
2026-06-19 10:49:00,512 - INFO - 
=== Iniciando lote 4/9 [LM] ===
2026-06-19 10:49:00,512 - INFO - 
=== abrir_janela_selecao ===
2026-06-19 10:49:06,817 - INFO - 
=== rotina abrir_selecao_colar_os ===
2026-06-19 10:49:06,870 - INFO - Janela de seleção aberta
2026-06-19 10:49:11,095 - INFO - DEBUG: idx=3, inicio=75, fim=100
2026-06-19 10:49:11,096 - INFO - ✅ 25 OS copiadas para a área de transferência.
2026-06-19 10:49:11,096 - INFO - 📋 Lote 4 copiado.
2026-06-19 10:49:19,424 - INFO - ⌛ Esperando mudança visual...
2026-06-19 10:49:20,439 - INFO - ⌛ Esperando mudança visual...
2026-06-19 10:49:21,455 - INFO - ⌛ Esperando mudança visual...
2026-06-19 10:49:22,470 - INFO - ⌛ Esperando mudança visual...
2026-06-19 10:49:23,486 - INFO - ⌛ Esperando mudança visual...
2026-06-19 10:49:24,502 - INFO - ⌛ Esperando mudança visual...
2026-06-19 10:49:25,517 - INFO - ⌛ Esperando mudança visual...
2026-06-19 10:49:26,533 - INFO - ⌛ Esperando mudança visual...
2026-06-19 10:49:27,549 - INFO - ⌛ Esperando mudança visual...
2026-06-19 10:49:28,565 - INFO - ⌛ Esperando mudança visual...
2026-06-19 10:49:29,580 - INFO - ⌛ Esperando mudança visual...
2026-06-19 10:49:30,596 - INFO - ⌛ Esperando mudança visual...
2026-06-19 10:49:31,611 - INFO - ⌛ Esperando mudança visual...
2026-06-19 10:49:32,627 - INFO - ✅ Tela carregada!
2026-06-19 10:49:36,631 - INFO - 
=== rotina desbloquear_os ===
2026-06-19 10:50:03,120 - INFO - ⌛ Aguardando janela de confirmação de desbloqueio...
2026-06-19 10:50:18,572 - INFO - 🟨 Registros desbloqueados com sucesso
2026-06-19 10:50:22,676 - INFO - 
=== rotina editar_os ===
2026-06-19 10:50:32,102 - INFO - ⌛ Aguardando janela de edição de OS...
2026-06-19 10:50:47,603 - INFO - 🟨 OS programadas detectadas
2026-06-19 10:50:50,713 - INFO - ⌛ Aguardando janela de edição de OS...
2026-06-19 10:51:06,202 - INFO - 🟨 Janela de edição de OS detectada
2026-06-19 10:51:27,570 - INFO - 🟨 Janela de edição de habilidade da turma detectada
2026-06-19 10:52:45,870 - INFO - ⌛ Aguardando detecção do campo de caracteristica 'EQUIPE PRÓPRIA OU EPS' ...
2026-06-19 10:53:05,223 - INFO - 🟨 campo de caracteristica 'EQUIPE PRÓPRIA OU EPS detectado
2026-06-19 10:53:27,021 - INFO - ⌛ Aguardando confirmação 4 - editar OS...
2026-06-19 10:53:42,565 - INFO - ⌛ Aguardando confirmação 4 - editar OS...
2026-06-19 10:53:42,769 - INFO - 🟨 Identificado travamento no EQM, reiniciando contador de espera
2026-06-19 10:53:58,125 - INFO - ⌛ Aguardando confirmação 4 - editar OS...
2026-06-19 10:54:13,627 - INFO - 🟨 Janela de confirmação 4 de edição de OS detectada
2026-06-19 10:54:17,731 - INFO - 
=== rotina programar_os ===
2026-06-19 10:54:44,253 - INFO - ⌛ Aguardando janela de confirmação de programação de OS...
2026-06-19 10:55:09,746 - INFO - 🟨 Janela de confirmação de programação de OS detectada
2026-06-19 10:55:22,999 - INFO - 🟨 Janela de aviso de edição de OS programadas detectada
2026-06-19 10:55:30,213 - INFO - ⌛ aguardando janela de programação de lote de OS...
2026-06-19 10:55:55,796 - INFO - 🟨 Janela de aviso de substituição de lote de OS detectada
2026-06-19 10:56:15,900 - INFO - ⌛ aguardando janela de programação de lote de OS...
2026-06-19 10:56:41,492 - INFO - 🟨 Janela de programação de lote de OS detectada
2026-06-19 10:57:31,050 - INFO - 🟨 Janela de confirmação de programação de lote de OS detectada
2026-06-19 10:57:35,314 - INFO - ⌛ aguardando confirmação final de programação do lote
2026-06-19 10:58:00,796 - INFO - 🟨 programação do lote 4 efetuado com sucesso
2026-06-19 10:58:10,913 - INFO - 
=== Iniciando lote 5/9 [LM] ===
2026-06-19 10:58:10,913 - INFO - 
=== abrir_janela_selecao ===
2026-06-19 10:58:17,218 - INFO - 
=== rotina abrir_selecao_colar_os ===
2026-06-19 10:58:17,263 - INFO - Janela de seleção aberta
2026-06-19 10:58:21,491 - INFO - DEBUG: idx=4, inicio=100, fim=125
2026-06-19 10:58:21,491 - INFO - ✅ 25 OS copiadas para a área de transferência.
2026-06-19 10:58:21,491 - INFO - 📋 Lote 5 copiado.
2026-06-19 10:58:29,819 - INFO - ⌛ Esperando mudança visual...
2026-06-19 10:58:30,832 - INFO - ⌛ Esperando mudança visual...
2026-06-19 10:58:31,848 - INFO - ⌛ Esperando mudança visual...
2026-06-19 10:58:32,864 - INFO - ⌛ Esperando mudança visual...
2026-06-19 10:58:33,880 - INFO - ⌛ Esperando mudança visual...
2026-06-19 10:58:34,895 - INFO - ⌛ Esperando mudança visual...
2026-06-19 10:58:35,911 - INFO - ⌛ Esperando mudança visual...
2026-06-19 10:58:36,927 - INFO - ⌛ Esperando mudança visual...
2026-06-19 10:58:37,942 - INFO - ⌛ Esperando mudança visual...
2026-06-19 10:58:38,958 - INFO - ⌛ Esperando mudança visual...
2026-06-19 10:58:39,973 - INFO - ⌛ Esperando mudança visual...
2026-06-19 10:58:40,989 - INFO - ✅ Tela carregada!
2026-06-19 10:58:44,993 - INFO - 
=== rotina desbloquear_os ===
2026-06-19 10:59:11,473 - INFO - ⌛ Aguardando janela de confirmação de desbloqueio...
2026-06-19 10:59:26,914 - INFO - 🟨 Registros desbloqueados com sucesso
2026-06-19 10:59:31,017 - INFO - 
=== rotina editar_os ===
2026-06-19 10:59:40,467 - INFO - ⌛ Aguardando janela de edição de OS...
2026-06-19 10:59:55,963 - INFO - 🟨 OS programadas detectadas
2026-06-19 10:59:59,066 - INFO - ⌛ Aguardando janela de edição de OS...
2026-06-19 11:00:14,496 - INFO - 🟨 Janela de edição de OS detectada
2026-06-19 11:00:35,877 - INFO - 🟨 Janela de edição de habilidade da turma detectada
2026-06-19 11:01:54,167 - INFO - ⌛ Aguardando detecção do campo de caracteristica 'EQUIPE PRÓPRIA OU EPS' ...
2026-06-19 11:02:13,519 - INFO - 🟨 campo de caracteristica 'EQUIPE PRÓPRIA OU EPS detectado
2026-06-19 11:02:35,290 - INFO - ⌛ Aguardando confirmação 4 - editar OS...
2026-06-19 11:02:50,772 - INFO - ⌛ Aguardando confirmação 4 - editar OS...
2026-06-19 11:02:50,876 - INFO - 🟨 Identificado travamento no EQM, reiniciando contador de espera
2026-06-19 11:03:06,238 - INFO - ⌛ Aguardando confirmação 4 - editar OS...
2026-06-19 11:03:21,748 - INFO - ⌛ Aguardando confirmação 4 - editar OS...
2026-06-19 11:03:37,268 - INFO - ⌛ Aguardando confirmação 4 - editar OS...
2026-06-19 11:03:52,747 - INFO - 🟨 Janela de confirmação 4 de edição de OS detectada
2026-06-19 11:03:56,860 - INFO - 
=== rotina programar_os ===
2026-06-19 11:04:23,399 - INFO - ⌛ Aguardando janela de confirmação de programação de OS...
2026-06-19 11:04:48,892 - INFO - 🟨 Janela de confirmação de programação de OS detectada
2026-06-19 11:05:02,171 - INFO - 🟨 Janela de aviso de edição de OS programadas detectada
2026-06-19 11:05:09,377 - INFO - ⌛ aguardando janela de programação de lote de OS...
2026-06-19 11:05:34,977 - INFO - 🟨 Janela de aviso de substituição de lote de OS detectada
2026-06-19 11:05:55,079 - INFO - ⌛ aguardando janela de programação de lote de OS...
2026-06-19 11:06:20,645 - INFO - 🟨 Janela de programação de lote de OS detectada
2026-06-19 11:07:10,152 - INFO - 🟨 Janela de confirmação de programação de lote de OS detectada
2026-06-19 11:07:14,371 - INFO - ⌛ aguardando confirmação final de programação do lote
2026-06-19 11:07:39,840 - INFO - 🟨 programação do lote 5 efetuado com sucesso
2026-06-19 11:07:49,949 - INFO - 
=== Iniciando lote 6/9 [LM] ===
2026-06-19 11:07:49,949 - INFO - 
=== abrir_janela_selecao ===
2026-06-19 11:07:56,255 - INFO - 
=== rotina abrir_selecao_colar_os ===
2026-06-19 11:07:56,308 - INFO - Janela de seleção aberta
2026-06-19 11:08:00,542 - INFO - DEBUG: idx=5, inicio=125, fim=150
2026-06-19 11:08:00,542 - INFO - ✅ 25 OS copiadas para a área de transferência.
2026-06-19 11:08:00,542 - INFO - 📋 Lote 6 copiado.
2026-06-19 11:08:08,863 - INFO - ⌛ Esperando mudança visual...
2026-06-19 11:08:09,878 - INFO - ⌛ Esperando mudança visual...
2026-06-19 11:08:10,893 - INFO - ⌛ Esperando mudança visual...
2026-06-19 11:08:11,909 - INFO - ⌛ Esperando mudança visual...
2026-06-19 11:08:12,925 - INFO - ⌛ Esperando mudança visual...
2026-06-19 11:08:13,941 - INFO - ⌛ Esperando mudança visual...
2026-06-19 11:08:14,957 - INFO - ⌛ Esperando mudança visual...
2026-06-19 11:08:15,972 - INFO - ⌛ Esperando mudança visual...
2026-06-19 11:08:16,989 - INFO - ⌛ Esperando mudança visual...
2026-06-19 11:08:18,003 - INFO - ⌛ Esperando mudança visual...
2026-06-19 11:08:19,019 - INFO - ⌛ Esperando mudança visual...
2026-06-19 11:08:20,035 - INFO - ✅ Tela carregada!
2026-06-19 11:08:24,038 - INFO - 
=== rotina desbloquear_os ===
2026-06-19 11:08:50,504 - INFO - ⌛ Aguardando janela de confirmação de desbloqueio...
2026-06-19 11:09:06,004 - INFO - 🟨 Registros desbloqueados com sucesso
2026-06-19 11:09:10,109 - INFO - 
=== rotina editar_os ===
2026-06-19 11:09:19,542 - INFO - ⌛ Aguardando janela de edição de OS...
2026-06-19 11:09:35,062 - INFO - 🟨 OS programadas detectadas
2026-06-19 11:09:38,163 - INFO - ⌛ Aguardando janela de edição de OS...
2026-06-19 11:09:53,692 - INFO - 🟨 Janela de edição de OS detectada
2026-06-19 11:10:15,061 - INFO - 🟨 Janela de edição de habilidade da turma detectada
2026-06-19 11:11:33,368 - INFO - ⌛ Aguardando detecção do campo de caracteristica 'EQUIPE PRÓPRIA OU EPS' ...
2026-06-19 11:11:52,715 - INFO - 🟨 campo de caracteristica 'EQUIPE PRÓPRIA OU EPS detectado
2026-06-19 11:12:14,487 - INFO - ⌛ Aguardando confirmação 4 - editar OS...
2026-06-19 11:12:29,988 - INFO - ⌛ Aguardando confirmação 4 - editar OS...
2026-06-19 11:12:30,138 - INFO - 🟨 Identificado travamento no EQM, reiniciando contador de espera
2026-06-19 11:12:45,546 - INFO - ⌛ Aguardando confirmação 4 - editar OS...
2026-06-19 11:13:01,080 - INFO - 🟨 Janela de confirmação 4 de edição de OS detectada
2026-06-19 11:13:05,193 - INFO - 
=== rotina programar_os ===
2026-06-19 11:13:31,720 - INFO - ⌛ Aguardando janela de confirmação de programação de OS...
2026-06-19 11:13:57,234 - INFO - 🟨 Janela de confirmação de programação de OS detectada
2026-06-19 11:14:10,482 - INFO - 🟨 Janela de aviso de edição de OS programadas detectada
2026-06-19 11:14:17,685 - INFO - ⌛ aguardando janela de programação de lote de OS...
2026-06-19 11:14:43,263 - INFO - 🟨 Janela de aviso de substituição de lote de OS detectada
2026-06-19 11:15:03,371 - INFO - ⌛ aguardando janela de programação de lote de OS...
2026-06-19 11:15:28,946 - INFO - 🟨 Janela de programação de lote de OS detectada
2026-06-19 11:16:18,476 - INFO - 🟨 Janela de confirmação de programação de lote de OS detectada
2026-06-19 11:16:22,694 - INFO - ⌛ aguardando confirmação final de programação do lote
2026-06-19 11:16:48,227 - INFO - 🟨 programação do lote 6 efetuado com sucesso
2026-06-19 11:16:58,331 - INFO - 
=== Iniciando lote 7/9 [LM] ===
2026-06-19 11:16:58,331 - INFO - 
=== abrir_janela_selecao ===
2026-06-19 11:17:04,636 - INFO - 
=== rotina abrir_selecao_colar_os ===
2026-06-19 11:17:04,680 - INFO - Janela de seleção aberta
2026-06-19 11:17:08,916 - INFO - DEBUG: idx=6, inicio=150, fim=175
2026-06-19 11:17:08,916 - INFO - ✅ 25 OS copiadas para a área de transferência.
2026-06-19 11:17:08,916 - INFO - 📋 Lote 7 copiado.
2026-06-19 11:17:17,242 - INFO - ⌛ Esperando mudança visual...
2026-06-19 11:17:18,258 - INFO - ⌛ Esperando mudança visual...
2026-06-19 11:17:19,273 - INFO - ⌛ Esperando mudança visual...
2026-06-19 11:17:20,289 - INFO - ⌛ Esperando mudança visual...
2026-06-19 11:17:21,305 - INFO - ⌛ Esperando mudança visual...
2026-06-19 11:17:22,321 - INFO - ⌛ Esperando mudança visual...
2026-06-19 11:17:23,336 - INFO - ⌛ Esperando mudança visual...
2026-06-19 11:17:24,352 - INFO - ⌛ Esperando mudança visual...
2026-06-19 11:17:25,368 - INFO - ⌛ Esperando mudança visual...
2026-06-19 11:17:26,383 - INFO - ⌛ Esperando mudança visual...
2026-06-19 11:17:27,400 - INFO - ⌛ Esperando mudança visual...
2026-06-19 11:17:28,415 - INFO - ✅ Tela carregada!
2026-06-19 11:17:32,418 - INFO - 
=== rotina desbloquear_os ===
2026-06-19 11:17:58,899 - INFO - ⌛ Aguardando janela de confirmação de desbloqueio...
2026-06-19 11:18:14,359 - INFO - 🟨 Registros desbloqueados com sucesso
2026-06-19 11:18:18,465 - INFO - 
=== rotina editar_os ===
2026-06-19 11:18:27,863 - INFO - ⌛ Aguardando janela de edição de OS...
2026-06-19 11:18:43,327 - INFO - 🟨 OS programadas detectadas
2026-06-19 11:18:46,429 - INFO - ⌛ Aguardando janela de edição de OS...
2026-06-19 11:19:01,936 - INFO - 🟨 Janela de edição de OS detectada
2026-06-19 11:19:23,296 - INFO - 🟨 Janela de edição de habilidade da turma detectada
2026-06-19 11:20:41,596 - INFO - ⌛ Aguardando detecção do campo de caracteristica 'EQUIPE PRÓPRIA OU EPS' ...
2026-06-19 11:21:00,945 - INFO - 🟨 campo de caracteristica 'EQUIPE PRÓPRIA OU EPS detectado
2026-06-19 11:21:22,746 - INFO - ⌛ Aguardando confirmação 4 - editar OS...
2026-06-19 11:21:38,257 - INFO - ⌛ Aguardando confirmação 4 - editar OS...
2026-06-19 11:21:38,398 - INFO - 🟨 Identificado travamento no EQM, reiniciando contador de espera
2026-06-19 11:21:53,828 - INFO - ⌛ Aguardando confirmação 4 - editar OS...
2026-06-19 11:22:09,412 - INFO - 🟨 Janela de confirmação 4 de edição de OS detectada
2026-06-19 11:22:13,514 - INFO - 
=== rotina programar_os ===
2026-06-19 11:22:40,048 - INFO - ⌛ Aguardando janela de confirmação de programação de OS...
2026-06-19 11:23:05,524 - INFO - 🟨 Janela de confirmação de programação de OS detectada
2026-06-19 11:23:18,761 - INFO - 🟨 Janela de aviso de edição de OS programadas detectada
2026-06-19 11:23:25,973 - INFO - ⌛ aguardando janela de programação de lote de OS...
2026-06-19 11:23:51,473 - INFO - 🟨 Janela de aviso de substituição de lote de OS detectada
2026-06-19 11:24:11,575 - INFO - ⌛ aguardando janela de programação de lote de OS...
2026-06-19 11:24:37,148 - INFO - 🟨 Janela de aviso de substituição de lote de OS detectada
2026-06-19 11:24:57,251 - INFO - ⌛ aguardando janela de programação de lote de OS...
2026-06-19 11:25:22,807 - INFO - 🟨 Janela de programação de lote de OS detectada
2026-06-19 11:26:12,356 - INFO - 🟨 Janela de confirmação de programação de lote de OS detectada
2026-06-19 11:26:16,584 - INFO - ⌛ aguardando confirmação final de programação do lote
2026-06-19 11:26:42,096 - INFO - 🟨 programação do lote 7 efetuado com sucesso
2026-06-19 11:26:52,202 - INFO - 
=== Iniciando lote 8/9 [LM] ===
2026-06-19 11:26:52,204 - INFO - 
=== abrir_janela_selecao ===
2026-06-19 11:26:58,525 - INFO - 
=== rotina abrir_selecao_colar_os ===
2026-06-19 11:26:58,581 - INFO - Janela de seleção aberta
2026-06-19 11:27:02,809 - INFO - DEBUG: idx=7, inicio=175, fim=200
2026-06-19 11:27:02,810 - INFO - ✅ 25 OS copiadas para a área de transferência.
2026-06-19 11:27:02,810 - INFO - 📋 Lote 8 copiado.
2026-06-19 11:27:11,137 - INFO - ⌛ Esperando mudança visual...
2026-06-19 11:27:12,151 - INFO - ⌛ Esperando mudança visual...
2026-06-19 11:27:13,167 - INFO - ⌛ Esperando mudança visual...
2026-06-19 11:27:14,183 - INFO - ⌛ Esperando mudança visual...
2026-06-19 11:27:15,198 - INFO - ⌛ Esperando mudança visual...
2026-06-19 11:27:16,214 - INFO - ⌛ Esperando mudança visual...
2026-06-19 11:27:17,230 - INFO - ⌛ Esperando mudança visual...
2026-06-19 11:27:18,245 - INFO - ⌛ Esperando mudança visual...
2026-06-19 11:27:19,261 - INFO - ⌛ Esperando mudança visual...
2026-06-19 11:27:20,278 - INFO - ⌛ Esperando mudança visual...
2026-06-19 11:27:21,292 - INFO - ⌛ Esperando mudança visual...
2026-06-19 11:27:22,308 - INFO - ✅ Tela carregada!
2026-06-19 11:27:26,312 - INFO - 
=== rotina desbloquear_os ===
2026-06-19 11:27:52,788 - INFO - ⌛ Aguardando janela de confirmação de desbloqueio...
2026-06-19 11:28:08,234 - INFO - 🟨 Registros desbloqueados com sucesso
2026-06-19 11:28:12,337 - INFO - 
=== rotina editar_os ===
2026-06-19 11:28:21,749 - INFO - ⌛ Aguardando janela de edição de OS...
2026-06-19 11:28:37,251 - INFO - 🟨 OS programadas detectadas
2026-06-19 11:28:40,361 - INFO - ⌛ Aguardando janela de edição de OS...
2026-06-19 11:28:55,847 - INFO - 🟨 Janela de edição de OS detectada
2026-06-19 11:29:17,201 - INFO - 🟨 Janela de edição de habilidade da turma detectada
2026-06-19 11:30:35,498 - INFO - ⌛ Aguardando detecção do campo de caracteristica 'EQUIPE PRÓPRIA OU EPS' ...
2026-06-19 11:30:54,856 - INFO - 🟨 campo de caracteristica 'EQUIPE PRÓPRIA OU EPS detectado
2026-06-19 11:31:16,648 - INFO - ⌛ Aguardando confirmação 4 - editar OS...
2026-06-19 11:31:32,140 - INFO - ⌛ Aguardando confirmação 4 - editar OS...
2026-06-19 11:31:32,248 - INFO - 🟨 Identificado travamento no EQM, reiniciando contador de espera
2026-06-19 11:31:47,643 - INFO - ⌛ Aguardando confirmação 4 - editar OS...
2026-06-19 11:32:03,134 - INFO - ⌛ Aguardando confirmação 4 - editar OS...
2026-06-19 11:32:18,685 - INFO - 🟨 Janela de confirmação 4 de edição de OS detectada
2026-06-19 11:32:22,788 - INFO - 
=== rotina programar_os ===
2026-06-19 11:32:49,355 - INFO - ⌛ Aguardando janela de confirmação de programação de OS...
2026-06-19 11:33:14,902 - INFO - 🟨 Janela de confirmação de programação de OS detectada
2026-06-19 11:33:28,201 - INFO - 🟨 Janela de aviso de edição de OS programadas detectada
2026-06-19 11:33:35,429 - INFO - ⌛ aguardando janela de programação de lote de OS...
2026-06-19 11:34:00,983 - INFO - 🟨 Janela de aviso de substituição de lote de OS detectada
2026-06-19 11:34:21,101 - INFO - ⌛ aguardando janela de programação de lote de OS...
2026-06-19 11:34:46,639 - INFO - 🟨 Janela de programação de lote de OS detectada
2026-06-19 11:35:36,142 - INFO - 🟨 Janela de confirmação de programação de lote de OS detectada
2026-06-19 11:35:40,373 - INFO - ⌛ aguardando confirmação final de programação do lote
2026-06-19 11:36:05,913 - INFO - 🟨 programação do lote 8 efetuado com sucesso
2026-06-19 11:36:16,018 - INFO - 
=== Iniciando lote 9/9 [LM] ===
2026-06-19 11:36:16,018 - INFO - 
=== abrir_janela_selecao ===
2026-06-19 11:36:22,323 - INFO - 
=== rotina abrir_selecao_colar_os ===
2026-06-19 11:36:22,385 - INFO - Janela de seleção aberta
2026-06-19 11:36:26,614 - INFO - DEBUG: idx=8, inicio=200, fim=225
2026-06-19 11:36:26,614 - INFO - ✅ 5 OS copiadas para a área de transferência.
2026-06-19 11:36:26,614 - INFO - 📋 Lote 9 copiado.
2026-06-19 11:36:34,941 - INFO - ⌛ Esperando mudança visual...
2026-06-19 11:36:35,955 - INFO - ⌛ Esperando mudança visual...
2026-06-19 11:36:36,971 - INFO - ⌛ Esperando mudança visual...
2026-06-19 11:36:37,987 - INFO - ⌛ Esperando mudança visual...
2026-06-19 11:36:39,002 - INFO - ⌛ Esperando mudança visual...
2026-06-19 11:36:40,018 - INFO - ⌛ Esperando mudança visual...
2026-06-19 11:36:41,034 - INFO - ⌛ Esperando mudança visual...
2026-06-19 11:36:42,050 - INFO - ⌛ Esperando mudança visual...
2026-06-19 11:36:43,066 - INFO - ⌛ Esperando mudança visual...
2026-06-19 11:36:44,081 - INFO - ⌛ Esperando mudança visual...
2026-06-19 11:36:45,096 - INFO - ✅ Tela carregada!
2026-06-19 11:36:49,100 - INFO - 
=== rotina desbloquear_os ===
2026-06-19 11:37:15,567 - INFO - ⌛ Aguardando janela de confirmação de desbloqueio...
2026-06-19 11:37:31,049 - INFO - 🟨 Registros desbloqueados com sucesso
2026-06-19 11:37:35,153 - INFO - 
=== rotina editar_os ===
2026-06-19 11:37:44,593 - INFO - 🟨 OS programadas detectadas
2026-06-19 11:37:47,695 - INFO - ⌛ Aguardando janela de edição de OS...
2026-06-19 11:38:03,204 - INFO - 🟨 Janela de edição de OS detectada
2026-06-19 11:38:24,584 - INFO - 🟨 Janela de edição de habilidade da turma detectada
2026-06-19 11:39:42,885 - INFO - ⌛ Aguardando detecção do campo de caracteristica 'EQUIPE PRÓPRIA OU EPS' ...
2026-06-19 11:40:02,253 - INFO - 🟨 campo de caracteristica 'EQUIPE PRÓPRIA OU EPS detectado
2026-06-19 11:40:24,036 - INFO - ⌛ Aguardando confirmação 4 - editar OS...
2026-06-19 11:40:39,518 - INFO - 🟨 Janela de confirmação 4 de edição de OS detectada
2026-06-19 11:40:43,621 - INFO - 
=== rotina programar_os ===
2026-06-19 11:41:10,154 - INFO - ⌛ Aguardando janela de confirmação de programação de OS...
2026-06-19 11:41:35,693 - INFO - 🟨 Janela de confirmação de programação de OS detectada
2026-06-19 11:41:48,965 - INFO - 🟨 Janela de aviso de edição de OS programadas detectada
2026-06-19 11:41:56,185 - INFO - ⌛ aguardando janela de programação de lote de OS...
2026-06-19 11:42:21,720 - INFO - 🟨 Janela de aviso de substituição de lote de OS detectada
2026-06-19 11:42:41,836 - INFO - ⌛ aguardando janela de programação de lote de OS...
2026-06-19 11:43:07,408 - INFO - 🟨 Janela de programação de lote de OS detectada
2026-06-19 11:43:56,903 - INFO - 🟨 Janela de confirmação de programação de lote de OS detectada
2026-06-19 11:44:01,124 - INFO - ⌛ aguardando confirmação final de programação do lote
2026-06-19 11:44:26,590 - INFO - 🟨 programação do lote 9 efetuado com sucesso
2026-06-19 11:44:36,694 - INFO - 
=== Iniciando lote 1/14 [LV] ===
2026-06-19 11:44:36,694 - INFO - 
=== abrir_janela_selecao ===
2026-06-19 11:44:43,009 - INFO - 
=== rotina abrir_selecao_colar_os ===
2026-06-19 11:44:43,078 - INFO - Janela de seleção aberta
2026-06-19 11:44:47,302 - INFO - DEBUG: idx=0, inicio=0, fim=25
2026-06-19 11:44:47,303 - INFO - ✅ 25 OS copiadas para a área de transferência.
2026-06-19 11:44:47,303 - INFO - 📋 Lote 1 copiado.
2026-06-19 11:44:55,620 - INFO - ⌛ Esperando mudança visual...
2026-06-19 11:44:56,639 - INFO - ⌛ Esperando mudança visual...
2026-06-19 11:44:57,653 - INFO - ⌛ Esperando mudança visual...
2026-06-19 11:44:58,668 - INFO - ⌛ Esperando mudança visual...
2026-06-19 11:44:59,684 - INFO - ⌛ Esperando mudança visual...
2026-06-19 11:45:00,699 - INFO - ⌛ Esperando mudança visual...
2026-06-19 11:45:01,717 - INFO - ⌛ Esperando mudança visual...
2026-06-19 11:45:02,730 - INFO - ⌛ Esperando mudança visual...
2026-06-19 11:45:03,747 - INFO - ⌛ Esperando mudança visual...
2026-06-19 11:45:04,762 - INFO - ⌛ Esperando mudança visual...
2026-06-19 11:45:05,779 - INFO - ⌛ Esperando mudança visual...
2026-06-19 11:45:06,793 - INFO - ⌛ Esperando mudança visual...
2026-06-19 11:45:07,809 - INFO - ⌛ Esperando mudança visual...
2026-06-19 11:45:08,824 - INFO - ✅ Tela carregada!
2026-06-19 11:45:12,830 - INFO - 
=== rotina desbloquear_os ===
2026-06-19 11:45:39,286 - INFO - ⌛ Aguardando janela de confirmação de desbloqueio...
2026-06-19 11:45:54,673 - INFO - 🟨 Registros desbloqueados com sucesso
2026-06-19 11:45:58,797 - INFO - 
=== rotina editar_os ===
2026-06-19 11:46:08,211 - INFO - ⌛ Aguardando janela de edição de OS...
2026-06-19 11:46:23,642 - INFO - 🟨 OS programadas detectadas
2026-06-19 11:46:26,746 - INFO - ⌛ Aguardando janela de edição de OS...
2026-06-19 11:46:42,208 - INFO - 🟨 Janela de edição de OS detectada
2026-06-19 11:47:03,568 - INFO - 🟨 Janela de edição de habilidade da turma detectada
2026-06-19 11:48:21,860 - INFO - ⌛ Aguardando detecção do campo de caracteristica 'EQUIPE PRÓPRIA OU EPS' ...
2026-06-19 11:48:41,207 - INFO - 🟨 campo de caracteristica 'EQUIPE PRÓPRIA OU EPS detectado
2026-06-19 11:49:02,969 - INFO - ⌛ Aguardando confirmação 4 - editar OS...
2026-06-19 11:49:18,385 - INFO - ⌛ Aguardando confirmação 4 - editar OS...
2026-06-19 11:49:18,514 - INFO - 🟨 Identificado travamento no EQM, reiniciando contador de espera
2026-06-19 11:49:33,844 - INFO - ⌛ Aguardando confirmação 4 - editar OS...
2026-06-19 11:49:49,310 - INFO - 🟨 Janela de confirmação 4 de edição de OS detectada
2026-06-19 11:49:53,413 - INFO - 
=== rotina programar_os ===
2026-06-19 11:50:19,920 - INFO - ⌛ Aguardando janela de confirmação de programação de OS...
2026-06-19 11:50:45,397 - INFO - 🟨 Janela de confirmação de programação de OS detectada
2026-06-19 11:50:58,663 - INFO - 🟨 Janela de aviso de edição de OS programadas detectada
2026-06-19 11:51:05,868 - INFO - ⌛ aguardando janela de programação de lote de OS...
2026-06-19 11:51:31,373 - INFO - 🟨 Janela de aviso de substituição de lote de OS detectada
2026-06-19 11:51:51,500 - INFO - ⌛ aguardando janela de programação de lote de OS...
2026-06-19 11:52:17,018 - INFO - 🟨 Janela de programação de lote de OS detectada
2026-06-19 11:53:06,519 - INFO - 🟨 Janela de confirmação de programação de lote de OS detectada
2026-06-19 11:53:10,718 - INFO - ⌛ aguardando confirmação final de programação do lote
2026-06-19 11:53:36,188 - INFO - 🟨 programação do lote 1 efetuado com sucesso
2026-06-19 11:53:46,298 - INFO - 
=== Iniciando lote 2/14 [LV] ===
2026-06-19 11:53:46,299 - INFO - 
=== abrir_janela_selecao ===
2026-06-19 11:53:52,606 - INFO - 
=== rotina abrir_selecao_colar_os ===
2026-06-19 11:53:52,651 - INFO - Janela de seleção aberta
2026-06-19 11:53:56,876 - INFO - DEBUG: idx=1, inicio=25, fim=50
2026-06-19 11:53:56,876 - INFO - ✅ 25 OS copiadas para a área de transferência.
2026-06-19 11:53:56,876 - INFO - 📋 Lote 2 copiado.
2026-06-19 11:54:05,209 - INFO - ⌛ Esperando mudança visual...
2026-06-19 11:54:06,223 - INFO - ⌛ Esperando mudança visual...
2026-06-19 11:54:07,237 - INFO - ⌛ Esperando mudança visual...
2026-06-19 11:54:08,253 - INFO - ⌛ Esperando mudança visual...
2026-06-19 11:54:09,269 - INFO - ⌛ Esperando mudança visual...
2026-06-19 11:54:10,284 - INFO - ⌛ Esperando mudança visual...
2026-06-19 11:54:11,299 - INFO - ⌛ Esperando mudança visual...
2026-06-19 11:54:12,316 - INFO - ⌛ Esperando mudança visual...
2026-06-19 11:54:13,331 - INFO - ⌛ Esperando mudança visual...
2026-06-19 11:54:14,347 - INFO - ⌛ Esperando mudança visual...
2026-06-19 11:54:15,363 - INFO - ⌛ Esperando mudança visual...
2026-06-19 11:54:16,378 - INFO - ✅ Tela carregada!
2026-06-19 11:54:20,384 - INFO - 
=== rotina desbloquear_os ===
2026-06-19 11:54:46,845 - INFO - ⌛ Aguardando janela de confirmação de desbloqueio...
2026-06-19 11:55:02,251 - INFO - 🟨 Registros desbloqueados com sucesso
2026-06-19 11:55:06,354 - INFO - 
=== rotina editar_os ===
2026-06-19 11:55:15,765 - INFO - ⌛ Aguardando janela de edição de OS...
2026-06-19 11:55:31,222 - INFO - 🟨 OS programadas detectadas
2026-06-19 11:55:34,331 - INFO - ⌛ Aguardando janela de edição de OS...
2026-06-19 11:55:49,821 - INFO - 🟨 Janela de edição de OS detectada
2026-06-19 11:56:11,219 - INFO - 🟨 Janela de edição de habilidade da turma detectada
2026-06-19 11:57:29,511 - INFO - ⌛ Aguardando detecção do campo de caracteristica 'EQUIPE PRÓPRIA OU EPS' ...
2026-06-19 11:57:48,863 - INFO - 🟨 campo de caracteristica 'EQUIPE PRÓPRIA OU EPS detectado
2026-06-19 11:58:10,660 - INFO - ⌛ Aguardando confirmação 4 - editar OS...
2026-06-19 11:58:26,095 - INFO - ⌛ Aguardando confirmação 4 - editar OS...
2026-06-19 11:58:26,204 - INFO - 🟨 Identificado travamento no EQM, reiniciando contador de espera
2026-06-19 11:58:41,531 - INFO - ⌛ Aguardando confirmação 4 - editar OS...
2026-06-19 11:58:56,997 - INFO - 🟨 Janela de confirmação 4 de edição de OS detectada
2026-06-19 11:59:01,102 - INFO - 
=== rotina programar_os ===
2026-06-19 11:59:27,619 - INFO - ⌛ Aguardando janela de confirmação de programação de OS...
2026-06-19 11:59:53,068 - INFO - 🟨 Janela de confirmação de programação de OS detectada
2026-06-19 12:00:06,344 - INFO - 🟨 Janela de aviso de edição de OS programadas detectada
2026-06-19 12:00:13,551 - INFO - ⌛ aguardando janela de programação de lote de OS...
2026-06-19 12:00:39,046 - INFO - 🟨 Janela de aviso de substituição de lote de OS detectada
2026-06-19 12:00:59,151 - INFO - ⌛ aguardando janela de programação de lote de OS...
2026-06-19 12:01:24,629 - INFO - 🟨 Janela de programação de lote de OS detectada
2026-06-19 12:02:14,141 - INFO - 🟨 Janela de confirmação de programação de lote de OS detectada
2026-06-19 12:02:18,349 - INFO - ⌛ aguardando confirmação final de programação do lote
2026-06-19 12:02:43,793 - INFO - 🟨 programação do lote 2 efetuado com sucesso
2026-06-19 12:02:53,898 - INFO - 
=== Iniciando lote 3/14 [LV] ===
2026-06-19 12:02:53,898 - INFO - 
=== abrir_janela_selecao ===
2026-06-19 12:03:00,203 - INFO - 
=== rotina abrir_selecao_colar_os ===
2026-06-19 12:03:00,253 - INFO - Janela de seleção aberta
2026-06-19 12:03:04,481 - INFO - DEBUG: idx=2, inicio=50, fim=75
2026-06-19 12:03:04,481 - INFO - ✅ 25 OS copiadas para a área de transferência.
2026-06-19 12:03:04,481 - INFO - 📋 Lote 3 copiado.
2026-06-19 12:03:12,809 - INFO - ⌛ Esperando mudança visual...
2026-06-19 12:03:13,823 - INFO - ⌛ Esperando mudança visual...
2026-06-19 12:03:14,839 - INFO - ⌛ Esperando mudança visual...
2026-06-19 12:03:15,855 - INFO - ⌛ Esperando mudança visual...
2026-06-19 12:03:16,870 - INFO - ⌛ Esperando mudança visual...
2026-06-19 12:03:17,886 - INFO - ⌛ Esperando mudança visual...
2026-06-19 12:03:18,902 - INFO - ⌛ Esperando mudança visual...
2026-06-19 12:03:19,919 - INFO - ⌛ Esperando mudança visual...
2026-06-19 12:03:20,934 - INFO - ⌛ Esperando mudança visual...
2026-06-19 12:03:21,949 - INFO - ⌛ Esperando mudança visual...
2026-06-19 12:03:22,964 - INFO - ⌛ Esperando mudança visual...
2026-06-19 12:03:23,980 - INFO - ⌛ Esperando mudança visual...
2026-06-19 12:03:24,995 - INFO - ✅ Tela carregada!
2026-06-19 12:03:28,998 - INFO - 
=== rotina desbloquear_os ===
2026-06-19 12:03:55,463 - INFO - ⌛ Aguardando janela de confirmação de desbloqueio...
2026-06-19 12:04:10,841 - INFO - ⌛ Aguardando janela de confirmação de desbloqueio...
2026-06-19 12:04:26,253 - INFO - 🟨 Registros desbloqueados com sucesso
2026-06-19 12:04:30,369 - INFO - 
=== rotina editar_os ===
2026-06-19 12:04:39,772 - INFO - ⌛ Aguardando janela de edição de OS...
2026-06-19 12:04:55,215 - INFO - 🟨 OS programadas detectadas
2026-06-19 12:04:58,324 - INFO - ⌛ Aguardando janela de edição de OS...
2026-06-19 12:05:13,772 - INFO - 🟨 Janela de edição de OS detectada
2026-06-19 12:05:35,134 - INFO - 🟨 Janela de edição de habilidade da turma detectada
2026-06-19 12:06:53,451 - INFO - ⌛ Aguardando detecção do campo de caracteristica 'EQUIPE PRÓPRIA OU EPS' ...
2026-06-19 12:07:12,810 - INFO - 🟨 campo de caracteristica 'EQUIPE PRÓPRIA OU EPS detectado
2026-06-19 12:07:34,589 - INFO - ⌛ Aguardando confirmação 4 - editar OS...
2026-06-19 12:07:50,046 - INFO - ⌛ Aguardando confirmação 4 - editar OS...
2026-06-19 12:07:50,154 - INFO - 🟨 Identificado travamento no EQM, reiniciando contador de espera
2026-06-19 12:08:05,463 - INFO - ⌛ Aguardando confirmação 4 - editar OS...
2026-06-19 12:08:20,927 - INFO - 🟨 Janela de confirmação 4 de edição de OS detectada
2026-06-19 12:08:25,036 - INFO - 
=== rotina programar_os ===
2026-06-19 12:08:51,571 - INFO - ⌛ Aguardando janela de confirmação de programação de OS...
2026-06-19 12:09:16,985 - INFO - 🟨 Janela de confirmação de programação de OS detectada
2026-06-19 12:09:30,245 - INFO - 🟨 Janela de aviso de edição de OS programadas detectada
2026-06-19 12:09:37,451 - INFO - ⌛ aguardando janela de programação de lote de OS...
2026-06-19 12:10:02,996 - INFO - 🟨 Janela de aviso de substituição de lote de OS detectada
2026-06-19 12:10:23,103 - INFO - ⌛ aguardando janela de programação de lote de OS...
2026-06-19 12:10:48,585 - INFO - ⌛ aguardando janela de programação de lote de OS...
2026-06-19 12:10:48,805 - INFO - 🟨 Identificado falha no EQM
2026-06-19 12:10:48,805 - INFO - Capturando print...
2026-06-19 12:11:34,445 - INFO - ⌛ Aguardando janela de confirmação de programação de OS...
2026-06-19 12:11:59,871 - INFO - 🟨 Janela de confirmação de programação de OS detectada
2026-06-19 12:12:13,123 - INFO - 🟨 Janela de aviso de edição de OS programadas detectada
2026-06-19 12:12:20,327 - INFO - ⌛ aguardando janela de programação de lote de OS...
2026-06-19 12:12:45,824 - INFO - 🟨 Janela de aviso de substituição de lote de OS detectada
2026-06-19 12:13:05,927 - INFO - ⌛ aguardando janela de programação de lote de OS...
2026-06-19 12:13:31,467 - INFO - 🟨 Janela de programação de lote de OS detectada
2026-06-19 12:14:20,974 - INFO - 🟨 Janela de confirmação de programação de lote de OS detectada
2026-06-19 12:14:25,191 - INFO - ⌛ aguardando confirmação final de programação do lote
2026-06-19 12:14:50,670 - INFO - 🟨 programação do lote 3 efetuado com sucesso
2026-06-19 12:15:00,780 - INFO - 
=== Iniciando lote 4/14 [LV] ===
2026-06-19 12:15:00,780 - INFO - 
=== abrir_janela_selecao ===
2026-06-19 12:15:07,092 - INFO - 
=== rotina abrir_selecao_colar_os ===
2026-06-19 12:15:07,136 - INFO - Janela de seleção aberta
2026-06-19 12:15:11,363 - INFO - DEBUG: idx=3, inicio=75, fim=100
2026-06-19 12:15:11,363 - INFO - ✅ 25 OS copiadas para a área de transferência.
2026-06-19 12:15:11,363 - INFO - 📋 Lote 4 copiado.
2026-06-19 12:15:19,683 - INFO - ⌛ Esperando mudança visual...
2026-06-19 12:15:20,700 - INFO - ⌛ Esperando mudança visual...
2026-06-19 12:15:21,716 - INFO - ⌛ Esperando mudança visual...
2026-06-19 12:15:22,731 - INFO - ⌛ Esperando mudança visual...
2026-06-19 12:15:23,747 - INFO - ⌛ Esperando mudança visual...
2026-06-19 12:15:24,764 - INFO - ⌛ Esperando mudança visual...
2026-06-19 12:15:25,778 - INFO - ⌛ Esperando mudança visual...
2026-06-19 12:15:26,794 - INFO - ⌛ Esperando mudança visual...
2026-06-19 12:15:27,810 - INFO - ⌛ Esperando mudança visual...
2026-06-19 12:15:28,826 - INFO - ⌛ Esperando mudança visual...
2026-06-19 12:15:29,841 - INFO - ⌛ Esperando mudança visual...
2026-06-19 12:15:30,857 - INFO - ✅ Tela carregada!
2026-06-19 12:15:34,861 - INFO - 
=== rotina desbloquear_os ===
2026-06-19 12:16:01,326 - INFO - ⌛ Aguardando janela de confirmação de desbloqueio...
2026-06-19 12:16:16,723 - INFO - 🟨 Registros desbloqueados com sucesso
2026-06-19 12:16:20,828 - INFO - 
=== rotina editar_os ===
2026-06-19 12:16:30,231 - INFO - ⌛ Aguardando janela de edição de OS...
2026-06-19 12:16:45,675 - INFO - 🟨 OS programadas detectadas
2026-06-19 12:16:48,778 - INFO - ⌛ Aguardando janela de edição de OS...
2026-06-19 12:17:04,181 - INFO - 🟨 Janela de edição de OS detectada
2026-06-19 12:17:25,557 - INFO - 🟨 Janela de edição de habilidade da turma detectada
2026-06-19 12:18:43,857 - INFO - ⌛ Aguardando detecção do campo de caracteristica 'EQUIPE PRÓPRIA OU EPS' ...
2026-06-19 12:19:03,228 - INFO - 🟨 campo de caracteristica 'EQUIPE PRÓPRIA OU EPS detectado
2026-06-19 12:19:25,020 - INFO - ⌛ Aguardando confirmação 4 - editar OS...
2026-06-19 12:19:40,467 - INFO - ⌛ Aguardando confirmação 4 - editar OS...
2026-06-19 12:19:55,942 - INFO - ⌛ Aguardando confirmação 4 - editar OS...
2026-06-19 12:20:11,386 - INFO - 🟨 Janela de confirmação 4 de edição de OS detectada
2026-06-19 12:20:15,496 - INFO - 
=== rotina programar_os ===
2026-06-19 12:20:42,029 - INFO - ⌛ Aguardando janela de confirmação de programação de OS...
2026-06-19 12:21:07,496 - INFO - 🟨 Janela de confirmação de programação de OS detectada
2026-06-19 12:21:20,754 - INFO - 🟨 Janela de aviso de edição de OS programadas detectada
2026-06-19 12:21:27,961 - INFO - ⌛ aguardando janela de programação de lote de OS...
2026-06-19 12:21:53,473 - INFO - 🟨 Janela de aviso de substituição de lote de OS detectada
2026-06-19 12:22:13,575 - INFO - ⌛ aguardando janela de programação de lote de OS...
2026-06-19 12:22:39,063 - INFO - 🟨 Janela de programação de lote de OS detectada
2026-06-19 12:23:28,561 - INFO - 🟨 Janela de confirmação de programação de lote de OS detectada
2026-06-19 12:23:32,808 - INFO - ⌛ aguardando confirmação final de programação do lote
2026-06-19 12:23:58,281 - INFO - 🟨 programação do lote 4 efetuado com sucesso
2026-06-19 12:24:08,390 - INFO - 
=== Iniciando lote 5/14 [LV] ===
2026-06-19 12:24:08,390 - INFO - 
=== abrir_janela_selecao ===
2026-06-19 12:24:14,704 - INFO - 
=== rotina abrir_selecao_colar_os ===
2026-06-19 12:24:14,745 - INFO - Janela de seleção aberta
2026-06-19 12:24:18,973 - INFO - DEBUG: idx=4, inicio=100, fim=125
2026-06-19 12:24:18,973 - INFO - ✅ 25 OS copiadas para a área de transferência.
2026-06-19 12:24:18,973 - INFO - 📋 Lote 5 copiado.
2026-06-19 12:24:27,318 - INFO - ⌛ Esperando mudança visual...
2026-06-19 12:24:28,332 - INFO - ⌛ Esperando mudança visual...
2026-06-19 12:24:29,347 - INFO - ⌛ Esperando mudança visual...
2026-06-19 12:24:30,363 - INFO - ⌛ Esperando mudança visual...
2026-06-19 12:24:31,378 - INFO - ⌛ Esperando mudança visual...
2026-06-19 12:24:32,395 - INFO - ⌛ Esperando mudança visual...
2026-06-19 12:24:33,409 - INFO - ⌛ Esperando mudança visual...
2026-06-19 12:24:34,425 - INFO - ⌛ Esperando mudança visual...
2026-06-19 12:24:35,440 - INFO - ⌛ Esperando mudança visual...
2026-06-19 12:24:36,456 - INFO - ⌛ Esperando mudança visual...
2026-06-19 12:24:37,472 - INFO - ✅ Tela carregada!
2026-06-19 12:24:41,476 - INFO - 
=== rotina desbloquear_os ===
2026-06-19 12:25:07,963 - INFO - ⌛ Aguardando janela de confirmação de desbloqueio...
2026-06-19 12:25:23,395 - INFO - 🟨 Registros desbloqueados com sucesso
2026-06-19 12:25:27,498 - INFO - 
=== rotina editar_os ===
2026-06-19 12:25:36,903 - INFO - ⌛ Aguardando janela de edição de OS...
2026-06-19 12:25:52,363 - INFO - 🟨 OS programadas detectadas
2026-06-19 12:25:55,466 - INFO - ⌛ Aguardando janela de edição de OS...
2026-06-19 12:26:10,930 - INFO - 🟨 Janela de edição de OS detectada
2026-06-19 12:26:32,320 - INFO - 🟨 Janela de edição de habilidade da turma detectada
2026-06-19 12:27:50,625 - INFO - ⌛ Aguardando detecção do campo de caracteristica 'EQUIPE PRÓPRIA OU EPS' ...
2026-06-19 12:28:09,989 - INFO - 🟨 campo de caracteristica 'EQUIPE PRÓPRIA OU EPS detectado
2026-06-19 12:28:31,767 - INFO - ⌛ Aguardando confirmação 4 - editar OS...
2026-06-19 12:28:47,176 - INFO - ⌛ Aguardando confirmação 4 - editar OS...
2026-06-19 12:29:02,623 - INFO - ⌛ Aguardando confirmação 4 - editar OS...
2026-06-19 12:29:18,053 - INFO - 🟨 Janela de confirmação 4 de edição de OS detectada
2026-06-19 12:29:22,161 - INFO - 
=== rotina programar_os ===
2026-06-19 12:29:48,666 - INFO - ⌛ Aguardando janela de confirmação de programação de OS...
2026-06-19 12:30:14,097 - INFO - 🟨 Janela de confirmação de programação de OS detectada
2026-06-19 12:30:27,352 - INFO - 🟨 Janela de aviso de edição de OS programadas detectada
2026-06-19 12:30:34,560 - INFO - ⌛ aguardando janela de programação de lote de OS...
2026-06-19 12:31:00,052 - INFO - 🟨 Janela de aviso de substituição de lote de OS detectada
2026-06-19 12:31:20,157 - INFO - ⌛ aguardando janela de programação de lote de OS...
2026-06-19 12:31:45,634 - INFO - 🟨 Janela de programação de lote de OS detectada
2026-06-19 12:32:35,194 - INFO - 🟨 Janela de confirmação de programação de lote de OS detectada
2026-06-19 12:32:39,404 - INFO - ⌛ aguardando confirmação final de programação do lote
2026-06-19 12:33:04,828 - INFO - 🟨 programação do lote 5 efetuado com sucesso
2026-06-19 12:33:14,943 - INFO - 
=== Iniciando lote 6/14 [LV] ===
2026-06-19 12:33:14,943 - INFO - 
=== abrir_janela_selecao ===
2026-06-19 12:33:21,250 - INFO - 
=== rotina abrir_selecao_colar_os ===
2026-06-19 12:33:21,299 - INFO - Janela de seleção aberta
2026-06-19 12:33:25,517 - INFO - DEBUG: idx=5, inicio=125, fim=150
2026-06-19 12:33:25,517 - INFO - ✅ 25 OS copiadas para a área de transferência.
2026-06-19 12:33:25,517 - INFO - 📋 Lote 6 copiado.
2026-06-19 12:33:33,849 - INFO - ⌛ Esperando mudança visual...
2026-06-19 12:33:34,861 - INFO - ⌛ Esperando mudança visual...
2026-06-19 12:33:35,877 - INFO - ⌛ Esperando mudança visual...
2026-06-19 12:33:36,893 - INFO - ⌛ Esperando mudança visual...
2026-06-19 12:33:37,909 - INFO - ⌛ Esperando mudança visual...
2026-06-19 12:33:38,925 - INFO - ⌛ Esperando mudança visual...
2026-06-19 12:33:39,940 - INFO - ⌛ Esperando mudança visual...
2026-06-19 12:33:40,955 - INFO - ⌛ Esperando mudança visual...
2026-06-19 12:33:41,971 - INFO - ⌛ Esperando mudança visual...
2026-06-19 12:33:42,987 - INFO - ⌛ Esperando mudança visual...
2026-06-19 12:33:44,002 - INFO - ✅ Tela carregada!
2026-06-19 12:33:48,005 - INFO - 
=== rotina desbloquear_os ===
2026-06-19 12:34:14,472 - INFO - ⌛ Aguardando janela de confirmação de desbloqueio...
2026-06-19 12:34:29,894 - INFO - 🟨 Registros desbloqueados com sucesso
2026-06-19 12:34:33,997 - INFO - 
=== rotina editar_os ===
2026-06-19 12:34:43,419 - INFO - ⌛ Aguardando janela de edição de OS...
2026-06-19 12:34:58,828 - INFO - 🟨 OS programadas detectadas
2026-06-19 12:35:01,942 - INFO - ⌛ Aguardando janela de edição de OS...
2026-06-19 12:35:17,398 - INFO - 🟨 Janela de edição de OS detectada
2026-06-19 12:35:38,764 - INFO - 🟨 Janela de edição de habilidade da turma detectada
2026-06-19 12:36:57,072 - INFO - ⌛ Aguardando detecção do campo de caracteristica 'EQUIPE PRÓPRIA OU EPS' ...
2026-06-19 12:37:16,434 - INFO - 🟨 campo de caracteristica 'EQUIPE PRÓPRIA OU EPS detectado
2026-06-19 12:37:38,211 - INFO - ⌛ Aguardando confirmação 4 - editar OS...
2026-06-19 12:37:53,672 - INFO - ⌛ Aguardando confirmação 4 - editar OS...
2026-06-19 12:38:09,147 - INFO - ⌛ Aguardando confirmação 4 - editar OS...
2026-06-19 12:38:24,631 - INFO - 🟨 Janela de confirmação 4 de edição de OS detectada
2026-06-19 12:38:28,744 - INFO - 
=== rotina programar_os ===
2026-06-19 12:38:55,278 - INFO - ⌛ Aguardando janela de confirmação de programação de OS...
2026-06-19 12:39:20,753 - INFO - 🟨 Janela de confirmação de programação de OS detectada
2026-06-19 12:39:34,040 - INFO - 🟨 Janela de aviso de edição de OS programadas detectada
2026-06-19 12:39:41,243 - INFO - ⌛ aguardando janela de programação de lote de OS...
2026-06-19 12:40:06,749 - INFO - 🟨 Janela de aviso de substituição de lote de OS detectada
2026-06-19 12:40:26,860 - INFO - ⌛ aguardando janela de programação de lote de OS...
2026-06-19 12:40:52,377 - INFO - 🟨 Janela de programação de lote de OS detectada
2026-06-19 12:41:41,887 - INFO - 🟨 Janela de confirmação de programação de lote de OS detectada
2026-06-19 12:41:46,134 - INFO - ⌛ aguardando confirmação final de programação do lote
2026-06-19 12:42:11,632 - INFO - 🟨 programação do lote 6 efetuado com sucesso
2026-06-19 12:42:21,736 - INFO - 
=== Iniciando lote 7/14 [LV] ===
2026-06-19 12:42:21,736 - INFO - 
=== abrir_janela_selecao ===
2026-06-19 12:42:28,044 - INFO - 
=== rotina abrir_selecao_colar_os ===
2026-06-19 12:42:28,088 - INFO - Janela de seleção aberta
2026-06-19 12:42:32,319 - INFO - DEBUG: idx=6, inicio=150, fim=175
2026-06-19 12:42:32,320 - INFO - ✅ 25 OS copiadas para a área de transferência.
2026-06-19 12:42:32,320 - INFO - 📋 Lote 7 copiado.
2026-06-19 12:42:40,643 - INFO - ⌛ Esperando mudança visual...
2026-06-19 12:42:41,658 - INFO - ⌛ Esperando mudança visual...
2026-06-19 12:42:42,674 - INFO - ⌛ Esperando mudança visual...
2026-06-19 12:42:43,689 - INFO - ⌛ Esperando mudança visual...
2026-06-19 12:42:44,705 - INFO - ⌛ Esperando mudança visual...
2026-06-19 12:42:45,721 - INFO - ⌛ Esperando mudança visual...
2026-06-19 12:42:46,736 - INFO - ⌛ Esperando mudança visual...
2026-06-19 12:42:47,752 - INFO - ⌛ Esperando mudança visual...
2026-06-19 12:42:48,769 - INFO - ⌛ Esperando mudança visual...
2026-06-19 12:42:49,786 - INFO - ⌛ Esperando mudança visual...
2026-06-19 12:42:50,799 - INFO - ✅ Tela carregada!
2026-06-19 12:42:54,804 - INFO - 
=== rotina desbloquear_os ===
2026-06-19 12:43:21,259 - INFO - ⌛ Aguardando janela de confirmação de desbloqueio...
2026-06-19 12:43:36,654 - INFO - 🟨 Registros desbloqueados com sucesso
2026-06-19 12:43:40,758 - INFO - 
=== rotina editar_os ===
2026-06-19 12:43:50,165 - INFO - ⌛ Aguardando janela de edição de OS...
2026-06-19 12:44:05,616 - INFO - 🟨 OS programadas detectadas
2026-06-19 12:44:08,719 - INFO - ⌛ Aguardando janela de edição de OS...
2026-06-19 12:44:24,222 - INFO - 🟨 Janela de edição de OS detectada
2026-06-19 12:44:45,591 - INFO - 🟨 Janela de edição de habilidade da turma detectada
2026-06-19 12:46:03,874 - INFO - ⌛ Aguardando detecção do campo de caracteristica 'EQUIPE PRÓPRIA OU EPS' ...
2026-06-19 12:46:23,252 - INFO - 🟨 campo de caracteristica 'EQUIPE PRÓPRIA OU EPS detectado
2026-06-19 12:46:45,042 - INFO - ⌛ Aguardando confirmação 4 - editar OS...
2026-06-19 12:47:00,533 - INFO - ⌛ Aguardando confirmação 4 - editar OS...
2026-06-19 12:47:00,688 - INFO - 🟨 Identificado travamento no EQM, reiniciando contador de espera
2026-06-19 12:47:16,050 - INFO - ⌛ Aguardando confirmação 4 - editar OS...
2026-06-19 12:47:31,569 - INFO - 🟨 Janela de confirmação 4 de edição de OS detectada
2026-06-19 12:47:35,672 - INFO - 
=== rotina programar_os ===
2026-06-19 12:48:02,224 - INFO - ⌛ Aguardando janela de confirmação de programação de OS...
2026-06-19 12:48:27,754 - INFO - 🟨 Janela de confirmação de programação de OS detectada
2026-06-19 12:48:41,019 - INFO - 🟨 Janela de aviso de edição de OS programadas detectada
2026-06-19 12:48:48,238 - INFO - ⌛ aguardando janela de programação de lote de OS...
2026-06-19 12:49:13,770 - INFO - 🟨 Janela de aviso de substituição de lote de OS detectada
2026-06-19 12:49:33,877 - INFO - ⌛ aguardando janela de programação de lote de OS...
2026-06-19 12:49:59,397 - INFO - 🟨 Janela de programação de lote de OS detectada
2026-06-19 12:50:48,926 - INFO - 🟨 Janela de confirmação de programação de lote de OS detectada
2026-06-19 12:50:53,153 - INFO - ⌛ aguardando confirmação final de programação do lote
2026-06-19 12:51:18,646 - INFO - 🟨 programação do lote 7 efetuado com sucesso
2026-06-19 12:51:28,750 - INFO - 
=== Iniciando lote 8/14 [LV] ===
2026-06-19 12:51:28,750 - INFO - 
=== abrir_janela_selecao ===
2026-06-19 12:51:35,055 - INFO - 
=== rotina abrir_selecao_colar_os ===
2026-06-19 12:51:35,098 - INFO - Janela de seleção aberta
2026-06-19 12:51:39,331 - INFO - DEBUG: idx=7, inicio=175, fim=200
2026-06-19 12:51:39,331 - INFO - ✅ 25 OS copiadas para a área de transferência.
2026-06-19 12:51:39,331 - INFO - 📋 Lote 8 copiado.
2026-06-19 12:51:47,668 - INFO - ⌛ Esperando mudança visual...
2026-06-19 12:51:48,685 - INFO - ⌛ Esperando mudança visual...
2026-06-19 12:51:49,700 - INFO - ⌛ Esperando mudança visual...
2026-06-19 12:51:50,716 - INFO - ⌛ Esperando mudança visual...
2026-06-19 12:51:51,732 - INFO - ⌛ Esperando mudança visual...
2026-06-19 12:51:52,748 - INFO - ⌛ Esperando mudança visual...
2026-06-19 12:51:53,763 - INFO - ⌛ Esperando mudança visual...
2026-06-19 12:51:54,779 - INFO - ⌛ Esperando mudança visual...
2026-06-19 12:51:55,794 - INFO - ⌛ Esperando mudança visual...
2026-06-19 12:51:56,811 - INFO - ✅ Tela carregada!
2026-06-19 12:52:00,813 - INFO - 
=== rotina desbloquear_os ===
2026-06-19 12:52:27,280 - INFO - ⌛ Aguardando janela de confirmação de desbloqueio...
2026-06-19 12:52:42,723 - INFO - 🟨 Registros desbloqueados com sucesso
2026-06-19 12:52:46,826 - INFO - 
=== rotina editar_os ===
2026-06-19 12:52:56,235 - INFO - ⌛ Aguardando janela de edição de OS...
2026-06-19 12:53:11,761 - INFO - 🟨 OS programadas detectadas
2026-06-19 12:53:14,864 - INFO - ⌛ Aguardando janela de edição de OS...
2026-06-19 12:53:30,358 - INFO - 🟨 Janela de edição de OS detectada
2026-06-19 12:53:51,730 - INFO - 🟨 Janela de edição de habilidade da turma detectada
2026-06-19 12:55:10,020 - INFO - ⌛ Aguardando detecção do campo de caracteristica 'EQUIPE PRÓPRIA OU EPS' ...
2026-06-19 12:55:29,408 - INFO - 🟨 campo de caracteristica 'EQUIPE PRÓPRIA OU EPS detectado
2026-06-19 12:55:51,225 - INFO - ⌛ Aguardando confirmação 4 - editar OS...
2026-06-19 12:56:06,754 - INFO - ⌛ Aguardando confirmação 4 - editar OS...
2026-06-19 12:56:22,233 - INFO - ⌛ Aguardando confirmação 4 - editar OS...
2026-06-19 12:56:37,817 - INFO - 🟨 Janela de confirmação 4 de edição de OS detectada
2026-06-19 12:56:41,920 - INFO - 
=== rotina programar_os ===
2026-06-19 12:57:08,460 - INFO - ⌛ Aguardando janela de confirmação de programação de OS...
2026-06-19 12:57:33,928 - INFO - 🟨 Janela de confirmação de programação de OS detectada
2026-06-19 12:57:47,201 - INFO - 🟨 Janela de aviso de edição de OS programadas detectada
2026-06-19 12:57:54,405 - INFO - ⌛ aguardando janela de programação de lote de OS...
2026-06-19 12:58:19,942 - INFO - 🟨 Janela de aviso de substituição de lote de OS detectada
2026-06-19 12:58:40,044 - INFO - ⌛ aguardando janela de programação de lote de OS...
2026-06-19 12:59:05,622 - INFO - 🟨 Janela de programação de lote de OS detectada
2026-06-19 12:59:55,165 - INFO - 🟨 Janela de confirmação de programação de lote de OS detectada
2026-06-19 12:59:59,375 - INFO - ⌛ aguardando confirmação final de programação do lote
2026-06-19 13:00:24,893 - INFO - 🟨 programação do lote 8 efetuado com sucesso
2026-06-19 13:00:34,997 - INFO - 
=== Iniciando lote 9/14 [LV] ===
2026-06-19 13:00:34,998 - INFO - 
=== abrir_janela_selecao ===
2026-06-19 13:00:41,304 - INFO - 
=== rotina abrir_selecao_colar_os ===
2026-06-19 13:00:41,352 - INFO - Janela de seleção aberta
2026-06-19 13:00:45,568 - INFO - DEBUG: idx=8, inicio=200, fim=225
2026-06-19 13:00:45,570 - INFO - ✅ 25 OS copiadas para a área de transferência.
2026-06-19 13:00:45,570 - INFO - 📋 Lote 9 copiado.
2026-06-19 13:00:53,901 - INFO - ⌛ Esperando mudança visual...
2026-06-19 13:00:54,915 - INFO - ⌛ Esperando mudança visual...
2026-06-19 13:00:55,931 - INFO - ⌛ Esperando mudança visual...
2026-06-19 13:00:56,946 - INFO - ⌛ Esperando mudança visual...
2026-06-19 13:00:57,962 - INFO - ⌛ Esperando mudança visual...
2026-06-19 13:00:58,977 - INFO - ⌛ Esperando mudança visual...
2026-06-19 13:00:59,994 - INFO - ⌛ Esperando mudança visual...
2026-06-19 13:01:01,010 - INFO - ⌛ Esperando mudança visual...
2026-06-19 13:01:02,024 - INFO - ⌛ Esperando mudança visual...
2026-06-19 13:01:03,041 - INFO - ⌛ Esperando mudança visual...
2026-06-19 13:01:04,057 - INFO - ✅ Tela carregada!
2026-06-19 13:01:08,059 - INFO - 
=== rotina desbloquear_os ===
2026-06-19 13:01:34,526 - INFO - ⌛ Aguardando janela de confirmação de desbloqueio...
2026-06-19 13:01:50,008 - INFO - 🟨 Registros desbloqueados com sucesso
2026-06-19 13:01:54,110 - INFO - 
=== rotina editar_os ===
2026-06-19 13:02:03,553 - INFO - ⌛ Aguardando janela de edição de OS...
2026-06-19 13:02:19,069 - INFO - 🟨 OS programadas detectadas
2026-06-19 13:02:22,172 - INFO - ⌛ Aguardando janela de edição de OS...
2026-06-19 13:02:37,705 - INFO - 🟨 Janela de edição de OS detectada
2026-06-19 13:02:59,070 - INFO - 🟨 Janela de edição de habilidade da turma detectada
2026-06-19 13:04:17,366 - INFO - ⌛ Aguardando detecção do campo de caracteristica 'EQUIPE PRÓPRIA OU EPS' ...
2026-06-19 13:04:36,730 - INFO - 🟨 campo de caracteristica 'EQUIPE PRÓPRIA OU EPS detectado
2026-06-19 13:04:58,525 - INFO - ⌛ Aguardando confirmação 4 - editar OS...
2026-06-19 13:05:14,026 - INFO - ⌛ Aguardando confirmação 4 - editar OS...
2026-06-19 13:05:14,196 - INFO - 🟨 Identificado travamento no EQM, reiniciando contador de espera
2026-06-19 13:05:29,547 - INFO - ⌛ Aguardando confirmação 4 - editar OS...
2026-06-19 13:05:45,061 - INFO - 🟨 Janela de confirmação 4 de edição de OS detectada
2026-06-19 13:05:49,163 - INFO - 
=== rotina programar_os ===
2026-06-19 13:06:15,737 - INFO - ⌛ Aguardando janela de confirmação de programação de OS...
2026-06-19 13:06:41,224 - INFO - 🟨 Janela de confirmação de programação de OS detectada
2026-06-19 13:06:54,527 - INFO - 🟨 Janela de aviso de edição de OS programadas detectada
2026-06-19 13:07:01,731 - INFO - ⌛ aguardando janela de programação de lote de OS...
2026-06-19 13:07:27,259 - INFO - 🟨 Janela de aviso de substituição de lote de OS detectada
2026-06-19 13:07:47,361 - INFO - ⌛ aguardando janela de programação de lote de OS...
2026-06-19 13:08:12,955 - INFO - 🟨 Janela de programação de lote de OS detectada
2026-06-19 13:09:02,503 - INFO - 🟨 Janela de confirmação de programação de lote de OS detectada
2026-06-19 13:09:06,731 - INFO - ⌛ aguardando confirmação final de programação do lote
2026-06-19 13:09:32,295 - INFO - 🟨 programação do lote 9 efetuado com sucesso
2026-06-19 13:09:42,399 - INFO - 
=== Iniciando lote 10/14 [LV] ===
2026-06-19 13:09:42,399 - INFO - 
=== abrir_janela_selecao ===
2026-06-19 13:09:48,704 - INFO - 
=== rotina abrir_selecao_colar_os ===
2026-06-19 13:09:48,763 - INFO - Janela de seleção aberta
2026-06-19 13:09:52,985 - INFO - DEBUG: idx=9, inicio=225, fim=250
2026-06-19 13:09:52,985 - INFO - ✅ 25 OS copiadas para a área de transferência.
2026-06-19 13:09:52,985 - INFO - 📋 Lote 10 copiado.
2026-06-19 13:10:01,314 - INFO - ⌛ Esperando mudança visual...
2026-06-19 13:10:02,327 - INFO - ⌛ Esperando mudança visual...
2026-06-19 13:10:03,345 - INFO - ⌛ Esperando mudança visual...
2026-06-19 13:10:04,361 - INFO - ⌛ Esperando mudança visual...
2026-06-19 13:10:05,379 - INFO - ⌛ Esperando mudança visual...
2026-06-19 13:10:06,392 - INFO - ⌛ Esperando mudança visual...
2026-06-19 13:10:07,407 - INFO - ⌛ Esperando mudança visual...
2026-06-19 13:10:08,422 - INFO - ⌛ Esperando mudança visual...
2026-06-19 13:10:09,439 - INFO - ⌛ Esperando mudança visual...
2026-06-19 13:10:10,454 - INFO - ⌛ Esperando mudança visual...
2026-06-19 13:10:11,468 - INFO - ✅ Tela carregada!
2026-06-19 13:10:15,472 - INFO - 
=== rotina desbloquear_os ===
2026-06-19 13:10:41,954 - INFO - ⌛ Aguardando janela de confirmação de desbloqueio...
2026-06-19 13:10:57,396 - INFO - 🟨 Registros desbloqueados com sucesso
2026-06-19 13:11:01,499 - INFO - 
=== rotina editar_os ===
2026-06-19 13:11:10,927 - INFO - ⌛ Aguardando janela de edição de OS...
2026-06-19 13:11:26,446 - INFO - 🟨 OS programadas detectadas
2026-06-19 13:11:29,548 - INFO - ⌛ Aguardando janela de edição de OS...
2026-06-19 13:11:45,071 - INFO - 🟨 Janela de edição de OS detectada
2026-06-19 13:12:06,442 - INFO - 🟨 Janela de edição de habilidade da turma detectada
2026-06-19 13:13:24,744 - INFO - ⌛ Aguardando detecção do campo de caracteristica 'EQUIPE PRÓPRIA OU EPS' ...
2026-06-19 13:13:44,118 - INFO - 🟨 campo de caracteristica 'EQUIPE PRÓPRIA OU EPS detectado
2026-06-19 13:14:05,912 - INFO - ⌛ Aguardando confirmação 4 - editar OS...
2026-06-19 13:14:21,423 - INFO - ⌛ Aguardando confirmação 4 - editar OS...
2026-06-19 13:14:21,572 - INFO - 🟨 Identificado travamento no EQM, reiniciando contador de espera
2026-06-19 13:14:36,946 - INFO - ⌛ Aguardando confirmação 4 - editar OS...
2026-06-19 13:14:52,476 - INFO - 🟨 Janela de confirmação 4 de edição de OS detectada
2026-06-19 13:14:56,579 - INFO - 
=== rotina programar_os ===
2026-06-19 13:15:23,111 - INFO - ⌛ Aguardando janela de confirmação de programação de OS...
2026-06-19 13:15:48,632 - INFO - 🟨 Janela de confirmação de programação de OS detectada
2026-06-19 13:16:01,906 - INFO - 🟨 Janela de aviso de edição de OS programadas detectada
2026-06-19 13:16:09,109 - INFO - ⌛ aguardando janela de programação de lote de OS...
2026-06-19 13:16:34,675 - INFO - 🟨 Janela de aviso de substituição de lote de OS detectada
2026-06-19 13:16:54,805 - INFO - ⌛ aguardando janela de programação de lote de OS...
2026-06-19 13:17:20,351 - INFO - 🟨 Janela de programação de lote de OS detectada
2026-06-19 13:18:09,840 - INFO - 🟨 Janela de confirmação de programação de lote de OS detectada
2026-06-19 13:18:14,073 - INFO - ⌛ aguardando confirmação final de programação do lote
2026-06-19 13:18:39,578 - INFO - 🟨 programação do lote 10 efetuado com sucesso
2026-06-19 13:18:49,684 - INFO - 
=== Iniciando lote 11/14 [LV] ===
2026-06-19 13:18:49,684 - INFO - 
=== abrir_janela_selecao ===
2026-06-19 13:18:55,990 - INFO - 
=== rotina abrir_selecao_colar_os ===
2026-06-19 13:18:56,047 - INFO - Janela de seleção aberta
2026-06-19 13:19:00,260 - INFO - DEBUG: idx=10, inicio=250, fim=275
2026-06-19 13:19:00,261 - INFO - ✅ 25 OS copiadas para a área de transferência.
2026-06-19 13:19:00,261 - INFO - 📋 Lote 11 copiado.
2026-06-19 13:19:08,591 - INFO - ⌛ Esperando mudança visual...
2026-06-19 13:19:09,606 - INFO - ⌛ Esperando mudança visual...
2026-06-19 13:19:10,620 - INFO - ⌛ Esperando mudança visual...
2026-06-19 13:19:11,637 - INFO - ⌛ Esperando mudança visual...
2026-06-19 13:19:12,651 - INFO - ⌛ Esperando mudança visual...
2026-06-19 13:19:13,667 - INFO - ⌛ Esperando mudança visual...
2026-06-19 13:19:14,684 - INFO - ⌛ Esperando mudança visual...
2026-06-19 13:19:15,700 - INFO - ⌛ Esperando mudança visual...
2026-06-19 13:19:16,714 - INFO - ⌛ Esperando mudança visual...
2026-06-19 13:19:17,731 - INFO - ⌛ Esperando mudança visual...
2026-06-19 13:19:18,749 - INFO - ✅ Tela carregada!
2026-06-19 13:19:22,750 - INFO - 
=== rotina desbloquear_os ===
2026-06-19 13:19:49,215 - INFO - ⌛ Aguardando janela de confirmação de desbloqueio...
2026-06-19 13:20:04,653 - INFO - 🟨 Registros desbloqueados com sucesso
2026-06-19 13:20:08,756 - INFO - 
=== rotina editar_os ===
2026-06-19 13:20:18,163 - INFO - ⌛ Aguardando janela de edição de OS...
2026-06-19 13:20:33,641 - INFO - 🟨 OS programadas detectadas
2026-06-19 13:20:36,754 - INFO - ⌛ Aguardando janela de edição de OS...
2026-06-19 13:20:52,301 - INFO - 🟨 Janela de edição de OS detectada
2026-06-19 13:21:13,670 - INFO - 🟨 Janela de edição de habilidade da turma detectada
2026-06-19 13:22:31,971 - INFO - ⌛ Aguardando detecção do campo de caracteristica 'EQUIPE PRÓPRIA OU EPS' ...
2026-06-19 13:22:51,319 - INFO - 🟨 campo de caracteristica 'EQUIPE PRÓPRIA OU EPS detectado
2026-06-19 13:23:13,135 - INFO - ⌛ Aguardando confirmação 4 - editar OS...
2026-06-19 13:23:28,594 - INFO - ⌛ Aguardando confirmação 4 - editar OS...
2026-06-19 13:23:28,715 - INFO - 🟨 Identificado travamento no EQM, reiniciando contador de espera
2026-06-19 13:23:44,067 - INFO - ⌛ Aguardando confirmação 4 - editar OS...
2026-06-19 13:23:59,583 - INFO - 🟨 Janela de confirmação 4 de edição de OS detectada
2026-06-19 13:24:03,686 - INFO - 
=== rotina programar_os ===
2026-06-19 13:24:30,244 - INFO - ⌛ Aguardando janela de confirmação de programação de OS...
2026-06-19 13:24:55,742 - INFO - 🟨 Janela de confirmação de programação de OS detectada
2026-06-19 13:25:08,997 - INFO - 🟨 Janela de aviso de edição de OS programadas detectada
2026-06-19 13:25:16,201 - INFO - ⌛ aguardando janela de programação de lote de OS...
2026-06-19 13:25:41,740 - INFO - 🟨 Janela de aviso de substituição de lote de OS detectada
2026-06-19 13:26:01,843 - INFO - ⌛ aguardando janela de programação de lote de OS...
2026-06-19 13:26:27,373 - INFO - 🟨 Janela de aviso de substituição de lote de OS detectada
2026-06-19 13:26:47,488 - INFO - ⌛ aguardando janela de programação de lote de OS...
2026-06-19 13:27:13,085 - INFO - 🟨 Janela de programação de lote de OS detectada
2026-06-19 13:28:02,636 - INFO - 🟨 Janela de confirmação de programação de lote de OS detectada
2026-06-19 13:28:06,907 - INFO - ⌛ aguardando confirmação final de programação do lote
2026-06-19 13:28:32,453 - INFO - 🟨 programação do lote 11 efetuado com sucesso
2026-06-19 13:28:42,556 - INFO - 
=== Iniciando lote 12/14 [LV] ===
2026-06-19 13:28:42,556 - INFO - 
=== abrir_janela_selecao ===
2026-06-19 13:28:48,861 - INFO - 
=== rotina abrir_selecao_colar_os ===
2026-06-19 13:28:48,909 - INFO - Janela de seleção aberta
2026-06-19 13:28:53,144 - INFO - DEBUG: idx=11, inicio=275, fim=300
2026-06-19 13:28:53,144 - INFO - ✅ 25 OS copiadas para a área de transferência.
2026-06-19 13:28:53,144 - INFO - 📋 Lote 12 copiado.
2026-06-19 13:29:01,472 - INFO - ⌛ Esperando mudança visual...
2026-06-19 13:29:02,492 - INFO - ⌛ Esperando mudança visual...
2026-06-19 13:29:03,504 - INFO - ⌛ Esperando mudança visual...
2026-06-19 13:29:04,519 - INFO - ⌛ Esperando mudança visual...
2026-06-19 13:29:05,536 - INFO - ⌛ Esperando mudança visual...
2026-06-19 13:29:06,552 - INFO - ⌛ Esperando mudança visual...
2026-06-19 13:29:07,566 - INFO - ⌛ Esperando mudança visual...
2026-06-19 13:29:08,583 - INFO - ⌛ Esperando mudança visual...
2026-06-19 13:29:09,599 - INFO - ⌛ Esperando mudança visual...
2026-06-19 13:29:10,615 - INFO - ⌛ Esperando mudança visual...
2026-06-19 13:29:11,630 - INFO - ✅ Tela carregada!
2026-06-19 13:29:15,631 - INFO - 
=== rotina desbloquear_os ===
2026-06-19 13:29:42,112 - INFO - ⌛ Aguardando janela de confirmação de desbloqueio...
2026-06-19 13:29:57,500 - INFO - 🟨 Registros desbloqueados com sucesso
2026-06-19 13:30:01,606 - INFO - 
=== rotina editar_os ===
2026-06-19 13:30:11,019 - INFO - ⌛ Aguardando janela de edição de OS...
2026-06-19 13:30:26,471 - INFO - 🟨 OS programadas detectadas
2026-06-19 13:30:29,576 - INFO - ⌛ Aguardando janela de edição de OS...
2026-06-19 13:30:45,075 - INFO - 🟨 Janela de edição de OS detectada
2026-06-19 13:31:06,442 - INFO - 🟨 Janela de edição de habilidade da turma detectada
2026-06-19 13:32:24,762 - INFO - ⌛ Aguardando detecção do campo de caracteristica 'EQUIPE PRÓPRIA OU EPS' ...
2026-06-19 13:32:44,127 - INFO - 🟨 campo de caracteristica 'EQUIPE PRÓPRIA OU EPS detectado
2026-06-19 13:33:05,912 - INFO - ⌛ Aguardando confirmação 4 - editar OS...
2026-06-19 13:33:21,393 - INFO - ⌛ Aguardando confirmação 4 - editar OS...
2026-06-19 13:33:21,504 - INFO - 🟨 Identificado travamento no EQM, reiniciando contador de espera
2026-06-19 13:33:36,812 - INFO - ⌛ Aguardando confirmação 4 - editar OS...
2026-06-19 13:33:52,241 - INFO - 🟨 Janela de confirmação 4 de edição de OS detectada
2026-06-19 13:33:56,349 - INFO - 
=== rotina programar_os ===
2026-06-19 13:34:22,873 - INFO - ⌛ Aguardando janela de confirmação de programação de OS...
2026-06-19 13:34:48,319 - INFO - 🟨 Janela de confirmação de programação de OS detectada
2026-06-19 13:35:01,614 - INFO - 🟨 Janela de aviso de edição de OS programadas detectada
2026-06-19 13:35:08,818 - INFO - ⌛ aguardando janela de programação de lote de OS...
2026-06-19 13:35:34,341 - INFO - 🟨 Janela de aviso de substituição de lote de OS detectada
2026-06-19 13:35:54,452 - INFO - ⌛ aguardando janela de programação de lote de OS...
2026-06-19 13:36:19,962 - INFO - 🟨 Janela de programação de lote de OS detectada
2026-06-19 13:37:09,463 - INFO - 🟨 Janela de confirmação de programação de lote de OS detectada
2026-06-19 13:37:13,676 - INFO - ⌛ aguardando confirmação final de programação do lote
2026-06-19 13:37:39,113 - INFO - 🟨 programação do lote 12 efetuado com sucesso
2026-06-19 13:37:49,225 - INFO - 
=== Iniciando lote 13/14 [LV] ===
2026-06-19 13:37:49,225 - INFO - 
=== abrir_janela_selecao ===
2026-06-19 13:37:55,531 - INFO - 
=== rotina abrir_selecao_colar_os ===
2026-06-19 13:37:55,587 - INFO - Janela de seleção aberta
2026-06-19 13:37:59,810 - INFO - DEBUG: idx=12, inicio=300, fim=325
2026-06-19 13:37:59,810 - INFO - ✅ 25 OS copiadas para a área de transferência.
2026-06-19 13:37:59,810 - INFO - 📋 Lote 13 copiado.
2026-06-19 13:38:08,139 - INFO - ⌛ Esperando mudança visual...
2026-06-19 13:38:09,154 - INFO - ⌛ Esperando mudança visual...
2026-06-19 13:38:10,166 - INFO - ⌛ Esperando mudança visual...
2026-06-19 13:38:11,185 - INFO - ⌛ Esperando mudança visual...
2026-06-19 13:38:12,199 - INFO - ⌛ Esperando mudança visual...
2026-06-19 13:38:13,213 - INFO - ⌛ Esperando mudança visual...
2026-06-19 13:38:14,232 - INFO - ⌛ Esperando mudança visual...
2026-06-19 13:38:15,249 - INFO - ⌛ Esperando mudança visual...
2026-06-19 13:38:16,260 - INFO - ⌛ Esperando mudança visual...
2026-06-19 13:38:17,279 - INFO - ⌛ Esperando mudança visual...
2026-06-19 13:38:18,295 - INFO - ⌛ Esperando mudança visual...
2026-06-19 13:38:19,307 - INFO - ✅ Tela carregada!
2026-06-19 13:38:23,313 - INFO - 
=== rotina desbloquear_os ===
2026-06-19 13:38:49,769 - INFO - ⌛ Aguardando janela de confirmação de desbloqueio...
2026-06-19 13:39:05,159 - INFO - 🟨 Registros desbloqueados com sucesso
2026-06-19 13:39:09,262 - INFO - 
=== rotina editar_os ===
2026-06-19 13:39:18,665 - INFO - ⌛ Aguardando janela de edição de OS...
2026-06-19 13:39:34,100 - INFO - 🟨 OS programadas detectadas
2026-06-19 13:39:37,205 - INFO - ⌛ Aguardando janela de edição de OS...
2026-06-19 13:39:52,687 - INFO - 🟨 Janela de edição de OS detectada
2026-06-19 13:40:14,054 - INFO - 🟨 Janela de edição de habilidade da turma detectada
2026-06-19 13:41:32,343 - INFO - ⌛ Aguardando detecção do campo de caracteristica 'EQUIPE PRÓPRIA OU EPS' ...
2026-06-19 13:41:51,688 - INFO - 🟨 campo de caracteristica 'EQUIPE PRÓPRIA OU EPS detectado
2026-06-19 13:42:13,487 - INFO - ⌛ Aguardando confirmação 4 - editar OS...
2026-06-19 13:42:28,905 - INFO - ⌛ Aguardando confirmação 4 - editar OS...
2026-06-19 13:42:29,012 - INFO - 🟨 Identificado travamento no EQM, reiniciando contador de espera
2026-06-19 13:42:44,323 - INFO - ⌛ Aguardando confirmação 4 - editar OS...
2026-06-19 13:42:59,758 - INFO - 🟨 Janela de confirmação 4 de edição de OS detectada
2026-06-19 13:43:03,860 - INFO - 
=== rotina programar_os ===
2026-06-19 13:43:30,390 - INFO - ⌛ Aguardando janela de confirmação de programação de OS...
2026-06-19 13:43:55,802 - INFO - 🟨 Janela de confirmação de programação de OS detectada
2026-06-19 13:44:09,055 - INFO - 🟨 Janela de aviso de edição de OS programadas detectada
2026-06-19 13:44:16,259 - INFO - ⌛ aguardando janela de programação de lote de OS...
2026-06-19 13:44:41,756 - INFO - 🟨 Janela de aviso de substituição de lote de OS detectada
2026-06-19 13:45:01,859 - INFO - ⌛ aguardando janela de programação de lote de OS...
2026-06-19 13:45:27,325 - INFO - 🟨 Janela de programação de lote de OS detectada
2026-06-19 13:46:16,830 - INFO - 🟨 Janela de confirmação de programação de lote de OS detectada
2026-06-19 13:46:21,022 - INFO - ⌛ aguardando confirmação final de programação do lote
2026-06-19 13:46:46,463 - INFO - 🟨 programação do lote 13 efetuado com sucesso
2026-06-19 13:46:56,572 - INFO - 
=== Iniciando lote 14/14 [LV] ===
2026-06-19 13:46:56,572 - INFO - 
=== abrir_janela_selecao ===
2026-06-19 13:47:02,879 - INFO - 
=== rotina abrir_selecao_colar_os ===
2026-06-19 13:47:02,928 - INFO - Janela de seleção aberta
2026-06-19 13:47:07,156 - INFO - DEBUG: idx=13, inicio=325, fim=350
2026-06-19 13:47:07,156 - INFO - ✅ 2 OS copiadas para a área de transferência.
2026-06-19 13:47:07,156 - INFO - 📋 Lote 14 copiado.
2026-06-19 13:47:15,485 - INFO - ⌛ Esperando mudança visual...
2026-06-19 13:47:16,500 - INFO - ⌛ Esperando mudança visual...
2026-06-19 13:47:17,512 - INFO - ⌛ Esperando mudança visual...
2026-06-19 13:47:18,532 - INFO - ⌛ Esperando mudança visual...
2026-06-19 13:47:19,548 - INFO - ⌛ Esperando mudança visual...
2026-06-19 13:47:20,558 - INFO - ⌛ Esperando mudança visual...
2026-06-19 13:47:21,578 - INFO - ⌛ Esperando mudança visual...
2026-06-19 13:47:22,590 - INFO - ⌛ Esperando mudança visual...
2026-06-19 13:47:23,610 - INFO - ⌛ Esperando mudança visual...
2026-06-19 13:47:24,624 - INFO - ⌛ Esperando mudança visual...
2026-06-19 13:47:25,639 - INFO - ⌛ Esperando mudança visual...
2026-06-19 13:47:26,655 - INFO - ✅ Tela carregada!
2026-06-19 13:47:30,656 - INFO - 
=== rotina desbloquear_os ===
2026-06-19 13:47:57,138 - INFO - ⌛ Aguardando janela de confirmação de desbloqueio...
2026-06-19 13:48:12,504 - INFO - 🟨 Registros desbloqueados com sucesso
2026-06-19 13:48:16,607 - INFO - 
=== rotina editar_os ===
2026-06-19 13:48:26,016 - INFO - 🟨 OS programadas detectadas
2026-06-19 13:48:29,123 - INFO - ⌛ Aguardando janela de edição de OS...
2026-06-19 13:48:44,558 - INFO - 🟨 Janela de edição de OS detectada
2026-06-19 13:49:05,913 - INFO - 🟨 Janela de edição de habilidade da turma detectada
2026-06-19 13:50:24,203 - INFO - ⌛ Aguardando detecção do campo de caracteristica 'EQUIPE PRÓPRIA OU EPS' ...
2026-06-19 13:50:43,551 - INFO - 🟨 campo de caracteristica 'EQUIPE PRÓPRIA OU EPS detectado
2026-06-19 13:51:05,309 - INFO - ⌛ Aguardando confirmação 4 - editar OS...
2026-06-19 13:51:20,731 - INFO - 🟨 Janela de confirmação 4 de edição de OS detectada
2026-06-19 13:51:24,834 - INFO - 
=== rotina programar_os ===
2026-06-19 13:51:51,363 - INFO - ⌛ Aguardando janela de confirmação de programação de OS...
2026-06-19 13:52:16,792 - INFO - 🟨 Janela de confirmação de programação de OS detectada
2026-06-19 13:52:30,045 - INFO - 🟨 Janela de aviso de edição de OS programadas detectada
2026-06-19 13:52:37,250 - INFO - ⌛ aguardando janela de programação de lote de OS...
2026-06-19 13:53:02,745 - INFO - 🟨 Janela de aviso de substituição de lote de OS detectada
2026-06-19 13:53:22,847 - INFO - ⌛ aguardando janela de programação de lote de OS...
2026-06-19 13:53:48,314 - INFO - 🟨 Janela de programação de lote de OS detectada
2026-06-19 13:54:37,860 - INFO - 🟨 Janela de confirmação de programação de lote de OS detectada
2026-06-19 13:54:42,097 - INFO - ⌛ aguardando confirmação final de programação do lote
2026-06-19 13:55:07,555 - INFO - 🟨 programação do lote 14 efetuado com sucesso
2026-06-19 13:55:17,659 - INFO - 
=== Iniciando lote 1/472 [REDES] ===
2026-06-19 13:55:17,659 - INFO - 
=== abrir_janela_selecao ===
2026-06-19 13:55:23,977 - INFO - 
=== rotina abrir_selecao_colar_os ===
2026-06-19 13:55:24,048 - INFO - Janela de seleção aberta
2026-06-19 13:55:28,294 - INFO - DEBUG: idx=0, inicio=0, fim=25
2026-06-19 13:55:28,294 - INFO - ✅ 25 OS copiadas para a área de transferência.
2026-06-19 13:55:28,294 - INFO - 📋 Lote 1 copiado.
2026-06-19 13:55:36,623 - INFO - ⌛ Esperando mudança visual...
2026-06-19 13:55:37,639 - INFO - ⌛ Esperando mudança visual...
2026-06-19 13:55:38,650 - INFO - ⌛ Esperando mudança visual...
2026-06-19 13:55:39,666 - INFO - ⌛ Esperando mudança visual...
2026-06-19 13:55:40,684 - INFO - ⌛ Esperando mudança visual...
2026-06-19 13:55:41,701 - INFO - ⌛ Esperando mudança visual...
2026-06-19 13:55:42,713 - INFO - ⌛ Esperando mudança visual...
2026-06-19 13:55:43,730 - INFO - ⌛ Esperando mudança visual...
2026-06-19 13:55:44,746 - INFO - ⌛ Esperando mudança visual...
2026-06-19 13:55:45,758 - INFO - ⌛ Esperando mudança visual...
2026-06-19 13:55:46,780 - INFO - ⌛ Esperando mudança visual...
2026-06-19 13:55:47,792 - INFO - ✅ Tela carregada!
2026-06-19 13:55:51,793 - INFO - 
=== rotina desbloquear_os ===
2026-06-19 13:56:18,261 - INFO - ⌛ Aguardando janela de confirmação de desbloqueio...
2026-06-19 13:56:33,634 - INFO - 🟨 Registros desbloqueados com sucesso
2026-06-19 13:56:37,743 - INFO - 
=== rotina editar_os ===
2026-06-19 13:56:47,165 - INFO - ⌛ Aguardando janela de edição de OS...
2026-06-19 13:57:02,596 - INFO - 🟨 OS programadas detectadas
2026-06-19 13:57:05,700 - INFO - ⌛ Aguardando janela de edição de OS...
2026-06-19 13:57:21,141 - INFO - 🟨 Janela de edição de OS detectada
2026-06-19 13:57:42,501 - INFO - 🟨 Janela de edição de habilidade da turma detectada
2026-06-19 13:59:00,807 - INFO - ⌛ Aguardando detecção do campo de caracteristica 'EQUIPE PRÓPRIA OU EPS' ...
2026-06-19 13:59:20,156 - INFO - 🟨 campo de caracteristica 'EQUIPE PRÓPRIA OU EPS detectado
2026-06-19 13:59:41,953 - INFO - ⌛ Aguardando confirmação 4 - editar OS...
2026-06-19 13:59:57,410 - INFO - ⌛ Aguardando confirmação 4 - editar OS...
2026-06-19 13:59:57,552 - INFO - 🟨 Identificado travamento no EQM, reiniciando contador de espera
2026-06-19 14:00:12,895 - INFO - ⌛ Aguardando confirmação 4 - editar OS...
2026-06-19 14:00:28,364 - INFO - ⌛ Aguardando confirmação 4 - editar OS...
2026-06-19 14:00:43,826 - INFO - 🟨 Janela de confirmação 4 de edição de OS detectada
2026-06-19 14:00:47,928 - INFO - 
=== rotina programar_os ===
2026-06-19 14:01:14,472 - INFO - ⌛ Aguardando janela de confirmação de programação de OS...
2026-06-19 14:01:39,902 - INFO - 🟨 Janela de confirmação de programação de OS detectada
2026-06-19 14:01:53,155 - INFO - 🟨 Janela de aviso de edição de OS programadas detectada
2026-06-19 14:02:00,359 - INFO - ⌛ aguardando janela de programação de lote de OS...
2026-06-19 14:02:25,869 - INFO - 🟨 Janela de aviso de substituição de lote de OS detectada
2026-06-19 14:02:45,974 - INFO - ⌛ aguardando janela de programação de lote de OS...
2026-06-19 14:03:11,453 - INFO - 🟨 Janela de programação de lote de OS detectada
2026-06-19 14:04:00,945 - INFO - 🟨 Janela de confirmação de programação de lote de OS detectada
2026-06-19 14:04:05,142 - INFO - ⌛ aguardando confirmação final de programação do lote
2026-06-19 14:04:30,615 - INFO - 🟨 programação do lote 1 efetuado com sucesso
2026-06-19 14:04:40,722 - INFO - 
=== Iniciando lote 2/472 [REDES] ===
2026-06-19 14:04:40,723 - INFO - 
=== abrir_janela_selecao ===
2026-06-19 14:04:47,038 - INFO - 
=== rotina abrir_selecao_colar_os ===
2026-06-19 14:04:47,078 - INFO - Janela de seleção aberta
2026-06-19 14:04:51,303 - INFO - DEBUG: idx=1, inicio=25, fim=50
2026-06-19 14:04:51,303 - INFO - ✅ 25 OS copiadas para a área de transferência.
2026-06-19 14:04:51,303 - INFO - 📋 Lote 2 copiado.
2026-06-19 14:04:59,632 - INFO - ⌛ Esperando mudança visual...
2026-06-19 14:05:00,647 - INFO - ⌛ Esperando mudança visual...
2026-06-19 14:05:01,660 - INFO - ⌛ Esperando mudança visual...
2026-06-19 14:05:02,681 - INFO - ⌛ Esperando mudança visual...
2026-06-19 14:05:03,696 - INFO - ⌛ Esperando mudança visual...
2026-06-19 14:05:04,707 - INFO - ⌛ Esperando mudança visual...
2026-06-19 14:05:05,726 - INFO - ⌛ Esperando mudança visual...
2026-06-19 14:05:06,742 - INFO - ⌛ Esperando mudança visual...
2026-06-19 14:05:07,755 - INFO - ⌛ Esperando mudança visual...
2026-06-19 14:05:08,773 - INFO - ⌛ Esperando mudança visual...
2026-06-19 14:05:09,789 - INFO - ⌛ Esperando mudança visual...
2026-06-19 14:05:10,803 - INFO - ⌛ Esperando mudança visual...
2026-06-19 14:05:11,820 - INFO - ✅ Tela carregada!
2026-06-19 14:05:15,820 - INFO - 
=== rotina desbloquear_os ===
2026-06-19 14:05:42,293 - INFO - ⌛ Aguardando janela de confirmação de desbloqueio...
2026-06-19 14:05:57,726 - INFO - 🟨 Registros desbloqueados com sucesso
2026-06-19 14:06:01,830 - INFO - 
=== rotina editar_os ===
2026-06-19 14:06:11,231 - INFO - ⌛ Aguardando janela de edição de OS...
2026-06-19 14:06:26,702 - INFO - 🟨 OS programadas detectadas
2026-06-19 14:06:29,805 - INFO - ⌛ Aguardando janela de edição de OS...
2026-06-19 14:06:45,263 - INFO - 🟨 Janela de edição de OS detectada
2026-06-19 14:07:06,629 - INFO - 🟨 Janela de edição de habilidade da turma detectada
2026-06-19 14:08:24,934 - INFO - ⌛ Aguardando detecção do campo de caracteristica 'EQUIPE PRÓPRIA OU EPS' ...
2026-06-19 14:08:44,282 - INFO - 🟨 campo de caracteristica 'EQUIPE PRÓPRIA OU EPS detectado
2026-06-19 14:09:06,051 - INFO - ⌛ Aguardando confirmação 4 - editar OS...
2026-06-19 14:09:21,522 - INFO - ⌛ Aguardando confirmação 4 - editar OS...
2026-06-19 14:09:21,655 - INFO - 🟨 Identificado travamento no EQM, reiniciando contador de espera
2026-06-19 14:09:37,040 - INFO - ⌛ Aguardando confirmação 4 - editar OS...
2026-06-19 14:09:52,624 - INFO - 🟨 Janela de confirmação 4 de edição de OS detectada
2026-06-19 14:09:56,726 - INFO - 
=== rotina programar_os ===
2026-06-19 14:10:23,249 - INFO - ⌛ Aguardando janela de confirmação de programação de OS...
2026-06-19 14:10:48,724 - INFO - 🟨 Janela de confirmação de programação de OS detectada
2026-06-19 14:11:01,984 - INFO - 🟨 Janela de aviso de edição de OS programadas detectada
2026-06-19 14:11:09,187 - INFO - ⌛ aguardando janela de programação de lote de OS...
2026-06-19 14:11:34,657 - INFO - 🟨 Janela de aviso de substituição de lote de OS detectada
2026-06-19 14:11:54,771 - INFO - ⌛ aguardando janela de programação de lote de OS...
2026-06-19 14:12:20,250 - INFO - ⌛ aguardando janela de programação de lote de OS...
2026-06-19 14:12:20,487 - INFO - 🟨 Identificado falha no EQM
2026-06-19 14:12:20,487 - INFO - Capturando print...
2026-06-19 14:13:06,053 - INFO - ⌛ Aguardando janela de confirmação de programação de OS...
2026-06-19 14:13:31,506 - INFO - 🟨 Janela de confirmação de programação de OS detectada
2026-06-19 14:13:44,779 - INFO - 🟨 Janela de aviso de edição de OS programadas detectada
2026-06-19 14:13:51,983 - INFO - ⌛ aguardando janela de programação de lote de OS...
2026-06-19 14:14:17,469 - INFO - 🟨 Janela de aviso de substituição de lote de OS detectada
2026-06-19 14:14:37,575 - INFO - ⌛ aguardando janela de programação de lote de OS...
2026-06-19 14:15:03,106 - INFO - 🟨 Janela de programação de lote de OS detectada
2026-06-19 14:15:52,638 - INFO - 🟨 Janela de confirmação de programação de lote de OS detectada
2026-06-19 14:15:56,854 - INFO - ⌛ aguardando confirmação final de programação do lote
2026-06-19 14:16:22,312 - INFO - 🟨 programação do lote 2 efetuado com sucesso
2026-06-19 14:16:32,423 - INFO - 
=== Iniciando lote 3/472 [REDES] ===
2026-06-19 14:16:32,424 - INFO - 
=== abrir_janela_selecao ===
2026-06-19 14:16:38,731 - INFO - 
=== rotina abrir_selecao_colar_os ===
2026-06-19 14:16:38,786 - INFO - Janela de seleção aberta
2026-06-19 14:16:43,021 - INFO - DEBUG: idx=2, inicio=50, fim=75
2026-06-19 14:16:43,021 - INFO - ✅ 25 OS copiadas para a área de transferência.
2026-06-19 14:16:43,021 - INFO - 📋 Lote 3 copiado.
2026-06-19 14:16:51,346 - INFO - ⌛ Esperando mudança visual...
2026-06-19 14:16:52,363 - INFO - ⌛ Esperando mudança visual...
2026-06-19 14:16:53,379 - INFO - ⌛ Esperando mudança visual...
2026-06-19 14:16:54,393 - INFO - ⌛ Esperando mudança visual...
2026-06-19 14:16:55,409 - INFO - ⌛ Esperando mudança visual...
2026-06-19 14:16:56,426 - INFO - ⌛ Esperando mudança visual...
2026-06-19 14:16:57,441 - INFO - ⌛ Esperando mudança visual...
2026-06-19 14:16:58,454 - INFO - ⌛ Esperando mudança visual...
2026-06-19 14:16:59,473 - INFO - ⌛ Esperando mudança visual...
2026-06-19 14:17:00,488 - INFO - ⌛ Esperando mudança visual...
2026-06-19 14:17:01,504 - INFO - ⌛ Esperando mudança visual...
2026-06-19 14:17:02,519 - INFO - ✅ Tela carregada!
2026-06-19 14:17:06,520 - INFO - 
=== rotina desbloquear_os ===
2026-06-19 14:17:32,991 - INFO - ⌛ Aguardando janela de confirmação de desbloqueio...
2026-06-19 14:17:48,393 - INFO - ⌛ Aguardando janela de confirmação de desbloqueio...
2026-06-19 14:18:03,808 - INFO - 🟨 Registros desbloqueados com sucesso
2026-06-19 14:18:07,914 - INFO - 
=== rotina editar_os ===
2026-06-19 14:18:17,317 - INFO - ⌛ Aguardando janela de edição de OS...
2026-06-19 14:18:32,751 - INFO - 🟨 OS programadas detectadas
2026-06-19 14:18:35,862 - INFO - ⌛ Aguardando janela de edição de OS...
2026-06-19 14:18:51,299 - INFO - 🟨 Janela de edição de OS detectada
2026-06-19 14:19:12,665 - INFO - 🟨 Janela de edição de habilidade da turma detectada
2026-06-19 14:20:30,980 - INFO - ⌛ Aguardando detecção do campo de caracteristica 'EQUIPE PRÓPRIA OU EPS' ...
2026-06-19 14:20:50,339 - INFO - 🟨 campo de caracteristica 'EQUIPE PRÓPRIA OU EPS detectado
2026-06-19 14:21:12,128 - INFO - ⌛ Aguardando confirmação 4 - editar OS...
2026-06-19 14:21:27,588 - INFO - ⌛ Aguardando confirmação 4 - editar OS...
2026-06-19 14:21:27,708 - INFO - 🟨 Identificado travamento no EQM, reiniciando contador de espera
2026-06-19 14:21:43,076 - INFO - ⌛ Aguardando confirmação 4 - editar OS...
2026-06-19 14:21:58,566 - INFO - 🟨 Janela de confirmação 4 de edição de OS detectada
2026-06-19 14:22:02,677 - INFO - 
=== rotina programar_os ===
2026-06-19 14:22:29,202 - INFO - ⌛ Aguardando janela de confirmação de programação de OS...
2026-06-19 14:22:54,660 - INFO - 🟨 Janela de confirmação de programação de OS detectada
2026-06-19 14:23:07,967 - INFO - 🟨 Janela de aviso de edição de OS programadas detectada
2026-06-19 14:23:15,171 - INFO - ⌛ aguardando janela de programação de lote de OS...
2026-06-19 14:23:40,648 - INFO - 🟨 Janela de aviso de substituição de lote de OS detectada
2026-06-19 14:24:00,754 - INFO - ⌛ aguardando janela de programação de lote de OS...
2026-06-19 14:24:00,957 - INFO - 🟨 Identificado falha no EQM
2026-06-19 14:24:00,957 - INFO - Capturando print...
2026-06-19 14:24:46,538 - INFO - ⌛ Aguardando janela de confirmação de programação de OS...
2026-06-19 14:25:11,957 - INFO - 🟨 Janela de confirmação de programação de OS detectada
2026-06-19 14:25:25,235 - INFO - 🟨 Janela de aviso de edição de OS programadas detectada
2026-06-19 14:25:32,468 - INFO - ⌛ aguardando janela de programação de lote de OS...
2026-06-19 14:25:57,987 - INFO - 🟨 Janela de aviso de substituição de lote de OS detectada
2026-06-19 14:26:18,105 - INFO - ⌛ aguardando janela de programação de lote de OS...
2026-06-19 14:26:43,617 - INFO - 🟨 Janela de programação de lote de OS detectada
2026-06-19 14:27:33,120 - INFO - 🟨 Janela de confirmação de programação de lote de OS detectada
2026-06-19 14:27:37,334 - INFO - ⌛ aguardando confirmação final de programação do lote
2026-06-19 14:28:02,791 - INFO - 🟨 programação do lote 3 efetuado com sucesso
2026-06-19 14:28:12,896 - INFO - 
=== Iniciando lote 4/472 [REDES] ===
2026-06-19 14:28:12,896 - INFO - 
=== abrir_janela_selecao ===
2026-06-19 14:28:19,202 - INFO - 
=== rotina abrir_selecao_colar_os ===
2026-06-19 14:28:19,257 - INFO - Janela de seleção aberta
2026-06-19 14:28:23,479 - INFO - DEBUG: idx=3, inicio=75, fim=100
2026-06-19 14:28:23,479 - INFO - ✅ 25 OS copiadas para a área de transferência.
2026-06-19 14:28:23,479 - INFO - 📋 Lote 4 copiado.
2026-06-19 14:28:31,806 - INFO - ⌛ Esperando mudança visual...
2026-06-19 14:28:32,823 - INFO - ⌛ Esperando mudança visual...
2026-06-19 14:28:33,838 - INFO - ⌛ Esperando mudança visual...
2026-06-19 14:28:34,853 - INFO - ⌛ Esperando mudança visual...
2026-06-19 14:28:35,869 - INFO - ⌛ Esperando mudança visual...
2026-06-19 14:28:36,886 - INFO - ⌛ Esperando mudança visual...
2026-06-19 14:28:37,897 - INFO - ⌛ Esperando mudança visual...
2026-06-19 14:28:38,916 - INFO - ⌛ Esperando mudança visual...
2026-06-19 14:28:39,932 - INFO - ⌛ Esperando mudança visual...
2026-06-19 14:28:40,943 - INFO - ⌛ Esperando mudança visual...
2026-06-19 14:28:41,963 - INFO - ⌛ Esperando mudança visual...
2026-06-19 14:28:42,980 - INFO - ⌛ Esperando mudança visual...
2026-06-19 14:28:43,991 - INFO - ⌛ Esperando mudança visual...
2026-06-19 14:28:45,010 - INFO - ✅ Tela carregada!
2026-06-19 14:28:49,011 - INFO - 
=== rotina desbloquear_os ===
2026-06-19 14:29:15,488 - INFO - ⌛ Aguardando janela de confirmação de desbloqueio...
2026-06-19 14:29:30,925 - INFO - 🟨 Registros desbloqueados com sucesso
2026-06-19 14:29:35,027 - INFO - 
=== rotina editar_os ===
2026-06-19 14:29:44,444 - INFO - ⌛ Aguardando janela de edição de OS...
2026-06-19 14:29:59,854 - INFO - 🟨 OS programadas detectadas
2026-06-19 14:30:02,961 - INFO - ⌛ Aguardando janela de edição de OS...
2026-06-19 14:30:18,388 - INFO - 🟨 Janela de edição de OS detectada
2026-06-19 14:30:39,749 - INFO - 🟨 Janela de edição de habilidade da turma detectada
2026-06-19 14:31:58,055 - INFO - ⌛ Aguardando detecção do campo de caracteristica 'EQUIPE PRÓPRIA OU EPS' ...
2026-06-19 14:32:17,402 - INFO - 🟨 campo de caracteristica 'EQUIPE PRÓPRIA OU EPS detectado
2026-06-19 14:32:39,162 - INFO - ⌛ Aguardando confirmação 4 - editar OS...
2026-06-19 14:32:54,586 - INFO - ⌛ Aguardando confirmação 4 - editar OS...
2026-06-19 14:32:54,692 - INFO - 🟨 Identificado travamento no EQM, reiniciando contador de espera
2026-06-19 14:33:10,002 - INFO - ⌛ Aguardando confirmação 4 - editar OS...
2026-06-19 14:33:25,450 - INFO - 🟨 Janela de confirmação 4 de edição de OS detectada
2026-06-19 14:33:29,558 - INFO - 
=== rotina programar_os ===
2026-06-19 14:33:56,081 - INFO - ⌛ Aguardando janela de confirmação de programação de OS...
2026-06-19 14:34:21,532 - INFO - 🟨 Janela de confirmação de programação de OS detectada
2026-06-19 14:34:34,793 - INFO - 🟨 Janela de aviso de edição de OS programadas detectada
2026-06-19 14:34:42,025 - INFO - ⌛ aguardando janela de programação de lote de OS...
2026-06-19 14:35:07,594 - INFO - 🟨 Janela de aviso de substituição de lote de OS detectada
2026-06-19 14:35:27,699 - INFO - ⌛ aguardando janela de programação de lote de OS...
2026-06-19 14:35:53,173 - INFO - 🟨 Janela de programação de lote de OS detectada
2026-06-19 14:36:42,676 - INFO - 🟨 Janela de confirmação de programação de lote de OS detectada
2026-06-19 14:36:46,887 - INFO - ⌛ aguardando confirmação final de programação do lote
2026-06-19 14:37:12,348 - INFO - 🟨 programação do lote 4 efetuado com sucesso
2026-06-19 14:37:22,454 - INFO - 
=== Iniciando lote 5/472 [REDES] ===
2026-06-19 14:37:22,454 - INFO - 
=== abrir_janela_selecao ===
2026-06-19 14:37:28,762 - INFO - 
=== rotina abrir_selecao_colar_os ===
2026-06-19 14:37:28,815 - INFO - Janela de seleção aberta
2026-06-19 14:37:33,033 - INFO - DEBUG: idx=4, inicio=100, fim=125
2026-06-19 14:37:33,033 - INFO - ✅ 25 OS copiadas para a área de transferência.
2026-06-19 14:37:33,033 - INFO - 📋 Lote 5 copiado.
2026-06-19 14:37:41,362 - INFO - ⌛ Esperando mudança visual...
2026-06-19 14:37:42,378 - INFO - ⌛ Esperando mudança visual...
2026-06-19 14:37:43,390 - INFO - ⌛ Esperando mudança visual...
2026-06-19 14:37:44,409 - INFO - ⌛ Esperando mudança visual...
2026-06-19 14:37:45,425 - INFO - ⌛ Esperando mudança visual...
2026-06-19 14:37:46,437 - INFO - ⌛ Esperando mudança visual...
2026-06-19 14:37:47,455 - INFO - ⌛ Esperando mudança visual...
2026-06-19 14:37:48,471 - INFO - ⌛ Esperando mudança visual...
2026-06-19 14:37:49,484 - INFO - ⌛ Esperando mudança visual...
2026-06-19 14:37:50,501 - INFO - ⌛ Esperando mudança visual...
2026-06-19 14:37:51,517 - INFO - ⌛ Esperando mudança visual...
2026-06-19 14:37:52,530 - INFO - ✅ Tela carregada!
2026-06-19 14:37:56,535 - INFO - 
=== rotina desbloquear_os ===
2026-06-19 14:38:23,001 - INFO - ⌛ Aguardando janela de confirmação de desbloqueio...
2026-06-19 14:38:38,388 - INFO - 🟨 Registros desbloqueados com sucesso
2026-06-19 14:38:42,498 - INFO - 
=== rotina editar_os ===
2026-06-19 14:38:51,913 - INFO - ⌛ Aguardando janela de edição de OS...
2026-06-19 14:39:07,331 - INFO - 🟨 OS programadas detectadas
2026-06-19 14:39:10,434 - INFO - ⌛ Aguardando janela de edição de OS...
2026-06-19 14:39:25,843 - INFO - 🟨 Janela de edição de OS detectada
2026-06-19 14:39:47,209 - INFO - 🟨 Janela de edição de habilidade da turma detectada
2026-06-19 14:41:05,516 - INFO - ⌛ Aguardando detecção do campo de caracteristica 'EQUIPE PRÓPRIA OU EPS' ...
2026-06-19 14:41:24,880 - INFO - 🟨 campo de caracteristica 'EQUIPE PRÓPRIA OU EPS detectado
2026-06-19 14:41:46,674 - INFO - ⌛ Aguardando confirmação 4 - editar OS...
2026-06-19 14:42:02,111 - INFO - ⌛ Aguardando confirmação 4 - editar OS...
2026-06-19 14:42:02,223 - INFO - 🟨 Identificado travamento no EQM, reiniciando contador de espera
2026-06-19 14:42:17,563 - INFO - ⌛ Aguardando confirmação 4 - editar OS...
2026-06-19 14:42:33,083 - INFO - 🟨 Janela de confirmação 4 de edição de OS detectada
2026-06-19 14:42:37,186 - INFO - 
=== rotina programar_os ===
2026-06-19 14:43:03,736 - INFO - ⌛ Aguardando janela de confirmação de programação de OS...
2026-06-19 14:43:29,215 - INFO - 🟨 Janela de confirmação de programação de OS detectada
2026-06-19 14:43:42,476 - INFO - 🟨 Janela de aviso de edição de OS programadas detectada
2026-06-19 14:43:49,680 - INFO - ⌛ aguardando janela de programação de lote de OS...
2026-06-19 14:44:15,186 - INFO - 🟨 Janela de aviso de substituição de lote de OS detectada
2026-06-19 14:44:35,300 - INFO - ⌛ aguardando janela de programação de lote de OS...
2026-06-19 14:45:00,840 - INFO - 🟨 Janela de programação de lote de OS detectada
2026-06-19 14:45:50,358 - INFO - 🟨 Janela de confirmação de programação de lote de OS detectada
2026-06-19 14:45:54,584 - INFO - ⌛ aguardando confirmação final de programação do lote
2026-06-19 14:46:20,046 - INFO - 🟨 programação do lote 5 efetuado com sucesso
2026-06-19 14:46:30,150 - INFO - 
=== Iniciando lote 6/472 [REDES] ===
2026-06-19 14:46:30,150 - INFO - 
=== abrir_janela_selecao ===
2026-06-19 14:46:36,457 - INFO - 
=== rotina abrir_selecao_colar_os ===
2026-06-19 14:46:36,498 - INFO - Janela de seleção aberta
2026-06-19 14:46:40,731 - INFO - DEBUG: idx=5, inicio=125, fim=150
2026-06-19 14:46:40,731 - INFO - ✅ 25 OS copiadas para a área de transferência.
2026-06-19 14:46:40,741 - INFO - 📋 Lote 6 copiado.
2026-06-19 14:46:49,068 - INFO - ⌛ Esperando mudança visual...
2026-06-19 14:46:50,084 - INFO - ⌛ Esperando mudança visual...
2026-06-19 14:46:51,102 - INFO - ⌛ Esperando mudança visual...
2026-06-19 14:46:52,119 - INFO - ⌛ Esperando mudança visual...
2026-06-19 14:46:53,130 - INFO - ⌛ Esperando mudança visual...
2026-06-19 14:46:54,149 - INFO - ⌛ Esperando mudança visual...
2026-06-19 14:46:55,165 - INFO - ⌛ Esperando mudança visual...
2026-06-19 14:46:56,178 - INFO - ⌛ Esperando mudança visual...
2026-06-19 14:46:57,197 - INFO - ⌛ Esperando mudança visual...
2026-06-19 14:46:58,212 - INFO - ⌛ Esperando mudança visual...
2026-06-19 14:46:59,225 - INFO - ⌛ Esperando mudança visual...
2026-06-19 14:47:00,242 - INFO - ✅ Tela carregada!
2026-06-19 14:47:04,245 - INFO - 
=== rotina desbloquear_os ===
2026-06-19 14:47:30,699 - INFO - ⌛ Aguardando janela de confirmação de desbloqueio...
2026-06-19 14:47:46,132 - INFO - 🟨 Registros desbloqueados com sucesso
2026-06-19 14:47:50,236 - INFO - 
=== rotina editar_os ===
2026-06-19 14:47:59,665 - INFO - ⌛ Aguardando janela de edição de OS...
2026-06-19 14:48:15,148 - INFO - 🟨 OS programadas detectadas
2026-06-19 14:48:18,251 - INFO - ⌛ Aguardando janela de edição de OS...
2026-06-19 14:48:33,736 - INFO - 🟨 Janela de edição de OS detectada
2026-06-19 14:48:55,103 - INFO - 🟨 Janela de edição de habilidade da turma detectada
2026-06-19 14:50:13,410 - INFO - ⌛ Aguardando detecção do campo de caracteristica 'EQUIPE PRÓPRIA OU EPS' ...
2026-06-19 14:50:32,774 - INFO - 🟨 campo de caracteristica 'EQUIPE PRÓPRIA OU EPS detectado
2026-06-19 14:50:54,552 - INFO - ⌛ Aguardando confirmação 4 - editar OS...
2026-06-19 14:51:09,982 - INFO - ⌛ Aguardando confirmação 4 - editar OS...
2026-06-19 14:51:10,098 - INFO - 🟨 Identificado travamento no EQM, reiniciando contador de espera
2026-06-19 14:51:25,411 - INFO - ⌛ Aguardando confirmação 4 - editar OS...
2026-06-19 14:51:40,853 - INFO - 🟨 Janela de confirmação 4 de edição de OS detectada
2026-06-19 14:51:44,961 - INFO - 
=== rotina programar_os ===
2026-06-19 14:52:11,479 - INFO - ⌛ Aguardando janela de confirmação de programação de OS...
2026-06-19 14:52:36,898 - INFO - 🟨 Janela de confirmação de programação de OS detectada
2026-06-19 14:52:50,154 - INFO - 🟨 Janela de aviso de edição de OS programadas detectada
2026-06-19 14:52:57,374 - INFO - ⌛ aguardando janela de programação de lote de OS...
2026-06-19 14:53:22,987 - INFO - 🟨 Janela de aviso de substituição de lote de OS detectada
2026-06-19 14:53:43,095 - INFO - ⌛ aguardando janela de programação de lote de OS...
2026-06-19 14:54:08,589 - INFO - 🟨 Janela de programação de lote de OS detectada
2026-06-19 14:54:58,087 - INFO - 🟨 Janela de confirmação de programação de lote de OS detectada
2026-06-19 14:55:02,308 - INFO - ⌛ aguardando confirmação final de programação do lote
2026-06-19 14:55:27,732 - INFO - 🟨 programação do lote 6 efetuado com sucesso
2026-06-19 14:55:37,836 - INFO - 
=== Iniciando lote 7/472 [REDES] ===
2026-06-19 14:55:37,836 - INFO - 
=== abrir_janela_selecao ===
2026-06-19 14:55:44,163 - INFO - 
=== rotina abrir_selecao_colar_os ===
2026-06-19 14:55:44,215 - INFO - Janela de seleção aberta
2026-06-19 14:55:48,437 - INFO - DEBUG: idx=6, inicio=150, fim=175
2026-06-19 14:55:48,437 - INFO - ✅ 25 OS copiadas para a área de transferência.
2026-06-19 14:55:48,437 - INFO - 📋 Lote 7 copiado.
2026-06-19 14:55:56,767 - INFO - ⌛ Esperando mudança visual...
2026-06-19 14:55:57,778 - INFO - ⌛ Esperando mudança visual...
2026-06-19 14:55:58,796 - INFO - ⌛ Esperando mudança visual...
2026-06-19 14:55:59,813 - INFO - ⌛ Esperando mudança visual...
2026-06-19 14:56:00,825 - INFO - ⌛ Esperando mudança visual...
2026-06-19 14:56:01,845 - INFO - ⌛ Esperando mudança visual...
2026-06-19 14:56:02,860 - INFO - ⌛ Esperando mudança visual...
2026-06-19 14:56:03,872 - INFO - ⌛ Esperando mudança visual...
2026-06-19 14:56:04,888 - INFO - ⌛ Esperando mudança visual...
2026-06-19 14:56:05,907 - INFO - ⌛ Esperando mudança visual...
2026-06-19 14:56:06,922 - INFO - ⌛ Esperando mudança visual...
2026-06-19 14:56:07,935 - INFO - ⌛ Esperando mudança visual...
2026-06-19 14:56:08,952 - INFO - ✅ Tela carregada!
2026-06-19 14:56:12,953 - INFO - 
=== rotina desbloquear_os ===
2026-06-19 14:56:39,452 - INFO - ⌛ Aguardando janela de confirmação de desbloqueio...
2026-06-19 14:56:54,829 - INFO - ⌛ Aguardando janela de confirmação de desbloqueio...
2026-06-19 14:57:10,205 - INFO - 🟨 Registros desbloqueados com sucesso
2026-06-19 14:57:14,325 - INFO - 
=== rotina editar_os ===
2026-06-19 14:57:23,749 - INFO - ⌛ Aguardando janela de edição de OS...
2026-06-19 14:57:39,178 - INFO - 🟨 OS programadas detectadas
2026-06-19 14:57:42,295 - INFO - ⌛ Aguardando janela de edição de OS...
2026-06-19 14:57:57,751 - INFO - 🟨 Janela de edição de OS detectada
2026-06-19 14:58:19,112 - INFO - 🟨 Janela de edição de habilidade da turma detectada
2026-06-19 14:59:37,447 - INFO - ⌛ Aguardando detecção do campo de caracteristica 'EQUIPE PRÓPRIA OU EPS' ...
2026-06-19 14:59:56,799 - INFO - 🟨 campo de caracteristica 'EQUIPE PRÓPRIA OU EPS detectado
2026-06-19 15:00:18,562 - INFO - ⌛ Aguardando confirmação 4 - editar OS...
2026-06-19 15:00:33,976 - INFO - ⌛ Aguardando confirmação 4 - editar OS...
2026-06-19 15:00:34,089 - INFO - 🟨 Identificado travamento no EQM, reiniciando contador de espera
2026-06-19 15:00:49,403 - INFO - ⌛ Aguardando confirmação 4 - editar OS...
2026-06-19 15:01:04,823 - INFO - 🟨 Janela de confirmação 4 de edição de OS detectada
2026-06-19 15:01:08,936 - INFO - 
=== rotina programar_os ===
2026-06-19 15:01:35,448 - INFO - ⌛ Aguardando janela de confirmação de programação de OS...
2026-06-19 15:02:00,939 - INFO - 🟨 Janela de confirmação de programação de OS detectada
2026-06-19 15:02:14,221 - INFO - 🟨 Janela de aviso de edição de OS programadas detectada
2026-06-19 15:02:21,437 - INFO - ⌛ aguardando janela de programação de lote de OS...
2026-06-19 15:02:46,922 - INFO - 🟨 Janela de aviso de substituição de lote de OS detectada
2026-06-19 15:03:07,033 - INFO - ⌛ aguardando janela de programação de lote de OS...
2026-06-19 15:03:32,517 - INFO - 🟨 Janela de programação de lote de OS detectada
2026-06-19 15:04:22,020 - INFO - 🟨 Janela de confirmação de programação de lote de OS detectada
2026-06-19 15:04:26,252 - INFO - ⌛ aguardando confirmação final de programação do lote
2026-06-19 15:04:51,740 - INFO - 🟨 programação do lote 7 efetuado com sucesso
2026-06-19 15:05:01,845 - INFO - 
=== Iniciando lote 8/472 [REDES] ===
2026-06-19 15:05:01,846 - INFO - 
=== abrir_janela_selecao ===
2026-06-19 15:05:08,160 - INFO - 
=== rotina abrir_selecao_colar_os ===
2026-06-19 15:05:08,202 - INFO - Janela de seleção aberta
2026-06-19 15:05:12,427 - INFO - DEBUG: idx=7, inicio=175, fim=200
2026-06-19 15:05:12,427 - INFO - ✅ 25 OS copiadas para a área de transferência.
2026-06-19 15:05:12,427 - INFO - 📋 Lote 8 copiado.
2026-06-19 15:05:20,756 - INFO - ⌛ Esperando mudança visual...
2026-06-19 15:05:21,768 - INFO - ⌛ Esperando mudança visual...
2026-06-19 15:05:22,787 - INFO - ⌛ Esperando mudança visual...
2026-06-19 15:05:23,800 - INFO - ⌛ Esperando mudança visual...
2026-06-19 15:05:24,815 - INFO - ⌛ Esperando mudança visual...
2026-06-19 15:05:25,835 - INFO - ⌛ Esperando mudança visual...
2026-06-19 15:05:26,850 - INFO - ⌛ Esperando mudança visual...
2026-06-19 15:05:27,866 - INFO - ⌛ Esperando mudança visual...
2026-06-19 15:05:28,878 - INFO - ⌛ Esperando mudança visual...
2026-06-19 15:05:29,897 - INFO - ⌛ Esperando mudança visual...
2026-06-19 15:05:30,912 - INFO - ⌛ Esperando mudança visual...
2026-06-19 15:05:31,925 - INFO - ⌛ Esperando mudança visual...
2026-06-19 15:05:32,942 - INFO - ✅ Tela carregada!
2026-06-19 15:05:36,943 - INFO - 
=== rotina desbloquear_os ===
2026-06-19 15:06:03,408 - INFO - ⌛ Aguardando janela de confirmação de desbloqueio...
2026-06-19 15:06:18,775 - INFO - 🟨 Registros desbloqueados com sucesso
2026-06-19 15:06:22,879 - INFO - 
=== rotina editar_os ===
2026-06-19 15:06:32,315 - INFO - ⌛ Aguardando janela de edição de OS...
2026-06-19 15:06:47,771 - INFO - 🟨 OS programadas detectadas
2026-06-19 15:06:50,879 - INFO - ⌛ Aguardando janela de edição de OS...
2026-06-19 15:07:06,357 - INFO - 🟨 Janela de edição de OS detectada
2026-06-19 15:07:27,717 - INFO - 🟨 Janela de edição de habilidade da turma detectada
2026-06-19 15:08:46,023 - INFO - ⌛ Aguardando detecção do campo de caracteristica 'EQUIPE PRÓPRIA OU EPS' ...
2026-06-19 15:09:05,371 - INFO - 🟨 campo de caracteristica 'EQUIPE PRÓPRIA OU EPS detectado
2026-06-19 15:09:27,125 - INFO - ⌛ Aguardando confirmação 4 - editar OS...
2026-06-19 15:09:42,581 - INFO - ⌛ Aguardando confirmação 4 - editar OS...
2026-06-19 15:09:42,695 - INFO - 🟨 Identificado travamento no EQM, reiniciando contador de espera
2026-06-19 15:09:58,060 - INFO - ⌛ Aguardando confirmação 4 - editar OS...
2026-06-19 15:10:13,512 - INFO - 🟨 Janela de confirmação 4 de edição de OS detectada
2026-06-19 15:10:17,614 - INFO - 
=== rotina programar_os ===
2026-06-19 15:10:44,146 - INFO - ⌛ Aguardando janela de confirmação de programação de OS...
2026-06-19 15:11:09,595 - INFO - 🟨 Janela de confirmação de programação de OS detectada
2026-06-19 15:11:22,852 - INFO - 🟨 Janela de aviso de edição de OS programadas detectada
2026-06-19 15:11:30,056 - INFO - ⌛ aguardando janela de programação de lote de OS...
2026-06-19 15:11:55,553 - INFO - 🟨 Janela de aviso de substituição de lote de OS detectada
2026-06-19 15:12:15,655 - INFO - ⌛ aguardando janela de programação de lote de OS...
2026-06-19 15:12:41,117 - INFO - 🟨 Janela de programação de lote de OS detectada
2026-06-19 15:13:30,621 - INFO - 🟨 Janela de confirmação de programação de lote de OS detectada
2026-06-19 15:13:34,857 - INFO - ⌛ aguardando confirmação final de programação do lote
2026-06-19 15:14:00,297 - INFO - 🟨 programação do lote 8 efetuado com sucesso
2026-06-19 15:14:10,401 - INFO - 
=== Iniciando lote 9/472 [REDES] ===
2026-06-19 15:14:10,401 - INFO - 
=== abrir_janela_selecao ===
2026-06-19 15:14:16,709 - INFO - 
=== rotina abrir_selecao_colar_os ===
2026-06-19 15:14:16,757 - INFO - Janela de seleção aberta
2026-06-19 15:14:20,990 - INFO - DEBUG: idx=8, inicio=200, fim=225
2026-06-19 15:14:20,990 - INFO - ✅ 25 OS copiadas para a área de transferência.
2026-06-19 15:14:20,991 - INFO - 📋 Lote 9 copiado.
2026-06-19 15:14:29,310 - INFO - ⌛ Esperando mudança visual...
2026-06-19 15:14:30,329 - INFO - ⌛ Esperando mudança visual...
2026-06-19 15:14:31,343 - INFO - ⌛ Esperando mudança visual...
2026-06-19 15:14:32,360 - INFO - ⌛ Esperando mudança visual...
2026-06-19 15:14:33,373 - INFO - ⌛ Esperando mudança visual...
2026-06-19 15:14:34,391 - INFO - ⌛ Esperando mudança visual...
2026-06-19 15:14:35,408 - INFO - ⌛ Esperando mudança visual...
2026-06-19 15:14:36,420 - INFO - ⌛ Esperando mudança visual...
2026-06-19 15:14:37,437 - INFO - ⌛ Esperando mudança visual...
2026-06-19 15:14:38,455 - INFO - ⌛ Esperando mudança visual...
2026-06-19 15:14:39,467 - INFO - ⌛ Esperando mudança visual...
2026-06-19 15:14:40,486 - INFO - ✅ Tela carregada!
2026-06-19 15:14:44,488 - INFO - 
=== rotina desbloquear_os ===
2026-06-19 15:15:10,945 - INFO - ⌛ Aguardando janela de confirmação de desbloqueio...
2026-06-19 15:15:26,317 - INFO - 🟨 Registros desbloqueados com sucesso
2026-06-19 15:15:30,421 - INFO - 
=== rotina editar_os ===
2026-06-19 15:15:39,824 - INFO - ⌛ Aguardando janela de edição de OS...
2026-06-19 15:15:55,250 - INFO - 🟨 OS programadas detectadas
2026-06-19 15:15:58,354 - INFO - ⌛ Aguardando janela de edição de OS...
2026-06-19 15:16:13,766 - INFO - 🟨 Janela de edição de OS detectada
2026-06-19 15:16:35,123 - INFO - 🟨 Janela de edição de habilidade da turma detectada
2026-06-19 15:17:53,437 - INFO - ⌛ Aguardando detecção do campo de caracteristica 'EQUIPE PRÓPRIA OU EPS' ...
2026-06-19 15:18:12,797 - INFO - 🟨 campo de caracteristica 'EQUIPE PRÓPRIA OU EPS detectado
2026-06-19 15:18:34,561 - INFO - ⌛ Aguardando confirmação 4 - editar OS...
2026-06-19 15:18:49,970 - INFO - ⌛ Aguardando confirmação 4 - editar OS...
2026-06-19 15:19:05,417 - INFO - ⌛ Aguardando confirmação 4 - editar OS...
2026-06-19 15:19:20,845 - INFO - 🟨 Janela de confirmação 4 de edição de OS detectada
2026-06-19 15:19:24,954 - INFO - 
=== rotina programar_os ===
2026-06-19 15:19:51,483 - INFO - ⌛ Aguardando janela de confirmação de programação de OS...
2026-06-19 15:20:16,909 - INFO - 🟨 Janela de confirmação de programação de OS detectada
2026-06-19 15:20:30,166 - INFO - 🟨 Janela de aviso de edição de OS programadas detectada
2026-06-19 15:20:37,369 - INFO - ⌛ aguardando janela de programação de lote de OS...
2026-06-19 15:21:02,845 - INFO - 🟨 Janela de aviso de substituição de lote de OS detectada
2026-06-19 15:21:22,950 - INFO - ⌛ aguardando janela de programação de lote de OS...
2026-06-19 15:21:48,452 - INFO - 🟨 Janela de programação de lote de OS detectada
2026-06-19 15:22:37,955 - INFO - 🟨 Janela de confirmação de programação de lote de OS detectada
2026-06-19 15:22:42,164 - INFO - ⌛ aguardando confirmação final de programação do lote
2026-06-19 15:23:07,591 - INFO - 🟨 programação do lote 9 efetuado com sucesso
2026-06-19 15:23:17,693 - INFO - 
=== Iniciando lote 10/472 [REDES] ===
2026-06-19 15:23:17,695 - INFO - 
=== abrir_janela_selecao ===
2026-06-19 15:23:24,001 - INFO - 
=== rotina abrir_selecao_colar_os ===
2026-06-19 15:23:24,061 - INFO - Janela de seleção aberta
2026-06-19 15:23:28,285 - INFO - DEBUG: idx=9, inicio=225, fim=250
2026-06-19 15:23:28,285 - INFO - ✅ 25 OS copiadas para a área de transferência.
2026-06-19 15:23:28,285 - INFO - 📋 Lote 10 copiado.
2026-06-19 15:23:36,609 - INFO - ⌛ Esperando mudança visual...
2026-06-19 15:23:37,620 - INFO - ⌛ Esperando mudança visual...
2026-06-19 15:23:38,639 - INFO - ⌛ Esperando mudança visual...
2026-06-19 15:23:39,656 - INFO - ⌛ Esperando mudança visual...
2026-06-19 15:23:40,667 - INFO - ⌛ Esperando mudança visual...
2026-06-19 15:23:41,686 - INFO - ⌛ Esperando mudança visual...
2026-06-19 15:23:42,703 - INFO - ⌛ Esperando mudança visual...
2026-06-19 15:23:43,714 - INFO - ⌛ Esperando mudança visual...
2026-06-19 15:23:44,734 - INFO - ⌛ Esperando mudança visual...
2026-06-19 15:23:45,748 - INFO - ⌛ Esperando mudança visual...
2026-06-19 15:23:46,761 - INFO - ✅ Tela carregada!
2026-06-19 15:23:50,767 - INFO - 
=== rotina desbloquear_os ===
2026-06-19 15:24:17,222 - INFO - ⌛ Aguardando janela de confirmação de desbloqueio...
2026-06-19 15:24:32,646 - INFO - 🟨 Registros desbloqueados com sucesso
2026-06-19 15:24:36,750 - INFO - 
=== rotina editar_os ===
2026-06-19 15:24:46,162 - INFO - ⌛ Aguardando janela de edição de OS...
2026-06-19 15:25:01,594 - INFO - 🟨 OS programadas detectadas
2026-06-19 15:25:04,699 - INFO - ⌛ Aguardando janela de edição de OS...
2026-06-19 15:25:20,141 - INFO - 🟨 Janela de edição de OS detectada
2026-06-19 15:25:41,503 - INFO - 🟨 Janela de edição de habilidade da turma detectada
2026-06-19 15:26:59,815 - INFO - ⌛ Aguardando detecção do campo de caracteristica 'EQUIPE PRÓPRIA OU EPS' ...
2026-06-19 15:27:19,180 - INFO - 🟨 campo de caracteristica 'EQUIPE PRÓPRIA OU EPS detectado
2026-06-19 15:27:40,964 - INFO - ⌛ Aguardando confirmação 4 - editar OS...
2026-06-19 15:27:56,420 - INFO - ⌛ Aguardando confirmação 4 - editar OS...
2026-06-19 15:27:56,538 - INFO - 🟨 Identificado travamento no EQM, reiniciando contador de espera
2026-06-19 15:28:11,901 - INFO - ⌛ Aguardando confirmação 4 - editar OS...
2026-06-19 15:28:27,373 - INFO - 🟨 Janela de confirmação 4 de edição de OS detectada
2026-06-19 15:28:31,484 - INFO - 
=== rotina programar_os ===
2026-06-19 15:28:57,999 - INFO - ⌛ Aguardando janela de confirmação de programação de OS...
2026-06-19 15:29:23,439 - INFO - 🟨 Janela de confirmação de programação de OS detectada
2026-06-19 15:29:36,742 - INFO - 🟨 Janela de aviso de edição de OS programadas detectada
2026-06-19 15:29:43,946 - INFO - ⌛ aguardando janela de programação de lote de OS...
2026-06-19 15:30:09,443 - INFO - 🟨 Janela de aviso de substituição de lote de OS detectada
2026-06-19 15:30:29,546 - INFO - ⌛ aguardando janela de programação de lote de OS...
2026-06-19 15:30:55,053 - INFO - 🟨 Janela de aviso de substituição de lote de OS detectada
2026-06-19 15:31:15,155 - INFO - ⌛ aguardando janela de programação de lote de OS...
2026-06-19 15:31:40,662 - INFO - 🟨 Janela de programação de lote de OS detectada
2026-06-19 15:32:30,241 - INFO - 🟨 Janela de confirmação de programação de lote de OS detectada
2026-06-19 15:32:34,450 - INFO - ⌛ aguardando confirmação final de programação do lote
2026-06-19 15:32:59,875 - INFO - 🟨 programação do lote 10 efetuado com sucesso
2026-06-19 15:33:09,979 - INFO - 
=== Iniciando lote 11/472 [REDES] ===
2026-06-19 15:33:09,980 - INFO - 
=== abrir_janela_selecao ===
2026-06-19 15:33:16,287 - INFO - 
=== rotina abrir_selecao_colar_os ===
2026-06-19 15:33:16,344 - INFO - Janela de seleção aberta
2026-06-19 15:33:20,568 - INFO - DEBUG: idx=10, inicio=250, fim=275
2026-06-19 15:33:20,568 - INFO - ✅ 25 OS copiadas para a área de transferência.
2026-06-19 15:33:20,568 - INFO - 📋 Lote 11 copiado.
2026-06-19 15:33:28,893 - INFO - ⌛ Esperando mudança visual...
2026-06-19 15:33:29,904 - INFO - ⌛ Esperando mudança visual...
2026-06-19 15:33:30,924 - INFO - ⌛ Esperando mudança visual...
2026-06-19 15:33:31,940 - INFO - ⌛ Esperando mudança visual...
2026-06-19 15:33:32,956 - INFO - ⌛ Esperando mudança visual...
2026-06-19 15:33:33,967 - INFO - ⌛ Esperando mudança visual...
2026-06-19 15:33:34,987 - INFO - ⌛ Esperando mudança visual...
2026-06-19 15:33:36,003 - INFO - ⌛ Esperando mudança visual...
2026-06-19 15:33:37,015 - INFO - ⌛ Esperando mudança visual...
2026-06-19 15:33:38,034 - INFO - ⌛ Esperando mudança visual...
2026-06-19 15:33:39,049 - INFO - ⌛ Esperando mudança visual...
2026-06-19 15:33:40,061 - INFO - ✅ Tela carregada!
2026-06-19 15:33:44,068 - INFO - 
=== rotina desbloquear_os ===
2026-06-19 15:34:10,515 - INFO - ⌛ Aguardando janela de confirmação de desbloqueio...
2026-06-19 15:34:25,914 - INFO - ⌛ Aguardando janela de confirmação de desbloqueio...
2026-06-19 15:34:41,301 - INFO - 🟨 Registros desbloqueados com sucesso
2026-06-19 15:34:45,420 - INFO - 
=== rotina editar_os ===
2026-06-19 15:34:54,830 - INFO - ⌛ Aguardando janela de edição de OS...
2026-06-19 15:35:10,254 - INFO - 🟨 OS programadas detectadas
2026-06-19 15:35:13,357 - INFO - ⌛ Aguardando janela de edição de OS...
2026-06-19 15:35:28,837 - INFO - 🟨 Janela de edição de OS detectada
2026-06-19 15:35:50,191 - INFO - 🟨 Janela de edição de habilidade da turma detectada
2026-06-19 15:37:08,490 - INFO - ⌛ Aguardando detecção do campo de caracteristica 'EQUIPE PRÓPRIA OU EPS' ...
2026-06-19 15:37:27,843 - INFO - 🟨 campo de caracteristica 'EQUIPE PRÓPRIA OU EPS detectado
2026-06-19 15:37:49,609 - INFO - ⌛ Aguardando confirmação 4 - editar OS...
2026-06-19 15:38:05,022 - INFO - ⌛ Aguardando confirmação 4 - editar OS...
2026-06-19 15:38:05,139 - INFO - 🟨 Identificado travamento no EQM, reiniciando contador de espera
2026-06-19 15:38:20,447 - INFO - ⌛ Aguardando confirmação 4 - editar OS...
2026-06-19 15:38:35,898 - INFO - ⌛ Aguardando confirmação 4 - editar OS...
2026-06-19 15:38:51,310 - INFO - 🟨 Janela de confirmação 4 de edição de OS detectada
2026-06-19 15:38:55,419 - INFO - 
=== rotina programar_os ===
2026-06-19 15:39:21,954 - INFO - ⌛ Aguardando janela de confirmação de programação de OS...
2026-06-19 15:39:47,360 - INFO - 🟨 Janela de confirmação de programação de OS detectada
2026-06-19 15:40:00,604 - INFO - 🟨 Janela de aviso de edição de OS programadas detectada
2026-06-19 15:40:07,820 - INFO - ⌛ aguardando janela de programação de lote de OS...
2026-06-19 15:40:33,310 - INFO - 🟨 Janela de aviso de substituição de lote de OS detectada
2026-06-19 15:40:53,416 - INFO - ⌛ aguardando janela de programação de lote de OS...
2026-06-19 15:41:18,911 - INFO - 🟨 Janela de programação de lote de OS detectada
2026-06-19 15:42:08,443 - INFO - 🟨 Janela de confirmação de programação de lote de OS detectada
2026-06-19 15:42:12,658 - INFO - ⌛ aguardando confirmação final de programação do lote
2026-06-19 15:42:38,163 - INFO - 🟨 programação do lote 11 efetuado com sucesso
2026-06-19 15:42:48,267 - INFO - 
=== Iniciando lote 12/472 [REDES] ===
2026-06-19 15:42:48,267 - INFO - 
=== abrir_janela_selecao ===
2026-06-19 15:42:54,575 - INFO - 
=== rotina abrir_selecao_colar_os ===
2026-06-19 15:42:54,617 - INFO - Janela de seleção aberta
2026-06-19 15:42:58,846 - INFO - DEBUG: idx=11, inicio=275, fim=300
2026-06-19 15:42:58,846 - INFO - ✅ 25 OS copiadas para a área de transferência.
2026-06-19 15:42:58,846 - INFO - 📋 Lote 12 copiado.
2026-06-19 15:43:07,173 - INFO - ⌛ Esperando mudança visual...
2026-06-19 15:43:08,190 - INFO - ⌛ Esperando mudança visual...
2026-06-19 15:43:09,202 - INFO - ⌛ Esperando mudança visual...
2026-06-19 15:43:10,218 - INFO - ⌛ Esperando mudança visual...
2026-06-19 15:43:11,235 - INFO - ⌛ Esperando mudança visual...
2026-06-19 15:43:12,253 - INFO - ⌛ Esperando mudança visual...
2026-06-19 15:43:13,265 - INFO - ⌛ Esperando mudança visual...
2026-06-19 15:43:14,284 - INFO - ⌛ Esperando mudança visual...
2026-06-19 15:43:15,299 - INFO - ⌛ Esperando mudança visual...
2026-06-19 15:43:16,311 - INFO - ⌛ Esperando mudança visual...
2026-06-19 15:43:17,331 - INFO - ⌛ Esperando mudança visual...
2026-06-19 15:43:18,347 - INFO - ⌛ Esperando mudança visual...
2026-06-19 15:43:19,362 - INFO - ⌛ Esperando mudança visual...
2026-06-19 15:43:20,379 - INFO - ✅ Tela carregada!
2026-06-19 15:43:24,380 - INFO - 
=== rotina desbloquear_os ===
2026-06-19 15:43:50,837 - INFO - ⌛ Aguardando janela de confirmação de desbloqueio...
2026-06-19 15:44:06,209 - INFO - ⌛ Aguardando janela de confirmação de desbloqueio...
2026-06-19 15:44:21,611 - INFO - 🟨 Registros desbloqueados com sucesso
2026-06-19 15:44:25,715 - INFO - 
=== rotina editar_os ===
2026-06-19 15:44:35,141 - INFO - ⌛ Aguardando janela de edição de OS...
2026-06-19 15:44:50,580 - INFO - 🟨 OS programadas detectadas
2026-06-19 15:44:53,682 - INFO - ⌛ Aguardando janela de edição de OS...
2026-06-19 15:45:09,090 - INFO - 🟨 Janela de edição de OS detectada
2026-06-19 15:45:30,456 - INFO - 🟨 Janela de edição de habilidade da turma detectada
2026-06-19 15:46:48,762 - INFO - ⌛ Aguardando detecção do campo de caracteristica 'EQUIPE PRÓPRIA OU EPS' ...
2026-06-19 15:47:08,108 - INFO - 🟨 campo de caracteristica 'EQUIPE PRÓPRIA OU EPS detectado
2026-06-19 15:47:29,885 - INFO - ⌛ Aguardando confirmação 4 - editar OS...
2026-06-19 15:47:45,344 - INFO - ⌛ Aguardando confirmação 4 - editar OS...
2026-06-19 15:48:00,766 - INFO - ⌛ Aguardando confirmação 4 - editar OS...
2026-06-19 15:48:16,213 - INFO - 🟨 Janela de confirmação 4 de edição de OS detectada
2026-06-19 15:48:20,315 - INFO - 
=== rotina programar_os ===
2026-06-19 15:48:46,830 - INFO - ⌛ Aguardando janela de confirmação de programação de OS...
2026-06-19 15:49:12,263 - INFO - 🟨 Janela de confirmação de programação de OS detectada
2026-06-19 15:49:25,516 - INFO - 🟨 Janela de aviso de edição de OS programadas detectada
2026-06-19 15:49:32,732 - INFO - ⌛ aguardando janela de programação de lote de OS...
2026-06-19 15:49:58,222 - INFO - 🟨 Janela de aviso de substituição de lote de OS detectada
2026-06-19 15:50:18,329 - INFO - ⌛ aguardando janela de programação de lote de OS...
2026-06-19 15:50:43,856 - INFO - 🟨 Janela de programação de lote de OS detectada
2026-06-19 15:51:33,391 - INFO - 🟨 Janela de confirmação de programação de lote de OS detectada
2026-06-19 15:51:37,608 - INFO - ⌛ aguardando confirmação final de programação do lote
2026-06-19 15:52:03,090 - INFO - 🟨 programação do lote 12 efetuado com sucesso
2026-06-19 15:52:13,196 - INFO - 
=== Iniciando lote 13/472 [REDES] ===
2026-06-19 15:52:13,197 - INFO - 
=== abrir_janela_selecao ===
2026-06-19 15:52:19,503 - INFO - 
=== rotina abrir_selecao_colar_os ===
2026-06-19 15:52:19,559 - INFO - Janela de seleção aberta
2026-06-19 15:52:23,779 - INFO - DEBUG: idx=12, inicio=300, fim=325
2026-06-19 15:52:23,779 - INFO - ✅ 25 OS copiadas para a área de transferência.
2026-06-19 15:52:23,779 - INFO - 📋 Lote 13 copiado.
2026-06-19 15:52:32,104 - INFO - ⌛ Esperando mudança visual...
2026-06-19 15:52:33,116 - INFO - ⌛ Esperando mudança visual...
2026-06-19 15:52:34,135 - INFO - ⌛ Esperando mudança visual...
2026-06-19 15:52:35,147 - INFO - ⌛ Esperando mudança visual...
2026-06-19 15:52:36,163 - INFO - ⌛ Esperando mudança visual...
2026-06-19 15:52:37,182 - INFO - ⌛ Esperando mudança visual...
2026-06-19 15:52:38,197 - INFO - ⌛ Esperando mudança visual...
2026-06-19 15:52:39,210 - INFO - ⌛ Esperando mudança visual...
2026-06-19 15:52:40,228 - INFO - ⌛ Esperando mudança visual...
2026-06-19 15:52:41,245 - INFO - ⌛ Esperando mudança visual...
2026-06-19 15:52:42,256 - INFO - ⌛ Esperando mudança visual...
2026-06-19 15:52:43,275 - INFO - ⌛ Esperando mudança visual...
2026-06-19 15:52:44,289 - INFO - ⌛ Esperando mudança visual...
2026-06-19 15:52:45,304 - INFO - ⌛ Esperando mudança visual...
2026-06-19 15:52:46,323 - INFO - ⌛ Esperando mudança visual...
2026-06-19 15:52:47,335 - INFO - ✅ Tela carregada!
2026-06-19 15:52:51,340 - INFO - 
=== rotina desbloquear_os ===
2026-06-19 15:53:17,812 - INFO - ⌛ Aguardando janela de confirmação de desbloqueio...
2026-06-19 15:53:33,258 - INFO - 🟨 Registros desbloqueados com sucesso
2026-06-19 15:53:37,364 - INFO - 
=== rotina editar_os ===
2026-06-19 15:53:46,775 - INFO - ⌛ Aguardando janela de edição de OS...
2026-06-19 15:54:02,204 - INFO - 🟨 OS programadas detectadas
2026-06-19 15:54:05,307 - INFO - ⌛ Aguardando janela de edição de OS...
2026-06-19 15:54:20,732 - INFO - 🟨 Janela de edição de OS detectada
2026-06-19 15:54:42,099 - INFO - 🟨 Janela de edição de habilidade da turma detectada
2026-06-19 15:56:00,406 - INFO - ⌛ Aguardando detecção do campo de caracteristica 'EQUIPE PRÓPRIA OU EPS' ...
2026-06-19 15:56:19,767 - INFO - 🟨 campo de caracteristica 'EQUIPE PRÓPRIA OU EPS detectado
2026-06-19 15:56:41,548 - INFO - ⌛ Aguardando confirmação 4 - editar OS...
2026-06-19 15:56:57,009 - INFO - ⌛ Aguardando confirmação 4 - editar OS...
2026-06-19 15:56:57,124 - INFO - 🟨 Identificado travamento no EQM, reiniciando contador de espera
2026-06-19 15:57:12,435 - INFO - ⌛ Aguardando confirmação 4 - editar OS...
2026-06-19 15:57:27,864 - INFO - 🟨 Janela de confirmação 4 de edição de OS detectada
2026-06-19 15:57:31,973 - INFO - 
=== rotina programar_os ===
2026-06-19 15:57:58,485 - INFO - ⌛ Aguardando janela de confirmação de programação de OS...
2026-06-19 15:58:23,909 - INFO - 🟨 Janela de confirmação de programação de OS detectada
2026-06-19 15:58:37,159 - INFO - 🟨 Janela de aviso de edição de OS programadas detectada
2026-06-19 15:58:44,373 - INFO - ⌛ aguardando janela de programação de lote de OS...
2026-06-19 15:59:09,864 - INFO - 🟨 Janela de aviso de substituição de lote de OS detectada
2026-06-19 15:59:29,972 - INFO - ⌛ aguardando janela de programação de lote de OS...
2026-06-19 15:59:55,478 - INFO - 🟨 Janela de programação de lote de OS detectada
2026-06-19 16:00:44,975 - INFO - 🟨 Janela de confirmação de programação de lote de OS detectada
2026-06-19 16:00:49,163 - INFO - ⌛ aguardando confirmação final de programação do lote
2026-06-19 16:01:14,632 - INFO - 🟨 programação do lote 13 efetuado com sucesso
2026-06-19 16:01:24,736 - INFO - 
=== Iniciando lote 14/472 [REDES] ===
2026-06-19 16:01:24,737 - INFO - 
=== abrir_janela_selecao ===
2026-06-19 16:01:31,044 - INFO - 
=== rotina abrir_selecao_colar_os ===
2026-06-19 16:01:31,101 - INFO - Janela de seleção aberta
2026-06-19 16:01:35,322 - INFO - DEBUG: idx=13, inicio=325, fim=350
2026-06-19 16:01:35,322 - INFO - ✅ 25 OS copiadas para a área de transferência.
2026-06-19 16:01:35,322 - INFO - 📋 Lote 14 copiado.
2026-06-19 16:01:43,643 - INFO - ⌛ Esperando mudança visual...
2026-06-19 16:01:44,662 - INFO - ⌛ Esperando mudança visual...
2026-06-19 16:01:45,677 - INFO - ⌛ Esperando mudança visual...
2026-06-19 16:01:46,690 - INFO - ⌛ Esperando mudança visual...
2026-06-19 16:01:47,705 - INFO - ⌛ Esperando mudança visual...
2026-06-19 16:01:48,723 - INFO - ⌛ Esperando mudança visual...
2026-06-19 16:01:49,739 - INFO - ⌛ Esperando mudança visual...
2026-06-19 16:01:50,752 - INFO - ⌛ Esperando mudança visual...
2026-06-19 16:01:51,769 - INFO - ⌛ Esperando mudança visual...
2026-06-19 16:01:52,785 - INFO - ⌛ Esperando mudança visual...
2026-06-19 16:01:53,802 - INFO - ⌛ Esperando mudança visual...
2026-06-19 16:01:54,819 - INFO - ✅ Tela carregada!
2026-06-19 16:01:58,820 - INFO - 
=== rotina desbloquear_os ===
2026-06-19 16:02:25,276 - INFO - ⌛ Aguardando janela de confirmação de desbloqueio...
2026-06-19 16:02:40,685 - INFO - 🟨 Registros desbloqueados com sucesso
2026-06-19 16:02:44,788 - INFO - 
=== rotina editar_os ===
2026-06-19 16:02:54,198 - INFO - ⌛ Aguardando janela de edição de OS...
2026-06-19 16:03:09,633 - INFO - 🟨 OS programadas detectadas
2026-06-19 16:03:12,735 - INFO - ⌛ Aguardando janela de edição de OS...
2026-06-19 16:03:28,150 - INFO - 🟨 Janela de edição de OS detectada
2026-06-19 16:03:49,502 - INFO - 🟨 Janela de edição de habilidade da turma detectada
2026-06-19 16:05:07,808 - INFO - ⌛ Aguardando detecção do campo de caracteristica 'EQUIPE PRÓPRIA OU EPS' ...
2026-06-19 16:05:27,181 - INFO - 🟨 campo de caracteristica 'EQUIPE PRÓPRIA OU EPS detectado
2026-06-19 16:05:48,943 - INFO - ⌛ Aguardando confirmação 4 - editar OS...
2026-06-19 16:06:04,357 - INFO - ⌛ Aguardando confirmação 4 - editar OS...
2026-06-19 16:06:04,473 - INFO - 🟨 Identificado travamento no EQM, reiniciando contador de espera
2026-06-19 16:06:19,799 - INFO - ⌛ Aguardando confirmação 4 - editar OS...
2026-06-19 16:06:35,205 - INFO - 🟨 Janela de confirmação 4 de edição de OS detectada
2026-06-19 16:06:39,317 - INFO - 
=== rotina programar_os ===
2026-06-19 16:07:05,850 - INFO - ⌛ Aguardando janela de confirmação de programação de OS...
2026-06-19 16:07:31,273 - INFO - 🟨 Janela de confirmação de programação de OS detectada
2026-06-19 16:07:44,523 - INFO - 🟨 Janela de aviso de edição de OS programadas detectada
2026-06-19 16:07:51,750 - INFO - ⌛ aguardando janela de programação de lote de OS...
2026-06-19 16:08:17,271 - INFO - 🟨 Janela de aviso de substituição de lote de OS detectada
2026-06-19 16:08:37,373 - INFO - ⌛ aguardando janela de programação de lote de OS...
2026-06-19 16:09:02,876 - INFO - 🟨 Janela de programação de lote de OS detectada
2026-06-19 16:09:52,400 - INFO - 🟨 Janela de confirmação de programação de lote de OS detectada
2026-06-19 16:09:56,622 - INFO - ⌛ aguardando confirmação final de programação do lote
2026-06-19 16:10:22,107 - INFO - 🟨 programação do lote 14 efetuado com sucesso
2026-06-19 16:10:32,212 - INFO - 
=== Iniciando lote 15/472 [REDES] ===
2026-06-19 16:10:32,214 - INFO - 
=== abrir_janela_selecao ===
2026-06-19 16:10:38,519 - INFO - 
=== rotina abrir_selecao_colar_os ===
2026-06-19 16:10:38,562 - INFO - Janela de seleção aberta
2026-06-19 16:10:42,787 - INFO - DEBUG: idx=14, inicio=350, fim=375
2026-06-19 16:10:42,787 - INFO - ✅ 25 OS copiadas para a área de transferência.
2026-06-19 16:10:42,787 - INFO - 📋 Lote 15 copiado.
2026-06-19 16:10:51,115 - INFO - ⌛ Esperando mudança visual...
2026-06-19 16:10:52,130 - INFO - ⌛ Esperando mudança visual...
2026-06-19 16:10:53,142 - INFO - ⌛ Esperando mudança visual...
2026-06-19 16:10:54,159 - INFO - ⌛ Esperando mudança visual...
2026-06-19 16:10:55,177 - INFO - ⌛ Esperando mudança visual...
2026-06-19 16:10:56,189 - INFO - ⌛ Esperando mudança visual...
2026-06-19 16:10:57,207 - INFO - ⌛ Esperando mudança visual...
2026-06-19 16:10:58,224 - INFO - ⌛ Esperando mudança visual...
2026-06-19 16:10:59,237 - INFO - ⌛ Esperando mudança visual...
2026-06-19 16:11:00,251 - INFO - ⌛ Esperando mudança visual...
2026-06-19 16:11:01,268 - INFO - ⌛ Esperando mudança visual...
2026-06-19 16:11:02,284 - INFO - ⌛ Esperando mudança visual...
2026-06-19 16:11:03,298 - INFO - ⌛ Esperando mudança visual...
2026-06-19 16:11:04,318 - INFO - ⌛ Esperando mudança visual...
2026-06-19 16:11:05,333 - INFO - ⌛ Esperando mudança visual...
2026-06-19 16:11:06,345 - INFO - ⌛ Esperando mudança visual...
2026-06-19 16:11:07,365 - INFO - ⌛ Esperando mudança visual...
2026-06-19 16:11:08,379 - INFO - ⌛ Esperando mudança visual...
2026-06-19 16:11:09,393 - INFO - ⌛ Esperando mudança visual...
2026-06-19 16:11:10,409 - INFO - ⌛ Esperando mudança visual...
2026-06-19 16:11:11,425 - INFO - ⌛ Esperando mudança visual...
2026-06-19 16:11:12,439 - INFO - ⌛ Esperando mudança visual...
2026-06-19 16:11:13,457 - INFO - ⌛ Esperando mudança visual...
2026-06-19 16:11:14,473 - INFO - ✅ Tela carregada!
2026-06-19 16:11:18,475 - INFO - 
=== rotina desbloquear_os ===
2026-06-19 16:11:44,939 - INFO - ⌛ Aguardando janela de confirmação de desbloqueio...
2026-06-19 16:12:00,342 - INFO - 🟨 Registros desbloqueados com sucesso
2026-06-19 16:12:04,446 - INFO - 
=== rotina editar_os ===
2026-06-19 16:12:13,848 - INFO - ⌛ Aguardando janela de edição de OS...
2026-06-19 16:12:29,302 - INFO - 🟨 OS programadas detectadas
2026-06-19 16:12:32,405 - INFO - ⌛ Aguardando janela de edição de OS...
2026-06-19 16:12:47,867 - INFO - 🟨 Janela de edição de OS detectada
2026-06-19 16:13:09,226 - INFO - 🟨 Janela de edição de habilidade da turma detectada
2026-06-19 16:14:27,540 - INFO - ⌛ Aguardando detecção do campo de caracteristica 'EQUIPE PRÓPRIA OU EPS' ...
2026-06-19 16:14:46,894 - INFO - 🟨 campo de caracteristica 'EQUIPE PRÓPRIA OU EPS detectado
2026-06-19 16:15:08,684 - INFO - ⌛ Aguardando confirmação 4 - editar OS...
2026-06-19 16:15:24,112 - INFO - ⌛ Aguardando confirmação 4 - editar OS...
2026-06-19 16:15:24,223 - INFO - 🟨 Identificado travamento no EQM, reiniciando contador de espera
2026-06-19 16:15:39,532 - INFO - ⌛ Aguardando confirmação 4 - editar OS...
2026-06-19 16:15:54,958 - INFO - 🟨 Janela de confirmação 4 de edição de OS detectada
2026-06-19 16:15:59,065 - INFO - 
=== rotina programar_os ===
2026-06-19 16:16:25,590 - INFO - ⌛ Aguardando janela de confirmação de programação de OS...
2026-06-19 16:16:51,023 - INFO - 🟨 Janela de confirmação de programação de OS detectada
2026-06-19 16:17:04,275 - INFO - 🟨 Janela de aviso de edição de OS programadas detectada
2026-06-19 16:17:11,480 - INFO - ⌛ aguardando janela de programação de lote de OS...
2026-06-19 16:17:36,976 - INFO - 🟨 Janela de aviso de substituição de lote de OS detectada
2026-06-19 16:17:57,078 - INFO - ⌛ aguardando janela de programação de lote de OS...
2026-06-19 16:18:22,562 - INFO - 🟨 Janela de programação de lote de OS detectada
2026-06-19 16:19:12,081 - INFO - 🟨 Janela de confirmação de programação de lote de OS detectada
2026-06-19 16:19:16,277 - INFO - ⌛ aguardando confirmação final de programação do lote
2026-06-19 16:19:41,702 - INFO - 🟨 programação do lote 15 efetuado com sucesso
2026-06-19 16:19:51,805 - INFO - 
=== Iniciando lote 16/472 [REDES] ===
2026-06-19 16:19:51,806 - INFO - 
=== abrir_janela_selecao ===
2026-06-19 16:19:58,112 - INFO - 
=== rotina abrir_selecao_colar_os ===
2026-06-19 16:19:58,162 - INFO - Janela de seleção aberta
2026-06-19 16:20:02,389 - INFO - DEBUG: idx=15, inicio=375, fim=400
2026-06-19 16:20:02,390 - INFO - ✅ 25 OS copiadas para a área de transferência.
2026-06-19 16:20:02,390 - INFO - 📋 Lote 16 copiado.
2026-06-19 16:20:10,719 - INFO - ⌛ Esperando mudança visual...
2026-06-19 16:20:11,729 - INFO - ⌛ Esperando mudança visual...
2026-06-19 16:20:12,750 - INFO - ⌛ Esperando mudança visual...
2026-06-19 16:20:13,766 - INFO - ⌛ Esperando mudança visual...
2026-06-19 16:20:14,777 - INFO - ⌛ Esperando mudança visual...
2026-06-19 16:20:15,796 - INFO - ⌛ Esperando mudança visual...
2026-06-19 16:20:16,809 - INFO - ⌛ Esperando mudança visual...
2026-06-19 16:20:17,824 - INFO - ⌛ Esperando mudança visual...
2026-06-19 16:20:18,843 - INFO - ⌛ Esperando mudança visual...
2026-06-19 16:20:19,859 - INFO - ⌛ Esperando mudança visual...
2026-06-19 16:20:20,875 - INFO - ⌛ Esperando mudança visual...
2026-06-19 16:20:21,892 - INFO - ⌛ Esperando mudança visual...
2026-06-19 16:20:22,904 - INFO - ⌛ Esperando mudança visual...
2026-06-19 16:20:23,921 - INFO - ✅ Tela carregada!
2026-06-19 16:20:27,923 - INFO - 
=== rotina desbloquear_os ===
2026-06-19 16:20:54,382 - INFO - ⌛ Aguardando janela de confirmação de desbloqueio...
2026-06-19 16:21:09,754 - INFO - ⌛ Aguardando janela de confirmação de desbloqueio...
2026-06-19 16:21:25,122 - INFO - 🟨 Registros desbloqueados com sucesso
2026-06-19 16:21:29,241 - INFO - 
=== rotina editar_os ===
2026-06-19 16:21:38,649 - INFO - ⌛ Aguardando janela de edição de OS...
2026-06-19 16:21:54,083 - INFO - 🟨 OS programadas detectadas
2026-06-19 16:21:57,191 - INFO - ⌛ Aguardando janela de edição de OS...
2026-06-19 16:22:12,631 - INFO - 🟨 Janela de edição de OS detectada
2026-06-19 16:22:34,009 - INFO - 🟨 Janela de edição de habilidade da turma detectada
2026-06-19 16:23:52,302 - INFO - ⌛ Aguardando detecção do campo de caracteristica 'EQUIPE PRÓPRIA OU EPS' ...
2026-06-19 16:24:11,667 - INFO - 🟨 campo de caracteristica 'EQUIPE PRÓPRIA OU EPS detectado
2026-06-19 16:24:33,424 - INFO - ⌛ Aguardando confirmação 4 - editar OS...
2026-06-19 16:24:48,866 - INFO - ⌛ Aguardando confirmação 4 - editar OS...
2026-06-19 16:24:48,998 - INFO - 🟨 Identificado travamento no EQM, reiniciando contador de espera
2026-06-19 16:25:04,301 - INFO - ⌛ Aguardando confirmação 4 - editar OS...
2026-06-19 16:25:19,717 - INFO - ⌛ Aguardando confirmação 4 - editar OS...
2026-06-19 16:25:35,130 - INFO - 🟨 Janela de confirmação 4 de edição de OS detectada
2026-06-19 16:25:39,238 - INFO - 
=== rotina programar_os ===
2026-06-19 16:26:05,755 - INFO - ⌛ Aguardando janela de confirmação de programação de OS...
2026-06-19 16:26:31,178 - INFO - 🟨 Janela de confirmação de programação de OS detectada
2026-06-19 16:26:44,450 - INFO - 🟨 Janela de aviso de edição de OS programadas detectada
2026-06-19 16:26:51,656 - INFO - ⌛ aguardando janela de programação de lote de OS...
2026-06-19 16:27:17,146 - INFO - 🟨 Janela de aviso de substituição de lote de OS detectada
2026-06-19 16:27:37,272 - INFO - ⌛ aguardando janela de programação de lote de OS...
2026-06-19 16:28:02,903 - INFO - 🟨 Janela de programação de lote de OS detectada
2026-06-19 16:28:52,379 - INFO - 🟨 Janela de confirmação de programação de lote de OS detectada
2026-06-19 16:28:56,601 - INFO - ⌛ aguardando confirmação final de programação do lote
2026-06-19 16:29:22,025 - INFO - 🟨 programação do lote 16 efetuado com sucesso
2026-06-19 16:29:32,130 - INFO - 
=== Iniciando lote 17/472 [REDES] ===
2026-06-19 16:29:32,130 - INFO - 
=== abrir_janela_selecao ===
2026-06-19 16:29:38,436 - INFO - 
=== rotina abrir_selecao_colar_os ===
2026-06-19 16:29:38,498 - INFO - Janela de seleção aberta
2026-06-19 16:29:42,715 - INFO - DEBUG: idx=16, inicio=400, fim=425
2026-06-19 16:29:42,715 - INFO - ✅ 25 OS copiadas para a área de transferência.
2026-06-19 16:29:42,715 - INFO - 📋 Lote 17 copiado.
2026-06-19 16:29:51,041 - INFO - ⌛ Esperando mudança visual...
2026-06-19 16:29:52,056 - INFO - ⌛ Esperando mudança visual...
2026-06-19 16:29:53,069 - INFO - ⌛ Esperando mudança visual...
2026-06-19 16:29:54,087 - INFO - ⌛ Esperando mudança visual...
2026-06-19 16:29:55,104 - INFO - ⌛ Esperando mudança visual...
2026-06-19 16:29:56,116 - INFO - ⌛ Esperando mudança visual...
2026-06-19 16:29:57,136 - INFO - ⌛ Esperando mudança visual...
2026-06-19 16:29:58,151 - INFO - ⌛ Esperando mudança visual...
2026-06-19 16:29:59,166 - INFO - ⌛ Esperando mudança visual...
2026-06-19 16:30:00,179 - INFO - ⌛ Esperando mudança visual...
2026-06-19 16:30:01,197 - INFO - ⌛ Esperando mudança visual...
2026-06-19 16:30:02,210 - INFO - ⌛ Esperando mudança visual...
2026-06-19 16:30:03,226 - INFO - ⌛ Esperando mudança visual...
2026-06-19 16:30:04,245 - INFO - ⌛ Esperando mudança visual...
2026-06-19 16:30:05,262 - INFO - ⌛ Esperando mudança visual...
2026-06-19 16:30:06,273 - INFO - ⌛ Esperando mudança visual...
2026-06-19 16:30:07,292 - INFO - ✅ Tela carregada!
2026-06-19 16:30:11,293 - INFO - 
=== rotina desbloquear_os ===
2026-06-19 16:30:37,758 - INFO - ⌛ Aguardando janela de confirmação de desbloqueio...
2026-06-19 16:30:53,194 - INFO - ⌛ Aguardando janela de confirmação de desbloqueio...
2026-06-19 16:31:08,652 - INFO - 🟨 Registros desbloqueados com sucesso
2026-06-19 16:31:12,755 - INFO - 
=== rotina editar_os ===
2026-06-19 16:31:22,165 - INFO - ⌛ Aguardando janela de edição de OS...
2026-06-19 16:31:37,754 - INFO - 🟨 OS programadas detectadas
2026-06-19 16:31:40,855 - INFO - ⌛ Aguardando janela de edição de OS...
2026-06-19 16:31:56,438 - INFO - 🟨 Janela de edição de OS detectada
2026-06-19 16:32:17,814 - INFO - 🟨 Janela de edição de habilidade da turma detectada
2026-06-19 16:33:36,115 - INFO - ⌛ Aguardando detecção do campo de caracteristica 'EQUIPE PRÓPRIA OU EPS' ...
2026-06-19 16:33:55,488 - INFO - 🟨 campo de caracteristica 'EQUIPE PRÓPRIA OU EPS detectado
2026-06-19 16:34:17,247 - INFO - ⌛ Aguardando confirmação 4 - editar OS...
2026-06-19 16:34:32,726 - INFO - ⌛ Aguardando confirmação 4 - editar OS...
2026-06-19 16:34:32,875 - INFO - 🟨 Identificado travamento no EQM, reiniciando contador de espera
2026-06-19 16:34:48,274 - INFO - ⌛ Aguardando confirmação 4 - editar OS...
2026-06-19 16:35:03,853 - INFO - ⌛ Aguardando confirmação 4 - editar OS...
2026-06-19 16:35:19,397 - INFO - 🟨 Janela de confirmação 4 de edição de OS detectada
2026-06-19 16:35:23,499 - INFO - 
=== rotina programar_os ===
2026-06-19 16:35:50,021 - INFO - ⌛ Aguardando janela de confirmação de programação de OS...
2026-06-19 16:36:15,496 - INFO - 🟨 Janela de confirmação de programação de OS detectada
2026-06-19 16:36:28,805 - INFO - 🟨 Janela de aviso de edição de OS programadas detectada
2026-06-19 16:36:36,008 - INFO - ⌛ aguardando janela de programação de lote de OS...
2026-06-19 16:37:01,563 - INFO - 🟨 Janela de aviso de substituição de lote de OS detectada
2026-06-19 16:37:21,679 - INFO - ⌛ aguardando janela de programação de lote de OS...
2026-06-19 16:37:47,245 - INFO - 🟨 Janela de programação de lote de OS detectada
2026-06-19 16:38:36,883 - INFO - 🟨 Janela de confirmação de programação de lote de OS detectada
2026-06-19 16:38:41,159 - INFO - ⌛ aguardando confirmação final de programação do lote
2026-06-19 16:39:06,754 - INFO - 🟨 programação do lote 17 efetuado com sucesso
2026-06-19 16:39:16,857 - INFO - 
=== Iniciando lote 18/472 [REDES] ===
2026-06-19 16:39:16,857 - INFO - 
=== abrir_janela_selecao ===
2026-06-19 16:39:23,180 - INFO - 
=== rotina abrir_selecao_colar_os ===
2026-06-19 16:39:23,282 - INFO - Janela de seleção aberta
2026-06-19 16:39:27,510 - INFO - DEBUG: idx=17, inicio=425, fim=450
2026-06-19 16:39:27,510 - INFO - ✅ 25 OS copiadas para a área de transferência.
2026-06-19 16:39:27,510 - INFO - 📋 Lote 18 copiado.
2026-06-19 16:39:35,828 - INFO - ⌛ Esperando mudança visual...
2026-06-19 16:39:36,844 - INFO - ⌛ Esperando mudança visual...
2026-06-19 16:39:37,860 - INFO - ⌛ Esperando mudança visual...
2026-06-19 16:39:38,875 - INFO - ⌛ Esperando mudança visual...
2026-06-19 16:39:39,891 - INFO - ⌛ Esperando mudança visual...
2026-06-19 16:39:40,908 - INFO - ⌛ Esperando mudança visual...
2026-06-19 16:39:41,923 - INFO - ⌛ Esperando mudança visual...
2026-06-19 16:39:42,938 - INFO - ⌛ Esperando mudança visual...
2026-06-19 16:39:43,954 - INFO - ⌛ Esperando mudança visual...
2026-06-19 16:39:44,969 - INFO - ⌛ Esperando mudança visual...
2026-06-19 16:39:45,985 - INFO - ⌛ Esperando mudança visual...
2026-06-19 16:39:47,001 - INFO - ⌛ Esperando mudança visual...
2026-06-19 16:39:48,015 - INFO - ⌛ Esperando mudança visual...
2026-06-19 16:39:49,032 - INFO - ⌛ Esperando mudança visual...
2026-06-19 16:39:50,048 - INFO - ⌛ Esperando mudança visual...
2026-06-19 16:39:51,062 - INFO - ⌛ Esperando mudança visual...
2026-06-19 16:39:52,079 - INFO - ⌛ Esperando mudança visual...
2026-06-19 16:39:53,095 - INFO - ⌛ Esperando mudança visual...
2026-06-19 16:39:54,111 - INFO - ⌛ Esperando mudança visual...
2026-06-19 16:39:55,127 - INFO - ⌛ Esperando mudança visual...
2026-06-19 16:39:56,142 - INFO - ✅ Tela carregada!
2026-06-19 16:40:00,143 - INFO - 
=== rotina desbloquear_os ===
2026-06-19 16:40:26,638 - INFO - ⌛ Aguardando janela de confirmação de desbloqueio...
2026-06-19 16:40:42,150 - INFO - 🟨 Registros desbloqueados com sucesso
2026-06-19 16:40:46,263 - INFO - 
=== rotina editar_os ===
2026-06-19 16:40:55,730 - INFO - ⌛ Aguardando janela de edição de OS...
2026-06-19 16:41:11,320 - INFO - 🟨 OS programadas detectadas
2026-06-19 16:41:14,423 - INFO - ⌛ Aguardando janela de edição de OS...
2026-06-19 16:41:30,013 - INFO - 🟨 Janela de edição de OS detectada
2026-06-19 16:41:51,395 - INFO - 🟨 Janela de edição de habilidade da turma detectada
2026-06-19 16:43:09,704 - INFO - ⌛ Aguardando detecção do campo de caracteristica 'EQUIPE PRÓPRIA OU EPS' ...
2026-06-19 16:43:29,060 - INFO - 🟨 campo de caracteristica 'EQUIPE PRÓPRIA OU EPS detectado
2026-06-19 16:43:50,893 - INFO - ⌛ Aguardando confirmação 4 - editar OS...
2026-06-19 16:44:06,452 - INFO - ⌛ Aguardando confirmação 4 - editar OS...
2026-06-19 16:44:06,618 - INFO - 🟨 Identificado travamento no EQM, reiniciando contador de espera
2026-06-19 16:44:22,016 - INFO - ⌛ Aguardando confirmação 4 - editar OS...
2026-06-19 16:44:37,613 - INFO - ⌛ Aguardando confirmação 4 - editar OS...
2026-06-19 16:44:53,169 - INFO - 🟨 Janela de confirmação 4 de edição de OS detectada
2026-06-19 16:44:57,277 - INFO - 
=== rotina programar_os ===
2026-06-19 16:45:23,852 - INFO - ⌛ Aguardando janela de confirmação de programação de OS...
2026-06-19 16:45:49,453 - INFO - 🟨 Janela de confirmação de programação de OS detectada
2026-06-19 16:46:02,821 - INFO - 🟨 Janela de aviso de edição de OS programadas detectada
2026-06-19 16:46:10,041 - INFO - ⌛ aguardando janela de programação de lote de OS...
2026-06-19 16:46:35,673 - INFO - 🟨 Janela de aviso de substituição de lote de OS detectada
2026-06-19 16:46:55,794 - INFO - ⌛ aguardando janela de programação de lote de OS...
2026-06-19 16:47:21,417 - INFO - 🟨 Janela de programação de lote de OS detectada
2026-06-19 16:48:11,012 - INFO - 🟨 Janela de confirmação de programação de lote de OS detectada
2026-06-19 16:48:15,220 - INFO - ⌛ aguardando confirmação final de programação do lote
2026-06-19 16:48:40,716 - INFO - ⌛ aguardando confirmação final de programação do lote
2026-06-19 16:49:06,245 - INFO - 🟨 programação do lote 18 efetuado com sucesso
2026-06-19 16:49:16,348 - INFO - 
=== Iniciando lote 19/472 [REDES] ===
2026-06-19 16:49:16,349 - INFO - 
=== abrir_janela_selecao ===
2026-06-19 16:49:22,653 - INFO - 
=== rotina abrir_selecao_colar_os ===
2026-06-19 16:49:22,714 - INFO - Janela de seleção aberta
2026-06-19 16:49:26,928 - INFO - DEBUG: idx=18, inicio=450, fim=475
2026-06-19 16:49:26,929 - INFO - ✅ 25 OS copiadas para a área de transferência.
2026-06-19 16:49:26,929 - INFO - 📋 Lote 19 copiado.
2026-06-19 16:49:35,256 - INFO - ⌛ Esperando mudança visual...
2026-06-19 16:49:36,273 - INFO - ⌛ Esperando mudança visual...
2026-06-19 16:49:37,286 - INFO - ⌛ Esperando mudança visual...
2026-06-19 16:49:38,302 - INFO - ⌛ Esperando mudança visual...
2026-06-19 16:49:39,317 - INFO - ⌛ Esperando mudança visual...
2026-06-19 16:49:40,333 - INFO - ⌛ Esperando mudança visual...
2026-06-19 16:49:41,349 - INFO - ⌛ Esperando mudança visual...
2026-06-19 16:49:42,364 - INFO - ⌛ Esperando mudança visual...
2026-06-19 16:49:43,382 - INFO - ⌛ Esperando mudança visual...
2026-06-19 16:49:44,398 - INFO - ⌛ Esperando mudança visual...
2026-06-19 16:49:45,410 - INFO - ⌛ Esperando mudança visual...
2026-06-19 16:49:46,428 - INFO - ⌛ Esperando mudança visual...
2026-06-19 16:49:47,443 - INFO - ⌛ Esperando mudança visual...
2026-06-19 16:49:48,456 - INFO - ⌛ Esperando mudança visual...
2026-06-19 16:49:49,474 - INFO - ⌛ Esperando mudança visual...
2026-06-19 16:49:50,490 - INFO - ✅ Tela carregada!
2026-06-19 16:49:54,491 - INFO - 
=== rotina desbloquear_os ===
2026-06-19 16:50:20,959 - INFO - ⌛ Aguardando janela de confirmação de desbloqueio...
2026-06-19 16:50:36,441 - INFO - 🟨 Registros desbloqueados com sucesso
2026-06-19 16:50:40,545 - INFO - 
=== rotina editar_os ===
2026-06-19 16:50:49,963 - INFO - ⌛ Aguardando janela de edição de OS...
2026-06-19 16:51:05,443 - INFO - 🟨 OS programadas detectadas
2026-06-19 16:51:08,545 - INFO - ⌛ Aguardando janela de edição de OS...
2026-06-19 16:51:24,097 - INFO - 🟨 Janela de edição de OS detectada
2026-06-19 16:51:45,459 - INFO - 🟨 Janela de edição de habilidade da turma detectada
2026-06-19 16:53:03,763 - INFO - ⌛ Aguardando detecção do campo de caracteristica 'EQUIPE PRÓPRIA OU EPS' ...
2026-06-19 16:53:23,130 - INFO - 🟨 campo de caracteristica 'EQUIPE PRÓPRIA OU EPS detectado
2026-06-19 16:53:44,926 - INFO - ⌛ Aguardando confirmação 4 - editar OS...
2026-06-19 16:54:00,449 - INFO - ⌛ Aguardando confirmação 4 - editar OS...
2026-06-19 16:54:00,589 - INFO - 🟨 Identificado travamento no EQM, reiniciando contador de espera
2026-06-19 16:54:15,941 - INFO - ⌛ Aguardando confirmação 4 - editar OS...
2026-06-19 16:54:16,092 - INFO - 🟨 Identificado travamento no EQM, reiniciando contador de espera
2026-06-19 16:54:31,463 - INFO - ⌛ Aguardando confirmação 4 - editar OS...
2026-06-19 16:54:46,964 - INFO - ⌛ Aguardando confirmação 4 - editar OS...
2026-06-19 16:55:02,552 - INFO - 🟨 Janela de confirmação 4 de edição de OS detectada
2026-06-19 16:55:06,655 - INFO - 
=== rotina programar_os ===
2026-06-19 16:55:33,207 - INFO - ⌛ Aguardando janela de confirmação de programação de OS...
2026-06-19 16:55:58,702 - INFO - ⌛ Aguardando janela de confirmação de programação de OS...
2026-06-19 16:56:24,261 - INFO - ⌛ Aguardando janela de confirmação de programação de OS...
2026-06-19 16:56:49,730 - INFO - ⌛ Aguardando janela de confirmação de programação de OS...
2026-06-19 16:57:15,241 - INFO - ⌛ Aguardando janela de confirmação de programação de OS...
2026-06-19 16:57:40,758 - INFO - ⌛ Aguardando janela de confirmação de programação de OS...
2026-06-19 16:58:06,268 - INFO - ⌛ Aguardando janela de confirmação de programação de OS...
2026-06-19 16:58:31,810 - INFO - ⌛ Aguardando janela de confirmação de programação de OS...
2026-06-19 16:58:57,352 - INFO - ⌛ Aguardando janela de confirmação de programação de OS...
2026-06-19 16:59:22,877 - INFO - ⌛ Aguardando janela de confirmação de programação de OS...
2026-06-19 16:59:48,389 - INFO - ⌛ Aguardando janela de confirmação de programação de OS...
2026-06-19 17:00:13,989 - INFO - ⌛ Aguardando janela de confirmação de programação de OS...
2026-06-19 17:00:39,517 - INFO - ⌛ Aguardando janela de confirmação de programação de OS...
2026-06-19 17:01:05,072 - INFO - ⌛ Aguardando janela de confirmação de programação de OS...
2026-06-19 17:01:30,584 - INFO - ⌛ Aguardando janela de confirmação de programação de OS...
2026-06-19 17:01:56,135 - INFO - ⌛ Aguardando janela de confirmação de programação de OS...
2026-06-19 17:02:21,673 - INFO - ⌛ Aguardando janela de confirmação de programação de OS...
2026-06-19 17:02:47,157 - INFO - ⌛ Aguardando janela de confirmação de programação de OS...
2026-06-19 17:03:12,652 - INFO - ⌛ Aguardando janela de confirmação de programação de OS...
2026-06-19 17:03:38,159 - INFO - ⌛ Aguardando janela de confirmação de programação de OS...
2026-06-19 17:04:03,667 - INFO - ⌛ Aguardando janela de confirmação de programação de OS...
2026-06-19 17:04:29,159 - INFO - ⌛ Aguardando janela de confirmação de programação de OS...
2026-06-19 17:04:54,866 - INFO - ⌛ Aguardando janela de confirmação de programação de OS...
2026-06-19 17:05:20,777 - INFO - ⌛ Aguardando janela de confirmação de programação de OS...
2026-06-19 17:05:46,542 - INFO - ⌛ Aguardando janela de confirmação de programação de OS...
2026-06-19 17:06:12,130 - INFO - ⌛ Aguardando janela de confirmação de programação de OS...
2026-06-19 17:06:37,666 - INFO - ⌛ Aguardando janela de confirmação de programação de OS...
2026-06-19 17:07:32,285 - INFO - ⌛ Aguardando janela de confirmação de programação de OS...
2026-06-19 17:07:57,894 - INFO - ⌛ Aguardando janela de confirmação de programação de OS...
2026-06-19 17:08:23,511 - INFO - ⌛ Aguardando janela de confirmação de programação de OS...
2026-06-19 17:08:49,104 - INFO - ⌛ Aguardando janela de confirmação de programação de OS...
2026-06-19 17:09:14,743 - INFO - ⌛ Aguardando janela de confirmação de programação de OS...
2026-06-19 17:09:40,394 - INFO - ⌛ Aguardando janela de confirmação de programação de OS...
2026-06-19 17:10:05,903 - INFO - ⌛ Aguardando janela de confirmação de programação de OS...
2026-06-19 17:10:31,442 - INFO - ⌛ Aguardando janela de confirmação de programação de OS...
2026-06-19 17:10:56,968 - INFO - ⌛ Aguardando janela de confirmação de programação de OS...
2026-06-19 17:11:22,548 - INFO - ⌛ Aguardando janela de confirmação de programação de OS...
2026-06-19 18:36:07,379 - INFO - Data hoje: 19/06/2026
2026-06-19 18:36:07,380 - INFO - Data de referência: 30/06/2026
2026-06-19 18:37:28,061 - INFO - Qtde OS de LINHA VIVA: 405
2026-06-19 18:37:28,061 - INFO - Qtde OS poda de LINHA MORTA: 248
2026-06-19 18:37:28,061 - INFO - Qtde OS estrutural de LINHA MORTA : 11741
2026-06-19 18:37:28,061 - INFO - Qtde OS poda de LINHA MORTA fora carteira: 54
2026-06-19 18:37:28,061 - INFO - Qtde OS para desprogramar: 1170
2026-06-19 18:37:28,061 - INFO - 
 Qtd de lotes de LM: 10
2026-06-19 18:37:28,061 - INFO - 
 Qtd de lotes de LV: 17
2026-06-19 18:37:28,061 - INFO - 
 Qtd de lotes de ESTRUTURAL LM: 470
2026-06-19 18:37:28,061 - INFO - 
 Qtd de lotes de LEVE: 3
2026-06-19 18:37:28,061 - INFO - 
 Qtd de lotes para desprogramar: 47
2026-06-19 18:45:09,638 - INFO - Data hoje: 19/06/2026
2026-06-19 18:45:09,638 - INFO - Data de referência: 30/06/2026
2026-06-19 18:45:16,471 - INFO - Data hoje: 19/06/2026
2026-06-19 18:45:16,471 - INFO - Data de referência: 30/06/2026
2026-06-19 18:46:13,814 - INFO - Data hoje: 19/06/2026
2026-06-19 18:46:13,815 - INFO - Data de referência: 30/06/2026
2026-06-19 18:47:37,728 - INFO - Qtde OS de LINHA VIVA: 405
2026-06-19 18:47:37,728 - INFO - Qtde OS poda de LINHA MORTA: 248
2026-06-19 18:47:37,728 - INFO - Qtde OS estrutural de LINHA MORTA : 11741
2026-06-19 18:47:37,728 - INFO - Qtde OS poda de LINHA MORTA fora carteira: 54
2026-06-19 18:47:37,728 - INFO - Qtde OS para desprogramar: 1170
2026-06-19 18:47:37,729 - INFO - 
 Qtd de lotes de LM: 10
2026-06-19 18:47:37,729 - INFO - 
 Qtd de lotes de LV: 17
2026-06-19 18:47:37,729 - INFO - 
 Qtd de lotes de ESTRUTURAL LM: 470
2026-06-19 18:47:37,729 - INFO - 
 Qtd de lotes de LEVE: 3
2026-06-19 18:47:37,729 - INFO - 
 Qtd de lotes para desprogramar: 47
2026-06-19 18:47:37,729 - INFO - 
=== Iniciando lote 1/470 [REDES] ===
2026-06-19 18:47:37,729 - INFO - 
=== abrir_janela_selecao ===
2026-06-19 18:47:44,062 - INFO - 
=== rotina abrir_selecao_colar_os ===
2026-06-19 18:47:44,171 - INFO - Janela de seleção aberta
2026-06-19 18:47:48,403 - INFO - DEBUG: idx=0, inicio=0, fim=25
2026-06-19 18:47:48,403 - INFO - ✅ 25 OS copiadas para a área de transferência.
2026-06-19 18:47:48,404 - INFO - 📋 Lote 1 copiado.
2026-06-19 18:47:56,729 - INFO - ⌛ Esperando mudança visual...
2026-06-19 18:47:57,742 - INFO - ✅ Tela carregada!
2026-06-19 18:48:01,746 - INFO - 
=== rotina desbloquear_os ===
2026-06-19 18:48:22,728 - INFO - Data hoje: 19/06/2026
2026-06-19 18:48:22,728 - INFO - Data de referência: 30/06/2026
2026-06-19 18:49:42,747 - INFO - Qtde OS de LINHA VIVA: 405
2026-06-19 18:49:42,747 - INFO - Qtde OS poda de LINHA MORTA: 248
2026-06-19 18:49:42,747 - INFO - Qtde OS estrutural de LINHA MORTA : 11741
2026-06-19 18:49:42,747 - INFO - Qtde OS poda de LINHA MORTA fora carteira: 54
2026-06-19 18:49:42,747 - INFO - Qtde OS para desprogramar: 1170
2026-06-19 18:49:42,748 - INFO - 
 Qtd de lotes de LM: 10
2026-06-19 18:49:42,748 - INFO - 
 Qtd de lotes de LV: 17
2026-06-19 18:49:42,748 - INFO - 
 Qtd de lotes de ESTRUTURAL LM: 470
2026-06-19 18:49:42,748 - INFO - 
 Qtd de lotes de LEVE: 3
2026-06-19 18:49:42,748 - INFO - 
 Qtd de lotes para desprogramar: 47
2026-06-19 18:49:42,748 - INFO - 
=== Iniciando lote 1/470 [REDES] ===
2026-06-19 18:49:42,748 - INFO - 
=== abrir_janela_selecao ===
2026-06-19 18:49:49,070 - INFO - 
=== rotina abrir_selecao_colar_os ===
2026-06-19 18:49:49,130 - INFO - Janela de seleção aberta
2026-06-19 18:49:53,361 - INFO - DEBUG: idx=0, inicio=0, fim=25
2026-06-19 18:49:53,361 - INFO - ✅ 25 OS copiadas para a área de transferência.
2026-06-19 18:49:53,361 - INFO - 📋 Lote 1 copiado.
2026-06-19 18:50:01,684 - INFO - ⌛ Esperando mudança visual...
2026-06-19 18:50:02,701 - INFO - ⌛ Esperando mudança visual...
2026-06-19 18:50:03,716 - INFO - ⌛ Esperando mudança visual...
2026-06-19 18:50:04,732 - INFO - ⌛ Esperando mudança visual...
2026-06-19 18:50:05,748 - INFO - ✅ Tela carregada!
2026-06-19 18:50:09,753 - INFO - 
=== rotina desbloquear_os ===
2026-06-19 18:50:36,237 - INFO - ⌛ Aguardando janela de confirmação de desbloqueio...
2026-06-19 18:50:51,656 - INFO - 🟨 Registros desbloqueados com sucesso
2026-06-19 18:50:55,760 - INFO - 
=== rotina editar_os ===
2026-06-19 18:51:05,184 - INFO - ⌛ Aguardando janela de edição de OS...
2026-06-19 18:51:20,624 - INFO - 🟨 OS programadas detectadas
2026-06-19 18:51:23,727 - INFO - ⌛ Aguardando janela de edição de OS...
2026-06-19 18:51:39,182 - INFO - 🟨 Janela de edição de OS detectada
2026-06-19 18:52:00,555 - INFO - 🟨 Janela de edição de habilidade da turma detectada
2026-06-19 18:53:18,867 - INFO - ⌛ Aguardando detecção do campo de caracteristica 'EQUIPE PRÓPRIA OU EPS' ...
2026-06-19 18:53:38,230 - INFO - 🟨 campo de caracteristica 'EQUIPE PRÓPRIA OU EPS detectado
2026-06-19 18:54:00,049 - INFO - ⌛ Aguardando confirmação 4 - editar OS...
2026-06-19 18:54:15,540 - INFO - ⌛ Aguardando confirmação 4 - editar OS...
2026-06-19 18:54:15,688 - INFO - 🟨 Identificado travamento no EQM, reiniciando contador de espera
2026-06-19 18:54:31,037 - INFO - ⌛ Aguardando confirmação 4 - editar OS...
2026-06-19 18:54:46,533 - INFO - 🟨 Janela de confirmação 4 de edição de OS detectada
2026-06-19 18:54:50,636 - INFO - 
=== rotina programar_os ===
2026-06-19 18:55:17,148 - INFO - ⌛ Aguardando janela de confirmação de programação de OS...
2026-06-19 18:55:42,597 - INFO - 🟨 Janela de confirmação de programação de OS detectada
2026-06-19 18:55:55,875 - INFO - 🟨 Janela de aviso de edição de OS programadas detectada
2026-06-19 18:56:03,080 - INFO - ⌛ aguardando janela de programação de lote de OS...
2026-06-19 18:56:28,594 - INFO - 🟨 Janela de aviso de substituição de lote de OS detectada
2026-06-19 18:56:48,708 - INFO - ⌛ aguardando janela de programação de lote de OS...
2026-06-19 18:56:48,962 - INFO - 🟨 Identificado falha no EQM
2026-06-19 18:56:48,962 - INFO - Capturando print...
2026-06-19 18:57:34,588 - INFO - ⌛ Aguardando janela de confirmação de programação de OS...
2026-06-19 18:58:00,035 - INFO - 🟨 Janela de confirmação de programação de OS detectada
2026-06-19 18:58:13,294 - INFO - 🟨 Janela de aviso de edição de OS programadas detectada
2026-06-19 18:58:20,509 - INFO - ⌛ aguardando janela de programação de lote de OS...
2026-06-19 18:58:46,019 - INFO - 🟨 Janela de aviso de substituição de lote de OS detectada
2026-06-19 18:59:06,127 - INFO - ⌛ aguardando janela de programação de lote de OS...
2026-06-19 18:59:31,636 - INFO - 🟨 Janela de programação de lote de OS detectada
2026-06-19 19:00:21,164 - INFO - 🟨 Janela de confirmação de programação de lote de OS detectada
2026-06-19 19:00:25,407 - INFO - ⌛ aguardando confirmação final de programação do lote
2026-06-19 19:00:50,932 - INFO - 🟨 programação do lote 1 efetuado com sucesso
2026-06-19 19:01:01,039 - INFO - 
=== Iniciando lote 2/470 [REDES] ===
2026-06-19 19:01:01,040 - INFO - 
=== abrir_janela_selecao ===
2026-06-19 19:01:07,352 - INFO - 
=== rotina abrir_selecao_colar_os ===
2026-06-19 19:01:07,395 - INFO - Janela de seleção aberta
2026-06-19 19:01:11,627 - INFO - DEBUG: idx=1, inicio=25, fim=50
2026-06-19 19:01:11,627 - INFO - ✅ 25 OS copiadas para a área de transferência.
2026-06-19 19:01:11,628 - INFO - 📋 Lote 2 copiado.
2026-06-19 19:01:19,968 - INFO - ⌛ Esperando mudança visual...
2026-06-19 19:01:20,981 - INFO - ⌛ Esperando mudança visual...
2026-06-19 19:01:21,997 - INFO - ⌛ Esperando mudança visual...
2026-06-19 19:01:23,013 - INFO - ⌛ Esperando mudança visual...
2026-06-19 19:01:24,029 - INFO - ⌛ Esperando mudança visual...
2026-06-19 19:01:25,044 - INFO - ⌛ Esperando mudança visual...
2026-06-19 19:01:26,060 - INFO - ⌛ Esperando mudança visual...
2026-06-19 19:01:27,078 - INFO - ⌛ Esperando mudança visual...
2026-06-19 19:01:28,091 - INFO - ⌛ Esperando mudança visual...
2026-06-19 19:01:29,107 - INFO - ⌛ Esperando mudança visual...
2026-06-19 19:01:30,123 - INFO - ✅ Tela carregada!
2026-06-19 19:01:34,127 - INFO - 
=== rotina desbloquear_os ===
2026-06-19 19:02:00,604 - INFO - ⌛ Aguardando janela de confirmação de desbloqueio...
2026-06-19 19:02:16,036 - INFO - 🟨 Registros desbloqueados com sucesso
2026-06-19 19:02:20,140 - INFO - 
=== rotina editar_os ===
2026-06-19 19:02:29,568 - INFO - ⌛ Aguardando janela de edição de OS...
2026-06-19 19:02:45,021 - INFO - 🟨 OS programadas detectadas
2026-06-19 19:02:48,135 - INFO - ⌛ Aguardando janela de edição de OS...
2026-06-19 19:03:03,612 - INFO - 🟨 Janela de edição de OS detectada
2026-06-19 19:03:24,961 - INFO - 🟨 Janela de edição de habilidade da turma detectada
2026-06-19 19:04:43,304 - INFO - ⌛ Aguardando detecção do campo de caracteristica 'EQUIPE PRÓPRIA OU EPS' ...
2026-06-19 19:05:02,669 - INFO - 🟨 campo de caracteristica 'EQUIPE PRÓPRIA OU EPS detectado
2026-06-19 19:05:24,470 - INFO - ⌛ Aguardando confirmação 4 - editar OS...
2026-06-19 19:05:39,944 - INFO - ⌛ Aguardando confirmação 4 - editar OS...
2026-06-19 19:05:40,074 - INFO - 🟨 Identificado travamento no EQM, reiniciando contador de espera
2026-06-19 19:05:55,428 - INFO - ⌛ Aguardando confirmação 4 - editar OS...
2026-06-19 19:06:10,933 - INFO - 🟨 Janela de confirmação 4 de edição de OS detectada
2026-06-19 19:06:15,047 - INFO - 
=== rotina programar_os ===
2026-06-19 19:06:41,607 - INFO - ⌛ Aguardando janela de confirmação de programação de OS...
2026-06-19 19:07:07,076 - INFO - 🟨 Janela de confirmação de programação de OS detectada
2026-06-19 19:07:20,339 - INFO - 🟨 Janela de aviso de edição de OS programadas detectada
2026-06-19 19:07:27,567 - INFO - ⌛ aguardando janela de programação de lote de OS...
2026-06-19 19:07:53,117 - INFO - 🟨 Janela de aviso de substituição de lote de OS detectada
2026-06-19 19:08:13,222 - INFO - ⌛ aguardando janela de programação de lote de OS...
2026-06-19 19:08:38,753 - INFO - 🟨 Janela de programação de lote de OS detectada
2026-06-19 19:09:28,282 - INFO - 🟨 Janela de confirmação de programação de lote de OS detectada
2026-06-19 19:09:32,543 - INFO - ⌛ aguardando confirmação final de programação do lote
2026-06-19 19:09:58,070 - INFO - 🟨 programação do lote 2 efetuado com sucesso
2026-06-19 19:10:08,174 - INFO - 
=== Iniciando lote 3/470 [REDES] ===
2026-06-19 19:10:08,176 - INFO - 
=== abrir_janela_selecao ===
2026-06-19 19:10:14,484 - INFO - 
=== rotina abrir_selecao_colar_os ===
2026-06-19 19:10:14,528 - INFO - Janela de seleção aberta
2026-06-19 19:10:18,753 - INFO - DEBUG: idx=2, inicio=50, fim=75
2026-06-19 19:10:18,753 - INFO - ✅ 25 OS copiadas para a área de transferência.
2026-06-19 19:10:18,753 - INFO - 📋 Lote 3 copiado.
2026-06-19 19:10:27,080 - INFO - ⌛ Esperando mudança visual...
2026-06-19 19:10:28,092 - INFO - ⌛ Esperando mudança visual...
2026-06-19 19:10:29,108 - INFO - ⌛ Esperando mudança visual...
2026-06-19 19:10:30,124 - INFO - ⌛ Esperando mudança visual...
2026-06-19 19:10:31,142 - INFO - ⌛ Esperando mudança visual...
2026-06-19 19:10:32,156 - INFO - ⌛ Esperando mudança visual...
2026-06-19 19:10:33,172 - INFO - ⌛ Esperando mudança visual...
2026-06-19 19:10:34,189 - INFO - ⌛ Esperando mudança visual...
2026-06-19 19:10:35,203 - INFO - ⌛ Esperando mudança visual...
2026-06-19 19:10:36,219 - INFO - ⌛ Esperando mudança visual...
2026-06-19 19:10:37,234 - INFO - ✅ Tela carregada!
2026-06-19 19:10:41,237 - INFO - 
=== rotina desbloquear_os ===
2026-06-19 19:11:07,711 - INFO - ⌛ Aguardando janela de confirmação de desbloqueio...
2026-06-19 19:11:23,113 - INFO - 🟨 Registros desbloqueados com sucesso
2026-06-19 19:11:27,216 - INFO - 
=== rotina editar_os ===
2026-06-19 19:11:36,676 - INFO - ⌛ Aguardando janela de edição de OS...
2026-06-19 19:11:52,145 - INFO - 🟨 OS programadas detectadas
2026-06-19 19:11:55,249 - INFO - ⌛ Aguardando janela de edição de OS...
2026-06-19 19:12:10,700 - INFO - 🟨 Janela de edição de OS detectada
2026-06-19 19:12:32,066 - INFO - 🟨 Janela de edição de habilidade da turma detectada
2026-06-19 19:13:50,381 - INFO - ⌛ Aguardando detecção do campo de caracteristica 'EQUIPE PRÓPRIA OU EPS' ...
2026-06-19 19:14:09,745 - INFO - 🟨 campo de caracteristica 'EQUIPE PRÓPRIA OU EPS detectado
2026-06-19 19:14:31,549 - INFO - ⌛ Aguardando confirmação 4 - editar OS...
2026-06-19 19:14:47,016 - INFO - ⌛ Aguardando confirmação 4 - editar OS...
2026-06-19 19:15:02,503 - INFO - ⌛ Aguardando confirmação 4 - editar OS...
2026-06-19 19:15:18,005 - INFO - 🟨 Janela de confirmação 4 de edição de OS detectada
2026-06-19 19:15:22,117 - INFO - 
=== rotina programar_os ===
2026-06-19 19:15:48,659 - INFO - ⌛ Aguardando janela de confirmação de programação de OS...
2026-06-19 19:16:14,146 - INFO - 🟨 Janela de confirmação de programação de OS detectada
2026-06-19 19:16:27,399 - INFO - 🟨 Janela de aviso de edição de OS programadas detectada
2026-06-19 19:16:34,617 - INFO - ⌛ aguardando janela de programação de lote de OS...
2026-06-19 19:17:00,202 - INFO - 🟨 Janela de aviso de substituição de lote de OS detectada
2026-06-19 19:17:20,306 - INFO - ⌛ aguardando janela de programação de lote de OS...
2026-06-19 19:17:45,845 - INFO - 🟨 Janela de programação de lote de OS detectada
2026-06-19 19:18:35,364 - INFO - 🟨 Janela de confirmação de programação de lote de OS detectada
2026-06-19 19:18:39,578 - INFO - ⌛ aguardando confirmação final de programação do lote
2026-06-19 19:19:05,021 - INFO - 🟨 programação do lote 3 efetuado com sucesso
2026-06-19 19:19:15,127 - INFO - 
=== Iniciando lote 4/470 [REDES] ===
2026-06-19 19:19:15,127 - INFO - 
=== abrir_janela_selecao ===
2026-06-19 19:19:21,433 - INFO - 
=== rotina abrir_selecao_colar_os ===
2026-06-19 19:19:21,494 - INFO - Janela de seleção aberta
2026-06-19 19:19:25,711 - INFO - DEBUG: idx=3, inicio=75, fim=100
2026-06-19 19:19:25,711 - INFO - ✅ 25 OS copiadas para a área de transferência.
2026-06-19 19:19:25,711 - INFO - 📋 Lote 4 copiado.
2026-06-19 19:19:34,038 - INFO - ⌛ Esperando mudança visual...
2026-06-19 19:19:35,052 - INFO - ⌛ Esperando mudança visual...
2026-06-19 19:19:36,068 - INFO - ⌛ Esperando mudança visual...
2026-06-19 19:19:37,083 - INFO - ⌛ Esperando mudança visual...
2026-06-19 19:19:38,100 - INFO - ⌛ Esperando mudança visual...
2026-06-19 19:19:39,115 - INFO - ⌛ Esperando mudança visual...
2026-06-19 19:19:40,131 - INFO - ⌛ Esperando mudança visual...
2026-06-19 19:19:41,146 - INFO - ⌛ Esperando mudança visual...
2026-06-19 19:19:42,164 - INFO - ⌛ Esperando mudança visual...
2026-06-19 19:19:43,178 - INFO - ✅ Tela carregada!
2026-06-19 19:19:47,180 - INFO - 
=== rotina desbloquear_os ===
2026-06-19 19:20:13,648 - INFO - ⌛ Aguardando janela de confirmação de desbloqueio...
2026-06-19 19:20:29,071 - INFO - 🟨 Registros desbloqueados com sucesso
2026-06-19 19:20:33,175 - INFO - 
=== rotina editar_os ===
2026-06-19 19:20:42,601 - INFO - ⌛ Aguardando janela de edição de OS...
2026-06-19 19:20:58,090 - INFO - 🟨 OS programadas detectadas
2026-06-19 19:21:01,193 - INFO - ⌛ Aguardando janela de edição de OS...
2026-06-19 19:21:16,654 - INFO - 🟨 Janela de edição de OS detectada
2026-06-19 19:21:38,020 - INFO - 🟨 Janela de edição de habilidade da turma detectada
2026-06-19 19:22:56,338 - INFO - ⌛ Aguardando detecção do campo de caracteristica 'EQUIPE PRÓPRIA OU EPS' ...
2026-06-19 19:23:15,699 - INFO - 🟨 campo de caracteristica 'EQUIPE PRÓPRIA OU EPS detectado
2026-06-19 19:23:37,526 - INFO - ⌛ Aguardando confirmação 4 - editar OS...
2026-06-19 19:23:53,016 - INFO - ⌛ Aguardando confirmação 4 - editar OS...
2026-06-19 19:23:53,164 - INFO - 🟨 Identificado travamento no EQM, reiniciando contador de espera
2026-06-19 19:24:08,546 - INFO - ⌛ Aguardando confirmação 4 - editar OS...
2026-06-19 19:24:24,048 - INFO - 🟨 Janela de confirmação 4 de edição de OS detectada
2026-06-19 19:24:28,151 - INFO - 
=== rotina programar_os ===
2026-06-19 19:24:54,675 - INFO - ⌛ Aguardando janela de confirmação de programação de OS...
2026-06-19 19:25:20,160 - INFO - 🟨 Janela de confirmação de programação de OS detectada
2026-06-19 19:25:33,414 - INFO - 🟨 Janela de aviso de edição de OS programadas detectada
2026-06-19 19:25:40,621 - INFO - ⌛ aguardando janela de programação de lote de OS...
2026-06-19 19:26:06,116 - INFO - 🟨 Janela de aviso de substituição de lote de OS detectada
2026-06-19 19:26:26,221 - INFO - ⌛ aguardando janela de programação de lote de OS...
2026-06-19 19:26:51,737 - INFO - 🟨 Janela de programação de lote de OS detectada
2026-06-19 19:27:41,237 - INFO - 🟨 Janela de confirmação de programação de lote de OS detectada
2026-06-19 19:27:45,464 - INFO - ⌛ aguardando confirmação final de programação do lote
2026-06-19 19:28:10,990 - INFO - 🟨 programação do lote 4 efetuado com sucesso
2026-06-19 19:28:21,097 - INFO - 
=== Iniciando lote 5/470 [REDES] ===
2026-06-19 19:28:21,098 - INFO - 
=== abrir_janela_selecao ===
2026-06-19 19:28:27,405 - INFO - 
=== rotina abrir_selecao_colar_os ===
2026-06-19 19:28:27,472 - INFO - Janela de seleção aberta
2026-06-19 19:28:31,695 - INFO - DEBUG: idx=4, inicio=100, fim=125
2026-06-19 19:28:31,695 - INFO - ✅ 25 OS copiadas para a área de transferência.
2026-06-19 19:28:31,695 - INFO - 📋 Lote 5 copiado.
2026-06-19 19:28:40,023 - INFO - ⌛ Esperando mudança visual...
2026-06-19 19:28:41,041 - INFO - ⌛ Esperando mudança visual...
2026-06-19 19:28:42,055 - INFO - ⌛ Esperando mudança visual...
2026-06-19 19:28:43,071 - INFO - ⌛ Esperando mudança visual...
2026-06-19 19:28:44,086 - INFO - ⌛ Esperando mudança visual...
2026-06-19 19:28:45,102 - INFO - ⌛ Esperando mudança visual...
2026-06-19 19:28:46,117 - INFO - ⌛ Esperando mudança visual...
2026-06-19 19:28:47,133 - INFO - ⌛ Esperando mudança visual...
2026-06-19 19:28:48,149 - INFO - ⌛ Esperando mudança visual...
2026-06-19 19:28:49,166 - INFO - ✅ Tela carregada!
2026-06-19 19:28:53,168 - INFO - 
=== rotina desbloquear_os ===
2026-06-19 19:29:19,644 - INFO - ⌛ Aguardando janela de confirmação de desbloqueio...
2026-06-19 19:29:35,034 - INFO - 🟨 Registros desbloqueados com sucesso
2026-06-19 19:29:39,139 - INFO - 
=== rotina editar_os ===
2026-06-19 19:29:48,547 - INFO - ⌛ Aguardando janela de edição de OS...
2026-06-19 19:30:03,972 - INFO - 🟨 OS programadas detectadas
2026-06-19 19:30:07,076 - INFO - ⌛ Aguardando janela de edição de OS...
2026-06-19 19:30:22,537 - INFO - 🟨 Janela de edição de OS detectada
2026-06-19 19:30:43,899 - INFO - 🟨 Janela de edição de habilidade da turma detectada
2026-06-19 19:32:02,206 - INFO - ⌛ Aguardando detecção do campo de caracteristica 'EQUIPE PRÓPRIA OU EPS' ...
2026-06-19 19:32:21,568 - INFO - 🟨 campo de caracteristica 'EQUIPE PRÓPRIA OU EPS detectado
2026-06-19 19:32:43,339 - INFO - ⌛ Aguardando confirmação 4 - editar OS...
2026-06-19 19:32:58,801 - INFO - ⌛ Aguardando confirmação 4 - editar OS...
2026-06-19 19:33:14,225 - INFO - ⌛ Aguardando confirmação 4 - editar OS...
2026-06-19 19:33:29,677 - INFO - 🟨 Janela de confirmação 4 de edição de OS detectada
2026-06-19 19:33:33,781 - INFO - 
=== rotina programar_os ===
2026-06-19 19:34:00,286 - INFO - ⌛ Aguardando janela de confirmação de programação de OS...
2026-06-19 19:34:25,744 - INFO - 🟨 Janela de confirmação de programação de OS detectada
2026-06-19 19:34:38,999 - INFO - 🟨 Janela de aviso de edição de OS programadas detectada
2026-06-19 19:34:46,221 - INFO - ⌛ aguardando janela de programação de lote de OS...
2026-06-19 19:35:11,725 - INFO - 🟨 Janela de aviso de substituição de lote de OS detectada
2026-06-19 19:35:31,842 - INFO - ⌛ aguardando janela de programação de lote de OS...
2026-06-19 19:35:57,372 - INFO - 🟨 Janela de programação de lote de OS detectada
2026-06-19 19:36:46,923 - INFO - 🟨 Janela de confirmação de programação de lote de OS detectada
2026-06-19 19:36:51,181 - INFO - ⌛ aguardando confirmação final de programação do lote
2026-06-19 19:37:16,737 - INFO - 🟨 programação do lote 5 efetuado com sucesso
2026-06-19 19:37:26,843 - INFO - 
=== Iniciando lote 6/470 [REDES] ===
2026-06-19 19:37:26,843 - INFO - 
=== abrir_janela_selecao ===
2026-06-19 19:37:33,151 - INFO - 
=== rotina abrir_selecao_colar_os ===
2026-06-19 19:37:33,192 - INFO - Janela de seleção aberta
2026-06-19 19:37:37,417 - INFO - DEBUG: idx=5, inicio=125, fim=150
2026-06-19 19:37:37,417 - INFO - ✅ 25 OS copiadas para a área de transferência.
2026-06-19 19:37:37,418 - INFO - 📋 Lote 6 copiado.
2026-06-19 19:37:45,748 - INFO - ⌛ Esperando mudança visual...
2026-06-19 19:37:46,764 - INFO - ⌛ Esperando mudança visual...
2026-06-19 19:37:47,778 - INFO - ⌛ Esperando mudança visual...
2026-06-19 19:37:48,793 - INFO - ⌛ Esperando mudança visual...
2026-06-19 19:37:49,809 - INFO - ⌛ Esperando mudança visual...
2026-06-19 19:37:50,824 - INFO - ⌛ Esperando mudança visual...
2026-06-19 19:37:51,840 - INFO - ⌛ Esperando mudança visual...
2026-06-19 19:37:52,856 - INFO - ⌛ Esperando mudança visual...
2026-06-19 19:37:53,872 - INFO - ⌛ Esperando mudança visual...
2026-06-19 19:37:54,887 - INFO - ⌛ Esperando mudança visual...
2026-06-19 19:37:55,906 - INFO - ✅ Tela carregada!
2026-06-19 19:37:59,908 - INFO - 
=== rotina desbloquear_os ===
2026-06-19 19:38:26,373 - INFO - ⌛ Aguardando janela de confirmação de desbloqueio...
2026-06-19 19:38:41,794 - INFO - 🟨 Registros desbloqueados com sucesso
2026-06-19 19:38:45,898 - INFO - 
=== rotina editar_os ===
2026-06-19 19:38:55,302 - INFO - ⌛ Aguardando janela de edição de OS...
2026-06-19 19:39:10,736 - INFO - 🟨 OS programadas detectadas
2026-06-19 19:39:13,845 - INFO - ⌛ Aguardando janela de edição de OS...
2026-06-19 19:39:29,302 - INFO - 🟨 Janela de edição de OS detectada
2026-06-19 19:39:50,670 - INFO - 🟨 Janela de edição de habilidade da turma detectada
2026-06-19 19:41:08,976 - INFO - ⌛ Aguardando detecção do campo de caracteristica 'EQUIPE PRÓPRIA OU EPS' ...
2026-06-19 19:41:28,328 - INFO - 🟨 campo de caracteristica 'EQUIPE PRÓPRIA OU EPS detectado
2026-06-19 19:41:50,127 - INFO - ⌛ Aguardando confirmação 4 - editar OS...
2026-06-19 19:42:05,576 - INFO - ⌛ Aguardando confirmação 4 - editar OS...
2026-06-19 19:42:21,028 - INFO - ⌛ Aguardando confirmação 4 - editar OS...
2026-06-19 19:42:36,477 - INFO - 🟨 Janela de confirmação 4 de edição de OS detectada
2026-06-19 19:42:40,581 - INFO - 
=== rotina programar_os ===
2026-06-19 19:43:07,117 - INFO - ⌛ Aguardando janela de confirmação de programação de OS...
2026-06-19 19:43:32,575 - INFO - 🟨 Janela de confirmação de programação de OS detectada
2026-06-19 19:43:45,829 - INFO - 🟨 Janela de aviso de edição de OS programadas detectada
2026-06-19 19:43:53,050 - INFO - ⌛ aguardando janela de programação de lote de OS...
2026-06-19 19:44:18,580 - INFO - 🟨 Janela de aviso de substituição de lote de OS detectada
2026-06-19 19:44:38,684 - INFO - ⌛ aguardando janela de programação de lote de OS...
2026-06-19 19:45:04,182 - INFO - 🟨 Janela de programação de lote de OS detectada
2026-06-19 19:45:53,702 - INFO - 🟨 Janela de confirmação de programação de lote de OS detectada
2026-06-19 19:45:57,912 - INFO - ⌛ aguardando confirmação final de programação do lote
2026-06-19 19:46:23,407 - INFO - 🟨 programação do lote 6 efetuado com sucesso
2026-06-19 19:46:33,511 - INFO - 
=== Iniciando lote 7/470 [REDES] ===
2026-06-19 19:46:33,511 - INFO - 
=== abrir_janela_selecao ===
2026-06-19 19:46:39,821 - INFO - 
=== rotina abrir_selecao_colar_os ===
2026-06-19 19:46:39,868 - INFO - Janela de seleção aberta
2026-06-19 19:46:44,099 - INFO - DEBUG: idx=6, inicio=150, fim=175
2026-06-19 19:46:44,099 - INFO - ✅ 25 OS copiadas para a área de transferência.
2026-06-19 19:46:44,099 - INFO - 📋 Lote 7 copiado.
2026-06-19 19:46:52,424 - INFO - ⌛ Esperando mudança visual...
2026-06-19 19:46:53,440 - INFO - ⌛ Esperando mudança visual...
2026-06-19 19:46:54,453 - INFO - ⌛ Esperando mudança visual...
2026-06-19 19:46:55,469 - INFO - ⌛ Esperando mudança visual...
2026-06-19 19:46:56,485 - INFO - ⌛ Esperando mudança visual...
2026-06-19 19:46:57,500 - INFO - ⌛ Esperando mudança visual...
2026-06-19 19:46:58,516 - INFO - ⌛ Esperando mudança visual...
2026-06-19 19:46:59,531 - INFO - ⌛ Esperando mudança visual...
2026-06-19 19:47:00,547 - INFO - ⌛ Esperando mudança visual...
2026-06-19 19:47:01,563 - INFO - ✅ Tela carregada!
2026-06-19 19:47:05,565 - INFO - 
=== rotina desbloquear_os ===
2026-06-19 19:47:32,041 - INFO - ⌛ Aguardando janela de confirmação de desbloqueio...
2026-06-19 19:47:47,463 - INFO - 🟨 Registros desbloqueados com sucesso
2026-06-19 19:47:51,568 - INFO - 
=== rotina editar_os ===
2026-06-19 19:48:00,982 - INFO - ⌛ Aguardando janela de edição de OS...
2026-06-19 19:48:16,411 - INFO - 🟨 OS programadas detectadas
2026-06-19 19:48:19,520 - INFO - ⌛ Aguardando janela de edição de OS...
2026-06-19 19:48:34,984 - INFO - 🟨 Janela de edição de OS detectada
2026-06-19 19:48:56,341 - INFO - 🟨 Janela de edição de habilidade da turma detectada
2026-06-19 19:50:14,649 - INFO - ⌛ Aguardando detecção do campo de caracteristica 'EQUIPE PRÓPRIA OU EPS' ...
2026-06-19 19:50:33,989 - INFO - 🟨 campo de caracteristica 'EQUIPE PRÓPRIA OU EPS detectado
2026-06-19 19:50:55,777 - INFO - ⌛ Aguardando confirmação 4 - editar OS...
2026-06-19 19:51:11,232 - INFO - ⌛ Aguardando confirmação 4 - editar OS...
2026-06-19 19:51:26,666 - INFO - ⌛ Aguardando confirmação 4 - editar OS...
2026-06-19 19:51:42,111 - INFO - 🟨 Janela de confirmação 4 de edição de OS detectada
2026-06-19 19:51:46,219 - INFO - 
=== rotina programar_os ===
2026-06-19 19:52:12,737 - INFO - ⌛ Aguardando janela de confirmação de programação de OS...
2026-06-19 19:52:38,165 - INFO - 🟨 Janela de confirmação de programação de OS detectada
2026-06-19 19:52:51,415 - INFO - 🟨 Janela de aviso de edição de OS programadas detectada
2026-06-19 19:52:58,634 - INFO - ⌛ aguardando janela de programação de lote de OS...
2026-06-19 19:53:24,182 - INFO - 🟨 Janela de aviso de substituição de lote de OS detectada
2026-06-19 19:53:44,285 - INFO - ⌛ aguardando janela de programação de lote de OS...
2026-06-19 19:54:09,787 - INFO - 🟨 Janela de programação de lote de OS detectada
2026-06-19 19:54:59,293 - INFO - 🟨 Janela de confirmação de programação de lote de OS detectada
2026-06-19 19:55:03,498 - INFO - ⌛ aguardando confirmação final de programação do lote
2026-06-19 19:55:28,924 - INFO - 🟨 programação do lote 7 efetuado com sucesso
2026-06-19 19:55:39,031 - INFO - 
=== Iniciando lote 8/470 [REDES] ===
2026-06-19 19:55:39,031 - INFO - 
=== abrir_janela_selecao ===
2026-06-19 19:55:45,338 - INFO - 
=== rotina abrir_selecao_colar_os ===
2026-06-19 19:55:45,387 - INFO - Janela de seleção aberta
2026-06-19 19:55:49,618 - INFO - DEBUG: idx=7, inicio=175, fim=200
2026-06-19 19:55:49,618 - INFO - ✅ 25 OS copiadas para a área de transferência.
2026-06-19 19:55:49,618 - INFO - 📋 Lote 8 copiado.
2026-06-19 19:55:57,941 - INFO - ⌛ Esperando mudança visual...
2026-06-19 19:55:58,958 - INFO - ⌛ Esperando mudança visual...
2026-06-19 19:55:59,973 - INFO - ⌛ Esperando mudança visual...
2026-06-19 19:56:00,988 - INFO - ⌛ Esperando mudança visual...
2026-06-19 19:56:02,004 - INFO - ⌛ Esperando mudança visual...
2026-06-19 19:56:03,020 - INFO - ⌛ Esperando mudança visual...
2026-06-19 19:56:04,035 - INFO - ⌛ Esperando mudança visual...
2026-06-19 19:56:05,051 - INFO - ⌛ Esperando mudança visual...
2026-06-19 19:56:06,067 - INFO - ⌛ Esperando mudança visual...
2026-06-19 19:56:07,082 - INFO - ⌛ Esperando mudança visual...
2026-06-19 19:56:08,098 - INFO - ✅ Tela carregada!
2026-06-19 19:56:12,101 - INFO - 
=== rotina desbloquear_os ===
2026-06-19 19:56:38,582 - INFO - ⌛ Aguardando janela de confirmação de desbloqueio...
2026-06-19 19:56:53,963 - INFO - 🟨 Registros desbloqueados com sucesso
2026-06-19 19:56:58,066 - INFO - 
=== rotina editar_os ===
2026-06-19 19:57:07,484 - INFO - ⌛ Aguardando janela de edição de OS...
2026-06-19 19:57:22,898 - INFO - 🟨 OS programadas detectadas
2026-06-19 19:57:26,006 - INFO - ⌛ Aguardando janela de edição de OS...
2026-06-19 19:57:41,440 - INFO - 🟨 Janela de edição de OS detectada
2026-06-19 19:58:02,814 - INFO - 🟨 Janela de edição de habilidade da turma detectada
2026-06-19 19:59:21,125 - INFO - ⌛ Aguardando detecção do campo de caracteristica 'EQUIPE PRÓPRIA OU EPS' ...
2026-06-19 19:59:40,481 - INFO - 🟨 campo de caracteristica 'EQUIPE PRÓPRIA OU EPS detectado
2026-06-19 20:00:02,241 - INFO - ⌛ Aguardando confirmação 4 - editar OS...
2026-06-19 20:00:17,712 - INFO - ⌛ Aguardando confirmação 4 - editar OS...
2026-06-19 20:00:33,170 - INFO - ⌛ Aguardando confirmação 4 - editar OS...
2026-06-19 20:00:48,634 - INFO - 🟨 Janela de confirmação 4 de edição de OS detectada
2026-06-19 20:00:52,736 - INFO - 
=== rotina programar_os ===
2026-06-19 20:01:19,299 - INFO - ⌛ Aguardando janela de confirmação de programação de OS...
2026-06-19 20:01:44,736 - INFO - 🟨 Janela de confirmação de programação de OS detectada
2026-06-19 20:01:57,995 - INFO - 🟨 Janela de aviso de edição de OS programadas detectada
2026-06-19 20:02:05,207 - INFO - ⌛ aguardando janela de programação de lote de OS...
2026-06-19 20:02:30,696 - INFO - 🟨 Janela de aviso de substituição de lote de OS detectada
2026-06-19 20:02:50,803 - INFO - ⌛ aguardando janela de programação de lote de OS...
2026-06-19 20:03:16,362 - INFO - 🟨 Janela de programação de lote de OS detectada
2026-06-19 20:04:05,896 - INFO - 🟨 Janela de confirmação de programação de lote de OS detectada
2026-06-19 20:04:10,118 - INFO - ⌛ aguardando confirmação final de programação do lote
2026-06-19 20:04:35,611 - INFO - 🟨 programação do lote 8 efetuado com sucesso
2026-06-19 20:04:45,715 - INFO - 
=== Iniciando lote 9/470 [REDES] ===
2026-06-19 20:04:45,715 - INFO - 
=== abrir_janela_selecao ===
2026-06-19 20:04:52,033 - INFO - 
=== rotina abrir_selecao_colar_os ===
2026-06-19 20:04:52,072 - INFO - Janela de seleção aberta
2026-06-19 20:04:56,301 - INFO - DEBUG: idx=8, inicio=200, fim=225
2026-06-19 20:04:56,301 - INFO - ✅ 25 OS copiadas para a área de transferência.
2026-06-19 20:04:56,301 - INFO - 📋 Lote 9 copiado.
2026-06-19 20:05:04,628 - INFO - ⌛ Esperando mudança visual...
2026-06-19 20:05:05,644 - INFO - ⌛ Esperando mudança visual...
2026-06-19 20:05:06,659 - INFO - ⌛ Esperando mudança visual...
2026-06-19 20:05:07,673 - INFO - ⌛ Esperando mudança visual...
2026-06-19 20:05:08,689 - INFO - ⌛ Esperando mudança visual...
2026-06-19 20:05:09,704 - INFO - ⌛ Esperando mudança visual...
2026-06-19 20:05:10,720 - INFO - ⌛ Esperando mudança visual...
2026-06-19 20:05:11,736 - INFO - ⌛ Esperando mudança visual...
2026-06-19 20:05:12,751 - INFO - ⌛ Esperando mudança visual...
2026-06-19 20:05:13,767 - INFO - ✅ Tela carregada!
2026-06-19 20:05:17,771 - INFO - 
=== rotina desbloquear_os ===
2026-06-19 20:05:44,270 - INFO - ⌛ Aguardando janela de confirmação de desbloqueio...
2026-06-19 20:05:59,688 - INFO - 🟨 Registros desbloqueados com sucesso
2026-06-19 20:06:03,791 - INFO - 
=== rotina editar_os ===
2026-06-19 20:06:13,252 - INFO - ⌛ Aguardando janela de edição de OS...
2026-06-19 20:06:28,779 - INFO - 🟨 OS programadas detectadas
2026-06-19 20:06:31,882 - INFO - ⌛ Aguardando janela de edição de OS...
2026-06-19 20:06:47,336 - INFO - 🟨 Janela de edição de OS detectada
2026-06-19 20:07:08,695 - INFO - 🟨 Janela de edição de habilidade da turma detectada
2026-06-19 20:08:27,006 - INFO - ⌛ Aguardando detecção do campo de caracteristica 'EQUIPE PRÓPRIA OU EPS' ...
2026-06-19 20:08:46,368 - INFO - 🟨 campo de caracteristica 'EQUIPE PRÓPRIA OU EPS detectado
2026-06-19 20:09:08,159 - INFO - ⌛ Aguardando confirmação 4 - editar OS...
2026-06-19 20:09:23,639 - INFO - ⌛ Aguardando confirmação 4 - editar OS...
2026-06-19 20:09:39,130 - INFO - ⌛ Aguardando confirmação 4 - editar OS...
2026-06-19 20:09:54,598 - INFO - 🟨 Janela de confirmação 4 de edição de OS detectada
2026-06-19 20:09:58,701 - INFO - 
=== rotina programar_os ===
2026-06-19 20:10:25,218 - INFO - ⌛ Aguardando janela de confirmação de programação de OS...
2026-06-19 20:10:50,642 - INFO - 🟨 Janela de confirmação de programação de OS detectada
2026-06-19 20:11:03,895 - INFO - 🟨 Janela de aviso de edição de OS programadas detectada
2026-06-19 20:11:11,107 - INFO - ⌛ aguardando janela de programação de lote de OS...
2026-06-19 20:11:36,597 - INFO - 🟨 Janela de aviso de substituição de lote de OS detectada
2026-06-19 20:11:56,707 - INFO - ⌛ aguardando janela de programação de lote de OS...
2026-06-19 20:12:22,241 - INFO - 🟨 Janela de programação de lote de OS detectada
2026-06-19 20:13:11,745 - INFO - 🟨 Janela de confirmação de programação de lote de OS detectada
2026-06-19 20:13:15,969 - INFO - ⌛ aguardando confirmação final de programação do lote
2026-06-19 20:13:41,449 - INFO - 🟨 programação do lote 9 efetuado com sucesso
2026-06-19 20:13:51,554 - INFO - 
=== Iniciando lote 10/470 [REDES] ===
2026-06-19 20:13:51,554 - INFO - 
=== abrir_janela_selecao ===
2026-06-19 20:13:57,862 - INFO - 
=== rotina abrir_selecao_colar_os ===
2026-06-19 20:13:57,906 - INFO - Janela de seleção aberta
2026-06-19 20:14:02,134 - INFO - DEBUG: idx=9, inicio=225, fim=250
2026-06-19 20:14:02,135 - INFO - ✅ 25 OS copiadas para a área de transferência.
2026-06-19 20:14:02,135 - INFO - 📋 Lote 10 copiado.
2026-06-19 20:14:10,462 - INFO - ⌛ Esperando mudança visual...
2026-06-19 20:14:11,477 - INFO - ⌛ Esperando mudança visual...
2026-06-19 20:14:12,491 - INFO - ⌛ Esperando mudança visual...
2026-06-19 20:14:13,506 - INFO - ⌛ Esperando mudança visual...
2026-06-19 20:14:14,522 - INFO - ⌛ Esperando mudança visual...
2026-06-19 20:14:15,539 - INFO - ⌛ Esperando mudança visual...
2026-06-19 20:14:16,556 - INFO - ⌛ Esperando mudança visual...
2026-06-19 20:14:17,568 - INFO - ⌛ Esperando mudança visual...
2026-06-19 20:14:18,587 - INFO - ⌛ Esperando mudança visual...
2026-06-19 20:14:19,601 - INFO - ✅ Tela carregada!
2026-06-19 20:14:23,603 - INFO - 
=== rotina desbloquear_os ===
2026-06-19 20:14:50,086 - INFO - ⌛ Aguardando janela de confirmação de desbloqueio...
2026-06-19 20:15:05,484 - INFO - 🟨 Registros desbloqueados com sucesso
2026-06-19 20:15:09,589 - INFO - 
=== rotina editar_os ===
2026-06-19 20:15:19,039 - INFO - ⌛ Aguardando janela de edição de OS...
2026-06-19 20:15:34,488 - INFO - 🟨 OS programadas detectadas
2026-06-19 20:15:37,591 - INFO - ⌛ Aguardando janela de edição de OS...
2026-06-19 20:15:53,081 - INFO - 🟨 Janela de edição de OS detectada
2026-06-19 20:16:14,450 - INFO - 🟨 Janela de edição de habilidade da turma detectada
2026-06-19 20:17:32,764 - INFO - ⌛ Aguardando detecção do campo de caracteristica 'EQUIPE PRÓPRIA OU EPS' ...
2026-06-19 20:17:52,125 - INFO - 🟨 campo de caracteristica 'EQUIPE PRÓPRIA OU EPS detectado
2026-06-19 20:18:13,942 - INFO - ⌛ Aguardando confirmação 4 - editar OS...
2026-06-19 20:18:29,407 - INFO - ⌛ Aguardando confirmação 4 - editar OS...
2026-06-19 20:18:44,884 - INFO - ⌛ Aguardando confirmação 4 - editar OS...
2026-06-19 20:19:00,313 - INFO - 🟨 Janela de confirmação 4 de edição de OS detectada
2026-06-19 20:19:04,422 - INFO - 
=== rotina programar_os ===
2026-06-19 20:19:30,949 - INFO - ⌛ Aguardando janela de confirmação de programação de OS...
2026-06-19 20:19:56,424 - INFO - 🟨 Janela de confirmação de programação de OS detectada
2026-06-19 20:20:09,700 - INFO - 🟨 Janela de aviso de edição de OS programadas detectada
2026-06-19 20:20:16,910 - INFO - ⌛ aguardando janela de programação de lote de OS...
2026-06-19 20:20:42,487 - INFO - 🟨 Janela de aviso de substituição de lote de OS detectada
2026-06-19 20:21:02,591 - INFO - ⌛ aguardando janela de programação de lote de OS...
2026-06-19 20:21:28,100 - INFO - 🟨 Janela de programação de lote de OS detectada
2026-06-19 20:22:17,656 - INFO - 🟨 Janela de confirmação de programação de lote de OS detectada
2026-06-19 20:22:21,880 - INFO - ⌛ aguardando confirmação final de programação do lote
2026-06-19 20:22:47,381 - INFO - 🟨 programação do lote 10 efetuado com sucesso
2026-06-19 20:22:57,485 - INFO - 
=== Iniciando lote 11/470 [REDES] ===
2026-06-19 20:22:57,485 - INFO - 
=== abrir_janela_selecao ===
2026-06-19 20:23:03,794 - INFO - 
=== rotina abrir_selecao_colar_os ===
2026-06-19 20:23:03,837 - INFO - Janela de seleção aberta
2026-06-19 20:23:08,066 - INFO - DEBUG: idx=10, inicio=250, fim=275
2026-06-19 20:23:08,066 - INFO - ✅ 25 OS copiadas para a área de transferência.
2026-06-19 20:23:08,067 - INFO - 📋 Lote 11 copiado.
2026-06-19 20:23:16,394 - INFO - ⌛ Esperando mudança visual...
2026-06-19 20:23:17,408 - INFO - ⌛ Esperando mudança visual...
2026-06-19 20:23:18,426 - INFO - ⌛ Esperando mudança visual...
2026-06-19 20:23:19,439 - INFO - ⌛ Esperando mudança visual...
2026-06-19 20:23:20,455 - INFO - ⌛ Esperando mudança visual...
2026-06-19 20:23:21,471 - INFO - ⌛ Esperando mudança visual...
2026-06-19 20:23:22,485 - INFO - ⌛ Esperando mudança visual...
2026-06-19 20:23:23,502 - INFO - ⌛ Esperando mudança visual...
2026-06-19 20:23:24,519 - INFO - ⌛ Esperando mudança visual...
2026-06-19 20:23:25,533 - INFO - ✅ Tela carregada!
2026-06-19 20:23:29,537 - INFO - 
=== rotina desbloquear_os ===
2026-06-19 20:23:56,010 - INFO - ⌛ Aguardando janela de confirmação de desbloqueio...
2026-06-19 20:24:11,423 - INFO - 🟨 Registros desbloqueados com sucesso
2026-06-19 20:24:15,526 - INFO - 
=== rotina editar_os ===
2026-06-19 20:24:24,938 - INFO - ⌛ Aguardando janela de edição de OS...
2026-06-19 20:24:40,414 - INFO - 🟨 OS programadas detectadas
2026-06-19 20:24:43,521 - INFO - ⌛ Aguardando janela de edição de OS...
2026-06-19 20:24:58,991 - INFO - 🟨 Janela de edição de OS detectada
2026-06-19 20:25:20,358 - INFO - 🟨 Janela de edição de habilidade da turma detectada
2026-06-19 20:26:38,669 - INFO - ⌛ Aguardando detecção do campo de caracteristica 'EQUIPE PRÓPRIA OU EPS' ...
2026-06-19 20:26:58,014 - INFO - 🟨 campo de caracteristica 'EQUIPE PRÓPRIA OU EPS detectado
2026-06-19 20:27:19,780 - INFO - ⌛ Aguardando confirmação 4 - editar OS...
2026-06-19 20:27:35,199 - INFO - ⌛ Aguardando confirmação 4 - editar OS...
2026-06-19 20:27:50,652 - INFO - ⌛ Aguardando confirmação 4 - editar OS...
2026-06-19 20:28:06,084 - INFO - 🟨 Janela de confirmação 4 de edição de OS detectada
2026-06-19 20:28:10,186 - INFO - 
=== rotina programar_os ===
2026-06-19 20:28:36,699 - INFO - ⌛ Aguardando janela de confirmação de programação de OS...
2026-06-19 20:29:02,126 - INFO - 🟨 Janela de confirmação de programação de OS detectada
2026-06-19 20:29:15,381 - INFO - 🟨 Janela de aviso de edição de OS programadas detectada
2026-06-19 20:29:22,585 - INFO - ⌛ aguardando janela de programação de lote de OS...
2026-06-19 20:29:48,095 - INFO - 🟨 Janela de aviso de substituição de lote de OS detectada
2026-06-19 20:30:08,204 - INFO - ⌛ aguardando janela de programação de lote de OS...
2026-06-19 20:30:33,737 - INFO - ⌛ aguardando janela de programação de lote de OS...
2026-06-19 20:30:33,968 - INFO - 🟨 Identificado falha no EQM
2026-06-19 20:30:33,968 - INFO - Capturando print...
2026-06-19 20:31:19,560 - INFO - ⌛ Aguardando janela de confirmação de programação de OS...
2026-06-19 20:31:44,985 - INFO - 🟨 Janela de confirmação de programação de OS detectada
2026-06-19 20:31:58,238 - INFO - 🟨 Janela de aviso de edição de OS programadas detectada
2026-06-19 20:32:05,443 - INFO - ⌛ aguardando janela de programação de lote de OS...
2026-06-19 20:32:30,951 - INFO - 🟨 Janela de aviso de substituição de lote de OS detectada
2026-06-19 20:32:51,059 - INFO - ⌛ aguardando janela de programação de lote de OS...
2026-06-19 20:33:16,552 - INFO - 🟨 Janela de programação de lote de OS detectada
2026-06-19 20:34:06,058 - INFO - 🟨 Janela de confirmação de programação de lote de OS detectada
2026-06-19 20:34:10,273 - INFO - ⌛ aguardando confirmação final de programação do lote
2026-06-19 20:34:35,731 - INFO - 🟨 programação do lote 11 efetuado com sucesso
2026-06-19 20:34:45,834 - INFO - 
=== Iniciando lote 12/470 [REDES] ===
2026-06-19 20:34:45,835 - INFO - 
=== abrir_janela_selecao ===
2026-06-19 20:34:52,143 - INFO - 
=== rotina abrir_selecao_colar_os ===
2026-06-19 20:34:52,193 - INFO - Janela de seleção aberta
2026-06-19 20:34:56,422 - INFO - DEBUG: idx=11, inicio=275, fim=300
2026-06-19 20:34:56,423 - INFO - ✅ 25 OS copiadas para a área de transferência.
2026-06-19 20:34:56,423 - INFO - 📋 Lote 12 copiado.
2026-06-19 20:35:04,749 - INFO - ⌛ Esperando mudança visual...
2026-06-19 20:35:05,762 - INFO - ⌛ Esperando mudança visual...
2026-06-19 20:35:06,778 - INFO - ⌛ Esperando mudança visual...
2026-06-19 20:35:07,794 - INFO - ⌛ Esperando mudança visual...
2026-06-19 20:35:08,811 - INFO - ⌛ Esperando mudança visual...
2026-06-19 20:35:09,826 - INFO - ⌛ Esperando mudança visual...
2026-06-19 20:35:10,843 - INFO - ⌛ Esperando mudança visual...
2026-06-19 20:35:11,856 - INFO - ⌛ Esperando mudança visual...
2026-06-19 20:35:12,874 - INFO - ⌛ Esperando mudança visual...
2026-06-19 20:35:13,890 - INFO - ✅ Tela carregada!
2026-06-19 20:35:17,892 - INFO - 
=== rotina desbloquear_os ===
2026-06-19 20:35:44,389 - INFO - ⌛ Aguardando janela de confirmação de desbloqueio...
2026-06-19 20:35:59,768 - INFO - 🟨 Registros desbloqueados com sucesso
2026-06-19 20:36:03,876 - INFO - 
=== rotina editar_os ===
2026-06-19 20:36:13,287 - INFO - ⌛ Aguardando janela de edição de OS...
2026-06-19 20:36:28,739 - INFO - 🟨 OS programadas detectadas
2026-06-19 20:36:31,842 - INFO - ⌛ Aguardando janela de edição de OS...
2026-06-19 20:36:47,293 - INFO - 🟨 Janela de edição de OS detectada
2026-06-19 20:37:08,641 - INFO - 🟨 Janela de edição de habilidade da turma detectada
2026-06-19 20:38:26,938 - INFO - ⌛ Aguardando detecção do campo de caracteristica 'EQUIPE PRÓPRIA OU EPS' ...
2026-06-19 20:38:46,286 - INFO - 🟨 campo de caracteristica 'EQUIPE PRÓPRIA OU EPS detectado
2026-06-19 20:39:08,045 - INFO - ⌛ Aguardando confirmação 4 - editar OS...
2026-06-19 20:39:23,522 - INFO - ⌛ Aguardando confirmação 4 - editar OS...
2026-06-19 20:39:38,989 - INFO - ⌛ Aguardando confirmação 4 - editar OS...
2026-06-19 20:39:54,417 - INFO - 🟨 Janela de confirmação 4 de edição de OS detectada
2026-06-19 20:39:58,525 - INFO - 
=== rotina programar_os ===
2026-06-19 20:40:25,048 - INFO - ⌛ Aguardando janela de confirmação de programação de OS...
2026-06-19 20:40:50,483 - INFO - 🟨 Janela de confirmação de programação de OS detectada
2026-06-19 20:41:03,736 - INFO - 🟨 Janela de aviso de edição de OS programadas detectada
2026-06-19 20:41:10,944 - INFO - ⌛ aguardando janela de programação de lote de OS...
2026-06-19 20:41:36,445 - INFO - 🟨 Janela de aviso de substituição de lote de OS detectada
2026-06-19 20:41:56,559 - INFO - ⌛ aguardando janela de programação de lote de OS...
2026-06-19 20:42:22,056 - INFO - 🟨 Janela de programação de lote de OS detectada
2026-06-19 20:43:11,593 - INFO - 🟨 Janela de confirmação de programação de lote de OS detectada
2026-06-19 20:43:15,823 - INFO - ⌛ aguardando confirmação final de programação do lote
2026-06-19 20:43:41,262 - INFO - 🟨 programação do lote 12 efetuado com sucesso
2026-06-19 20:43:51,369 - INFO - 
=== Iniciando lote 13/470 [REDES] ===
2026-06-19 20:43:51,370 - INFO - 
=== abrir_janela_selecao ===
2026-06-19 20:43:57,677 - INFO - 
=== rotina abrir_selecao_colar_os ===
2026-06-19 20:43:57,725 - INFO - Janela de seleção aberta
2026-06-19 20:44:01,959 - INFO - DEBUG: idx=12, inicio=300, fim=325
2026-06-19 20:44:01,959 - INFO - ✅ 25 OS copiadas para a área de transferência.
2026-06-19 20:44:01,960 - INFO - 📋 Lote 13 copiado.
2026-06-19 20:44:10,280 - INFO - ⌛ Esperando mudança visual...
2026-06-19 20:44:11,295 - INFO - ⌛ Esperando mudança visual...
2026-06-19 20:44:12,313 - INFO - ⌛ Esperando mudança visual...
2026-06-19 20:44:13,326 - INFO - ⌛ Esperando mudança visual...
2026-06-19 20:44:14,342 - INFO - ⌛ Esperando mudança visual...
2026-06-19 20:44:15,358 - INFO - ⌛ Esperando mudança visual...
2026-06-19 20:44:16,374 - INFO - ⌛ Esperando mudança visual...
2026-06-19 20:44:17,389 - INFO - ⌛ Esperando mudança visual...
2026-06-19 20:44:18,405 - INFO - ⌛ Esperando mudança visual...
2026-06-19 20:44:19,420 - INFO - ✅ Tela carregada!
2026-06-19 20:44:23,425 - INFO - 
=== rotina desbloquear_os ===
2026-06-19 20:44:49,890 - INFO - ⌛ Aguardando janela de confirmação de desbloqueio...
2026-06-19 20:45:05,275 - INFO - 🟨 Registros desbloqueados com sucesso
2026-06-19 20:45:09,379 - INFO - 
=== rotina editar_os ===
2026-06-19 20:45:18,799 - INFO - ⌛ Aguardando janela de edição de OS...
2026-06-19 20:45:34,238 - INFO - 🟨 OS programadas detectadas
2026-06-19 20:45:37,341 - INFO - ⌛ Aguardando janela de edição de OS...
2026-06-19 20:45:52,787 - INFO - 🟨 Janela de edição de OS detectada
2026-06-19 20:46:14,141 - INFO - 🟨 Janela de edição de habilidade da turma detectada
2026-06-19 20:47:32,448 - INFO - ⌛ Aguardando detecção do campo de caracteristica 'EQUIPE PRÓPRIA OU EPS' ...
2026-06-19 20:47:51,820 - INFO - 🟨 campo de caracteristica 'EQUIPE PRÓPRIA OU EPS detectado
2026-06-19 20:48:13,583 - INFO - ⌛ Aguardando confirmação 4 - editar OS...
2026-06-19 20:48:28,992 - INFO - ⌛ Aguardando confirmação 4 - editar OS...
2026-06-19 20:48:44,487 - INFO - ⌛ Aguardando confirmação 4 - editar OS...
2026-06-19 20:49:00,028 - INFO - 🟨 Janela de confirmação 4 de edição de OS detectada
2026-06-19 20:49:04,130 - INFO - 
=== rotina programar_os ===
2026-06-19 20:49:30,641 - INFO - ⌛ Aguardando janela de confirmação de programação de OS...
2026-06-19 20:49:56,062 - INFO - 🟨 Janela de confirmação de programação de OS detectada
2026-06-19 20:50:09,320 - INFO - 🟨 Janela de aviso de edição de OS programadas detectada
2026-06-19 20:50:16,540 - INFO - ⌛ aguardando janela de programação de lote de OS...
2026-06-19 20:50:42,046 - INFO - 🟨 Janela de aviso de substituição de lote de OS detectada
2026-06-19 20:51:02,160 - INFO - ⌛ aguardando janela de programação de lote de OS...
2026-06-19 20:51:27,651 - INFO - 🟨 Janela de programação de lote de OS detectada
2026-06-19 20:52:17,175 - INFO - 🟨 Janela de confirmação de programação de lote de OS detectada
2026-06-19 20:52:21,392 - INFO - ⌛ aguardando confirmação final de programação do lote
2026-06-19 20:52:46,841 - INFO - 🟨 programação do lote 13 efetuado com sucesso
2026-06-19 20:52:56,954 - INFO - 
=== Iniciando lote 14/470 [REDES] ===
2026-06-19 20:52:56,954 - INFO - 
=== abrir_janela_selecao ===
2026-06-19 20:53:03,263 - INFO - 
=== rotina abrir_selecao_colar_os ===
2026-06-19 20:53:03,309 - INFO - Janela de seleção aberta
2026-06-19 20:53:07,539 - INFO - DEBUG: idx=13, inicio=325, fim=350
2026-06-19 20:53:07,539 - INFO - ✅ 25 OS copiadas para a área de transferência.
2026-06-19 20:53:07,539 - INFO - 📋 Lote 14 copiado.
2026-06-19 20:53:15,864 - INFO - ⌛ Esperando mudança visual...
2026-06-19 20:53:16,879 - INFO - ⌛ Esperando mudança visual...
2026-06-19 20:53:17,895 - INFO - ⌛ Esperando mudança visual...
2026-06-19 20:53:18,910 - INFO - ⌛ Esperando mudança visual...
2026-06-19 20:53:19,927 - INFO - ⌛ Esperando mudança visual...
2026-06-19 20:53:20,942 - INFO - ⌛ Esperando mudança visual...
2026-06-19 20:53:21,958 - INFO - ⌛ Esperando mudança visual...
2026-06-19 20:53:22,973 - INFO - ⌛ Esperando mudança visual...
2026-06-19 20:53:23,988 - INFO - ⌛ Esperando mudança visual...
2026-06-19 20:53:25,004 - INFO - ✅ Tela carregada!
2026-06-19 20:53:29,007 - INFO - 
=== rotina desbloquear_os ===
2026-06-19 20:53:55,476 - INFO - ⌛ Aguardando janela de confirmação de desbloqueio...
2026-06-19 20:54:10,865 - INFO - 🟨 Registros desbloqueados com sucesso
2026-06-19 20:54:14,969 - INFO - 
=== rotina editar_os ===
2026-06-19 20:54:24,371 - INFO - ⌛ Aguardando janela de edição de OS...
2026-06-19 20:54:39,802 - INFO - 🟨 OS programadas detectadas
2026-06-19 20:54:42,909 - INFO - ⌛ Aguardando janela de edição de OS...
2026-06-19 20:54:58,338 - INFO - 🟨 Janela de edição de OS detectada
2026-06-19 20:55:19,698 - INFO - 🟨 Janela de edição de habilidade da turma detectada
2026-06-19 20:56:37,998 - INFO - ⌛ Aguardando detecção do campo de caracteristica 'EQUIPE PRÓPRIA OU EPS' ...
2026-06-19 20:56:57,380 - INFO - 🟨 campo de caracteristica 'EQUIPE PRÓPRIA OU EPS detectado
2026-06-19 20:57:19,164 - INFO - ⌛ Aguardando confirmação 4 - editar OS...
2026-06-19 20:57:34,593 - INFO - ⌛ Aguardando confirmação 4 - editar OS...
2026-06-19 20:57:50,037 - INFO - ⌛ Aguardando confirmação 4 - editar OS...
2026-06-19 20:58:05,489 - INFO - 🟨 Janela de confirmação 4 de edição de OS detectada
2026-06-19 20:58:09,592 - INFO - 
=== rotina programar_os ===
2026-06-19 20:58:36,107 - INFO - ⌛ Aguardando janela de confirmação de programação de OS...
2026-06-19 20:59:01,546 - INFO - 🟨 Janela de confirmação de programação de OS detectada
2026-06-19 20:59:14,795 - INFO - 🟨 Janela de aviso de edição de OS programadas detectada
2026-06-19 20:59:22,011 - INFO - ⌛ aguardando janela de programação de lote de OS...
2026-06-19 20:59:47,487 - INFO - 🟨 Janela de aviso de substituição de lote de OS detectada
2026-06-19 21:00:07,590 - INFO - ⌛ aguardando janela de programação de lote de OS...
2026-06-19 21:00:07,821 - INFO - 🟨 Identificado falha no EQM
2026-06-19 21:00:07,821 - INFO - Capturando print...
2026-06-19 21:00:53,401 - INFO - ⌛ Aguardando janela de confirmação de programação de OS...
2026-06-19 21:01:18,988 - INFO - 🟨 Janela de confirmação de programação de OS detectada
2026-06-19 21:01:32,309 - INFO - 🟨 Janela de aviso de edição de OS programadas detectada
2026-06-19 21:01:39,526 - INFO - ⌛ aguardando janela de programação de lote de OS...
2026-06-19 21:02:05,213 - INFO - 🟨 Janela de aviso de substituição de lote de OS detectada
2026-06-19 21:02:25,326 - INFO - ⌛ aguardando janela de programação de lote de OS...
2026-06-19 21:02:50,925 - INFO - 🟨 Janela de programação de lote de OS detectada
2026-06-19 21:03:40,442 - INFO - 🟨 Janela de confirmação de programação de lote de OS detectada
2026-06-19 21:03:44,637 - INFO - ⌛ aguardando confirmação final de programação do lote
2026-06-19 21:04:10,090 - INFO - 🟨 programação do lote 14 efetuado com sucesso
2026-06-19 21:04:20,198 - INFO - 
=== Iniciando lote 15/470 [REDES] ===
2026-06-19 21:04:20,198 - INFO - 
=== abrir_janela_selecao ===
2026-06-19 21:04:26,512 - INFO - 
=== rotina abrir_selecao_colar_os ===
2026-06-19 21:04:26,587 - INFO - Janela de seleção aberta
2026-06-19 21:04:30,842 - INFO - DEBUG: idx=14, inicio=350, fim=375
2026-06-19 21:04:30,843 - INFO - ✅ 25 OS copiadas para a área de transferência.
2026-06-19 21:04:30,843 - INFO - 📋 Lote 15 copiado.
2026-06-19 21:04:39,180 - INFO - ⌛ Esperando mudança visual...
2026-06-19 21:04:40,192 - INFO - ⌛ Esperando mudança visual...
2026-06-19 21:04:41,205 - INFO - ⌛ Esperando mudança visual...
2026-06-19 21:04:42,222 - INFO - ⌛ Esperando mudança visual...
2026-06-19 21:04:43,238 - INFO - ⌛ Esperando mudança visual...
2026-06-19 21:04:44,253 - INFO - ⌛ Esperando mudança visual...
2026-06-19 21:04:45,268 - INFO - ⌛ Esperando mudança visual...
2026-06-19 21:04:46,284 - INFO - ⌛ Esperando mudança visual...
2026-06-19 21:04:47,299 - INFO - ⌛ Esperando mudança visual...
2026-06-19 21:04:48,315 - INFO - ✅ Tela carregada!
2026-06-19 21:04:52,318 - INFO - 
=== rotina desbloquear_os ===
2026-06-19 21:05:18,798 - INFO - ⌛ Aguardando janela de confirmação de desbloqueio...
2026-06-19 21:05:34,164 - INFO - 🟨 Registros desbloqueados com sucesso
2026-06-19 21:05:38,269 - INFO - 
=== rotina editar_os ===
2026-06-19 21:05:47,691 - INFO - ⌛ Aguardando janela de edição de OS...
2026-06-19 21:06:03,130 - INFO - 🟨 OS programadas detectadas
2026-06-19 21:06:06,233 - INFO - ⌛ Aguardando janela de edição de OS...
2026-06-19 21:06:21,690 - INFO - 🟨 Janela de edição de OS detectada
2026-06-19 21:06:43,052 - INFO - 🟨 Janela de edição de habilidade da turma detectada
2026-06-19 21:08:01,342 - INFO - ⌛ Aguardando detecção do campo de caracteristica 'EQUIPE PRÓPRIA OU EPS' ...
2026-06-19 21:08:20,703 - INFO - 🟨 campo de caracteristica 'EQUIPE PRÓPRIA OU EPS detectado
2026-06-19 21:08:42,488 - INFO - ⌛ Aguardando confirmação 4 - editar OS...
2026-06-19 21:08:57,927 - INFO - ⌛ Aguardando confirmação 4 - editar OS...
2026-06-19 21:09:13,401 - INFO - ⌛ Aguardando confirmação 4 - editar OS...
2026-06-19 21:09:28,837 - INFO - 🟨 Janela de confirmação 4 de edição de OS detectada
2026-06-19 21:09:32,946 - INFO - 
=== rotina programar_os ===
2026-06-19 21:09:59,457 - INFO - ⌛ Aguardando janela de confirmação de programação de OS...
2026-06-19 21:10:24,915 - INFO - 🟨 Janela de confirmação de programação de OS detectada
2026-06-19 21:10:38,172 - INFO - 🟨 Janela de aviso de edição de OS programadas detectada
2026-06-19 21:10:45,379 - INFO - ⌛ aguardando janela de programação de lote de OS...
2026-06-19 21:11:10,872 - INFO - 🟨 Janela de aviso de substituição de lote de OS detectada
2026-06-19 21:11:30,978 - INFO - ⌛ aguardando janela de programação de lote de OS...
2026-06-19 21:11:56,509 - INFO - 🟨 Janela de programação de lote de OS detectada
2026-06-19 21:12:46,069 - INFO - 🟨 Janela de confirmação de programação de lote de OS detectada
2026-06-19 21:12:50,317 - INFO - ⌛ aguardando confirmação final de programação do lote
2026-06-19 21:13:15,803 - INFO - 🟨 programação do lote 15 efetuado com sucesso
2026-06-19 21:13:25,908 - INFO - 
=== Iniciando lote 16/470 [REDES] ===
2026-06-19 21:13:25,909 - INFO - 
=== abrir_janela_selecao ===
2026-06-19 21:13:32,216 - INFO - 
=== rotina abrir_selecao_colar_os ===
2026-06-19 21:13:32,276 - INFO - Janela de seleção aberta
2026-06-19 21:13:36,534 - INFO - DEBUG: idx=15, inicio=375, fim=400
2026-06-19 21:13:36,534 - INFO - ✅ 25 OS copiadas para a área de transferência.
2026-06-19 21:13:36,535 - INFO - 📋 Lote 16 copiado.
2026-06-19 21:13:44,866 - INFO - ⌛ Esperando mudança visual...
2026-06-19 21:13:45,880 - INFO - ⌛ Esperando mudança visual...
2026-06-19 21:13:46,895 - INFO - ⌛ Esperando mudança visual...
2026-06-19 21:13:47,911 - INFO - ⌛ Esperando mudança visual...
2026-06-19 21:13:48,928 - INFO - ⌛ Esperando mudança visual...
2026-06-19 21:13:49,943 - INFO - ⌛ Esperando mudança visual...
2026-06-19 21:13:50,959 - INFO - ⌛ Esperando mudança visual...
2026-06-19 21:13:51,974 - INFO - ⌛ Esperando mudança visual...
2026-06-19 21:13:52,992 - INFO - ⌛ Esperando mudança visual...
2026-06-19 21:13:54,005 - INFO - ⌛ Esperando mudança visual...
2026-06-19 21:13:55,021 - INFO - ✅ Tela carregada!
2026-06-19 21:13:59,025 - INFO - 
=== rotina desbloquear_os ===
2026-06-19 21:14:25,512 - INFO - ⌛ Aguardando janela de confirmação de desbloqueio...
2026-06-19 21:14:40,901 - INFO - 🟨 Registros desbloqueados com sucesso
2026-06-19 21:14:45,007 - INFO - 
=== rotina editar_os ===
2026-06-19 21:14:54,470 - INFO - ⌛ Aguardando janela de edição de OS...
2026-06-19 21:15:09,934 - INFO - 🟨 OS programadas detectadas
2026-06-19 21:15:13,048 - INFO - ⌛ Aguardando janela de edição de OS...
2026-06-19 21:15:28,523 - INFO - 🟨 Janela de edição de OS detectada
2026-06-19 21:15:49,874 - INFO - 🟨 Janela de edição de habilidade da turma detectada
2026-06-19 21:17:08,195 - INFO - ⌛ Aguardando detecção do campo de caracteristica 'EQUIPE PRÓPRIA OU EPS' ...
2026-06-19 21:17:27,554 - INFO - 🟨 campo de caracteristica 'EQUIPE PRÓPRIA OU EPS detectado
2026-06-19 21:17:49,345 - INFO - ⌛ Aguardando confirmação 4 - editar OS...
2026-06-19 21:18:04,791 - INFO - ⌛ Aguardando confirmação 4 - editar OS...
2026-06-19 21:18:20,295 - INFO - ⌛ Aguardando confirmação 4 - editar OS...
2026-06-19 21:18:35,778 - INFO - 🟨 Janela de confirmação 4 de edição de OS detectada
2026-06-19 21:18:39,895 - INFO - 
=== rotina programar_os ===
2026-06-19 21:19:06,436 - INFO - ⌛ Aguardando janela de confirmação de programação de OS...
2026-06-19 21:19:31,989 - INFO - 🟨 Janela de confirmação de programação de OS detectada
2026-06-19 21:19:45,272 - INFO - 🟨 Janela de aviso de edição de OS programadas detectada
2026-06-19 21:19:52,477 - INFO - ⌛ aguardando janela de programação de lote de OS...
2026-06-19 21:20:18,034 - INFO - 🟨 Janela de aviso de substituição de lote de OS detectada
2026-06-19 21:20:38,145 - INFO - ⌛ aguardando janela de programação de lote de OS...
2026-06-19 21:21:03,680 - INFO - 🟨 Janela de programação de lote de OS detectada
2026-06-19 21:21:53,190 - INFO - 🟨 Janela de confirmação de programação de lote de OS detectada
2026-06-19 21:21:57,427 - INFO - ⌛ aguardando confirmação final de programação do lote
2026-06-19 21:22:22,918 - INFO - 🟨 programação do lote 16 efetuado com sucesso
2026-06-19 21:22:33,022 - INFO - 
=== Iniciando lote 17/470 [REDES] ===
2026-06-19 21:22:33,022 - INFO - 
=== abrir_janela_selecao ===
2026-06-19 21:22:39,335 - INFO - 
=== rotina abrir_selecao_colar_os ===
2026-06-19 21:22:39,378 - INFO - Janela de seleção aberta
2026-06-19 21:22:43,603 - INFO - DEBUG: idx=16, inicio=400, fim=425
2026-06-19 21:22:43,603 - INFO - ✅ 25 OS copiadas para a área de transferência.
2026-06-19 21:22:43,603 - INFO - 📋 Lote 17 copiado.
2026-06-19 21:22:51,927 - INFO - ⌛ Esperando mudança visual...
2026-06-19 21:22:52,945 - INFO - ⌛ Esperando mudança visual...
2026-06-19 21:22:53,959 - INFO - ⌛ Esperando mudança visual...
2026-06-19 21:22:54,975 - INFO - ⌛ Esperando mudança visual...
2026-06-19 21:22:55,990 - INFO - ⌛ Esperando mudança visual...
2026-06-19 21:22:57,005 - INFO - ⌛ Esperando mudança visual...
2026-06-19 21:22:58,022 - INFO - ⌛ Esperando mudança visual...
2026-06-19 21:22:59,037 - INFO - ⌛ Esperando mudança visual...
2026-06-19 21:23:00,054 - INFO - ⌛ Esperando mudança visual...
2026-06-19 21:23:01,068 - INFO - ✅ Tela carregada!
2026-06-19 21:23:05,072 - INFO - 
=== rotina desbloquear_os ===
2026-06-19 21:23:31,538 - INFO - ⌛ Aguardando janela de confirmação de desbloqueio...
2026-06-19 21:23:46,969 - INFO - 🟨 Registros desbloqueados com sucesso
2026-06-19 21:23:51,073 - INFO - 
=== rotina editar_os ===
2026-06-19 21:24:00,476 - INFO - ⌛ Aguardando janela de edição de OS...
2026-06-19 21:24:15,900 - INFO - 🟨 OS programadas detectadas
2026-06-19 21:24:19,007 - INFO - ⌛ Aguardando janela de edição de OS...
2026-06-19 21:24:34,541 - INFO - 🟨 Janela de edição de OS detectada
2026-06-19 21:24:55,897 - INFO - 🟨 Janela de edição de habilidade da turma detectada
2026-06-19 21:26:14,208 - INFO - ⌛ Aguardando detecção do campo de caracteristica 'EQUIPE PRÓPRIA OU EPS' ...
2026-06-19 21:26:33,575 - INFO - 🟨 campo de caracteristica 'EQUIPE PRÓPRIA OU EPS detectado
2026-06-19 21:26:55,371 - INFO - ⌛ Aguardando confirmação 4 - editar OS...
2026-06-19 21:27:10,834 - INFO - ⌛ Aguardando confirmação 4 - editar OS...
2026-06-19 21:27:26,269 - INFO - ⌛ Aguardando confirmação 4 - editar OS...
2026-06-19 21:27:41,719 - INFO - 🟨 Janela de confirmação 4 de edição de OS detectada
2026-06-19 21:27:45,822 - INFO - 
=== rotina programar_os ===
2026-06-19 21:28:12,372 - INFO - ⌛ Aguardando janela de confirmação de programação de OS...
2026-06-19 21:28:37,788 - INFO - 🟨 Janela de confirmação de programação de OS detectada
2026-06-19 21:28:51,042 - INFO - 🟨 Janela de aviso de edição de OS programadas detectada
2026-06-19 21:28:58,255 - INFO - ⌛ aguardando janela de programação de lote de OS...
2026-06-19 21:29:23,731 - INFO - 🟨 Janela de aviso de substituição de lote de OS detectada
2026-06-19 21:29:43,837 - INFO - ⌛ aguardando janela de programação de lote de OS...
2026-06-19 21:30:09,322 - INFO - 🟨 Janela de programação de lote de OS detectada
2026-06-19 21:30:58,856 - INFO - 🟨 Janela de confirmação de programação de lote de OS detectada
2026-06-19 21:31:03,071 - INFO - ⌛ aguardando confirmação final de programação do lote
2026-06-19 21:31:28,515 - INFO - 🟨 programação do lote 17 efetuado com sucesso
2026-06-19 21:31:38,617 - INFO - 
=== Iniciando lote 18/470 [REDES] ===
2026-06-19 21:31:38,617 - INFO - 
=== abrir_janela_selecao ===
2026-06-19 21:31:44,943 - INFO - 
=== rotina abrir_selecao_colar_os ===
2026-06-19 21:31:44,997 - INFO - Janela de seleção aberta
2026-06-19 21:31:49,220 - INFO - DEBUG: idx=17, inicio=425, fim=450
2026-06-19 21:31:49,220 - INFO - ✅ 25 OS copiadas para a área de transferência.
2026-06-19 21:31:49,220 - INFO - 📋 Lote 18 copiado.
2026-06-19 21:31:57,546 - INFO - ⌛ Esperando mudança visual...
2026-06-19 21:31:58,561 - INFO - ⌛ Esperando mudança visual...
2026-06-19 21:31:59,575 - INFO - ⌛ Esperando mudança visual...
2026-06-19 21:32:00,590 - INFO - ⌛ Esperando mudança visual...
2026-06-19 21:32:01,607 - INFO - ⌛ Esperando mudança visual...
2026-06-19 21:32:02,624 - INFO - ⌛ Esperando mudança visual...
2026-06-19 21:32:03,639 - INFO - ⌛ Esperando mudança visual...
2026-06-19 21:32:04,654 - INFO - ⌛ Esperando mudança visual...
2026-06-19 21:32:05,670 - INFO - ⌛ Esperando mudança visual...
2026-06-19 21:32:06,684 - INFO - ⌛ Esperando mudança visual...
2026-06-19 21:32:07,703 - INFO - ✅ Tela carregada!
2026-06-19 21:32:11,704 - INFO - 
=== rotina desbloquear_os ===
2026-06-19 21:32:38,166 - INFO - ⌛ Aguardando janela de confirmação de desbloqueio...
2026-06-19 21:32:53,555 - INFO - 🟨 Registros desbloqueados com sucesso
2026-06-19 21:32:57,657 - INFO - 
=== rotina editar_os ===
2026-06-19 21:33:07,064 - INFO - ⌛ Aguardando janela de edição de OS...
2026-06-19 21:33:22,495 - INFO - 🟨 OS programadas detectadas
2026-06-19 21:33:25,599 - INFO - ⌛ Aguardando janela de edição de OS...
2026-06-19 21:33:41,034 - INFO - 🟨 Janela de edição de OS detectada
2026-06-19 21:34:02,395 - INFO - 🟨 Janela de edição de habilidade da turma detectada
2026-06-19 21:35:20,703 - INFO - ⌛ Aguardando detecção do campo de caracteristica 'EQUIPE PRÓPRIA OU EPS' ...
2026-06-19 21:35:40,075 - INFO - 🟨 campo de caracteristica 'EQUIPE PRÓPRIA OU EPS detectado
2026-06-19 21:36:01,885 - INFO - ⌛ Aguardando confirmação 4 - editar OS...
2026-06-19 21:36:17,343 - INFO - ⌛ Aguardando confirmação 4 - editar OS...
2026-06-19 21:36:32,874 - INFO - ⌛ Aguardando confirmação 4 - editar OS...
2026-06-19 21:36:48,356 - INFO - 🟨 Janela de confirmação 4 de edição de OS detectada
2026-06-19 21:36:52,459 - INFO - 
=== rotina programar_os ===
2026-06-19 21:37:18,980 - INFO - ⌛ Aguardando janela de confirmação de programação de OS...
2026-06-19 21:37:44,480 - INFO - 🟨 Janela de confirmação de programação de OS detectada
2026-06-19 21:37:57,780 - INFO - 🟨 Janela de aviso de edição de OS programadas detectada
2026-06-19 21:38:04,985 - INFO - ⌛ aguardando janela de programação de lote de OS...
2026-06-19 21:38:30,485 - INFO - 🟨 Janela de aviso de substituição de lote de OS detectada
2026-06-19 21:38:50,594 - INFO - ⌛ aguardando janela de programação de lote de OS...
2026-06-19 21:39:16,111 - INFO - 🟨 Janela de programação de lote de OS detectada
2026-06-19 21:40:05,611 - INFO - 🟨 Janela de confirmação de programação de lote de OS detectada
2026-06-19 21:40:09,876 - INFO - ⌛ aguardando confirmação final de programação do lote
2026-06-19 21:40:35,364 - INFO - 🟨 programação do lote 18 efetuado com sucesso
2026-06-19 21:40:45,470 - INFO - 
=== Iniciando lote 19/470 [REDES] ===
2026-06-19 21:40:45,470 - INFO - 
=== abrir_janela_selecao ===
2026-06-19 21:40:51,780 - INFO - 
=== rotina abrir_selecao_colar_os ===
2026-06-19 21:40:51,840 - INFO - Janela de seleção aberta
2026-06-19 21:40:56,056 - INFO - DEBUG: idx=18, inicio=450, fim=475
2026-06-19 21:40:56,056 - INFO - ✅ 25 OS copiadas para a área de transferência.
2026-06-19 21:40:56,056 - INFO - 📋 Lote 19 copiado.
2026-06-19 21:41:04,384 - INFO - ⌛ Esperando mudança visual...
2026-06-19 21:41:05,400 - INFO - ⌛ Esperando mudança visual...
2026-06-19 21:41:06,412 - INFO - ⌛ Esperando mudança visual...
2026-06-19 21:41:07,431 - INFO - ⌛ Esperando mudança visual...
2026-06-19 21:41:08,445 - INFO - ⌛ Esperando mudança visual...
2026-06-19 21:41:09,459 - INFO - ⌛ Esperando mudança visual...
2026-06-19 21:41:10,478 - INFO - ⌛ Esperando mudança visual...
2026-06-19 21:41:11,493 - INFO - ⌛ Esperando mudança visual...
2026-06-19 21:41:12,505 - INFO - ⌛ Esperando mudança visual...
2026-06-19 21:41:13,524 - INFO - ✅ Tela carregada!
2026-06-19 21:41:17,525 - INFO - 
=== rotina desbloquear_os ===
2026-06-19 21:41:44,001 - INFO - ⌛ Aguardando janela de confirmação de desbloqueio...
2026-06-19 21:41:59,375 - INFO - 🟨 Registros desbloqueados com sucesso
2026-06-19 21:42:03,478 - INFO - 
=== rotina editar_os ===
2026-06-19 21:42:12,900 - INFO - ⌛ Aguardando janela de edição de OS...
2026-06-19 21:42:28,308 - INFO - 🟨 OS programadas detectadas
2026-06-19 21:42:31,420 - INFO - ⌛ Aguardando janela de edição de OS...
2026-06-19 21:42:46,846 - INFO - 🟨 Janela de edição de OS detectada
2026-06-19 21:43:08,225 - INFO - 🟨 Janela de edição de habilidade da turma detectada
2026-06-19 21:44:26,508 - INFO - ⌛ Aguardando detecção do campo de caracteristica 'EQUIPE PRÓPRIA OU EPS' ...
2026-06-19 21:44:45,847 - INFO - 🟨 campo de caracteristica 'EQUIPE PRÓPRIA OU EPS detectado
2026-06-19 21:45:07,612 - INFO - ⌛ Aguardando confirmação 4 - editar OS...
2026-06-19 21:45:23,072 - INFO - ⌛ Aguardando confirmação 4 - editar OS...
2026-06-19 21:45:38,575 - INFO - ⌛ Aguardando confirmação 4 - editar OS...
2026-06-19 21:45:54,061 - INFO - 🟨 Janela de confirmação 4 de edição de OS detectada
2026-06-19 21:45:58,163 - INFO - 
=== rotina programar_os ===
2026-06-19 21:46:24,700 - INFO - ⌛ Aguardando janela de confirmação de programação de OS...
2026-06-19 21:46:50,181 - INFO - 🟨 Janela de confirmação de programação de OS detectada
2026-06-19 21:47:03,459 - INFO - 🟨 Janela de aviso de edição de OS programadas detectada
2026-06-19 21:47:10,681 - INFO - ⌛ aguardando janela de programação de lote de OS...
2026-06-19 21:47:36,242 - INFO - 🟨 Janela de aviso de substituição de lote de OS detectada
2026-06-19 21:47:56,351 - INFO - ⌛ aguardando janela de programação de lote de OS...
2026-06-19 21:48:21,909 - INFO - 🟨 Janela de programação de lote de OS detectada
2026-06-19 21:49:11,419 - INFO - 🟨 Janela de confirmação de programação de lote de OS detectada
2026-06-19 21:49:15,646 - INFO - ⌛ aguardando confirmação final de programação do lote
2026-06-19 21:49:41,104 - INFO - ⌛ aguardando confirmação final de programação do lote
2026-06-19 21:50:06,580 - INFO - ⌛ aguardando confirmação final de programação do lote
2026-06-19 21:50:32,107 - INFO - ⌛ aguardando confirmação final de programação do lote
2026-06-19 21:50:57,623 - INFO - 🟨 programação do lote 19 efetuado com sucesso
2026-06-19 21:51:07,727 - INFO - 
=== Iniciando lote 20/470 [REDES] ===
2026-06-19 21:51:07,727 - INFO - 
=== abrir_janela_selecao ===
2026-06-19 21:51:14,037 - INFO - 
=== rotina abrir_selecao_colar_os ===
2026-06-19 21:51:14,097 - INFO - Janela de seleção aberta
2026-06-19 21:51:18,324 - INFO - DEBUG: idx=19, inicio=475, fim=500
2026-06-19 21:51:18,324 - INFO - ✅ 25 OS copiadas para a área de transferência.
2026-06-19 21:51:18,324 - INFO - 📋 Lote 20 copiado.
2026-06-19 21:51:26,652 - INFO - ⌛ Esperando mudança visual...
2026-06-19 21:51:27,664 - INFO - ⌛ Esperando mudança visual...
2026-06-19 21:51:28,683 - INFO - ⌛ Esperando mudança visual...
2026-06-19 21:51:29,697 - INFO - ⌛ Esperando mudança visual...
2026-06-19 21:51:30,711 - INFO - ⌛ Esperando mudança visual...
2026-06-19 21:51:31,729 - INFO - ⌛ Esperando mudança visual...
2026-06-19 21:51:32,746 - INFO - ⌛ Esperando mudança visual...
2026-06-19 21:51:33,762 - INFO - ⌛ Esperando mudança visual...
2026-06-19 21:51:34,774 - INFO - ⌛ Esperando mudança visual...
2026-06-19 21:51:35,792 - INFO - ⌛ Esperando mudança visual...
2026-06-19 21:51:36,808 - INFO - ✅ Tela carregada!
2026-06-19 21:51:40,808 - INFO - 
=== rotina desbloquear_os ===
2026-06-19 21:52:07,274 - INFO - ⌛ Aguardando janela de confirmação de desbloqueio...
2026-06-19 21:52:22,713 - INFO - 🟨 Registros desbloqueados com sucesso
2026-06-19 21:52:26,816 - INFO - 
=== rotina editar_os ===
2026-06-19 21:52:36,233 - INFO - ⌛ Aguardando janela de edição de OS...
2026-06-19 21:52:51,667 - INFO - 🟨 OS programadas detectadas
2026-06-19 21:52:54,781 - INFO - ⌛ Aguardando janela de edição de OS...
2026-06-19 21:53:10,232 - INFO - 🟨 Janela de edição de OS detectada
2026-06-19 21:53:31,621 - INFO - 🟨 Janela de edição de habilidade da turma detectada
2026-06-19 21:54:49,916 - INFO - ⌛ Aguardando detecção do campo de caracteristica 'EQUIPE PRÓPRIA OU EPS' ...
2026-06-19 21:55:09,287 - INFO - 🟨 campo de caracteristica 'EQUIPE PRÓPRIA OU EPS detectado
2026-06-19 21:55:31,066 - INFO - ⌛ Aguardando confirmação 4 - editar OS...
2026-06-19 21:55:46,519 - INFO - ⌛ Aguardando confirmação 4 - editar OS...
2026-06-19 21:56:02,003 - INFO - ⌛ Aguardando confirmação 4 - editar OS...
2026-06-19 21:56:17,503 - INFO - 🟨 Janela de confirmação 4 de edição de OS detectada
2026-06-19 21:56:21,606 - INFO - 
=== rotina programar_os ===
2026-06-19 21:56:48,128 - INFO - ⌛ Aguardando janela de confirmação de programação de OS...
2026-06-19 21:57:13,633 - INFO - 🟨 Janela de confirmação de programação de OS detectada
2026-06-19 21:57:26,892 - INFO - 🟨 Janela de aviso de edição de OS programadas detectada
2026-06-19 21:57:34,098 - INFO - ⌛ aguardando janela de programação de lote de OS...
2026-06-19 21:57:59,655 - INFO - 🟨 Janela de aviso de substituição de lote de OS detectada
2026-06-19 21:58:19,766 - INFO - ⌛ aguardando janela de programação de lote de OS...
2026-06-19 21:58:45,230 - INFO - 🟨 Janela de aviso de substituição de lote de OS detectada
2026-06-19 21:59:05,332 - INFO - ⌛ aguardando janela de programação de lote de OS...
2026-06-19 21:59:05,452 - INFO - 🟨 Identificado travamento no EQM, reiniciando contador de espera
2026-06-19 21:59:30,865 - INFO - ⌛ aguardando janela de programação de lote de OS...
2026-06-19 21:59:56,359 - INFO - ⌛ aguardando janela de programação de lote de OS...
2026-06-19 22:00:21,831 - INFO - ⌛ aguardando janela de programação de lote de OS...
2026-06-19 22:00:47,321 - INFO - ⌛ aguardando janela de programação de lote de OS...
2026-06-19 22:01:12,812 - INFO - ⌛ aguardando janela de programação de lote de OS...
2026-06-19 22:01:38,321 - INFO - ⌛ aguardando janela de programação de lote de OS...
2026-06-19 22:02:03,848 - INFO - ⌛ aguardando janela de programação de lote de OS...
2026-06-19 22:02:29,352 - INFO - ⌛ aguardando janela de programação de lote de OS...
2026-06-19 22:02:54,861 - INFO - ⌛ aguardando janela de programação de lote de OS...
2026-06-19 22:03:20,352 - INFO - ⌛ aguardando janela de programação de lote de OS...
2026-06-19 22:03:45,897 - INFO - ⌛ aguardando janela de programação de lote de OS...
2026-06-19 22:04:11,396 - INFO - ⌛ aguardando janela de programação de lote de OS...
2026-06-19 22:04:36,896 - INFO - ⌛ aguardando janela de programação de lote de OS...
2026-06-19 22:05:02,400 - INFO - ⌛ aguardando janela de programação de lote de OS...
2026-06-19 22:05:27,896 - INFO - ⌛ aguardando janela de programação de lote de OS...
2026-06-19 22:05:53,387 - INFO - ⌛ aguardando janela de programação de lote de OS...
2026-06-19 22:06:18,877 - INFO - ⌛ aguardando janela de programação de lote de OS...
2026-06-19 22:06:44,385 - INFO - ⌛ aguardando janela de programação de lote de OS...
2026-06-19 22:07:09,895 - INFO - ⌛ aguardando janela de programação de lote de OS...
2026-06-19 22:07:35,385 - INFO - ⌛ aguardando janela de programação de lote de OS...
2026-06-19 22:08:00,892 - INFO - ⌛ aguardando janela de programação de lote de OS...
2026-06-19 22:08:26,385 - INFO - ⌛ aguardando janela de programação de lote de OS...
2026-06-19 22:08:51,892 - INFO - ⌛ aguardando janela de programação de lote de OS...
2026-06-19 22:09:17,396 - INFO - ⌛ aguardando janela de programação de lote de OS...
2026-06-19 22:09:42,892 - INFO - ⌛ aguardando janela de programação de lote de OS...
2026-06-19 22:10:08,425 - INFO - ⌛ aguardando janela de programação de lote de OS...
2026-06-19 22:10:33,955 - INFO - ⌛ aguardando janela de programação de lote de OS...
2026-06-19 22:10:59,447 - INFO - ⌛ aguardando janela de programação de lote de OS...
2026-06-19 22:11:24,942 - INFO - ⌛ aguardando janela de programação de lote de OS...
2026-06-19 22:11:50,447 - INFO - ⌛ aguardando janela de programação de lote de OS...
2026-06-19 22:12:15,943 - INFO - ⌛ aguardando janela de programação de lote de OS...
2026-06-19 22:12:41,444 - INFO - ⌛ aguardando janela de programação de lote de OS...
2026-06-19 22:13:06,976 - INFO - ⌛ aguardando janela de programação de lote de OS...
2026-06-19 22:13:32,471 - INFO - ⌛ aguardando janela de programação de lote de OS...
2026-06-19 22:13:57,945 - INFO - ⌛ aguardando janela de programação de lote de OS...
2026-06-19 22:14:23,465 - INFO - ⌛ aguardando janela de programação de lote de OS...
2026-06-19 22:14:49,003 - INFO - ⌛ aguardando janela de programação de lote de OS...
2026-06-19 22:15:14,503 - INFO - ⌛ aguardando janela de programação de lote de OS...
2026-06-19 22:15:40,012 - INFO - ⌛ aguardando janela de programação de lote de OS...
2026-06-19 22:16:05,547 - INFO - ⌛ aguardando janela de programação de lote de OS...
2026-06-19 22:16:31,050 - INFO - ⌛ aguardando janela de programação de lote de OS...
2026-06-19 22:16:56,550 - INFO - ⌛ aguardando janela de programação de lote de OS...
2026-06-19 22:17:22,059 - INFO - ⌛ aguardando janela de programação de lote de OS...
2026-06-19 22:17:47,552 - INFO - ⌛ aguardando janela de programação de lote de OS...
2026-06-19 22:18:13,052 - INFO - ⌛ aguardando janela de programação de lote de OS...
2026-06-19 22:18:38,525 - INFO - ⌛ aguardando janela de programação de lote de OS...
2026-06-19 22:19:04,012 - INFO - ⌛ aguardando janela de programação de lote de OS...
2026-06-19 22:19:29,509 - INFO - ⌛ aguardando janela de programação de lote de OS...
2026-06-19 22:19:55,004 - INFO - ⌛ aguardando janela de programação de lote de OS...
2026-06-19 22:20:20,509 - INFO - ⌛ aguardando janela de programação de lote de OS...
2026-06-19 22:20:46,018 - INFO - ⌛ aguardando janela de programação de lote de OS...
2026-06-19 22:21:11,556 - INFO - ⌛ aguardando janela de programação de lote de OS...
2026-06-19 22:21:37,111 - INFO - ⌛ aguardando janela de programação de lote de OS...
2026-06-19 22:22:02,609 - INFO - ⌛ aguardando janela de programação de lote de OS...
2026-06-19 22:22:28,124 - INFO - ⌛ aguardando janela de programação de lote de OS...
2026-06-19 22:22:53,632 - INFO - ⌛ aguardando janela de programação de lote de OS...
2026-06-19 22:23:19,139 - INFO - ⌛ aguardando janela de programação de lote de OS...
2026-06-19 22:23:44,650 - INFO - ⌛ aguardando janela de programação de lote de OS...
2026-06-19 22:24:10,159 - INFO - ⌛ aguardando janela de programação de lote de OS...
2026-06-19 22:24:35,705 - INFO - ⌛ aguardando janela de programação de lote de OS...
2026-06-19 22:25:01,209 - INFO - ⌛ aguardando janela de programação de lote de OS...
2026-06-19 22:25:26,732 - INFO - ⌛ aguardando janela de programação de lote de OS...
2026-06-19 22:25:52,223 - INFO - ⌛ aguardando janela de programação de lote de OS...
2026-06-19 22:26:17,765 - INFO - ⌛ aguardando janela de programação de lote de OS...
2026-06-19 22:26:43,292 - INFO - ⌛ aguardando janela de programação de lote de OS...
2026-06-19 22:27:08,852 - INFO - ⌛ aguardando janela de programação de lote de OS...
2026-06-19 22:27:34,375 - INFO - ⌛ aguardando janela de programação de lote de OS...
2026-06-19 22:27:59,892 - INFO - ⌛ aguardando janela de programação de lote de OS...
2026-06-19 22:28:25,418 - INFO - ⌛ aguardando janela de programação de lote de OS...
2026-06-19 22:28:51,005 - INFO - ⌛ aguardando janela de programação de lote de OS...
2026-06-19 22:29:16,551 - INFO - ⌛ aguardando janela de programação de lote de OS...
2026-06-19 22:29:42,035 - INFO - ⌛ aguardando janela de programação de lote de OS...
2026-06-19 22:30:07,526 - INFO - ⌛ aguardando janela de programação de lote de OS...
2026-06-19 22:30:33,019 - INFO - ⌛ aguardando janela de programação de lote de OS...
2026-06-19 22:30:58,517 - INFO - ⌛ aguardando janela de programação de lote de OS...
2026-06-19 22:31:24,085 - INFO - ⌛ aguardando janela de programação de lote de OS...
2026-06-19 22:31:49,589 - INFO - ⌛ aguardando janela de programação de lote de OS...
2026-06-19 22:32:15,087 - INFO - ⌛ aguardando janela de programação de lote de OS...
2026-06-19 22:32:40,595 - INFO - ⌛ aguardando janela de programação de lote de OS...
2026-06-19 22:33:06,105 - INFO - ⌛ aguardando janela de programação de lote de OS...
2026-06-19 22:33:31,623 - INFO - ⌛ aguardando janela de programação de lote de OS...
2026-06-19 22:33:57,159 - INFO - ⌛ aguardando janela de programação de lote de OS...
2026-06-19 22:34:22,668 - INFO - ⌛ aguardando janela de programação de lote de OS...
2026-06-19 22:34:48,157 - INFO - ⌛ aguardando janela de programação de lote de OS...
2026-06-19 22:35:13,666 - INFO - ⌛ aguardando janela de programação de lote de OS...
2026-06-19 22:35:39,157 - INFO - ⌛ aguardando janela de programação de lote de OS...
2026-06-19 22:36:04,666 - INFO - ⌛ aguardando janela de programação de lote de OS...
2026-06-19 22:36:30,167 - INFO - ⌛ aguardando janela de programação de lote de OS...
2026-06-19 22:36:55,708 - INFO - ⌛ aguardando janela de programação de lote de OS...
2026-06-19 22:37:21,217 - INFO - ⌛ aguardando janela de programação de lote de OS...
2026-06-19 22:37:46,718 - INFO - ⌛ aguardando janela de programação de lote de OS...
2026-06-19 22:38:12,208 - INFO - ⌛ aguardando janela de programação de lote de OS...
2026-06-19 22:38:37,676 - INFO - ⌛ aguardando janela de programação de lote de OS...
2026-06-19 22:39:03,168 - INFO - ⌛ aguardando janela de programação de lote de OS...
2026-06-19 22:39:28,671 - INFO - verificando janela oculta
2026-06-19 22:39:51,133 - INFO - Janela restaurada
2026-06-19 22:39:51,133 - INFO - ⌛ aguardando janela de programação de lote de OS...
2026-06-19 22:40:16,635 - INFO - 🟨 Janela de programação de lote de OS detectada
2026-06-19 22:41:06,192 - INFO - 🟨 Janela de confirmação de programação de lote de OS detectada
2026-06-19 22:41:10,403 - INFO - ⌛ aguardando confirmação final de programação do lote
2026-06-19 22:41:35,826 - INFO - 🟨 programação do lote 20 efetuado com sucesso
2026-06-19 22:41:45,938 - INFO - 
=== Iniciando lote 21/470 [REDES] ===
2026-06-19 22:41:45,938 - INFO - 
=== abrir_janela_selecao ===
2026-06-19 22:41:52,246 - INFO - 
=== rotina abrir_selecao_colar_os ===
2026-06-19 22:41:52,296 - INFO - Janela de seleção aberta
2026-06-19 22:41:56,515 - INFO - DEBUG: idx=20, inicio=500, fim=525
2026-06-19 22:41:56,515 - INFO - ✅ 25 OS copiadas para a área de transferência.
2026-06-19 22:41:56,515 - INFO - 📋 Lote 21 copiado.
2026-06-19 22:42:04,843 - INFO - ⌛ Esperando mudança visual...
2026-06-19 22:42:05,859 - INFO - ⌛ Esperando mudança visual...
2026-06-19 22:42:06,874 - INFO - ⌛ Esperando mudança visual...
2026-06-19 22:42:07,890 - INFO - ⌛ Esperando mudança visual...
2026-06-19 22:42:08,906 - INFO - ⌛ Esperando mudança visual...
2026-06-19 22:42:09,920 - INFO - ⌛ Esperando mudança visual...
2026-06-19 22:42:10,937 - INFO - ⌛ Esperando mudança visual...
2026-06-19 22:42:11,951 - INFO - ⌛ Esperando mudança visual...
2026-06-19 22:42:12,967 - INFO - ⌛ Esperando mudança visual...
2026-06-19 22:42:13,984 - INFO - ⌛ Esperando mudança visual...
2026-06-19 22:42:15,000 - INFO - ✅ Tela carregada!
2026-06-19 22:42:19,001 - INFO - 
=== rotina desbloquear_os ===
2026-06-19 22:42:45,469 - INFO - ⌛ Aguardando janela de confirmação de desbloqueio...
2026-06-19 22:43:00,861 - INFO - 🟨 Registros desbloqueados com sucesso
2026-06-19 22:43:04,971 - INFO - 
=== rotina editar_os ===
2026-06-19 22:43:14,395 - INFO - ⌛ Aguardando janela de edição de OS...
2026-06-19 22:43:29,825 - INFO - 🟨 OS programadas detectadas
2026-06-19 22:43:32,939 - INFO - ⌛ Aguardando janela de edição de OS...
2026-06-19 22:43:48,378 - INFO - 🟨 Janela de edição de OS detectada
2026-06-19 22:44:09,745 - INFO - 🟨 Janela de edição de habilidade da turma detectada
2026-06-19 22:45:28,060 - INFO - ⌛ Aguardando detecção do campo de caracteristica 'EQUIPE PRÓPRIA OU EPS' ...
2026-06-19 22:45:47,419 - INFO - 🟨 campo de caracteristica 'EQUIPE PRÓPRIA OU EPS detectado
2026-06-19 22:46:09,217 - INFO - ⌛ Aguardando confirmação 4 - editar OS...
2026-06-19 22:46:24,689 - INFO - ⌛ Aguardando confirmação 4 - editar OS...
2026-06-19 22:46:40,166 - INFO - ⌛ Aguardando confirmação 4 - editar OS...
2026-06-19 22:46:55,616 - INFO - 🟨 Janela de confirmação 4 de edição de OS detectada
2026-06-19 22:46:59,718 - INFO - 
=== rotina programar_os ===
2026-06-19 22:47:26,258 - INFO - ⌛ Aguardando janela de confirmação de programação de OS...
2026-06-19 22:47:51,716 - INFO - 🟨 Janela de confirmação de programação de OS detectada
2026-06-19 22:48:04,969 - INFO - 🟨 Janela de aviso de edição de OS programadas detectada
2026-06-19 22:48:12,176 - INFO - ⌛ aguardando janela de programação de lote de OS...
2026-06-19 22:48:37,678 - INFO - 🟨 Janela de programação de lote de OS detectada
2026-06-19 22:49:27,205 - INFO - 🟨 Janela de confirmação de programação de lote de OS detectada
2026-06-19 22:49:31,425 - INFO - ⌛ aguardando confirmação final de programação do lote
2026-06-19 22:49:56,891 - INFO - 🟨 programação do lote 21 efetuado com sucesso
2026-06-19 22:50:06,995 - INFO - 
=== Iniciando lote 22/470 [REDES] ===
2026-06-19 22:50:06,995 - INFO - 
=== abrir_janela_selecao ===
2026-06-19 22:50:13,302 - INFO - 
=== rotina abrir_selecao_colar_os ===
2026-06-19 22:50:13,363 - INFO - Janela de seleção aberta
2026-06-19 22:50:17,592 - INFO - DEBUG: idx=21, inicio=525, fim=550
2026-06-19 22:50:17,593 - INFO - ✅ 25 OS copiadas para a área de transferência.
2026-06-19 22:50:17,593 - INFO - 📋 Lote 22 copiado.
2026-06-19 22:50:25,917 - INFO - ⌛ Esperando mudança visual...
2026-06-19 22:50:26,936 - INFO - ⌛ Esperando mudança visual...
2026-06-19 22:50:27,951 - INFO - ⌛ Esperando mudança visual...
2026-06-19 22:50:28,964 - INFO - ⌛ Esperando mudança visual...
2026-06-19 22:50:29,983 - INFO - ⌛ Esperando mudança visual...
2026-06-19 22:50:30,998 - INFO - ⌛ Esperando mudança visual...
2026-06-19 22:50:32,014 - INFO - ⌛ Esperando mudança visual...
2026-06-19 22:50:33,029 - INFO - ⌛ Esperando mudança visual...
2026-06-19 22:50:34,046 - INFO - ⌛ Esperando mudança visual...
2026-06-19 22:50:35,062 - INFO - ✅ Tela carregada!
2026-06-19 22:50:39,063 - INFO - 
=== rotina desbloquear_os ===
2026-06-19 22:51:05,536 - INFO - ⌛ Aguardando janela de confirmação de desbloqueio...
2026-06-19 22:51:20,949 - INFO - 🟨 Registros desbloqueados com sucesso
2026-06-19 22:51:25,051 - INFO - 
=== rotina editar_os ===
2026-06-19 22:51:34,483 - INFO - ⌛ Aguardando janela de edição de OS...
2026-06-19 22:51:49,986 - INFO - 🟨 OS programadas detectadas
2026-06-19 22:51:53,089 - INFO - ⌛ Aguardando janela de edição de OS...
2026-06-19 22:52:08,583 - INFO - 🟨 Janela de edição de OS detectada
2026-06-19 22:52:29,940 - INFO - 🟨 Janela de edição de habilidade da turma detectada
2026-06-19 22:53:48,257 - INFO - ⌛ Aguardando detecção do campo de caracteristica 'EQUIPE PRÓPRIA OU EPS' ...
2026-06-19 22:54:07,608 - INFO - 🟨 campo de caracteristica 'EQUIPE PRÓPRIA OU EPS detectado
2026-06-19 22:54:29,407 - INFO - ⌛ Aguardando confirmação 4 - editar OS...
2026-06-19 22:54:44,863 - INFO - ⌛ Aguardando confirmação 4 - editar OS...
2026-06-19 22:55:00,337 - INFO - ⌛ Aguardando confirmação 4 - editar OS...
2026-06-19 22:55:15,838 - INFO - 🟨 Janela de confirmação 4 de edição de OS detectada
2026-06-19 22:55:19,950 - INFO - 
=== rotina programar_os ===
2026-06-19 22:55:46,499 - INFO - ⌛ Aguardando janela de confirmação de programação de OS...
2026-06-19 22:56:11,915 - INFO - 🟨 Janela de confirmação de programação de OS detectada
2026-06-19 22:56:25,186 - INFO - 🟨 Janela de aviso de edição de OS programadas detectada
2026-06-19 22:56:32,396 - INFO - ⌛ aguardando janela de programação de lote de OS...
2026-06-19 22:56:57,908 - INFO - 🟨 Janela de aviso de substituição de lote de OS detectada
2026-06-19 22:57:18,011 - INFO - ⌛ aguardando janela de programação de lote de OS...
2026-06-19 22:57:43,543 - INFO - 🟨 Janela de programação de lote de OS detectada
2026-06-19 22:58:33,126 - INFO - 🟨 Janela de confirmação de programação de lote de OS detectada
2026-06-19 22:58:37,341 - INFO - ⌛ aguardando confirmação final de programação do lote
2026-06-19 22:59:02,805 - INFO - 🟨 programação do lote 22 efetuado com sucesso
2026-06-19 22:59:12,910 - INFO - 
=== Iniciando lote 23/470 [REDES] ===
2026-06-19 22:59:12,910 - INFO - 
=== abrir_janela_selecao ===
2026-06-19 22:59:19,218 - INFO - 
=== rotina abrir_selecao_colar_os ===
2026-06-19 22:59:19,267 - INFO - Janela de seleção aberta
2026-06-19 22:59:23,483 - INFO - DEBUG: idx=22, inicio=550, fim=575
2026-06-19 22:59:23,483 - INFO - ✅ 25 OS copiadas para a área de transferência.
2026-06-19 22:59:23,483 - INFO - 📋 Lote 23 copiado.
2026-06-19 22:59:31,818 - INFO - ⌛ Esperando mudança visual...
2026-06-19 22:59:32,832 - INFO - ⌛ Esperando mudança visual...
2026-06-19 22:59:33,847 - INFO - ⌛ Esperando mudança visual...
2026-06-19 22:59:34,862 - INFO - ⌛ Esperando mudança visual...
2026-06-19 22:59:35,879 - INFO - ⌛ Esperando mudança visual...
2026-06-19 22:59:36,895 - INFO - ⌛ Esperando mudança visual...
2026-06-19 22:59:37,913 - INFO - ⌛ Esperando mudança visual...
2026-06-19 22:59:38,925 - INFO - ⌛ Esperando mudança visual...
2026-06-19 22:59:39,942 - INFO - ⌛ Esperando mudança visual...
2026-06-19 22:59:40,958 - INFO - ✅ Tela carregada!
2026-06-19 22:59:44,960 - INFO - 
=== rotina desbloquear_os ===
2026-06-19 23:00:11,425 - INFO - ⌛ Aguardando janela de confirmação de desbloqueio...
2026-06-19 23:00:26,824 - INFO - 🟨 Registros desbloqueados com sucesso
2026-06-19 23:00:30,930 - INFO - 
=== rotina editar_os ===
2026-06-19 23:00:40,357 - INFO - ⌛ Aguardando janela de edição de OS...
2026-06-19 23:00:55,793 - INFO - 🟨 OS programadas detectadas
2026-06-19 23:00:58,895 - INFO - ⌛ Aguardando janela de edição de OS...
2026-06-19 23:01:14,370 - INFO - 🟨 Janela de edição de OS detectada
2026-06-19 23:01:35,751 - INFO - 🟨 Janela de edição de habilidade da turma detectada
2026-06-19 23:02:54,059 - INFO - ⌛ Aguardando detecção do campo de caracteristica 'EQUIPE PRÓPRIA OU EPS' ...
2026-06-19 23:03:13,408 - INFO - 🟨 campo de caracteristica 'EQUIPE PRÓPRIA OU EPS detectado
2026-06-19 23:03:35,192 - INFO - ⌛ Aguardando confirmação 4 - editar OS...
2026-06-19 23:03:50,611 - INFO - ⌛ Aguardando confirmação 4 - editar OS...
2026-06-19 23:04:06,046 - INFO - ⌛ Aguardando confirmação 4 - editar OS...
2026-06-19 23:04:21,486 - INFO - 🟨 Janela de confirmação 4 de edição de OS detectada
2026-06-19 23:04:25,598 - INFO - 
=== rotina programar_os ===
2026-06-19 23:04:52,110 - INFO - ⌛ Aguardando janela de confirmação de programação de OS...
2026-06-19 23:05:17,549 - INFO - 🟨 Janela de confirmação de programação de OS detectada
2026-06-19 23:05:30,805 - INFO - 🟨 Janela de aviso de edição de OS programadas detectada
2026-06-19 23:05:38,009 - INFO - ⌛ aguardando janela de programação de lote de OS...
2026-06-19 23:06:03,515 - INFO - 🟨 Janela de aviso de substituição de lote de OS detectada
2026-06-19 23:06:23,627 - INFO - ⌛ aguardando janela de programação de lote de OS...
2026-06-19 23:06:49,145 - INFO - 🟨 Janela de programação de lote de OS detectada
2026-06-19 23:07:38,649 - INFO - 🟨 Janela de confirmação de programação de lote de OS detectada
2026-06-19 23:07:42,861 - INFO - ⌛ aguardando confirmação final de programação do lote
2026-06-19 23:08:08,372 - INFO - 🟨 programação do lote 23 efetuado com sucesso
2026-06-19 23:08:18,478 - INFO - 
=== Iniciando lote 24/470 [REDES] ===
2026-06-19 23:08:18,478 - INFO - 
=== abrir_janela_selecao ===
2026-06-19 23:08:24,790 - INFO - 
=== rotina abrir_selecao_colar_os ===
2026-06-19 23:08:24,836 - INFO - Janela de seleção aberta
2026-06-19 23:08:29,056 - INFO - DEBUG: idx=23, inicio=575, fim=600
2026-06-19 23:08:29,056 - INFO - ✅ 25 OS copiadas para a área de transferência.
2026-06-19 23:08:29,057 - INFO - 📋 Lote 24 copiado.
2026-06-19 23:08:37,384 - INFO - ⌛ Esperando mudança visual...
2026-06-19 23:08:38,398 - INFO - ⌛ Esperando mudança visual...
2026-06-19 23:08:39,412 - INFO - ⌛ Esperando mudança visual...
2026-06-19 23:08:40,431 - INFO - ⌛ Esperando mudança visual...
2026-06-19 23:08:41,447 - INFO - ⌛ Esperando mudança visual...
2026-06-19 23:08:42,462 - INFO - ⌛ Esperando mudança visual...
2026-06-19 23:08:43,474 - INFO - ⌛ Esperando mudança visual...
2026-06-19 23:08:44,494 - INFO - ⌛ Esperando mudança visual...
2026-06-19 23:08:45,508 - INFO - ⌛ Esperando mudança visual...
2026-06-19 23:08:46,522 - INFO - ✅ Tela carregada!
2026-06-19 23:08:50,527 - INFO - 
=== rotina desbloquear_os ===
2026-06-19 23:09:17,002 - INFO - ⌛ Aguardando janela de confirmação de desbloqueio...
2026-06-19 23:09:32,413 - INFO - 🟨 Registros desbloqueados com sucesso
2026-06-19 23:09:36,516 - INFO - 
=== rotina editar_os ===
2026-06-19 23:09:45,919 - INFO - ⌛ Aguardando janela de edição de OS...
2026-06-19 23:10:01,363 - INFO - 🟨 OS programadas detectadas
2026-06-19 23:10:04,467 - INFO - ⌛ Aguardando janela de edição de OS...
2026-06-19 23:10:19,936 - INFO - 🟨 Janela de edição de OS detectada
2026-06-19 23:10:41,302 - INFO - 🟨 Janela de edição de habilidade da turma detectada
2026-06-19 23:11:59,611 - INFO - ⌛ Aguardando detecção do campo de caracteristica 'EQUIPE PRÓPRIA OU EPS' ...
2026-06-19 23:12:18,971 - INFO - 🟨 campo de caracteristica 'EQUIPE PRÓPRIA OU EPS detectado
2026-06-19 23:12:40,730 - INFO - ⌛ Aguardando confirmação 4 - editar OS...
2026-06-19 23:12:56,161 - INFO - ⌛ Aguardando confirmação 4 - editar OS...
2026-06-19 23:13:11,641 - INFO - ⌛ Aguardando confirmação 4 - editar OS...
2026-06-19 23:13:27,086 - INFO - ⌛ Aguardando confirmação 4 - editar OS...
2026-06-19 23:13:42,562 - INFO - ⌛ Aguardando confirmação 4 - editar OS...
2026-06-19 23:13:57,989 - INFO - 🟨 Janela de confirmação 4 de edição de OS detectada
2026-06-19 23:14:02,098 - INFO - 
=== rotina programar_os ===
2026-06-19 23:14:28,650 - INFO - ⌛ Aguardando janela de confirmação de programação de OS...
2026-06-19 23:14:54,075 - INFO - 🟨 Janela de confirmação de programação de OS detectada
2026-06-19 23:15:07,321 - INFO - 🟨 Janela de aviso de edição de OS programadas detectada
2026-06-19 23:15:14,531 - INFO - ⌛ aguardando janela de programação de lote de OS...
2026-06-19 23:15:40,023 - INFO - 🟨 Janela de aviso de substituição de lote de OS detectada
2026-06-19 23:16:00,132 - INFO - ⌛ aguardando janela de programação de lote de OS...
2026-06-19 23:16:25,667 - INFO - 🟨 Janela de programação de lote de OS detectada
2026-06-19 23:17:15,166 - INFO - 🟨 Janela de confirmação de programação de lote de OS detectada
2026-06-19 23:17:19,375 - INFO - ⌛ aguardando confirmação final de programação do lote
2026-06-19 23:17:44,817 - INFO - 🟨 programação do lote 24 efetuado com sucesso
2026-06-19 23:17:54,926 - INFO - 
=== Iniciando lote 25/470 [REDES] ===
2026-06-19 23:17:54,926 - INFO - 
=== abrir_janela_selecao ===
2026-06-19 23:18:01,234 - INFO - 
=== rotina abrir_selecao_colar_os ===
2026-06-19 23:18:01,290 - INFO - Janela de seleção aberta
2026-06-19 23:18:05,507 - INFO - DEBUG: idx=24, inicio=600, fim=625
2026-06-19 23:18:05,508 - INFO - ✅ 25 OS copiadas para a área de transferência.
2026-06-19 23:18:05,508 - INFO - 📋 Lote 25 copiado.
2026-06-19 23:18:13,837 - INFO - ⌛ Esperando mudança visual...
2026-06-19 23:18:14,852 - INFO - ⌛ Esperando mudança visual...
2026-06-19 23:18:15,868 - INFO - ⌛ Esperando mudança visual...
2026-06-19 23:18:16,884 - INFO - ⌛ Esperando mudança visual...
2026-06-19 23:18:17,901 - INFO - ⌛ Esperando mudança visual...
2026-06-19 23:18:18,914 - INFO - ⌛ Esperando mudança visual...
2026-06-19 23:18:19,929 - INFO - ⌛ Esperando mudança visual...
2026-06-19 23:18:20,948 - INFO - ⌛ Esperando mudança visual...
2026-06-19 23:18:21,962 - INFO - ⌛ Esperando mudança visual...
2026-06-19 23:18:22,975 - INFO - ✅ Tela carregada!
2026-06-19 23:18:26,980 - INFO - 
=== rotina desbloquear_os ===
2026-06-19 23:18:53,438 - INFO - ⌛ Aguardando janela de confirmação de desbloqueio...
2026-06-19 23:19:08,821 - INFO - 🟨 Registros desbloqueados com sucesso
2026-06-19 23:19:12,931 - INFO - 
=== rotina editar_os ===
2026-06-19 23:19:22,340 - INFO - ⌛ Aguardando janela de edição de OS...
2026-06-19 23:19:37,772 - INFO - 🟨 Janela de edição de OS detectada
2026-06-19 23:19:59,140 - INFO - 🟨 Janela de edição de habilidade da turma detectada
2026-06-19 23:21:17,445 - INFO - ⌛ Aguardando detecção do campo de caracteristica 'EQUIPE PRÓPRIA OU EPS' ...
2026-06-19 23:21:36,794 - INFO - 🟨 campo de caracteristica 'EQUIPE PRÓPRIA OU EPS detectado
2026-06-19 23:21:58,588 - INFO - ⌛ Aguardando confirmação 4 - editar OS...
2026-06-19 23:22:14,116 - INFO - ⌛ Aguardando confirmação 4 - editar OS...
2026-06-19 23:22:29,560 - INFO - 🟨 Janela de confirmação 4 de edição de OS detectada
2026-06-19 23:22:33,663 - INFO - 
=== rotina programar_os ===
2026-06-19 23:23:00,193 - INFO - ⌛ Aguardando janela de confirmação de programação de OS...
2026-06-19 23:23:25,613 - INFO - 🟨 Janela de confirmação de programação de OS detectada
2026-06-19 23:23:38,872 - INFO - ⌛ aguardando janela de programação de lote de OS...
2026-06-19 23:24:04,366 - INFO - 🟨 Janela de programação de lote de OS detectada
2026-06-19 23:24:53,868 - INFO - 🟨 Janela de confirmação de programação de lote de OS detectada
2026-06-19 23:24:58,067 - INFO - ⌛ aguardando confirmação final de programação do lote
2026-06-19 23:25:23,520 - INFO - 🟨 programação do lote 25 efetuado com sucesso
2026-06-19 23:25:33,626 - INFO - 
=== Iniciando lote 26/470 [REDES] ===
2026-06-19 23:25:33,626 - INFO - 
=== abrir_janela_selecao ===
2026-06-19 23:25:39,934 - INFO - 
=== rotina abrir_selecao_colar_os ===
2026-06-19 23:25:39,987 - INFO - Janela de seleção aberta
2026-06-19 23:25:44,214 - INFO - DEBUG: idx=25, inicio=625, fim=650
2026-06-19 23:25:44,214 - INFO - ✅ 25 OS copiadas para a área de transferência.
2026-06-19 23:25:44,214 - INFO - 📋 Lote 26 copiado.
2026-06-19 23:25:52,538 - INFO - ⌛ Esperando mudança visual...
2026-06-19 23:25:53,555 - INFO - ⌛ Esperando mudança visual...
2026-06-19 23:25:54,571 - INFO - ⌛ Esperando mudança visual...
2026-06-19 23:25:55,586 - INFO - ⌛ Esperando mudança visual...
2026-06-19 23:25:56,601 - INFO - ⌛ Esperando mudança visual...
2026-06-19 23:25:57,614 - INFO - ⌛ Esperando mudança visual...
2026-06-19 23:25:58,633 - INFO - ⌛ Esperando mudança visual...
2026-06-19 23:25:59,649 - INFO - ⌛ Esperando mudança visual...
2026-06-19 23:26:00,666 - INFO - ⌛ Esperando mudança visual...
2026-06-19 23:26:01,677 - INFO - ✅ Tela carregada!
2026-06-19 23:26:05,683 - INFO - 
=== rotina desbloquear_os ===
2026-06-19 23:26:32,147 - INFO - ⌛ Aguardando janela de confirmação de desbloqueio...
2026-06-19 23:26:47,548 - INFO - 🟨 Registros desbloqueados com sucesso
2026-06-19 23:26:51,651 - INFO - 
=== rotina editar_os ===
2026-06-19 23:27:01,069 - INFO - ⌛ Aguardando janela de edição de OS...
2026-06-19 23:27:16,525 - INFO - 🟨 OS programadas detectadas
2026-06-19 23:27:19,634 - INFO - ⌛ Aguardando janela de edição de OS...
2026-06-19 23:27:35,063 - INFO - 🟨 Janela de edição de OS detectada
2026-06-19 23:27:56,421 - INFO - 🟨 Janela de edição de habilidade da turma detectada
2026-06-19 23:29:14,728 - INFO - ⌛ Aguardando detecção do campo de caracteristica 'EQUIPE PRÓPRIA OU EPS' ...
2026-06-19 23:29:34,077 - INFO - 🟨 campo de caracteristica 'EQUIPE PRÓPRIA OU EPS detectado
2026-06-19 23:29:55,837 - INFO - ⌛ Aguardando confirmação 4 - editar OS...
2026-06-19 23:30:11,267 - INFO - ⌛ Aguardando confirmação 4 - editar OS...
2026-06-19 23:30:26,745 - INFO - ⌛ Aguardando confirmação 4 - editar OS...
2026-06-19 23:30:42,208 - INFO - 🟨 Janela de confirmação 4 de edição de OS detectada
2026-06-19 23:30:46,310 - INFO - 
=== rotina programar_os ===
2026-06-19 23:31:12,829 - INFO - ⌛ Aguardando janela de confirmação de programação de OS...
2026-06-19 23:31:38,258 - INFO - 🟨 Janela de confirmação de programação de OS detectada
2026-06-19 23:31:51,510 - INFO - 🟨 Janela de aviso de edição de OS programadas detectada
2026-06-19 23:31:58,717 - INFO - ⌛ aguardando janela de programação de lote de OS...
2026-06-19 23:32:24,277 - INFO - 🟨 Janela de aviso de substituição de lote de OS detectada
2026-06-19 23:32:44,383 - INFO - ⌛ aguardando janela de programação de lote de OS...
2026-06-19 23:33:09,898 - INFO - 🟨 Janela de programação de lote de OS detectada
2026-06-19 23:33:59,399 - INFO - 🟨 Janela de confirmação de programação de lote de OS detectada
2026-06-19 23:34:03,616 - INFO - ⌛ aguardando confirmação final de programação do lote
2026-06-19 23:34:29,072 - INFO - 🟨 programação do lote 26 efetuado com sucesso
2026-06-19 23:34:39,177 - INFO - 
=== Iniciando lote 27/470 [REDES] ===
2026-06-19 23:34:39,177 - INFO - 
=== abrir_janela_selecao ===
2026-06-19 23:34:45,484 - INFO - 
=== rotina abrir_selecao_colar_os ===
2026-06-19 23:34:45,543 - INFO - Janela de seleção aberta
2026-06-19 23:34:49,776 - INFO - DEBUG: idx=26, inicio=650, fim=675
2026-06-19 23:34:49,776 - INFO - ✅ 25 OS copiadas para a área de transferência.
2026-06-19 23:34:49,776 - INFO - 📋 Lote 27 copiado.
2026-06-19 23:34:58,107 - INFO - ⌛ Esperando mudança visual...
2026-06-19 23:34:59,119 - INFO - ⌛ Esperando mudança visual...
2026-06-19 23:35:00,136 - INFO - ⌛ Esperando mudança visual...
2026-06-19 23:35:01,153 - INFO - ⌛ Esperando mudança visual...
2026-06-19 23:35:02,166 - INFO - ⌛ Esperando mudança visual...
2026-06-19 23:35:03,184 - INFO - ⌛ Esperando mudança visual...
2026-06-19 23:35:04,200 - INFO - ⌛ Esperando mudança visual...
2026-06-19 23:35:05,214 - INFO - ⌛ Esperando mudança visual...
2026-06-19 23:35:06,228 - INFO - ⌛ Esperando mudança visual...
2026-06-19 23:35:07,246 - INFO - ✅ Tela carregada!
2026-06-19 23:35:11,248 - INFO - 
=== rotina desbloquear_os ===
2026-06-19 23:35:37,723 - INFO - ⌛ Aguardando janela de confirmação de desbloqueio...
2026-06-19 23:35:53,095 - INFO - 🟨 Registros desbloqueados com sucesso
2026-06-19 23:35:57,199 - INFO - 
=== rotina editar_os ===
2026-06-19 23:36:06,613 - INFO - ⌛ Aguardando janela de edição de OS...
2026-06-19 23:36:22,047 - INFO - 🟨 OS programadas detectadas
2026-06-19 23:36:25,150 - INFO - ⌛ Aguardando janela de edição de OS...
2026-06-19 23:36:40,627 - INFO - 🟨 Janela de edição de OS detectada
2026-06-19 23:37:01,994 - INFO - 🟨 Janela de edição de habilidade da turma detectada
2026-06-19 23:38:20,297 - INFO - ⌛ Aguardando detecção do campo de caracteristica 'EQUIPE PRÓPRIA OU EPS' ...
2026-06-19 23:38:39,648 - INFO - 🟨 campo de caracteristica 'EQUIPE PRÓPRIA OU EPS detectado
2026-06-19 23:39:01,409 - INFO - ⌛ Aguardando confirmação 4 - editar OS...
2026-06-19 23:39:16,849 - INFO - ⌛ Aguardando confirmação 4 - editar OS...
2026-06-19 23:39:32,312 - INFO - 🟨 Janela de confirmação 4 de edição de OS detectada
2026-06-19 23:39:36,415 - INFO - 
=== rotina programar_os ===
2026-06-19 23:40:02,945 - INFO - ⌛ Aguardando janela de confirmação de programação de OS...
2026-06-19 23:40:28,374 - INFO - 🟨 Janela de confirmação de programação de OS detectada
2026-06-19 23:40:41,622 - INFO - 🟨 Janela de aviso de edição de OS programadas detectada
2026-06-19 23:40:48,834 - INFO - ⌛ aguardando janela de programação de lote de OS...
2026-06-19 23:41:14,361 - INFO - 🟨 Janela de aviso de substituição de lote de OS detectada
2026-06-19 23:41:34,464 - INFO - ⌛ aguardando janela de programação de lote de OS...
2026-06-19 23:42:00,018 - INFO - 🟨 Janela de programação de lote de OS detectada
2026-06-19 23:42:49,531 - INFO - 🟨 Janela de confirmação de programação de lote de OS detectada
2026-06-19 23:42:53,744 - INFO - ⌛ aguardando confirmação final de programação do lote
2026-06-19 23:43:19,203 - INFO - 🟨 programação do lote 27 efetuado com sucesso
2026-06-19 23:43:29,312 - INFO - 
=== Iniciando lote 28/470 [REDES] ===
2026-06-19 23:43:29,313 - INFO - 
=== abrir_janela_selecao ===
2026-06-19 23:43:35,620 - INFO - 
=== rotina abrir_selecao_colar_os ===
2026-06-19 23:43:35,666 - INFO - Janela de seleção aberta
2026-06-19 23:43:39,895 - INFO - DEBUG: idx=27, inicio=675, fim=700
2026-06-19 23:43:39,896 - INFO - ✅ 25 OS copiadas para a área de transferência.
2026-06-19 23:43:39,896 - INFO - 📋 Lote 28 copiado.
2026-06-19 23:43:48,219 - INFO - ⌛ Esperando mudança visual...
2026-06-19 23:43:49,239 - INFO - ⌛ Esperando mudança visual...
2026-06-19 23:43:50,250 - INFO - ⌛ Esperando mudança visual...
2026-06-19 23:43:51,266 - INFO - ⌛ Esperando mudança visual...
2026-06-19 23:43:52,282 - INFO - ⌛ Esperando mudança visual...
2026-06-19 23:43:53,301 - INFO - ⌛ Esperando mudança visual...
2026-06-19 23:43:54,316 - INFO - ⌛ Esperando mudança visual...
2026-06-19 23:43:55,329 - INFO - ⌛ Esperando mudança visual...
2026-06-19 23:43:56,347 - INFO - ⌛ Esperando mudança visual...
2026-06-19 23:43:57,363 - INFO - ✅ Tela carregada!
2026-06-19 23:44:01,364 - INFO - 
=== rotina desbloquear_os ===
2026-06-19 23:44:27,829 - INFO - ⌛ Aguardando janela de confirmação de desbloqueio...
2026-06-19 23:44:43,212 - INFO - 🟨 Registros desbloqueados com sucesso
2026-06-19 23:44:47,315 - INFO - 
=== rotina editar_os ===
2026-06-19 23:44:56,726 - INFO - ⌛ Aguardando janela de edição de OS...
2026-06-19 23:45:12,163 - INFO - 🟨 OS programadas detectadas
2026-06-19 23:45:15,267 - INFO - ⌛ Aguardando janela de edição de OS...
2026-06-19 23:45:30,690 - INFO - 🟨 Janela de edição de OS detectada
2026-06-19 23:45:52,056 - INFO - 🟨 Janela de edição de habilidade da turma detectada
2026-06-19 23:47:10,372 - INFO - ⌛ Aguardando detecção do campo de caracteristica 'EQUIPE PRÓPRIA OU EPS' ...
2026-06-19 23:47:29,745 - INFO - 🟨 campo de caracteristica 'EQUIPE PRÓPRIA OU EPS detectado
2026-06-19 23:47:51,552 - INFO - ⌛ Aguardando confirmação 4 - editar OS...
2026-06-19 23:48:07,033 - INFO - ⌛ Aguardando confirmação 4 - editar OS...
2026-06-19 23:48:22,481 - INFO - ⌛ Aguardando confirmação 4 - editar OS...
2026-06-19 23:48:37,912 - INFO - 🟨 Janela de confirmação 4 de edição de OS detectada
2026-06-19 23:48:42,015 - INFO - 
=== rotina programar_os ===
2026-06-19 23:49:08,549 - INFO - ⌛ Aguardando janela de confirmação de programação de OS...
2026-06-19 23:49:33,975 - INFO - 🟨 Janela de confirmação de programação de OS detectada
2026-06-19 23:49:47,223 - INFO - 🟨 Janela de aviso de edição de OS programadas detectada
2026-06-19 23:49:54,434 - INFO - ⌛ aguardando janela de programação de lote de OS...
2026-06-19 23:50:19,967 - INFO - 🟨 Janela de aviso de substituição de lote de OS detectada
2026-06-19 23:50:40,070 - INFO - ⌛ aguardando janela de programação de lote de OS...
2026-06-19 23:51:05,597 - INFO - 🟨 Janela de programação de lote de OS detectada
2026-06-19 23:51:55,158 - INFO - 🟨 Janela de confirmação de programação de lote de OS detectada
2026-06-19 23:51:59,415 - INFO - ⌛ aguardando confirmação final de programação do lote
2026-06-19 23:52:24,927 - INFO - 🟨 programação do lote 28 efetuado com sucesso
2026-06-19 23:52:35,032 - INFO - 
=== Iniciando lote 29/470 [REDES] ===
2026-06-19 23:52:35,032 - INFO - 
=== abrir_janela_selecao ===
2026-06-19 23:52:41,345 - INFO - 
=== rotina abrir_selecao_colar_os ===
2026-06-19 23:52:41,384 - INFO - Janela de seleção aberta
2026-06-19 23:52:45,611 - INFO - DEBUG: idx=28, inicio=700, fim=725
2026-06-19 23:52:45,611 - INFO - ✅ 25 OS copiadas para a área de transferência.
2026-06-19 23:52:45,611 - INFO - 📋 Lote 29 copiado.
2026-06-19 23:52:53,939 - INFO - ⌛ Esperando mudança visual...
2026-06-19 23:52:54,954 - INFO - ⌛ Esperando mudança visual...
2026-06-19 23:52:55,971 - INFO - ⌛ Esperando mudança visual...
2026-06-19 23:52:56,983 - INFO - ⌛ Esperando mudança visual...
2026-06-19 23:52:58,003 - INFO - ⌛ Esperando mudança visual...
2026-06-19 23:52:59,016 - INFO - ⌛ Esperando mudança visual...
2026-06-19 23:53:00,029 - INFO - ⌛ Esperando mudança visual...
2026-06-19 23:53:01,049 - INFO - ⌛ Esperando mudança visual...
2026-06-19 23:53:02,065 - INFO - ⌛ Esperando mudança visual...
2026-06-19 23:53:03,078 - INFO - ✅ Tela carregada!
2026-06-19 23:53:07,085 - INFO - 
=== rotina desbloquear_os ===
2026-06-19 23:53:33,537 - INFO - ⌛ Aguardando janela de confirmação de desbloqueio...
2026-06-19 23:53:48,927 - INFO - 🟨 Registros desbloqueados com sucesso
2026-06-19 23:53:53,029 - INFO - 
=== rotina editar_os ===
2026-06-19 23:54:02,458 - INFO - ⌛ Aguardando janela de edição de OS...
2026-06-19 23:54:17,908 - INFO - 🟨 OS programadas detectadas
2026-06-19 23:54:21,011 - INFO - ⌛ Aguardando janela de edição de OS...
2026-06-19 23:54:36,469 - INFO - 🟨 Janela de edição de OS detectada
2026-06-19 23:54:57,823 - INFO - 🟨 Janela de edição de habilidade da turma detectada
2026-06-19 23:56:16,132 - INFO - ⌛ Aguardando detecção do campo de caracteristica 'EQUIPE PRÓPRIA OU EPS' ...
2026-06-19 23:56:35,496 - INFO - 🟨 campo de caracteristica 'EQUIPE PRÓPRIA OU EPS detectado
2026-06-19 23:56:57,294 - INFO - ⌛ Aguardando confirmação 4 - editar OS...
2026-06-19 23:57:12,799 - INFO - ⌛ Aguardando confirmação 4 - editar OS...
2026-06-19 23:57:28,279 - INFO - ⌛ Aguardando confirmação 4 - editar OS...
2026-06-19 23:57:43,761 - INFO - 🟨 Janela de confirmação 4 de edição de OS detectada
2026-06-19 23:57:47,863 - INFO - 
=== rotina programar_os ===
2026-06-19 23:58:14,396 - INFO - ⌛ Aguardando janela de confirmação de programação de OS...
2026-06-19 23:58:39,859 - INFO - 🟨 Janela de confirmação de programação de OS detectada
2026-06-19 23:58:53,137 - INFO - 🟨 Janela de aviso de edição de OS programadas detectada
2026-06-19 23:59:00,341 - INFO - ⌛ aguardando janela de programação de lote de OS...
2026-06-19 23:59:25,862 - INFO - 🟨 Janela de aviso de substituição de lote de OS detectada
2026-06-19 23:59:45,972 - INFO - ⌛ aguardando janela de programação de lote de OS...
2026-06-20 00:00:11,515 - INFO - 🟨 Janela de programação de lote de OS detectada
2026-06-20 00:01:01,062 - INFO - 🟨 Janela de confirmação de programação de lote de OS detectada
2026-06-20 00:01:05,286 - INFO - ⌛ aguardando confirmação final de programação do lote
2026-06-20 00:01:30,792 - INFO - 🟨 programação do lote 29 efetuado com sucesso
2026-06-20 00:01:40,896 - INFO - 
=== Iniciando lote 30/470 [REDES] ===
2026-06-20 00:01:40,896 - INFO - 
=== abrir_janela_selecao ===
2026-06-20 00:01:47,206 - INFO - 
=== rotina abrir_selecao_colar_os ===
2026-06-20 00:01:47,244 - INFO - Janela de seleção aberta
2026-06-20 00:01:51,472 - INFO - DEBUG: idx=29, inicio=725, fim=750
2026-06-20 00:01:51,472 - INFO - ✅ 25 OS copiadas para a área de transferência.
2026-06-20 00:01:51,472 - INFO - 📋 Lote 30 copiado.
2026-06-20 00:01:59,799 - INFO - ⌛ Esperando mudança visual...
2026-06-20 00:02:00,813 - INFO - ⌛ Esperando mudança visual...
2026-06-20 00:02:01,831 - INFO - ⌛ Esperando mudança visual...
2026-06-20 00:02:02,847 - INFO - ⌛ Esperando mudança visual...
2026-06-20 00:02:03,862 - INFO - ⌛ Esperando mudança visual...
2026-06-20 00:02:04,877 - INFO - ⌛ Esperando mudança visual...
2026-06-20 00:02:05,893 - INFO - ⌛ Esperando mudança visual...
2026-06-20 00:02:06,908 - INFO - ⌛ Esperando mudança visual...
2026-06-20 00:02:07,925 - INFO - ⌛ Esperando mudança visual...
2026-06-20 00:02:08,937 - INFO - ⌛ Esperando mudança visual...
2026-06-20 00:02:09,956 - INFO - ✅ Tela carregada!
2026-06-20 00:02:13,957 - INFO - 
=== rotina desbloquear_os ===
2026-06-20 00:02:40,437 - INFO - ⌛ Aguardando janela de confirmação de desbloqueio...
2026-06-20 00:02:55,841 - INFO - 🟨 Registros desbloqueados com sucesso
2026-06-20 00:02:59,957 - INFO - 
=== rotina editar_os ===
2026-06-20 00:03:09,372 - INFO - ⌛ Aguardando janela de edição de OS...
2026-06-20 00:03:24,830 - INFO - 🟨 OS programadas detectadas
2026-06-20 00:03:27,944 - INFO - ⌛ Aguardando janela de edição de OS...
2026-06-20 00:03:43,420 - INFO - 🟨 Janela de edição de OS detectada
2026-06-20 00:04:04,792 - INFO - 🟨 Janela de edição de habilidade da turma detectada
2026-06-20 00:05:23,098 - INFO - ⌛ Aguardando detecção do campo de caracteristica 'EQUIPE PRÓPRIA OU EPS' ...
2026-06-20 00:05:42,466 - INFO - 🟨 campo de caracteristica 'EQUIPE PRÓPRIA OU EPS detectado
2026-06-20 00:06:04,277 - INFO - ⌛ Aguardando confirmação 4 - editar OS...
2026-06-20 00:06:19,748 - INFO - ⌛ Aguardando confirmação 4 - editar OS...
2026-06-20 00:06:35,252 - INFO - ⌛ Aguardando confirmação 4 - editar OS...
2026-06-20 00:06:50,763 - INFO - 🟨 Janela de confirmação 4 de edição de OS detectada
2026-06-20 00:06:54,866 - INFO - 
=== rotina programar_os ===
2026-06-20 00:07:21,400 - INFO - ⌛ Aguardando janela de confirmação de programação de OS...
2026-06-20 00:07:46,872 - INFO - 🟨 Janela de confirmação de programação de OS detectada
2026-06-20 00:08:00,127 - INFO - 🟨 Janela de aviso de edição de OS programadas detectada
2026-06-20 00:08:07,345 - INFO - ⌛ aguardando janela de programação de lote de OS...
2026-06-20 00:08:32,876 - INFO - 🟨 Janela de aviso de substituição de lote de OS detectada
2026-06-20 00:08:52,979 - INFO - ⌛ aguardando janela de programação de lote de OS...
2026-06-20 00:09:18,512 - INFO - 🟨 Janela de programação de lote de OS detectada
2026-06-20 00:10:08,065 - INFO - 🟨 Janela de confirmação de programação de lote de OS detectada
2026-06-20 00:10:12,283 - INFO - ⌛ aguardando confirmação final de programação do lote
2026-06-20 00:10:37,796 - INFO - 🟨 programação do lote 30 efetuado com sucesso
2026-06-20 00:10:47,902 - INFO - 
=== Iniciando lote 31/470 [REDES] ===
2026-06-20 00:10:47,902 - INFO - 
=== abrir_janela_selecao ===
2026-06-20 00:10:54,210 - INFO - 
=== rotina abrir_selecao_colar_os ===
2026-06-20 00:10:54,253 - INFO - Janela de seleção aberta
2026-06-20 00:10:58,498 - INFO - DEBUG: idx=30, inicio=750, fim=775
2026-06-20 00:10:58,498 - INFO - ✅ 25 OS copiadas para a área de transferência.
2026-06-20 00:10:58,498 - INFO - 📋 Lote 31 copiado.
2026-06-20 00:11:06,823 - INFO - ⌛ Esperando mudança visual...
2026-06-20 00:11:07,842 - INFO - ⌛ Esperando mudança visual...
2026-06-20 00:11:08,855 - INFO - ⌛ Esperando mudança visual...
2026-06-20 00:11:09,869 - INFO - ⌛ Esperando mudança visual...
2026-06-20 00:11:10,887 - INFO - ⌛ Esperando mudança visual...
2026-06-20 00:11:11,902 - INFO - ⌛ Esperando mudança visual...
2026-06-20 00:11:12,916 - INFO - ⌛ Esperando mudança visual...
2026-06-20 00:11:13,934 - INFO - ⌛ Esperando mudança visual...
2026-06-20 00:11:14,951 - INFO - ⌛ Esperando mudança visual...
2026-06-20 00:11:15,963 - INFO - ⌛ Esperando mudança visual...
2026-06-20 00:11:16,982 - INFO - ✅ Tela carregada!
2026-06-20 00:11:20,984 - INFO - 
=== rotina desbloquear_os ===
2026-06-20 00:11:47,452 - INFO - ⌛ Aguardando janela de confirmação de desbloqueio...
2026-06-20 00:12:02,844 - INFO - 🟨 Registros desbloqueados com sucesso
2026-06-20 00:12:06,948 - INFO - 
=== rotina editar_os ===
2026-06-20 00:12:16,363 - INFO - ⌛ Aguardando janela de edição de OS...
2026-06-20 00:12:31,764 - INFO - 🟨 Janela de edição de OS detectada
2026-06-20 00:12:53,121 - INFO - 🟨 Janela de edição de habilidade da turma detectada
2026-06-20 00:14:11,428 - INFO - ⌛ Aguardando detecção do campo de caracteristica 'EQUIPE PRÓPRIA OU EPS' ...
2026-06-20 00:14:30,791 - INFO - 🟨 campo de caracteristica 'EQUIPE PRÓPRIA OU EPS detectado
2026-06-20 00:14:52,584 - INFO - ⌛ Aguardando confirmação 4 - editar OS...
2026-06-20 00:15:08,064 - INFO - ⌛ Aguardando confirmação 4 - editar OS...
2026-06-20 00:15:23,582 - INFO - ⌛ Aguardando confirmação 4 - editar OS...
2026-06-20 00:15:39,083 - INFO - 🟨 Janela de confirmação 4 de edição de OS detectada
2026-06-20 00:15:43,185 - INFO - 
=== rotina programar_os ===
2026-06-20 00:16:09,719 - INFO - ⌛ Aguardando janela de confirmação de programação de OS...
2026-06-20 00:16:35,165 - INFO - 🟨 Janela de confirmação de programação de OS detectada
2026-06-20 00:16:48,436 - INFO - ⌛ aguardando janela de programação de lote de OS...
2026-06-20 00:17:13,910 - INFO - 🟨 Janela de programação de lote de OS detectada
2026-06-20 00:18:03,412 - INFO - 🟨 Janela de confirmação de programação de lote de OS detectada
2026-06-20 00:18:07,626 - INFO - ⌛ aguardando confirmação final de programação do lote
2026-06-20 00:18:33,085 - INFO - 🟨 programação do lote 31 efetuado com sucesso
2026-06-20 00:18:43,190 - INFO - 
=== Iniciando lote 32/470 [REDES] ===
2026-06-20 00:18:43,191 - INFO - 
=== abrir_janela_selecao ===
2026-06-20 00:18:49,497 - INFO - 
=== rotina abrir_selecao_colar_os ===
2026-06-20 00:18:49,553 - INFO - Janela de seleção aberta
2026-06-20 00:18:53,774 - INFO - DEBUG: idx=31, inicio=775, fim=800
2026-06-20 00:18:53,774 - INFO - ✅ 25 OS copiadas para a área de transferência.
2026-06-20 00:18:53,774 - INFO - 📋 Lote 32 copiado.
2026-06-20 00:19:02,098 - INFO - ⌛ Esperando mudança visual...
2026-06-20 00:19:03,116 - INFO - ⌛ Esperando mudança visual...
2026-06-20 00:19:04,132 - INFO - ⌛ Esperando mudança visual...
2026-06-20 00:19:05,148 - INFO - ⌛ Esperando mudança visual...
2026-06-20 00:19:06,160 - INFO - ⌛ Esperando mudança visual...
2026-06-20 00:19:07,179 - INFO - ⌛ Esperando mudança visual...
2026-06-20 00:19:08,194 - INFO - ⌛ Esperando mudança visual...
2026-06-20 00:19:09,207 - INFO - ⌛ Esperando mudança visual...
2026-06-20 00:19:10,226 - INFO - ⌛ Esperando mudança visual...
2026-06-20 00:19:11,241 - INFO - ✅ Tela carregada!
2026-06-20 00:19:15,243 - INFO - 
=== rotina desbloquear_os ===
2026-06-20 00:19:41,732 - INFO - ⌛ Aguardando janela de confirmação de desbloqueio...
2026-06-20 00:19:57,138 - INFO - 🟨 Registros desbloqueados com sucesso
2026-06-20 00:20:01,242 - INFO - 
=== rotina editar_os ===
2026-06-20 00:20:10,696 - INFO - ⌛ Aguardando janela de edição de OS...
2026-06-20 00:20:26,190 - INFO - 🟨 OS programadas detectadas
2026-06-20 00:20:29,297 - INFO - ⌛ Aguardando janela de edição de OS...
2026-06-20 00:20:44,735 - INFO - 🟨 Janela de edição de OS detectada
2026-06-20 00:21:06,133 - INFO - 🟨 Janela de edição de habilidade da turma detectada
2026-06-20 00:22:24,436 - INFO - ⌛ Aguardando detecção do campo de caracteristica 'EQUIPE PRÓPRIA OU EPS' ...
2026-06-20 00:22:43,785 - INFO - 🟨 campo de caracteristica 'EQUIPE PRÓPRIA OU EPS detectado
2026-06-20 00:23:05,563 - INFO - ⌛ Aguardando confirmação 4 - editar OS...
2026-06-20 00:23:21,003 - INFO - ⌛ Aguardando confirmação 4 - editar OS...
2026-06-20 00:23:36,436 - INFO - ⌛ Aguardando confirmação 4 - editar OS...
2026-06-20 00:23:51,852 - INFO - 🟨 Janela de confirmação 4 de edição de OS detectada
2026-06-20 00:23:55,954 - INFO - 
=== rotina programar_os ===
2026-06-20 00:24:22,473 - INFO - ⌛ Aguardando janela de confirmação de programação de OS...
2026-06-20 00:24:47,897 - INFO - 🟨 Janela de confirmação de programação de OS detectada
2026-06-20 00:25:01,149 - INFO - 🟨 Janela de aviso de edição de OS programadas detectada
2026-06-20 00:25:08,354 - INFO - ⌛ aguardando janela de programação de lote de OS...
2026-06-20 00:25:33,852 - INFO - 🟨 Janela de aviso de substituição de lote de OS detectada
2026-06-20 00:25:53,956 - INFO - ⌛ aguardando janela de programação de lote de OS...
2026-06-20 00:26:19,507 - INFO - 🟨 Janela de programação de lote de OS detectada
2026-06-20 00:27:09,037 - INFO - 🟨 Janela de confirmação de programação de lote de OS detectada
2026-06-20 00:27:13,260 - INFO - ⌛ aguardando confirmação final de programação do lote
2026-06-20 00:27:38,749 - INFO - 🟨 programação do lote 32 efetuado com sucesso
2026-06-20 00:27:48,854 - INFO - 
=== Iniciando lote 33/470 [REDES] ===
2026-06-20 00:27:48,854 - INFO - 
=== abrir_janela_selecao ===
2026-06-20 00:27:55,162 - INFO - 
=== rotina abrir_selecao_colar_os ===
2026-06-20 00:27:55,204 - INFO - Janela de seleção aberta
2026-06-20 00:27:59,449 - INFO - DEBUG: idx=32, inicio=800, fim=825
2026-06-20 00:27:59,450 - INFO - ✅ 25 OS copiadas para a área de transferência.
2026-06-20 00:27:59,450 - INFO - 📋 Lote 33 copiado.
2026-06-20 00:28:07,777 - INFO - ⌛ Esperando mudança visual...
2026-06-20 00:28:08,792 - INFO - ⌛ Esperando mudança visual...
2026-06-20 00:28:09,805 - INFO - ⌛ Esperando mudança visual...
2026-06-20 00:28:10,823 - INFO - ⌛ Esperando mudança visual...
2026-06-20 00:28:11,839 - INFO - ⌛ Esperando mudança visual...
2026-06-20 00:28:12,854 - INFO - ⌛ Esperando mudança visual...
2026-06-20 00:28:13,870 - INFO - ⌛ Esperando mudança visual...
2026-06-20 00:28:14,887 - INFO - ⌛ Esperando mudança visual...
2026-06-20 00:28:15,899 - INFO - ⌛ Esperando mudança visual...
2026-06-20 00:28:16,918 - INFO - ✅ Tela carregada!
2026-06-20 00:28:20,920 - INFO - 
=== rotina desbloquear_os ===
2026-06-20 00:28:47,375 - INFO - ⌛ Aguardando janela de confirmação de desbloqueio...
2026-06-20 00:29:02,781 - INFO - 🟨 Registros desbloqueados com sucesso
2026-06-20 00:29:06,885 - INFO - 
=== rotina editar_os ===
2026-06-20 00:29:16,299 - INFO - ⌛ Aguardando janela de edição de OS...
2026-06-20 00:29:31,708 - INFO - 🟨 OS programadas detectadas
2026-06-20 00:29:34,823 - INFO - ⌛ Aguardando janela de edição de OS...
2026-06-20 00:29:50,248 - INFO - 🟨 Janela de edição de OS detectada
2026-06-20 00:30:11,602 - INFO - 🟨 Janela de edição de habilidade da turma detectada
2026-06-20 00:31:29,917 - INFO - ⌛ Aguardando detecção do campo de caracteristica 'EQUIPE PRÓPRIA OU EPS' ...
2026-06-20 00:31:49,283 - INFO - 🟨 campo de caracteristica 'EQUIPE PRÓPRIA OU EPS detectado
2026-06-20 00:32:11,055 - INFO - ⌛ Aguardando confirmação 4 - editar OS...
2026-06-20 00:32:26,529 - INFO - ⌛ Aguardando confirmação 4 - editar OS...
2026-06-20 00:32:42,014 - INFO - ⌛ Aguardando confirmação 4 - editar OS...
2026-06-20 00:32:57,427 - INFO - 🟨 Janela de confirmação 4 de edição de OS detectada
2026-06-20 00:33:01,535 - INFO - 
=== rotina programar_os ===
2026-06-20 00:33:28,046 - INFO - ⌛ Aguardando janela de confirmação de programação de OS...
2026-06-20 00:33:53,475 - INFO - 🟨 Janela de confirmação de programação de OS detectada
2026-06-20 00:34:06,727 - INFO - 🟨 Janela de aviso de edição de OS programadas detectada
2026-06-20 00:34:13,935 - INFO - ⌛ aguardando janela de programação de lote de OS...
2026-06-20 00:34:39,430 - INFO - 🟨 Janela de aviso de substituição de lote de OS detectada
2026-06-20 00:34:59,533 - INFO - ⌛ aguardando janela de programação de lote de OS...
2026-06-20 00:35:25,016 - INFO - 🟨 Janela de programação de lote de OS detectada
2026-06-20 00:36:14,537 - INFO - 🟨 Janela de confirmação de programação de lote de OS detectada
2026-06-20 00:36:18,746 - INFO - ⌛ aguardando confirmação final de programação do lote
2026-06-20 00:36:44,210 - INFO - 🟨 programação do lote 33 efetuado com sucesso
2026-06-20 00:36:54,317 - INFO - 
=== Iniciando lote 34/470 [REDES] ===
2026-06-20 00:36:54,317 - INFO - 
=== abrir_janela_selecao ===
2026-06-20 00:37:00,623 - INFO - 
=== rotina abrir_selecao_colar_os ===
2026-06-20 00:37:00,691 - INFO - Janela de seleção aberta
2026-06-20 00:37:04,939 - INFO - DEBUG: idx=33, inicio=825, fim=850
2026-06-20 00:37:04,939 - INFO - ✅ 25 OS copiadas para a área de transferência.
2026-06-20 00:37:04,939 - INFO - 📋 Lote 34 copiado.
2026-06-20 00:37:13,274 - INFO - ⌛ Esperando mudança visual...
2026-06-20 00:37:14,290 - INFO - ⌛ Esperando mudança visual...
2026-06-20 00:37:15,302 - INFO - ⌛ Esperando mudança visual...
2026-06-20 00:37:16,322 - INFO - ⌛ Esperando mudança visual...
2026-06-20 00:37:17,336 - INFO - ⌛ Esperando mudança visual...
2026-06-20 00:37:18,349 - INFO - ⌛ Esperando mudança visual...
2026-06-20 00:37:19,368 - INFO - ⌛ Esperando mudança visual...
2026-06-20 00:37:20,382 - INFO - ⌛ Esperando mudança visual...
2026-06-20 00:37:21,396 - INFO - ⌛ Esperando mudança visual...
2026-06-20 00:37:22,414 - INFO - ✅ Tela carregada!
2026-06-20 00:37:26,415 - INFO - 
=== rotina desbloquear_os ===
2026-06-20 00:37:52,889 - INFO - ⌛ Aguardando janela de confirmação de desbloqueio...
2026-06-20 00:38:08,299 - INFO - 🟨 Registros desbloqueados com sucesso
2026-06-20 00:38:12,408 - INFO - 
=== rotina editar_os ===
2026-06-20 00:38:21,837 - INFO - ⌛ Aguardando janela de edição de OS...
2026-06-20 00:38:37,338 - INFO - 🟨 OS programadas detectadas
2026-06-20 00:38:40,442 - INFO - ⌛ Aguardando janela de edição de OS...
2026-06-20 00:38:55,901 - INFO - 🟨 Janela de edição de OS detectada
2026-06-20 00:39:17,249 - INFO - 🟨 Janela de edição de habilidade da turma detectada
2026-06-20 00:40:35,564 - INFO - ⌛ Aguardando detecção do campo de caracteristica 'EQUIPE PRÓPRIA OU EPS' ...
2026-06-20 00:40:54,930 - INFO - 🟨 campo de caracteristica 'EQUIPE PRÓPRIA OU EPS detectado
2026-06-20 00:41:16,703 - INFO - ⌛ Aguardando confirmação 4 - editar OS...
2026-06-20 00:41:32,116 - INFO - ⌛ Aguardando confirmação 4 - editar OS...
2026-06-20 00:41:47,624 - INFO - ⌛ Aguardando confirmação 4 - editar OS...
2026-06-20 00:42:03,058 - INFO - 🟨 Janela de confirmação 4 de edição de OS detectada
2026-06-20 00:42:07,168 - INFO - 
=== rotina programar_os ===
2026-06-20 00:42:33,683 - INFO - ⌛ Aguardando janela de confirmação de programação de OS...
2026-06-20 00:42:59,171 - INFO - 🟨 Janela de confirmação de programação de OS detectada
2026-06-20 00:43:12,426 - INFO - 🟨 Janela de aviso de edição de OS programadas detectada
2026-06-20 00:43:19,635 - INFO - ⌛ aguardando janela de programação de lote de OS...
2026-06-20 00:43:45,127 - INFO - 🟨 Janela de aviso de substituição de lote de OS detectada
2026-06-20 00:44:05,237 - INFO - ⌛ aguardando janela de programação de lote de OS...
2026-06-20 00:44:30,764 - INFO - 🟨 Janela de programação de lote de OS detectada
2026-06-20 00:45:20,291 - INFO - 🟨 Janela de confirmação de programação de lote de OS detectada
2026-06-20 00:45:24,511 - INFO - ⌛ aguardando confirmação final de programação do lote
2026-06-20 00:45:50,010 - INFO - 🟨 programação do lote 34 efetuado com sucesso
2026-06-20 00:46:00,115 - INFO - 
=== Iniciando lote 35/470 [REDES] ===
2026-06-20 00:46:00,115 - INFO - 
=== abrir_janela_selecao ===
2026-06-20 00:46:06,421 - INFO - 
=== rotina abrir_selecao_colar_os ===
2026-06-20 00:46:06,466 - INFO - Janela de seleção aberta
2026-06-20 00:46:10,694 - INFO - DEBUG: idx=34, inicio=850, fim=875
2026-06-20 00:46:10,694 - INFO - ✅ 25 OS copiadas para a área de transferência.
2026-06-20 00:46:10,694 - INFO - 📋 Lote 35 copiado.
2026-06-20 00:46:19,023 - INFO - ⌛ Esperando mudança visual...
2026-06-20 00:46:20,038 - INFO - ⌛ Esperando mudança visual...
2026-06-20 00:46:21,048 - INFO - ⌛ Esperando mudança visual...
2026-06-20 00:46:22,069 - INFO - ⌛ Esperando mudança visual...
2026-06-20 00:46:23,083 - INFO - ⌛ Esperando mudança visual...
2026-06-20 00:46:24,098 - INFO - ⌛ Esperando mudança visual...
2026-06-20 00:46:25,116 - INFO - ⌛ Esperando mudança visual...
2026-06-20 00:46:26,132 - INFO - ⌛ Esperando mudança visual...
2026-06-20 00:46:27,145 - INFO - ⌛ Esperando mudança visual...
2026-06-20 00:46:28,162 - INFO - ✅ Tela carregada!
2026-06-20 00:46:32,164 - INFO - 
=== rotina desbloquear_os ===
2026-06-20 00:46:58,664 - INFO - ⌛ Aguardando janela de confirmação de desbloqueio...
2026-06-20 00:47:14,186 - INFO - 🟨 Registros desbloqueados com sucesso
2026-06-20 00:47:18,290 - INFO - 
=== rotina editar_os ===
2026-06-20 00:47:27,699 - INFO - ⌛ Aguardando janela de edição de OS...
2026-06-20 00:47:43,153 - INFO - 🟨 OS programadas detectadas
2026-06-20 00:47:46,257 - INFO - ⌛ Aguardando janela de edição de OS...
2026-06-20 00:48:01,734 - INFO - 🟨 Janela de edição de OS detectada
2026-06-20 00:48:23,091 - INFO - 🟨 Janela de edição de habilidade da turma detectada
2026-06-20 00:49:41,424 - INFO - ⌛ Aguardando detecção do campo de caracteristica 'EQUIPE PRÓPRIA OU EPS' ...
2026-06-20 00:50:00,790 - INFO - 🟨 campo de caracteristica 'EQUIPE PRÓPRIA OU EPS detectado
2026-06-20 00:50:22,593 - INFO - ⌛ Aguardando confirmação 4 - editar OS...
2026-06-20 00:50:38,087 - INFO - ⌛ Aguardando confirmação 4 - editar OS...
2026-06-20 00:50:53,636 - INFO - ⌛ Aguardando confirmação 4 - editar OS...
2026-06-20 00:51:09,124 - INFO - 🟨 Janela de confirmação 4 de edição de OS detectada
2026-06-20 00:51:13,237 - INFO - 
=== rotina programar_os ===
2026-06-20 00:51:39,789 - INFO - ⌛ Aguardando janela de confirmação de programação de OS...
2026-06-20 00:52:05,244 - INFO - 🟨 Janela de confirmação de programação de OS detectada
2026-06-20 00:52:18,500 - INFO - 🟨 Janela de aviso de edição de OS programadas detectada
2026-06-20 00:52:25,714 - INFO - ⌛ aguardando janela de programação de lote de OS...
2026-06-20 00:52:51,206 - INFO - 🟨 Janela de aviso de substituição de lote de OS detectada
2026-06-20 00:53:11,314 - INFO - ⌛ aguardando janela de programação de lote de OS...
2026-06-20 00:53:36,847 - INFO - 🟨 Janela de aviso de substituição de lote de OS detectada
2026-06-20 00:53:56,956 - INFO - ⌛ aguardando janela de programação de lote de OS...
2026-06-20 00:54:22,488 - INFO - 🟨 Janela de programação de lote de OS detectada
2026-06-20 00:55:11,990 - INFO - 🟨 Janela de confirmação de programação de lote de OS detectada
2026-06-20 00:55:16,199 - INFO - ⌛ aguardando confirmação final de programação do lote
2026-06-20 00:55:41,657 - INFO - 🟨 programação do lote 35 efetuado com sucesso
2026-06-20 00:55:51,765 - INFO - 
=== Iniciando lote 36/470 [REDES] ===
2026-06-20 00:55:51,765 - INFO - 
=== abrir_janela_selecao ===
2026-06-20 00:55:58,071 - INFO - 
=== rotina abrir_selecao_colar_os ===
2026-06-20 00:55:58,121 - INFO - Janela de seleção aberta
2026-06-20 00:56:02,365 - INFO - DEBUG: idx=35, inicio=875, fim=900
2026-06-20 00:56:02,365 - INFO - ✅ 25 OS copiadas para a área de transferência.
2026-06-20 00:56:02,365 - INFO - 📋 Lote 36 copiado.
2026-06-20 00:56:10,690 - INFO - ⌛ Esperando mudança visual...
2026-06-20 00:56:11,708 - INFO - ⌛ Esperando mudança visual...
2026-06-20 00:56:12,725 - INFO - ⌛ Esperando mudança visual...
2026-06-20 00:56:13,740 - INFO - ⌛ Esperando mudança visual...
2026-06-20 00:56:14,753 - INFO - ⌛ Esperando mudança visual...
2026-06-20 00:56:15,772 - INFO - ⌛ Esperando mudança visual...
2026-06-20 00:56:16,788 - INFO - ⌛ Esperando mudança visual...
2026-06-20 00:56:17,800 - INFO - ⌛ Esperando mudança visual...
2026-06-20 00:56:18,818 - INFO - ⌛ Esperando mudança visual...
2026-06-20 00:56:19,834 - INFO - ✅ Tela carregada!
2026-06-20 00:56:23,837 - INFO - 
=== rotina desbloquear_os ===
2026-06-20 00:56:50,318 - INFO - ⌛ Aguardando janela de confirmação de desbloqueio...
2026-06-20 00:57:05,715 - INFO - 🟨 Registros desbloqueados com sucesso
2026-06-20 00:57:09,821 - INFO - 
=== rotina editar_os ===
2026-06-20 00:57:19,228 - INFO - ⌛ Aguardando janela de edição de OS...
2026-06-20 00:57:34,667 - INFO - 🟨 OS programadas detectadas
2026-06-20 00:57:37,771 - INFO - ⌛ Aguardando janela de edição de OS...
2026-06-20 00:57:53,207 - INFO - 🟨 Janela de edição de OS detectada
2026-06-20 00:58:14,578 - INFO - 🟨 Janela de edição de habilidade da turma detectada
2026-06-20 00:59:32,887 - INFO - ⌛ Aguardando detecção do campo de caracteristica 'EQUIPE PRÓPRIA OU EPS' ...
2026-06-20 00:59:52,252 - INFO - 🟨 campo de caracteristica 'EQUIPE PRÓPRIA OU EPS detectado
2026-06-20 01:00:14,046 - INFO - ⌛ Aguardando confirmação 4 - editar OS...
2026-06-20 01:00:29,499 - INFO - ⌛ Aguardando confirmação 4 - editar OS...
2026-06-20 01:00:44,961 - INFO - ⌛ Aguardando confirmação 4 - editar OS...
2026-06-20 01:01:00,485 - INFO - 🟨 Janela de confirmação 4 de edição de OS detectada
2026-06-20 01:01:04,587 - INFO - 
=== rotina programar_os ===
2026-06-20 01:01:31,115 - INFO - ⌛ Aguardando janela de confirmação de programação de OS...
2026-06-20 01:01:56,590 - INFO - 🟨 Janela de confirmação de programação de OS detectada
2026-06-20 01:02:09,889 - INFO - 🟨 Janela de aviso de edição de OS programadas detectada
2026-06-20 01:02:17,102 - INFO - ⌛ aguardando janela de programação de lote de OS...
2026-06-20 01:02:42,627 - INFO - 🟨 Janela de aviso de substituição de lote de OS detectada
2026-06-20 01:03:02,749 - INFO - ⌛ aguardando janela de programação de lote de OS...
2026-06-20 01:03:28,296 - INFO - 🟨 Janela de programação de lote de OS detectada
2026-06-20 01:04:17,820 - INFO - 🟨 Janela de confirmação de programação de lote de OS detectada
2026-06-20 01:04:22,027 - INFO - ⌛ aguardando confirmação final de programação do lote
2026-06-20 01:04:47,503 - INFO - 🟨 programação do lote 36 efetuado com sucesso
2026-06-20 01:04:57,602 - INFO - 
=== Iniciando lote 37/470 [REDES] ===
2026-06-20 01:04:57,603 - INFO - 
=== abrir_janela_selecao ===
2026-06-20 01:05:03,910 - INFO - 
=== rotina abrir_selecao_colar_os ===
2026-06-20 01:05:03,950 - INFO - Janela de seleção aberta
2026-06-20 01:05:08,179 - INFO - DEBUG: idx=36, inicio=900, fim=925
2026-06-20 01:05:08,179 - INFO - ✅ 25 OS copiadas para a área de transferência.
2026-06-20 01:05:08,179 - INFO - 📋 Lote 37 copiado.
2026-06-20 01:05:16,498 - INFO - ⌛ Esperando mudança visual...
2026-06-20 01:05:17,511 - INFO - ⌛ Esperando mudança visual...
2026-06-20 01:05:18,528 - INFO - ⌛ Esperando mudança visual...
2026-06-20 01:05:19,544 - INFO - ⌛ Esperando mudança visual...
2026-06-20 01:05:20,557 - INFO - ⌛ Esperando mudança visual...
2026-06-20 01:05:21,575 - INFO - ⌛ Esperando mudança visual...
2026-06-20 01:05:22,590 - INFO - ⌛ Esperando mudança visual...
2026-06-20 01:05:23,604 - INFO - ⌛ Esperando mudança visual...
2026-06-20 01:05:24,621 - INFO - ⌛ Esperando mudança visual...
2026-06-20 01:05:25,633 - INFO - ✅ Tela carregada!
2026-06-20 01:05:29,637 - INFO - 
=== rotina desbloquear_os ===
2026-06-20 01:05:56,134 - INFO - ⌛ Aguardando janela de confirmação de desbloqueio...
2026-06-20 01:06:11,573 - INFO - 🟨 Registros desbloqueados com sucesso
2026-06-20 01:06:15,675 - INFO - 
=== rotina editar_os ===
2026-06-20 01:06:25,082 - INFO - ⌛ Aguardando janela de edição de OS...
2026-06-20 01:06:40,572 - INFO - 🟨 OS programadas detectadas
2026-06-20 01:06:43,675 - INFO - ⌛ Aguardando janela de edição de OS...
2026-06-20 01:06:59,156 - INFO - 🟨 Janela de edição de OS detectada
2026-06-20 01:07:20,502 - INFO - 🟨 Janela de edição de habilidade da turma detectada
2026-06-20 01:08:38,787 - INFO - ⌛ Aguardando detecção do campo de caracteristica 'EQUIPE PRÓPRIA OU EPS' ...
2026-06-20 01:08:58,138 - INFO - 🟨 campo de caracteristica 'EQUIPE PRÓPRIA OU EPS detectado
2026-06-20 01:09:19,925 - INFO - ⌛ Aguardando confirmação 4 - editar OS...
2026-06-20 01:09:35,374 - INFO - ⌛ Aguardando confirmação 4 - editar OS...
2026-06-20 01:09:50,856 - INFO - ⌛ Aguardando confirmação 4 - editar OS...
2026-06-20 01:10:06,366 - INFO - 🟨 Janela de confirmação 4 de edição de OS detectada
2026-06-20 01:10:10,467 - INFO - 
=== rotina programar_os ===
2026-06-20 01:10:36,995 - INFO - ⌛ Aguardando janela de confirmação de programação de OS...
2026-06-20 01:11:02,481 - INFO - 🟨 Janela de confirmação de programação de OS detectada
2026-06-20 01:11:15,751 - INFO - 🟨 Janela de aviso de edição de OS programadas detectada
2026-06-20 01:11:22,963 - INFO - ⌛ aguardando janela de programação de lote de OS...
2026-06-20 01:11:48,488 - INFO - 🟨 Janela de aviso de substituição de lote de OS detectada
2026-06-20 01:12:08,587 - INFO - ⌛ aguardando janela de programação de lote de OS...
2026-06-20 01:12:34,155 - INFO - 🟨 Janela de programação de lote de OS detectada
2026-06-20 01:13:23,665 - INFO - 🟨 Janela de confirmação de programação de lote de OS detectada
2026-06-20 01:13:27,903 - INFO - ⌛ aguardando confirmação final de programação do lote
2026-06-20 01:13:53,367 - INFO - 🟨 programação do lote 37 efetuado com sucesso
2026-06-20 01:14:03,475 - INFO - 
=== Iniciando lote 38/470 [REDES] ===
2026-06-20 01:14:03,476 - INFO - 
=== abrir_janela_selecao ===
2026-06-20 01:14:09,782 - INFO - 
=== rotina abrir_selecao_colar_os ===
2026-06-20 01:14:09,831 - INFO - Janela de seleção aberta
2026-06-20 01:14:14,053 - INFO - DEBUG: idx=37, inicio=925, fim=950
2026-06-20 01:14:14,054 - INFO - ✅ 25 OS copiadas para a área de transferência.
2026-06-20 01:14:14,054 - INFO - 📋 Lote 38 copiado.
2026-06-20 01:14:22,375 - INFO - ⌛ Esperando mudança visual...
2026-06-20 01:14:23,391 - INFO - ⌛ Esperando mudança visual...
2026-06-20 01:14:24,405 - INFO - ⌛ Esperando mudança visual...
2026-06-20 01:14:25,421 - INFO - ⌛ Esperando mudança visual...
2026-06-20 01:14:26,436 - INFO - ⌛ Esperando mudança visual...
2026-06-20 01:14:27,451 - INFO - ⌛ Esperando mudança visual...
2026-06-20 01:14:28,468 - INFO - ⌛ Esperando mudança visual...
2026-06-20 01:14:29,485 - INFO - ⌛ Esperando mudança visual...
2026-06-20 01:14:30,497 - INFO - ⌛ Esperando mudança visual...
2026-06-20 01:14:31,516 - INFO - ✅ Tela carregada!
2026-06-20 01:14:35,517 - INFO - 
=== rotina desbloquear_os ===
2026-06-20 01:15:01,986 - INFO - ⌛ Aguardando janela de confirmação de desbloqueio...
2026-06-20 01:15:17,435 - INFO - 🟨 Registros desbloqueados com sucesso
2026-06-20 01:15:21,536 - INFO - 
=== rotina editar_os ===
2026-06-20 01:15:30,972 - INFO - ⌛ Aguardando janela de edição de OS...
2026-06-20 01:15:46,483 - INFO - 🟨 OS programadas detectadas
2026-06-20 01:15:49,586 - INFO - ⌛ Aguardando janela de edição de OS...
2026-06-20 01:16:05,045 - INFO - 🟨 Janela de edição de OS detectada
2026-06-20 01:16:26,403 - INFO - 🟨 Janela de edição de habilidade da turma detectada
2026-06-20 01:17:44,703 - INFO - ⌛ Aguardando detecção do campo de caracteristica 'EQUIPE PRÓPRIA OU EPS' ...
2026-06-20 01:18:04,060 - INFO - 🟨 campo de caracteristica 'EQUIPE PRÓPRIA OU EPS detectado
2026-06-20 01:18:25,832 - INFO - ⌛ Aguardando confirmação 4 - editar OS...
2026-06-20 01:18:41,325 - INFO - ⌛ Aguardando confirmação 4 - editar OS...
2026-06-20 01:18:56,840 - INFO - ⌛ Aguardando confirmação 4 - editar OS...
2026-06-20 01:19:12,321 - INFO - 🟨 Janela de confirmação 4 de edição de OS detectada
2026-06-20 01:19:16,423 - INFO - 
=== rotina programar_os ===
2026-06-20 01:19:42,937 - INFO - ⌛ Aguardando janela de confirmação de programação de OS...
2026-06-20 01:20:08,442 - INFO - 🟨 Janela de confirmação de programação de OS detectada
2026-06-20 01:20:21,709 - INFO - 🟨 Janela de aviso de edição de OS programadas detectada
2026-06-20 01:20:28,939 - INFO - ⌛ aguardando janela de programação de lote de OS...
2026-06-20 01:20:54,447 - INFO - 🟨 Janela de aviso de substituição de lote de OS detectada
2026-06-20 01:21:14,557 - INFO - ⌛ aguardando janela de programação de lote de OS...
2026-06-20 01:21:40,093 - INFO - 🟨 Janela de programação de lote de OS detectada
2026-06-20 01:22:29,638 - INFO - 🟨 Janela de confirmação de programação de lote de OS detectada
2026-06-20 01:22:33,856 - INFO - ⌛ aguardando confirmação final de programação do lote
2026-06-20 01:22:59,329 - INFO - 🟨 programação do lote 38 efetuado com sucesso
2026-06-20 01:23:09,454 - INFO - 
=== Iniciando lote 39/470 [REDES] ===
2026-06-20 01:23:09,454 - INFO - 
=== abrir_janela_selecao ===
2026-06-20 01:23:15,766 - INFO - 
=== rotina abrir_selecao_colar_os ===
2026-06-20 01:23:15,805 - INFO - Janela de seleção aberta
2026-06-20 01:23:20,060 - INFO - DEBUG: idx=38, inicio=950, fim=975
2026-06-20 01:23:20,060 - INFO - ✅ 25 OS copiadas para a área de transferência.
2026-06-20 01:23:20,060 - INFO - 📋 Lote 39 copiado.
2026-06-20 01:23:28,392 - INFO - ⌛ Esperando mudança visual...
2026-06-20 01:23:29,407 - INFO - ⌛ Esperando mudança visual...
2026-06-20 01:23:30,420 - INFO - ⌛ Esperando mudança visual...
2026-06-20 01:23:31,439 - INFO - ⌛ Esperando mudança visual...
2026-06-20 01:23:32,455 - INFO - ⌛ Esperando mudança visual...
2026-06-20 01:23:33,468 - INFO - ⌛ Esperando mudança visual...
2026-06-20 01:23:34,485 - INFO - ⌛ Esperando mudança visual...
2026-06-20 01:23:35,502 - INFO - ⌛ Esperando mudança visual...
2026-06-20 01:23:36,514 - INFO - ⌛ Esperando mudança visual...
2026-06-20 01:23:37,533 - INFO - ⌛ Esperando mudança visual...
2026-06-20 01:23:38,548 - INFO - ✅ Tela carregada!
2026-06-20 01:23:42,549 - INFO - 
=== rotina desbloquear_os ===
2026-06-20 01:24:09,030 - INFO - ⌛ Aguardando janela de confirmação de desbloqueio...
2026-06-20 01:24:24,411 - INFO - 🟨 Registros desbloqueados com sucesso
2026-06-20 01:24:28,515 - INFO - 
=== rotina editar_os ===
2026-06-20 01:24:37,920 - INFO - ⌛ Aguardando janela de edição de OS...
2026-06-20 01:24:53,363 - INFO - 🟨 OS programadas detectadas
2026-06-20 01:24:56,466 - INFO - ⌛ Aguardando janela de edição de OS...
2026-06-20 01:25:11,911 - INFO - 🟨 Janela de edição de OS detectada
2026-06-20 01:25:33,263 - INFO - 🟨 Janela de edição de habilidade da turma detectada
2026-06-20 01:26:51,583 - INFO - ⌛ Aguardando detecção do campo de caracteristica 'EQUIPE PRÓPRIA OU EPS' ...
2026-06-20 01:27:10,946 - INFO - 🟨 campo de caracteristica 'EQUIPE PRÓPRIA OU EPS detectado
2026-06-20 01:27:32,725 - INFO - ⌛ Aguardando confirmação 4 - editar OS...
2026-06-20 01:27:48,211 - INFO - ⌛ Aguardando confirmação 4 - editar OS...
2026-06-20 01:28:03,745 - INFO - ⌛ Aguardando confirmação 4 - editar OS...
2026-06-20 01:28:19,226 - INFO - 🟨 Janela de confirmação 4 de edição de OS detectada
2026-06-20 01:28:23,329 - INFO - 
=== rotina programar_os ===
2026-06-20 01:28:49,861 - INFO - ⌛ Aguardando janela de confirmação de programação de OS...
2026-06-20 01:29:15,358 - INFO - 🟨 Janela de confirmação de programação de OS detectada
2026-06-20 01:29:28,617 - INFO - 🟨 Janela de aviso de edição de OS programadas detectada
2026-06-20 01:29:35,821 - INFO - ⌛ aguardando janela de programação de lote de OS...
2026-06-20 01:30:01,316 - INFO - 🟨 Janela de aviso de substituição de lote de OS detectada
2026-06-20 01:30:21,417 - INFO - ⌛ aguardando janela de programação de lote de OS...
2026-06-20 01:30:46,939 - INFO - 🟨 Janela de programação de lote de OS detectada
2026-06-20 01:31:36,464 - INFO - 🟨 Janela de confirmação de programação de lote de OS detectada
2026-06-20 01:31:40,676 - INFO - ⌛ aguardando confirmação final de programação do lote
2026-06-20 01:32:06,116 - INFO - 🟨 programação do lote 39 efetuado com sucesso
2026-06-20 01:32:16,220 - INFO - 
=== Iniciando lote 40/470 [REDES] ===
2026-06-20 01:32:16,220 - INFO - 
=== abrir_janela_selecao ===
2026-06-20 01:32:22,539 - INFO - 
=== rotina abrir_selecao_colar_os ===
2026-06-20 01:32:22,576 - INFO - Janela de seleção aberta
2026-06-20 01:32:26,815 - INFO - DEBUG: idx=39, inicio=975, fim=1000
2026-06-20 01:32:26,815 - INFO - ✅ 25 OS copiadas para a área de transferência.
2026-06-20 01:32:26,815 - INFO - 📋 Lote 40 copiado.
2026-06-20 01:32:35,147 - INFO - ⌛ Esperando mudança visual...
2026-06-20 01:32:36,163 - INFO - ⌛ Esperando mudança visual...
2026-06-20 01:32:37,176 - INFO - ⌛ Esperando mudança visual...
2026-06-20 01:32:38,193 - INFO - ⌛ Esperando mudança visual...
2026-06-20 01:32:39,209 - INFO - ⌛ Esperando mudança visual...
2026-06-20 01:32:40,227 - INFO - ⌛ Esperando mudança visual...
2026-06-20 01:32:41,241 - INFO - ⌛ Esperando mudança visual...
2026-06-20 01:32:42,257 - INFO - ⌛ Esperando mudança visual...
2026-06-20 01:32:43,270 - INFO - ⌛ Esperando mudança visual...
2026-06-20 01:32:44,288 - INFO - ⌛ Esperando mudança visual...
2026-06-20 01:32:45,305 - INFO - ✅ Tela carregada!
2026-06-20 01:32:49,306 - INFO - 
=== rotina desbloquear_os ===
2026-06-20 01:33:15,770 - INFO - ⌛ Aguardando janela de confirmação de desbloqueio...
2026-06-20 01:33:31,165 - INFO - 🟨 Registros desbloqueados com sucesso
2026-06-20 01:33:35,271 - INFO - 
=== rotina editar_os ===
2026-06-20 01:33:44,702 - INFO - ⌛ Aguardando janela de edição de OS...
2026-06-20 01:34:00,128 - INFO - 🟨 Janela de edição de OS detectada
2026-06-20 01:34:21,495 - INFO - 🟨 Janela de edição de habilidade da turma detectada
2026-06-20 01:35:39,801 - INFO - ⌛ Aguardando detecção do campo de caracteristica 'EQUIPE PRÓPRIA OU EPS' ...
2026-06-20 01:35:59,157 - INFO - 🟨 campo de caracteristica 'EQUIPE PRÓPRIA OU EPS detectado
2026-06-20 01:36:20,938 - INFO - ⌛ Aguardando confirmação 4 - editar OS...
2026-06-20 01:36:36,359 - INFO - ⌛ Aguardando confirmação 4 - editar OS...
2026-06-20 01:36:51,809 - INFO - ⌛ Aguardando confirmação 4 - editar OS...
2026-06-20 01:37:07,295 - INFO - 🟨 Janela de confirmação 4 de edição de OS detectada
2026-06-20 01:37:11,398 - INFO - 
=== rotina programar_os ===
2026-06-20 01:37:37,935 - INFO - ⌛ Aguardando janela de confirmação de programação de OS...
2026-06-20 01:38:03,407 - INFO - 🟨 Janela de confirmação de programação de OS detectada
2026-06-20 01:38:16,691 - INFO - ⌛ aguardando janela de programação de lote de OS...
2026-06-20 01:38:42,177 - INFO - 🟨 Janela de programação de lote de OS detectada
2026-06-20 01:39:31,676 - INFO - 🟨 Janela de confirmação de programação de lote de OS detectada
2026-06-20 01:39:35,868 - INFO - ⌛ aguardando confirmação final de programação do lote
2026-06-20 01:40:01,385 - INFO - 🟨 programação do lote 40 efetuado com sucesso
2026-06-20 01:40:11,506 - INFO - 
=== Iniciando lote 41/470 [REDES] ===
2026-06-20 01:40:11,506 - INFO - 
=== abrir_janela_selecao ===
2026-06-20 01:40:17,814 - INFO - 
=== rotina abrir_selecao_colar_os ===
2026-06-20 01:40:17,877 - INFO - Janela de seleção aberta
2026-06-20 01:40:22,117 - INFO - DEBUG: idx=40, inicio=1000, fim=1025
2026-06-20 01:40:22,117 - INFO - ✅ 25 OS copiadas para a área de transferência.
2026-06-20 01:40:22,117 - INFO - 📋 Lote 41 copiado.
2026-06-20 01:40:30,457 - INFO - ⌛ Esperando mudança visual...
2026-06-20 01:40:31,477 - INFO - ⌛ Esperando mudança visual...
2026-06-20 01:40:32,489 - INFO - ⌛ Esperando mudança visual...
2026-06-20 01:40:33,509 - INFO - ⌛ Esperando mudança visual...
2026-06-20 01:40:34,525 - INFO - ⌛ Esperando mudança visual...
2026-06-20 01:40:35,540 - INFO - ⌛ Esperando mudança visual...
2026-06-20 01:40:36,552 - INFO - ⌛ Esperando mudança visual...
2026-06-20 01:40:37,569 - INFO - ⌛ Esperando mudança visual...
2026-06-20 01:40:38,585 - INFO - ⌛ Esperando mudança visual...
2026-06-20 01:40:39,599 - INFO - ⌛ Esperando mudança visual...
2026-06-20 01:40:40,617 - INFO - ✅ Tela carregada!
2026-06-20 01:40:44,618 - INFO - 
=== rotina desbloquear_os ===
2026-06-20 01:41:11,086 - INFO - ⌛ Aguardando janela de confirmação de desbloqueio...
2026-06-20 01:41:26,494 - INFO - 🟨 Registros desbloqueados com sucesso
2026-06-20 01:41:30,602 - INFO - 
=== rotina editar_os ===
2026-06-20 01:41:40,010 - INFO - ⌛ Aguardando janela de edição de OS...
2026-06-20 01:41:55,444 - INFO - 🟨 Janela de edição de OS detectada
2026-06-20 01:42:16,811 - INFO - 🟨 Janela de edição de habilidade da turma detectada
2026-06-20 01:43:35,106 - INFO - ⌛ Aguardando detecção do campo de caracteristica 'EQUIPE PRÓPRIA OU EPS' ...
2026-06-20 01:43:54,478 - INFO - 🟨 campo de caracteristica 'EQUIPE PRÓPRIA OU EPS detectado
2026-06-20 01:44:16,240 - INFO - ⌛ Aguardando confirmação 4 - editar OS...
2026-06-20 01:44:31,677 - INFO - ⌛ Aguardando confirmação 4 - editar OS...
2026-06-20 01:44:47,095 - INFO - ⌛ Aguardando confirmação 4 - editar OS...
2026-06-20 01:45:02,528 - INFO - 🟨 Janela de confirmação 4 de edição de OS detectada
2026-06-20 01:45:06,630 - INFO - 
=== rotina programar_os ===
2026-06-20 01:45:33,178 - INFO - ⌛ Aguardando janela de confirmação de programação de OS...
2026-06-20 01:45:58,622 - INFO - 🟨 Janela de confirmação de programação de OS detectada
2026-06-20 01:46:11,873 - INFO - ⌛ aguardando janela de programação de lote de OS...
2026-06-20 01:46:37,361 - INFO - 🟨 Janela de programação de lote de OS detectada
2026-06-20 01:47:26,882 - INFO - 🟨 Janela de confirmação de programação de lote de OS detectada
2026-06-20 01:47:31,096 - INFO - ⌛ aguardando confirmação final de programação do lote
2026-06-20 01:47:56,597 - INFO - 🟨 programação do lote 41 efetuado com sucesso
2026-06-20 01:48:06,702 - INFO - 
=== Iniciando lote 42/470 [REDES] ===
2026-06-20 01:48:06,702 - INFO - 
=== abrir_janela_selecao ===
2026-06-20 01:48:13,012 - INFO - 
=== rotina abrir_selecao_colar_os ===
2026-06-20 01:48:13,062 - INFO - Janela de seleção aberta
2026-06-20 01:48:17,293 - INFO - DEBUG: idx=41, inicio=1025, fim=1050
2026-06-20 01:48:17,293 - INFO - ✅ 25 OS copiadas para a área de transferência.
2026-06-20 01:48:17,293 - INFO - 📋 Lote 42 copiado.
2026-06-20 01:48:25,618 - INFO - ⌛ Esperando mudança visual...
2026-06-20 01:48:26,633 - INFO - ⌛ Esperando mudança visual...
2026-06-20 01:48:27,646 - INFO - ⌛ Esperando mudança visual...
2026-06-20 01:48:28,665 - INFO - ⌛ Esperando mudança visual...
2026-06-20 01:48:29,681 - INFO - ⌛ Esperando mudança visual...
2026-06-20 01:48:30,693 - INFO - ⌛ Esperando mudança visual...
2026-06-20 01:48:31,711 - INFO - ⌛ Esperando mudança visual...
2026-06-20 01:48:32,727 - INFO - ⌛ Esperando mudança visual...
2026-06-20 01:48:33,740 - INFO - ⌛ Esperando mudança visual...
2026-06-20 01:48:34,758 - INFO - ✅ Tela carregada!
2026-06-20 01:48:38,760 - INFO - 
=== rotina desbloquear_os ===
2026-06-20 01:49:05,242 - INFO - ⌛ Aguardando janela de confirmação de desbloqueio...
2026-06-20 01:49:20,624 - INFO - 🟨 Registros desbloqueados com sucesso
2026-06-20 01:49:24,728 - INFO - 
=== rotina editar_os ===
2026-06-20 01:49:34,140 - INFO - ⌛ Aguardando janela de edição de OS...
2026-06-20 01:49:49,593 - INFO - 🟨 Janela de edição de OS detectada
2026-06-20 01:50:10,950 - INFO - 🟨 Janela de edição de habilidade da turma detectada
2026-06-20 01:51:29,248 - INFO - ⌛ Aguardando detecção do campo de caracteristica 'EQUIPE PRÓPRIA OU EPS' ...
2026-06-20 01:51:48,604 - INFO - 🟨 campo de caracteristica 'EQUIPE PRÓPRIA OU EPS detectado
2026-06-20 01:52:10,384 - INFO - ⌛ Aguardando confirmação 4 - editar OS...
2026-06-20 01:52:25,872 - INFO - ⌛ Aguardando confirmação 4 - editar OS...
2026-06-20 01:52:41,393 - INFO - ⌛ Aguardando confirmação 4 - editar OS...
2026-06-20 01:52:56,838 - INFO - 🟨 Janela de confirmação 4 de edição de OS detectada
2026-06-20 01:53:00,941 - INFO - 
=== rotina programar_os ===
2026-06-20 01:53:27,475 - INFO - ⌛ Aguardando janela de confirmação de programação de OS...
2026-06-20 01:53:52,918 - INFO - 🟨 Janela de confirmação de programação de OS detectada
2026-06-20 01:54:06,168 - INFO - ⌛ aguardando janela de programação de lote de OS...
2026-06-20 01:54:31,664 - INFO - 🟨 Janela de programação de lote de OS detectada
2026-06-20 01:55:21,180 - INFO - 🟨 Janela de confirmação de programação de lote de OS detectada
2026-06-20 01:55:25,381 - INFO - ⌛ aguardando confirmação final de programação do lote
2026-06-20 01:55:50,831 - INFO - 🟨 programação do lote 42 efetuado com sucesso
2026-06-20 01:56:00,936 - INFO - 
=== Iniciando lote 43/470 [REDES] ===
2026-06-20 01:56:00,936 - INFO - 
=== abrir_janela_selecao ===
2026-06-20 01:56:07,244 - INFO - 
=== rotina abrir_selecao_colar_os ===
2026-06-20 01:56:07,292 - INFO - Janela de seleção aberta
2026-06-20 01:56:11,517 - INFO - DEBUG: idx=42, inicio=1050, fim=1075
2026-06-20 01:56:11,518 - INFO - ✅ 25 OS copiadas para a área de transferência.
2026-06-20 01:56:11,518 - INFO - 📋 Lote 43 copiado.
2026-06-20 01:56:19,844 - INFO - ⌛ Esperando mudança visual...
2026-06-20 01:56:20,861 - INFO - ⌛ Esperando mudança visual...
2026-06-20 01:56:21,878 - INFO - ⌛ Esperando mudança visual...
2026-06-20 01:56:22,891 - INFO - ⌛ Esperando mudança visual...
2026-06-20 01:56:23,909 - INFO - ⌛ Esperando mudança visual...
2026-06-20 01:56:24,925 - INFO - ⌛ Esperando mudança visual...
2026-06-20 01:56:25,939 - INFO - ⌛ Esperando mudança visual...
2026-06-20 01:56:26,955 - INFO - ⌛ Esperando mudança visual...
2026-06-20 01:56:27,970 - INFO - ⌛ Esperando mudança visual...
2026-06-20 01:56:28,989 - INFO - ✅ Tela carregada!
2026-06-20 01:56:32,990 - INFO - 
=== rotina desbloquear_os ===
2026-06-20 01:56:59,464 - INFO - ⌛ Aguardando janela de confirmação de desbloqueio...
2026-06-20 01:57:14,870 - INFO - 🟨 Registros desbloqueados com sucesso
2026-06-20 01:57:18,974 - INFO - 
=== rotina editar_os ===
2026-06-20 01:57:28,385 - INFO - ⌛ Aguardando janela de edição de OS...
2026-06-20 01:57:43,794 - INFO - 🟨 OS programadas detectadas
2026-06-20 01:57:46,908 - INFO - ⌛ Aguardando janela de edição de OS...
2026-06-20 01:58:02,368 - INFO - 🟨 Janela de edição de OS detectada
2026-06-20 01:58:23,728 - INFO - 🟨 Janela de edição de habilidade da turma detectada
2026-06-20 01:59:42,029 - INFO - ⌛ Aguardando detecção do campo de caracteristica 'EQUIPE PRÓPRIA OU EPS' ...
2026-06-20 02:00:01,391 - INFO - 🟨 campo de caracteristica 'EQUIPE PRÓPRIA OU EPS detectado
2026-06-20 02:00:23,216 - INFO - ⌛ Aguardando confirmação 4 - editar OS...
2026-06-20 02:00:38,716 - INFO - ⌛ Aguardando confirmação 4 - editar OS...
2026-06-20 02:00:54,185 - INFO - ⌛ Aguardando confirmação 4 - editar OS...
2026-06-20 02:01:09,618 - INFO - 🟨 Janela de confirmação 4 de edição de OS detectada
2026-06-20 02:01:13,720 - INFO - 
=== rotina programar_os ===
2026-06-20 02:01:40,282 - INFO - ⌛ Aguardando janela de confirmação de programação de OS...
2026-06-20 02:02:05,738 - INFO - 🟨 Janela de confirmação de programação de OS detectada
2026-06-20 02:02:18,989 - INFO - 🟨 Janela de aviso de edição de OS programadas detectada
2026-06-20 02:02:26,205 - INFO - ⌛ aguardando janela de programação de lote de OS...
2026-06-20 02:02:51,690 - INFO - 🟨 Janela de aviso de substituição de lote de OS detectada
2026-06-20 02:03:11,803 - INFO - ⌛ aguardando janela de programação de lote de OS...
2026-06-20 02:03:37,322 - INFO - 🟨 Janela de programação de lote de OS detectada
2026-06-20 02:04:26,835 - INFO - 🟨 Janela de confirmação de programação de lote de OS detectada
2026-06-20 02:04:31,075 - INFO - ⌛ aguardando confirmação final de programação do lote
2026-06-20 02:04:56,628 - INFO - 🟨 programação do lote 43 efetuado com sucesso
2026-06-20 02:05:06,735 - INFO - 
=== Iniciando lote 44/470 [REDES] ===
2026-06-20 02:05:06,735 - INFO - 
=== abrir_janela_selecao ===
2026-06-20 02:05:13,049 - INFO - 
=== rotina abrir_selecao_colar_os ===
2026-06-20 02:05:13,102 - INFO - Janela de seleção aberta
2026-06-20 02:05:17,328 - INFO - DEBUG: idx=43, inicio=1075, fim=1100
2026-06-20 02:05:17,328 - INFO - ✅ 25 OS copiadas para a área de transferência.
2026-06-20 02:05:17,328 - INFO - 📋 Lote 44 copiado.
2026-06-20 02:05:25,657 - INFO - ⌛ Esperando mudança visual...
2026-06-20 02:05:26,673 - INFO - ⌛ Esperando mudança visual...
2026-06-20 02:05:27,689 - INFO - ⌛ Esperando mudança visual...
2026-06-20 02:05:28,706 - INFO - ⌛ Esperando mudança visual...
2026-06-20 02:05:29,722 - INFO - ⌛ Esperando mudança visual...
2026-06-20 02:05:30,734 - INFO - ⌛ Esperando mudança visual...
2026-06-20 02:05:31,751 - INFO - ⌛ Esperando mudança visual...
2026-06-20 02:05:32,765 - INFO - ⌛ Esperando mudança visual...
2026-06-20 02:05:33,781 - INFO - ⌛ Esperando mudança visual...
2026-06-20 02:05:34,799 - INFO - ⌛ Esperando mudança visual...
2026-06-20 02:05:35,812 - INFO - ✅ Tela carregada!
2026-06-20 02:05:39,815 - INFO - 
=== rotina desbloquear_os ===
2026-06-20 02:06:06,302 - INFO - ⌛ Aguardando janela de confirmação de desbloqueio...
2026-06-20 02:06:21,737 - INFO - 🟨 Registros desbloqueados com sucesso
2026-06-20 02:06:25,847 - INFO - 
=== rotina editar_os ===
2026-06-20 02:06:35,285 - INFO - ⌛ Aguardando janela de edição de OS...
2026-06-20 02:06:50,738 - INFO - 🟨 Janela de edição de OS detectada
2026-06-20 02:07:12,112 - INFO - 🟨 Janela de edição de habilidade da turma detectada
2026-06-20 02:08:30,416 - INFO - ⌛ Aguardando detecção do campo de caracteristica 'EQUIPE PRÓPRIA OU EPS' ...
2026-06-20 02:08:49,766 - INFO - 🟨 campo de caracteristica 'EQUIPE PRÓPRIA OU EPS detectado
2026-06-20 02:09:11,526 - INFO - ⌛ Aguardando confirmação 4 - editar OS...
2026-06-20 02:09:26,947 - INFO - ⌛ Aguardando confirmação 4 - editar OS...
2026-06-20 02:09:42,406 - INFO - ⌛ Aguardando confirmação 4 - editar OS...
2026-06-20 02:09:57,847 - INFO - 🟨 Janela de confirmação 4 de edição de OS detectada
2026-06-20 02:10:01,951 - INFO - 
=== rotina programar_os ===
2026-06-20 02:10:28,498 - INFO - ⌛ Aguardando janela de confirmação de programação de OS...
2026-06-20 02:10:53,946 - INFO - 🟨 Janela de confirmação de programação de OS detectada
2026-06-20 02:11:07,221 - INFO - ⌛ aguardando janela de programação de lote de OS...
2026-06-20 02:11:32,711 - INFO - 🟨 Janela de programação de lote de OS detectada
2026-06-20 02:12:22,215 - INFO - 🟨 Janela de confirmação de programação de lote de OS detectada
2026-06-20 02:12:26,447 - INFO - ⌛ aguardando confirmação final de programação do lote
2026-06-20 02:12:51,907 - INFO - 🟨 programação do lote 44 efetuado com sucesso
2026-06-20 02:13:02,011 - INFO - 
=== Iniciando lote 45/470 [REDES] ===
2026-06-20 02:13:02,011 - INFO - 
=== abrir_janela_selecao ===
2026-06-20 02:13:08,344 - INFO - 
=== rotina abrir_selecao_colar_os ===
2026-06-20 02:13:08,402 - INFO - Janela de seleção aberta
2026-06-20 02:13:12,628 - INFO - DEBUG: idx=44, inicio=1100, fim=1125
2026-06-20 02:13:12,628 - INFO - ✅ 25 OS copiadas para a área de transferência.
2026-06-20 02:13:12,628 - INFO - 📋 Lote 45 copiado.
2026-06-20 02:13:20,954 - INFO - ⌛ Esperando mudança visual...
2026-06-20 02:13:21,971 - INFO - ⌛ Esperando mudança visual...
2026-06-20 02:13:22,988 - INFO - ⌛ Esperando mudança visual...
2026-06-20 02:13:24,001 - INFO - ⌛ Esperando mudança visual...
2026-06-20 02:13:25,019 - INFO - ⌛ Esperando mudança visual...
2026-06-20 02:13:26,034 - INFO - ⌛ Esperando mudança visual...
2026-06-20 02:13:27,047 - INFO - ⌛ Esperando mudança visual...
2026-06-20 02:13:28,066 - INFO - ⌛ Esperando mudança visual...
2026-06-20 02:13:29,081 - INFO - ⌛ Esperando mudança visual...
2026-06-20 02:13:30,094 - INFO - ⌛ Esperando mudança visual...
2026-06-20 02:13:31,111 - INFO - ✅ Tela carregada!
2026-06-20 02:13:35,112 - INFO - 
=== rotina desbloquear_os ===
2026-06-20 02:14:01,582 - INFO - ⌛ Aguardando janela de confirmação de desbloqueio...
2026-06-20 02:14:16,990 - INFO - 🟨 Registros desbloqueados com sucesso
2026-06-20 02:14:21,097 - INFO - 
=== rotina editar_os ===
2026-06-20 02:14:30,516 - INFO - ⌛ Aguardando janela de edição de OS...
2026-06-20 02:14:45,955 - INFO - 🟨 Janela de edição de OS detectada
2026-06-20 02:15:07,313 - INFO - 🟨 Janela de edição de habilidade da turma detectada
2026-06-20 02:16:25,615 - INFO - ⌛ Aguardando detecção do campo de caracteristica 'EQUIPE PRÓPRIA OU EPS' ...
2026-06-20 02:16:44,974 - INFO - 🟨 campo de caracteristica 'EQUIPE PRÓPRIA OU EPS detectado
2026-06-20 02:17:06,779 - INFO - ⌛ Aguardando confirmação 4 - editar OS...
2026-06-20 02:17:22,248 - INFO - ⌛ Aguardando confirmação 4 - editar OS...
2026-06-20 02:17:37,794 - INFO - ⌛ Aguardando confirmação 4 - editar OS...
2026-06-20 02:17:53,291 - INFO - 🟨 Janela de confirmação 4 de edição de OS detectada
2026-06-20 02:17:57,393 - INFO - 
=== rotina programar_os ===
2026-06-20 02:18:23,944 - INFO - ⌛ Aguardando janela de confirmação de programação de OS...
2026-06-20 02:18:49,410 - INFO - 🟨 Janela de confirmação de programação de OS detectada
2026-06-20 02:19:02,662 - INFO - ⌛ aguardando janela de programação de lote de OS...
2026-06-20 02:19:28,136 - INFO - 🟨 Janela de programação de lote de OS detectada
2026-06-20 02:20:17,636 - INFO - 🟨 Janela de confirmação de programação de lote de OS detectada
2026-06-20 02:20:21,853 - INFO - ⌛ aguardando confirmação final de programação do lote
2026-06-20 02:20:47,357 - INFO - 🟨 programação do lote 45 efetuado com sucesso
2026-06-20 02:20:57,462 - INFO - 
=== Iniciando lote 46/470 [REDES] ===
2026-06-20 02:20:57,462 - INFO - 
=== abrir_janela_selecao ===
2026-06-20 02:21:03,769 - INFO - 
=== rotina abrir_selecao_colar_os ===
2026-06-20 02:21:03,821 - INFO - Janela de seleção aberta
2026-06-20 02:21:08,043 - INFO - DEBUG: idx=45, inicio=1125, fim=1150
2026-06-20 02:21:08,043 - INFO - ✅ 25 OS copiadas para a área de transferência.
2026-06-20 02:21:08,043 - INFO - 📋 Lote 46 copiado.
2026-06-20 02:21:16,386 - INFO - ⌛ Esperando mudança visual...
2026-06-20 02:21:17,401 - INFO - ⌛ Esperando mudança visual...
2026-06-20 02:21:18,415 - INFO - ⌛ Esperando mudança visual...
2026-06-20 02:21:19,432 - INFO - ⌛ Esperando mudança visual...
2026-06-20 02:21:20,448 - INFO - ⌛ Esperando mudança visual...
2026-06-20 02:21:21,462 - INFO - ⌛ Esperando mudança visual...
2026-06-20 02:21:22,478 - INFO - ⌛ Esperando mudança visual...
2026-06-20 02:21:23,494 - INFO - ⌛ Esperando mudança visual...
2026-06-20 02:21:24,506 - INFO - ⌛ Esperando mudança visual...
2026-06-20 02:21:25,526 - INFO - ⌛ Esperando mudança visual...
2026-06-20 02:21:26,542 - INFO - ✅ Tela carregada!
2026-06-20 02:21:30,543 - INFO - 
=== rotina desbloquear_os ===
2026-06-20 02:21:57,007 - INFO - ⌛ Aguardando janela de confirmação de desbloqueio...
2026-06-20 02:22:12,436 - INFO - 🟨 Registros desbloqueados com sucesso
2026-06-20 02:22:16,539 - INFO - 
=== rotina editar_os ===
2026-06-20 02:22:25,959 - INFO - ⌛ Aguardando janela de edição de OS...
2026-06-20 02:22:41,443 - INFO - 🟨 OS programadas detectadas
2026-06-20 02:22:44,563 - INFO - ⌛ Aguardando janela de edição de OS...
2026-06-20 02:23:00,046 - INFO - 🟨 Janela de edição de OS detectada
2026-06-20 02:23:21,419 - INFO - 🟨 Janela de edição de habilidade da turma detectada
2026-06-20 02:24:39,720 - INFO - ⌛ Aguardando detecção do campo de caracteristica 'EQUIPE PRÓPRIA OU EPS' ...
2026-06-20 02:24:59,079 - INFO - 🟨 campo de caracteristica 'EQUIPE PRÓPRIA OU EPS detectado
2026-06-20 02:25:20,877 - INFO - ⌛ Aguardando confirmação 4 - editar OS...
2026-06-20 02:25:36,331 - INFO - ⌛ Aguardando confirmação 4 - editar OS...
2026-06-20 02:25:51,853 - INFO - ⌛ Aguardando confirmação 4 - editar OS...
2026-06-20 02:26:07,364 - INFO - 🟨 Janela de confirmação 4 de edição de OS detectada
2026-06-20 02:26:11,468 - INFO - 
=== rotina programar_os ===
2026-06-20 02:26:38,020 - INFO - ⌛ Aguardando janela de confirmação de programação de OS...
2026-06-20 02:27:03,490 - INFO - 🟨 Janela de confirmação de programação de OS detectada
2026-06-20 02:27:16,776 - INFO - 🟨 Janela de aviso de edição de OS programadas detectada
2026-06-20 02:27:23,980 - INFO - ⌛ aguardando janela de programação de lote de OS...
2026-06-20 02:27:49,489 - INFO - 🟨 Janela de aviso de substituição de lote de OS detectada
2026-06-20 02:28:09,592 - INFO - ⌛ aguardando janela de programação de lote de OS...
2026-06-20 02:28:35,210 - INFO - 🟨 Janela de aviso de substituição de lote de OS detectada
2026-06-20 02:28:55,314 - INFO - ⌛ aguardando janela de programação de lote de OS...
2026-06-20 02:28:55,429 - INFO - 🟨 Identificado travamento no EQM, reiniciando contador de espera
2026-06-20 02:29:20,807 - INFO - 🟨 Janela de programação de lote de OS detectada
2026-06-20 02:30:10,309 - INFO - 🟨 Janela de confirmação de programação de lote de OS detectada
2026-06-20 02:30:14,562 - INFO - ⌛ aguardando confirmação final de programação do lote
2026-06-20 02:30:40,069 - INFO - 🟨 programação do lote 46 efetuado com sucesso
2026-06-20 02:30:50,173 - INFO - 
=== Iniciando lote 47/470 [REDES] ===
2026-06-20 02:30:50,173 - INFO - 
=== abrir_janela_selecao ===
2026-06-20 02:30:56,483 - INFO - 
=== rotina abrir_selecao_colar_os ===
2026-06-20 02:30:56,538 - INFO - Janela de seleção aberta
2026-06-20 02:31:00,765 - INFO - DEBUG: idx=46, inicio=1150, fim=1175
2026-06-20 02:31:00,765 - INFO - ✅ 25 OS copiadas para a área de transferência.
2026-06-20 02:31:00,765 - INFO - 📋 Lote 47 copiado.
2026-06-20 02:31:09,094 - INFO - ⌛ Esperando mudança visual...
2026-06-20 02:31:10,110 - INFO - ⌛ Esperando mudança visual...
2026-06-20 02:31:11,122 - INFO - ⌛ Esperando mudança visual...
2026-06-20 02:31:12,138 - INFO - ⌛ Esperando mudança visual...
2026-06-20 02:31:13,157 - INFO - ⌛ Esperando mudança visual...
2026-06-20 02:31:14,172 - INFO - ⌛ Esperando mudança visual...
2026-06-20 02:31:15,185 - INFO - ⌛ Esperando mudança visual...
2026-06-20 02:31:16,204 - INFO - ⌛ Esperando mudança visual...
2026-06-20 02:31:17,219 - INFO - ⌛ Esperando mudança visual...
2026-06-20 02:31:18,232 - INFO - ⌛ Esperando mudança visual...
2026-06-20 02:31:19,249 - INFO - ⌛ Esperando mudança visual...
2026-06-20 02:31:20,266 - INFO - ✅ Tela carregada!
2026-06-20 02:31:24,268 - INFO - 
=== rotina desbloquear_os ===
2026-06-20 02:31:50,747 - INFO - ⌛ Aguardando janela de confirmação de desbloqueio...
2026-06-20 02:32:06,181 - INFO - 🟨 Registros desbloqueados com sucesso
2026-06-20 02:32:10,300 - INFO - 
=== rotina editar_os ===
2026-06-20 02:32:19,729 - INFO - ⌛ Aguardando janela de edição de OS...
2026-06-20 02:32:35,164 - INFO - 🟨 OS programadas detectadas
2026-06-20 02:32:38,270 - INFO - ⌛ Aguardando janela de edição de OS...
2026-06-20 02:32:53,713 - INFO - 🟨 Janela de edição de OS detectada
2026-06-20 02:33:15,071 - INFO - 🟨 Janela de edição de habilidade da turma detectada
2026-06-20 02:34:33,368 - INFO - ⌛ Aguardando detecção do campo de caracteristica 'EQUIPE PRÓPRIA OU EPS' ...
2026-06-20 02:34:52,742 - INFO - 🟨 campo de caracteristica 'EQUIPE PRÓPRIA OU EPS detectado
2026-06-20 02:35:14,540 - INFO - ⌛ Aguardando confirmação 4 - editar OS...
2026-06-20 02:35:30,010 - INFO - ⌛ Aguardando confirmação 4 - editar OS...
2026-06-20 02:35:45,492 - INFO - ⌛ Aguardando confirmação 4 - editar OS...
2026-06-20 02:36:00,958 - INFO - 🟨 Janela de confirmação 4 de edição de OS detectada
2026-06-20 02:36:05,061 - INFO - 
=== rotina programar_os ===
2026-06-20 02:36:31,666 - INFO - ⌛ Aguardando janela de confirmação de programação de OS...
2026-06-20 02:36:57,156 - INFO - 🟨 Janela de confirmação de programação de OS detectada
2026-06-20 02:37:10,424 - INFO - 🟨 Janela de aviso de edição de OS programadas detectada
2026-06-20 02:37:17,656 - INFO - ⌛ aguardando janela de programação de lote de OS...
2026-06-20 02:37:43,179 - INFO - 🟨 Janela de aviso de substituição de lote de OS detectada
2026-06-20 02:38:03,291 - INFO - ⌛ aguardando janela de programação de lote de OS...
2026-06-20 02:38:28,810 - INFO - 🟨 Janela de programação de lote de OS detectada
2026-06-20 02:39:18,341 - INFO - 🟨 Janela de confirmação de programação de lote de OS detectada
2026-06-20 02:39:22,576 - INFO - ⌛ aguardando confirmação final de programação do lote
2026-06-20 02:39:48,061 - INFO - 🟨 programação do lote 47 efetuado com sucesso
2026-06-20 02:39:58,167 - INFO - 
=== Iniciando lote 48/470 [REDES] ===
2026-06-20 02:39:58,167 - INFO - 
=== abrir_janela_selecao ===
2026-06-20 02:40:04,475 - INFO - 
=== rotina abrir_selecao_colar_os ===
2026-06-20 02:40:04,530 - INFO - Janela de seleção aberta
2026-06-20 02:40:08,741 - INFO - DEBUG: idx=47, inicio=1175, fim=1200
2026-06-20 02:40:08,742 - INFO - ✅ 25 OS copiadas para a área de transferência.
2026-06-20 02:40:08,742 - INFO - 📋 Lote 48 copiado.
2026-06-20 02:40:17,069 - INFO - ⌛ Esperando mudança visual...
2026-06-20 02:40:18,088 - INFO - ⌛ Esperando mudança visual...
2026-06-20 02:40:19,104 - INFO - ⌛ Esperando mudança visual...
2026-06-20 02:40:20,116 - INFO - ⌛ Esperando mudança visual...
2026-06-20 02:40:21,134 - INFO - ⌛ Esperando mudança visual...
2026-06-20 02:40:22,150 - INFO - ⌛ Esperando mudança visual...
2026-06-20 02:40:23,162 - INFO - ⌛ Esperando mudança visual...
2026-06-20 02:40:24,181 - INFO - ⌛ Esperando mudança visual...
2026-06-20 02:40:25,197 - INFO - ⌛ Esperando mudança visual...
2026-06-20 02:40:26,210 - INFO - ✅ Tela carregada!
2026-06-20 02:40:30,215 - INFO - 
=== rotina desbloquear_os ===
2026-06-20 02:40:56,712 - INFO - ⌛ Aguardando janela de confirmação de desbloqueio...
2026-06-20 02:41:12,163 - INFO - 🟨 Registros desbloqueados com sucesso
2026-06-20 02:41:16,267 - INFO - 
=== rotina editar_os ===
2026-06-20 02:41:25,666 - INFO - ⌛ Aguardando janela de edição de OS...
2026-06-20 02:41:41,109 - INFO - 🟨 OS programadas detectadas
2026-06-20 02:41:44,213 - INFO - ⌛ Aguardando janela de edição de OS...
2026-06-20 02:41:59,643 - INFO - 🟨 Janela de edição de OS detectada
2026-06-20 02:42:21,001 - INFO - 🟨 Janela de edição de habilidade da turma detectada
2026-06-20 02:43:39,298 - INFO - ⌛ Aguardando detecção do campo de caracteristica 'EQUIPE PRÓPRIA OU EPS' ...
2026-06-20 02:43:58,655 - INFO - 🟨 campo de caracteristica 'EQUIPE PRÓPRIA OU EPS detectado
2026-06-20 02:44:20,407 - INFO - ⌛ Aguardando confirmação 4 - editar OS...
2026-06-20 02:44:35,854 - INFO - ⌛ Aguardando confirmação 4 - editar OS...
2026-06-20 02:44:51,295 - INFO - ⌛ Aguardando confirmação 4 - editar OS...
2026-06-20 02:45:06,790 - INFO - 🟨 Janela de confirmação 4 de edição de OS detectada
2026-06-20 02:45:10,894 - INFO - 
=== rotina programar_os ===
2026-06-20 02:45:37,446 - INFO - ⌛ Aguardando janela de confirmação de programação de OS...
2026-06-20 02:46:02,922 - INFO - 🟨 Janela de confirmação de programação de OS detectada
2026-06-20 02:46:16,191 - INFO - 🟨 Janela de aviso de edição de OS programadas detectada
2026-06-20 02:46:23,422 - INFO - ⌛ aguardando janela de programação de lote de OS...
2026-06-20 02:46:49,058 - INFO - 🟨 Janela de aviso de substituição de lote de OS detectada
2026-06-20 02:47:09,166 - INFO - ⌛ aguardando janela de programação de lote de OS...
2026-06-20 02:47:34,692 - INFO - 🟨 Janela de programação de lote de OS detectada
2026-06-20 02:48:24,210 - INFO - 🟨 Janela de confirmação de programação de lote de OS detectada
2026-06-20 02:48:28,442 - INFO - ⌛ aguardando confirmação final de programação do lote
2026-06-20 02:48:53,947 - INFO - 🟨 programação do lote 48 efetuado com sucesso
2026-06-20 02:49:04,051 - INFO - 
=== Iniciando lote 49/470 [REDES] ===
2026-06-20 02:49:04,053 - INFO - 
=== abrir_janela_selecao ===
2026-06-20 02:49:10,360 - INFO - 
=== rotina abrir_selecao_colar_os ===
2026-06-20 02:49:10,401 - INFO - Janela de seleção aberta
2026-06-20 02:49:14,626 - INFO - DEBUG: idx=48, inicio=1200, fim=1225
2026-06-20 02:49:14,626 - INFO - ✅ 25 OS copiadas para a área de transferência.
2026-06-20 02:49:14,627 - INFO - 📋 Lote 49 copiado.
2026-06-20 02:49:22,957 - INFO - ⌛ Esperando mudança visual...
2026-06-20 02:49:23,972 - INFO - ⌛ Esperando mudança visual...
2026-06-20 02:49:24,988 - INFO - ⌛ Esperando mudança visual...
2026-06-20 02:49:26,001 - INFO - ⌛ Esperando mudança visual...
2026-06-20 02:49:27,019 - INFO - ⌛ Esperando mudança visual...
2026-06-20 02:49:28,036 - INFO - ⌛ Esperando mudança visual...
2026-06-20 02:49:29,048 - INFO - ⌛ Esperando mudança visual...
2026-06-20 02:49:30,065 - INFO - ⌛ Esperando mudança visual...
2026-06-20 02:49:31,082 - INFO - ⌛ Esperando mudança visual...
2026-06-20 02:49:32,095 - INFO - ✅ Tela carregada!
2026-06-20 02:49:36,101 - INFO - 
=== rotina desbloquear_os ===
2026-06-20 02:50:02,571 - INFO - ⌛ Aguardando janela de confirmação de desbloqueio...
2026-06-20 02:50:17,985 - INFO - 🟨 Registros desbloqueados com sucesso
2026-06-20 02:50:22,089 - INFO - 
=== rotina editar_os ===
2026-06-20 02:50:31,525 - INFO - ⌛ Aguardando janela de edição de OS...
2026-06-20 02:50:47,001 - INFO - 🟨 OS programadas detectadas
2026-06-20 02:50:50,104 - INFO - ⌛ Aguardando janela de edição de OS...
2026-06-20 02:51:05,544 - INFO - 🟨 Janela de edição de OS detectada
2026-06-20 02:51:26,896 - INFO - 🟨 Janela de edição de habilidade da turma detectada
2026-06-20 02:52:45,216 - INFO - ⌛ Aguardando detecção do campo de caracteristica 'EQUIPE PRÓPRIA OU EPS' ...
2026-06-20 02:53:04,578 - INFO - 🟨 campo de caracteristica 'EQUIPE PRÓPRIA OU EPS detectado
2026-06-20 02:53:26,350 - INFO - ⌛ Aguardando confirmação 4 - editar OS...
2026-06-20 02:53:41,827 - INFO - ⌛ Aguardando confirmação 4 - editar OS...
2026-06-20 02:53:57,346 - INFO - ⌛ Aguardando confirmação 4 - editar OS...
2026-06-20 02:54:12,845 - INFO - 🟨 Janela de confirmação 4 de edição de OS detectada
2026-06-20 02:54:16,948 - INFO - 
=== rotina programar_os ===
2026-06-20 02:54:43,480 - INFO - ⌛ Aguardando janela de confirmação de programação de OS...
2026-06-20 02:55:08,935 - INFO - 🟨 Janela de confirmação de programação de OS detectada
2026-06-20 02:55:22,200 - INFO - 🟨 Janela de aviso de edição de OS programadas detectada
2026-06-20 02:55:29,413 - INFO - ⌛ aguardando janela de programação de lote de OS...
2026-06-20 02:55:54,968 - INFO - 🟨 Janela de aviso de substituição de lote de OS detectada
2026-06-20 02:56:15,080 - INFO - ⌛ aguardando janela de programação de lote de OS...
2026-06-20 02:56:40,613 - INFO - 🟨 Janela de programação de lote de OS detectada
2026-06-20 02:57:30,129 - INFO - 🟨 Janela de confirmação de programação de lote de OS detectada
2026-06-20 02:57:34,330 - INFO - ⌛ aguardando confirmação final de programação do lote
2026-06-20 02:57:59,811 - INFO - 🟨 programação do lote 49 efetuado com sucesso
2026-06-20 02:58:09,921 - INFO - 
=== Iniciando lote 50/470 [REDES] ===
2026-06-20 02:58:09,922 - INFO - 
=== abrir_janela_selecao ===
2026-06-20 02:58:16,233 - INFO - 
=== rotina abrir_selecao_colar_os ===
2026-06-20 02:58:16,273 - INFO - Janela de seleção aberta
2026-06-20 02:58:20,499 - INFO - DEBUG: idx=49, inicio=1225, fim=1250
2026-06-20 02:58:20,499 - INFO - ✅ 25 OS copiadas para a área de transferência.
2026-06-20 02:58:20,499 - INFO - 📋 Lote 50 copiado.
2026-06-20 02:58:28,828 - INFO - ⌛ Esperando mudança visual...
2026-06-20 02:58:29,841 - INFO - ⌛ Esperando mudança visual...
2026-06-20 02:58:30,860 - INFO - ⌛ Esperando mudança visual...
2026-06-20 02:58:31,875 - INFO - ⌛ Esperando mudança visual...
2026-06-20 02:58:32,888 - INFO - ⌛ Esperando mudança visual...
2026-06-20 02:58:33,906 - INFO - ⌛ Esperando mudança visual...
2026-06-20 02:58:34,923 - INFO - ⌛ Esperando mudança visual...
2026-06-20 02:58:35,935 - INFO - ⌛ Esperando mudança visual...
2026-06-20 02:58:36,954 - INFO - ⌛ Esperando mudança visual...
2026-06-20 02:58:37,970 - INFO - ✅ Tela carregada!
2026-06-20 02:58:41,971 - INFO - 
=== rotina desbloquear_os ===
2026-06-20 02:59:08,431 - INFO - ⌛ Aguardando janela de confirmação de desbloqueio...
2026-06-20 02:59:23,797 - INFO - 🟨 Registros desbloqueados com sucesso
2026-06-20 02:59:27,905 - INFO - 
=== rotina editar_os ===
2026-06-20 02:59:37,317 - INFO - ⌛ Aguardando janela de edição de OS...
2026-06-20 02:59:52,742 - INFO - 🟨 OS programadas detectadas
2026-06-20 02:59:55,850 - INFO - ⌛ Aguardando janela de edição de OS...
2026-06-20 03:00:11,300 - INFO - 🟨 Janela de edição de OS detectada
2026-06-20 03:00:32,676 - INFO - 🟨 Janela de edição de habilidade da turma detectada
2026-06-20 03:01:50,991 - INFO - ⌛ Aguardando detecção do campo de caracteristica 'EQUIPE PRÓPRIA OU EPS' ...
2026-06-20 03:02:10,362 - INFO - 🟨 campo de caracteristica 'EQUIPE PRÓPRIA OU EPS detectado
2026-06-20 03:02:32,177 - INFO - ⌛ Aguardando confirmação 4 - editar OS...
2026-06-20 03:02:47,614 - INFO - ⌛ Aguardando confirmação 4 - editar OS...
2026-06-20 03:03:03,081 - INFO - ⌛ Aguardando confirmação 4 - editar OS...
2026-06-20 03:03:18,533 - INFO - 🟨 Janela de confirmação 4 de edição de OS detectada
2026-06-20 03:03:22,636 - INFO - 
=== rotina programar_os ===
2026-06-20 03:03:49,140 - INFO - ⌛ Aguardando janela de confirmação de programação de OS...
2026-06-20 03:04:14,575 - INFO - 🟨 Janela de confirmação de programação de OS detectada
2026-06-20 03:04:27,835 - INFO - 🟨 Janela de aviso de edição de OS programadas detectada
2026-06-20 03:04:35,067 - INFO - ⌛ aguardando janela de programação de lote de OS...
2026-06-20 03:05:00,561 - INFO - 🟨 Janela de aviso de substituição de lote de OS detectada
2026-06-20 03:05:20,664 - INFO - ⌛ aguardando janela de programação de lote de OS...
2026-06-20 03:05:46,252 - INFO - 🟨 Janela de programação de lote de OS detectada
2026-06-20 03:06:35,793 - INFO - 🟨 Janela de confirmação de programação de lote de OS detectada
2026-06-20 03:06:40,035 - INFO - ⌛ aguardando confirmação final de programação do lote
2026-06-20 03:07:05,512 - INFO - 🟨 programação do lote 50 efetuado com sucesso
2026-06-20 03:07:15,615 - INFO - 
=== Iniciando lote 51/470 [REDES] ===
2026-06-20 03:07:15,616 - INFO - 
=== abrir_janela_selecao ===
2026-06-20 03:07:21,922 - INFO - 
=== rotina abrir_selecao_colar_os ===
2026-06-20 03:07:21,980 - INFO - Janela de seleção aberta
2026-06-20 03:07:26,210 - INFO - DEBUG: idx=50, inicio=1250, fim=1275
2026-06-20 03:07:26,210 - INFO - ✅ 25 OS copiadas para a área de transferência.
2026-06-20 03:07:26,211 - INFO - 📋 Lote 51 copiado.
2026-06-20 03:07:34,533 - INFO - ⌛ Esperando mudança visual...
2026-06-20 03:07:35,553 - INFO - ⌛ Esperando mudança visual...
2026-06-20 03:07:36,565 - INFO - ⌛ Esperando mudança visual...
2026-06-20 03:07:37,583 - INFO - ⌛ Esperando mudança visual...
2026-06-20 03:07:38,599 - INFO - ⌛ Esperando mudança visual...
2026-06-20 03:07:39,615 - INFO - ⌛ Esperando mudança visual...
2026-06-20 03:07:40,627 - INFO - ⌛ Esperando mudança visual...
2026-06-20 03:07:41,645 - INFO - ⌛ Esperando mudança visual...
2026-06-20 03:07:42,662 - INFO - ⌛ Esperando mudança visual...
2026-06-20 03:07:43,677 - INFO - ✅ Tela carregada!
2026-06-20 03:07:47,679 - INFO - 
=== rotina desbloquear_os ===
2026-06-20 03:08:14,149 - INFO - ⌛ Aguardando janela de confirmação de desbloqueio...
2026-06-20 03:08:29,582 - INFO - ⌛ Aguardando janela de confirmação de desbloqueio...
2026-06-20 03:08:45,035 - INFO - 🟨 Registros desbloqueados com sucesso
2026-06-20 03:08:49,139 - INFO - 
=== rotina editar_os ===
2026-06-20 03:08:58,533 - INFO - ⌛ Aguardando janela de edição de OS...
2026-06-20 03:09:14,018 - INFO - 🟨 OS programadas detectadas
2026-06-20 03:09:17,122 - INFO - ⌛ Aguardando janela de edição de OS...
2026-06-20 03:09:32,604 - INFO - 🟨 Janela de edição de OS detectada
2026-06-20 03:09:53,972 - INFO - 🟨 Janela de edição de habilidade da turma detectada
2026-06-20 03:11:12,278 - INFO - ⌛ Aguardando detecção do campo de caracteristica 'EQUIPE PRÓPRIA OU EPS' ...
2026-06-20 03:11:31,632 - INFO - 🟨 campo de caracteristica 'EQUIPE PRÓPRIA OU EPS detectado
2026-06-20 03:11:53,442 - INFO - ⌛ Aguardando confirmação 4 - editar OS...
2026-06-20 03:12:08,879 - INFO - ⌛ Aguardando confirmação 4 - editar OS...
2026-06-20 03:12:24,357 - INFO - ⌛ Aguardando confirmação 4 - editar OS...
2026-06-20 03:12:39,781 - INFO - 🟨 Janela de confirmação 4 de edição de OS detectada
2026-06-20 03:12:43,894 - INFO - 
=== rotina programar_os ===
2026-06-20 03:13:10,428 - INFO - ⌛ Aguardando janela de confirmação de programação de OS...
2026-06-20 03:13:35,857 - INFO - 🟨 Janela de confirmação de programação de OS detectada
2026-06-20 03:13:49,121 - INFO - 🟨 Janela de aviso de edição de OS programadas detectada
2026-06-20 03:13:56,327 - INFO - ⌛ aguardando janela de programação de lote de OS...
2026-06-20 03:14:21,928 - INFO - 🟨 Janela de aviso de substituição de lote de OS detectada
2026-06-20 03:14:42,031 - INFO - ⌛ aguardando janela de programação de lote de OS...
2026-06-20 03:15:07,618 - INFO - ⌛ aguardando janela de programação de lote de OS...
2026-06-20 03:15:33,151 - INFO - ⌛ aguardando janela de programação de lote de OS...
2026-06-20 03:15:58,660 - INFO - ⌛ aguardando janela de programação de lote de OS...
2026-06-20 03:16:24,152 - INFO - ⌛ aguardando janela de programação de lote de OS...
2026-06-20 03:16:49,643 - INFO - ⌛ aguardando janela de programação de lote de OS...
2026-06-20 03:17:15,151 - INFO - ⌛ aguardando janela de programação de lote de OS...
2026-06-20 03:17:40,640 - INFO - ⌛ aguardando janela de programação de lote de OS...
2026-06-20 03:18:06,118 - INFO - ⌛ aguardando janela de programação de lote de OS...
2026-06-20 03:18:31,589 - INFO - ⌛ aguardando janela de programação de lote de OS...
2026-06-20 03:18:57,061 - INFO - ⌛ aguardando janela de programação de lote de OS...
2026-06-20 03:19:22,551 - INFO - ⌛ aguardando janela de programação de lote de OS...
2026-06-20 03:19:48,012 - INFO - ⌛ aguardando janela de programação de lote de OS...
2026-06-20 03:20:13,501 - INFO - ⌛ aguardando janela de programação de lote de OS...
2026-06-20 03:20:39,006 - INFO - ⌛ aguardando janela de programação de lote de OS...
2026-06-20 03:21:04,537 - INFO - ⌛ aguardando janela de programação de lote de OS...
2026-06-20 03:21:30,044 - INFO - ⌛ aguardando janela de programação de lote de OS...
2026-06-20 03:21:55,544 - INFO - ⌛ aguardando janela de programação de lote de OS...
2026-06-20 03:22:21,016 - INFO - ⌛ aguardando janela de programação de lote de OS...
2026-06-20 03:22:46,482 - INFO - ⌛ aguardando janela de programação de lote de OS...
2026-06-20 03:23:11,961 - INFO - ⌛ aguardando janela de programação de lote de OS...
2026-06-20 03:23:37,472 - INFO - ⌛ aguardando janela de programação de lote de OS...
2026-06-20 03:24:02,975 - INFO - ⌛ aguardando janela de programação de lote de OS...
2026-06-20 03:24:28,464 - INFO - ⌛ aguardando janela de programação de lote de OS...
2026-06-20 03:24:53,955 - INFO - ⌛ aguardando janela de programação de lote de OS...
2026-06-20 03:25:19,421 - INFO - ⌛ aguardando janela de programação de lote de OS...
2026-06-20 03:25:44,897 - INFO - ⌛ aguardando janela de programação de lote de OS...
2026-06-20 03:26:10,387 - INFO - ⌛ aguardando janela de programação de lote de OS...
2026-06-20 03:26:35,892 - INFO - ⌛ aguardando janela de programação de lote de OS...
2026-06-20 03:27:01,447 - INFO - ⌛ aguardando janela de programação de lote de OS...
2026-06-20 03:27:27,036 - INFO - ⌛ aguardando janela de programação de lote de OS...
2026-06-20 03:27:52,528 - INFO - ⌛ aguardando janela de programação de lote de OS...
2026-06-20 03:28:18,029 - INFO - ⌛ aguardando janela de programação de lote de OS...
2026-06-20 03:28:43,519 - INFO - ⌛ aguardando janela de programação de lote de OS...
2026-06-20 03:29:08,994 - INFO - ⌛ aguardando janela de programação de lote de OS...
2026-06-20 03:29:34,467 - INFO - ⌛ aguardando janela de programação de lote de OS...
2026-06-20 03:29:59,941 - INFO - ⌛ aguardando janela de programação de lote de OS...
2026-06-20 03:30:25,437 - INFO - ⌛ aguardando janela de programação de lote de OS...
2026-06-20 03:30:50,935 - INFO - ⌛ aguardando janela de programação de lote de OS...
2026-06-20 03:31:16,437 - INFO - ⌛ aguardando janela de programação de lote de OS...
2026-06-20 03:31:41,963 - INFO - ⌛ aguardando janela de programação de lote de OS...
2026-06-20 03:32:07,453 - INFO - ⌛ aguardando janela de programação de lote de OS...
2026-06-20 03:32:32,934 - INFO - ⌛ aguardando janela de programação de lote de OS...
2026-06-20 03:32:58,434 - INFO - ⌛ aguardando janela de programação de lote de OS...
2026-06-20 03:33:23,902 - INFO - ⌛ aguardando janela de programação de lote de OS...
2026-06-20 03:33:49,412 - INFO - ⌛ aguardando janela de programação de lote de OS...
2026-06-20 03:34:14,920 - INFO - ⌛ aguardando janela de programação de lote de OS...
2026-06-20 03:34:40,462 - INFO - ⌛ aguardando janela de programação de lote de OS...
2026-06-20 03:35:06,045 - INFO - ⌛ aguardando janela de programação de lote de OS...
2026-06-20 03:35:31,527 - INFO - ⌛ aguardando janela de programação de lote de OS...
2026-06-20 03:35:57,024 - INFO - ⌛ aguardando janela de programação de lote de OS...
2026-06-20 03:36:22,534 - INFO - ⌛ aguardando janela de programação de lote de OS...
2026-06-20 03:36:48,039 - INFO - ⌛ aguardando janela de programação de lote de OS...
2026-06-20 03:37:13,526 - INFO - ⌛ aguardando janela de programação de lote de OS...
2026-06-20 03:37:39,003 - INFO - ⌛ aguardando janela de programação de lote de OS...
2026-06-20 03:38:04,596 - INFO - ⌛ aguardando janela de programação de lote de OS...
2026-06-20 03:38:30,134 - INFO - ⌛ aguardando janela de programação de lote de OS...
2026-06-20 03:38:55,623 - INFO - ⌛ aguardando janela de programação de lote de OS...
2026-06-20 03:39:21,096 - INFO - ⌛ aguardando janela de programação de lote de OS...
2026-06-20 03:39:46,610 - INFO - ⌛ aguardando janela de programação de lote de OS...
2026-06-20 03:40:12,100 - INFO - ⌛ aguardando janela de programação de lote de OS...
2026-06-20 03:40:37,643 - INFO - ⌛ aguardando janela de programação de lote de OS...
2026-06-20 03:41:03,190 - INFO - ⌛ aguardando janela de programação de lote de OS...
2026-06-20 03:41:28,725 - INFO - ⌛ aguardando janela de programação de lote de OS...
2026-06-20 03:41:54,240 - INFO - ⌛ aguardando janela de programação de lote de OS...
2026-06-20 03:42:19,733 - INFO - ⌛ aguardando janela de programação de lote de OS...
2026-06-20 03:42:45,214 - INFO - ⌛ aguardando janela de programação de lote de OS...
2026-06-20 03:43:10,706 - INFO - ⌛ aguardando janela de programação de lote de OS...
2026-06-20 03:43:36,180 - INFO - ⌛ aguardando janela de programação de lote de OS...
2026-06-20 03:44:01,651 - INFO - ⌛ aguardando janela de programação de lote de OS...
2026-06-20 03:44:27,127 - INFO - ⌛ aguardando janela de programação de lote de OS...
2026-06-20 03:44:52,623 - INFO - ⌛ aguardando janela de programação de lote de OS...
2026-06-20 03:45:18,132 - INFO - ⌛ aguardando janela de programação de lote de OS...
2026-06-20 03:45:43,704 - INFO - ⌛ aguardando janela de programação de lote de OS...
2026-06-20 03:46:09,264 - INFO - ⌛ aguardando janela de programação de lote de OS...
2026-06-20 03:46:34,802 - INFO - ⌛ aguardando janela de programação de lote de OS...
2026-06-20 03:47:00,356 - INFO - ⌛ aguardando janela de programação de lote de OS...
2026-06-20 03:47:25,866 - INFO - ⌛ aguardando janela de programação de lote de OS...
2026-06-20 03:47:51,396 - INFO - ⌛ aguardando janela de programação de lote de OS...
2026-06-20 03:48:16,912 - INFO - ⌛ aguardando janela de programação de lote de OS...
2026-06-20 03:48:42,417 - INFO - ⌛ aguardando janela de programação de lote de OS...
2026-06-20 03:49:07,911 - INFO - ⌛ aguardando janela de programação de lote de OS...
2026-06-20 03:49:33,394 - INFO - ⌛ aguardando janela de programação de lote de OS...
2026-06-20 03:49:58,859 - INFO - ⌛ aguardando janela de programação de lote de OS...
2026-06-20 03:50:24,399 - INFO - ⌛ aguardando janela de programação de lote de OS...
2026-06-20 03:50:49,938 - INFO - ⌛ aguardando janela de programação de lote de OS...
2026-06-20 03:51:15,446 - INFO - ⌛ aguardando janela de programação de lote de OS...
2026-06-20 03:51:40,978 - INFO - ⌛ aguardando janela de programação de lote de OS...
2026-06-20 03:52:06,510 - INFO - ⌛ aguardando janela de programação de lote de OS...
2026-06-20 03:52:32,017 - INFO - ⌛ aguardando janela de programação de lote de OS...
2026-06-20 03:52:57,558 - INFO - ⌛ aguardando janela de programação de lote de OS...
2026-06-20 03:53:23,081 - INFO - ⌛ aguardando janela de programação de lote de OS...
2026-06-20 03:53:48,603 - INFO - verificando janela oculta
2026-06-20 03:54:09,052 - INFO - ⏱️ Tempo limite atingido. Abortando seleção
2026-06-20 03:54:09,052 - INFO - Capturando print...
