2026-06-16 10:49:54,711 - INFO - Data hoje: 16/06/2026
2026-06-16 10:49:54,711 - INFO - Data de referência: 30/06/2026
2026-06-16 10:51:26,187 - INFO - Qtde OS de LINHA VIVA: 341
2026-06-16 10:51:26,187 - INFO - Qtde OS poda de LINHA MORTA: 230
2026-06-16 10:51:26,187 - INFO - Qtde OS estrutural de LINHA MORTA : 13329
2026-06-16 10:51:26,188 - INFO - Qtde OS poda de LINHA MORTA fora carteira: 81
2026-06-16 10:51:26,188 - INFO - Qtde OS para desprogramar: 5313
2026-06-16 10:51:26,188 - INFO - 
 Qtd de lotes de LM: 10
2026-06-16 10:51:26,188 - INFO - 
 Qtd de lotes de LV: 14
2026-06-16 10:51:26,190 - INFO - 
 Qtd de lotes de ESTRUTURAL LM: 534
2026-06-16 10:51:26,192 - INFO - 
 Qtd de lotes de LEVE: 4
2026-06-16 10:51:26,192 - INFO - 
 Qtd de lotes para desprogramar: 213
2026-06-16 10:52:09,514 - INFO - Data hoje: 16/06/2026
2026-06-16 10:52:09,514 - INFO - Data de referência: 30/06/2026
2026-06-16 10:53:42,768 - INFO - Qtde OS de LINHA VIVA: 341
2026-06-16 10:53:42,768 - INFO - Qtde OS poda de LINHA MORTA: 230
2026-06-16 10:53:42,768 - INFO - Qtde OS estrutural de LINHA MORTA : 13329
2026-06-16 10:53:42,768 - INFO - Qtde OS poda de LINHA MORTA fora carteira: 81
2026-06-16 10:53:42,768 - INFO - Qtde OS para desprogramar: 5313
2026-06-16 10:53:42,769 - INFO - 
 Qtd de lotes de LM: 10
2026-06-16 10:53:42,769 - INFO - 
 Qtd de lotes de LV: 14
2026-06-16 10:53:42,769 - INFO - 
 Qtd de lotes de ESTRUTURAL LM: 534
2026-06-16 10:53:42,769 - INFO - 
 Qtd de lotes de LEVE: 4
2026-06-16 10:53:42,769 - INFO - 
 Qtd de lotes para desprogramar: 213
2026-06-16 10:53:42,770 - INFO - 
=== Iniciando lote 5/10 [LM] ===
2026-06-16 10:53:42,770 - INFO - 
=== abrir_janela_selecao ===
2026-06-16 10:53:58,200 - INFO - Data hoje: 16/06/2026
2026-06-16 10:53:58,200 - INFO - Data de referência: 30/06/2026
2026-06-16 10:55:35,301 - INFO - Qtde OS de LINHA VIVA: 341
2026-06-16 10:55:35,301 - INFO - Qtde OS poda de LINHA MORTA: 230
2026-06-16 10:55:35,301 - INFO - Qtde OS estrutural de LINHA MORTA : 13329
2026-06-16 10:55:35,301 - INFO - Qtde OS poda de LINHA MORTA fora carteira: 81
2026-06-16 10:55:35,301 - INFO - Qtde OS para desprogramar: 5313
2026-06-16 10:55:35,302 - INFO - 
 Qtd de lotes de LM: 10
2026-06-16 10:55:35,302 - INFO - 
 Qtd de lotes de LV: 14
2026-06-16 10:55:35,302 - INFO - 
 Qtd de lotes de ESTRUTURAL LM: 534
2026-06-16 10:55:35,302 - INFO - 
 Qtd de lotes de LEVE: 4
2026-06-16 10:55:35,302 - INFO - 
 Qtd de lotes para desprogramar: 213
2026-06-16 10:55:35,302 - INFO - 
=== Iniciando lote 1/10 [LM] ===
2026-06-16 10:55:35,303 - INFO - 
=== abrir_janela_selecao ===
2026-06-16 10:55:41,619 - INFO - 
=== rotina abrir_selecao_colar_os ===
2026-06-16 10:55:41,690 - INFO - Janela de seleção aberta
2026-06-16 10:55:45,918 - INFO - DEBUG: idx=0, inicio=0, fim=25
2026-06-16 10:55:45,918 - INFO - ✅ 25 OS copiadas para a área de transferência.
2026-06-16 10:55:45,918 - INFO - 📋 Lote 1 copiado.
2026-06-16 10:55:54,260 - INFO - ⌛ Esperando mudança visual...
2026-06-16 10:55:55,276 - INFO - ✅ Tela carregada!
2026-06-16 10:55:59,278 - INFO - 
=== rotina desbloquear_os ===
2026-06-16 10:56:25,747 - INFO - ⌛ Aguardando janela de confirmação de desbloqueio...
2026-06-16 10:56:41,162 - INFO - 🟨 Registros desbloqueados com sucesso
2026-06-16 10:56:45,268 - INFO - 
=== rotina editar_os ===
2026-06-16 10:56:54,691 - INFO - ⌛ Aguardando janela de edição de OS...
2026-06-16 10:57:10,110 - INFO - 🟨 OS programadas detectadas
2026-06-16 10:57:13,212 - INFO - ⌛ Aguardando janela de edição de OS...
2026-06-16 10:57:28,656 - INFO - 🟨 Janela de edição de OS detectada
2026-06-16 10:57:50,032 - INFO - 🟨 Janela de edição de habilidade da turma detectada
2026-06-16 10:59:08,355 - INFO - ⌛ Aguardando detecção do campo de caracteristica 'EQUIPE PRÓPRIA OU EPS' ...
2026-06-16 10:59:27,731 - INFO - 🟨 campo de caracteristica 'EQUIPE PRÓPRIA OU EPS detectado
2026-06-16 10:59:49,552 - INFO - ⌛ Aguardando confirmação 4 - editar OS...
2026-06-16 11:00:05,101 - INFO - ⌛ Aguardando confirmação 4 - editar OS...
2026-06-16 11:00:05,225 - INFO - 🟨 Identificado travamento no EQM, reiniciando contador de espera
2026-06-16 11:00:20,604 - INFO - ⌛ Aguardando confirmação 4 - editar OS...
2026-06-16 11:00:36,134 - INFO - 🟨 Janela de confirmação 4 de edição de OS detectada
2026-06-16 11:00:40,236 - INFO - 
=== rotina programar_os ===
2026-06-16 11:01:06,786 - INFO - ⌛ Aguardando janela de confirmação de programação de OS...
2026-06-16 11:01:32,192 - INFO - 🟨 Janela de confirmação de programação de OS detectada
2026-06-16 11:01:45,446 - INFO - 🟨 Janela de aviso de edição de OS programadas detectada
2026-06-16 11:01:52,654 - INFO - ⌛ aguardando janela de programação de lote de OS...
2026-06-16 11:02:18,178 - INFO - 🟨 Janela de aviso de substituição de lote de OS detectada
2026-06-16 11:02:38,281 - INFO - ⌛ aguardando janela de programação de lote de OS...
2026-06-16 11:03:03,799 - INFO - 🟨 Janela de aviso de substituição de lote de OS detectada
2026-06-16 11:03:23,903 - INFO - ⌛ aguardando janela de programação de lote de OS...
2026-06-16 11:03:24,023 - INFO - 🟨 Identificado travamento no EQM, reiniciando contador de espera
2026-06-16 11:03:49,441 - INFO - 🟨 Janela de programação de lote de OS detectada
2026-06-16 11:04:38,981 - INFO - 🟨 Janela de confirmação de programação de lote de OS detectada
2026-06-16 11:04:43,205 - INFO - ⌛ aguardando confirmação final de programação do lote
2026-06-16 11:05:08,673 - INFO - 🟨 programação do lote 1 efetuado com sucesso
2026-06-16 11:05:18,780 - INFO - 
=== Iniciando lote 2/10 [LM] ===
2026-06-16 11:05:18,781 - INFO - 
=== abrir_janela_selecao ===
2026-06-16 11:05:25,087 - INFO - 
=== rotina abrir_selecao_colar_os ===
2026-06-16 11:05:25,142 - INFO - Janela de seleção aberta
2026-06-16 11:05:29,371 - INFO - DEBUG: idx=1, inicio=25, fim=50
2026-06-16 11:05:29,372 - INFO - ✅ 25 OS copiadas para a área de transferência.
2026-06-16 11:05:29,372 - INFO - 📋 Lote 2 copiado.
2026-06-16 11:05:37,705 - INFO - ⌛ Esperando mudança visual...
2026-06-16 11:05:38,722 - INFO - ⌛ Esperando mudança visual...
2026-06-16 11:05:39,738 - INFO - ⌛ Esperando mudança visual...
2026-06-16 11:05:40,753 - INFO - ⌛ Esperando mudança visual...
2026-06-16 11:05:41,769 - INFO - ⌛ Esperando mudança visual...
2026-06-16 11:05:42,784 - INFO - ⌛ Esperando mudança visual...
2026-06-16 11:05:43,800 - INFO - ⌛ Esperando mudança visual...
2026-06-16 11:05:44,816 - INFO - ⌛ Esperando mudança visual...
2026-06-16 11:05:45,832 - INFO - ⌛ Esperando mudança visual...
2026-06-16 11:05:46,847 - INFO - ⌛ Esperando mudança visual...
2026-06-16 11:05:47,863 - INFO - ⌛ Esperando mudança visual...
2026-06-16 11:05:48,878 - INFO - ✅ Tela carregada!
2026-06-16 11:05:52,881 - INFO - 
=== rotina desbloquear_os ===
2026-06-16 11:06:19,353 - INFO - ⌛ Aguardando janela de confirmação de desbloqueio...
2026-06-16 11:06:34,722 - INFO - 🟨 Registros desbloqueados com sucesso
2026-06-16 11:06:38,833 - INFO - 
=== rotina editar_os ===
2026-06-16 11:06:48,258 - INFO - ⌛ Aguardando janela de edição de OS...
2026-06-16 11:07:03,676 - INFO - 🟨 OS programadas detectadas
2026-06-16 11:07:06,783 - INFO - ⌛ Aguardando janela de edição de OS...
2026-06-16 11:07:22,251 - INFO - 🟨 Janela de edição de OS detectada
2026-06-16 11:07:43,606 - INFO - 🟨 Janela de edição de habilidade da turma detectada
2026-06-16 11:09:01,911 - INFO - ⌛ Aguardando detecção do campo de caracteristica 'EQUIPE PRÓPRIA OU EPS' ...
2026-06-16 11:09:21,258 - INFO - 🟨 campo de caracteristica 'EQUIPE PRÓPRIA OU EPS detectado
2026-06-16 11:09:43,039 - INFO - ⌛ Aguardando confirmação 4 - editar OS...
2026-06-16 11:09:58,481 - INFO - ⌛ Aguardando confirmação 4 - editar OS...
2026-06-16 11:10:13,945 - INFO - ⌛ Aguardando confirmação 4 - editar OS...
2026-06-16 11:10:29,377 - INFO - 🟨 Janela de confirmação 4 de edição de OS detectada
2026-06-16 11:10:33,481 - INFO - 
=== rotina programar_os ===
2026-06-16 11:10:59,998 - INFO - ⌛ Aguardando janela de confirmação de programação de OS...
2026-06-16 11:11:25,418 - INFO - 🟨 Janela de confirmação de programação de OS detectada
2026-06-16 11:11:38,672 - INFO - 🟨 Janela de aviso de edição de OS programadas detectada
2026-06-16 11:11:45,881 - INFO - ⌛ aguardando janela de programação de lote de OS...
2026-06-16 11:12:11,424 - INFO - 🟨 Janela de aviso de substituição de lote de OS detectada
2026-06-16 11:12:31,530 - INFO - ⌛ aguardando janela de programação de lote de OS...
2026-06-16 11:12:57,126 - INFO - 🟨 Janela de aviso de substituição de lote de OS detectada
2026-06-16 11:13:17,252 - INFO - ⌛ aguardando janela de programação de lote de OS...
2026-06-16 11:13:42,768 - INFO - 🟨 Janela de programação de lote de OS detectada
2026-06-16 11:14:32,284 - INFO - 🟨 Janela de confirmação de programação de lote de OS detectada
2026-06-16 11:14:36,482 - INFO - ⌛ aguardando confirmação final de programação do lote
2026-06-16 11:15:01,921 - INFO - 🟨 programação do lote 2 efetuado com sucesso
2026-06-16 11:15:12,026 - INFO - 
=== Iniciando lote 3/10 [LM] ===
2026-06-16 11:15:12,027 - INFO - 
=== abrir_janela_selecao ===
2026-06-16 11:15:18,334 - INFO - 
=== rotina abrir_selecao_colar_os ===
2026-06-16 11:15:18,381 - INFO - Janela de seleção aberta
2026-06-16 11:15:22,616 - INFO - DEBUG: idx=2, inicio=50, fim=75
2026-06-16 11:15:22,616 - INFO - ✅ 25 OS copiadas para a área de transferência.
2026-06-16 11:15:22,616 - INFO - 📋 Lote 3 copiado.
2026-06-16 11:15:30,937 - INFO - ⌛ Esperando mudança visual...
2026-06-16 11:15:31,951 - INFO - ⌛ Esperando mudança visual...
2026-06-16 11:15:32,967 - INFO - ⌛ Esperando mudança visual...
2026-06-16 11:15:33,984 - INFO - ⌛ Esperando mudança visual...
2026-06-16 11:15:34,998 - INFO - ⌛ Esperando mudança visual...
2026-06-16 11:15:36,014 - INFO - ⌛ Esperando mudança visual...
2026-06-16 11:15:37,030 - INFO - ⌛ Esperando mudança visual...
2026-06-16 11:15:38,045 - INFO - ⌛ Esperando mudança visual...
2026-06-16 11:15:39,061 - INFO - ⌛ Esperando mudança visual...
2026-06-16 11:15:40,077 - INFO - ⌛ Esperando mudança visual...
2026-06-16 11:15:41,093 - INFO - ⌛ Esperando mudança visual...
2026-06-16 11:15:42,108 - INFO - ✅ Tela carregada!
2026-06-16 11:15:46,113 - INFO - 
=== rotina desbloquear_os ===
2026-06-16 11:16:12,574 - INFO - ⌛ Aguardando janela de confirmação de desbloqueio...
2026-06-16 11:16:27,988 - INFO - 🟨 Registros desbloqueados com sucesso
2026-06-16 11:16:32,091 - INFO - 
=== rotina editar_os ===
2026-06-16 11:16:41,498 - INFO - ⌛ Aguardando janela de edição de OS...
2026-06-16 11:16:56,975 - INFO - 🟨 OS programadas detectadas
2026-06-16 11:17:00,079 - INFO - ⌛ Aguardando janela de edição de OS...
2026-06-16 11:17:15,519 - INFO - 🟨 Janela de edição de OS detectada
2026-06-16 11:17:36,884 - INFO - 🟨 Janela de edição de habilidade da turma detectada
2026-06-16 11:18:55,191 - INFO - ⌛ Aguardando detecção do campo de caracteristica 'EQUIPE PRÓPRIA OU EPS' ...
2026-06-16 11:19:14,540 - INFO - 🟨 campo de caracteristica 'EQUIPE PRÓPRIA OU EPS detectado
2026-06-16 11:19:36,336 - INFO - ⌛ Aguardando confirmação 4 - editar OS...
2026-06-16 11:19:51,749 - INFO - ⌛ Aguardando confirmação 4 - editar OS...
2026-06-16 11:19:51,862 - INFO - 🟨 Identificado travamento no EQM, reiniciando contador de espera
2026-06-16 11:20:07,189 - INFO - ⌛ Aguardando confirmação 4 - editar OS...
2026-06-16 11:20:22,624 - INFO - ⌛ Aguardando confirmação 4 - editar OS...
2026-06-16 11:20:38,060 - INFO - ⌛ Aguardando confirmação 4 - editar OS...
2026-06-16 11:20:53,500 - INFO - ⌛ Aguardando confirmação 4 - editar OS...
2026-06-16 11:21:08,944 - INFO - 🟨 Janela de confirmação 4 de edição de OS detectada
2026-06-16 11:21:13,047 - INFO - 
=== rotina programar_os ===
2026-06-16 11:21:39,564 - INFO - ⌛ Aguardando janela de confirmação de programação de OS...
2026-06-16 11:22:05,027 - INFO - 🟨 Janela de confirmação de programação de OS detectada
2026-06-16 11:22:18,307 - INFO - 🟨 Janela de aviso de edição de OS programadas detectada
2026-06-16 11:22:25,520 - INFO - ⌛ aguardando janela de programação de lote de OS...
2026-06-16 11:22:51,046 - INFO - 🟨 Janela de aviso de substituição de lote de OS detectada
2026-06-16 11:23:11,151 - INFO - ⌛ aguardando janela de programação de lote de OS...
2026-06-16 11:23:36,733 - INFO - 🟨 Janela de programação de lote de OS detectada
2026-06-16 11:24:26,240 - INFO - 🟨 Janela de confirmação de programação de lote de OS detectada
2026-06-16 11:24:30,463 - INFO - ⌛ aguardando confirmação final de programação do lote
2026-06-16 11:24:55,955 - INFO - 🟨 programação do lote 3 efetuado com sucesso
2026-06-16 11:25:06,062 - INFO - 
=== Iniciando lote 4/10 [LM] ===
2026-06-16 11:25:06,063 - INFO - 
=== abrir_janela_selecao ===
2026-06-16 11:25:12,372 - INFO - 
=== rotina abrir_selecao_colar_os ===
2026-06-16 11:25:12,420 - INFO - Janela de seleção aberta
2026-06-16 11:25:16,641 - INFO - DEBUG: idx=3, inicio=75, fim=100
2026-06-16 11:25:16,641 - INFO - ✅ 25 OS copiadas para a área de transferência.
2026-06-16 11:25:16,641 - INFO - 📋 Lote 4 copiado.
2026-06-16 11:25:24,971 - INFO - ⌛ Esperando mudança visual...
2026-06-16 11:25:25,983 - INFO - ⌛ Esperando mudança visual...
2026-06-16 11:25:26,998 - INFO - ⌛ Esperando mudança visual...
2026-06-16 11:25:28,013 - INFO - ⌛ Esperando mudança visual...
2026-06-16 11:25:29,029 - INFO - ⌛ Esperando mudança visual...
2026-06-16 11:25:30,046 - INFO - ⌛ Esperando mudança visual...
2026-06-16 11:25:31,061 - INFO - ⌛ Esperando mudança visual...
2026-06-16 11:25:32,078 - INFO - ⌛ Esperando mudança visual...
2026-06-16 11:25:33,092 - INFO - ⌛ Esperando mudança visual...
2026-06-16 11:25:34,108 - INFO - ⌛ Esperando mudança visual...
2026-06-16 11:25:35,123 - INFO - ⌛ Esperando mudança visual...
2026-06-16 11:25:36,140 - INFO - ✅ Tela carregada!
2026-06-16 11:25:40,144 - INFO - 
=== rotina desbloquear_os ===
2026-06-16 11:26:06,609 - INFO - ⌛ Aguardando janela de confirmação de desbloqueio...
2026-06-16 11:26:22,003 - INFO - 🟨 Registros desbloqueados com sucesso
2026-06-16 11:26:26,106 - INFO - 
=== rotina editar_os ===
2026-06-16 11:26:35,519 - INFO - ⌛ Aguardando janela de edição de OS...
2026-06-16 11:26:50,953 - INFO - 🟨 OS programadas detectadas
2026-06-16 11:26:54,066 - INFO - ⌛ Aguardando janela de edição de OS...
2026-06-16 11:27:09,543 - INFO - 🟨 Janela de edição de OS detectada
2026-06-16 11:27:30,914 - INFO - 🟨 Janela de edição de habilidade da turma detectada
2026-06-16 11:28:49,265 - INFO - ⌛ Aguardando detecção do campo de caracteristica 'EQUIPE PRÓPRIA OU EPS' ...
2026-06-16 11:29:08,622 - INFO - 🟨 campo de caracteristica 'EQUIPE PRÓPRIA OU EPS detectado
2026-06-16 11:29:30,427 - INFO - ⌛ Aguardando confirmação 4 - editar OS...
2026-06-16 11:29:45,898 - INFO - ⌛ Aguardando confirmação 4 - editar OS...
2026-06-16 11:29:46,046 - INFO - 🟨 Identificado travamento no EQM, reiniciando contador de espera
2026-06-16 11:30:01,413 - INFO - ⌛ Aguardando confirmação 4 - editar OS...
2026-06-16 11:30:16,918 - INFO - 🟨 Janela de confirmação 4 de edição de OS detectada
2026-06-16 11:30:21,032 - INFO - 
=== rotina programar_os ===
2026-06-16 11:30:47,553 - INFO - ⌛ Aguardando janela de confirmação de programação de OS...
2026-06-16 11:31:13,040 - INFO - 🟨 Janela de confirmação de programação de OS detectada
2026-06-16 11:31:26,316 - INFO - 🟨 Janela de aviso de edição de OS programadas detectada
2026-06-16 11:31:33,534 - INFO - ⌛ aguardando janela de programação de lote de OS...
2026-06-16 11:31:59,068 - INFO - 🟨 Janela de aviso de substituição de lote de OS detectada
2026-06-16 11:32:19,180 - INFO - ⌛ aguardando janela de programação de lote de OS...
2026-06-16 11:32:44,747 - INFO - 🟨 Janela de programação de lote de OS detectada
2026-06-16 11:33:34,314 - INFO - 🟨 Janela de confirmação de programação de lote de OS detectada
2026-06-16 11:33:38,524 - INFO - ⌛ aguardando confirmação final de programação do lote
2026-06-16 11:34:04,012 - INFO - 🟨 programação do lote 4 efetuado com sucesso
2026-06-16 11:34:14,116 - INFO - 
=== Iniciando lote 5/10 [LM] ===
2026-06-16 11:34:14,116 - INFO - 
=== abrir_janela_selecao ===
2026-06-16 11:34:20,424 - INFO - 
=== rotina abrir_selecao_colar_os ===
2026-06-16 11:34:20,496 - INFO - Janela de seleção aberta
2026-06-16 11:34:24,723 - INFO - DEBUG: idx=4, inicio=100, fim=125
2026-06-16 11:34:24,723 - INFO - ✅ 25 OS copiadas para a área de transferência.
2026-06-16 11:34:24,723 - INFO - 📋 Lote 5 copiado.
2026-06-16 11:34:33,048 - INFO - ⌛ Esperando mudança visual...
2026-06-16 11:34:34,061 - INFO - ⌛ Esperando mudança visual...
2026-06-16 11:34:35,077 - INFO - ⌛ Esperando mudança visual...
2026-06-16 11:34:36,093 - INFO - ⌛ Esperando mudança visual...
2026-06-16 11:34:37,110 - INFO - ⌛ Esperando mudança visual...
2026-06-16 11:34:38,124 - INFO - ⌛ Esperando mudança visual...
2026-06-16 11:34:39,140 - INFO - ⌛ Esperando mudança visual...
2026-06-16 11:34:40,155 - INFO - ⌛ Esperando mudança visual...
2026-06-16 11:34:41,171 - INFO - ⌛ Esperando mudança visual...
2026-06-16 11:34:42,187 - INFO - ⌛ Esperando mudança visual...
2026-06-16 11:34:43,202 - INFO - ⌛ Esperando mudança visual...
2026-06-16 11:34:44,218 - INFO - ⌛ Esperando mudança visual...
2026-06-16 11:34:45,235 - INFO - ✅ Tela carregada!
2026-06-16 11:34:49,236 - INFO - 
=== rotina desbloquear_os ===
2026-06-16 11:35:15,686 - INFO - ⌛ Aguardando janela de confirmação de desbloqueio...
2026-06-16 11:35:31,070 - INFO - 🟨 Registros desbloqueados com sucesso
2026-06-16 11:35:35,174 - INFO - 
=== rotina editar_os ===
2026-06-16 11:35:44,582 - INFO - ⌛ Aguardando janela de edição de OS...
2026-06-16 11:36:00,039 - INFO - 🟨 OS programadas detectadas
2026-06-16 11:36:03,142 - INFO - ⌛ Aguardando janela de edição de OS...
2026-06-16 11:36:18,583 - INFO - 🟨 Janela de edição de OS detectada
2026-06-16 11:36:39,962 - INFO - 🟨 Janela de edição de habilidade da turma detectada
2026-06-16 11:37:58,268 - INFO - ⌛ Aguardando detecção do campo de caracteristica 'EQUIPE PRÓPRIA OU EPS' ...
2026-06-16 11:38:17,627 - INFO - 🟨 campo de caracteristica 'EQUIPE PRÓPRIA OU EPS detectado
2026-06-16 11:38:39,428 - INFO - ⌛ Aguardando confirmação 4 - editar OS...
2026-06-16 11:38:55,013 - INFO - ⌛ Aguardando confirmação 4 - editar OS...
2026-06-16 11:39:10,761 - INFO - ⌛ Aguardando confirmação 4 - editar OS...
2026-06-16 11:39:26,233 - INFO - 🟨 Janela de confirmação 4 de edição de OS detectada
2026-06-16 11:39:30,335 - INFO - 
=== rotina programar_os ===
2026-06-16 11:39:56,885 - INFO - ⌛ Aguardando janela de confirmação de programação de OS...
2026-06-16 11:40:22,328 - INFO - 🟨 Janela de confirmação de programação de OS detectada
2026-06-16 11:40:35,583 - INFO - 🟨 Janela de aviso de edição de OS programadas detectada
2026-06-16 11:40:42,787 - INFO - ⌛ aguardando janela de programação de lote de OS...
2026-06-16 11:41:08,315 - INFO - 🟨 Janela de aviso de substituição de lote de OS detectada
2026-06-16 11:41:28,419 - INFO - ⌛ aguardando janela de programação de lote de OS...
2026-06-16 11:41:53,937 - INFO - 🟨 Janela de programação de lote de OS detectada
2026-06-16 11:42:43,433 - INFO - 🟨 Janela de confirmação de programação de lote de OS detectada
2026-06-16 11:42:47,643 - INFO - ⌛ aguardando confirmação final de programação do lote
2026-06-16 11:43:13,106 - INFO - 🟨 programação do lote 5 efetuado com sucesso
2026-06-16 11:43:23,214 - INFO - 
=== Iniciando lote 6/10 [LM] ===
2026-06-16 11:43:23,214 - INFO - 
=== abrir_janela_selecao ===
2026-06-16 11:43:29,544 - INFO - 
=== rotina abrir_selecao_colar_os ===
2026-06-16 11:43:29,586 - INFO - Janela de seleção aberta
2026-06-16 11:43:33,818 - INFO - DEBUG: idx=5, inicio=125, fim=150
2026-06-16 11:43:33,818 - INFO - ✅ 25 OS copiadas para a área de transferência.
2026-06-16 11:43:33,818 - INFO - 📋 Lote 6 copiado.
2026-06-16 11:43:42,139 - INFO - ⌛ Esperando mudança visual...
2026-06-16 11:43:43,156 - INFO - ⌛ Esperando mudança visual...
2026-06-16 11:43:44,172 - INFO - ⌛ Esperando mudança visual...
2026-06-16 11:43:45,187 - INFO - ⌛ Esperando mudança visual...
2026-06-16 11:43:46,203 - INFO - ⌛ Esperando mudança visual...
2026-06-16 11:43:47,218 - INFO - ⌛ Esperando mudança visual...
2026-06-16 11:43:48,234 - INFO - ⌛ Esperando mudança visual...
2026-06-16 11:43:49,251 - INFO - ⌛ Esperando mudança visual...
2026-06-16 11:43:50,267 - INFO - ⌛ Esperando mudança visual...
2026-06-16 11:43:51,281 - INFO - ⌛ Esperando mudança visual...
2026-06-16 11:43:52,297 - INFO - ⌛ Esperando mudança visual...
2026-06-16 11:43:53,312 - INFO - ✅ Tela carregada!
2026-06-16 11:43:57,317 - INFO - 
=== rotina desbloquear_os ===
2026-06-16 11:44:23,796 - INFO - ⌛ Aguardando janela de confirmação de desbloqueio...
2026-06-16 11:44:39,195 - INFO - 🟨 Registros desbloqueados com sucesso
2026-06-16 11:44:43,299 - INFO - 
=== rotina editar_os ===
2026-06-16 11:44:52,708 - INFO - ⌛ Aguardando janela de edição de OS...
2026-06-16 11:45:08,148 - INFO - 🟨 OS programadas detectadas
2026-06-16 11:45:11,252 - INFO - ⌛ Aguardando janela de edição de OS...
2026-06-16 11:45:26,691 - INFO - 🟨 Janela de edição de OS detectada
2026-06-16 11:45:48,048 - INFO - 🟨 Janela de edição de habilidade da turma detectada
2026-06-16 11:47:06,383 - INFO - ⌛ Aguardando detecção do campo de caracteristica 'EQUIPE PRÓPRIA OU EPS' ...
2026-06-16 11:47:25,731 - INFO - 🟨 campo de caracteristica 'EQUIPE PRÓPRIA OU EPS detectado
2026-06-16 11:47:47,490 - INFO - ⌛ Aguardando confirmação 4 - editar OS...
2026-06-16 11:48:02,930 - INFO - ⌛ Aguardando confirmação 4 - editar OS...
2026-06-16 11:48:03,038 - INFO - 🟨 Identificado travamento no EQM, reiniciando contador de espera
2026-06-16 11:48:18,339 - INFO - ⌛ Aguardando confirmação 4 - editar OS...
2026-06-16 11:48:33,830 - INFO - 🟨 Janela de confirmação 4 de edição de OS detectada
2026-06-16 11:48:37,932 - INFO - 
=== rotina programar_os ===
2026-06-16 11:49:04,445 - INFO - ⌛ Aguardando janela de confirmação de programação de OS...
2026-06-16 11:49:29,880 - INFO - 🟨 Janela de confirmação de programação de OS detectada
2026-06-16 11:49:43,133 - INFO - 🟨 Janela de aviso de edição de OS programadas detectada
2026-06-16 11:49:50,339 - INFO - ⌛ aguardando janela de programação de lote de OS...
2026-06-16 11:50:15,835 - INFO - 🟨 Janela de aviso de substituição de lote de OS detectada
2026-06-16 11:50:35,939 - INFO - ⌛ aguardando janela de programação de lote de OS...
2026-06-16 11:51:01,422 - INFO - 🟨 Janela de programação de lote de OS detectada
2026-06-16 11:51:50,927 - INFO - 🟨 Janela de confirmação de programação de lote de OS detectada
2026-06-16 11:51:55,122 - INFO - ⌛ aguardando confirmação final de programação do lote
2026-06-16 11:52:20,556 - INFO - 🟨 programação do lote 6 efetuado com sucesso
2026-06-16 11:52:30,671 - INFO - 
=== Iniciando lote 7/10 [LM] ===
2026-06-16 11:52:30,671 - INFO - 
=== abrir_janela_selecao ===
2026-06-16 11:52:36,994 - INFO - 
=== rotina abrir_selecao_colar_os ===
2026-06-16 11:52:37,041 - INFO - Janela de seleção aberta
2026-06-16 11:52:41,273 - INFO - DEBUG: idx=6, inicio=150, fim=175
2026-06-16 11:52:41,273 - INFO - ✅ 25 OS copiadas para a área de transferência.
2026-06-16 11:52:41,274 - INFO - 📋 Lote 7 copiado.
2026-06-16 11:52:49,594 - INFO - ⌛ Esperando mudança visual...
2026-06-16 11:52:50,611 - INFO - ⌛ Esperando mudança visual...
2026-06-16 11:52:51,627 - INFO - ⌛ Esperando mudança visual...
2026-06-16 11:52:52,643 - INFO - ⌛ Esperando mudança visual...
2026-06-16 11:52:53,658 - INFO - ⌛ Esperando mudança visual...
2026-06-16 11:52:54,674 - INFO - ⌛ Esperando mudança visual...
2026-06-16 11:52:55,689 - INFO - ⌛ Esperando mudança visual...
2026-06-16 11:52:56,706 - INFO - ⌛ Esperando mudança visual...
2026-06-16 11:52:57,721 - INFO - ⌛ Esperando mudança visual...
2026-06-16 11:52:58,737 - INFO - ⌛ Esperando mudança visual...
2026-06-16 11:52:59,752 - INFO - ✅ Tela carregada!
2026-06-16 11:53:03,757 - INFO - 
=== rotina desbloquear_os ===
2026-06-16 11:53:30,220 - INFO - ⌛ Aguardando janela de confirmação de desbloqueio...
2026-06-16 11:53:45,635 - INFO - 🟨 Registros desbloqueados com sucesso
2026-06-16 11:53:49,739 - INFO - 
=== rotina editar_os ===
2026-06-16 11:53:59,191 - INFO - ⌛ Aguardando janela de edição de OS...
2026-06-16 11:54:14,695 - INFO - 🟨 OS programadas detectadas
2026-06-16 11:54:17,827 - INFO - ⌛ Aguardando janela de edição de OS...
2026-06-16 11:54:33,293 - INFO - 🟨 Janela de edição de OS detectada
2026-06-16 11:54:54,665 - INFO - 🟨 Janela de edição de habilidade da turma detectada
2026-06-16 11:56:12,973 - INFO - ⌛ Aguardando detecção do campo de caracteristica 'EQUIPE PRÓPRIA OU EPS' ...
2026-06-16 11:56:32,334 - INFO - 🟨 campo de caracteristica 'EQUIPE PRÓPRIA OU EPS detectado
2026-06-16 11:56:54,110 - INFO - ⌛ Aguardando confirmação 4 - editar OS...
2026-06-16 11:57:09,557 - INFO - ⌛ Aguardando confirmação 4 - editar OS...
2026-06-16 11:57:25,014 - INFO - ⌛ Aguardando confirmação 4 - editar OS...
2026-06-16 11:57:40,486 - INFO - 🟨 Janela de confirmação 4 de edição de OS detectada
2026-06-16 11:57:44,590 - INFO - 
=== rotina programar_os ===
2026-06-16 11:58:11,119 - INFO - ⌛ Aguardando janela de confirmação de programação de OS...
2026-06-16 11:58:36,528 - INFO - 🟨 Janela de confirmação de programação de OS detectada
2026-06-16 11:58:49,820 - INFO - 🟨 Janela de aviso de edição de OS programadas detectada
2026-06-16 11:58:57,042 - INFO - ⌛ aguardando janela de programação de lote de OS...
2026-06-16 11:59:22,536 - INFO - 🟨 Janela de aviso de substituição de lote de OS detectada
2026-06-16 11:59:42,639 - INFO - ⌛ aguardando janela de programação de lote de OS...
2026-06-16 12:00:08,139 - INFO - 🟨 Janela de programação de lote de OS detectada
2026-06-16 12:00:57,634 - INFO - 🟨 Janela de confirmação de programação de lote de OS detectada
2026-06-16 12:01:01,852 - INFO - ⌛ aguardando confirmação final de programação do lote
2026-06-16 12:01:27,305 - INFO - 🟨 programação do lote 7 efetuado com sucesso
2026-06-16 12:01:37,418 - INFO - 
=== Iniciando lote 8/10 [LM] ===
2026-06-16 12:01:37,418 - INFO - 
=== abrir_janela_selecao ===
2026-06-16 12:01:43,734 - INFO - 
=== rotina abrir_selecao_colar_os ===
2026-06-16 12:01:43,780 - INFO - Janela de seleção aberta
2026-06-16 12:01:48,004 - INFO - DEBUG: idx=7, inicio=175, fim=200
2026-06-16 12:01:48,005 - INFO - ✅ 25 OS copiadas para a área de transferência.
2026-06-16 12:01:48,005 - INFO - 📋 Lote 8 copiado.
2026-06-16 12:01:56,331 - INFO - ⌛ Esperando mudança visual...
2026-06-16 12:01:57,343 - INFO - ⌛ Esperando mudança visual...
2026-06-16 12:01:58,359 - INFO - ⌛ Esperando mudança visual...
2026-06-16 12:01:59,375 - INFO - ⌛ Esperando mudança visual...
2026-06-16 12:02:00,390 - INFO - ⌛ Esperando mudança visual...
2026-06-16 12:02:01,406 - INFO - ⌛ Esperando mudança visual...
2026-06-16 12:02:02,422 - INFO - ⌛ Esperando mudança visual...
2026-06-16 12:02:03,438 - INFO - ⌛ Esperando mudança visual...
2026-06-16 12:02:04,454 - INFO - ⌛ Esperando mudança visual...
2026-06-16 12:02:05,469 - INFO - ⌛ Esperando mudança visual...
2026-06-16 12:02:06,484 - INFO - ✅ Tela carregada!
2026-06-16 12:02:10,489 - INFO - 
=== rotina desbloquear_os ===
2026-06-16 12:02:36,971 - INFO - ⌛ Aguardando janela de confirmação de desbloqueio...
2026-06-16 12:02:52,365 - INFO - 🟨 Registros desbloqueados com sucesso
2026-06-16 12:02:56,473 - INFO - 
=== rotina editar_os ===
2026-06-16 12:03:05,885 - INFO - ⌛ Aguardando janela de edição de OS...
2026-06-16 12:03:21,319 - INFO - 🟨 OS programadas detectadas
2026-06-16 12:03:24,422 - INFO - ⌛ Aguardando janela de edição de OS...
2026-06-16 12:03:39,851 - INFO - 🟨 Janela de edição de OS detectada
2026-06-16 12:04:01,212 - INFO - 🟨 Janela de edição de habilidade da turma detectada
2026-06-16 12:05:19,523 - INFO - ⌛ Aguardando detecção do campo de caracteristica 'EQUIPE PRÓPRIA OU EPS' ...
2026-06-16 12:05:38,884 - INFO - 🟨 campo de caracteristica 'EQUIPE PRÓPRIA OU EPS detectado
2026-06-16 12:06:00,650 - INFO - ⌛ Aguardando confirmação 4 - editar OS...
2026-06-16 12:06:16,065 - INFO - ⌛ Aguardando confirmação 4 - editar OS...
2026-06-16 12:06:16,191 - INFO - 🟨 Identificado travamento no EQM, reiniciando contador de espera
2026-06-16 12:06:31,513 - INFO - ⌛ Aguardando confirmação 4 - editar OS...
2026-06-16 12:06:46,985 - INFO - 🟨 Janela de confirmação 4 de edição de OS detectada
2026-06-16 12:06:51,089 - INFO - 
=== rotina programar_os ===
2026-06-16 12:07:17,624 - INFO - ⌛ Aguardando janela de confirmação de programação de OS...
2026-06-16 12:07:43,055 - INFO - 🟨 Janela de confirmação de programação de OS detectada
2026-06-16 12:07:56,308 - INFO - 🟨 Janela de aviso de edição de OS programadas detectada
2026-06-16 12:08:03,522 - INFO - ⌛ aguardando janela de programação de lote de OS...
2026-06-16 12:08:29,015 - INFO - 🟨 Janela de aviso de substituição de lote de OS detectada
2026-06-16 12:08:49,122 - INFO - ⌛ aguardando janela de programação de lote de OS...
2026-06-16 12:09:14,639 - INFO - 🟨 Janela de programação de lote de OS detectada
2026-06-16 12:10:04,191 - INFO - 🟨 Janela de confirmação de programação de lote de OS detectada
2026-06-16 12:10:08,401 - INFO - ⌛ aguardando confirmação final de programação do lote
2026-06-16 12:10:33,854 - INFO - 🟨 programação do lote 8 efetuado com sucesso
2026-06-16 12:10:43,967 - INFO - 
=== Iniciando lote 9/10 [LM] ===
2026-06-16 12:10:43,968 - INFO - 
=== abrir_janela_selecao ===
2026-06-16 12:10:50,285 - INFO - 
=== rotina abrir_selecao_colar_os ===
2026-06-16 12:10:50,327 - INFO - Janela de seleção aberta
2026-06-16 12:10:54,549 - INFO - DEBUG: idx=8, inicio=200, fim=225
2026-06-16 12:10:54,549 - INFO - ✅ 25 OS copiadas para a área de transferência.
2026-06-16 12:10:54,549 - INFO - 📋 Lote 9 copiado.
2026-06-16 12:11:02,896 - INFO - ⌛ Esperando mudança visual...
2026-06-16 12:11:03,909 - INFO - ⌛ Esperando mudança visual...
2026-06-16 12:11:04,925 - INFO - ⌛ Esperando mudança visual...
2026-06-16 12:11:05,940 - INFO - ⌛ Esperando mudança visual...
2026-06-16 12:11:06,958 - INFO - ⌛ Esperando mudança visual...
2026-06-16 12:11:07,972 - INFO - ⌛ Esperando mudança visual...
2026-06-16 12:11:08,987 - INFO - ⌛ Esperando mudança visual...
2026-06-16 12:11:10,003 - INFO - ⌛ Esperando mudança visual...
2026-06-16 12:11:11,019 - INFO - ⌛ Esperando mudança visual...
2026-06-16 12:11:12,034 - INFO - ✅ Tela carregada!
2026-06-16 12:11:16,040 - INFO - 
=== rotina desbloquear_os ===
2026-06-16 12:11:42,522 - INFO - ⌛ Aguardando janela de confirmação de desbloqueio...
2026-06-16 12:11:57,900 - INFO - 🟨 Registros desbloqueados com sucesso
2026-06-16 12:12:02,004 - INFO - 
=== rotina editar_os ===
2026-06-16 12:12:11,413 - INFO - ⌛ Aguardando janela de edição de OS...
2026-06-16 12:12:26,889 - INFO - 🟨 OS programadas detectadas
2026-06-16 12:12:29,992 - INFO - ⌛ Aguardando janela de edição de OS...
2026-06-16 12:12:45,558 - INFO - 🟨 Janela de edição de OS detectada
2026-06-16 12:13:06,931 - INFO - 🟨 Janela de edição de habilidade da turma detectada
2026-06-16 12:14:25,254 - INFO - ⌛ Aguardando detecção do campo de caracteristica 'EQUIPE PRÓPRIA OU EPS' ...
2026-06-16 12:14:44,608 - INFO - 🟨 campo de caracteristica 'EQUIPE PRÓPRIA OU EPS detectado
2026-06-16 12:15:06,379 - INFO - ⌛ Aguardando confirmação 4 - editar OS...
2026-06-16 12:15:21,811 - INFO - ⌛ Aguardando confirmação 4 - editar OS...
2026-06-16 12:15:21,956 - INFO - 🟨 Identificado travamento no EQM, reiniciando contador de espera
2026-06-16 12:15:37,264 - INFO - ⌛ Aguardando confirmação 4 - editar OS...
2026-06-16 12:15:52,701 - INFO - 🟨 Janela de confirmação 4 de edição de OS detectada
2026-06-16 12:15:56,804 - INFO - 
=== rotina programar_os ===
2026-06-16 12:16:23,341 - INFO - ⌛ Aguardando janela de confirmação de programação de OS...
2026-06-16 12:16:48,753 - INFO - 🟨 Janela de confirmação de programação de OS detectada
2026-06-16 12:17:02,007 - INFO - 🟨 Janela de aviso de edição de OS programadas detectada
2026-06-16 12:17:09,223 - INFO - ⌛ aguardando janela de programação de lote de OS...
2026-06-16 12:17:34,708 - INFO - 🟨 Janela de aviso de substituição de lote de OS detectada
2026-06-16 12:17:54,821 - INFO - ⌛ aguardando janela de programação de lote de OS...
2026-06-16 12:18:20,302 - INFO - 🟨 Janela de programação de lote de OS detectada
2026-06-16 12:19:09,821 - INFO - 🟨 Janela de confirmação de programação de lote de OS detectada
2026-06-16 12:19:14,036 - INFO - ⌛ aguardando confirmação final de programação do lote
2026-06-16 12:19:39,494 - INFO - 🟨 programação do lote 9 efetuado com sucesso
2026-06-16 12:19:49,599 - INFO - 
=== Iniciando lote 10/10 [LM] ===
2026-06-16 12:19:49,599 - INFO - 
=== abrir_janela_selecao ===
2026-06-16 12:19:55,906 - INFO - 
=== rotina abrir_selecao_colar_os ===
2026-06-16 12:19:55,960 - INFO - Janela de seleção aberta
2026-06-16 12:20:00,181 - INFO - DEBUG: idx=9, inicio=225, fim=250
2026-06-16 12:20:00,182 - INFO - ✅ 5 OS copiadas para a área de transferência.
2026-06-16 12:20:00,182 - INFO - 📋 Lote 10 copiado.
2026-06-16 12:20:08,508 - INFO - ⌛ Esperando mudança visual...
2026-06-16 12:20:09,524 - INFO - ⌛ Esperando mudança visual...
2026-06-16 12:20:10,540 - INFO - ⌛ Esperando mudança visual...
2026-06-16 12:20:11,555 - INFO - ⌛ Esperando mudança visual...
2026-06-16 12:20:12,571 - INFO - ⌛ Esperando mudança visual...
2026-06-16 12:20:13,587 - INFO - ⌛ Esperando mudança visual...
2026-06-16 12:20:14,602 - INFO - ⌛ Esperando mudança visual...
2026-06-16 12:20:15,619 - INFO - ⌛ Esperando mudança visual...
2026-06-16 12:20:16,634 - INFO - ⌛ Esperando mudança visual...
2026-06-16 12:20:17,650 - INFO - ✅ Tela carregada!
2026-06-16 12:20:21,654 - INFO - 
=== rotina desbloquear_os ===
2026-06-16 12:20:48,139 - INFO - ⌛ Aguardando janela de confirmação de desbloqueio...
2026-06-16 12:21:03,526 - INFO - 🟨 Registros desbloqueados com sucesso
2026-06-16 12:21:07,638 - INFO - 
=== rotina editar_os ===
2026-06-16 12:21:17,057 - INFO - 🟨 OS programadas detectadas
2026-06-16 12:21:20,170 - INFO - ⌛ Aguardando janela de edição de OS...
2026-06-16 12:21:35,628 - INFO - 🟨 Janela de edição de OS detectada
2026-06-16 12:21:56,993 - INFO - 🟨 Janela de edição de habilidade da turma detectada
2026-06-16 12:23:15,306 - INFO - ⌛ Aguardando detecção do campo de caracteristica 'EQUIPE PRÓPRIA OU EPS' ...
2026-06-16 12:23:34,656 - INFO - 🟨 campo de caracteristica 'EQUIPE PRÓPRIA OU EPS detectado
2026-06-16 12:23:56,479 - INFO - ⌛ Aguardando confirmação 4 - editar OS...
2026-06-16 12:24:11,990 - INFO - 🟨 Janela de confirmação 4 de edição de OS detectada
2026-06-16 12:24:16,092 - INFO - 
=== rotina programar_os ===
2026-06-16 12:24:42,601 - INFO - ⌛ Aguardando janela de confirmação de programação de OS...
2026-06-16 12:25:08,069 - INFO - 🟨 Janela de confirmação de programação de OS detectada
2026-06-16 12:25:21,326 - INFO - 🟨 Janela de aviso de edição de OS programadas detectada
2026-06-16 12:25:28,532 - INFO - ⌛ aguardando janela de programação de lote de OS...
2026-06-16 12:25:54,025 - INFO - 🟨 Janela de aviso de substituição de lote de OS detectada
2026-06-16 12:26:14,132 - INFO - ⌛ aguardando janela de programação de lote de OS...
2026-06-16 12:26:39,649 - INFO - 🟨 Janela de programação de lote de OS detectada
2026-06-16 12:27:29,153 - INFO - 🟨 Janela de confirmação de programação de lote de OS detectada
2026-06-16 12:27:33,396 - INFO - ⌛ aguardando confirmação final de programação do lote
2026-06-16 12:27:58,897 - INFO - 🟨 programação do lote 10 efetuado com sucesso
2026-06-16 12:28:09,009 - INFO - 
=== Iniciando lote 1/14 [LV] ===
2026-06-16 12:28:09,009 - INFO - 
=== abrir_janela_selecao ===
2026-06-16 12:28:15,327 - INFO - 
=== rotina abrir_selecao_colar_os ===
2026-06-16 12:28:15,366 - INFO - Janela de seleção aberta
2026-06-16 12:28:19,601 - INFO - DEBUG: idx=0, inicio=0, fim=25
2026-06-16 12:28:19,601 - INFO - ✅ 25 OS copiadas para a área de transferência.
2026-06-16 12:28:19,601 - INFO - 📋 Lote 1 copiado.
2026-06-16 12:28:27,921 - INFO - ⌛ Esperando mudança visual...
2026-06-16 12:28:28,935 - INFO - ⌛ Esperando mudança visual...
2026-06-16 12:28:29,952 - INFO - ⌛ Esperando mudança visual...
2026-06-16 12:28:30,966 - INFO - ⌛ Esperando mudança visual...
2026-06-16 12:28:31,982 - INFO - ⌛ Esperando mudança visual...
2026-06-16 12:28:32,998 - INFO - ⌛ Esperando mudança visual...
2026-06-16 12:28:34,013 - INFO - ⌛ Esperando mudança visual...
2026-06-16 12:28:35,029 - INFO - ⌛ Esperando mudança visual...
2026-06-16 12:28:36,045 - INFO - ⌛ Esperando mudança visual...
2026-06-16 12:28:37,061 - INFO - ✅ Tela carregada!
2026-06-16 12:28:41,066 - INFO - 
=== rotina desbloquear_os ===
2026-06-16 12:29:07,541 - INFO - ⌛ Aguardando janela de confirmação de desbloqueio...
2026-06-16 12:29:22,945 - INFO - 🟨 Registros desbloqueados com sucesso
2026-06-16 12:29:27,048 - INFO - 
=== rotina editar_os ===
2026-06-16 12:29:36,473 - INFO - ⌛ Aguardando janela de edição de OS...
2026-06-16 12:29:51,904 - INFO - 🟨 OS programadas detectadas
2026-06-16 12:29:55,018 - INFO - ⌛ Aguardando janela de edição de OS...
2026-06-16 12:30:10,457 - INFO - 🟨 Janela de edição de OS detectada
2026-06-16 12:30:31,823 - INFO - 🟨 Janela de edição de habilidade da turma detectada
2026-06-16 12:31:50,129 - INFO - ⌛ Aguardando detecção do campo de caracteristica 'EQUIPE PRÓPRIA OU EPS' ...
2026-06-16 12:32:09,474 - INFO - 🟨 campo de caracteristica 'EQUIPE PRÓPRIA OU EPS detectado
2026-06-16 12:32:31,272 - INFO - ⌛ Aguardando confirmação 4 - editar OS...
2026-06-16 12:32:46,825 - INFO - ⌛ Aguardando confirmação 4 - editar OS...
2026-06-16 12:33:02,344 - INFO - ⌛ Aguardando confirmação 4 - editar OS...
2026-06-16 12:33:17,777 - INFO - 🟨 Janela de confirmação 4 de edição de OS detectada
2026-06-16 12:33:21,880 - INFO - 
=== rotina programar_os ===
2026-06-16 12:33:48,398 - INFO - ⌛ Aguardando janela de confirmação de programação de OS...
2026-06-16 12:34:13,819 - INFO - 🟨 Janela de confirmação de programação de OS detectada
2026-06-16 12:34:27,072 - INFO - 🟨 Janela de aviso de edição de OS programadas detectada
2026-06-16 12:34:34,280 - INFO - ⌛ aguardando janela de programação de lote de OS...
2026-06-16 12:34:59,776 - INFO - 🟨 Janela de aviso de substituição de lote de OS detectada
2026-06-16 12:35:19,878 - INFO - ⌛ aguardando janela de programação de lote de OS...
2026-06-16 12:35:45,356 - INFO - 🟨 Janela de programação de lote de OS detectada
2026-06-16 12:36:34,880 - INFO - 🟨 Janela de confirmação de programação de lote de OS detectada
2026-06-16 12:36:39,097 - INFO - ⌛ aguardando confirmação final de programação do lote
2026-06-16 12:37:04,554 - INFO - 🟨 programação do lote 1 efetuado com sucesso
2026-06-16 12:37:14,658 - INFO - 
=== Iniciando lote 2/14 [LV] ===
2026-06-16 12:37:14,658 - INFO - 
=== abrir_janela_selecao ===
2026-06-16 12:37:20,965 - INFO - 
=== rotina abrir_selecao_colar_os ===
2026-06-16 12:37:21,014 - INFO - Janela de seleção aberta
2026-06-16 12:37:25,243 - INFO - DEBUG: idx=1, inicio=25, fim=50
2026-06-16 12:37:25,243 - INFO - ✅ 25 OS copiadas para a área de transferência.
2026-06-16 12:37:25,243 - INFO - 📋 Lote 2 copiado.
2026-06-16 12:37:33,570 - INFO - ⌛ Esperando mudança visual...
2026-06-16 12:37:34,584 - INFO - ⌛ Esperando mudança visual...
2026-06-16 12:37:35,599 - INFO - ⌛ Esperando mudança visual...
2026-06-16 12:37:36,615 - INFO - ⌛ Esperando mudança visual...
2026-06-16 12:37:37,632 - INFO - ⌛ Esperando mudança visual...
2026-06-16 12:37:38,647 - INFO - ⌛ Esperando mudança visual...
2026-06-16 12:37:39,663 - INFO - ⌛ Esperando mudança visual...
2026-06-16 12:37:40,680 - INFO - ⌛ Esperando mudança visual...
2026-06-16 12:37:41,693 - INFO - ⌛ Esperando mudança visual...
2026-06-16 12:37:42,709 - INFO - ✅ Tela carregada!
2026-06-16 12:37:46,714 - INFO - 
=== rotina desbloquear_os ===
2026-06-16 12:38:13,178 - INFO - ⌛ Aguardando janela de confirmação de desbloqueio...
2026-06-16 12:38:28,595 - INFO - 🟨 Registros desbloqueados com sucesso
2026-06-16 12:38:32,699 - INFO - 
=== rotina editar_os ===
2026-06-16 12:38:42,143 - INFO - ⌛ Aguardando janela de edição de OS...
2026-06-16 12:38:57,596 - INFO - 🟨 OS programadas detectadas
2026-06-16 12:39:00,701 - INFO - ⌛ Aguardando janela de edição de OS...
2026-06-16 12:39:16,176 - INFO - 🟨 Janela de edição de OS detectada
2026-06-16 12:39:37,539 - INFO - 🟨 Janela de edição de habilidade da turma detectada
2026-06-16 12:40:55,846 - INFO - ⌛ Aguardando detecção do campo de caracteristica 'EQUIPE PRÓPRIA OU EPS' ...
2026-06-16 12:41:15,200 - INFO - 🟨 campo de caracteristica 'EQUIPE PRÓPRIA OU EPS detectado
2026-06-16 12:41:36,990 - INFO - ⌛ Aguardando confirmação 4 - editar OS...
2026-06-16 12:41:52,447 - INFO - ⌛ Aguardando confirmação 4 - editar OS...
2026-06-16 12:42:07,894 - INFO - ⌛ Aguardando confirmação 4 - editar OS...
2026-06-16 12:42:23,321 - INFO - 🟨 Janela de confirmação 4 de edição de OS detectada
2026-06-16 12:42:27,430 - INFO - 
=== rotina programar_os ===
2026-06-16 12:42:53,947 - INFO - ⌛ Aguardando janela de confirmação de programação de OS...
2026-06-16 12:43:19,365 - INFO - 🟨 Janela de confirmação de programação de OS detectada
2026-06-16 12:43:32,629 - INFO - 🟨 Janela de aviso de edição de OS programadas detectada
2026-06-16 12:43:39,834 - INFO - ⌛ aguardando janela de programação de lote de OS...
2026-06-16 12:44:05,340 - INFO - 🟨 Janela de aviso de substituição de lote de OS detectada
2026-06-16 12:44:25,443 - INFO - ⌛ aguardando janela de programação de lote de OS...
2026-06-16 12:44:50,955 - INFO - 🟨 Janela de programação de lote de OS detectada
2026-06-16 12:45:40,504 - INFO - 🟨 Janela de confirmação de programação de lote de OS detectada
2026-06-16 12:45:44,733 - INFO - ⌛ aguardando confirmação final de programação do lote
2026-06-16 12:46:10,208 - INFO - 🟨 programação do lote 2 efetuado com sucesso
2026-06-16 12:46:20,313 - INFO - 
=== Iniciando lote 3/14 [LV] ===
2026-06-16 12:46:20,313 - INFO - 
=== abrir_janela_selecao ===
2026-06-16 12:46:26,620 - INFO - 
=== rotina abrir_selecao_colar_os ===
2026-06-16 12:46:26,670 - INFO - Janela de seleção aberta
2026-06-16 12:46:30,896 - INFO - DEBUG: idx=2, inicio=50, fim=75
2026-06-16 12:46:30,896 - INFO - ✅ 25 OS copiadas para a área de transferência.
2026-06-16 12:46:30,896 - INFO - 📋 Lote 3 copiado.
2026-06-16 12:46:39,236 - INFO - ⌛ Esperando mudança visual...
2026-06-16 12:46:40,248 - INFO - ⌛ Esperando mudança visual...
2026-06-16 12:46:41,264 - INFO - ⌛ Esperando mudança visual...
2026-06-16 12:46:42,280 - INFO - ⌛ Esperando mudança visual...
2026-06-16 12:46:43,295 - INFO - ⌛ Esperando mudança visual...
2026-06-16 12:46:44,311 - INFO - ⌛ Esperando mudança visual...
2026-06-16 12:46:45,327 - INFO - ⌛ Esperando mudança visual...
2026-06-16 12:46:46,343 - INFO - ⌛ Esperando mudança visual...
2026-06-16 12:46:47,359 - INFO - ⌛ Esperando mudança visual...
2026-06-16 12:46:48,374 - INFO - ✅ Tela carregada!
2026-06-16 12:46:52,378 - INFO - 
=== rotina desbloquear_os ===
2026-06-16 12:47:18,849 - INFO - ⌛ Aguardando janela de confirmação de desbloqueio...
2026-06-16 12:47:34,297 - INFO - 🟨 Registros desbloqueados com sucesso
2026-06-16 12:47:38,404 - INFO - 
=== rotina editar_os ===
2026-06-16 12:47:47,836 - INFO - ⌛ Aguardando janela de edição de OS...
2026-06-16 12:48:03,300 - INFO - 🟨 OS programadas detectadas
2026-06-16 12:48:06,414 - INFO - ⌛ Aguardando janela de edição de OS...
2026-06-16 12:48:21,876 - INFO - 🟨 Janela de edição de OS detectada
2026-06-16 12:48:43,238 - INFO - 🟨 Janela de edição de habilidade da turma detectada
2026-06-16 12:50:01,568 - INFO - ⌛ Aguardando detecção do campo de caracteristica 'EQUIPE PRÓPRIA OU EPS' ...
2026-06-16 12:50:20,923 - INFO - 🟨 campo de caracteristica 'EQUIPE PRÓPRIA OU EPS detectado
2026-06-16 12:50:42,710 - INFO - ⌛ Aguardando confirmação 4 - editar OS...
2026-06-16 12:50:58,191 - INFO - ⌛ Aguardando confirmação 4 - editar OS...
2026-06-16 12:51:13,639 - INFO - 🟨 Janela de confirmação 4 de edição de OS detectada
2026-06-16 12:51:17,743 - INFO - 
=== rotina programar_os ===
2026-06-16 12:51:44,271 - INFO - ⌛ Aguardando janela de confirmação de programação de OS...
2026-06-16 12:52:09,723 - INFO - 🟨 Janela de confirmação de programação de OS detectada
2026-06-16 12:52:22,992 - INFO - 🟨 Janela de aviso de edição de OS programadas detectada
2026-06-16 12:52:30,196 - INFO - ⌛ aguardando janela de programação de lote de OS...
2026-06-16 12:52:55,801 - INFO - 🟨 Janela de aviso de substituição de lote de OS detectada
2026-06-16 12:53:15,914 - INFO - ⌛ aguardando janela de programação de lote de OS...
2026-06-16 12:53:41,446 - INFO - 🟨 Janela de programação de lote de OS detectada
2026-06-16 12:54:30,986 - INFO - 🟨 Janela de confirmação de programação de lote de OS detectada
2026-06-16 12:54:35,198 - INFO - ⌛ aguardando confirmação final de programação do lote
2026-06-16 12:55:00,682 - INFO - 🟨 programação do lote 3 efetuado com sucesso
2026-06-16 12:55:10,786 - INFO - 
=== Iniciando lote 4/14 [LV] ===
2026-06-16 12:55:10,787 - INFO - 
=== abrir_janela_selecao ===
2026-06-16 12:55:17,095 - INFO - 
=== rotina abrir_selecao_colar_os ===
2026-06-16 12:55:17,147 - INFO - Janela de seleção aberta
2026-06-16 12:55:21,374 - INFO - DEBUG: idx=3, inicio=75, fim=100
2026-06-16 12:55:21,375 - INFO - ✅ 25 OS copiadas para a área de transferência.
2026-06-16 12:55:21,375 - INFO - 📋 Lote 4 copiado.
2026-06-16 12:55:29,698 - INFO - ⌛ Esperando mudança visual...
2026-06-16 12:55:30,712 - INFO - ⌛ Esperando mudança visual...
2026-06-16 12:55:31,729 - INFO - ⌛ Esperando mudança visual...
2026-06-16 12:55:32,743 - INFO - ⌛ Esperando mudança visual...
2026-06-16 12:55:33,758 - INFO - ⌛ Esperando mudança visual...
2026-06-16 12:55:34,774 - INFO - ⌛ Esperando mudança visual...
2026-06-16 12:55:35,791 - INFO - ⌛ Esperando mudança visual...
2026-06-16 12:55:36,805 - INFO - ⌛ Esperando mudança visual...
2026-06-16 12:55:37,821 - INFO - ⌛ Esperando mudança visual...
2026-06-16 12:55:38,837 - INFO - ⌛ Esperando mudança visual...
2026-06-16 12:55:39,852 - INFO - ✅ Tela carregada!
2026-06-16 12:55:43,856 - INFO - 
=== rotina desbloquear_os ===
2026-06-16 12:56:10,312 - INFO - ⌛ Aguardando janela de confirmação de desbloqueio...
2026-06-16 12:56:25,687 - INFO - 🟨 Registros desbloqueados com sucesso
2026-06-16 12:56:29,791 - INFO - 
=== rotina editar_os ===
2026-06-16 12:56:39,213 - INFO - ⌛ Aguardando janela de edição de OS...
2026-06-16 12:56:54,649 - INFO - 🟨 OS programadas detectadas
2026-06-16 12:56:57,757 - INFO - ⌛ Aguardando janela de edição de OS...
2026-06-16 12:57:13,202 - INFO - 🟨 Janela de edição de OS detectada
2026-06-16 12:57:34,558 - INFO - 🟨 Janela de edição de habilidade da turma detectada
2026-06-16 12:58:52,865 - INFO - ⌛ Aguardando detecção do campo de caracteristica 'EQUIPE PRÓPRIA OU EPS' ...
2026-06-16 12:59:12,215 - INFO - 🟨 campo de caracteristica 'EQUIPE PRÓPRIA OU EPS detectado
2026-06-16 12:59:33,999 - INFO - ⌛ Aguardando confirmação 4 - editar OS...
2026-06-16 12:59:49,434 - INFO - ⌛ Aguardando confirmação 4 - editar OS...
2026-06-16 13:00:04,906 - INFO - ⌛ Aguardando confirmação 4 - editar OS...
2026-06-16 13:00:20,352 - INFO - 🟨 Janela de confirmação 4 de edição de OS detectada
2026-06-16 13:00:24,454 - INFO - 
=== rotina programar_os ===
2026-06-16 13:00:50,966 - INFO - ⌛ Aguardando janela de confirmação de programação de OS...
2026-06-16 13:01:16,394 - INFO - 🟨 Janela de confirmação de programação de OS detectada
2026-06-16 13:01:29,647 - INFO - 🟨 Janela de aviso de edição de OS programadas detectada
2026-06-16 13:01:36,852 - INFO - ⌛ aguardando janela de programação de lote de OS...
2026-06-16 13:02:02,401 - INFO - 🟨 Janela de aviso de substituição de lote de OS detectada
2026-06-16 13:02:22,504 - INFO - ⌛ aguardando janela de programação de lote de OS...
2026-06-16 13:02:48,018 - INFO - 🟨 Janela de programação de lote de OS detectada
2026-06-16 13:03:37,521 - INFO - 🟨 Janela de confirmação de programação de lote de OS detectada
2026-06-16 13:03:41,734 - INFO - ⌛ aguardando confirmação final de programação do lote
2026-06-16 13:04:07,191 - INFO - 🟨 programação do lote 4 efetuado com sucesso
2026-06-16 13:04:17,295 - INFO - 
=== Iniciando lote 5/14 [LV] ===
2026-06-16 13:04:17,295 - INFO - 
=== abrir_janela_selecao ===
2026-06-16 13:04:23,604 - INFO - 
=== rotina abrir_selecao_colar_os ===
2026-06-16 13:04:23,656 - INFO - Janela de seleção aberta
2026-06-16 13:04:27,878 - INFO - DEBUG: idx=4, inicio=100, fim=125
2026-06-16 13:04:27,878 - INFO - ✅ 25 OS copiadas para a área de transferência.
2026-06-16 13:04:27,878 - INFO - 📋 Lote 5 copiado.
2026-06-16 13:04:36,223 - INFO - ⌛ Esperando mudança visual...
2026-06-16 13:04:37,242 - INFO - ⌛ Esperando mudança visual...
2026-06-16 13:04:38,254 - INFO - ⌛ Esperando mudança visual...
2026-06-16 13:04:39,269 - INFO - ⌛ Esperando mudança visual...
2026-06-16 13:04:40,285 - INFO - ⌛ Esperando mudança visual...
2026-06-16 13:04:41,301 - INFO - ⌛ Esperando mudança visual...
2026-06-16 13:04:42,317 - INFO - ⌛ Esperando mudança visual...
2026-06-16 13:04:43,332 - INFO - ⌛ Esperando mudança visual...
2026-06-16 13:04:44,348 - INFO - ⌛ Esperando mudança visual...
2026-06-16 13:04:45,365 - INFO - ✅ Tela carregada!
2026-06-16 13:04:49,368 - INFO - 
=== rotina desbloquear_os ===
2026-06-16 13:05:15,845 - INFO - ⌛ Aguardando janela de confirmação de desbloqueio...
2026-06-16 13:05:31,251 - INFO - 🟨 Registros desbloqueados com sucesso
2026-06-16 13:05:35,369 - INFO - 
=== rotina editar_os ===
2026-06-16 13:05:44,779 - INFO - ⌛ Aguardando janela de edição de OS...
2026-06-16 13:06:00,222 - INFO - 🟨 OS programadas detectadas
2026-06-16 13:06:03,341 - INFO - ⌛ Aguardando janela de edição de OS...
2026-06-16 13:06:18,794 - INFO - 🟨 Janela de edição de OS detectada
2026-06-16 13:06:40,155 - INFO - 🟨 Janela de edição de habilidade da turma detectada
2026-06-16 13:07:58,465 - INFO - ⌛ Aguardando detecção do campo de caracteristica 'EQUIPE PRÓPRIA OU EPS' ...
2026-06-16 13:08:17,812 - INFO - 🟨 campo de caracteristica 'EQUIPE PRÓPRIA OU EPS detectado
2026-06-16 13:08:39,592 - INFO - ⌛ Aguardando confirmação 4 - editar OS...
2026-06-16 13:08:55,028 - INFO - ⌛ Aguardando confirmação 4 - editar OS...
2026-06-16 13:09:10,481 - INFO - ⌛ Aguardando confirmação 4 - editar OS...
2026-06-16 13:09:25,925 - INFO - 🟨 Janela de confirmação 4 de edição de OS detectada
2026-06-16 13:09:30,033 - INFO - 
=== rotina programar_os ===
2026-06-16 13:09:56,562 - INFO - ⌛ Aguardando janela de confirmação de programação de OS...
2026-06-16 13:10:21,990 - INFO - 🟨 Janela de confirmação de programação de OS detectada
2026-06-16 13:10:35,243 - INFO - 🟨 Janela de aviso de edição de OS programadas detectada
2026-06-16 13:10:42,452 - INFO - ⌛ aguardando janela de programação de lote de OS...
2026-06-16 13:11:07,957 - INFO - 🟨 Janela de aviso de substituição de lote de OS detectada
2026-06-16 13:11:28,065 - INFO - ⌛ aguardando janela de programação de lote de OS...
2026-06-16 13:11:53,564 - INFO - 🟨 Janela de programação de lote de OS detectada
2026-06-16 13:12:43,088 - INFO - 🟨 Janela de confirmação de programação de lote de OS detectada
2026-06-16 13:12:47,289 - INFO - ⌛ aguardando confirmação final de programação do lote
2026-06-16 13:13:12,756 - INFO - 🟨 programação do lote 5 efetuado com sucesso
2026-06-16 13:13:22,862 - INFO - 
=== Iniciando lote 6/14 [LV] ===
2026-06-16 13:13:22,862 - INFO - 
=== abrir_janela_selecao ===
2026-06-16 13:13:29,170 - INFO - 
=== rotina abrir_selecao_colar_os ===
2026-06-16 13:13:29,218 - INFO - Janela de seleção aberta
2026-06-16 13:13:33,447 - INFO - DEBUG: idx=5, inicio=125, fim=150
2026-06-16 13:13:33,447 - INFO - ✅ 25 OS copiadas para a área de transferência.
2026-06-16 13:13:33,447 - INFO - 📋 Lote 6 copiado.
2026-06-16 13:13:41,772 - INFO - ⌛ Esperando mudança visual...
2026-06-16 13:13:42,785 - INFO - ⌛ Esperando mudança visual...
2026-06-16 13:13:43,801 - INFO - ⌛ Esperando mudança visual...
2026-06-16 13:13:44,816 - INFO - ⌛ Esperando mudança visual...
2026-06-16 13:13:45,832 - INFO - ⌛ Esperando mudança visual...
2026-06-16 13:13:46,848 - INFO - ⌛ Esperando mudança visual...
2026-06-16 13:13:47,863 - INFO - ⌛ Esperando mudança visual...
2026-06-16 13:13:48,880 - INFO - ⌛ Esperando mudança visual...
2026-06-16 13:13:49,895 - INFO - ⌛ Esperando mudança visual...
2026-06-16 13:13:50,910 - INFO - ⌛ Esperando mudança visual...
2026-06-16 13:13:51,926 - INFO - ✅ Tela carregada!
2026-06-16 13:13:55,931 - INFO - 
=== rotina desbloquear_os ===
2026-06-16 13:14:22,412 - INFO - ⌛ Aguardando janela de confirmação de desbloqueio...
2026-06-16 13:14:37,796 - INFO - 🟨 Registros desbloqueados com sucesso
2026-06-16 13:14:41,912 - INFO - 
=== rotina editar_os ===
2026-06-16 13:14:51,325 - INFO - ⌛ Aguardando janela de edição de OS...
2026-06-16 13:15:06,756 - INFO - 🟨 OS programadas detectadas
2026-06-16 13:15:09,866 - INFO - ⌛ Aguardando janela de edição de OS...
2026-06-16 13:15:25,305 - INFO - 🟨 Janela de edição de OS detectada
2026-06-16 13:15:46,671 - INFO - 🟨 Janela de edição de habilidade da turma detectada
2026-06-16 13:17:04,993 - INFO - ⌛ Aguardando detecção do campo de caracteristica 'EQUIPE PRÓPRIA OU EPS' ...
2026-06-16 13:17:24,340 - INFO - 🟨 campo de caracteristica 'EQUIPE PRÓPRIA OU EPS detectado
2026-06-16 13:17:46,095 - INFO - ⌛ Aguardando confirmação 4 - editar OS...
2026-06-16 13:18:01,544 - INFO - ⌛ Aguardando confirmação 4 - editar OS...
2026-06-16 13:18:16,970 - INFO - ⌛ Aguardando confirmação 4 - editar OS...
2026-06-16 13:18:32,458 - INFO - 🟨 Janela de confirmação 4 de edição de OS detectada
2026-06-16 13:18:36,563 - INFO - 
=== rotina programar_os ===
2026-06-16 13:19:03,108 - INFO - ⌛ Aguardando janela de confirmação de programação de OS...
2026-06-16 13:19:28,566 - INFO - 🟨 Janela de confirmação de programação de OS detectada
2026-06-16 13:19:41,822 - INFO - 🟨 Janela de aviso de edição de OS programadas detectada
2026-06-16 13:19:49,027 - INFO - ⌛ aguardando janela de programação de lote de OS...
2026-06-16 13:20:14,544 - INFO - 🟨 Janela de aviso de substituição de lote de OS detectada
2026-06-16 13:20:34,648 - INFO - ⌛ aguardando janela de programação de lote de OS...
2026-06-16 13:21:00,237 - INFO - 🟨 Janela de programação de lote de OS detectada
2026-06-16 13:21:49,739 - INFO - 🟨 Janela de confirmação de programação de lote de OS detectada
2026-06-16 13:21:53,979 - INFO - ⌛ aguardando confirmação final de programação do lote
2026-06-16 13:22:19,456 - INFO - 🟨 programação do lote 6 efetuado com sucesso
2026-06-16 13:22:29,562 - INFO - 
=== Iniciando lote 7/14 [LV] ===
2026-06-16 13:22:29,562 - INFO - 
=== abrir_janela_selecao ===
2026-06-16 13:22:35,868 - INFO - 
=== rotina abrir_selecao_colar_os ===
2026-06-16 13:22:35,927 - INFO - Janela de seleção aberta
2026-06-16 13:22:40,170 - INFO - DEBUG: idx=6, inicio=150, fim=175
2026-06-16 13:22:40,171 - INFO - ✅ 25 OS copiadas para a área de transferência.
2026-06-16 13:22:40,171 - INFO - 📋 Lote 7 copiado.
2026-06-16 13:22:48,519 - INFO - ⌛ Esperando mudança visual...
2026-06-16 13:22:49,531 - INFO - ⌛ Esperando mudança visual...
2026-06-16 13:22:50,547 - INFO - ⌛ Esperando mudança visual...
2026-06-16 13:22:51,562 - INFO - ⌛ Esperando mudança visual...
2026-06-16 13:22:52,578 - INFO - ⌛ Esperando mudança visual...
2026-06-16 13:22:53,594 - INFO - ⌛ Esperando mudança visual...
2026-06-16 13:22:54,609 - INFO - ⌛ Esperando mudança visual...
2026-06-16 13:22:55,624 - INFO - ⌛ Esperando mudança visual...
2026-06-16 13:22:56,641 - INFO - ⌛ Esperando mudança visual...
2026-06-16 13:22:57,656 - INFO - ✅ Tela carregada!
2026-06-16 13:23:01,659 - INFO - 
=== rotina desbloquear_os ===
2026-06-16 13:23:28,129 - INFO - ⌛ Aguardando janela de confirmação de desbloqueio...
2026-06-16 13:23:43,556 - INFO - 🟨 Registros desbloqueados com sucesso
2026-06-16 13:23:47,662 - INFO - 
=== rotina editar_os ===
2026-06-16 13:23:57,087 - INFO - ⌛ Aguardando janela de edição de OS...
2026-06-16 13:24:12,523 - INFO - 🟨 OS programadas detectadas
2026-06-16 13:24:15,626 - INFO - ⌛ Aguardando janela de edição de OS...
2026-06-16 13:24:31,052 - INFO - 🟨 Janela de edição de OS detectada
2026-06-16 13:24:52,419 - INFO - 🟨 Janela de edição de habilidade da turma detectada
2026-06-16 13:26:10,722 - INFO - ⌛ Aguardando detecção do campo de caracteristica 'EQUIPE PRÓPRIA OU EPS' ...
2026-06-16 13:26:30,071 - INFO - 🟨 campo de caracteristica 'EQUIPE PRÓPRIA OU EPS detectado
2026-06-16 13:26:51,847 - INFO - ⌛ Aguardando confirmação 4 - editar OS...
2026-06-16 13:27:07,288 - INFO - ⌛ Aguardando confirmação 4 - editar OS...
2026-06-16 13:27:07,412 - INFO - 🟨 Identificado travamento no EQM, reiniciando contador de espera
2026-06-16 13:27:22,761 - INFO - ⌛ Aguardando confirmação 4 - editar OS...
2026-06-16 13:27:38,251 - INFO - 🟨 Janela de confirmação 4 de edição de OS detectada
2026-06-16 13:27:42,364 - INFO - 
=== rotina programar_os ===
2026-06-16 13:28:08,905 - INFO - ⌛ Aguardando janela de confirmação de programação de OS...
2026-06-16 13:28:34,372 - INFO - 🟨 Janela de confirmação de programação de OS detectada
2026-06-16 13:28:47,644 - INFO - 🟨 Janela de aviso de edição de OS programadas detectada
2026-06-16 13:28:54,853 - INFO - ⌛ aguardando janela de programação de lote de OS...
2026-06-16 13:29:20,368 - INFO - 🟨 Janela de aviso de substituição de lote de OS detectada
2026-06-16 13:29:40,481 - INFO - ⌛ aguardando janela de programação de lote de OS...
2026-06-16 13:30:06,030 - INFO - 🟨 Janela de programação de lote de OS detectada
2026-06-16 13:30:55,534 - INFO - 🟨 Janela de confirmação de programação de lote de OS detectada
2026-06-16 13:30:59,777 - INFO - ⌛ aguardando confirmação final de programação do lote
2026-06-16 13:31:25,252 - INFO - 🟨 programação do lote 7 efetuado com sucesso
2026-06-16 13:31:35,355 - INFO - 
=== Iniciando lote 8/14 [LV] ===
2026-06-16 13:31:35,355 - INFO - 
=== abrir_janela_selecao ===
2026-06-16 13:31:41,680 - INFO - 
=== rotina abrir_selecao_colar_os ===
2026-06-16 13:31:41,722 - INFO - Janela de seleção aberta
2026-06-16 13:31:45,955 - INFO - DEBUG: idx=7, inicio=175, fim=200
2026-06-16 13:31:45,955 - INFO - ✅ 25 OS copiadas para a área de transferência.
2026-06-16 13:31:45,955 - INFO - 📋 Lote 8 copiado.
2026-06-16 13:31:54,277 - INFO - ⌛ Esperando mudança visual...
2026-06-16 13:31:55,292 - INFO - ⌛ Esperando mudança visual...
2026-06-16 13:31:56,308 - INFO - ⌛ Esperando mudança visual...
2026-06-16 13:31:57,324 - INFO - ⌛ Esperando mudança visual...
2026-06-16 13:31:58,339 - INFO - ⌛ Esperando mudança visual...
2026-06-16 13:31:59,355 - INFO - ⌛ Esperando mudança visual...
2026-06-16 13:32:00,372 - INFO - ⌛ Esperando mudança visual...
2026-06-16 13:32:01,389 - INFO - ⌛ Esperando mudança visual...
2026-06-16 13:32:02,401 - INFO - ⌛ Esperando mudança visual...
2026-06-16 13:32:03,418 - INFO - ⌛ Esperando mudança visual...
2026-06-16 13:32:04,433 - INFO - ✅ Tela carregada!
2026-06-16 13:32:08,437 - INFO - 
=== rotina desbloquear_os ===
2026-06-16 13:32:34,932 - INFO - ⌛ Aguardando janela de confirmação de desbloqueio...
2026-06-16 13:32:50,422 - INFO - 🟨 Registros desbloqueados com sucesso
2026-06-16 13:32:54,525 - INFO - 
=== rotina editar_os ===
2026-06-16 13:33:03,940 - INFO - ⌛ Aguardando janela de edição de OS...
2026-06-16 13:33:19,389 - INFO - 🟨 OS programadas detectadas
2026-06-16 13:33:22,493 - INFO - ⌛ Aguardando janela de edição de OS...
2026-06-16 13:33:37,954 - INFO - 🟨 Janela de edição de OS detectada
2026-06-16 13:33:59,311 - INFO - 🟨 Janela de edição de habilidade da turma detectada
2026-06-16 13:35:17,619 - INFO - ⌛ Aguardando detecção do campo de caracteristica 'EQUIPE PRÓPRIA OU EPS' ...
2026-06-16 13:35:36,979 - INFO - 🟨 campo de caracteristica 'EQUIPE PRÓPRIA OU EPS detectado
2026-06-16 13:35:58,779 - INFO - ⌛ Aguardando confirmação 4 - editar OS...
2026-06-16 13:36:14,228 - INFO - ⌛ Aguardando confirmação 4 - editar OS...
2026-06-16 13:36:14,371 - INFO - 🟨 Identificado travamento no EQM, reiniciando contador de espera
2026-06-16 13:36:29,747 - INFO - ⌛ Aguardando confirmação 4 - editar OS...
2026-06-16 13:36:45,285 - INFO - 🟨 Janela de confirmação 4 de edição de OS detectada
2026-06-16 13:36:49,388 - INFO - 
=== rotina programar_os ===
2026-06-16 13:37:15,923 - INFO - ⌛ Aguardando janela de confirmação de programação de OS...
2026-06-16 13:37:41,403 - INFO - 🟨 Janela de confirmação de programação de OS detectada
2026-06-16 13:37:54,700 - INFO - 🟨 Janela de aviso de edição de OS programadas detectada
2026-06-16 13:38:01,906 - INFO - ⌛ aguardando janela de programação de lote de OS...
2026-06-16 13:38:27,409 - INFO - 🟨 Janela de aviso de substituição de lote de OS detectada
2026-06-16 13:38:47,518 - INFO - ⌛ aguardando janela de programação de lote de OS...
2026-06-16 13:39:13,090 - INFO - 🟨 Janela de programação de lote de OS detectada
2026-06-16 13:40:02,641 - INFO - 🟨 Janela de confirmação de programação de lote de OS detectada
2026-06-16 13:40:06,867 - INFO - ⌛ aguardando confirmação final de programação do lote
2026-06-16 13:40:32,343 - INFO - 🟨 programação do lote 8 efetuado com sucesso
2026-06-16 13:40:42,448 - INFO - 
=== Iniciando lote 9/14 [LV] ===
2026-06-16 13:40:42,448 - INFO - 
=== abrir_janela_selecao ===
2026-06-16 13:40:48,758 - INFO - 
=== rotina abrir_selecao_colar_os ===
2026-06-16 13:40:48,810 - INFO - Janela de seleção aberta
2026-06-16 13:40:53,027 - INFO - DEBUG: idx=8, inicio=200, fim=225
2026-06-16 13:40:53,027 - INFO - ✅ 25 OS copiadas para a área de transferência.
2026-06-16 13:40:53,027 - INFO - 📋 Lote 9 copiado.
2026-06-16 13:41:01,354 - INFO - ⌛ Esperando mudança visual...
2026-06-16 13:41:02,367 - INFO - ⌛ Esperando mudança visual...
2026-06-16 13:41:03,383 - INFO - ⌛ Esperando mudança visual...
2026-06-16 13:41:04,398 - INFO - ⌛ Esperando mudança visual...
2026-06-16 13:41:05,415 - INFO - ⌛ Esperando mudança visual...
2026-06-16 13:41:06,430 - INFO - ⌛ Esperando mudança visual...
2026-06-16 13:41:07,446 - INFO - ⌛ Esperando mudança visual...
2026-06-16 13:41:08,462 - INFO - ⌛ Esperando mudança visual...
2026-06-16 13:41:09,477 - INFO - ⌛ Esperando mudança visual...
2026-06-16 13:41:10,493 - INFO - ⌛ Esperando mudança visual...
2026-06-16 13:41:11,508 - INFO - ✅ Tela carregada!
2026-06-16 13:41:15,512 - INFO - 
=== rotina desbloquear_os ===
2026-06-16 13:41:41,977 - INFO - ⌛ Aguardando janela de confirmação de desbloqueio...
2026-06-16 13:41:57,369 - INFO - 🟨 Registros desbloqueados com sucesso
2026-06-16 13:42:01,477 - INFO - 
=== rotina editar_os ===
2026-06-16 13:42:10,914 - INFO - ⌛ Aguardando janela de edição de OS...
2026-06-16 13:42:26,365 - INFO - 🟨 OS programadas detectadas
2026-06-16 13:42:29,468 - INFO - ⌛ Aguardando janela de edição de OS...
2026-06-16 13:42:45,068 - INFO - 🟨 Janela de edição de OS detectada
2026-06-16 13:43:06,437 - INFO - 🟨 Janela de edição de habilidade da turma detectada
2026-06-16 13:44:24,759 - INFO - ⌛ Aguardando detecção do campo de caracteristica 'EQUIPE PRÓPRIA OU EPS' ...
2026-06-16 13:44:44,122 - INFO - 🟨 campo de caracteristica 'EQUIPE PRÓPRIA OU EPS detectado
2026-06-16 13:45:05,900 - INFO - ⌛ Aguardando confirmação 4 - editar OS...
2026-06-16 13:45:21,320 - INFO - ⌛ Aguardando confirmação 4 - editar OS...
2026-06-16 13:45:21,428 - INFO - 🟨 Identificado travamento no EQM, reiniciando contador de espera
2026-06-16 13:45:36,749 - INFO - ⌛ Aguardando confirmação 4 - editar OS...
2026-06-16 13:45:52,202 - INFO - 🟨 Janela de confirmação 4 de edição de OS detectada
2026-06-16 13:45:56,310 - INFO - 
=== rotina programar_os ===
2026-06-16 13:46:22,828 - INFO - ⌛ Aguardando janela de confirmação de programação de OS...
2026-06-16 13:46:48,246 - INFO - 🟨 Janela de confirmação de programação de OS detectada
2026-06-16 13:47:01,504 - INFO - 🟨 Janela de aviso de edição de OS programadas detectada
2026-06-16 13:47:08,710 - INFO - ⌛ aguardando janela de programação de lote de OS...
2026-06-16 13:47:34,204 - INFO - 🟨 Janela de aviso de substituição de lote de OS detectada
2026-06-16 13:47:54,307 - INFO - ⌛ aguardando janela de programação de lote de OS...
2026-06-16 13:48:19,785 - INFO - 🟨 Janela de programação de lote de OS detectada
2026-06-16 13:49:09,328 - INFO - 🟨 Janela de confirmação de programação de lote de OS detectada
2026-06-16 13:49:13,525 - INFO - ⌛ aguardando confirmação final de programação do lote
2026-06-16 13:49:38,967 - INFO - 🟨 programação do lote 9 efetuado com sucesso
2026-06-16 13:49:49,072 - INFO - 
=== Iniciando lote 10/14 [LV] ===
2026-06-16 13:49:49,072 - INFO - 
=== abrir_janela_selecao ===
2026-06-16 13:49:55,381 - INFO - 
=== rotina abrir_selecao_colar_os ===
2026-06-16 13:49:55,435 - INFO - Janela de seleção aberta
2026-06-16 13:49:59,658 - INFO - DEBUG: idx=9, inicio=225, fim=250
2026-06-16 13:49:59,658 - INFO - ✅ 25 OS copiadas para a área de transferência.
2026-06-16 13:49:59,658 - INFO - 📋 Lote 10 copiado.
2026-06-16 13:50:07,979 - INFO - ⌛ Esperando mudança visual...
2026-06-16 13:50:08,996 - INFO - ⌛ Esperando mudança visual...
2026-06-16 13:50:10,010 - INFO - ⌛ Esperando mudança visual...
2026-06-16 13:50:11,029 - INFO - ⌛ Esperando mudança visual...
2026-06-16 13:50:12,039 - INFO - ⌛ Esperando mudança visual...
2026-06-16 13:50:13,061 - INFO - ⌛ Esperando mudança visual...
2026-06-16 13:50:14,077 - INFO - ⌛ Esperando mudança visual...
2026-06-16 13:50:15,091 - INFO - ⌛ Esperando mudança visual...
2026-06-16 13:50:16,109 - INFO - ⌛ Esperando mudança visual...
2026-06-16 13:50:17,123 - INFO - ⌛ Esperando mudança visual...
2026-06-16 13:50:18,135 - INFO - ✅ Tela carregada!
2026-06-16 13:50:22,143 - INFO - 
=== rotina desbloquear_os ===
2026-06-16 13:50:48,606 - INFO - ⌛ Aguardando janela de confirmação de desbloqueio...
2026-06-16 13:51:03,988 - INFO - 🟨 Registros desbloqueados com sucesso
2026-06-16 13:51:08,091 - INFO - 
=== rotina editar_os ===
2026-06-16 13:51:17,499 - INFO - ⌛ Aguardando janela de edição de OS...
2026-06-16 13:51:32,922 - INFO - 🟨 OS programadas detectadas
2026-06-16 13:51:36,026 - INFO - ⌛ Aguardando janela de edição de OS...
2026-06-16 13:51:51,531 - INFO - 🟨 Janela de edição de OS detectada
2026-06-16 13:52:12,889 - INFO - 🟨 Janela de edição de habilidade da turma detectada
2026-06-16 13:53:31,202 - INFO - ⌛ Aguardando detecção do campo de caracteristica 'EQUIPE PRÓPRIA OU EPS' ...
2026-06-16 13:53:50,567 - INFO - 🟨 campo de caracteristica 'EQUIPE PRÓPRIA OU EPS detectado
2026-06-16 13:54:12,342 - INFO - ⌛ Aguardando confirmação 4 - editar OS...
2026-06-16 13:54:27,782 - INFO - ⌛ Aguardando confirmação 4 - editar OS...
2026-06-16 13:54:27,890 - INFO - 🟨 Identificado travamento no EQM, reiniciando contador de espera
2026-06-16 13:54:43,223 - INFO - ⌛ Aguardando confirmação 4 - editar OS...
2026-06-16 13:54:58,680 - INFO - 🟨 Janela de confirmação 4 de edição de OS detectada
2026-06-16 13:55:02,790 - INFO - 
=== rotina programar_os ===
2026-06-16 13:55:29,307 - INFO - ⌛ Aguardando janela de confirmação de programação de OS...
2026-06-16 13:55:54,742 - INFO - 🟨 Janela de confirmação de programação de OS detectada
2026-06-16 13:56:08,003 - INFO - 🟨 Janela de aviso de edição de OS programadas detectada
2026-06-16 13:56:15,207 - INFO - ⌛ aguardando janela de programação de lote de OS...
2026-06-16 13:56:40,730 - INFO - 🟨 Janela de aviso de substituição de lote de OS detectada
2026-06-16 13:57:00,837 - INFO - ⌛ aguardando janela de programação de lote de OS...
2026-06-16 13:57:26,403 - INFO - 🟨 Janela de programação de lote de OS detectada
2026-06-16 13:58:15,924 - INFO - 🟨 Janela de confirmação de programação de lote de OS detectada
2026-06-16 13:58:20,122 - INFO - ⌛ aguardando confirmação final de programação do lote
2026-06-16 13:58:45,596 - INFO - 🟨 programação do lote 10 efetuado com sucesso
2026-06-16 13:58:55,701 - INFO - 
=== Iniciando lote 11/14 [LV] ===
2026-06-16 13:58:55,702 - INFO - 
=== abrir_janela_selecao ===
2026-06-16 13:59:02,007 - INFO - 
=== rotina abrir_selecao_colar_os ===
2026-06-16 13:59:02,064 - INFO - Janela de seleção aberta
2026-06-16 13:59:06,311 - INFO - DEBUG: idx=10, inicio=250, fim=275
2026-06-16 13:59:06,311 - INFO - ✅ 25 OS copiadas para a área de transferência.
2026-06-16 13:59:06,311 - INFO - 📋 Lote 11 copiado.
2026-06-16 13:59:14,663 - INFO - ⌛ Esperando mudança visual...
2026-06-16 13:59:15,675 - INFO - ⌛ Esperando mudança visual...
2026-06-16 13:59:16,690 - INFO - ⌛ Esperando mudança visual...
2026-06-16 13:59:17,706 - INFO - ⌛ Esperando mudança visual...
2026-06-16 13:59:18,723 - INFO - ⌛ Esperando mudança visual...
2026-06-16 13:59:19,740 - INFO - ⌛ Esperando mudança visual...
2026-06-16 13:59:20,755 - INFO - ⌛ Esperando mudança visual...
2026-06-16 13:59:21,769 - INFO - ⌛ Esperando mudança visual...
2026-06-16 13:59:22,783 - INFO - ⌛ Esperando mudança visual...
2026-06-16 13:59:23,803 - INFO - ⌛ Esperando mudança visual...
2026-06-16 13:59:24,819 - INFO - ✅ Tela carregada!
2026-06-16 13:59:28,820 - INFO - 
=== rotina desbloquear_os ===
2026-06-16 13:59:55,298 - INFO - ⌛ Aguardando janela de confirmação de desbloqueio...
2026-06-16 14:00:10,684 - INFO - 🟨 Registros desbloqueados com sucesso
2026-06-16 14:00:14,788 - INFO - 
=== rotina editar_os ===
2026-06-16 14:00:24,190 - INFO - ⌛ Aguardando janela de edição de OS...
2026-06-16 14:00:39,670 - INFO - 🟨 OS programadas detectadas
2026-06-16 14:00:42,774 - INFO - ⌛ Aguardando janela de edição de OS...
2026-06-16 14:00:58,233 - INFO - 🟨 Janela de edição de OS detectada
2026-06-16 14:01:19,591 - INFO - 🟨 Janela de edição de habilidade da turma detectada
2026-06-16 14:02:37,914 - INFO - ⌛ Aguardando detecção do campo de caracteristica 'EQUIPE PRÓPRIA OU EPS' ...
2026-06-16 14:02:57,266 - INFO - 🟨 campo de caracteristica 'EQUIPE PRÓPRIA OU EPS detectado
2026-06-16 14:03:19,062 - INFO - ⌛ Aguardando confirmação 4 - editar OS...
2026-06-16 14:03:34,546 - INFO - ⌛ Aguardando confirmação 4 - editar OS...
2026-06-16 14:03:34,670 - INFO - 🟨 Identificado travamento no EQM, reiniciando contador de espera
2026-06-16 14:03:50,034 - INFO - ⌛ Aguardando confirmação 4 - editar OS...
2026-06-16 14:04:05,497 - INFO - 🟨 Janela de confirmação 4 de edição de OS detectada
2026-06-16 14:04:09,603 - INFO - 
=== rotina programar_os ===
2026-06-16 14:04:36,148 - INFO - ⌛ Aguardando janela de confirmação de programação de OS...
2026-06-16 14:05:01,559 - INFO - 🟨 Janela de confirmação de programação de OS detectada
2026-06-16 14:05:14,830 - INFO - 🟨 Janela de aviso de edição de OS programadas detectada
2026-06-16 14:05:22,035 - INFO - ⌛ aguardando janela de programação de lote de OS...
2026-06-16 14:05:47,514 - INFO - 🟨 Janela de aviso de substituição de lote de OS detectada
2026-06-16 14:06:07,616 - INFO - ⌛ aguardando janela de programação de lote de OS...
2026-06-16 14:06:33,119 - INFO - 🟨 Janela de programação de lote de OS detectada
2026-06-16 14:07:22,649 - INFO - 🟨 Janela de confirmação de programação de lote de OS detectada
2026-06-16 14:07:26,851 - INFO - ⌛ aguardando confirmação final de programação do lote
2026-06-16 14:07:52,274 - INFO - 🟨 programação do lote 11 efetuado com sucesso
2026-06-16 14:08:02,379 - INFO - 
=== Iniciando lote 12/14 [LV] ===
2026-06-16 14:08:02,379 - INFO - 
=== abrir_janela_selecao ===
2026-06-16 14:08:08,687 - INFO - 
=== rotina abrir_selecao_colar_os ===
2026-06-16 14:08:08,734 - INFO - Janela de seleção aberta
2026-06-16 14:08:12,966 - INFO - DEBUG: idx=11, inicio=275, fim=300
2026-06-16 14:08:12,966 - INFO - ✅ 25 OS copiadas para a área de transferência.
2026-06-16 14:08:12,966 - INFO - 📋 Lote 12 copiado.
2026-06-16 14:08:21,288 - INFO - ⌛ Esperando mudança visual...
2026-06-16 14:08:22,306 - INFO - ⌛ Esperando mudança visual...
2026-06-16 14:08:23,322 - INFO - ⌛ Esperando mudança visual...
2026-06-16 14:08:24,333 - INFO - ⌛ Esperando mudança visual...
2026-06-16 14:08:25,353 - INFO - ⌛ Esperando mudança visual...
2026-06-16 14:08:26,366 - INFO - ⌛ Esperando mudança visual...
2026-06-16 14:08:27,382 - INFO - ⌛ Esperando mudança visual...
2026-06-16 14:08:28,402 - INFO - ⌛ Esperando mudança visual...
2026-06-16 14:08:29,417 - INFO - ⌛ Esperando mudança visual...
2026-06-16 14:08:30,428 - INFO - ⌛ Esperando mudança visual...
2026-06-16 14:08:31,448 - INFO - ✅ Tela carregada!
2026-06-16 14:08:35,450 - INFO - 
=== rotina desbloquear_os ===
2026-06-16 14:09:01,904 - INFO - ⌛ Aguardando janela de confirmação de desbloqueio...
2026-06-16 14:09:17,279 - INFO - 🟨 Registros desbloqueados com sucesso
2026-06-16 14:09:21,383 - INFO - 
=== rotina editar_os ===
2026-06-16 14:09:30,791 - INFO - ⌛ Aguardando janela de edição de OS...
2026-06-16 14:09:46,209 - INFO - 🟨 OS programadas detectadas
2026-06-16 14:09:49,316 - INFO - ⌛ Aguardando janela de edição de OS...
2026-06-16 14:10:04,777 - INFO - 🟨 Janela de edição de OS detectada
2026-06-16 14:10:26,143 - INFO - 🟨 Janela de edição de habilidade da turma detectada
2026-06-16 14:11:44,443 - INFO - ⌛ Aguardando detecção do campo de caracteristica 'EQUIPE PRÓPRIA OU EPS' ...
2026-06-16 14:12:03,786 - INFO - 🟨 campo de caracteristica 'EQUIPE PRÓPRIA OU EPS detectado
2026-06-16 14:12:25,553 - INFO - ⌛ Aguardando confirmação 4 - editar OS...
2026-06-16 14:12:40,988 - INFO - ⌛ Aguardando confirmação 4 - editar OS...
2026-06-16 14:12:41,102 - INFO - 🟨 Identificado travamento no EQM, reiniciando contador de espera
2026-06-16 14:12:56,428 - INFO - ⌛ Aguardando confirmação 4 - editar OS...
2026-06-16 14:13:11,858 - INFO - 🟨 Janela de confirmação 4 de edição de OS detectada
2026-06-16 14:13:15,965 - INFO - 
=== rotina programar_os ===
2026-06-16 14:13:42,478 - INFO - ⌛ Aguardando janela de confirmação de programação de OS...
2026-06-16 14:14:07,910 - INFO - 🟨 Janela de confirmação de programação de OS detectada
2026-06-16 14:14:21,158 - INFO - 🟨 Janela de aviso de edição de OS programadas detectada
2026-06-16 14:14:28,364 - INFO - ⌛ aguardando janela de programação de lote de OS...
2026-06-16 14:14:54,219 - INFO - 🟨 Janela de aviso de substituição de lote de OS detectada
2026-06-16 14:15:14,325 - INFO - ⌛ aguardando janela de programação de lote de OS...
2026-06-16 14:15:40,197 - INFO - 🟨 Janela de programação de lote de OS detectada
2026-06-16 14:16:29,718 - INFO - 🟨 Janela de confirmação de programação de lote de OS detectada
2026-06-16 14:16:33,935 - INFO - ⌛ aguardando confirmação final de programação do lote
2026-06-16 14:16:59,401 - INFO - 🟨 programação do lote 12 efetuado com sucesso
2026-06-16 14:17:09,510 - INFO - 
=== Iniciando lote 13/14 [LV] ===
2026-06-16 14:17:09,511 - INFO - 
=== abrir_janela_selecao ===
2026-06-16 14:17:15,818 - INFO - 
=== rotina abrir_selecao_colar_os ===
2026-06-16 14:17:15,874 - INFO - Janela de seleção aberta
2026-06-16 14:17:20,095 - INFO - DEBUG: idx=12, inicio=300, fim=325
2026-06-16 14:17:20,095 - INFO - ✅ 25 OS copiadas para a área de transferência.
2026-06-16 14:17:20,095 - INFO - 📋 Lote 13 copiado.
2026-06-16 14:17:28,422 - INFO - ⌛ Esperando mudança visual...
2026-06-16 14:17:29,433 - INFO - ⌛ Esperando mudança visual...
2026-06-16 14:17:30,450 - INFO - ⌛ Esperando mudança visual...
2026-06-16 14:17:31,466 - INFO - ⌛ Esperando mudança visual...
2026-06-16 14:17:32,480 - INFO - ⌛ Esperando mudança visual...
2026-06-16 14:17:33,498 - INFO - ⌛ Esperando mudança visual...
2026-06-16 14:17:34,516 - INFO - ⌛ Esperando mudança visual...
2026-06-16 14:17:35,527 - INFO - ⌛ Esperando mudança visual...
2026-06-16 14:17:36,547 - INFO - ⌛ Esperando mudança visual...
2026-06-16 14:17:37,563 - INFO - ✅ Tela carregada!
2026-06-16 14:17:41,564 - INFO - 
=== rotina desbloquear_os ===
2026-06-16 14:18:08,028 - INFO - ⌛ Aguardando janela de confirmação de desbloqueio...
2026-06-16 14:18:23,430 - INFO - 🟨 Registros desbloqueados com sucesso
2026-06-16 14:18:27,536 - INFO - 
=== rotina editar_os ===
2026-06-16 14:18:36,938 - INFO - ⌛ Aguardando janela de edição de OS...
2026-06-16 14:18:52,377 - INFO - 🟨 OS programadas detectadas
2026-06-16 14:18:55,480 - INFO - ⌛ Aguardando janela de edição de OS...
2026-06-16 14:19:10,925 - INFO - 🟨 Janela de edição de OS detectada
2026-06-16 14:19:32,287 - INFO - 🟨 Janela de edição de habilidade da turma detectada
2026-06-16 14:20:50,587 - INFO - ⌛ Aguardando detecção do campo de caracteristica 'EQUIPE PRÓPRIA OU EPS' ...
2026-06-16 14:21:09,959 - INFO - 🟨 campo de caracteristica 'EQUIPE PRÓPRIA OU EPS detectado
2026-06-16 14:21:31,784 - INFO - ⌛ Aguardando confirmação 4 - editar OS...
2026-06-16 14:21:47,430 - INFO - ⌛ Aguardando confirmação 4 - editar OS...
2026-06-16 14:22:02,905 - INFO - ⌛ Aguardando confirmação 4 - editar OS...
2026-06-16 14:22:18,360 - INFO - 🟨 Janela de confirmação 4 de edição de OS detectada
2026-06-16 14:22:22,463 - INFO - 
=== rotina programar_os ===
2026-06-16 14:22:49,009 - INFO - ⌛ Aguardando janela de confirmação de programação de OS...
2026-06-16 14:23:14,432 - INFO - 🟨 Janela de confirmação de programação de OS detectada
2026-06-16 14:23:27,686 - INFO - 🟨 Janela de aviso de edição de OS programadas detectada
2026-06-16 14:23:34,895 - INFO - ⌛ aguardando janela de programação de lote de OS...
2026-06-16 14:24:00,387 - INFO - 🟨 Janela de aviso de substituição de lote de OS detectada
2026-06-16 14:24:20,496 - INFO - ⌛ aguardando janela de programação de lote de OS...
2026-06-16 14:24:45,971 - INFO - 🟨 Janela de programação de lote de OS detectada
2026-06-16 14:25:35,514 - INFO - 🟨 Janela de confirmação de programação de lote de OS detectada
2026-06-16 14:25:39,711 - INFO - ⌛ aguardando confirmação final de programação do lote
2026-06-16 14:26:05,134 - INFO - 🟨 programação do lote 13 efetuado com sucesso
2026-06-16 14:26:15,239 - INFO - 
=== Iniciando lote 14/14 [LV] ===
2026-06-16 14:26:15,239 - INFO - 
=== abrir_janela_selecao ===
2026-06-16 14:26:21,547 - INFO - 
=== rotina abrir_selecao_colar_os ===
2026-06-16 14:26:21,605 - INFO - Janela de seleção aberta
2026-06-16 14:26:25,823 - INFO - DEBUG: idx=13, inicio=325, fim=350
2026-06-16 14:26:25,823 - INFO - ✅ 16 OS copiadas para a área de transferência.
2026-06-16 14:26:25,823 - INFO - 📋 Lote 14 copiado.
2026-06-16 14:26:34,153 - INFO - ⌛ Esperando mudança visual...
2026-06-16 14:26:35,168 - INFO - ⌛ Esperando mudança visual...
2026-06-16 14:26:36,183 - INFO - ⌛ Esperando mudança visual...
2026-06-16 14:26:37,197 - INFO - ⌛ Esperando mudança visual...
2026-06-16 14:26:38,215 - INFO - ⌛ Esperando mudança visual...
2026-06-16 14:26:39,227 - INFO - ⌛ Esperando mudança visual...
2026-06-16 14:26:40,244 - INFO - ⌛ Esperando mudança visual...
2026-06-16 14:26:41,260 - INFO - ⌛ Esperando mudança visual...
2026-06-16 14:26:42,279 - INFO - ⌛ Esperando mudança visual...
2026-06-16 14:26:43,294 - INFO - ⌛ Esperando mudança visual...
2026-06-16 14:26:44,305 - INFO - ✅ Tela carregada!
2026-06-16 14:26:48,310 - INFO - 
=== rotina desbloquear_os ===
2026-06-16 14:27:14,783 - INFO - ⌛ Aguardando janela de confirmação de desbloqueio...
2026-06-16 14:27:30,172 - INFO - 🟨 Registros desbloqueados com sucesso
2026-06-16 14:27:34,276 - INFO - 
=== rotina editar_os ===
2026-06-16 14:27:43,684 - INFO - 🟨 OS programadas detectadas
2026-06-16 14:27:46,793 - INFO - ⌛ Aguardando janela de edição de OS...
2026-06-16 14:28:02,251 - INFO - 🟨 Janela de edição de OS detectada
2026-06-16 14:28:23,617 - INFO - 🟨 Janela de edição de habilidade da turma detectada
2026-06-16 14:29:41,914 - INFO - ⌛ Aguardando detecção do campo de caracteristica 'EQUIPE PRÓPRIA OU EPS' ...
2026-06-16 14:30:01,271 - INFO - 🟨 campo de caracteristica 'EQUIPE PRÓPRIA OU EPS detectado
2026-06-16 14:30:23,072 - INFO - ⌛ Aguardando confirmação 4 - editar OS...
2026-06-16 14:30:38,557 - INFO - ⌛ Aguardando confirmação 4 - editar OS...
2026-06-16 14:30:54,049 - INFO - 🟨 Janela de confirmação 4 de edição de OS detectada
2026-06-16 14:30:58,159 - INFO - 
=== rotina programar_os ===
2026-06-16 14:31:24,714 - INFO - ⌛ Aguardando janela de confirmação de programação de OS...
2026-06-16 14:31:50,172 - INFO - 🟨 Janela de confirmação de programação de OS detectada
2026-06-16 14:32:03,454 - INFO - 🟨 Janela de aviso de edição de OS programadas detectada
2026-06-16 14:32:10,660 - INFO - ⌛ aguardando janela de programação de lote de OS...
2026-06-16 14:32:36,182 - INFO - 🟨 Janela de aviso de substituição de lote de OS detectada
2026-06-16 14:32:56,293 - INFO - ⌛ aguardando janela de programação de lote de OS...
2026-06-16 14:33:21,825 - INFO - 🟨 Janela de programação de lote de OS detectada
2026-06-16 14:34:11,355 - INFO - 🟨 Janela de confirmação de programação de lote de OS detectada
2026-06-16 14:34:15,573 - INFO - ⌛ aguardando confirmação final de programação do lote
2026-06-16 14:34:41,012 - INFO - 🟨 programação do lote 14 efetuado com sucesso
2026-06-16 14:34:51,116 - INFO - 
=== Iniciando lote 1/534 [REDES] ===
2026-06-16 14:34:51,117 - INFO - 
=== abrir_janela_selecao ===
2026-06-16 14:34:57,421 - INFO - 
=== rotina abrir_selecao_colar_os ===
2026-06-16 14:34:57,472 - INFO - Janela de seleção aberta
2026-06-16 14:35:01,703 - INFO - DEBUG: idx=0, inicio=0, fim=25
2026-06-16 14:35:01,703 - INFO - ✅ 25 OS copiadas para a área de transferência.
2026-06-16 14:35:01,703 - INFO - 📋 Lote 1 copiado.
2026-06-16 14:35:10,026 - INFO - ⌛ Esperando mudança visual...
2026-06-16 14:35:11,045 - INFO - ⌛ Esperando mudança visual...
2026-06-16 14:35:12,060 - INFO - ⌛ Esperando mudança visual...
2026-06-16 14:35:13,073 - INFO - ⌛ Esperando mudança visual...
2026-06-16 14:35:14,092 - INFO - ⌛ Esperando mudança visual...
2026-06-16 14:35:15,106 - INFO - ⌛ Esperando mudança visual...
2026-06-16 14:35:16,123 - INFO - ⌛ Esperando mudança visual...
2026-06-16 14:35:17,138 - INFO - ⌛ Esperando mudança visual...
2026-06-16 14:35:18,153 - INFO - ⌛ Esperando mudança visual...
2026-06-16 14:35:19,170 - INFO - ⌛ Esperando mudança visual...
2026-06-16 14:35:20,183 - INFO - ✅ Tela carregada!
2026-06-16 14:35:24,190 - INFO - 
=== rotina desbloquear_os ===
2026-06-16 14:35:50,668 - INFO - ⌛ Aguardando janela de confirmação de desbloqueio...
2026-06-16 14:36:06,050 - INFO - 🟨 Registros desbloqueados com sucesso
2026-06-16 14:36:10,154 - INFO - 
=== rotina editar_os ===
2026-06-16 14:36:19,566 - INFO - ⌛ Aguardando janela de edição de OS...
2026-06-16 14:36:34,981 - INFO - 🟨 OS programadas detectadas
2026-06-16 14:36:38,109 - INFO - ⌛ Aguardando janela de edição de OS...
2026-06-16 14:36:53,548 - INFO - 🟨 Janela de edição de OS detectada
2026-06-16 14:37:14,935 - INFO - 🟨 Janela de edição de habilidade da turma detectada
2026-06-16 14:38:33,255 - INFO - ⌛ Aguardando detecção do campo de caracteristica 'EQUIPE PRÓPRIA OU EPS' ...
2026-06-16 14:38:52,611 - INFO - 🟨 campo de caracteristica 'EQUIPE PRÓPRIA OU EPS detectado
2026-06-16 14:39:14,381 - INFO - ⌛ Aguardando confirmação 4 - editar OS...
2026-06-16 14:39:29,864 - INFO - ⌛ Aguardando confirmação 4 - editar OS...
2026-06-16 14:39:45,311 - INFO - ⌛ Aguardando confirmação 4 - editar OS...
2026-06-16 14:40:00,746 - INFO - 🟨 Janela de confirmação 4 de edição de OS detectada
2026-06-16 14:40:04,848 - INFO - 
=== rotina programar_os ===
2026-06-16 14:40:31,363 - INFO - ⌛ Aguardando janela de confirmação de programação de OS...
2026-06-16 14:40:56,781 - INFO - 🟨 Janela de confirmação de programação de OS detectada
2026-06-16 14:41:10,101 - INFO - 🟨 Janela de aviso de edição de OS programadas detectada
2026-06-16 14:41:17,311 - INFO - ⌛ aguardando janela de programação de lote de OS...
2026-06-16 14:41:42,905 - INFO - 🟨 Janela de aviso de substituição de lote de OS detectada
2026-06-16 14:42:03,007 - INFO - ⌛ aguardando janela de programação de lote de OS...
2026-06-16 14:42:28,650 - INFO - 🟨 Janela de programação de lote de OS detectada
2026-06-16 14:43:18,192 - INFO - 🟨 Janela de confirmação de programação de lote de OS detectada
2026-06-16 14:43:22,430 - INFO - ⌛ aguardando confirmação final de programação do lote
2026-06-16 14:43:47,966 - INFO - 🟨 programação do lote 1 efetuado com sucesso
2026-06-16 14:43:58,071 - INFO - 
=== Iniciando lote 2/534 [REDES] ===
2026-06-16 14:43:58,071 - INFO - 
=== abrir_janela_selecao ===
2026-06-16 14:44:04,394 - INFO - 
=== rotina abrir_selecao_colar_os ===
2026-06-16 14:44:04,456 - INFO - Janela de seleção aberta
2026-06-16 14:44:08,706 - INFO - DEBUG: idx=1, inicio=25, fim=50
2026-06-16 14:44:08,706 - INFO - ✅ 25 OS copiadas para a área de transferência.
2026-06-16 14:44:08,706 - INFO - 📋 Lote 2 copiado.
2026-06-16 14:44:17,046 - INFO - ⌛ Esperando mudança visual...
2026-06-16 14:44:18,059 - INFO - ⌛ Esperando mudança visual...
2026-06-16 14:44:19,078 - INFO - ⌛ Esperando mudança visual...
2026-06-16 14:44:20,094 - INFO - ⌛ Esperando mudança visual...
2026-06-16 14:44:21,109 - INFO - ⌛ Esperando mudança visual...
2026-06-16 14:44:22,127 - INFO - ⌛ Esperando mudança visual...
2026-06-16 14:44:23,141 - INFO - ⌛ Esperando mudança visual...
2026-06-16 14:44:24,154 - INFO - ⌛ Esperando mudança visual...
2026-06-16 14:44:25,170 - INFO - ⌛ Esperando mudança visual...
2026-06-16 14:44:26,187 - INFO - ⌛ Esperando mudança visual...
2026-06-16 14:44:27,203 - INFO - ⌛ Esperando mudança visual...
2026-06-16 14:44:28,215 - INFO - ⌛ Esperando mudança visual...
2026-06-16 14:44:29,234 - INFO - ✅ Tela carregada!
2026-06-16 14:44:33,236 - INFO - 
=== rotina desbloquear_os ===
2026-06-16 14:44:59,700 - INFO - ⌛ Aguardando janela de confirmação de desbloqueio...
2026-06-16 14:45:15,107 - INFO - ⌛ Aguardando janela de confirmação de desbloqueio...
2026-06-16 14:45:30,520 - INFO - 🟨 Registros desbloqueados com sucesso
2026-06-16 14:45:34,624 - INFO - 
=== rotina editar_os ===
2026-06-16 14:45:44,056 - INFO - ⌛ Aguardando janela de edição de OS...
2026-06-16 14:45:59,555 - INFO - 🟨 OS programadas detectadas
2026-06-16 14:46:02,657 - INFO - ⌛ Aguardando janela de edição de OS...
2026-06-16 14:46:18,104 - INFO - 🟨 Janela de edição de OS detectada
2026-06-16 14:46:39,473 - INFO - 🟨 Janela de edição de habilidade da turma detectada
2026-06-16 14:47:57,791 - INFO - ⌛ Aguardando detecção do campo de caracteristica 'EQUIPE PRÓPRIA OU EPS' ...
2026-06-16 14:48:17,148 - INFO - 🟨 campo de caracteristica 'EQUIPE PRÓPRIA OU EPS detectado
2026-06-16 14:48:38,937 - INFO - ⌛ Aguardando confirmação 4 - editar OS...
2026-06-16 14:48:54,389 - INFO - ⌛ Aguardando confirmação 4 - editar OS...
2026-06-16 14:48:54,546 - INFO - 🟨 Identificado travamento no EQM, reiniciando contador de espera
2026-06-16 14:49:09,900 - INFO - ⌛ Aguardando confirmação 4 - editar OS...
2026-06-16 14:49:25,401 - INFO - 🟨 Janela de confirmação 4 de edição de OS detectada
2026-06-16 14:49:29,503 - INFO - 
=== rotina programar_os ===
2026-06-16 14:49:56,052 - INFO - ⌛ Aguardando janela de confirmação de programação de OS...
2026-06-16 14:50:21,505 - INFO - 🟨 Janela de confirmação de programação de OS detectada
2026-06-16 14:50:34,758 - INFO - 🟨 Janela de aviso de edição de OS programadas detectada
2026-06-16 14:50:41,965 - INFO - ⌛ aguardando janela de programação de lote de OS...
2026-06-16 14:51:07,452 - INFO - 🟨 Janela de aviso de substituição de lote de OS detectada
2026-06-16 14:51:27,562 - INFO - ⌛ aguardando janela de programação de lote de OS...
2026-06-16 14:51:53,102 - INFO - 🟨 Janela de programação de lote de OS detectada
2026-06-16 14:52:42,629 - INFO - 🟨 Janela de confirmação de programação de lote de OS detectada
2026-06-16 14:52:46,883 - INFO - ⌛ aguardando confirmação final de programação do lote
2026-06-16 14:53:12,383 - INFO - 🟨 programação do lote 2 efetuado com sucesso
2026-06-16 14:53:22,494 - INFO - 
=== Iniciando lote 3/534 [REDES] ===
2026-06-16 14:53:22,494 - INFO - 
=== abrir_janela_selecao ===
2026-06-16 14:53:28,801 - INFO - 
=== rotina abrir_selecao_colar_os ===
2026-06-16 14:53:28,853 - INFO - Janela de seleção aberta
2026-06-16 14:53:33,077 - INFO - DEBUG: idx=2, inicio=50, fim=75
2026-06-16 14:53:33,077 - INFO - ✅ 25 OS copiadas para a área de transferência.
2026-06-16 14:53:33,077 - INFO - 📋 Lote 3 copiado.
2026-06-16 14:53:41,402 - INFO - ⌛ Esperando mudança visual...
2026-06-16 14:53:42,416 - INFO - ⌛ Esperando mudança visual...
2026-06-16 14:53:43,430 - INFO - ⌛ Esperando mudança visual...
2026-06-16 14:53:44,446 - INFO - ⌛ Esperando mudança visual...
2026-06-16 14:53:45,461 - INFO - ⌛ Esperando mudança visual...
2026-06-16 14:53:46,477 - INFO - ⌛ Esperando mudança visual...
2026-06-16 14:53:47,494 - INFO - ⌛ Esperando mudança visual...
2026-06-16 14:53:48,508 - INFO - ⌛ Esperando mudança visual...
2026-06-16 14:53:49,527 - INFO - ⌛ Esperando mudança visual...
2026-06-16 14:53:50,543 - INFO - ⌛ Esperando mudança visual...
2026-06-16 14:53:51,555 - INFO - ✅ Tela carregada!
2026-06-16 14:53:55,561 - INFO - 
=== rotina desbloquear_os ===
2026-06-16 14:54:22,047 - INFO - ⌛ Aguardando janela de confirmação de desbloqueio...
2026-06-16 14:54:37,465 - INFO - 🟨 Registros desbloqueados com sucesso
2026-06-16 14:54:41,577 - INFO - 
=== rotina editar_os ===
2026-06-16 14:54:51,010 - INFO - ⌛ Aguardando janela de edição de OS...
2026-06-16 14:55:06,510 - INFO - 🟨 OS programadas detectadas
2026-06-16 14:55:09,614 - INFO - ⌛ Aguardando janela de edição de OS...
2026-06-16 14:55:25,060 - INFO - 🟨 Janela de edição de OS detectada
2026-06-16 14:55:46,424 - INFO - 🟨 Janela de edição de habilidade da turma detectada
2026-06-16 14:57:04,743 - INFO - ⌛ Aguardando detecção do campo de caracteristica 'EQUIPE PRÓPRIA OU EPS' ...
2026-06-16 14:57:24,105 - INFO - 🟨 campo de caracteristica 'EQUIPE PRÓPRIA OU EPS detectado
2026-06-16 14:57:45,903 - INFO - ⌛ Aguardando confirmação 4 - editar OS...
2026-06-16 14:58:01,357 - INFO - ⌛ Aguardando confirmação 4 - editar OS...
2026-06-16 14:58:01,496 - INFO - 🟨 Identificado travamento no EQM, reiniciando contador de espera
2026-06-16 14:58:16,842 - INFO - ⌛ Aguardando confirmação 4 - editar OS...
2026-06-16 14:58:32,354 - INFO - 🟨 Janela de confirmação 4 de edição de OS detectada
2026-06-16 14:58:36,457 - INFO - 
=== rotina programar_os ===
2026-06-16 14:59:03,014 - INFO - ⌛ Aguardando janela de confirmação de programação de OS...
2026-06-16 14:59:28,502 - INFO - 🟨 Janela de confirmação de programação de OS detectada
2026-06-16 14:59:41,808 - INFO - 🟨 Janela de aviso de edição de OS programadas detectada
2026-06-16 14:59:49,041 - INFO - ⌛ aguardando janela de programação de lote de OS...
2026-06-16 15:00:14,538 - INFO - 🟨 Janela de aviso de substituição de lote de OS detectada
2026-06-16 15:00:34,642 - INFO - ⌛ aguardando janela de programação de lote de OS...
2026-06-16 15:01:00,147 - INFO - 🟨 Janela de programação de lote de OS detectada
2026-06-16 15:01:49,697 - INFO - 🟨 Janela de confirmação de programação de lote de OS detectada
2026-06-16 15:01:53,916 - INFO - ⌛ aguardando confirmação final de programação do lote
2026-06-16 15:02:19,430 - INFO - 🟨 programação do lote 3 efetuado com sucesso
2026-06-16 15:02:29,536 - INFO - 
=== Iniciando lote 4/534 [REDES] ===
2026-06-16 15:02:29,536 - INFO - 
=== abrir_janela_selecao ===
2026-06-16 15:02:35,842 - INFO - 
=== rotina abrir_selecao_colar_os ===
2026-06-16 15:02:35,903 - INFO - Janela de seleção aberta
2026-06-16 15:02:40,159 - INFO - DEBUG: idx=3, inicio=75, fim=100
2026-06-16 15:02:40,159 - INFO - ✅ 25 OS copiadas para a área de transferência.
2026-06-16 15:02:40,159 - INFO - 📋 Lote 4 copiado.
2026-06-16 15:02:48,507 - INFO - ⌛ Esperando mudança visual...
2026-06-16 15:02:49,527 - INFO - ⌛ Esperando mudança visual...
2026-06-16 15:02:50,541 - INFO - ⌛ Esperando mudança visual...
2026-06-16 15:02:51,554 - INFO - ⌛ Esperando mudança visual...
2026-06-16 15:02:52,571 - INFO - ⌛ Esperando mudança visual...
2026-06-16 15:02:53,589 - INFO - ⌛ Esperando mudança visual...
2026-06-16 15:02:54,601 - INFO - ⌛ Esperando mudança visual...
2026-06-16 15:02:55,618 - INFO - ⌛ Esperando mudança visual...
2026-06-16 15:02:56,634 - INFO - ⌛ Esperando mudança visual...
2026-06-16 15:02:57,648 - INFO - ⌛ Esperando mudança visual...
2026-06-16 15:02:58,668 - INFO - ⌛ Esperando mudança visual...
2026-06-16 15:02:59,683 - INFO - ✅ Tela carregada!
2026-06-16 15:03:03,684 - INFO - 
=== rotina desbloquear_os ===
2026-06-16 15:03:30,139 - INFO - ⌛ Aguardando janela de confirmação de desbloqueio...
2026-06-16 15:03:45,594 - INFO - 🟨 Registros desbloqueados com sucesso
2026-06-16 15:03:49,697 - INFO - 
=== rotina editar_os ===
2026-06-16 15:03:59,104 - INFO - ⌛ Aguardando janela de edição de OS...
2026-06-16 15:04:14,561 - INFO - 🟨 OS programadas detectadas
2026-06-16 15:04:17,674 - INFO - ⌛ Aguardando janela de edição de OS...
2026-06-16 15:04:33,138 - INFO - 🟨 Janela de edição de OS detectada
2026-06-16 15:04:54,508 - INFO - 🟨 Janela de edição de habilidade da turma detectada
2026-06-16 15:06:12,805 - INFO - ⌛ Aguardando detecção do campo de caracteristica 'EQUIPE PRÓPRIA OU EPS' ...
2026-06-16 15:06:32,176 - INFO - 🟨 campo de caracteristica 'EQUIPE PRÓPRIA OU EPS detectado
2026-06-16 15:06:53,942 - INFO - ⌛ Aguardando confirmação 4 - editar OS...
2026-06-16 15:07:09,372 - INFO - ⌛ Aguardando confirmação 4 - editar OS...
2026-06-16 15:07:09,487 - INFO - 🟨 Identificado travamento no EQM, reiniciando contador de espera
2026-06-16 15:07:24,796 - INFO - ⌛ Aguardando confirmação 4 - editar OS...
2026-06-16 15:07:40,203 - INFO - 🟨 Janela de confirmação 4 de edição de OS detectada
2026-06-16 15:07:44,316 - INFO - 
=== rotina programar_os ===
2026-06-16 15:08:10,845 - INFO - ⌛ Aguardando janela de confirmação de programação de OS...
2026-06-16 15:08:36,270 - INFO - 🟨 Janela de confirmação de programação de OS detectada
2026-06-16 15:08:49,526 - INFO - 🟨 Janela de aviso de edição de OS programadas detectada
2026-06-16 15:08:56,731 - INFO - ⌛ aguardando janela de programação de lote de OS...
2026-06-16 15:09:22,243 - INFO - 🟨 Janela de aviso de substituição de lote de OS detectada
2026-06-16 15:09:42,347 - INFO - ⌛ aguardando janela de programação de lote de OS...
2026-06-16 15:10:07,847 - INFO - 🟨 Janela de programação de lote de OS detectada
2026-06-16 15:10:57,364 - INFO - 🟨 Janela de confirmação de programação de lote de OS detectada
2026-06-16 15:11:01,598 - INFO - ⌛ aguardando confirmação final de programação do lote
2026-06-16 15:11:27,038 - INFO - 🟨 programação do lote 4 efetuado com sucesso
2026-06-16 15:11:37,143 - INFO - 
=== Iniciando lote 5/534 [REDES] ===
2026-06-16 15:11:37,143 - INFO - 
=== abrir_janela_selecao ===
2026-06-16 15:11:43,472 - INFO - 
=== rotina abrir_selecao_colar_os ===
2026-06-16 15:11:43,531 - INFO - Janela de seleção aberta
2026-06-16 15:11:47,759 - INFO - DEBUG: idx=4, inicio=100, fim=125
2026-06-16 15:11:47,759 - INFO - ✅ 25 OS copiadas para a área de transferência.
2026-06-16 15:11:47,760 - INFO - 📋 Lote 5 copiado.
2026-06-16 15:11:56,086 - INFO - ⌛ Esperando mudança visual...
2026-06-16 15:11:57,103 - INFO - ⌛ Esperando mudança visual...
2026-06-16 15:11:58,120 - INFO - ⌛ Esperando mudança visual...
2026-06-16 15:11:59,135 - INFO - ⌛ Esperando mudança visual...
2026-06-16 15:12:00,147 - INFO - ⌛ Esperando mudança visual...
2026-06-16 15:12:01,167 - INFO - ⌛ Esperando mudança visual...
2026-06-16 15:12:02,183 - INFO - ⌛ Esperando mudança visual...
2026-06-16 15:12:03,194 - INFO - ⌛ Esperando mudança visual...
2026-06-16 15:12:04,214 - INFO - ⌛ Esperando mudança visual...
2026-06-16 15:12:05,228 - INFO - ⌛ Esperando mudança visual...
2026-06-16 15:12:06,244 - INFO - ✅ Tela carregada!
2026-06-16 15:12:10,246 - INFO - 
=== rotina desbloquear_os ===
2026-06-16 15:12:36,734 - INFO - ⌛ Aguardando janela de confirmação de desbloqueio...
2026-06-16 15:12:52,147 - INFO - 🟨 Registros desbloqueados com sucesso
2026-06-16 15:12:56,255 - INFO - 
=== rotina editar_os ===
2026-06-16 15:13:05,671 - INFO - ⌛ Aguardando janela de edição de OS...
2026-06-16 15:13:21,116 - INFO - 🟨 OS programadas detectadas
2026-06-16 15:13:24,219 - INFO - ⌛ Aguardando janela de edição de OS...
2026-06-16 15:13:39,654 - INFO - 🟨 Janela de edição de OS detectada
2026-06-16 15:14:01,021 - INFO - 🟨 Janela de edição de habilidade da turma detectada
2026-06-16 15:15:19,341 - INFO - ⌛ Aguardando detecção do campo de caracteristica 'EQUIPE PRÓPRIA OU EPS' ...
2026-06-16 15:15:38,707 - INFO - 🟨 campo de caracteristica 'EQUIPE PRÓPRIA OU EPS detectado
2026-06-16 15:16:00,477 - INFO - ⌛ Aguardando confirmação 4 - editar OS...
2026-06-16 15:16:15,949 - INFO - ⌛ Aguardando confirmação 4 - editar OS...
2026-06-16 15:16:16,063 - INFO - 🟨 Identificado travamento no EQM, reiniciando contador de espera
2026-06-16 15:16:31,439 - INFO - ⌛ Aguardando confirmação 4 - editar OS...
2026-06-16 15:16:46,948 - INFO - 🟨 Janela de confirmação 4 de edição de OS detectada
2026-06-16 15:16:51,063 - INFO - 
=== rotina programar_os ===
2026-06-16 15:17:17,600 - INFO - ⌛ Aguardando janela de confirmação de programação de OS...
2026-06-16 15:17:43,047 - INFO - 🟨 Janela de confirmação de programação de OS detectada
2026-06-16 15:17:56,325 - INFO - 🟨 Janela de aviso de edição de OS programadas detectada
2026-06-16 15:18:03,530 - INFO - ⌛ aguardando janela de programação de lote de OS...
2026-06-16 15:18:29,044 - INFO - 🟨 Janela de aviso de substituição de lote de OS detectada
2026-06-16 15:18:49,148 - INFO - ⌛ aguardando janela de programação de lote de OS...
2026-06-16 15:19:14,666 - INFO - 🟨 Janela de programação de lote de OS detectada
2026-06-16 15:20:04,183 - INFO - 🟨 Janela de confirmação de programação de lote de OS detectada
2026-06-16 15:20:08,406 - INFO - ⌛ aguardando confirmação final de programação do lote
2026-06-16 15:20:33,869 - INFO - 🟨 programação do lote 5 efetuado com sucesso
2026-06-16 15:20:43,973 - INFO - 
=== Iniciando lote 6/534 [REDES] ===
2026-06-16 15:20:43,974 - INFO - 
=== abrir_janela_selecao ===
2026-06-16 15:20:50,280 - INFO - 
=== rotina abrir_selecao_colar_os ===
2026-06-16 15:20:50,327 - INFO - Janela de seleção aberta
2026-06-16 15:20:54,554 - INFO - DEBUG: idx=5, inicio=125, fim=150
2026-06-16 15:20:54,554 - INFO - ✅ 25 OS copiadas para a área de transferência.
2026-06-16 15:20:54,554 - INFO - 📋 Lote 6 copiado.
2026-06-16 15:21:02,883 - INFO - ⌛ Esperando mudança visual...
2026-06-16 15:21:03,900 - INFO - ⌛ Esperando mudança visual...
2026-06-16 15:21:04,914 - INFO - ⌛ Esperando mudança visual...
2026-06-16 15:21:05,929 - INFO - ⌛ Esperando mudança visual...
2026-06-16 15:21:06,942 - INFO - ⌛ Esperando mudança visual...
2026-06-16 15:21:07,960 - INFO - ⌛ Esperando mudança visual...
2026-06-16 15:21:08,975 - INFO - ⌛ Esperando mudança visual...
2026-06-16 15:21:09,991 - INFO - ⌛ Esperando mudança visual...
2026-06-16 15:21:11,005 - INFO - ⌛ Esperando mudança visual...
2026-06-16 15:21:12,024 - INFO - ⌛ Esperando mudança visual...
2026-06-16 15:21:13,039 - INFO - ⌛ Esperando mudança visual...
2026-06-16 15:21:14,052 - INFO - ✅ Tela carregada!
2026-06-16 15:21:18,058 - INFO - 
=== rotina desbloquear_os ===
2026-06-16 15:21:44,531 - INFO - ⌛ Aguardando janela de confirmação de desbloqueio...
2026-06-16 15:21:59,927 - INFO - 🟨 Registros desbloqueados com sucesso
2026-06-16 15:22:04,031 - INFO - 
=== rotina editar_os ===
2026-06-16 15:22:13,441 - INFO - ⌛ Aguardando janela de edição de OS...
2026-06-16 15:22:28,879 - INFO - 🟨 OS programadas detectadas
2026-06-16 15:22:31,981 - INFO - ⌛ Aguardando janela de edição de OS...
2026-06-16 15:22:47,499 - INFO - 🟨 Janela de edição de OS detectada
2026-06-16 15:23:08,864 - INFO - 🟨 Janela de edição de habilidade da turma detectada
2026-06-16 15:24:27,168 - INFO - ⌛ Aguardando detecção do campo de caracteristica 'EQUIPE PRÓPRIA OU EPS' ...
2026-06-16 15:24:46,518 - INFO - 🟨 campo de caracteristica 'EQUIPE PRÓPRIA OU EPS detectado
2026-06-16 15:25:08,304 - INFO - ⌛ Aguardando confirmação 4 - editar OS...
2026-06-16 15:25:23,787 - INFO - ⌛ Aguardando confirmação 4 - editar OS...
2026-06-16 15:25:23,897 - INFO - 🟨 Identificado travamento no EQM, reiniciando contador de espera
2026-06-16 15:25:39,233 - INFO - ⌛ Aguardando confirmação 4 - editar OS...
2026-06-16 15:25:54,686 - INFO - 🟨 Janela de confirmação 4 de edição de OS detectada
2026-06-16 15:25:58,789 - INFO - 
=== rotina programar_os ===
2026-06-16 15:26:25,301 - INFO - ⌛ Aguardando janela de confirmação de programação de OS...
2026-06-16 15:26:50,737 - INFO - 🟨 Janela de confirmação de programação de OS detectada
2026-06-16 15:27:04,016 - INFO - 🟨 Janela de aviso de edição de OS programadas detectada
2026-06-16 15:27:11,222 - INFO - ⌛ aguardando janela de programação de lote de OS...
2026-06-16 15:27:36,715 - INFO - 🟨 Janela de aviso de substituição de lote de OS detectada
2026-06-16 15:27:56,826 - INFO - ⌛ aguardando janela de programação de lote de OS...
2026-06-16 15:28:22,408 - INFO - 🟨 Janela de programação de lote de OS detectada
2026-06-16 15:29:11,925 - INFO - 🟨 Janela de confirmação de programação de lote de OS detectada
2026-06-16 15:29:16,137 - INFO - ⌛ aguardando confirmação final de programação do lote
2026-06-16 15:29:41,578 - INFO - 🟨 programação do lote 6 efetuado com sucesso
2026-06-16 15:29:51,682 - INFO - 
=== Iniciando lote 7/534 [REDES] ===
2026-06-16 15:29:51,683 - INFO - 
=== abrir_janela_selecao ===
2026-06-16 15:29:57,992 - INFO - 
=== rotina abrir_selecao_colar_os ===
2026-06-16 15:29:58,046 - INFO - Janela de seleção aberta
2026-06-16 15:30:02,267 - INFO - DEBUG: idx=6, inicio=150, fim=175
2026-06-16 15:30:02,267 - INFO - ✅ 25 OS copiadas para a área de transferência.
2026-06-16 15:30:02,267 - INFO - 📋 Lote 7 copiado.
2026-06-16 15:30:10,592 - INFO - ⌛ Esperando mudança visual...
2026-06-16 15:30:11,611 - INFO - ⌛ Esperando mudança visual...
2026-06-16 15:30:12,626 - INFO - ⌛ Esperando mudança visual...
2026-06-16 15:30:13,640 - INFO - ⌛ Esperando mudança visual...
2026-06-16 15:30:14,654 - INFO - ⌛ Esperando mudança visual...
2026-06-16 15:30:15,672 - INFO - ⌛ Esperando mudança visual...
2026-06-16 15:30:16,688 - INFO - ⌛ Esperando mudança visual...
2026-06-16 15:30:17,704 - INFO - ⌛ Esperando mudança visual...
2026-06-16 15:30:18,721 - INFO - ⌛ Esperando mudança visual...
2026-06-16 15:30:19,735 - INFO - ⌛ Esperando mudança visual...
2026-06-16 15:30:20,749 - INFO - ✅ Tela carregada!
2026-06-16 15:30:24,755 - INFO - 
=== rotina desbloquear_os ===
2026-06-16 15:30:51,242 - INFO - ⌛ Aguardando janela de confirmação de desbloqueio...
2026-06-16 15:31:06,699 - INFO - 🟨 Registros desbloqueados com sucesso
2026-06-16 15:31:10,803 - INFO - 
=== rotina editar_os ===
2026-06-16 15:31:20,216 - INFO - ⌛ Aguardando janela de edição de OS...
2026-06-16 15:31:35,634 - INFO - 🟨 OS programadas detectadas
2026-06-16 15:31:38,743 - INFO - ⌛ Aguardando janela de edição de OS...
2026-06-16 15:31:54,305 - INFO - 🟨 Janela de edição de OS detectada
2026-06-16 15:32:15,682 - INFO - 🟨 Janela de edição de habilidade da turma detectada
2026-06-16 15:33:33,984 - INFO - ⌛ Aguardando detecção do campo de caracteristica 'EQUIPE PRÓPRIA OU EPS' ...
2026-06-16 15:33:53,328 - INFO - 🟨 campo de caracteristica 'EQUIPE PRÓPRIA OU EPS detectado
2026-06-16 15:34:15,124 - INFO - ⌛ Aguardando confirmação 4 - editar OS...
2026-06-16 15:34:30,558 - INFO - ⌛ Aguardando confirmação 4 - editar OS...
2026-06-16 15:34:46,036 - INFO - ⌛ Aguardando confirmação 4 - editar OS...
2026-06-16 15:35:01,484 - INFO - 🟨 Janela de confirmação 4 de edição de OS detectada
2026-06-16 15:35:05,588 - INFO - 
=== rotina programar_os ===
2026-06-16 15:35:32,138 - INFO - ⌛ Aguardando janela de confirmação de programação de OS...
2026-06-16 15:35:57,574 - INFO - 🟨 Janela de confirmação de programação de OS detectada
2026-06-16 15:36:10,835 - INFO - 🟨 Janela de aviso de edição de OS programadas detectada
2026-06-16 15:36:18,041 - INFO - ⌛ aguardando janela de programação de lote de OS...
2026-06-16 15:36:43,561 - INFO - 🟨 Janela de aviso de substituição de lote de OS detectada
2026-06-16 15:37:03,672 - INFO - ⌛ aguardando janela de programação de lote de OS...
2026-06-16 15:37:29,209 - INFO - 🟨 Janela de programação de lote de OS detectada
2026-06-16 15:38:18,726 - INFO - 🟨 Janela de confirmação de programação de lote de OS detectada
2026-06-16 15:38:22,939 - INFO - ⌛ aguardando confirmação final de programação do lote
2026-06-16 15:38:48,426 - INFO - 🟨 programação do lote 7 efetuado com sucesso
2026-06-16 15:38:58,534 - INFO - 
=== Iniciando lote 8/534 [REDES] ===
2026-06-16 15:38:58,535 - INFO - 
=== abrir_janela_selecao ===
2026-06-16 15:39:04,843 - INFO - 
=== rotina abrir_selecao_colar_os ===
2026-06-16 15:39:04,885 - INFO - Janela de seleção aberta
2026-06-16 15:39:09,130 - INFO - DEBUG: idx=7, inicio=175, fim=200
2026-06-16 15:39:09,130 - INFO - ✅ 25 OS copiadas para a área de transferência.
2026-06-16 15:39:09,130 - INFO - 📋 Lote 8 copiado.
2026-06-16 15:39:17,458 - INFO - ⌛ Esperando mudança visual...
2026-06-16 15:39:18,475 - INFO - ⌛ Esperando mudança visual...
2026-06-16 15:39:19,489 - INFO - ⌛ Esperando mudança visual...
2026-06-16 15:39:20,502 - INFO - ⌛ Esperando mudança visual...
2026-06-16 15:39:21,522 - INFO - ⌛ Esperando mudança visual...
2026-06-16 15:39:22,538 - INFO - ⌛ Esperando mudança visual...
2026-06-16 15:39:23,549 - INFO - ⌛ Esperando mudança visual...
2026-06-16 15:39:24,569 - INFO - ⌛ Esperando mudança visual...
2026-06-16 15:39:25,585 - INFO - ⌛ Esperando mudança visual...
2026-06-16 15:39:26,598 - INFO - ⌛ Esperando mudança visual...
2026-06-16 15:39:27,616 - INFO - ✅ Tela carregada!
2026-06-16 15:39:31,617 - INFO - 
=== rotina desbloquear_os ===
2026-06-16 15:39:58,088 - INFO - ⌛ Aguardando janela de confirmação de desbloqueio...
2026-06-16 15:40:13,479 - INFO - 🟨 Registros desbloqueados com sucesso
2026-06-16 15:40:17,583 - INFO - 
=== rotina editar_os ===
2026-06-16 15:40:26,995 - INFO - ⌛ Aguardando janela de edição de OS...
2026-06-16 15:40:42,431 - INFO - 🟨 OS programadas detectadas
2026-06-16 15:40:45,535 - INFO - ⌛ Aguardando janela de edição de OS...
2026-06-16 15:41:00,977 - INFO - 🟨 Janela de edição de OS detectada
2026-06-16 15:41:22,340 - INFO - 🟨 Janela de edição de habilidade da turma detectada
2026-06-16 15:42:40,672 - INFO - ⌛ Aguardando detecção do campo de caracteristica 'EQUIPE PRÓPRIA OU EPS' ...
2026-06-16 15:43:00,041 - INFO - 🟨 campo de caracteristica 'EQUIPE PRÓPRIA OU EPS detectado
2026-06-16 15:43:21,849 - INFO - ⌛ Aguardando confirmação 4 - editar OS...
2026-06-16 15:43:37,329 - INFO - ⌛ Aguardando confirmação 4 - editar OS...
2026-06-16 15:43:37,450 - INFO - 🟨 Identificado travamento no EQM, reiniciando contador de espera
2026-06-16 15:43:52,799 - INFO - ⌛ Aguardando confirmação 4 - editar OS...
2026-06-16 15:44:08,275 - INFO - 🟨 Janela de confirmação 4 de edição de OS detectada
2026-06-16 15:44:12,387 - INFO - 
=== rotina programar_os ===
2026-06-16 15:44:38,912 - INFO - ⌛ Aguardando janela de confirmação de programação de OS...
2026-06-16 15:45:04,340 - INFO - 🟨 Janela de confirmação de programação de OS detectada
2026-06-16 15:45:17,592 - INFO - 🟨 Janela de aviso de edição de OS programadas detectada
2026-06-16 15:45:24,799 - INFO - ⌛ aguardando janela de programação de lote de OS...
2026-06-16 15:45:50,306 - INFO - 🟨 Janela de aviso de substituição de lote de OS detectada
2026-06-16 15:46:10,412 - INFO - ⌛ aguardando janela de programação de lote de OS...
2026-06-16 15:46:35,893 - INFO - 🟨 Janela de programação de lote de OS detectada
2026-06-16 15:47:25,443 - INFO - 🟨 Janela de confirmação de programação de lote de OS detectada
2026-06-16 15:47:29,712 - INFO - ⌛ aguardando confirmação final de programação do lote
2026-06-16 15:47:55,238 - INFO - 🟨 programação do lote 8 efetuado com sucesso
2026-06-16 15:48:05,344 - INFO - 
=== Iniciando lote 9/534 [REDES] ===
2026-06-16 15:48:05,345 - INFO - 
=== abrir_janela_selecao ===
2026-06-16 15:48:11,654 - INFO - 
=== rotina abrir_selecao_colar_os ===
2026-06-16 15:48:11,692 - INFO - Janela de seleção aberta
2026-06-16 15:48:15,920 - INFO - DEBUG: idx=8, inicio=200, fim=225
2026-06-16 15:48:15,920 - INFO - ✅ 25 OS copiadas para a área de transferência.
2026-06-16 15:48:15,921 - INFO - 📋 Lote 9 copiado.
2026-06-16 15:48:24,244 - INFO - ⌛ Esperando mudança visual...
2026-06-16 15:48:25,264 - INFO - ⌛ Esperando mudança visual...
2026-06-16 15:48:26,280 - INFO - ⌛ Esperando mudança visual...
2026-06-16 15:48:27,292 - INFO - ⌛ Esperando mudança visual...
2026-06-16 15:48:28,312 - INFO - ⌛ Esperando mudança visual...
2026-06-16 15:48:29,327 - INFO - ⌛ Esperando mudança visual...
2026-06-16 15:48:30,339 - INFO - ⌛ Esperando mudança visual...
2026-06-16 15:48:31,358 - INFO - ⌛ Esperando mudança visual...
2026-06-16 15:48:32,372 - INFO - ⌛ Esperando mudança visual...
2026-06-16 15:48:33,386 - INFO - ⌛ Esperando mudança visual...
2026-06-16 15:48:34,406 - INFO - ⌛ Esperando mudança visual...
2026-06-16 15:48:35,418 - INFO - ✅ Tela carregada!
2026-06-16 15:48:39,420 - INFO - 
=== rotina desbloquear_os ===
2026-06-16 15:49:05,907 - INFO - ⌛ Aguardando janela de confirmação de desbloqueio...
2026-06-16 15:49:21,326 - INFO - 🟨 Registros desbloqueados com sucesso
2026-06-16 15:49:25,430 - INFO - 
=== rotina editar_os ===
2026-06-16 15:49:34,851 - INFO - ⌛ Aguardando janela de edição de OS...
2026-06-16 15:49:50,291 - INFO - 🟨 OS programadas detectadas
2026-06-16 15:49:53,397 - INFO - ⌛ Aguardando janela de edição de OS...
2026-06-16 15:50:08,856 - INFO - 🟨 Janela de edição de OS detectada
2026-06-16 15:50:30,208 - INFO - 🟨 Janela de edição de habilidade da turma detectada
2026-06-16 15:51:48,536 - INFO - ⌛ Aguardando detecção do campo de caracteristica 'EQUIPE PRÓPRIA OU EPS' ...
2026-06-16 15:52:07,897 - INFO - 🟨 campo de caracteristica 'EQUIPE PRÓPRIA OU EPS detectado
2026-06-16 15:52:29,720 - INFO - ⌛ Aguardando confirmação 4 - editar OS...
2026-06-16 15:52:45,281 - INFO - ⌛ Aguardando confirmação 4 - editar OS...
2026-06-16 15:52:45,405 - INFO - 🟨 Identificado travamento no EQM, reiniciando contador de espera
2026-06-16 15:53:00,734 - INFO - ⌛ Aguardando confirmação 4 - editar OS...
2026-06-16 15:53:16,181 - INFO - 🟨 Janela de confirmação 4 de edição de OS detectada
2026-06-16 15:53:20,285 - INFO - 
=== rotina programar_os ===
2026-06-16 15:53:46,822 - INFO - ⌛ Aguardando janela de confirmação de programação de OS...
2026-06-16 15:54:12,284 - INFO - 🟨 Janela de confirmação de programação de OS detectada
2026-06-16 15:54:25,580 - INFO - 🟨 Janela de aviso de edição de OS programadas detectada
2026-06-16 15:54:32,784 - INFO - ⌛ aguardando janela de programação de lote de OS...
2026-06-16 15:54:58,283 - INFO - 🟨 Janela de aviso de substituição de lote de OS detectada
2026-06-16 15:55:18,393 - INFO - ⌛ aguardando janela de programação de lote de OS...
2026-06-16 15:55:43,920 - INFO - 🟨 Janela de programação de lote de OS detectada
2026-06-16 15:56:33,541 - INFO - 🟨 Janela de confirmação de programação de lote de OS detectada
2026-06-16 15:56:37,823 - INFO - ⌛ aguardando confirmação final de programação do lote
2026-06-16 15:57:03,370 - INFO - 🟨 programação do lote 9 efetuado com sucesso
2026-06-16 15:57:13,474 - INFO - 
=== Iniciando lote 10/534 [REDES] ===
2026-06-16 15:57:13,476 - INFO - 
=== abrir_janela_selecao ===
2026-06-16 15:57:19,787 - INFO - 
=== rotina abrir_selecao_colar_os ===
2026-06-16 15:57:19,842 - INFO - Janela de seleção aberta
2026-06-16 15:57:24,097 - INFO - DEBUG: idx=9, inicio=225, fim=250
2026-06-16 15:57:24,097 - INFO - ✅ 25 OS copiadas para a área de transferência.
2026-06-16 15:57:24,097 - INFO - 📋 Lote 10 copiado.
2026-06-16 15:57:32,429 - INFO - ⌛ Esperando mudança visual...
2026-06-16 15:57:33,446 - INFO - ⌛ Esperando mudança visual...
2026-06-16 15:57:34,461 - INFO - ⌛ Esperando mudança visual...
2026-06-16 15:57:35,476 - INFO - ⌛ Esperando mudança visual...
2026-06-16 15:57:36,493 - INFO - ⌛ Esperando mudança visual...
2026-06-16 15:57:37,509 - INFO - ⌛ Esperando mudança visual...
2026-06-16 15:57:38,525 - INFO - ⌛ Esperando mudança visual...
2026-06-16 15:57:39,540 - INFO - ⌛ Esperando mudança visual...
2026-06-16 15:57:40,555 - INFO - ⌛ Esperando mudança visual...
2026-06-16 15:57:41,570 - INFO - ⌛ Esperando mudança visual...
2026-06-16 15:57:42,590 - INFO - ⌛ Esperando mudança visual...
2026-06-16 15:57:43,602 - INFO - ⌛ Esperando mudança visual...
2026-06-16 15:57:44,618 - INFO - ✅ Tela carregada!
2026-06-16 15:57:48,619 - INFO - 
=== rotina desbloquear_os ===
2026-06-16 15:58:15,094 - INFO - ⌛ Aguardando janela de confirmação de desbloqueio...
2026-06-16 15:58:30,467 - INFO - 🟨 Registros desbloqueados com sucesso
2026-06-16 15:58:34,570 - INFO - 
=== rotina editar_os ===
2026-06-16 15:58:43,974 - INFO - ⌛ Aguardando janela de edição de OS...
2026-06-16 15:58:59,399 - INFO - 🟨 OS programadas detectadas
2026-06-16 15:59:02,507 - INFO - ⌛ Aguardando janela de edição de OS...
2026-06-16 15:59:18,018 - INFO - 🟨 Janela de edição de OS detectada
2026-06-16 15:59:39,395 - INFO - 🟨 Janela de edição de habilidade da turma detectada
2026-06-16 16:00:57,703 - INFO - ⌛ Aguardando detecção do campo de caracteristica 'EQUIPE PRÓPRIA OU EPS' ...
2026-06-16 16:01:17,082 - INFO - 🟨 campo de caracteristica 'EQUIPE PRÓPRIA OU EPS detectado
2026-06-16 16:01:38,943 - INFO - ⌛ Aguardando confirmação 4 - editar OS...
2026-06-16 16:01:54,537 - INFO - ⌛ Aguardando confirmação 4 - editar OS...
2026-06-16 16:01:54,685 - INFO - 🟨 Identificado travamento no EQM, reiniciando contador de espera
2026-06-16 16:02:10,096 - INFO - ⌛ Aguardando confirmação 4 - editar OS...
2026-06-16 16:02:25,575 - INFO - 🟨 Janela de confirmação 4 de edição de OS detectada
2026-06-16 16:02:29,684 - INFO - 
=== rotina programar_os ===
2026-06-16 16:02:56,241 - INFO - ⌛ Aguardando janela de confirmação de programação de OS...
2026-06-16 16:03:21,688 - INFO - 🟨 Janela de confirmação de programação de OS detectada
2026-06-16 16:03:34,943 - INFO - 🟨 Janela de aviso de edição de OS programadas detectada
2026-06-16 16:03:42,148 - INFO - ⌛ aguardando janela de programação de lote de OS...
2026-06-16 16:04:07,661 - INFO - 🟨 Janela de aviso de substituição de lote de OS detectada
2026-06-16 16:04:27,767 - INFO - ⌛ aguardando janela de programação de lote de OS...
2026-06-16 16:04:53,315 - INFO - 🟨 Janela de programação de lote de OS detectada
2026-06-16 16:05:42,818 - INFO - 🟨 Janela de confirmação de programação de lote de OS detectada
2026-06-16 16:05:47,016 - INFO - ⌛ aguardando confirmação final de programação do lote
2026-06-16 16:06:12,457 - INFO - 🟨 programação do lote 10 efetuado com sucesso
2026-06-16 16:06:22,562 - INFO - 
=== Iniciando lote 11/534 [REDES] ===
2026-06-16 16:06:22,563 - INFO - 
=== abrir_janela_selecao ===
2026-06-16 16:06:28,869 - INFO - 
=== rotina abrir_selecao_colar_os ===
2026-06-16 16:06:28,913 - INFO - Janela de seleção aberta
2026-06-16 16:06:33,143 - INFO - DEBUG: idx=10, inicio=250, fim=275
2026-06-16 16:06:33,143 - INFO - ✅ 25 OS copiadas para a área de transferência.
2026-06-16 16:06:33,143 - INFO - 📋 Lote 11 copiado.
2026-06-16 16:06:41,467 - INFO - ⌛ Esperando mudança visual...
2026-06-16 16:06:42,485 - INFO - ⌛ Esperando mudança visual...
2026-06-16 16:06:43,502 - INFO - ⌛ Esperando mudança visual...
2026-06-16 16:06:44,514 - INFO - ⌛ Esperando mudança visual...
2026-06-16 16:06:45,533 - INFO - ⌛ Esperando mudança visual...
2026-06-16 16:06:46,548 - INFO - ⌛ Esperando mudança visual...
2026-06-16 16:06:47,564 - INFO - ⌛ Esperando mudança visual...
2026-06-16 16:06:48,577 - INFO - ⌛ Esperando mudança visual...
2026-06-16 16:06:49,596 - INFO - ⌛ Esperando mudança visual...
2026-06-16 16:06:50,610 - INFO - ⌛ Esperando mudança visual...
2026-06-16 16:06:51,628 - INFO - ⌛ Esperando mudança visual...
2026-06-16 16:06:52,643 - INFO - ⌛ Esperando mudança visual...
2026-06-16 16:06:53,656 - INFO - ✅ Tela carregada!
2026-06-16 16:06:57,658 - INFO - 
=== rotina desbloquear_os ===
2026-06-16 16:07:24,134 - INFO - ⌛ Aguardando janela de confirmação de desbloqueio...
2026-06-16 16:07:39,572 - INFO - 🟨 Registros desbloqueados com sucesso
2026-06-16 16:07:43,676 - INFO - 
=== rotina editar_os ===
2026-06-16 16:07:53,086 - INFO - ⌛ Aguardando janela de edição de OS...
2026-06-16 16:08:08,532 - INFO - 🟨 OS programadas detectadas
2026-06-16 16:08:11,636 - INFO - ⌛ Aguardando janela de edição de OS...
2026-06-16 16:08:27,090 - INFO - 🟨 Janela de edição de OS detectada
2026-06-16 16:08:48,460 - INFO - 🟨 Janela de edição de habilidade da turma detectada
2026-06-16 16:10:06,754 - INFO - ⌛ Aguardando detecção do campo de caracteristica 'EQUIPE PRÓPRIA OU EPS' ...
2026-06-16 16:10:26,102 - INFO - 🟨 campo de caracteristica 'EQUIPE PRÓPRIA OU EPS detectado
2026-06-16 16:10:47,866 - INFO - ⌛ Aguardando confirmação 4 - editar OS...
2026-06-16 16:11:03,277 - INFO - ⌛ Aguardando confirmação 4 - editar OS...
2026-06-16 16:11:18,705 - INFO - ⌛ Aguardando confirmação 4 - editar OS...
2026-06-16 16:11:34,188 - INFO - 🟨 Janela de confirmação 4 de edição de OS detectada
2026-06-16 16:11:38,290 - INFO - 
=== rotina programar_os ===
2026-06-16 16:12:04,829 - INFO - ⌛ Aguardando janela de confirmação de programação de OS...
2026-06-16 16:12:30,384 - INFO - 🟨 Janela de confirmação de programação de OS detectada
2026-06-16 16:12:43,655 - INFO - 🟨 Janela de aviso de edição de OS programadas detectada
2026-06-16 16:12:50,876 - INFO - ⌛ aguardando janela de programação de lote de OS...
2026-06-16 16:13:16,457 - INFO - 🟨 Janela de aviso de substituição de lote de OS detectada
2026-06-16 16:13:36,561 - INFO - ⌛ aguardando janela de programação de lote de OS...
2026-06-16 16:14:02,088 - INFO - 🟨 Janela de programação de lote de OS detectada
2026-06-16 16:14:51,659 - INFO - 🟨 Janela de confirmação de programação de lote de OS detectada
2026-06-16 16:14:55,862 - INFO - ⌛ aguardando confirmação final de programação do lote
2026-06-16 16:15:21,328 - INFO - 🟨 programação do lote 11 efetuado com sucesso
2026-06-16 16:15:31,456 - INFO - 
=== Iniciando lote 12/534 [REDES] ===
2026-06-16 16:15:31,457 - INFO - 
=== abrir_janela_selecao ===
2026-06-16 16:15:37,766 - INFO - 
=== rotina abrir_selecao_colar_os ===
2026-06-16 16:15:37,820 - INFO - Janela de seleção aberta
2026-06-16 16:15:42,050 - INFO - DEBUG: idx=11, inicio=275, fim=300
2026-06-16 16:15:42,050 - INFO - ✅ 25 OS copiadas para a área de transferência.
2026-06-16 16:15:42,050 - INFO - 📋 Lote 12 copiado.
2026-06-16 16:15:50,376 - INFO - ⌛ Esperando mudança visual...
2026-06-16 16:15:51,394 - INFO - ⌛ Esperando mudança visual...
2026-06-16 16:15:52,409 - INFO - ⌛ Esperando mudança visual...
2026-06-16 16:15:53,422 - INFO - ⌛ Esperando mudança visual...
2026-06-16 16:15:54,440 - INFO - ⌛ Esperando mudança visual...
2026-06-16 16:15:55,457 - INFO - ⌛ Esperando mudança visual...
2026-06-16 16:15:56,469 - INFO - ⌛ Esperando mudança visual...
2026-06-16 16:15:57,487 - INFO - ⌛ Esperando mudança visual...
2026-06-16 16:15:58,502 - INFO - ⌛ Esperando mudança visual...
2026-06-16 16:15:59,517 - INFO - ⌛ Esperando mudança visual...
2026-06-16 16:16:00,533 - INFO - ⌛ Esperando mudança visual...
2026-06-16 16:16:01,550 - INFO - ⌛ Esperando mudança visual...
2026-06-16 16:16:02,565 - INFO - ⌛ Esperando mudança visual...
2026-06-16 16:16:03,581 - INFO - ⌛ Esperando mudança visual...
2026-06-16 16:16:04,598 - INFO - ⌛ Esperando mudança visual...
2026-06-16 16:16:05,611 - INFO - ⌛ Esperando mudança visual...
2026-06-16 16:16:06,628 - INFO - ⌛ Esperando mudança visual...
2026-06-16 16:16:07,643 - INFO - ⌛ Esperando mudança visual...
2026-06-16 16:16:08,660 - INFO - ⌛ Esperando mudança visual...
2026-06-16 16:16:09,674 - INFO - ⌛ Esperando mudança visual...
2026-06-16 16:16:10,692 - INFO - ✅ Tela carregada!
2026-06-16 16:16:14,693 - INFO - 
=== rotina desbloquear_os ===
2026-06-16 16:16:41,180 - INFO - ⌛ Aguardando janela de confirmação de desbloqueio...
2026-06-16 16:16:56,606 - INFO - 🟨 Registros desbloqueados com sucesso
2026-06-16 16:17:00,711 - INFO - 
=== rotina editar_os ===
2026-06-16 16:17:10,117 - INFO - ⌛ Aguardando janela de edição de OS...
2026-06-16 16:17:25,539 - INFO - 🟨 OS programadas detectadas
2026-06-16 16:17:28,643 - INFO - ⌛ Aguardando janela de edição de OS...
2026-06-16 16:17:44,088 - INFO - 🟨 Janela de edição de OS detectada
2026-06-16 16:18:05,448 - INFO - 🟨 Janela de edição de habilidade da turma detectada
2026-06-16 16:19:23,763 - INFO - ⌛ Aguardando detecção do campo de caracteristica 'EQUIPE PRÓPRIA OU EPS' ...
2026-06-16 16:19:43,128 - INFO - 🟨 campo de caracteristica 'EQUIPE PRÓPRIA OU EPS detectado
2026-06-16 16:20:04,925 - INFO - ⌛ Aguardando confirmação 4 - editar OS...
2026-06-16 16:20:20,391 - INFO - ⌛ Aguardando confirmação 4 - editar OS...
2026-06-16 16:20:20,519 - INFO - 🟨 Identificado travamento no EQM, reiniciando contador de espera
2026-06-16 16:20:36,128 - INFO - ⌛ Aguardando confirmação 4 - editar OS...
2026-06-16 16:20:52,433 - INFO - 🟨 Janela de confirmação 4 de edição de OS detectada
2026-06-16 16:20:56,544 - INFO - 
=== rotina programar_os ===
2026-06-16 16:21:23,316 - INFO - ⌛ Aguardando janela de confirmação de programação de OS...
2026-06-16 16:21:49,616 - INFO - 🟨 Janela de confirmação de programação de OS detectada
2026-06-16 16:22:03,375 - INFO - 🟨 Janela de aviso de edição de OS programadas detectada
2026-06-16 16:22:10,593 - INFO - ⌛ aguardando janela de programação de lote de OS...
2026-06-16 16:22:37,180 - INFO - 🟨 Janela de aviso de substituição de lote de OS detectada
2026-06-16 16:22:57,289 - INFO - ⌛ aguardando janela de programação de lote de OS...
2026-06-16 16:23:23,751 - INFO - 🟨 Janela de programação de lote de OS detectada
2026-06-16 16:24:13,698 - INFO - 🟨 Janela de confirmação de programação de lote de OS detectada
2026-06-16 16:24:18,159 - INFO - ⌛ aguardando confirmação final de programação do lote
2026-06-16 16:24:44,383 - INFO - 🟨 programação do lote 12 efetuado com sucesso
2026-06-16 16:24:54,491 - INFO - 
=== Iniciando lote 13/534 [REDES] ===
2026-06-16 16:24:54,491 - INFO - 
=== abrir_janela_selecao ===
2026-06-16 16:25:00,803 - INFO - 
=== rotina abrir_selecao_colar_os ===
2026-06-16 16:25:00,954 - INFO - Janela de seleção aberta
2026-06-16 16:25:05,191 - INFO - DEBUG: idx=12, inicio=300, fim=325
2026-06-16 16:25:05,191 - INFO - ✅ 25 OS copiadas para a área de transferência.
2026-06-16 16:25:05,191 - INFO - 📋 Lote 13 copiado.
2026-06-16 16:25:13,521 - INFO - ⌛ Esperando mudança visual...
2026-06-16 16:25:14,537 - INFO - ⌛ Esperando mudança visual...
2026-06-16 16:25:15,554 - INFO - ⌛ Esperando mudança visual...
2026-06-16 16:25:16,571 - INFO - ⌛ Esperando mudança visual...
2026-06-16 16:25:17,589 - INFO - ⌛ Esperando mudança visual...
2026-06-16 16:25:18,604 - INFO - ⌛ Esperando mudança visual...
2026-06-16 16:25:19,619 - INFO - ⌛ Esperando mudança visual...
2026-06-16 16:25:20,635 - INFO - ⌛ Esperando mudança visual...
2026-06-16 16:25:21,647 - INFO - ⌛ Esperando mudança visual...
2026-06-16 16:25:22,665 - INFO - ⌛ Esperando mudança visual...
2026-06-16 16:25:23,681 - INFO - ⌛ Esperando mudança visual...
2026-06-16 16:25:24,698 - INFO - ⌛ Esperando mudança visual...
2026-06-16 16:25:25,712 - INFO - ⌛ Esperando mudança visual...
2026-06-16 16:25:26,729 - INFO - ⌛ Esperando mudança visual...
2026-06-16 16:25:27,744 - INFO - ⌛ Esperando mudança visual...
2026-06-16 16:25:28,761 - INFO - ⌛ Esperando mudança visual...
2026-06-16 16:25:29,770 - INFO - ⌛ Esperando mudança visual...
2026-06-16 16:25:30,791 - INFO - ⌛ Esperando mudança visual...
2026-06-16 16:25:31,807 - INFO - ⌛ Esperando mudança visual...
2026-06-16 16:25:32,819 - INFO - ⌛ Esperando mudança visual...
2026-06-16 16:25:33,837 - INFO - ⌛ Esperando mudança visual...
2026-06-16 16:25:34,854 - INFO - ⌛ Esperando mudança visual...
2026-06-16 16:25:35,866 - INFO - ⌛ Esperando mudança visual...
2026-06-16 16:25:36,887 - INFO - ⌛ Esperando mudança visual...
2026-06-16 16:25:37,897 - INFO - ✅ Tela carregada!
2026-06-16 16:25:41,903 - INFO - 
=== rotina desbloquear_os ===
2026-06-16 16:26:08,497 - INFO - ⌛ Aguardando janela de confirmação de desbloqueio...
2026-06-16 16:26:24,497 - INFO - ⌛ Aguardando janela de confirmação de desbloqueio...
2026-06-16 16:26:40,459 - INFO - 🟨 Registros desbloqueados com sucesso
2026-06-16 16:26:44,568 - INFO - 
=== rotina editar_os ===
2026-06-16 16:26:54,223 - INFO - ⌛ Aguardando janela de edição de OS...
2026-06-16 16:27:10,465 - INFO - 🟨 OS programadas detectadas
2026-06-16 16:27:13,575 - INFO - ⌛ Aguardando janela de edição de OS...
2026-06-16 16:27:30,091 - INFO - 🟨 Janela de edição de OS detectada
2026-06-16 16:27:51,581 - INFO - 🟨 Janela de edição de habilidade da turma detectada
2026-06-16 16:29:10,055 - INFO - ⌛ Aguardando detecção do campo de caracteristica 'EQUIPE PRÓPRIA OU EPS' ...
2026-06-16 16:29:29,519 - INFO - 🟨 campo de caracteristica 'EQUIPE PRÓPRIA OU EPS detectado
2026-06-16 16:29:51,720 - INFO - ⌛ Aguardando confirmação 4 - editar OS...
2026-06-16 16:30:08,151 - INFO - ⌛ Aguardando confirmação 4 - editar OS...
2026-06-16 16:30:08,549 - INFO - 🟨 Identificado travamento no EQM, reiniciando contador de espera
2026-06-16 16:30:24,358 - INFO - ⌛ Aguardando confirmação 4 - editar OS...
2026-06-16 16:30:40,606 - INFO - 🟨 Janela de confirmação 4 de edição de OS detectada
2026-06-16 16:30:44,714 - INFO - 
=== rotina programar_os ===
2026-06-16 16:31:11,486 - INFO - ⌛ Aguardando janela de confirmação de programação de OS...
2026-06-16 16:31:37,748 - INFO - 🟨 Janela de confirmação de programação de OS detectada
2026-06-16 16:31:51,413 - INFO - 🟨 Janela de aviso de edição de OS programadas detectada
2026-06-16 16:31:58,625 - INFO - ⌛ aguardando janela de programação de lote de OS...
2026-06-16 16:32:25,131 - INFO - 🟨 Janela de aviso de substituição de lote de OS detectada
2026-06-16 16:32:45,235 - INFO - ⌛ aguardando janela de programação de lote de OS...
2026-06-16 16:33:11,819 - INFO - 🟨 Janela de programação de lote de OS detectada
2026-06-16 16:34:01,769 - INFO - 🟨 Janela de confirmação de programação de lote de OS detectada
2026-06-16 16:34:06,276 - INFO - ⌛ aguardando confirmação final de programação do lote
2026-06-16 16:34:32,527 - INFO - 🟨 programação do lote 13 efetuado com sucesso
2026-06-16 16:34:42,634 - INFO - 
=== Iniciando lote 14/534 [REDES] ===
2026-06-16 16:34:42,634 - INFO - 
=== abrir_janela_selecao ===
2026-06-16 16:34:48,947 - INFO - 
=== rotina abrir_selecao_colar_os ===
2026-06-16 16:34:49,114 - INFO - Janela de seleção aberta
2026-06-16 16:34:53,364 - INFO - DEBUG: idx=13, inicio=325, fim=350
2026-06-16 16:34:53,365 - INFO - ✅ 25 OS copiadas para a área de transferência.
2026-06-16 16:34:53,365 - INFO - 📋 Lote 14 copiado.
2026-06-16 16:35:01,694 - INFO - ⌛ Esperando mudança visual...
2026-06-16 16:35:02,715 - INFO - ⌛ Esperando mudança visual...
2026-06-16 16:35:03,727 - INFO - ⌛ Esperando mudança visual...
2026-06-16 16:35:04,744 - INFO - ⌛ Esperando mudança visual...
2026-06-16 16:35:05,760 - INFO - ⌛ Esperando mudança visual...
2026-06-16 16:35:06,774 - INFO - ⌛ Esperando mudança visual...
2026-06-16 16:35:07,790 - INFO - ⌛ Esperando mudança visual...
2026-06-16 16:35:08,807 - INFO - ⌛ Esperando mudança visual...
2026-06-16 16:35:09,826 - INFO - ⌛ Esperando mudança visual...
2026-06-16 16:35:10,838 - INFO - ⌛ Esperando mudança visual...
2026-06-16 16:35:11,853 - INFO - ⌛ Esperando mudança visual...
2026-06-16 16:35:12,866 - INFO - ⌛ Esperando mudança visual...
2026-06-16 16:35:13,885 - INFO - ⌛ Esperando mudança visual...
2026-06-16 16:35:14,901 - INFO - ⌛ Esperando mudança visual...
2026-06-16 16:35:15,912 - INFO - ✅ Tela carregada!
2026-06-16 16:35:19,921 - INFO - 
=== rotina desbloquear_os ===
2026-06-16 16:35:46,515 - INFO - ⌛ Aguardando janela de confirmação de desbloqueio...
2026-06-16 16:36:02,491 - INFO - 🟨 Registros desbloqueados com sucesso
2026-06-16 16:36:06,596 - INFO - 
=== rotina editar_os ===
2026-06-16 16:36:16,220 - INFO - ⌛ Aguardando janela de edição de OS...
2026-06-16 16:36:32,363 - INFO - 🟨 OS programadas detectadas
2026-06-16 16:36:35,468 - INFO - ⌛ Aguardando janela de edição de OS...
2026-06-16 16:36:51,655 - INFO - 🟨 Janela de edição de OS detectada
2026-06-16 16:37:13,114 - INFO - 🟨 Janela de edição de habilidade da turma detectada
2026-06-16 16:38:31,581 - INFO - ⌛ Aguardando detecção do campo de caracteristica 'EQUIPE PRÓPRIA OU EPS' ...
2026-06-16 16:38:51,041 - INFO - 🟨 campo de caracteristica 'EQUIPE PRÓPRIA OU EPS detectado
2026-06-16 16:39:13,138 - INFO - ⌛ Aguardando confirmação 4 - editar OS...
2026-06-16 16:39:29,289 - INFO - ⌛ Aguardando confirmação 4 - editar OS...
2026-06-16 16:39:29,663 - INFO - 🟨 Identificado travamento no EQM, reiniciando contador de espera
2026-06-16 16:39:45,422 - INFO - ⌛ Aguardando confirmação 4 - editar OS...
2026-06-16 16:40:01,586 - INFO - 🟨 Janela de confirmação 4 de edição de OS detectada
2026-06-16 16:40:05,697 - INFO - 
=== rotina programar_os ===
2026-06-16 16:40:32,436 - INFO - ⌛ Aguardando janela de confirmação de programação de OS...
2026-06-16 16:40:58,560 - INFO - 🟨 Janela de confirmação de programação de OS detectada
2026-06-16 16:41:12,155 - INFO - 🟨 Janela de aviso de edição de OS programadas detectada
2026-06-16 16:41:19,363 - INFO - ⌛ aguardando janela de programação de lote de OS...
2026-06-16 16:41:45,734 - INFO - 🟨 Janela de aviso de substituição de lote de OS detectada
2026-06-16 16:42:05,844 - INFO - ⌛ aguardando janela de programação de lote de OS...
2026-06-16 16:42:32,435 - INFO - 🟨 Janela de programação de lote de OS detectada
2026-06-16 16:43:22,328 - INFO - 🟨 Janela de confirmação de programação de lote de OS detectada
2026-06-16 16:43:26,750 - INFO - ⌛ aguardando confirmação final de programação do lote
2026-06-16 16:43:52,876 - INFO - 🟨 programação do lote 14 efetuado com sucesso
2026-06-16 16:44:02,983 - INFO - 
=== Iniciando lote 15/534 [REDES] ===
2026-06-16 16:44:02,983 - INFO - 
=== abrir_janela_selecao ===
2026-06-16 16:44:09,294 - INFO - 
=== rotina abrir_selecao_colar_os ===
2026-06-16 16:44:09,445 - INFO - Janela de seleção aberta
2026-06-16 16:44:13,685 - INFO - DEBUG: idx=14, inicio=350, fim=375
2026-06-16 16:44:13,685 - INFO - ✅ 25 OS copiadas para a área de transferência.
2026-06-16 16:44:13,685 - INFO - 📋 Lote 15 copiado.
2026-06-16 16:44:22,009 - INFO - ⌛ Esperando mudança visual...
2026-06-16 16:44:23,029 - INFO - ⌛ Esperando mudança visual...
2026-06-16 16:44:24,041 - INFO - ⌛ Esperando mudança visual...
2026-06-16 16:44:25,056 - INFO - ⌛ Esperando mudança visual...
2026-06-16 16:44:26,076 - INFO - ⌛ Esperando mudança visual...
2026-06-16 16:44:27,092 - INFO - ⌛ Esperando mudança visual...
2026-06-16 16:44:28,105 - INFO - ⌛ Esperando mudança visual...
2026-06-16 16:44:29,122 - INFO - ⌛ Esperando mudança visual...
2026-06-16 16:44:30,139 - INFO - ⌛ Esperando mudança visual...
2026-06-16 16:44:31,151 - INFO - ⌛ Esperando mudança visual...
2026-06-16 16:44:32,172 - INFO - ⌛ Esperando mudança visual...
2026-06-16 16:44:33,185 - INFO - ⌛ Esperando mudança visual...
2026-06-16 16:44:34,202 - INFO - ⌛ Esperando mudança visual...
2026-06-16 16:44:35,217 - INFO - ⌛ Esperando mudança visual...
2026-06-16 16:44:36,233 - INFO - ⌛ Esperando mudança visual...
2026-06-16 16:44:37,248 - INFO - ⌛ Esperando mudança visual...
2026-06-16 16:44:38,266 - INFO - ⌛ Esperando mudança visual...
2026-06-16 16:44:39,279 - INFO - ⌛ Esperando mudança visual...
2026-06-16 16:44:40,295 - INFO - ⌛ Esperando mudança visual...
2026-06-16 16:44:41,307 - INFO - ⌛ Esperando mudança visual...
2026-06-16 16:44:42,326 - INFO - ✅ Tela carregada!
2026-06-16 16:44:46,329 - INFO - 
=== rotina desbloquear_os ===
2026-06-16 16:45:12,933 - INFO - ⌛ Aguardando janela de confirmação de desbloqueio...
2026-06-16 16:45:28,940 - INFO - 🟨 Registros desbloqueados com sucesso
2026-06-16 16:45:33,045 - INFO - 
=== rotina editar_os ===
2026-06-16 16:45:42,731 - INFO - ⌛ Aguardando janela de edição de OS...
2026-06-16 16:45:59,025 - INFO - 🟨 OS programadas detectadas
2026-06-16 16:46:02,129 - INFO - ⌛ Aguardando janela de edição de OS...
2026-06-16 16:46:18,262 - INFO - 🟨 Janela de edição de OS detectada
2026-06-16 16:46:39,744 - INFO - 🟨 Janela de edição de habilidade da turma detectada
2026-06-16 16:47:58,205 - INFO - ⌛ Aguardando detecção do campo de caracteristica 'EQUIPE PRÓPRIA OU EPS' ...
2026-06-16 16:48:17,689 - INFO - 🟨 campo de caracteristica 'EQUIPE PRÓPRIA OU EPS detectado
2026-06-16 16:48:39,841 - INFO - ⌛ Aguardando confirmação 4 - editar OS...
2026-06-16 16:48:55,976 - INFO - ⌛ Aguardando confirmação 4 - editar OS...
2026-06-16 16:49:12,109 - INFO - ⌛ Aguardando confirmação 4 - editar OS...
2026-06-16 16:49:28,234 - INFO - 🟨 Janela de confirmação 4 de edição de OS detectada
2026-06-16 16:49:32,340 - INFO - 
=== rotina programar_os ===
2026-06-16 16:49:59,111 - INFO - ⌛ Aguardando janela de confirmação de programação de OS...
2026-06-16 16:50:25,326 - INFO - 🟨 Janela de confirmação de programação de OS detectada
2026-06-16 16:50:38,923 - INFO - 🟨 Janela de aviso de edição de OS programadas detectada
2026-06-16 16:50:46,131 - INFO - ⌛ aguardando janela de programação de lote de OS...
2026-06-16 16:51:12,394 - INFO - 🟨 Janela de aviso de substituição de lote de OS detectada
2026-06-16 16:51:32,514 - INFO - ⌛ aguardando janela de programação de lote de OS...
2026-06-16 16:51:59,244 - INFO - 🟨 Janela de programação de lote de OS detectada
2026-06-16 16:52:49,254 - INFO - 🟨 Janela de confirmação de programação de lote de OS detectada
2026-06-16 16:52:53,791 - INFO - ⌛ aguardando confirmação final de programação do lote
2026-06-16 16:53:20,181 - INFO - 🟨 programação do lote 15 efetuado com sucesso
2026-06-16 16:53:30,290 - INFO - 
=== Iniciando lote 16/534 [REDES] ===
2026-06-16 16:53:30,290 - INFO - 
=== abrir_janela_selecao ===
2026-06-16 16:53:36,619 - INFO - 
=== rotina abrir_selecao_colar_os ===
2026-06-16 16:53:36,786 - INFO - Janela de seleção aberta
2026-06-16 16:53:41,037 - INFO - DEBUG: idx=15, inicio=375, fim=400
2026-06-16 16:53:41,037 - INFO - ✅ 25 OS copiadas para a área de transferência.
2026-06-16 16:53:41,037 - INFO - 📋 Lote 16 copiado.
2026-06-16 16:53:49,368 - INFO - ⌛ Esperando mudança visual...
2026-06-16 16:53:50,386 - INFO - ⌛ Esperando mudança visual...
2026-06-16 16:53:51,404 - INFO - ⌛ Esperando mudança visual...
2026-06-16 16:53:52,416 - INFO - ⌛ Esperando mudança visual...
2026-06-16 16:53:53,433 - INFO - ⌛ Esperando mudança visual...
2026-06-16 16:53:54,446 - INFO - ⌛ Esperando mudança visual...
2026-06-16 16:53:55,461 - INFO - ⌛ Esperando mudança visual...
2026-06-16 16:53:56,478 - INFO - ⌛ Esperando mudança visual...
2026-06-16 16:53:57,492 - INFO - ⌛ Esperando mudança visual...
2026-06-16 16:53:58,509 - INFO - ⌛ Esperando mudança visual...
2026-06-16 16:53:59,528 - INFO - ⌛ Esperando mudança visual...
2026-06-16 16:54:00,540 - INFO - ⌛ Esperando mudança visual...
2026-06-16 16:54:01,559 - INFO - ⌛ Esperando mudança visual...
2026-06-16 16:54:02,575 - INFO - ⌛ Esperando mudança visual...
2026-06-16 16:54:03,590 - INFO - ⌛ Esperando mudança visual...
2026-06-16 16:54:04,602 - INFO - ⌛ Esperando mudança visual...
2026-06-16 16:54:05,621 - INFO - ⌛ Esperando mudança visual...
2026-06-16 16:54:06,638 - INFO - ⌛ Esperando mudança visual...
2026-06-16 16:54:07,650 - INFO - ⌛ Esperando mudança visual...
2026-06-16 16:54:08,669 - INFO - ⌛ Esperando mudança visual...
2026-06-16 16:54:09,684 - INFO - ⌛ Esperando mudança visual...
2026-06-16 16:54:10,700 - INFO - ✅ Tela carregada!
2026-06-16 16:54:14,702 - INFO - 
=== rotina desbloquear_os ===
2026-06-16 16:54:41,311 - INFO - ⌛ Aguardando janela de confirmação de desbloqueio...
2026-06-16 16:54:57,386 - INFO - ⌛ Aguardando janela de confirmação de desbloqueio...
2026-06-16 16:55:13,438 - INFO - 🟨 Registros desbloqueados com sucesso
2026-06-16 16:55:17,548 - INFO - 
=== rotina editar_os ===
2026-06-16 16:55:27,224 - INFO - ⌛ Aguardando janela de edição de OS...
2026-06-16 16:55:43,533 - INFO - 🟨 OS programadas detectadas
2026-06-16 16:55:46,637 - INFO - ⌛ Aguardando janela de edição de OS...
2026-06-16 16:56:02,916 - INFO - 🟨 Janela de edição de OS detectada
2026-06-16 16:56:24,405 - INFO - 🟨 Janela de edição de habilidade da turma detectada
2026-06-16 16:57:42,881 - INFO - ⌛ Aguardando detecção do campo de caracteristica 'EQUIPE PRÓPRIA OU EPS' ...
2026-06-16 16:58:02,328 - INFO - 🟨 campo de caracteristica 'EQUIPE PRÓPRIA OU EPS detectado
2026-06-16 16:58:24,457 - INFO - ⌛ Aguardando confirmação 4 - editar OS...
2026-06-16 16:58:40,592 - INFO - ⌛ Aguardando confirmação 4 - editar OS...
2026-06-16 16:58:40,956 - INFO - 🟨 Identificado travamento no EQM, reiniciando contador de espera
2026-06-16 16:58:56,757 - INFO - ⌛ Aguardando confirmação 4 - editar OS...
2026-06-16 16:59:12,887 - INFO - 🟨 Janela de confirmação 4 de edição de OS detectada
2026-06-16 16:59:16,994 - INFO - 
=== rotina programar_os ===
2026-06-16 16:59:43,740 - INFO - ⌛ Aguardando janela de confirmação de programação de OS...
2026-06-16 17:00:09,873 - INFO - 🟨 Janela de confirmação de programação de OS detectada
2026-06-16 17:00:23,511 - INFO - 🟨 Janela de aviso de edição de OS programadas detectada
2026-06-16 17:00:30,718 - INFO - ⌛ aguardando janela de programação de lote de OS...
2026-06-16 17:00:56,979 - INFO - 🟨 Janela de aviso de substituição de lote de OS detectada
2026-06-16 17:01:17,086 - INFO - ⌛ aguardando janela de programação de lote de OS...
2026-06-16 17:01:43,610 - INFO - 🟨 Janela de programação de lote de OS detectada
2026-06-16 17:02:33,688 - INFO - 🟨 Janela de confirmação de programação de lote de OS detectada
2026-06-16 17:02:38,242 - INFO - ⌛ aguardando confirmação final de programação do lote
2026-06-16 17:03:04,629 - INFO - 🟨 programação do lote 16 efetuado com sucesso
2026-06-16 17:03:14,737 - INFO - 
=== Iniciando lote 17/534 [REDES] ===
2026-06-16 17:03:14,737 - INFO - 
=== abrir_janela_selecao ===
2026-06-16 17:03:21,062 - INFO - 
=== rotina abrir_selecao_colar_os ===
2026-06-16 17:03:21,234 - INFO - Janela de seleção aberta
2026-06-16 17:03:25,474 - INFO - DEBUG: idx=16, inicio=400, fim=425
2026-06-16 17:03:25,474 - INFO - ✅ 25 OS copiadas para a área de transferência.
2026-06-16 17:03:25,474 - INFO - 📋 Lote 17 copiado.
2026-06-16 17:03:33,802 - INFO - ⌛ Esperando mudança visual...
2026-06-16 17:03:34,816 - INFO - ⌛ Esperando mudança visual...
2026-06-16 17:03:35,830 - INFO - ⌛ Esperando mudança visual...
2026-06-16 17:03:36,848 - INFO - ⌛ Esperando mudança visual...
2026-06-16 17:03:37,864 - INFO - ⌛ Esperando mudança visual...
2026-06-16 17:03:38,879 - INFO - ⌛ Esperando mudança visual...
2026-06-16 17:03:39,892 - INFO - ⌛ Esperando mudança visual...
2026-06-16 17:03:40,912 - INFO - ⌛ Esperando mudança visual...
2026-06-16 17:03:41,928 - INFO - ⌛ Esperando mudança visual...
2026-06-16 17:03:42,946 - INFO - ⌛ Esperando mudança visual...
2026-06-16 17:03:43,958 - INFO - ⌛ Esperando mudança visual...
2026-06-16 17:03:44,975 - INFO - ⌛ Esperando mudança visual...
2026-06-16 17:03:45,989 - INFO - ⌛ Esperando mudança visual...
2026-06-16 17:03:47,006 - INFO - ⌛ Esperando mudança visual...
2026-06-16 17:03:48,018 - INFO - ⌛ Esperando mudança visual...
2026-06-16 17:03:49,036 - INFO - ✅ Tela carregada!
2026-06-16 17:03:53,039 - INFO - 
=== rotina desbloquear_os ===
2026-06-16 17:04:19,635 - INFO - ⌛ Aguardando janela de confirmação de desbloqueio...
2026-06-16 17:04:35,610 - INFO - 🟨 Registros desbloqueados com sucesso
2026-06-16 17:04:39,717 - INFO - 
=== rotina editar_os ===
2026-06-16 17:04:49,381 - INFO - ⌛ Aguardando janela de edição de OS...
2026-06-16 17:05:05,710 - INFO - 🟨 OS programadas detectadas
2026-06-16 17:05:08,815 - INFO - ⌛ Aguardando janela de edição de OS...
2026-06-16 17:05:25,073 - INFO - 🟨 Janela de edição de OS detectada
2026-06-16 17:05:46,550 - INFO - 🟨 Janela de edição de habilidade da turma detectada
2026-06-16 17:07:05,035 - INFO - ⌛ Aguardando detecção do campo de caracteristica 'EQUIPE PRÓPRIA OU EPS' ...
2026-06-16 17:07:24,540 - INFO - 🟨 campo de caracteristica 'EQUIPE PRÓPRIA OU EPS detectado
2026-06-16 17:07:46,775 - INFO - ⌛ Aguardando confirmação 4 - editar OS...
2026-06-16 17:08:03,127 - INFO - ⌛ Aguardando confirmação 4 - editar OS...
2026-06-16 17:08:03,565 - INFO - 🟨 Identificado travamento no EQM, reiniciando contador de espera
2026-06-16 17:08:19,416 - INFO - ⌛ Aguardando confirmação 4 - editar OS...
2026-06-16 17:08:35,668 - INFO - 🟨 Janela de confirmação 4 de edição de OS detectada
2026-06-16 17:08:39,780 - INFO - 
=== rotina programar_os ===
2026-06-16 17:09:06,606 - INFO - ⌛ Aguardando janela de confirmação de programação de OS...
2026-06-16 17:09:32,860 - INFO - 🟨 Janela de confirmação de programação de OS detectada
2026-06-16 17:09:46,439 - INFO - 🟨 Janela de aviso de edição de OS programadas detectada
2026-06-16 17:09:53,651 - INFO - ⌛ aguardando janela de programação de lote de OS...
2026-06-16 17:10:19,980 - INFO - 🟨 Janela de aviso de substituição de lote de OS detectada
2026-06-16 17:10:40,084 - INFO - ⌛ aguardando janela de programação de lote de OS...
2026-06-16 17:11:06,343 - INFO - 🟨 Janela de programação de lote de OS detectada
2026-06-16 17:11:56,278 - INFO - 🟨 Janela de confirmação de programação de lote de OS detectada
2026-06-16 17:12:00,742 - INFO - ⌛ aguardando confirmação final de programação do lote
2026-06-16 17:12:27,054 - INFO - 🟨 programação do lote 17 efetuado com sucesso
2026-06-16 17:12:37,165 - INFO - 
=== Iniciando lote 18/534 [REDES] ===
2026-06-16 17:12:37,165 - INFO - 
=== abrir_janela_selecao ===
2026-06-16 17:12:43,491 - INFO - 
=== rotina abrir_selecao_colar_os ===
2026-06-16 17:12:43,689 - INFO - Janela de seleção aberta
2026-06-16 17:12:47,954 - INFO - DEBUG: idx=17, inicio=425, fim=450
2026-06-16 17:12:47,954 - INFO - ✅ 25 OS copiadas para a área de transferência.
2026-06-16 17:12:47,954 - INFO - 📋 Lote 18 copiado.
2026-06-16 17:12:56,278 - INFO - ⌛ Esperando mudança visual...
2026-06-16 17:12:57,290 - INFO - ⌛ Esperando mudança visual...
2026-06-16 17:12:58,309 - INFO - ⌛ Esperando mudança visual...
2026-06-16 17:12:59,323 - INFO - ⌛ Esperando mudança visual...
2026-06-16 17:13:00,340 - INFO - ⌛ Esperando mudança visual...
2026-06-16 17:13:01,356 - INFO - ⌛ Esperando mudança visual...
2026-06-16 17:13:02,371 - INFO - ⌛ Esperando mudança visual...
2026-06-16 17:13:03,387 - INFO - ⌛ Esperando mudança visual...
2026-06-16 17:13:04,404 - INFO - ⌛ Esperando mudança visual...
2026-06-16 17:13:05,419 - INFO - ⌛ Esperando mudança visual...
2026-06-16 17:13:06,432 - INFO - ⌛ Esperando mudança visual...
2026-06-16 17:13:07,451 - INFO - ⌛ Esperando mudança visual...
2026-06-16 17:13:08,465 - INFO - ⌛ Esperando mudança visual...
2026-06-16 17:13:09,484 - INFO - ⌛ Esperando mudança visual...
2026-06-16 17:13:10,494 - INFO - ⌛ Esperando mudança visual...
2026-06-16 17:13:11,512 - INFO - ⌛ Esperando mudança visual...
2026-06-16 17:13:12,526 - INFO - ⌛ Esperando mudança visual...
2026-06-16 17:13:13,544 - INFO - ⌛ Esperando mudança visual...
2026-06-16 17:13:14,557 - INFO - ⌛ Esperando mudança visual...
2026-06-16 17:13:15,575 - INFO - ⌛ Esperando mudança visual...
2026-06-16 17:13:16,594 - INFO - ⌛ Esperando mudança visual...
2026-06-16 17:13:17,605 - INFO - ⌛ Esperando mudança visual...
2026-06-16 17:13:18,624 - INFO - ⌛ Esperando mudança visual...
2026-06-16 17:13:19,637 - INFO - ⌛ Esperando mudança visual...
2026-06-16 17:13:20,651 - INFO - ⌛ Esperando mudança visual...
2026-06-16 17:13:21,671 - INFO - ✅ Tela carregada!
2026-06-16 17:13:25,672 - INFO - 
=== rotina desbloquear_os ===
2026-06-16 17:13:52,270 - INFO - ⌛ Aguardando janela de confirmação de desbloqueio...
2026-06-16 17:14:08,268 - INFO - ⌛ Aguardando janela de confirmação de desbloqueio...
2026-06-16 17:14:24,252 - INFO - 🟨 Registros desbloqueados com sucesso
2026-06-16 17:14:28,357 - INFO - 
=== rotina editar_os ===
2026-06-16 17:14:37,975 - INFO - ⌛ Aguardando janela de edição de OS...
2026-06-16 17:14:54,128 - INFO - 🟨 OS programadas detectadas
2026-06-16 17:14:57,232 - INFO - ⌛ Aguardando janela de edição de OS...
2026-06-16 17:15:13,331 - INFO - 🟨 Janela de edição de OS detectada
2026-06-16 17:15:34,807 - INFO - 🟨 Janela de edição de habilidade da turma detectada
2026-06-16 17:16:53,290 - INFO - ⌛ Aguardando detecção do campo de caracteristica 'EQUIPE PRÓPRIA OU EPS' ...
2026-06-16 17:17:12,738 - INFO - 🟨 campo de caracteristica 'EQUIPE PRÓPRIA OU EPS detectado
2026-06-16 17:17:34,881 - INFO - ⌛ Aguardando confirmação 4 - editar OS...
2026-06-16 17:17:51,083 - INFO - ⌛ Aguardando confirmação 4 - editar OS...
2026-06-16 17:17:51,472 - INFO - 🟨 Identificado travamento no EQM, reiniciando contador de espera
2026-06-16 17:18:07,234 - INFO - ⌛ Aguardando confirmação 4 - editar OS...
2026-06-16 17:18:07,614 - INFO - 🟨 Identificado travamento no EQM, reiniciando contador de espera
2026-06-16 17:18:23,351 - INFO - ⌛ Aguardando confirmação 4 - editar OS...
2026-06-16 17:18:39,520 - INFO - 🟨 Janela de confirmação 4 de edição de OS detectada
2026-06-16 17:18:43,624 - INFO - 
=== rotina programar_os ===
2026-06-16 17:19:10,369 - INFO - ⌛ Aguardando janela de confirmação de programação de OS...
2026-06-16 17:19:36,496 - INFO - 🟨 Janela de confirmação de programação de OS detectada
2026-06-16 17:19:50,072 - INFO - 🟨 Janela de aviso de edição de OS programadas detectada
2026-06-16 17:19:57,285 - INFO - ⌛ aguardando janela de programação de lote de OS...
2026-06-16 17:20:23,645 - INFO - 🟨 Janela de aviso de substituição de lote de OS detectada
2026-06-16 17:20:43,752 - INFO - ⌛ aguardando janela de programação de lote de OS...
2026-06-16 17:21:10,073 - INFO - 🟨 Janela de programação de lote de OS detectada
2026-06-16 17:21:59,977 - INFO - 🟨 Janela de confirmação de programação de lote de OS detectada
2026-06-16 17:22:04,417 - INFO - ⌛ aguardando confirmação final de programação do lote
2026-06-16 17:22:30,640 - INFO - 🟨 programação do lote 18 efetuado com sucesso
2026-06-16 17:22:40,749 - INFO - 
=== Iniciando lote 19/534 [REDES] ===
2026-06-16 17:22:40,749 - INFO - 
=== abrir_janela_selecao ===
2026-06-16 17:22:47,076 - INFO - 
=== rotina abrir_selecao_colar_os ===
2026-06-16 17:22:47,268 - INFO - Janela de seleção aberta
2026-06-16 17:22:51,511 - INFO - DEBUG: idx=18, inicio=450, fim=475
2026-06-16 17:22:51,512 - INFO - ✅ 25 OS copiadas para a área de transferência.
2026-06-16 17:22:51,512 - INFO - 📋 Lote 19 copiado.
2026-06-16 17:22:59,847 - INFO - ⌛ Esperando mudança visual...
2026-06-16 17:23:00,861 - INFO - ⌛ Esperando mudança visual...
2026-06-16 17:23:01,879 - INFO - ⌛ Esperando mudança visual...
2026-06-16 17:23:02,897 - INFO - ⌛ Esperando mudança visual...
2026-06-16 17:23:03,908 - INFO - ⌛ Esperando mudança visual...
2026-06-16 17:23:04,924 - INFO - ⌛ Esperando mudança visual...
2026-06-16 17:23:05,942 - INFO - ⌛ Esperando mudança visual...
2026-06-16 17:23:06,959 - INFO - ⌛ Esperando mudança visual...
2026-06-16 17:23:07,974 - INFO - ⌛ Esperando mudança visual...
2026-06-16 17:23:08,991 - INFO - ⌛ Esperando mudança visual...
2026-06-16 17:23:10,005 - INFO - ⌛ Esperando mudança visual...
2026-06-16 17:23:11,021 - INFO - ⌛ Esperando mudança visual...
2026-06-16 17:23:12,036 - INFO - ⌛ Esperando mudança visual...
2026-06-16 17:23:13,053 - INFO - ⌛ Esperando mudança visual...
2026-06-16 17:23:14,068 - INFO - ⌛ Esperando mudança visual...
2026-06-16 17:23:15,083 - INFO - ⌛ Esperando mudança visual...
2026-06-16 17:23:16,099 - INFO - ⌛ Esperando mudança visual...
2026-06-16 17:23:17,115 - INFO - ✅ Tela carregada!
2026-06-16 17:23:21,118 - INFO - 
=== rotina desbloquear_os ===
2026-06-16 17:23:47,712 - INFO - ⌛ Aguardando janela de confirmação de desbloqueio...
2026-06-16 17:24:03,656 - INFO - 🟨 Registros desbloqueados com sucesso
2026-06-16 17:24:07,760 - INFO - 
=== rotina editar_os ===
2026-06-16 17:24:17,415 - INFO - ⌛ Aguardando janela de edição de OS...
2026-06-16 17:24:33,572 - INFO - 🟨 OS programadas detectadas
2026-06-16 17:24:36,678 - INFO - ⌛ Aguardando janela de edição de OS...
2026-06-16 17:24:52,856 - INFO - 🟨 Janela de edição de OS detectada
2026-06-16 17:25:14,318 - INFO - 🟨 Janela de edição de habilidade da turma detectada
2026-06-16 17:26:32,774 - INFO - ⌛ Aguardando detecção do campo de caracteristica 'EQUIPE PRÓPRIA OU EPS' ...
2026-06-16 17:26:52,232 - INFO - 🟨 campo de caracteristica 'EQUIPE PRÓPRIA OU EPS detectado
2026-06-16 17:27:14,337 - INFO - ⌛ Aguardando confirmação 4 - editar OS...
2026-06-16 17:27:30,528 - INFO - ⌛ Aguardando confirmação 4 - editar OS...
2026-06-16 17:27:30,965 - INFO - 🟨 Identificado travamento no EQM, reiniciando contador de espera
2026-06-16 17:27:46,812 - INFO - ⌛ Aguardando confirmação 4 - editar OS...
2026-06-16 17:28:03,107 - INFO - 🟨 Janela de confirmação 4 de edição de OS detectada
2026-06-16 17:28:07,211 - INFO - 
=== rotina programar_os ===
2026-06-16 17:28:33,989 - INFO - ⌛ Aguardando janela de confirmação de programação de OS...
2026-06-16 17:29:00,274 - INFO - 🟨 Janela de confirmação de programação de OS detectada
2026-06-16 17:29:13,922 - INFO - 🟨 Janela de aviso de edição de OS programadas detectada
2026-06-16 17:29:21,143 - INFO - ⌛ aguardando janela de programação de lote de OS...
2026-06-16 17:29:47,461 - INFO - 🟨 Janela de aviso de substituição de lote de OS detectada
2026-06-16 17:30:07,565 - INFO - ⌛ aguardando janela de programação de lote de OS...
2026-06-16 17:30:33,968 - INFO - 🟨 Janela de programação de lote de OS detectada
2026-06-16 17:31:23,836 - INFO - 🟨 Janela de confirmação de programação de lote de OS detectada
2026-06-16 17:31:28,266 - INFO - ⌛ aguardando confirmação final de programação do lote
2026-06-16 17:31:54,468 - INFO - 🟨 programação do lote 19 efetuado com sucesso
2026-06-16 17:32:04,574 - INFO - 
=== Iniciando lote 20/534 [REDES] ===
2026-06-16 17:32:04,574 - INFO - 
=== abrir_janela_selecao ===
2026-06-16 17:32:10,890 - INFO - 
=== rotina abrir_selecao_colar_os ===
2026-06-16 17:32:11,109 - INFO - Janela de seleção aberta
2026-06-16 17:32:15,341 - INFO - DEBUG: idx=19, inicio=475, fim=500
2026-06-16 17:32:15,341 - INFO - ✅ 25 OS copiadas para a área de transferência.
2026-06-16 17:32:15,341 - INFO - 📋 Lote 20 copiado.
2026-06-16 17:32:23,674 - INFO - ⌛ Esperando mudança visual...
2026-06-16 17:32:24,688 - INFO - ⌛ Esperando mudança visual...
2026-06-16 17:32:25,707 - INFO - ⌛ Esperando mudança visual...
2026-06-16 17:32:26,723 - INFO - ⌛ Esperando mudança visual...
2026-06-16 17:32:27,735 - INFO - ⌛ Esperando mudança visual...
2026-06-16 17:32:28,753 - INFO - ⌛ Esperando mudança visual...
2026-06-16 17:32:29,767 - INFO - ⌛ Esperando mudança visual...
2026-06-16 17:32:30,785 - INFO - ⌛ Esperando mudança visual...
2026-06-16 17:32:31,798 - INFO - ⌛ Esperando mudança visual...
2026-06-16 17:32:32,814 - INFO - ⌛ Esperando mudança visual...
2026-06-16 17:32:33,829 - INFO - ⌛ Esperando mudança visual...
2026-06-16 17:32:34,845 - INFO - ⌛ Esperando mudança visual...
2026-06-16 17:32:35,861 - INFO - ⌛ Esperando mudança visual...
2026-06-16 17:32:36,876 - INFO - ⌛ Esperando mudança visual...
2026-06-16 17:32:37,893 - INFO - ⌛ Esperando mudança visual...
2026-06-16 17:32:38,908 - INFO - ⌛ Esperando mudança visual...
2026-06-16 17:32:39,923 - INFO - ⌛ Esperando mudança visual...
2026-06-16 17:32:40,938 - INFO - ⌛ Esperando mudança visual...
2026-06-16 17:32:41,957 - INFO - ⌛ Esperando mudança visual...
2026-06-16 17:32:42,974 - INFO - ✅ Tela carregada!
2026-06-16 17:32:46,976 - INFO - 
=== rotina desbloquear_os ===
2026-06-16 17:33:13,604 - INFO - ⌛ Aguardando janela de confirmação de desbloqueio...
2026-06-16 17:33:29,720 - INFO - 🟨 Registros desbloqueados com sucesso
2026-06-16 17:33:33,826 - INFO - 
=== rotina editar_os ===
2026-06-16 17:33:43,451 - INFO - ⌛ Aguardando janela de edição de OS...
2026-06-16 17:33:59,599 - INFO - 🟨 OS programadas detectadas
2026-06-16 17:34:02,710 - INFO - ⌛ Aguardando janela de edição de OS...
2026-06-16 17:34:18,835 - INFO - 🟨 Janela de edição de OS detectada
2026-06-16 17:34:40,289 - INFO - 🟨 Janela de edição de habilidade da turma detectada
2026-06-16 17:35:58,751 - INFO - ⌛ Aguardando detecção do campo de caracteristica 'EQUIPE PRÓPRIA OU EPS' ...
2026-06-16 17:36:18,208 - INFO - 🟨 campo de caracteristica 'EQUIPE PRÓPRIA OU EPS detectado
2026-06-16 17:36:40,325 - INFO - ⌛ Aguardando confirmação 4 - editar OS...
2026-06-16 17:36:56,554 - INFO - ⌛ Aguardando confirmação 4 - editar OS...
2026-06-16 17:36:56,936 - INFO - 🟨 Identificado travamento no EQM, reiniciando contador de espera
2026-06-16 17:37:12,769 - INFO - ⌛ Aguardando confirmação 4 - editar OS...
2026-06-16 17:37:13,151 - INFO - 🟨 Identificado travamento no EQM, reiniciando contador de espera
2026-06-16 17:37:28,913 - INFO - ⌛ Aguardando confirmação 4 - editar OS...
2026-06-16 17:37:45,086 - INFO - 🟨 Janela de confirmação 4 de edição de OS detectada
2026-06-16 17:37:49,194 - INFO - 
=== rotina programar_os ===
2026-06-16 17:38:15,948 - INFO - ⌛ Aguardando janela de confirmação de programação de OS...
2026-06-16 17:38:42,111 - INFO - 🟨 Janela de confirmação de programação de OS detectada
2026-06-16 17:38:55,722 - INFO - 🟨 Janela de aviso de edição de OS programadas detectada
2026-06-16 17:39:02,932 - INFO - ⌛ aguardando janela de programação de lote de OS...
2026-06-16 17:39:29,403 - INFO - 🟨 Janela de aviso de substituição de lote de OS detectada
2026-06-16 17:39:49,506 - INFO - ⌛ aguardando janela de programação de lote de OS...
2026-06-16 17:40:15,895 - INFO - 🟨 Janela de programação de lote de OS detectada
2026-06-16 17:41:05,825 - INFO - 🟨 Janela de confirmação de programação de lote de OS detectada
2026-06-16 17:41:10,308 - INFO - ⌛ aguardando confirmação final de programação do lote
2026-06-16 17:41:36,631 - INFO - 🟨 programação do lote 20 efetuado com sucesso
2026-06-16 17:41:46,746 - INFO - 
=== Iniciando lote 21/534 [REDES] ===
2026-06-16 17:41:46,746 - INFO - 
=== abrir_janela_selecao ===
2026-06-16 17:41:53,058 - INFO - 
=== rotina abrir_selecao_colar_os ===
2026-06-16 17:41:53,223 - INFO - ⌛ Aguardando janela de seleção...
2026-06-16 17:42:04,397 - INFO - Janela de seleção aberta
2026-06-16 17:42:08,628 - INFO - DEBUG: idx=20, inicio=500, fim=525
2026-06-16 17:42:08,629 - INFO - ✅ 25 OS copiadas para a área de transferência.
2026-06-16 17:42:08,629 - INFO - 📋 Lote 21 copiado.
2026-06-16 17:42:16,959 - INFO - ⌛ Esperando mudança visual...
2026-06-16 17:42:17,974 - INFO - ⌛ Esperando mudança visual...
2026-06-16 17:42:18,989 - INFO - ⌛ Esperando mudança visual...
2026-06-16 17:42:20,005 - INFO - ⌛ Esperando mudança visual...
2026-06-16 17:42:21,021 - INFO - ⌛ Esperando mudança visual...
2026-06-16 17:42:22,038 - INFO - ⌛ Esperando mudança visual...
2026-06-16 17:42:23,052 - INFO - ⌛ Esperando mudança visual...
2026-06-16 17:42:24,069 - INFO - ⌛ Esperando mudança visual...
2026-06-16 17:42:25,091 - INFO - ⌛ Esperando mudança visual...
2026-06-16 17:42:26,099 - INFO - ⌛ Esperando mudança visual...
2026-06-16 17:42:27,115 - INFO - ⌛ Esperando mudança visual...
2026-06-16 17:42:28,130 - INFO - ⌛ Esperando mudança visual...
2026-06-16 17:42:29,145 - INFO - ⌛ Esperando mudança visual...
2026-06-16 17:42:30,162 - INFO - ⌛ Esperando mudança visual...
2026-06-16 17:42:31,178 - INFO - ⌛ Esperando mudança visual...
2026-06-16 17:42:32,190 - INFO - ⌛ Esperando mudança visual...
2026-06-16 17:42:33,206 - INFO - ⌛ Esperando mudança visual...
2026-06-16 17:42:34,222 - INFO - ⌛ Esperando mudança visual...
2026-06-16 17:42:35,236 - INFO - ⌛ Esperando mudança visual...
2026-06-16 17:42:36,253 - INFO - ⌛ Esperando mudança visual...
2026-06-16 17:42:37,268 - INFO - ⌛ Esperando mudança visual...
2026-06-16 17:42:38,283 - INFO - ⌛ Esperando mudança visual...
2026-06-16 17:42:39,301 - INFO - ⌛ Esperando mudança visual...
2026-06-16 17:42:40,315 - INFO - ⌛ Esperando mudança visual...
2026-06-16 17:42:41,335 - INFO - ⌛ Esperando mudança visual...
2026-06-16 17:42:42,347 - INFO - ✅ Tela carregada!
2026-06-16 17:42:46,352 - INFO - 
=== rotina desbloquear_os ===
2026-06-16 17:43:12,967 - INFO - ⌛ Aguardando janela de confirmação de desbloqueio...
2026-06-16 17:43:29,022 - INFO - 🟨 Registros desbloqueados com sucesso
2026-06-16 17:43:33,130 - INFO - 
=== rotina editar_os ===
2026-06-16 17:43:42,825 - INFO - ⌛ Aguardando janela de edição de OS...
2026-06-16 17:43:59,062 - INFO - 🟨 OS programadas detectadas
2026-06-16 17:44:02,173 - INFO - ⌛ Aguardando janela de edição de OS...
2026-06-16 17:44:18,385 - INFO - 🟨 Janela de edição de OS detectada
2026-06-16 17:44:39,870 - INFO - 🟨 Janela de edição de habilidade da turma detectada
2026-06-16 17:45:58,339 - INFO - ⌛ Aguardando detecção do campo de caracteristica 'EQUIPE PRÓPRIA OU EPS' ...
2026-06-16 17:46:17,784 - INFO - 🟨 campo de caracteristica 'EQUIPE PRÓPRIA OU EPS detectado
2026-06-16 17:46:39,913 - INFO - ⌛ Aguardando confirmação 4 - editar OS...
2026-06-16 17:46:56,052 - INFO - ⌛ Aguardando confirmação 4 - editar OS...
2026-06-16 17:46:56,441 - INFO - 🟨 Identificado travamento no EQM, reiniciando contador de espera
2026-06-16 17:47:12,190 - INFO - ⌛ Aguardando confirmação 4 - editar OS...
2026-06-16 17:47:28,350 - INFO - 🟨 Janela de confirmação 4 de edição de OS detectada
2026-06-16 17:47:32,455 - INFO - 
=== rotina programar_os ===
2026-06-16 17:47:59,204 - INFO - ⌛ Aguardando janela de confirmação de programação de OS...
2026-06-16 17:48:25,361 - INFO - 🟨 Janela de confirmação de programação de OS detectada
2026-06-16 17:48:38,940 - INFO - 🟨 Janela de aviso de edição de OS programadas detectada
2026-06-16 17:48:46,147 - INFO - ⌛ aguardando janela de programação de lote de OS...
2026-06-16 17:49:12,387 - INFO - 🟨 Janela de aviso de substituição de lote de OS detectada
2026-06-16 17:49:32,496 - INFO - ⌛ aguardando janela de programação de lote de OS...
2026-06-16 17:49:58,917 - INFO - 🟨 Janela de programação de lote de OS detectada
2026-06-16 17:50:48,801 - INFO - 🟨 Janela de confirmação de programação de lote de OS detectada
2026-06-16 17:50:53,259 - INFO - ⌛ aguardando confirmação final de programação do lote
2026-06-16 17:51:19,346 - INFO - 🟨 programação do lote 21 efetuado com sucesso
2026-06-16 17:51:29,457 - INFO - 
=== Iniciando lote 22/534 [REDES] ===
2026-06-16 17:51:29,458 - INFO - 
=== abrir_janela_selecao ===
2026-06-16 17:51:35,773 - INFO - 
=== rotina abrir_selecao_colar_os ===
2026-06-16 17:51:35,941 - INFO - Janela de seleção aberta
2026-06-16 17:51:40,191 - INFO - DEBUG: idx=21, inicio=525, fim=550
2026-06-16 17:51:40,191 - INFO - ✅ 25 OS copiadas para a área de transferência.
2026-06-16 17:51:40,191 - INFO - 📋 Lote 22 copiado.
2026-06-16 17:51:48,528 - INFO - ⌛ Esperando mudança visual...
2026-06-16 17:51:49,542 - INFO - ⌛ Esperando mudança visual...
2026-06-16 17:51:50,557 - INFO - ⌛ Esperando mudança visual...
2026-06-16 17:51:51,577 - INFO - ⌛ Esperando mudança visual...
2026-06-16 17:51:52,591 - INFO - ⌛ Esperando mudança visual...
2026-06-16 17:51:53,607 - INFO - ⌛ Esperando mudança visual...
2026-06-16 17:51:54,619 - INFO - ⌛ Esperando mudança visual...
2026-06-16 17:51:55,639 - INFO - ⌛ Esperando mudança visual...
2026-06-16 17:51:56,654 - INFO - ⌛ Esperando mudança visual...
2026-06-16 17:51:57,670 - INFO - ⌛ Esperando mudança visual...
2026-06-16 17:51:58,682 - INFO - ⌛ Esperando mudança visual...
2026-06-16 17:51:59,700 - INFO - ⌛ Esperando mudança visual...
2026-06-16 17:52:00,717 - INFO - ⌛ Esperando mudança visual...
2026-06-16 17:52:01,734 - INFO - ⌛ Esperando mudança visual...
2026-06-16 17:52:02,749 - INFO - ✅ Tela carregada!
2026-06-16 17:52:06,751 - INFO - 
=== rotina desbloquear_os ===
2026-06-16 17:52:33,403 - INFO - ⌛ Aguardando janela de confirmação de desbloqueio...
2026-06-16 17:52:49,681 - INFO - 🟨 Registros desbloqueados com sucesso
2026-06-16 17:52:53,788 - INFO - 
=== rotina editar_os ===
2026-06-16 17:53:03,457 - INFO - ⌛ Aguardando janela de edição de OS...
2026-06-16 17:53:19,669 - INFO - 🟨 OS programadas detectadas
2026-06-16 17:53:22,779 - INFO - ⌛ Aguardando janela de edição de OS...
2026-06-16 17:53:39,135 - INFO - 🟨 Janela de edição de OS detectada
2026-06-16 17:54:00,629 - INFO - 🟨 Janela de edição de habilidade da turma detectada
2026-06-16 17:55:19,104 - INFO - ⌛ Aguardando detecção do campo de caracteristica 'EQUIPE PRÓPRIA OU EPS' ...
2026-06-16 17:55:38,600 - INFO - 🟨 campo de caracteristica 'EQUIPE PRÓPRIA OU EPS detectado
2026-06-16 17:56:00,727 - INFO - ⌛ Aguardando confirmação 4 - editar OS...
2026-06-16 17:56:16,849 - INFO - ⌛ Aguardando confirmação 4 - editar OS...
2026-06-16 17:56:33,031 - INFO - ⌛ Aguardando confirmação 4 - editar OS...
2026-06-16 17:56:49,216 - INFO - 🟨 Janela de confirmação 4 de edição de OS detectada
2026-06-16 17:56:53,325 - INFO - 
=== rotina programar_os ===
2026-06-16 17:57:20,069 - INFO - ⌛ Aguardando janela de confirmação de programação de OS...
2026-06-16 17:57:46,192 - INFO - 🟨 Janela de confirmação de programação de OS detectada
2026-06-16 17:57:59,773 - INFO - 🟨 Janela de aviso de edição de OS programadas detectada
2026-06-16 17:58:06,995 - INFO - ⌛ aguardando janela de programação de lote de OS...
2026-06-16 17:58:33,464 - INFO - 🟨 Janela de aviso de substituição de lote de OS detectada
2026-06-16 17:58:53,569 - INFO - ⌛ aguardando janela de programação de lote de OS...
2026-06-16 17:59:19,913 - INFO - 🟨 Janela de programação de lote de OS detectada
2026-06-16 18:00:09,782 - INFO - 🟨 Janela de confirmação de programação de lote de OS detectada
2026-06-16 18:00:14,251 - INFO - ⌛ aguardando confirmação final de programação do lote
2026-06-16 18:00:40,369 - INFO - 🟨 programação do lote 22 efetuado com sucesso
2026-06-16 18:00:50,476 - INFO - 
=== Iniciando lote 23/534 [REDES] ===
2026-06-16 18:00:50,477 - INFO - 
=== abrir_janela_selecao ===
2026-06-16 18:00:56,789 - INFO - 
=== rotina abrir_selecao_colar_os ===
2026-06-16 18:00:56,943 - INFO - Janela de seleção aberta
2026-06-16 18:01:01,166 - INFO - DEBUG: idx=22, inicio=550, fim=575
2026-06-16 18:01:01,166 - INFO - ✅ 25 OS copiadas para a área de transferência.
2026-06-16 18:01:01,166 - INFO - 📋 Lote 23 copiado.
2026-06-16 18:01:09,511 - INFO - ⌛ Esperando mudança visual...
2026-06-16 18:01:10,523 - INFO - ⌛ Esperando mudança visual...
2026-06-16 18:01:11,539 - INFO - ⌛ Esperando mudança visual...
2026-06-16 18:01:12,553 - INFO - ⌛ Esperando mudança visual...
2026-06-16 18:01:13,572 - INFO - ⌛ Esperando mudança visual...
2026-06-16 18:01:14,589 - INFO - ⌛ Esperando mudança visual...
2026-06-16 18:01:15,605 - INFO - ⌛ Esperando mudança visual...
2026-06-16 18:01:16,620 - INFO - ⌛ Esperando mudança visual...
2026-06-16 18:01:17,636 - INFO - ⌛ Esperando mudança visual...
2026-06-16 18:01:18,652 - INFO - ⌛ Esperando mudança visual...
2026-06-16 18:01:19,667 - INFO - ⌛ Esperando mudança visual...
2026-06-16 18:01:20,682 - INFO - ✅ Tela carregada!
2026-06-16 18:01:24,685 - INFO - 
=== rotina desbloquear_os ===
2026-06-16 18:01:51,316 - INFO - ⌛ Aguardando janela de confirmação de desbloqueio...
2026-06-16 18:02:07,486 - INFO - 🟨 Registros desbloqueados com sucesso
2026-06-16 18:02:11,600 - INFO - 
=== rotina editar_os ===
2026-06-16 18:02:21,293 - INFO - ⌛ Aguardando janela de edição de OS...
2026-06-16 18:02:37,602 - INFO - 🟨 Janela de edição de OS detectada
2026-06-16 18:02:59,114 - INFO - 🟨 Janela de edição de habilidade da turma detectada
2026-06-16 18:04:17,598 - INFO - ⌛ Aguardando detecção do campo de caracteristica 'EQUIPE PRÓPRIA OU EPS' ...
2026-06-16 18:04:37,094 - INFO - 🟨 campo de caracteristica 'EQUIPE PRÓPRIA OU EPS detectado
2026-06-16 18:04:59,297 - INFO - ⌛ Aguardando confirmação 4 - editar OS...
2026-06-16 18:05:15,689 - INFO - ⌛ Aguardando confirmação 4 - editar OS...
2026-06-16 18:05:16,122 - INFO - 🟨 Identificado travamento no EQM, reiniciando contador de espera
2026-06-16 18:05:32,051 - INFO - ⌛ Aguardando confirmação 4 - editar OS...
2026-06-16 18:05:48,472 - INFO - ⌛ Aguardando confirmação 4 - editar OS...
2026-06-16 18:06:04,794 - INFO - 🟨 Janela de confirmação 4 de edição de OS detectada
2026-06-16 18:06:08,897 - INFO - 
=== rotina programar_os ===
2026-06-16 18:06:35,630 - INFO - ⌛ Aguardando janela de confirmação de programação de OS...
2026-06-16 18:07:01,918 - INFO - 🟨 Janela de confirmação de programação de OS detectada
2026-06-16 18:07:15,508 - INFO - ⌛ aguardando janela de programação de lote de OS...
2026-06-16 18:07:41,854 - INFO - 🟨 Janela de programação de lote de OS detectada
2026-06-16 18:08:31,763 - INFO - 🟨 Janela de confirmação de programação de lote de OS detectada
2026-06-16 18:08:36,251 - INFO - ⌛ aguardando confirmação final de programação do lote
2026-06-16 18:09:02,512 - INFO - 🟨 programação do lote 23 efetuado com sucesso
2026-06-16 18:09:12,636 - INFO - 
=== Iniciando lote 24/534 [REDES] ===
2026-06-16 18:09:12,636 - INFO - 
=== abrir_janela_selecao ===
2026-06-16 18:09:18,947 - INFO - 
=== rotina abrir_selecao_colar_os ===
2026-06-16 18:09:19,116 - INFO - Janela de seleção aberta
2026-06-16 18:09:23,358 - INFO - DEBUG: idx=23, inicio=575, fim=600
2026-06-16 18:09:23,358 - INFO - ✅ 25 OS copiadas para a área de transferência.
2026-06-16 18:09:23,359 - INFO - 📋 Lote 24 copiado.
2026-06-16 18:09:31,691 - INFO - ⌛ Esperando mudança visual...
2026-06-16 18:09:32,706 - INFO - ⌛ Esperando mudança visual...
2026-06-16 18:09:33,720 - INFO - ⌛ Esperando mudança visual...
2026-06-16 18:09:34,734 - INFO - ⌛ Esperando mudança visual...
2026-06-16 18:09:35,753 - INFO - ⌛ Esperando mudança visual...
2026-06-16 18:09:36,764 - INFO - ⌛ Esperando mudança visual...
2026-06-16 18:09:37,784 - INFO - ⌛ Esperando mudança visual...
2026-06-16 18:09:38,800 - INFO - ⌛ Esperando mudança visual...
2026-06-16 18:09:39,818 - INFO - ⌛ Esperando mudança visual...
2026-06-16 18:09:40,830 - INFO - ⌛ Esperando mudança visual...
2026-06-16 18:09:41,848 - INFO - ✅ Tela carregada!
2026-06-16 18:09:45,849 - INFO - 
=== rotina desbloquear_os ===
2026-06-16 18:10:12,462 - INFO - ⌛ Aguardando janela de confirmação de desbloqueio...
2026-06-16 18:10:28,504 - INFO - 🟨 Registros desbloqueados com sucesso
2026-06-16 18:10:32,610 - INFO - 
=== rotina editar_os ===
2026-06-16 18:10:42,231 - INFO - ⌛ Aguardando janela de edição de OS...
2026-06-16 18:10:58,339 - INFO - 🟨 OS programadas detectadas
2026-06-16 18:11:01,443 - INFO - ⌛ Aguardando janela de edição de OS...
2026-06-16 18:11:17,590 - INFO - 🟨 Janela de edição de OS detectada
2026-06-16 18:11:39,076 - INFO - 🟨 Janela de edição de habilidade da turma detectada
2026-06-16 18:12:57,550 - INFO - ⌛ Aguardando detecção do campo de caracteristica 'EQUIPE PRÓPRIA OU EPS' ...
2026-06-16 18:13:17,011 - INFO - 🟨 campo de caracteristica 'EQUIPE PRÓPRIA OU EPS detectado
2026-06-16 18:13:39,177 - INFO - ⌛ Aguardando confirmação 4 - editar OS...
2026-06-16 18:13:55,383 - INFO - ⌛ Aguardando confirmação 4 - editar OS...
2026-06-16 18:13:55,751 - INFO - 🟨 Identificado travamento no EQM, reiniciando contador de espera
2026-06-16 18:14:11,474 - INFO - ⌛ Aguardando confirmação 4 - editar OS...
2026-06-16 18:14:27,629 - INFO - 🟨 Janela de confirmação 4 de edição de OS detectada
2026-06-16 18:14:31,732 - INFO - 
=== rotina programar_os ===
2026-06-16 18:14:58,527 - INFO - ⌛ Aguardando janela de confirmação de programação de OS...
2026-06-16 18:15:24,780 - INFO - 🟨 Janela de confirmação de programação de OS detectada
2026-06-16 18:15:38,474 - INFO - 🟨 Janela de aviso de edição de OS programadas detectada
2026-06-16 18:15:45,688 - INFO - ⌛ aguardando janela de programação de lote de OS...
2026-06-16 18:16:12,084 - INFO - 🟨 Janela de aviso de substituição de lote de OS detectada
2026-06-16 18:16:32,189 - INFO - ⌛ aguardando janela de programação de lote de OS...
2026-06-16 18:16:58,527 - INFO - 🟨 Janela de programação de lote de OS detectada
2026-06-16 18:17:48,407 - INFO - 🟨 Janela de confirmação de programação de lote de OS detectada
2026-06-16 18:17:52,894 - INFO - ⌛ aguardando confirmação final de programação do lote
2026-06-16 18:18:19,048 - INFO - 🟨 programação do lote 24 efetuado com sucesso
2026-06-16 18:18:29,156 - INFO - 
=== Iniciando lote 25/534 [REDES] ===
2026-06-16 18:18:29,156 - INFO - 
=== abrir_janela_selecao ===
2026-06-16 18:18:35,491 - INFO - 
=== rotina abrir_selecao_colar_os ===
2026-06-16 18:18:35,710 - INFO - Janela de seleção aberta
2026-06-16 18:18:39,967 - INFO - DEBUG: idx=24, inicio=600, fim=625
2026-06-16 18:18:39,967 - INFO - ✅ 25 OS copiadas para a área de transferência.
2026-06-16 18:18:39,967 - INFO - 📋 Lote 25 copiado.
2026-06-16 18:18:48,297 - INFO - ⌛ Esperando mudança visual...
2026-06-16 18:18:49,317 - INFO - ⌛ Esperando mudança visual...
2026-06-16 18:18:50,333 - INFO - ⌛ Esperando mudança visual...
2026-06-16 18:18:51,349 - INFO - ⌛ Esperando mudança visual...
2026-06-16 18:18:52,362 - INFO - ⌛ Esperando mudança visual...
2026-06-16 18:18:53,380 - INFO - ⌛ Esperando mudança visual...
2026-06-16 18:18:54,392 - INFO - ⌛ Esperando mudança visual...
2026-06-16 18:18:55,409 - INFO - ⌛ Esperando mudança visual...
2026-06-16 18:18:56,426 - INFO - ⌛ Esperando mudança visual...
2026-06-16 18:18:57,439 - INFO - ⌛ Esperando mudança visual...
2026-06-16 18:18:58,457 - INFO - ⌛ Esperando mudança visual...
2026-06-16 18:18:59,472 - INFO - ✅ Tela carregada!
2026-06-16 18:19:03,475 - INFO - 
=== rotina desbloquear_os ===
2026-06-16 18:19:30,094 - INFO - ⌛ Aguardando janela de confirmação de desbloqueio...
2026-06-16 18:19:46,146 - INFO - 🟨 Registros desbloqueados com sucesso
2026-06-16 18:19:50,252 - INFO - 
=== rotina editar_os ===
2026-06-16 18:19:59,876 - INFO - ⌛ Aguardando janela de edição de OS...
2026-06-16 18:20:16,010 - INFO - 🟨 OS programadas detectadas
2026-06-16 18:20:19,129 - INFO - ⌛ Aguardando janela de edição de OS...
2026-06-16 18:20:35,213 - INFO - 🟨 Janela de edição de OS detectada
2026-06-16 18:20:56,679 - INFO - 🟨 Janela de edição de habilidade da turma detectada
2026-06-16 18:22:15,158 - INFO - ⌛ Aguardando detecção do campo de caracteristica 'EQUIPE PRÓPRIA OU EPS' ...
2026-06-16 18:22:34,665 - INFO - 🟨 campo de caracteristica 'EQUIPE PRÓPRIA OU EPS detectado
2026-06-16 18:22:56,867 - INFO - ⌛ Aguardando confirmação 4 - editar OS...
2026-06-16 18:23:13,235 - INFO - ⌛ Aguardando confirmação 4 - editar OS...
2026-06-16 18:23:29,487 - INFO - ⌛ Aguardando confirmação 4 - editar OS...
2026-06-16 18:23:45,768 - INFO - 🟨 Janela de confirmação 4 de edição de OS detectada
2026-06-16 18:23:49,872 - INFO - 
=== rotina programar_os ===
2026-06-16 18:24:16,623 - INFO - ⌛ Aguardando janela de confirmação de programação de OS...
2026-06-16 18:24:42,765 - INFO - 🟨 Janela de confirmação de programação de OS detectada
2026-06-16 18:24:56,343 - INFO - 🟨 Janela de aviso de edição de OS programadas detectada
2026-06-16 18:25:03,554 - INFO - ⌛ aguardando janela de programação de lote de OS...
2026-06-16 18:25:29,798 - INFO - 🟨 Janela de aviso de substituição de lote de OS detectada
2026-06-16 18:25:49,913 - INFO - ⌛ aguardando janela de programação de lote de OS...
2026-06-16 18:26:16,202 - INFO - 🟨 Janela de programação de lote de OS detectada
2026-06-16 18:27:06,088 - INFO - 🟨 Janela de confirmação de programação de lote de OS detectada
2026-06-16 18:27:10,517 - INFO - ⌛ aguardando confirmação final de programação do lote
2026-06-16 18:27:36,629 - INFO - 🟨 programação do lote 25 efetuado com sucesso
2026-06-16 18:27:46,738 - INFO - 
=== Iniciando lote 26/534 [REDES] ===
2026-06-16 18:27:46,738 - INFO - 
=== abrir_janela_selecao ===
2026-06-16 18:27:53,056 - INFO - 
=== rotina abrir_selecao_colar_os ===
2026-06-16 18:27:53,223 - INFO - Janela de seleção aberta
2026-06-16 18:27:57,471 - INFO - DEBUG: idx=25, inicio=625, fim=650
2026-06-16 18:27:57,471 - INFO - ✅ 25 OS copiadas para a área de transferência.
2026-06-16 18:27:57,471 - INFO - 📋 Lote 26 copiado.
2026-06-16 18:28:05,798 - INFO - ⌛ Esperando mudança visual...
2026-06-16 18:28:06,813 - INFO - ⌛ Esperando mudança visual...
2026-06-16 18:28:07,828 - INFO - ⌛ Esperando mudança visual...
2026-06-16 18:28:08,840 - INFO - ⌛ Esperando mudança visual...
2026-06-16 18:28:09,860 - INFO - ⌛ Esperando mudança visual...
2026-06-16 18:28:10,873 - INFO - ⌛ Esperando mudança visual...
2026-06-16 18:28:11,890 - INFO - ⌛ Esperando mudança visual...
2026-06-16 18:28:12,903 - INFO - ⌛ Esperando mudança visual...
2026-06-16 18:28:13,922 - INFO - ⌛ Esperando mudança visual...
2026-06-16 18:28:14,937 - INFO - ⌛ Esperando mudança visual...
2026-06-16 18:28:15,950 - INFO - ✅ Tela carregada!
2026-06-16 18:28:19,956 - INFO - 
=== rotina desbloquear_os ===
2026-06-16 18:28:46,544 - INFO - ⌛ Aguardando janela de confirmação de desbloqueio...
2026-06-16 18:29:02,504 - INFO - 🟨 Registros desbloqueados com sucesso
2026-06-16 18:29:06,610 - INFO - 
=== rotina editar_os ===
2026-06-16 18:29:16,269 - INFO - ⌛ Aguardando janela de edição de OS...
2026-06-16 18:29:32,432 - INFO - 🟨 OS programadas detectadas
2026-06-16 18:29:35,541 - INFO - ⌛ Aguardando janela de edição de OS...
2026-06-16 18:29:51,841 - INFO - 🟨 Janela de edição de OS detectada
2026-06-16 18:30:13,306 - INFO - 🟨 Janela de edição de habilidade da turma detectada
2026-06-16 18:31:31,777 - INFO - ⌛ Aguardando detecção do campo de caracteristica 'EQUIPE PRÓPRIA OU EPS' ...
2026-06-16 18:31:51,271 - INFO - 🟨 campo de caracteristica 'EQUIPE PRÓPRIA OU EPS detectado
2026-06-16 18:32:13,473 - INFO - ⌛ Aguardando confirmação 4 - editar OS...
2026-06-16 18:32:29,725 - INFO - ⌛ Aguardando confirmação 4 - editar OS...
2026-06-16 18:32:30,148 - INFO - 🟨 Identificado travamento no EQM, reiniciando contador de espera
2026-06-16 18:32:45,957 - INFO - ⌛ Aguardando confirmação 4 - editar OS...
2026-06-16 18:33:02,118 - INFO - 🟨 Janela de confirmação 4 de edição de OS detectada
2026-06-16 18:33:06,227 - INFO - 
=== rotina programar_os ===
2026-06-16 18:33:32,970 - INFO - ⌛ Aguardando janela de confirmação de programação de OS...
2026-06-16 18:33:59,093 - INFO - 🟨 Janela de confirmação de programação de OS detectada
2026-06-16 18:34:12,768 - INFO - 🟨 Janela de aviso de edição de OS programadas detectada
2026-06-16 18:34:19,978 - INFO - ⌛ aguardando janela de programação de lote de OS...
2026-06-16 18:34:46,307 - INFO - 🟨 Janela de aviso de substituição de lote de OS detectada
2026-06-16 18:35:06,415 - INFO - ⌛ aguardando janela de programação de lote de OS...
2026-06-16 18:35:32,675 - INFO - 🟨 Janela de programação de lote de OS detectada
2026-06-16 18:36:22,520 - INFO - 🟨 Janela de confirmação de programação de lote de OS detectada
2026-06-16 18:36:26,931 - INFO - ⌛ aguardando confirmação final de programação do lote
2026-06-16 18:36:53,066 - INFO - 🟨 programação do lote 26 efetuado com sucesso
2026-06-16 18:37:03,172 - INFO - 
=== Iniciando lote 27/534 [REDES] ===
2026-06-16 18:37:03,172 - INFO - 
=== abrir_janela_selecao ===
2026-06-16 18:37:09,481 - INFO - 
=== rotina abrir_selecao_colar_os ===
2026-06-16 18:37:09,626 - INFO - Janela de seleção aberta
2026-06-16 18:37:13,864 - INFO - DEBUG: idx=26, inicio=650, fim=675
2026-06-16 18:37:13,864 - INFO - ✅ 25 OS copiadas para a área de transferência.
2026-06-16 18:37:13,866 - INFO - 📋 Lote 27 copiado.
2026-06-16 18:37:22,197 - INFO - ⌛ Esperando mudança visual...
2026-06-16 18:37:23,211 - INFO - ⌛ Esperando mudança visual...
2026-06-16 18:37:24,224 - INFO - ⌛ Esperando mudança visual...
2026-06-16 18:37:25,243 - INFO - ⌛ Esperando mudança visual...
2026-06-16 18:37:26,258 - INFO - ⌛ Esperando mudança visual...
2026-06-16 18:37:27,271 - INFO - ⌛ Esperando mudança visual...
2026-06-16 18:37:28,289 - INFO - ⌛ Esperando mudança visual...
2026-06-16 18:37:29,305 - INFO - ⌛ Esperando mudança visual...
2026-06-16 18:37:30,318 - INFO - ⌛ Esperando mudança visual...
2026-06-16 18:37:31,338 - INFO - ⌛ Esperando mudança visual...
2026-06-16 18:37:32,350 - INFO - ⌛ Esperando mudança visual...
2026-06-16 18:37:33,368 - INFO - ✅ Tela carregada!
2026-06-16 18:37:37,370 - INFO - 
=== rotina desbloquear_os ===
2026-06-16 18:38:03,897 - INFO - ⌛ Aguardando janela de confirmação de desbloqueio...
2026-06-16 18:38:19,787 - INFO - 🟨 Registros desbloqueados com sucesso
2026-06-16 18:38:23,893 - INFO - 
=== rotina editar_os ===
2026-06-16 18:38:33,517 - INFO - ⌛ Aguardando janela de edição de OS...
2026-06-16 18:38:49,645 - INFO - 🟨 OS programadas detectadas
2026-06-16 18:38:52,753 - INFO - ⌛ Aguardando janela de edição de OS...
2026-06-16 18:39:08,921 - INFO - 🟨 Janela de edição de OS detectada
2026-06-16 18:39:30,389 - INFO - 🟨 Janela de edição de habilidade da turma detectada
2026-06-16 18:40:48,859 - INFO - ⌛ Aguardando detecção do campo de caracteristica 'EQUIPE PRÓPRIA OU EPS' ...
2026-06-16 18:41:08,304 - INFO - 🟨 campo de caracteristica 'EQUIPE PRÓPRIA OU EPS detectado
2026-06-16 18:41:30,398 - INFO - ⌛ Aguardando confirmação 4 - editar OS...
2026-06-16 18:41:46,695 - INFO - ⌛ Aguardando confirmação 4 - editar OS...
2026-06-16 18:42:02,765 - INFO - ⌛ Aguardando confirmação 4 - editar OS...
2026-06-16 18:42:18,816 - INFO - 🟨 Janela de confirmação 4 de edição de OS detectada
2026-06-16 18:42:22,924 - INFO - 
=== rotina programar_os ===
2026-06-16 18:42:49,724 - INFO - ⌛ Aguardando janela de confirmação de programação de OS...
2026-06-16 18:43:16,004 - INFO - 🟨 Janela de confirmação de programação de OS detectada
2026-06-16 18:43:29,696 - INFO - 🟨 Janela de aviso de edição de OS programadas detectada
2026-06-16 18:43:36,923 - INFO - ⌛ aguardando janela de programação de lote de OS...
2026-06-16 18:44:03,379 - INFO - 🟨 Janela de aviso de substituição de lote de OS detectada
2026-06-16 18:44:23,494 - INFO - ⌛ aguardando janela de programação de lote de OS...
2026-06-16 18:44:49,819 - INFO - 🟨 Janela de programação de lote de OS detectada
2026-06-16 18:45:39,721 - INFO - 🟨 Janela de confirmação de programação de lote de OS detectada
2026-06-16 18:45:44,119 - INFO - ⌛ aguardando confirmação final de programação do lote
2026-06-16 18:46:10,251 - INFO - 🟨 programação do lote 27 efetuado com sucesso
2026-06-16 18:46:20,357 - INFO - 
=== Iniciando lote 28/534 [REDES] ===
2026-06-16 18:46:20,357 - INFO - 
=== abrir_janela_selecao ===
2026-06-16 18:46:26,668 - INFO - 
=== rotina abrir_selecao_colar_os ===
2026-06-16 18:46:26,833 - INFO - Janela de seleção aberta
2026-06-16 18:46:31,062 - INFO - DEBUG: idx=27, inicio=675, fim=700
2026-06-16 18:46:31,062 - INFO - ✅ 25 OS copiadas para a área de transferência.
2026-06-16 18:46:31,062 - INFO - 📋 Lote 28 copiado.
2026-06-16 18:46:39,413 - INFO - ⌛ Esperando mudança visual...
2026-06-16 18:46:40,428 - INFO - ⌛ Esperando mudança visual...
2026-06-16 18:46:41,439 - INFO - ⌛ Esperando mudança visual...
2026-06-16 18:46:42,459 - INFO - ⌛ Esperando mudança visual...
2026-06-16 18:46:43,474 - INFO - ⌛ Esperando mudança visual...
2026-06-16 18:46:44,483 - INFO - ⌛ Esperando mudança visual...
2026-06-16 18:46:45,505 - INFO - ⌛ Esperando mudança visual...
2026-06-16 18:46:46,522 - INFO - ⌛ Esperando mudança visual...
2026-06-16 18:46:47,536 - INFO - ⌛ Esperando mudança visual...
2026-06-16 18:46:48,549 - INFO - ⌛ Esperando mudança visual...
2026-06-16 18:46:49,568 - INFO - ✅ Tela carregada!
2026-06-16 18:46:53,571 - INFO - 
=== rotina desbloquear_os ===
2026-06-16 18:47:20,169 - INFO - ⌛ Aguardando janela de confirmação de desbloqueio...
2026-06-16 18:47:36,111 - INFO - ⌛ Aguardando janela de confirmação de desbloqueio...
2026-06-16 18:47:52,123 - INFO - 🟨 Registros desbloqueados com sucesso
2026-06-16 18:47:56,230 - INFO - 
=== rotina editar_os ===
2026-06-16 18:48:05,868 - INFO - ⌛ Aguardando janela de edição de OS...
2026-06-16 18:48:21,996 - INFO - 🟨 OS programadas detectadas
2026-06-16 18:48:25,100 - INFO - ⌛ Aguardando janela de edição de OS...
2026-06-16 18:48:41,405 - INFO - 🟨 Janela de edição de OS detectada
2026-06-16 18:49:02,894 - INFO - 🟨 Janela de edição de habilidade da turma detectada
2026-06-16 18:50:21,354 - INFO - ⌛ Aguardando detecção do campo de caracteristica 'EQUIPE PRÓPRIA OU EPS' ...
2026-06-16 18:50:40,809 - INFO - 🟨 campo de caracteristica 'EQUIPE PRÓPRIA OU EPS detectado
2026-06-16 18:51:02,922 - INFO - ⌛ Aguardando confirmação 4 - editar OS...
2026-06-16 18:51:19,053 - INFO - ⌛ Aguardando confirmação 4 - editar OS...
2026-06-16 18:51:19,432 - INFO - 🟨 Identificado travamento no EQM, reiniciando contador de espera
2026-06-16 18:51:35,174 - INFO - ⌛ Aguardando confirmação 4 - editar OS...
2026-06-16 18:51:51,294 - INFO - 🟨 Janela de confirmação 4 de edição de OS detectada
2026-06-16 18:51:55,400 - INFO - 
=== rotina programar_os ===
2026-06-16 18:52:22,137 - INFO - ⌛ Aguardando janela de confirmação de programação de OS...
2026-06-16 18:52:48,277 - INFO - 🟨 Janela de confirmação de programação de OS detectada
2026-06-16 18:53:01,910 - INFO - 🟨 Janela de aviso de edição de OS programadas detectada
2026-06-16 18:53:09,118 - INFO - ⌛ aguardando janela de programação de lote de OS...
2026-06-16 18:53:35,399 - INFO - 🟨 Janela de aviso de substituição de lote de OS detectada
2026-06-16 18:53:55,505 - INFO - ⌛ aguardando janela de programação de lote de OS...
2026-06-16 18:54:21,803 - INFO - 🟨 Janela de programação de lote de OS detectada
2026-06-16 18:55:11,770 - INFO - ⌛ aguardando janela de confirmação de programação de lote de OS...
2026-06-16 18:55:38,023 - INFO - ⌛ aguardando janela de confirmação de programação de lote de OS...
2026-06-16 18:56:04,222 - INFO - ⌛ aguardando janela de confirmação de programação de lote de OS...
2026-06-16 18:56:30,476 - INFO - ⌛ aguardando janela de confirmação de programação de lote de OS...
2026-06-16 18:56:56,792 - INFO - ⌛ aguardando janela de confirmação de programação de lote de OS...
2026-06-16 18:57:22,990 - INFO - ⌛ aguardando janela de confirmação de programação de lote de OS...
2026-06-16 19:03:30,138 - INFO - Data hoje: 16/06/2026
2026-06-16 19:03:30,138 - INFO - Data de referência: 30/06/2026
2026-06-16 19:05:39,855 - INFO - Qtde OS de LINHA VIVA: 349
2026-06-16 19:05:39,856 - INFO - Qtde OS poda de LINHA MORTA: 230
2026-06-16 19:05:39,856 - INFO - Qtde OS estrutural de LINHA MORTA : 13329
2026-06-16 19:05:39,856 - INFO - Qtde OS poda de LINHA MORTA fora carteira: 81
2026-06-16 19:05:39,856 - INFO - Qtde OS para desprogramar: 5313
2026-06-16 19:05:39,857 - INFO - 
 Qtd de lotes de LM: 10
2026-06-16 19:05:39,857 - INFO - 
 Qtd de lotes de LV: 14
2026-06-16 19:05:39,857 - INFO - 
 Qtd de lotes de ESTRUTURAL LM: 534
2026-06-16 19:05:39,857 - INFO - 
 Qtd de lotes de LEVE: 4
2026-06-16 19:05:39,857 - INFO - 
 Qtd de lotes para desprogramar: 213
2026-06-16 19:05:39,858 - INFO - 
=== Iniciando lote 28/534 [REDES] ===
2026-06-16 19:05:39,858 - INFO - 
=== abrir_janela_selecao ===
2026-06-16 19:05:46,192 - INFO - 
=== rotina abrir_selecao_colar_os ===
2026-06-16 19:05:46,276 - INFO - Janela de seleção aberta
2026-06-16 19:05:50,496 - INFO - DEBUG: idx=27, inicio=675, fim=700
2026-06-16 19:05:50,496 - INFO - ✅ 25 OS copiadas para a área de transferência.
2026-06-16 19:05:50,496 - INFO - 📋 Lote 28 copiado.
2026-06-16 19:05:58,824 - INFO - ⌛ Esperando mudança visual...
2026-06-16 19:05:59,841 - INFO - ⌛ Esperando mudança visual...
2026-06-16 19:06:00,855 - INFO - ⌛ Esperando mudança visual...
2026-06-16 19:06:01,871 - INFO - ⌛ Esperando mudança visual...
2026-06-16 19:06:02,888 - INFO - ⌛ Esperando mudança visual...
2026-06-16 19:06:03,900 - INFO - ⌛ Esperando mudança visual...
2026-06-16 19:06:04,920 - INFO - ⌛ Esperando mudança visual...
2026-06-16 19:06:05,933 - INFO - ⌛ Esperando mudança visual...
2026-06-16 19:06:06,947 - INFO - ⌛ Esperando mudança visual...
2026-06-16 19:06:07,966 - INFO - ⌛ Esperando mudança visual...
2026-06-16 19:06:08,982 - INFO - ✅ Tela carregada!
2026-06-16 19:06:12,983 - INFO - 
=== rotina desbloquear_os ===
2026-06-16 19:06:39,468 - INFO - ⌛ Aguardando janela de confirmação de desbloqueio...
2026-06-16 19:06:54,868 - INFO - 🟨 Registros desbloqueados com sucesso
2026-06-16 19:06:58,973 - INFO - 
=== rotina editar_os ===
2026-06-16 19:07:08,459 - INFO - ⌛ Aguardando janela de edição de OS...
2026-06-16 19:07:24,010 - INFO - 🟨 OS programadas detectadas
2026-06-16 19:07:27,120 - INFO - ⌛ Aguardando janela de edição de OS...
2026-06-16 19:07:42,596 - INFO - 🟨 Janela de edição de OS detectada
2026-06-16 19:08:03,964 - INFO - 🟨 Janela de edição de habilidade da turma detectada
2026-06-16 19:09:22,278 - INFO - ⌛ Aguardando detecção do campo de caracteristica 'EQUIPE PRÓPRIA OU EPS' ...
2026-06-16 19:09:41,655 - INFO - 🟨 campo de caracteristica 'EQUIPE PRÓPRIA OU EPS detectado
2026-06-16 19:10:03,464 - INFO - ⌛ Aguardando confirmação 4 - editar OS...
2026-06-16 19:10:18,889 - INFO - ⌛ Aguardando confirmação 4 - editar OS...
2026-06-16 19:10:34,340 - INFO - ⌛ Aguardando confirmação 4 - editar OS...
2026-06-16 19:10:49,768 - INFO - 🟨 Janela de confirmação 4 de edição de OS detectada
2026-06-16 19:10:53,877 - INFO - 
=== rotina programar_os ===
2026-06-16 19:11:20,428 - INFO - ⌛ Aguardando janela de confirmação de programação de OS...
2026-06-16 19:11:45,881 - INFO - 🟨 Janela de confirmação de programação de OS detectada
2026-06-16 19:11:59,132 - INFO - 🟨 Janela de aviso de edição de OS programadas detectada
2026-06-16 19:12:06,357 - INFO - ⌛ aguardando janela de programação de lote de OS...
2026-06-16 19:12:31,892 - INFO - 🟨 Janela de aviso de substituição de lote de OS detectada
2026-06-16 19:12:51,999 - INFO - ⌛ aguardando janela de programação de lote de OS...
2026-06-16 19:13:17,498 - INFO - 🟨 Janela de programação de lote de OS detectada
2026-06-16 19:14:07,002 - INFO - 🟨 Janela de confirmação de programação de lote de OS detectada
2026-06-16 19:14:11,218 - INFO - ⌛ aguardando confirmação final de programação do lote
2026-06-16 19:14:36,658 - INFO - 🟨 programação do lote 28 efetuado com sucesso
2026-06-16 19:14:46,762 - INFO - 
=== Iniciando lote 29/534 [REDES] ===
2026-06-16 19:14:46,763 - INFO - 
=== abrir_janela_selecao ===
2026-06-16 19:14:53,071 - INFO - 
=== rotina abrir_selecao_colar_os ===
2026-06-16 19:14:53,116 - INFO - Janela de seleção aberta
2026-06-16 19:14:57,348 - INFO - DEBUG: idx=28, inicio=700, fim=725
2026-06-16 19:14:57,348 - INFO - ✅ 25 OS copiadas para a área de transferência.
2026-06-16 19:14:57,348 - INFO - 📋 Lote 29 copiado.
2026-06-16 19:15:05,670 - INFO - ⌛ Esperando mudança visual...
2026-06-16 19:15:06,690 - INFO - ⌛ Esperando mudança visual...
2026-06-16 19:15:07,706 - INFO - ⌛ Esperando mudança visual...
2026-06-16 19:15:08,718 - INFO - ⌛ Esperando mudança visual...
2026-06-16 19:15:09,737 - INFO - ⌛ Esperando mudança visual...
2026-06-16 19:15:10,753 - INFO - ⌛ Esperando mudança visual...
2026-06-16 19:15:11,764 - INFO - ⌛ Esperando mudança visual...
2026-06-16 19:15:12,780 - INFO - ⌛ Esperando mudança visual...
2026-06-16 19:15:13,799 - INFO - ⌛ Esperando mudança visual...
2026-06-16 19:15:14,815 - INFO - ⌛ Esperando mudança visual...
2026-06-16 19:15:15,827 - INFO - ⌛ Esperando mudança visual...
2026-06-16 19:15:16,846 - INFO - ✅ Tela carregada!
2026-06-16 19:15:20,847 - INFO - 
=== rotina desbloquear_os ===
2026-06-16 19:15:47,313 - INFO - ⌛ Aguardando janela de confirmação de desbloqueio...
2026-06-16 19:16:02,693 - INFO - 🟨 Registros desbloqueados com sucesso
2026-06-16 19:16:06,797 - INFO - 
=== rotina editar_os ===
2026-06-16 19:16:16,211 - INFO - ⌛ Aguardando janela de edição de OS...
2026-06-16 19:16:31,624 - INFO - 🟨 OS programadas detectadas
2026-06-16 19:16:34,733 - INFO - ⌛ Aguardando janela de edição de OS...
2026-06-16 19:16:50,168 - INFO - 🟨 Janela de edição de OS detectada
2026-06-16 19:17:11,530 - INFO - 🟨 Janela de edição de habilidade da turma detectada
2026-06-16 19:18:29,844 - INFO - ⌛ Aguardando detecção do campo de caracteristica 'EQUIPE PRÓPRIA OU EPS' ...
2026-06-16 19:18:49,194 - INFO - 🟨 campo de caracteristica 'EQUIPE PRÓPRIA OU EPS detectado
2026-06-16 19:19:10,957 - INFO - ⌛ Aguardando confirmação 4 - editar OS...
2026-06-16 19:19:26,409 - INFO - ⌛ Aguardando confirmação 4 - editar OS...
2026-06-16 19:19:41,848 - INFO - ⌛ Aguardando confirmação 4 - editar OS...
2026-06-16 19:19:57,288 - INFO - 🟨 Janela de confirmação 4 de edição de OS detectada
2026-06-16 19:20:01,398 - INFO - 
=== rotina programar_os ===
2026-06-16 19:20:27,913 - INFO - ⌛ Aguardando janela de confirmação de programação de OS...
2026-06-16 19:20:53,327 - INFO - 🟨 Janela de confirmação de programação de OS detectada
2026-06-16 19:21:06,594 - INFO - 🟨 Janela de aviso de edição de OS programadas detectada
2026-06-16 19:21:13,798 - INFO - ⌛ aguardando janela de programação de lote de OS...
2026-06-16 19:21:39,306 - INFO - 🟨 Janela de aviso de substituição de lote de OS detectada
2026-06-16 19:21:59,407 - INFO - ⌛ aguardando janela de programação de lote de OS...
2026-06-16 19:22:24,890 - INFO - 🟨 Janela de programação de lote de OS detectada
2026-06-16 19:23:14,410 - INFO - 🟨 Janela de confirmação de programação de lote de OS detectada
2026-06-16 19:23:18,663 - INFO - ⌛ aguardando confirmação final de programação do lote
2026-06-16 19:23:44,144 - INFO - 🟨 programação do lote 29 efetuado com sucesso
2026-06-16 19:23:54,250 - INFO - 
=== Iniciando lote 30/534 [REDES] ===
2026-06-16 19:23:54,250 - INFO - 
=== abrir_janela_selecao ===
2026-06-16 19:24:00,569 - INFO - 
=== rotina abrir_selecao_colar_os ===
2026-06-16 19:24:00,630 - INFO - Janela de seleção aberta
2026-06-16 19:24:04,852 - INFO - DEBUG: idx=29, inicio=725, fim=750
2026-06-16 19:24:04,852 - INFO - ✅ 25 OS copiadas para a área de transferência.
2026-06-16 19:24:04,852 - INFO - 📋 Lote 30 copiado.
2026-06-16 19:24:13,178 - INFO - ⌛ Esperando mudança visual...
2026-06-16 19:24:14,193 - INFO - ⌛ Esperando mudança visual...
2026-06-16 19:24:15,206 - INFO - ⌛ Esperando mudança visual...
2026-06-16 19:24:16,225 - INFO - ⌛ Esperando mudança visual...
2026-06-16 19:24:17,240 - INFO - ⌛ Esperando mudança visual...
2026-06-16 19:24:18,258 - INFO - ⌛ Esperando mudança visual...
2026-06-16 19:24:19,269 - INFO - ⌛ Esperando mudança visual...
2026-06-16 19:24:20,287 - INFO - ⌛ Esperando mudança visual...
2026-06-16 19:24:21,303 - INFO - ⌛ Esperando mudança visual...
2026-06-16 19:24:22,319 - INFO - ⌛ Esperando mudança visual...
2026-06-16 19:24:23,335 - INFO - ✅ Tela carregada!
2026-06-16 19:24:27,336 - INFO - 
=== rotina desbloquear_os ===
2026-06-16 19:24:53,815 - INFO - ⌛ Aguardando janela de confirmação de desbloqueio...
2026-06-16 19:25:09,175 - INFO - 🟨 Registros desbloqueados com sucesso
2026-06-16 19:25:13,286 - INFO - 
=== rotina editar_os ===
2026-06-16 19:25:22,698 - INFO - ⌛ Aguardando janela de edição de OS...
2026-06-16 19:25:38,112 - INFO - 🟨 OS programadas detectadas
2026-06-16 19:25:41,222 - INFO - ⌛ Aguardando janela de edição de OS...
2026-06-16 19:25:56,656 - INFO - 🟨 Janela de edição de OS detectada
2026-06-16 19:26:18,018 - INFO - 🟨 Janela de edição de habilidade da turma detectada
2026-06-16 19:27:36,308 - INFO - ⌛ Aguardando detecção do campo de caracteristica 'EQUIPE PRÓPRIA OU EPS' ...
2026-06-16 19:27:55,685 - INFO - 🟨 campo de caracteristica 'EQUIPE PRÓPRIA OU EPS detectado
2026-06-16 19:28:17,486 - INFO - ⌛ Aguardando confirmação 4 - editar OS...
2026-06-16 19:28:33,016 - INFO - ⌛ Aguardando confirmação 4 - editar OS...
2026-06-16 19:28:48,449 - INFO - ⌛ Aguardando confirmação 4 - editar OS...
2026-06-16 19:29:03,898 - INFO - 🟨 Janela de confirmação 4 de edição de OS detectada
2026-06-16 19:29:08,002 - INFO - 
=== rotina programar_os ===
2026-06-16 19:29:34,514 - INFO - ⌛ Aguardando janela de confirmação de programação de OS...
2026-06-16 19:29:59,943 - INFO - 🟨 Janela de confirmação de programação de OS detectada
2026-06-16 19:30:13,195 - INFO - 🟨 Janela de aviso de edição de OS programadas detectada
2026-06-16 19:30:20,400 - INFO - ⌛ aguardando janela de programação de lote de OS...
2026-06-16 19:30:45,897 - INFO - 🟨 Janela de aviso de substituição de lote de OS detectada
2026-06-16 19:31:05,999 - INFO - ⌛ aguardando janela de programação de lote de OS...
2026-06-16 19:31:31,486 - INFO - 🟨 Janela de programação de lote de OS detectada
2026-06-16 19:32:21,003 - INFO - 🟨 Janela de confirmação de programação de lote de OS detectada
2026-06-16 19:32:25,264 - INFO - ⌛ aguardando confirmação final de programação do lote
2026-06-16 19:32:50,726 - INFO - 🟨 programação do lote 30 efetuado com sucesso
2026-06-16 19:33:00,830 - INFO - 
=== Iniciando lote 31/534 [REDES] ===
2026-06-16 19:33:00,830 - INFO - 
=== abrir_janela_selecao ===
2026-06-16 19:33:07,146 - INFO - 
=== rotina abrir_selecao_colar_os ===
2026-06-16 19:33:07,188 - INFO - Janela de seleção aberta
2026-06-16 19:33:11,430 - INFO - DEBUG: idx=30, inicio=750, fim=775
2026-06-16 19:33:11,430 - INFO - ✅ 25 OS copiadas para a área de transferência.
2026-06-16 19:33:11,430 - INFO - 📋 Lote 31 copiado.
2026-06-16 19:33:19,755 - INFO - ⌛ Esperando mudança visual...
2026-06-16 19:33:20,771 - INFO - ⌛ Esperando mudança visual...
2026-06-16 19:33:21,790 - INFO - ⌛ Esperando mudança visual...
2026-06-16 19:33:22,804 - INFO - ⌛ Esperando mudança visual...
2026-06-16 19:33:23,821 - INFO - ⌛ Esperando mudança visual...
2026-06-16 19:33:24,835 - INFO - ⌛ Esperando mudança visual...
2026-06-16 19:33:25,851 - INFO - ⌛ Esperando mudança visual...
2026-06-16 19:33:26,864 - INFO - ⌛ Esperando mudança visual...
2026-06-16 19:33:27,883 - INFO - ⌛ Esperando mudança visual...
2026-06-16 19:33:28,899 - INFO - ✅ Tela carregada!
2026-06-16 19:33:32,900 - INFO - 
=== rotina desbloquear_os ===
2026-06-16 19:33:59,364 - INFO - ⌛ Aguardando janela de confirmação de desbloqueio...
2026-06-16 19:34:14,766 - INFO - 🟨 Registros desbloqueados com sucesso
2026-06-16 19:34:18,886 - INFO - 
=== rotina editar_os ===
2026-06-16 19:34:28,304 - INFO - ⌛ Aguardando janela de edição de OS...
2026-06-16 19:34:43,728 - INFO - 🟨 OS programadas detectadas
2026-06-16 19:34:46,840 - INFO - ⌛ Aguardando janela de edição de OS...
2026-06-16 19:35:02,297 - INFO - 🟨 Janela de edição de OS detectada
2026-06-16 19:35:23,658 - INFO - 🟨 Janela de edição de habilidade da turma detectada
2026-06-16 19:36:41,957 - INFO - ⌛ Aguardando detecção do campo de caracteristica 'EQUIPE PRÓPRIA OU EPS' ...
2026-06-16 19:37:01,304 - INFO - 🟨 campo de caracteristica 'EQUIPE PRÓPRIA OU EPS detectado
2026-06-16 19:37:23,087 - INFO - ⌛ Aguardando confirmação 4 - editar OS...
2026-06-16 19:37:38,511 - INFO - ⌛ Aguardando confirmação 4 - editar OS...
2026-06-16 19:37:53,918 - INFO - ⌛ Aguardando confirmação 4 - editar OS...
2026-06-16 19:38:09,357 - INFO - 🟨 Janela de confirmação 4 de edição de OS detectada
2026-06-16 19:38:13,466 - INFO - 
=== rotina programar_os ===
2026-06-16 19:38:39,977 - INFO - ⌛ Aguardando janela de confirmação de programação de OS...
2026-06-16 19:39:05,413 - INFO - 🟨 Janela de confirmação de programação de OS detectada
2026-06-16 19:39:18,666 - INFO - 🟨 Janela de aviso de edição de OS programadas detectada
2026-06-16 19:39:25,880 - INFO - ⌛ aguardando janela de programação de lote de OS...
2026-06-16 19:39:51,373 - INFO - 🟨 Janela de aviso de substituição de lote de OS detectada
2026-06-16 19:40:11,476 - INFO - ⌛ aguardando janela de programação de lote de OS...
2026-06-16 19:40:36,947 - INFO - 🟨 Janela de programação de lote de OS detectada
2026-06-16 19:41:26,446 - INFO - 🟨 Janela de confirmação de programação de lote de OS detectada
2026-06-16 19:41:30,651 - INFO - ⌛ aguardando confirmação final de programação do lote
2026-06-16 19:41:56,133 - INFO - 🟨 programação do lote 31 efetuado com sucesso
2026-06-16 19:42:06,236 - INFO - 
=== Iniciando lote 32/534 [REDES] ===
2026-06-16 19:42:06,236 - INFO - 
=== abrir_janela_selecao ===
2026-06-16 19:42:12,543 - INFO - 
=== rotina abrir_selecao_colar_os ===
2026-06-16 19:42:12,602 - INFO - Janela de seleção aberta
2026-06-16 19:42:16,820 - INFO - DEBUG: idx=31, inicio=775, fim=800
2026-06-16 19:42:16,820 - INFO - ✅ 25 OS copiadas para a área de transferência.
2026-06-16 19:42:16,820 - INFO - 📋 Lote 32 copiado.
2026-06-16 19:42:25,148 - INFO - ⌛ Esperando mudança visual...
2026-06-16 19:42:26,165 - INFO - ⌛ Esperando mudança visual...
2026-06-16 19:42:27,179 - INFO - ⌛ Esperando mudança visual...
2026-06-16 19:42:28,195 - INFO - ⌛ Esperando mudança visual...
2026-06-16 19:42:29,209 - INFO - ⌛ Esperando mudança visual...
2026-06-16 19:42:30,226 - INFO - ⌛ Esperando mudança visual...
2026-06-16 19:42:31,242 - INFO - ⌛ Esperando mudança visual...
2026-06-16 19:42:32,259 - INFO - ⌛ Esperando mudança visual...
2026-06-16 19:42:33,273 - INFO - ⌛ Esperando mudança visual...
2026-06-16 19:42:34,289 - INFO - ✅ Tela carregada!
2026-06-16 19:42:38,290 - INFO - 
=== rotina desbloquear_os ===
2026-06-16 19:43:04,778 - INFO - ⌛ Aguardando janela de confirmação de desbloqueio...
2026-06-16 19:43:20,206 - INFO - 🟨 Registros desbloqueados com sucesso
2026-06-16 19:43:24,309 - INFO - 
=== rotina editar_os ===
2026-06-16 19:43:33,717 - INFO - ⌛ Aguardando janela de edição de OS...
2026-06-16 19:43:49,152 - INFO - 🟨 OS programadas detectadas
2026-06-16 19:43:52,261 - INFO - ⌛ Aguardando janela de edição de OS...
2026-06-16 19:44:07,717 - INFO - 🟨 Janela de edição de OS detectada
2026-06-16 19:44:29,085 - INFO - 🟨 Janela de edição de habilidade da turma detectada
2026-06-16 19:45:47,390 - INFO - ⌛ Aguardando detecção do campo de caracteristica 'EQUIPE PRÓPRIA OU EPS' ...
2026-06-16 19:46:06,740 - INFO - 🟨 campo de caracteristica 'EQUIPE PRÓPRIA OU EPS detectado
2026-06-16 19:46:28,512 - INFO - ⌛ Aguardando confirmação 4 - editar OS...
2026-06-16 19:46:43,958 - INFO - ⌛ Aguardando confirmação 4 - editar OS...
2026-06-16 19:46:59,411 - INFO - ⌛ Aguardando confirmação 4 - editar OS...
2026-06-16 19:47:14,855 - INFO - 🟨 Janela de confirmação 4 de edição de OS detectada
2026-06-16 19:47:18,957 - INFO - 
=== rotina programar_os ===
2026-06-16 19:47:45,471 - INFO - ⌛ Aguardando janela de confirmação de programação de OS...
2026-06-16 19:48:10,932 - INFO - 🟨 Janela de confirmação de programação de OS detectada
2026-06-16 19:48:24,186 - INFO - 🟨 Janela de aviso de edição de OS programadas detectada
2026-06-16 19:48:31,392 - INFO - ⌛ aguardando janela de programação de lote de OS...
2026-06-16 19:48:56,887 - INFO - 🟨 Janela de aviso de substituição de lote de OS detectada
2026-06-16 19:49:16,990 - INFO - ⌛ aguardando janela de programação de lote de OS...
2026-06-16 19:49:42,523 - INFO - 🟨 Janela de programação de lote de OS detectada
2026-06-16 19:50:32,043 - INFO - 🟨 Janela de confirmação de programação de lote de OS detectada
2026-06-16 19:50:36,240 - INFO - ⌛ aguardando confirmação final de programação do lote
2026-06-16 19:51:01,681 - INFO - 🟨 programação do lote 32 efetuado com sucesso
2026-06-16 19:51:11,785 - INFO - 
=== Iniciando lote 33/534 [REDES] ===
2026-06-16 19:51:11,786 - INFO - 
=== abrir_janela_selecao ===
2026-06-16 19:51:18,093 - INFO - 
=== rotina abrir_selecao_colar_os ===
2026-06-16 19:51:18,152 - INFO - Janela de seleção aberta
2026-06-16 19:51:22,375 - INFO - DEBUG: idx=32, inicio=800, fim=825
2026-06-16 19:51:22,375 - INFO - ✅ 25 OS copiadas para a área de transferência.
2026-06-16 19:51:22,375 - INFO - 📋 Lote 33 copiado.
2026-06-16 19:51:30,698 - INFO - ⌛ Esperando mudança visual...
2026-06-16 19:51:31,710 - INFO - ⌛ Esperando mudança visual...
2026-06-16 19:51:32,729 - INFO - ⌛ Esperando mudança visual...
2026-06-16 19:51:33,746 - INFO - ⌛ Esperando mudança visual...
2026-06-16 19:51:34,757 - INFO - ⌛ Esperando mudança visual...
2026-06-16 19:51:35,777 - INFO - ⌛ Esperando mudança visual...
2026-06-16 19:51:36,793 - INFO - ⌛ Esperando mudança visual...
2026-06-16 19:51:37,805 - INFO - ⌛ Esperando mudança visual...
2026-06-16 19:51:38,821 - INFO - ⌛ Esperando mudança visual...
2026-06-16 19:51:39,840 - INFO - ✅ Tela carregada!
2026-06-16 19:51:43,841 - INFO - 
=== rotina desbloquear_os ===
2026-06-16 19:52:10,303 - INFO - ⌛ Aguardando janela de confirmação de desbloqueio...
2026-06-16 19:52:25,669 - INFO - 🟨 Registros desbloqueados com sucesso
2026-06-16 19:52:29,773 - INFO - 
=== rotina editar_os ===
2026-06-16 19:52:39,194 - INFO - ⌛ Aguardando janela de edição de OS...
2026-06-16 19:52:54,662 - INFO - 🟨 OS programadas detectadas
2026-06-16 19:52:57,780 - INFO - ⌛ Aguardando janela de edição de OS...
2026-06-16 19:53:13,233 - INFO - 🟨 Janela de edição de OS detectada
2026-06-16 19:53:34,600 - INFO - 🟨 Janela de edição de habilidade da turma detectada
2026-06-16 19:54:52,900 - INFO - ⌛ Aguardando detecção do campo de caracteristica 'EQUIPE PRÓPRIA OU EPS' ...
2026-06-16 19:55:12,251 - INFO - 🟨 campo de caracteristica 'EQUIPE PRÓPRIA OU EPS detectado
2026-06-16 19:55:34,003 - INFO - ⌛ Aguardando confirmação 4 - editar OS...
2026-06-16 19:55:49,433 - INFO - ⌛ Aguardando confirmação 4 - editar OS...
2026-06-16 19:56:04,851 - INFO - ⌛ Aguardando confirmação 4 - editar OS...
2026-06-16 19:56:20,261 - INFO - 🟨 Janela de confirmação 4 de edição de OS detectada
2026-06-16 19:56:24,370 - INFO - 
=== rotina programar_os ===
2026-06-16 19:56:50,892 - INFO - ⌛ Aguardando janela de confirmação de programação de OS...
2026-06-16 19:57:16,322 - INFO - 🟨 Janela de confirmação de programação de OS detectada
2026-06-16 19:57:29,578 - INFO - 🟨 Janela de aviso de edição de OS programadas detectada
2026-06-16 19:57:36,782 - INFO - ⌛ aguardando janela de programação de lote de OS...
2026-06-16 19:58:02,295 - INFO - 🟨 Janela de aviso de substituição de lote de OS detectada
2026-06-16 19:58:22,397 - INFO - ⌛ aguardando janela de programação de lote de OS...
2026-06-16 19:58:47,883 - INFO - 🟨 Janela de programação de lote de OS detectada
2026-06-16 19:59:37,383 - INFO - 🟨 Janela de confirmação de programação de lote de OS detectada
2026-06-16 19:59:41,581 - INFO - ⌛ aguardando confirmação final de programação do lote
2026-06-16 20:00:07,038 - INFO - 🟨 programação do lote 33 efetuado com sucesso
2026-06-16 20:00:17,143 - INFO - 
=== Iniciando lote 34/534 [REDES] ===
2026-06-16 20:00:17,144 - INFO - 
=== abrir_janela_selecao ===
2026-06-16 20:00:23,450 - INFO - 
=== rotina abrir_selecao_colar_os ===
2026-06-16 20:00:23,497 - INFO - Janela de seleção aberta
2026-06-16 20:00:27,726 - INFO - DEBUG: idx=33, inicio=825, fim=850
2026-06-16 20:00:27,728 - INFO - ✅ 25 OS copiadas para a área de transferência.
2026-06-16 20:00:27,728 - INFO - 📋 Lote 34 copiado.
2026-06-16 20:00:36,051 - INFO - ⌛ Esperando mudança visual...
2026-06-16 20:00:37,071 - INFO - ⌛ Esperando mudança visual...
2026-06-16 20:00:38,087 - INFO - ⌛ Esperando mudança visual...
2026-06-16 20:00:39,098 - INFO - ⌛ Esperando mudança visual...
2026-06-16 20:00:40,118 - INFO - ⌛ Esperando mudança visual...
2026-06-16 20:00:41,134 - INFO - ⌛ Esperando mudança visual...
2026-06-16 20:00:42,145 - INFO - ⌛ Esperando mudança visual...
2026-06-16 20:00:43,165 - INFO - ⌛ Esperando mudança visual...
2026-06-16 20:00:44,181 - INFO - ⌛ Esperando mudança visual...
2026-06-16 20:00:45,194 - INFO - ⌛ Esperando mudança visual...
2026-06-16 20:00:46,212 - INFO - ✅ Tela carregada!
2026-06-16 20:00:50,213 - INFO - 
=== rotina desbloquear_os ===
2026-06-16 20:01:16,669 - INFO - ⌛ Aguardando janela de confirmação de desbloqueio...
2026-06-16 20:01:32,052 - INFO - 🟨 Registros desbloqueados com sucesso
2026-06-16 20:01:36,155 - INFO - 
=== rotina editar_os ===
2026-06-16 20:01:45,572 - INFO - ⌛ Aguardando janela de edição de OS...
2026-06-16 20:02:01,001 - INFO - 🟨 OS programadas detectadas
2026-06-16 20:02:04,115 - INFO - ⌛ Aguardando janela de edição de OS...
2026-06-16 20:02:19,581 - INFO - 🟨 Janela de edição de OS detectada
2026-06-16 20:02:40,937 - INFO - 🟨 Janela de edição de habilidade da turma detectada
2026-06-16 20:03:59,260 - INFO - ⌛ Aguardando detecção do campo de caracteristica 'EQUIPE PRÓPRIA OU EPS' ...
2026-06-16 20:04:18,621 - INFO - 🟨 campo de caracteristica 'EQUIPE PRÓPRIA OU EPS detectado
2026-06-16 20:04:40,396 - INFO - ⌛ Aguardando confirmação 4 - editar OS...
2026-06-16 20:04:55,839 - INFO - ⌛ Aguardando confirmação 4 - editar OS...
2026-06-16 20:05:11,248 - INFO - ⌛ Aguardando confirmação 4 - editar OS...
2026-06-16 20:05:26,692 - INFO - 🟨 Janela de confirmação 4 de edição de OS detectada
2026-06-16 20:05:30,795 - INFO - 
=== rotina programar_os ===
2026-06-16 20:05:57,303 - INFO - ⌛ Aguardando janela de confirmação de programação de OS...
2026-06-16 20:06:22,736 - INFO - 🟨 Janela de confirmação de programação de OS detectada
2026-06-16 20:06:35,989 - INFO - 🟨 Janela de aviso de edição de OS programadas detectada
2026-06-16 20:06:43,198 - INFO - ⌛ aguardando janela de programação de lote de OS...
2026-06-16 20:07:08,733 - INFO - 🟨 Janela de aviso de substituição de lote de OS detectada
2026-06-16 20:07:28,836 - INFO - ⌛ aguardando janela de programação de lote de OS...
2026-06-16 20:07:54,330 - INFO - 🟨 Janela de programação de lote de OS detectada
2026-06-16 20:08:43,862 - INFO - 🟨 Janela de confirmação de programação de lote de OS detectada
2026-06-16 20:08:48,077 - INFO - ⌛ aguardando confirmação final de programação do lote
2026-06-16 20:09:13,517 - INFO - 🟨 programação do lote 34 efetuado com sucesso
2026-06-16 20:09:23,629 - INFO - 
=== Iniciando lote 35/534 [REDES] ===
2026-06-16 20:09:23,630 - INFO - 
=== abrir_janela_selecao ===
2026-06-16 20:09:29,937 - INFO - 
=== rotina abrir_selecao_colar_os ===
2026-06-16 20:09:29,979 - INFO - Janela de seleção aberta
2026-06-16 20:09:34,212 - INFO - DEBUG: idx=34, inicio=850, fim=875
2026-06-16 20:09:34,212 - INFO - ✅ 25 OS copiadas para a área de transferência.
2026-06-16 20:09:34,212 - INFO - 📋 Lote 35 copiado.
2026-06-16 20:09:42,536 - INFO - ⌛ Esperando mudança visual...
2026-06-16 20:09:43,551 - INFO - ⌛ Esperando mudança visual...
2026-06-16 20:09:44,567 - INFO - ⌛ Esperando mudança visual...
2026-06-16 20:09:45,582 - INFO - ⌛ Esperando mudança visual...
2026-06-16 20:09:46,595 - INFO - ⌛ Esperando mudança visual...
2026-06-16 20:09:47,613 - INFO - ⌛ Esperando mudança visual...
2026-06-16 20:09:48,629 - INFO - ⌛ Esperando mudança visual...
2026-06-16 20:09:49,641 - INFO - ⌛ Esperando mudança visual...
2026-06-16 20:09:50,661 - INFO - ⌛ Esperando mudança visual...
2026-06-16 20:09:51,677 - INFO - ✅ Tela carregada!
2026-06-16 20:09:55,677 - INFO - 
=== rotina desbloquear_os ===
2026-06-16 20:10:22,139 - INFO - ⌛ Aguardando janela de confirmação de desbloqueio...
2026-06-16 20:10:37,495 - INFO - 🟨 Registros desbloqueados com sucesso
2026-06-16 20:10:41,611 - INFO - 
=== rotina editar_os ===
2026-06-16 20:10:51,022 - INFO - ⌛ Aguardando janela de edição de OS...
2026-06-16 20:11:06,441 - INFO - 🟨 Janela de edição de OS detectada
2026-06-16 20:11:27,794 - INFO - 🟨 Janela de edição de habilidade da turma detectada
2026-06-16 20:12:46,100 - INFO - ⌛ Aguardando detecção do campo de caracteristica 'EQUIPE PRÓPRIA OU EPS' ...
2026-06-16 20:13:05,476 - INFO - 🟨 campo de caracteristica 'EQUIPE PRÓPRIA OU EPS detectado
2026-06-16 20:13:27,247 - INFO - ⌛ Aguardando confirmação 4 - editar OS...
2026-06-16 20:13:42,689 - INFO - ⌛ Aguardando confirmação 4 - editar OS...
2026-06-16 20:13:58,122 - INFO - ⌛ Aguardando confirmação 4 - editar OS...
2026-06-16 20:14:13,539 - INFO - 🟨 Janela de confirmação 4 de edição de OS detectada
2026-06-16 20:14:17,642 - INFO - 
=== rotina programar_os ===
2026-06-16 20:14:44,149 - INFO - ⌛ Aguardando janela de confirmação de programação de OS...
2026-06-16 20:15:09,582 - INFO - 🟨 Janela de confirmação de programação de OS detectada
2026-06-16 20:15:22,836 - INFO - ⌛ aguardando janela de programação de lote de OS...
2026-06-16 20:15:48,308 - INFO - 🟨 Janela de programação de lote de OS detectada
2026-06-16 20:16:37,829 - INFO - 🟨 Janela de confirmação de programação de lote de OS detectada
2026-06-16 20:16:42,040 - INFO - ⌛ aguardando confirmação final de programação do lote
2026-06-16 20:17:07,511 - INFO - 🟨 programação do lote 35 efetuado com sucesso
2026-06-16 20:17:17,615 - INFO - 
=== Iniciando lote 36/534 [REDES] ===
2026-06-16 20:17:17,615 - INFO - 
=== abrir_janela_selecao ===
2026-06-16 20:17:23,921 - INFO - 
=== rotina abrir_selecao_colar_os ===
2026-06-16 20:17:23,964 - INFO - Janela de seleção aberta
2026-06-16 20:17:28,186 - INFO - DEBUG: idx=35, inicio=875, fim=900
2026-06-16 20:17:28,186 - INFO - ✅ 25 OS copiadas para a área de transferência.
2026-06-16 20:17:28,186 - INFO - 📋 Lote 36 copiado.
2026-06-16 20:17:36,513 - INFO - ⌛ Esperando mudança visual...
2026-06-16 20:17:37,529 - INFO - ⌛ Esperando mudança visual...
2026-06-16 20:17:38,543 - INFO - ⌛ Esperando mudança visual...
2026-06-16 20:17:39,561 - INFO - ⌛ Esperando mudança visual...
2026-06-16 20:17:40,578 - INFO - ⌛ Esperando mudança visual...
2026-06-16 20:17:41,590 - INFO - ⌛ Esperando mudança visual...
2026-06-16 20:17:42,609 - INFO - ⌛ Esperando mudança visual...
2026-06-16 20:17:43,626 - INFO - ⌛ Esperando mudança visual...
2026-06-16 20:17:44,637 - INFO - ⌛ Esperando mudança visual...
2026-06-16 20:17:45,657 - INFO - ✅ Tela carregada!
2026-06-16 20:17:49,658 - INFO - 
=== rotina desbloquear_os ===
2026-06-16 20:18:16,122 - INFO - ⌛ Aguardando janela de confirmação de desbloqueio...
2026-06-16 20:18:31,490 - INFO - 🟨 Registros desbloqueados com sucesso
2026-06-16 20:18:35,608 - INFO - 
=== rotina editar_os ===
2026-06-16 20:18:45,015 - INFO - ⌛ Aguardando janela de edição de OS...
2026-06-16 20:19:00,438 - INFO - 🟨 Janela de edição de OS detectada
2026-06-16 20:19:21,819 - INFO - 🟨 Janela de edição de habilidade da turma detectada
2026-06-16 20:20:40,117 - INFO - ⌛ Aguardando detecção do campo de caracteristica 'EQUIPE PRÓPRIA OU EPS' ...
2026-06-16 20:20:59,471 - INFO - 🟨 campo de caracteristica 'EQUIPE PRÓPRIA OU EPS detectado
2026-06-16 20:21:21,233 - INFO - ⌛ Aguardando confirmação 4 - editar OS...
2026-06-16 20:21:36,691 - INFO - ⌛ Aguardando confirmação 4 - editar OS...
2026-06-16 20:21:52,155 - INFO - ⌛ Aguardando confirmação 4 - editar OS...
2026-06-16 20:22:07,594 - INFO - 🟨 Janela de confirmação 4 de edição de OS detectada
2026-06-16 20:22:11,702 - INFO - 
=== rotina programar_os ===
2026-06-16 20:22:38,203 - INFO - ⌛ Aguardando janela de confirmação de programação de OS...
2026-06-16 20:23:03,611 - INFO - 🟨 Janela de confirmação de programação de OS detectada
2026-06-16 20:23:16,867 - INFO - ⌛ aguardando janela de programação de lote de OS...
2026-06-16 20:23:42,339 - INFO - 🟨 Janela de programação de lote de OS detectada
2026-06-16 20:24:31,830 - INFO - 🟨 Janela de confirmação de programação de lote de OS detectada
2026-06-16 20:24:36,031 - INFO - ⌛ aguardando confirmação final de programação do lote
2026-06-16 20:25:01,480 - INFO - 🟨 programação do lote 36 efetuado com sucesso
2026-06-16 20:25:11,584 - INFO - 
=== Iniciando lote 37/534 [REDES] ===
2026-06-16 20:25:11,584 - INFO - 
=== abrir_janela_selecao ===
2026-06-16 20:25:17,893 - INFO - 
=== rotina abrir_selecao_colar_os ===
2026-06-16 20:25:17,942 - INFO - Janela de seleção aberta
2026-06-16 20:25:22,170 - INFO - DEBUG: idx=36, inicio=900, fim=925
2026-06-16 20:25:22,170 - INFO - ✅ 25 OS copiadas para a área de transferência.
2026-06-16 20:25:22,170 - INFO - 📋 Lote 37 copiado.
2026-06-16 20:25:30,495 - INFO - ⌛ Esperando mudança visual...
2026-06-16 20:25:31,513 - INFO - ⌛ Esperando mudança visual...
2026-06-16 20:25:32,529 - INFO - ⌛ Esperando mudança visual...
2026-06-16 20:25:33,542 - INFO - ⌛ Esperando mudança visual...
2026-06-16 20:25:34,560 - INFO - ⌛ Esperando mudança visual...
2026-06-16 20:25:35,576 - INFO - ⌛ Esperando mudança visual...
2026-06-16 20:25:36,589 - INFO - ⌛ Esperando mudança visual...
2026-06-16 20:25:37,609 - INFO - ⌛ Esperando mudança visual...
2026-06-16 20:25:38,625 - INFO - ⌛ Esperando mudança visual...
2026-06-16 20:25:39,636 - INFO - ✅ Tela carregada!
2026-06-16 20:25:43,643 - INFO - 
=== rotina desbloquear_os ===
2026-06-16 20:26:10,121 - INFO - ⌛ Aguardando janela de confirmação de desbloqueio...
2026-06-16 20:26:25,486 - INFO - 🟨 Registros desbloqueados com sucesso
2026-06-16 20:26:29,590 - INFO - 
=== rotina editar_os ===
2026-06-16 20:26:39,016 - INFO - ⌛ Aguardando janela de edição de OS...
2026-06-16 20:26:54,429 - INFO - 🟨 OS programadas detectadas
2026-06-16 20:26:57,541 - INFO - ⌛ Aguardando janela de edição de OS...
2026-06-16 20:27:12,986 - INFO - 🟨 Janela de edição de OS detectada
2026-06-16 20:27:34,338 - INFO - 🟨 Janela de edição de habilidade da turma detectada
2026-06-16 20:28:52,656 - INFO - ⌛ Aguardando detecção do campo de caracteristica 'EQUIPE PRÓPRIA OU EPS' ...
2026-06-16 20:29:12,014 - INFO - 🟨 campo de caracteristica 'EQUIPE PRÓPRIA OU EPS detectado
2026-06-16 20:29:33,779 - INFO - ⌛ Aguardando confirmação 4 - editar OS...
2026-06-16 20:29:49,235 - INFO - ⌛ Aguardando confirmação 4 - editar OS...
2026-06-16 20:30:04,685 - INFO - ⌛ Aguardando confirmação 4 - editar OS...
2026-06-16 20:30:20,096 - INFO - 🟨 Janela de confirmação 4 de edição de OS detectada
2026-06-16 20:30:24,204 - INFO - 
=== rotina programar_os ===
2026-06-16 20:30:50,720 - INFO - ⌛ Aguardando janela de confirmação de programação de OS...
2026-06-16 20:31:16,139 - INFO - 🟨 Janela de confirmação de programação de OS detectada
2026-06-16 20:31:29,393 - INFO - 🟨 Janela de aviso de edição de OS programadas detectada
2026-06-16 20:31:36,616 - INFO - ⌛ aguardando janela de programação de lote de OS...
2026-06-16 20:32:02,131 - INFO - 🟨 Janela de aviso de substituição de lote de OS detectada
2026-06-16 20:32:22,234 - INFO - ⌛ aguardando janela de programação de lote de OS...
2026-06-16 20:32:47,731 - INFO - 🟨 Janela de programação de lote de OS detectada
2026-06-16 20:33:37,269 - INFO - 🟨 Janela de confirmação de programação de lote de OS detectada
2026-06-16 20:33:41,473 - INFO - ⌛ aguardando confirmação final de programação do lote
2026-06-16 20:34:06,922 - INFO - 🟨 programação do lote 37 efetuado com sucesso
2026-06-16 20:34:17,026 - INFO - 
=== Iniciando lote 38/534 [REDES] ===
2026-06-16 20:34:17,026 - INFO - 
=== abrir_janela_selecao ===
2026-06-16 20:34:23,338 - INFO - 
=== rotina abrir_selecao_colar_os ===
2026-06-16 20:34:23,383 - INFO - Janela de seleção aberta
2026-06-16 20:34:27,627 - INFO - DEBUG: idx=37, inicio=925, fim=950
2026-06-16 20:34:27,628 - INFO - ✅ 25 OS copiadas para a área de transferência.
2026-06-16 20:34:27,628 - INFO - 📋 Lote 38 copiado.
2026-06-16 20:34:35,956 - INFO - ⌛ Esperando mudança visual...
2026-06-16 20:34:36,973 - INFO - ⌛ Esperando mudança visual...
2026-06-16 20:34:37,984 - INFO - ⌛ Esperando mudança visual...
2026-06-16 20:34:39,004 - INFO - ⌛ Esperando mudança visual...
2026-06-16 20:34:40,016 - INFO - ⌛ Esperando mudança visual...
2026-06-16 20:34:41,033 - INFO - ⌛ Esperando mudança visual...
2026-06-16 20:34:42,048 - INFO - ⌛ Esperando mudança visual...
2026-06-16 20:34:43,062 - INFO - ⌛ Esperando mudança visual...
2026-06-16 20:34:44,076 - INFO - ⌛ Esperando mudança visual...
2026-06-16 20:34:45,095 - INFO - ✅ Tela carregada!
2026-06-16 20:34:49,096 - INFO - 
=== rotina desbloquear_os ===
2026-06-16 20:35:15,579 - INFO - ⌛ Aguardando janela de confirmação de desbloqueio...
2026-06-16 20:35:30,963 - INFO - 🟨 Registros desbloqueados com sucesso
2026-06-16 20:35:35,066 - INFO - 
=== rotina editar_os ===
2026-06-16 20:35:44,477 - INFO - ⌛ Aguardando janela de edição de OS...
2026-06-16 20:35:59,891 - INFO - 🟨 OS programadas detectadas
2026-06-16 20:36:03,000 - INFO - ⌛ Aguardando janela de edição de OS...
2026-06-16 20:36:18,458 - INFO - 🟨 Janela de edição de OS detectada
2026-06-16 20:36:39,819 - INFO - 🟨 Janela de edição de habilidade da turma detectada
2026-06-16 20:37:58,112 - INFO - ⌛ Aguardando detecção do campo de caracteristica 'EQUIPE PRÓPRIA OU EPS' ...
2026-06-16 20:38:17,459 - INFO - 🟨 campo de caracteristica 'EQUIPE PRÓPRIA OU EPS detectado
2026-06-16 20:38:39,234 - INFO - ⌛ Aguardando confirmação 4 - editar OS...
2026-06-16 20:38:54,659 - INFO - ⌛ Aguardando confirmação 4 - editar OS...
2026-06-16 20:39:10,099 - INFO - ⌛ Aguardando confirmação 4 - editar OS...
2026-06-16 20:39:25,538 - INFO - 🟨 Janela de confirmação 4 de edição de OS detectada
2026-06-16 20:39:29,646 - INFO - 
=== rotina programar_os ===
2026-06-16 20:39:56,174 - INFO - ⌛ Aguardando janela de confirmação de programação de OS...
2026-06-16 20:40:21,621 - INFO - 🟨 Janela de confirmação de programação de OS detectada
2026-06-16 20:40:34,872 - INFO - 🟨 Janela de aviso de edição de OS programadas detectada
2026-06-16 20:40:42,078 - INFO - ⌛ aguardando janela de programação de lote de OS...
2026-06-16 20:41:07,573 - INFO - 🟨 Janela de aviso de substituição de lote de OS detectada
2026-06-16 20:41:27,677 - INFO - ⌛ aguardando janela de programação de lote de OS...
2026-06-16 20:41:53,162 - INFO - 🟨 Janela de programação de lote de OS detectada
2026-06-16 20:42:42,664 - INFO - 🟨 Janela de confirmação de programação de lote de OS detectada
2026-06-16 20:42:46,877 - INFO - ⌛ aguardando confirmação final de programação do lote
2026-06-16 20:43:12,318 - INFO - 🟨 programação do lote 38 efetuado com sucesso
2026-06-16 20:43:22,429 - INFO - 
=== Iniciando lote 39/534 [REDES] ===
2026-06-16 20:43:22,430 - INFO - 
=== abrir_janela_selecao ===
2026-06-16 20:43:28,739 - INFO - 
=== rotina abrir_selecao_colar_os ===
2026-06-16 20:43:28,783 - INFO - Janela de seleção aberta
2026-06-16 20:43:33,009 - INFO - DEBUG: idx=38, inicio=950, fim=975
2026-06-16 20:43:33,009 - INFO - ✅ 25 OS copiadas para a área de transferência.
2026-06-16 20:43:33,009 - INFO - 📋 Lote 39 copiado.
2026-06-16 20:43:41,332 - INFO - ⌛ Esperando mudança visual...
2026-06-16 20:43:42,351 - INFO - ⌛ Esperando mudança visual...
2026-06-16 20:43:43,364 - INFO - ⌛ Esperando mudança visual...
2026-06-16 20:43:44,379 - INFO - ⌛ Esperando mudança visual...
2026-06-16 20:43:45,398 - INFO - ⌛ Esperando mudança visual...
2026-06-16 20:43:46,414 - INFO - ⌛ Esperando mudança visual...
2026-06-16 20:43:47,426 - INFO - ⌛ Esperando mudança visual...
2026-06-16 20:43:48,445 - INFO - ⌛ Esperando mudança visual...
2026-06-16 20:43:49,460 - INFO - ⌛ Esperando mudança visual...
2026-06-16 20:43:50,473 - INFO - ✅ Tela carregada!
2026-06-16 20:43:54,478 - INFO - 
=== rotina desbloquear_os ===
2026-06-16 20:44:20,942 - INFO - ⌛ Aguardando janela de confirmação de desbloqueio...
2026-06-16 20:44:36,331 - INFO - 🟨 Registros desbloqueados com sucesso
2026-06-16 20:44:40,436 - INFO - 
=== rotina editar_os ===
2026-06-16 20:44:49,836 - INFO - ⌛ Aguardando janela de edição de OS...
2026-06-16 20:45:05,275 - INFO - 🟨 OS programadas detectadas
2026-06-16 20:45:08,378 - INFO - ⌛ Aguardando janela de edição de OS...
2026-06-16 20:45:23,806 - INFO - 🟨 Janela de edição de OS detectada
2026-06-16 20:45:45,167 - INFO - 🟨 Janela de edição de habilidade da turma detectada
2026-06-16 20:47:03,497 - INFO - ⌛ Aguardando detecção do campo de caracteristica 'EQUIPE PRÓPRIA OU EPS' ...
2026-06-16 20:47:22,853 - INFO - 🟨 campo de caracteristica 'EQUIPE PRÓPRIA OU EPS detectado
2026-06-16 20:47:44,651 - INFO - ⌛ Aguardando confirmação 4 - editar OS...
2026-06-16 20:48:00,074 - INFO - ⌛ Aguardando confirmação 4 - editar OS...
2026-06-16 20:48:15,554 - INFO - ⌛ Aguardando confirmação 4 - editar OS...
2026-06-16 20:48:30,982 - INFO - 🟨 Janela de confirmação 4 de edição de OS detectada
2026-06-16 20:48:35,090 - INFO - 
=== rotina programar_os ===
2026-06-16 20:49:01,602 - INFO - ⌛ Aguardando janela de confirmação de programação de OS...
2026-06-16 20:49:27,022 - INFO - 🟨 Janela de confirmação de programação de OS detectada
2026-06-16 20:49:40,279 - INFO - 🟨 Janela de aviso de edição de OS programadas detectada
2026-06-16 20:49:47,491 - INFO - ⌛ aguardando janela de programação de lote de OS...
2026-06-16 20:50:13,004 - INFO - 🟨 Janela de aviso de substituição de lote de OS detectada
2026-06-16 20:50:33,108 - INFO - ⌛ aguardando janela de programação de lote de OS...
2026-06-16 20:50:58,606 - INFO - 🟨 Janela de programação de lote de OS detectada
2026-06-16 20:51:48,115 - INFO - 🟨 Janela de confirmação de programação de lote de OS detectada
2026-06-16 20:51:52,328 - INFO - ⌛ aguardando confirmação final de programação do lote
2026-06-16 20:52:17,773 - INFO - 🟨 programação do lote 39 efetuado com sucesso
2026-06-16 20:52:27,884 - INFO - 
=== Iniciando lote 40/534 [REDES] ===
2026-06-16 20:52:27,884 - INFO - 
=== abrir_janela_selecao ===
2026-06-16 20:52:34,192 - INFO - 
=== rotina abrir_selecao_colar_os ===
2026-06-16 20:52:34,244 - INFO - Janela de seleção aberta
2026-06-16 20:52:38,465 - INFO - DEBUG: idx=39, inicio=975, fim=1000
2026-06-16 20:52:38,465 - INFO - ✅ 25 OS copiadas para a área de transferência.
2026-06-16 20:52:38,465 - INFO - 📋 Lote 40 copiado.
2026-06-16 20:52:46,794 - INFO - ⌛ Esperando mudança visual...
2026-06-16 20:52:47,810 - INFO - ⌛ Esperando mudança visual...
2026-06-16 20:52:48,822 - INFO - ⌛ Esperando mudança visual...
2026-06-16 20:52:49,842 - INFO - ⌛ Esperando mudança visual...
2026-06-16 20:52:50,855 - INFO - ⌛ Esperando mudança visual...
2026-06-16 20:52:51,869 - INFO - ⌛ Esperando mudança visual...
2026-06-16 20:52:52,889 - INFO - ⌛ Esperando mudança visual...
2026-06-16 20:52:53,902 - INFO - ⌛ Esperando mudança visual...
2026-06-16 20:52:54,916 - INFO - ⌛ Esperando mudança visual...
2026-06-16 20:52:55,936 - INFO - ✅ Tela carregada!
2026-06-16 20:52:59,937 - INFO - 
=== rotina desbloquear_os ===
2026-06-16 20:53:26,404 - INFO - ⌛ Aguardando janela de confirmação de desbloqueio...
2026-06-16 20:53:41,785 - INFO - 🟨 Registros desbloqueados com sucesso
2026-06-16 20:53:45,888 - INFO - 
=== rotina editar_os ===
2026-06-16 20:53:55,299 - INFO - ⌛ Aguardando janela de edição de OS...
2026-06-16 20:54:10,717 - INFO - 🟨 OS programadas detectadas
2026-06-16 20:54:13,821 - INFO - ⌛ Aguardando janela de edição de OS...
2026-06-16 20:54:29,266 - INFO - 🟨 Janela de edição de OS detectada
2026-06-16 20:54:50,641 - INFO - 🟨 Janela de edição de habilidade da turma detectada
2026-06-16 20:56:08,933 - INFO - ⌛ Aguardando detecção do campo de caracteristica 'EQUIPE PRÓPRIA OU EPS' ...
2026-06-16 20:56:28,278 - INFO - 🟨 campo de caracteristica 'EQUIPE PRÓPRIA OU EPS detectado
2026-06-16 20:56:50,060 - INFO - ⌛ Aguardando confirmação 4 - editar OS...
2026-06-16 20:57:05,514 - INFO - ⌛ Aguardando confirmação 4 - editar OS...
2026-06-16 20:57:21,020 - INFO - ⌛ Aguardando confirmação 4 - editar OS...
2026-06-16 20:57:36,476 - INFO - 🟨 Janela de confirmação 4 de edição de OS detectada
2026-06-16 20:57:40,586 - INFO - 
=== rotina programar_os ===
2026-06-16 20:58:07,101 - INFO - ⌛ Aguardando janela de confirmação de programação de OS...
2026-06-16 20:58:32,517 - INFO - 🟨 Janela de confirmação de programação de OS detectada
2026-06-16 20:58:45,770 - INFO - 🟨 Janela de aviso de edição de OS programadas detectada
2026-06-16 20:58:52,985 - INFO - ⌛ aguardando janela de programação de lote de OS...
2026-06-16 20:59:18,464 - INFO - 🟨 Janela de aviso de substituição de lote de OS detectada
2026-06-16 20:59:38,567 - INFO - ⌛ aguardando janela de programação de lote de OS...
2026-06-16 21:00:04,077 - INFO - 🟨 Janela de programação de lote de OS detectada
2026-06-16 21:00:53,604 - INFO - 🟨 Janela de confirmação de programação de lote de OS detectada
2026-06-16 21:00:57,817 - INFO - ⌛ aguardando confirmação final de programação do lote
2026-06-16 21:01:23,240 - INFO - 🟨 programação do lote 40 efetuado com sucesso
2026-06-16 21:01:33,344 - INFO - 
=== Iniciando lote 41/534 [REDES] ===
2026-06-16 21:01:33,344 - INFO - 
=== abrir_janela_selecao ===
2026-06-16 21:01:39,657 - INFO - 
=== rotina abrir_selecao_colar_os ===
2026-06-16 21:01:39,712 - INFO - Janela de seleção aberta
2026-06-16 21:01:43,932 - INFO - DEBUG: idx=40, inicio=1000, fim=1025
2026-06-16 21:01:43,932 - INFO - ✅ 25 OS copiadas para a área de transferência.
2026-06-16 21:01:43,932 - INFO - 📋 Lote 41 copiado.
2026-06-16 21:01:52,258 - INFO - ⌛ Esperando mudança visual...
2026-06-16 21:01:53,269 - INFO - ⌛ Esperando mudança visual...
2026-06-16 21:01:54,287 - INFO - ⌛ Esperando mudança visual...
2026-06-16 21:01:55,304 - INFO - ⌛ Esperando mudança visual...
2026-06-16 21:01:56,317 - INFO - ⌛ Esperando mudança visual...
2026-06-16 21:01:57,336 - INFO - ⌛ Esperando mudança visual...
2026-06-16 21:01:58,350 - INFO - ⌛ Esperando mudança visual...
2026-06-16 21:01:59,363 - INFO - ⌛ Esperando mudança visual...
2026-06-16 21:02:00,381 - INFO - ⌛ Esperando mudança visual...
2026-06-16 21:02:01,397 - INFO - ⌛ Esperando mudança visual...
2026-06-16 21:02:02,411 - INFO - ⌛ Esperando mudança visual...
2026-06-16 21:02:03,425 - INFO - ⌛ Esperando mudança visual...
2026-06-16 21:02:04,443 - INFO - ✅ Tela carregada!
2026-06-16 21:02:08,444 - INFO - 
=== rotina desbloquear_os ===
2026-06-16 21:02:34,910 - INFO - ⌛ Aguardando janela de confirmação de desbloqueio...
2026-06-16 21:02:50,311 - INFO - ⌛ Aguardando janela de confirmação de desbloqueio...
2026-06-16 21:03:05,712 - INFO - 🟨 Registros desbloqueados com sucesso
2026-06-16 21:03:09,817 - INFO - 
=== rotina editar_os ===
2026-06-16 21:03:19,222 - INFO - ⌛ Aguardando janela de edição de OS...
2026-06-16 21:03:34,662 - INFO - 🟨 OS programadas detectadas
2026-06-16 21:03:37,766 - INFO - ⌛ Aguardando janela de edição de OS...
2026-06-16 21:03:53,244 - INFO - 🟨 Janela de edição de OS detectada
2026-06-16 21:04:14,605 - INFO - 🟨 Janela de edição de habilidade da turma detectada
2026-06-16 21:05:32,918 - INFO - ⌛ Aguardando detecção do campo de caracteristica 'EQUIPE PRÓPRIA OU EPS' ...
2026-06-16 21:05:52,265 - INFO - 🟨 campo de caracteristica 'EQUIPE PRÓPRIA OU EPS detectado
2026-06-16 21:06:14,032 - INFO - ⌛ Aguardando confirmação 4 - editar OS...
2026-06-16 21:06:29,454 - INFO - ⌛ Aguardando confirmação 4 - editar OS...
2026-06-16 21:06:44,891 - INFO - ⌛ Aguardando confirmação 4 - editar OS...
2026-06-16 21:07:00,318 - INFO - ⌛ Aguardando confirmação 4 - editar OS...
2026-06-16 21:07:15,760 - INFO - 🟨 Janela de confirmação 4 de edição de OS detectada
2026-06-16 21:07:19,862 - INFO - 
=== rotina programar_os ===
2026-06-16 21:07:46,373 - INFO - ⌛ Aguardando janela de confirmação de programação de OS...
2026-06-16 21:08:11,799 - INFO - 🟨 Janela de confirmação de programação de OS detectada
2026-06-16 21:08:25,064 - INFO - 🟨 Janela de aviso de edição de OS programadas detectada
2026-06-16 21:08:32,276 - INFO - ⌛ aguardando janela de programação de lote de OS...
2026-06-16 21:08:57,869 - INFO - 🟨 Janela de aviso de substituição de lote de OS detectada
2026-06-16 21:09:17,973 - INFO - ⌛ aguardando janela de programação de lote de OS...
2026-06-16 21:09:43,460 - INFO - 🟨 Janela de programação de lote de OS detectada
2026-06-16 21:10:32,962 - INFO - 🟨 Janela de confirmação de programação de lote de OS detectada
2026-06-16 21:10:37,166 - INFO - ⌛ aguardando confirmação final de programação do lote
2026-06-16 21:11:02,633 - INFO - 🟨 programação do lote 41 efetuado com sucesso
2026-06-16 21:11:12,738 - INFO - 
=== Iniciando lote 42/534 [REDES] ===
2026-06-16 21:11:12,738 - INFO - 
=== abrir_janela_selecao ===
2026-06-16 21:11:19,044 - INFO - 
=== rotina abrir_selecao_colar_os ===
2026-06-16 21:11:19,102 - INFO - Janela de seleção aberta
2026-06-16 21:11:23,324 - INFO - DEBUG: idx=41, inicio=1025, fim=1050
2026-06-16 21:11:23,324 - INFO - ✅ 25 OS copiadas para a área de transferência.
2026-06-16 21:11:23,324 - INFO - 📋 Lote 42 copiado.
2026-06-16 21:11:31,649 - INFO - ⌛ Esperando mudança visual...
2026-06-16 21:11:32,662 - INFO - ⌛ Esperando mudança visual...
2026-06-16 21:11:33,681 - INFO - ⌛ Esperando mudança visual...
2026-06-16 21:11:34,697 - INFO - ⌛ Esperando mudança visual...
2026-06-16 21:11:35,709 - INFO - ⌛ Esperando mudança visual...
2026-06-16 21:11:36,727 - INFO - ⌛ Esperando mudança visual...
2026-06-16 21:11:37,740 - INFO - ⌛ Esperando mudança visual...
2026-06-16 21:11:38,756 - INFO - ⌛ Esperando mudança visual...
2026-06-16 21:11:39,773 - INFO - ⌛ Esperando mudança visual...
2026-06-16 21:11:40,788 - INFO - ⌛ Esperando mudança visual...
2026-06-16 21:11:41,805 - INFO - ⌛ Esperando mudança visual...
2026-06-16 21:11:42,818 - INFO - ⌛ Esperando mudança visual...
2026-06-16 21:11:43,835 - INFO - ⌛ Esperando mudança visual...
2026-06-16 21:11:44,853 - INFO - ⌛ Esperando mudança visual...
2026-06-16 21:11:45,866 - INFO - ⌛ Esperando mudança visual...
2026-06-16 21:11:46,885 - INFO - ⌛ Esperando mudança visual...
2026-06-16 21:11:47,901 - INFO - ⌛ Esperando mudança visual...
2026-06-16 21:11:48,917 - INFO - ⌛ Esperando mudança visual...
2026-06-16 21:11:49,930 - INFO - ⌛ Esperando mudança visual...
2026-06-16 21:11:50,948 - INFO - ⌛ Esperando mudança visual...
2026-06-16 21:11:51,959 - INFO - ⌛ Esperando mudança visual...
2026-06-16 21:11:52,979 - INFO - ✅ Tela carregada!
2026-06-16 21:11:56,980 - INFO - 
=== rotina desbloquear_os ===
2026-06-16 21:12:23,460 - INFO - ⌛ Aguardando janela de confirmação de desbloqueio...
2026-06-16 21:12:38,849 - INFO - ⌛ Aguardando janela de confirmação de desbloqueio...
2026-06-16 21:12:54,220 - INFO - 🟨 Registros desbloqueados com sucesso
2026-06-16 21:12:58,333 - INFO - 
=== rotina editar_os ===
2026-06-16 21:13:07,760 - INFO - ⌛ Aguardando janela de edição de OS...
2026-06-16 21:13:23,175 - INFO - 🟨 OS programadas detectadas
2026-06-16 21:13:26,283 - INFO - ⌛ Aguardando janela de edição de OS...
2026-06-16 21:13:41,818 - INFO - 🟨 Janela de edição de OS detectada
2026-06-16 21:14:03,189 - INFO - 🟨 Janela de edição de habilidade da turma detectada
2026-06-16 21:15:21,497 - INFO - ⌛ Aguardando detecção do campo de caracteristica 'EQUIPE PRÓPRIA OU EPS' ...
2026-06-16 21:15:40,858 - INFO - 🟨 campo de caracteristica 'EQUIPE PRÓPRIA OU EPS detectado
2026-06-16 21:16:02,617 - INFO - ⌛ Aguardando confirmação 4 - editar OS...
2026-06-16 21:16:18,060 - INFO - ⌛ Aguardando confirmação 4 - editar OS...
2026-06-16 21:16:33,466 - INFO - ⌛ Aguardando confirmação 4 - editar OS...
2026-06-16 21:16:48,944 - INFO - ⌛ Aguardando confirmação 4 - editar OS...
2026-06-16 21:17:04,406 - INFO - ⌛ Aguardando confirmação 4 - editar OS...
2026-06-16 21:17:19,903 - INFO - ⌛ Aguardando confirmação 4 - editar OS...
2026-06-16 21:17:35,352 - INFO - ⌛ Aguardando confirmação 4 - editar OS...
2026-06-16 21:17:50,778 - INFO - 🟨 Janela de confirmação 4 de edição de OS detectada
2026-06-16 21:17:54,887 - INFO - 
=== rotina programar_os ===
2026-06-16 21:18:21,405 - INFO - ⌛ Aguardando janela de confirmação de programação de OS...
2026-06-16 21:18:46,822 - INFO - 🟨 Janela de confirmação de programação de OS detectada
2026-06-16 21:19:00,098 - INFO - 🟨 Janela de aviso de edição de OS programadas detectada
2026-06-16 21:19:07,318 - INFO - ⌛ aguardando janela de programação de lote de OS...
2026-06-16 21:19:32,793 - INFO - 🟨 Janela de aviso de substituição de lote de OS detectada
2026-06-16 21:19:52,898 - INFO - ⌛ aguardando janela de programação de lote de OS...
2026-06-16 21:20:18,402 - INFO - 🟨 Janela de programação de lote de OS detectada
2026-06-16 21:21:07,883 - INFO - 🟨 Janela de confirmação de programação de lote de OS detectada
2026-06-16 21:21:12,098 - INFO - ⌛ aguardando confirmação final de programação do lote
2026-06-16 21:21:37,546 - INFO - 🟨 programação do lote 42 efetuado com sucesso
2026-06-16 21:21:47,647 - INFO - 
=== Iniciando lote 43/534 [REDES] ===
2026-06-16 21:21:47,647 - INFO - 
=== abrir_janela_selecao ===
2026-06-16 21:21:53,960 - INFO - 
=== rotina abrir_selecao_colar_os ===
2026-06-16 21:21:54,008 - INFO - Janela de seleção aberta
2026-06-16 21:21:58,225 - INFO - DEBUG: idx=42, inicio=1050, fim=1075
2026-06-16 21:21:58,225 - INFO - ✅ 25 OS copiadas para a área de transferência.
2026-06-16 21:21:58,225 - INFO - 📋 Lote 43 copiado.
2026-06-16 21:22:06,548 - INFO - ⌛ Esperando mudança visual...
2026-06-16 21:22:07,564 - INFO - ⌛ Esperando mudança visual...
2026-06-16 21:22:08,579 - INFO - ⌛ Esperando mudança visual...
2026-06-16 21:22:09,595 - INFO - ⌛ Esperando mudança visual...
2026-06-16 21:22:10,611 - INFO - ⌛ Esperando mudança visual...
2026-06-16 21:22:11,631 - INFO - ⌛ Esperando mudança visual...
2026-06-16 21:22:12,644 - INFO - ⌛ Esperando mudança visual...
2026-06-16 21:22:13,656 - INFO - ⌛ Esperando mudança visual...
2026-06-16 21:22:14,673 - INFO - ⌛ Esperando mudança visual...
2026-06-16 21:22:15,684 - INFO - ⌛ Esperando mudança visual...
2026-06-16 21:22:16,706 - INFO - ⌛ Esperando mudança visual...
2026-06-16 21:22:17,717 - INFO - ⌛ Esperando mudança visual...
2026-06-16 21:22:18,729 - INFO - ⌛ Esperando mudança visual...
2026-06-16 21:22:19,746 - INFO - ✅ Tela carregada!
2026-06-16 21:22:23,746 - INFO - 
=== rotina desbloquear_os ===
2026-06-16 21:22:50,207 - INFO - ⌛ Aguardando janela de confirmação de desbloqueio...
2026-06-16 21:23:05,601 - INFO - ⌛ Aguardando janela de confirmação de desbloqueio...
2026-06-16 21:23:20,992 - INFO - 🟨 Registros desbloqueados com sucesso
2026-06-16 21:23:25,095 - INFO - 
=== rotina editar_os ===
2026-06-16 21:23:34,501 - INFO - ⌛ Aguardando janela de edição de OS...
2026-06-16 21:23:49,930 - INFO - 🟨 OS programadas detectadas
2026-06-16 21:23:53,033 - INFO - ⌛ Aguardando janela de edição de OS...
2026-06-16 21:24:08,472 - INFO - 🟨 Janela de edição de OS detectada
2026-06-16 21:24:29,828 - INFO - 🟨 Janela de edição de habilidade da turma detectada
2026-06-16 21:25:48,123 - INFO - ⌛ Aguardando detecção do campo de caracteristica 'EQUIPE PRÓPRIA OU EPS' ...
2026-06-16 21:26:07,460 - INFO - 🟨 campo de caracteristica 'EQUIPE PRÓPRIA OU EPS detectado
2026-06-16 21:26:29,218 - INFO - ⌛ Aguardando confirmação 4 - editar OS...
2026-06-16 21:26:44,672 - INFO - ⌛ Aguardando confirmação 4 - editar OS...
2026-06-16 21:27:00,106 - INFO - ⌛ Aguardando confirmação 4 - editar OS...
2026-06-16 21:27:15,614 - INFO - ⌛ Aguardando confirmação 4 - editar OS...
2026-06-16 21:27:31,052 - INFO - 🟨 Janela de confirmação 4 de edição de OS detectada
2026-06-16 21:27:35,160 - INFO - 
=== rotina programar_os ===
2026-06-16 21:28:01,666 - INFO - ⌛ Aguardando janela de confirmação de programação de OS...
2026-06-16 21:28:27,125 - INFO - 🟨 Janela de confirmação de programação de OS detectada
2026-06-16 21:28:40,376 - INFO - 🟨 Janela de aviso de edição de OS programadas detectada
2026-06-16 21:28:47,580 - INFO - ⌛ aguardando janela de programação de lote de OS...
2026-06-16 21:29:13,073 - INFO - 🟨 Janela de aviso de substituição de lote de OS detectada
2026-06-16 21:29:33,175 - INFO - ⌛ aguardando janela de programação de lote de OS...
2026-06-16 21:29:58,638 - INFO - 🟨 Janela de programação de lote de OS detectada
2026-06-16 21:30:48,158 - INFO - 🟨 Janela de confirmação de programação de lote de OS detectada
2026-06-16 21:30:52,373 - INFO - ⌛ aguardando confirmação final de programação do lote
2026-06-16 21:31:17,807 - INFO - 🟨 programação do lote 43 efetuado com sucesso
2026-06-16 21:31:27,910 - INFO - 
=== Iniciando lote 44/534 [REDES] ===
2026-06-16 21:31:27,910 - INFO - 
=== abrir_janela_selecao ===
2026-06-16 21:31:34,217 - INFO - 
=== rotina abrir_selecao_colar_os ===
2026-06-16 21:31:34,277 - INFO - Janela de seleção aberta
2026-06-16 21:31:38,508 - INFO - DEBUG: idx=43, inicio=1075, fim=1100
2026-06-16 21:31:38,509 - INFO - ✅ 25 OS copiadas para a área de transferência.
2026-06-16 21:31:38,509 - INFO - 📋 Lote 44 copiado.
2026-06-16 21:31:46,840 - INFO - ⌛ Esperando mudança visual...
2026-06-16 21:31:47,856 - INFO - ⌛ Esperando mudança visual...
2026-06-16 21:31:48,872 - INFO - ⌛ Esperando mudança visual...
2026-06-16 21:31:49,889 - INFO - ⌛ Esperando mudança visual...
2026-06-16 21:31:50,904 - INFO - ⌛ Esperando mudança visual...
2026-06-16 21:31:51,917 - INFO - ⌛ Esperando mudança visual...
2026-06-16 21:31:52,930 - INFO - ⌛ Esperando mudança visual...
2026-06-16 21:31:53,948 - INFO - ⌛ Esperando mudança visual...
2026-06-16 21:31:54,963 - INFO - ⌛ Esperando mudança visual...
2026-06-16 21:31:55,977 - INFO - ⌛ Esperando mudança visual...
2026-06-16 21:31:56,997 - INFO - ⌛ Esperando mudança visual...
2026-06-16 21:31:58,012 - INFO - ⌛ Esperando mudança visual...
2026-06-16 21:31:59,023 - INFO - ⌛ Esperando mudança visual...
2026-06-16 21:32:00,041 - INFO - ✅ Tela carregada!
2026-06-16 21:32:04,042 - INFO - 
=== rotina desbloquear_os ===
2026-06-16 21:32:30,507 - INFO - ⌛ Aguardando janela de confirmação de desbloqueio...
2026-06-16 21:32:45,896 - INFO - ⌛ Aguardando janela de confirmação de desbloqueio...
2026-06-16 21:33:01,275 - INFO - 🟨 Registros desbloqueados com sucesso
2026-06-16 21:33:05,393 - INFO - 
=== rotina editar_os ===
2026-06-16 21:33:14,820 - INFO - ⌛ Aguardando janela de edição de OS...
2026-06-16 21:33:30,228 - INFO - 🟨 OS programadas detectadas
2026-06-16 21:33:33,340 - INFO - ⌛ Aguardando janela de edição de OS...
2026-06-16 21:33:48,775 - INFO - 🟨 Janela de edição de OS detectada
2026-06-16 21:34:10,144 - INFO - 🟨 Janela de edição de habilidade da turma detectada
2026-06-16 21:35:28,449 - INFO - ⌛ Aguardando detecção do campo de caracteristica 'EQUIPE PRÓPRIA OU EPS' ...
2026-06-16 21:35:47,798 - INFO - 🟨 campo de caracteristica 'EQUIPE PRÓPRIA OU EPS detectado
2026-06-16 21:36:09,558 - INFO - ⌛ Aguardando confirmação 4 - editar OS...
2026-06-16 21:36:24,986 - INFO - ⌛ Aguardando confirmação 4 - editar OS...
2026-06-16 21:36:40,450 - INFO - ⌛ Aguardando confirmação 4 - editar OS...
2026-06-16 21:36:55,940 - INFO - ⌛ Aguardando confirmação 4 - editar OS...
2026-06-16 21:37:11,444 - INFO - ⌛ Aguardando confirmação 4 - editar OS...
2026-06-16 21:37:26,935 - INFO - ⌛ Aguardando confirmação 4 - editar OS...
2026-06-16 21:37:42,396 - INFO - ⌛ Aguardando confirmação 4 - editar OS...
2026-06-16 21:37:57,822 - INFO - ⌛ Aguardando confirmação 4 - editar OS...
2026-06-16 21:38:13,307 - INFO - ⌛ Aguardando confirmação 4 - editar OS...
2026-06-16 21:38:28,780 - INFO - ⌛ Aguardando confirmação 4 - editar OS...
2026-06-16 21:38:44,229 - INFO - ⌛ Aguardando confirmação 4 - editar OS...
2026-06-16 21:38:59,668 - INFO - ⌛ Aguardando confirmação 4 - editar OS...
2026-06-16 21:39:15,135 - INFO - ⌛ Aguardando confirmação 4 - editar OS...
2026-06-16 21:39:30,591 - INFO - ⌛ Aguardando confirmação 4 - editar OS...
2026-06-16 21:39:46,079 - INFO - ⌛ Aguardando confirmação 4 - editar OS...
2026-06-16 21:40:01,501 - INFO - ⌛ Aguardando confirmação 4 - editar OS...
2026-06-16 21:40:16,967 - INFO - ⌛ Aguardando confirmação 4 - editar OS...
2026-06-16 21:40:32,420 - INFO - ⌛ Aguardando confirmação 4 - editar OS...
2026-06-16 21:40:47,892 - INFO - ⌛ Aguardando confirmação 4 - editar OS...
2026-06-16 21:41:03,346 - INFO - ⌛ Aguardando confirmação 4 - editar OS...
2026-06-16 21:41:18,783 - INFO - ⌛ Aguardando confirmação 4 - editar OS...
2026-06-16 21:41:34,235 - INFO - ⌛ Aguardando confirmação 4 - editar OS...
2026-06-16 21:41:49,686 - INFO - ⌛ Aguardando confirmação 4 - editar OS...
2026-06-16 21:42:05,144 - INFO - ⌛ Aguardando confirmação 4 - editar OS...
2026-06-16 21:42:20,607 - INFO - ⌛ Aguardando confirmação 4 - editar OS...
2026-06-16 21:42:36,048 - INFO - ⌛ Aguardando confirmação 4 - editar OS...
2026-06-16 21:42:51,495 - INFO - ⌛ Aguardando confirmação 4 - editar OS...
2026-06-16 21:43:06,947 - INFO - ⌛ Aguardando confirmação 4 - editar OS...
2026-06-16 21:43:22,384 - INFO - 🟨 Janela de confirmação 4 de edição de OS detectada
2026-06-16 21:43:26,487 - INFO - 
=== rotina programar_os ===
2026-06-16 21:43:53,004 - INFO - ⌛ Aguardando janela de confirmação de programação de OS...
2026-06-16 21:44:18,424 - INFO - 🟨 Janela de confirmação de programação de OS detectada
2026-06-16 21:44:31,682 - INFO - 🟨 Janela de aviso de edição de OS programadas detectada
2026-06-16 21:44:38,890 - INFO - ⌛ aguardando janela de programação de lote de OS...
2026-06-16 21:45:04,405 - INFO - 🟨 Janela de aviso de substituição de lote de OS detectada
2026-06-16 21:45:24,510 - INFO - ⌛ aguardando janela de programação de lote de OS...
2026-06-16 21:45:49,992 - INFO - 🟨 Janela de programação de lote de OS detectada
2026-06-16 21:46:39,496 - INFO - 🟨 Janela de confirmação de programação de lote de OS detectada
2026-06-16 21:46:43,712 - INFO - ⌛ aguardando confirmação final de programação do lote
2026-06-16 21:47:09,171 - INFO - 🟨 programação do lote 44 efetuado com sucesso
2026-06-16 21:47:19,276 - INFO - 
=== Iniciando lote 45/534 [REDES] ===
2026-06-16 21:47:19,276 - INFO - 
=== abrir_janela_selecao ===
2026-06-16 21:47:25,587 - INFO - 
=== rotina abrir_selecao_colar_os ===
2026-06-16 21:47:25,634 - INFO - Janela de seleção aberta
2026-06-16 21:47:29,859 - INFO - DEBUG: idx=44, inicio=1100, fim=1125
2026-06-16 21:47:29,859 - INFO - ✅ 25 OS copiadas para a área de transferência.
2026-06-16 21:47:29,859 - INFO - 📋 Lote 45 copiado.
2026-06-16 21:47:38,186 - INFO - ⌛ Esperando mudança visual...
2026-06-16 21:47:39,202 - INFO - ⌛ Esperando mudança visual...
2026-06-16 21:47:40,219 - INFO - ⌛ Esperando mudança visual...
2026-06-16 21:47:41,230 - INFO - ⌛ Esperando mudança visual...
2026-06-16 21:47:42,249 - INFO - ⌛ Esperando mudança visual...
2026-06-16 21:47:43,264 - INFO - ⌛ Esperando mudança visual...
2026-06-16 21:47:44,280 - INFO - ⌛ Esperando mudança visual...
2026-06-16 21:47:45,295 - INFO - ⌛ Esperando mudança visual...
2026-06-16 21:47:46,313 - INFO - ⌛ Esperando mudança visual...
2026-06-16 21:47:47,323 - INFO - ⌛ Esperando mudança visual...
2026-06-16 21:47:48,341 - INFO - ✅ Tela carregada!
2026-06-16 21:47:52,343 - INFO - 
=== rotina desbloquear_os ===
2026-06-16 21:48:18,813 - INFO - ⌛ Aguardando janela de confirmação de desbloqueio...
2026-06-16 21:48:34,194 - INFO - 🟨 Registros desbloqueados com sucesso
2026-06-16 21:48:38,313 - INFO - 
=== rotina editar_os ===
2026-06-16 21:48:47,736 - INFO - ⌛ Aguardando janela de edição de OS...
2026-06-16 21:49:03,167 - INFO - 🟨 OS programadas detectadas
2026-06-16 21:49:06,279 - INFO - ⌛ Aguardando janela de edição de OS...
2026-06-16 21:49:21,710 - INFO - 🟨 Janela de edição de OS detectada
2026-06-16 21:49:43,074 - INFO - 🟨 Janela de edição de habilidade da turma detectada
2026-06-16 21:51:01,378 - INFO - ⌛ Aguardando detecção do campo de caracteristica 'EQUIPE PRÓPRIA OU EPS' ...
2026-06-16 21:51:20,719 - INFO - 🟨 campo de caracteristica 'EQUIPE PRÓPRIA OU EPS detectado
2026-06-16 21:51:42,502 - INFO - ⌛ Aguardando confirmação 4 - editar OS...
2026-06-16 21:51:57,928 - INFO - ⌛ Aguardando confirmação 4 - editar OS...
2026-06-16 21:52:13,363 - INFO - ⌛ Aguardando confirmação 4 - editar OS...
2026-06-16 21:52:28,774 - INFO - 🟨 Janela de confirmação 4 de edição de OS detectada
2026-06-16 21:52:32,884 - INFO - 
=== rotina programar_os ===
2026-06-16 21:52:59,427 - INFO - ⌛ Aguardando janela de confirmação de programação de OS...
2026-06-16 21:53:24,877 - INFO - 🟨 Janela de confirmação de programação de OS detectada
2026-06-16 21:53:38,129 - INFO - 🟨 Janela de aviso de edição de OS programadas detectada
2026-06-16 21:53:45,337 - INFO - ⌛ aguardando janela de programação de lote de OS...
2026-06-16 21:54:10,867 - INFO - 🟨 Janela de aviso de substituição de lote de OS detectada
2026-06-16 21:54:30,974 - INFO - ⌛ aguardando janela de programação de lote de OS...
2026-06-16 21:54:56,476 - INFO - 🟨 Janela de programação de lote de OS detectada
2026-06-16 21:55:45,983 - INFO - 🟨 Janela de confirmação de programação de lote de OS detectada
2026-06-16 21:55:50,214 - INFO - ⌛ aguardando confirmação final de programação do lote
2026-06-16 21:56:15,654 - INFO - 🟨 programação do lote 45 efetuado com sucesso
2026-06-16 21:56:25,763 - INFO - 
=== Iniciando lote 46/534 [REDES] ===
2026-06-16 21:56:25,764 - INFO - 
=== abrir_janela_selecao ===
2026-06-16 21:56:32,087 - INFO - 
=== rotina abrir_selecao_colar_os ===
2026-06-16 21:56:32,135 - INFO - Janela de seleção aberta
2026-06-16 21:56:36,368 - INFO - DEBUG: idx=45, inicio=1125, fim=1150
2026-06-16 21:56:36,368 - INFO - ✅ 25 OS copiadas para a área de transferência.
2026-06-16 21:56:36,368 - INFO - 📋 Lote 46 copiado.
2026-06-16 21:56:44,694 - INFO - ⌛ Esperando mudança visual...
2026-06-16 21:56:45,705 - INFO - ⌛ Esperando mudança visual...
2026-06-16 21:56:46,724 - INFO - ⌛ Esperando mudança visual...
2026-06-16 21:56:47,741 - INFO - ⌛ Esperando mudança visual...
2026-06-16 21:56:48,752 - INFO - ⌛ Esperando mudança visual...
2026-06-16 21:56:49,772 - INFO - ⌛ Esperando mudança visual...
2026-06-16 21:56:50,788 - INFO - ⌛ Esperando mudança visual...
2026-06-16 21:56:51,799 - INFO - ⌛ Esperando mudança visual...
2026-06-16 21:56:52,819 - INFO - ⌛ Esperando mudança visual...
2026-06-16 21:56:53,835 - INFO - ⌛ Esperando mudança visual...
2026-06-16 21:56:54,847 - INFO - ✅ Tela carregada!
2026-06-16 21:56:58,854 - INFO - 
=== rotina desbloquear_os ===
2026-06-16 21:57:25,311 - INFO - ⌛ Aguardando janela de confirmação de desbloqueio...
2026-06-16 21:57:40,690 - INFO - 🟨 Registros desbloqueados com sucesso
2026-06-16 21:57:44,794 - INFO - 
=== rotina editar_os ===
2026-06-16 21:57:54,204 - INFO - ⌛ Aguardando janela de edição de OS...
2026-06-16 21:58:09,639 - INFO - 🟨 Janela de edição de OS detectada
2026-06-16 21:58:31,004 - INFO - 🟨 Janela de edição de habilidade da turma detectada
2026-06-16 21:59:49,327 - INFO - ⌛ Aguardando detecção do campo de caracteristica 'EQUIPE PRÓPRIA OU EPS' ...
2026-06-16 22:00:08,668 - INFO - 🟨 campo de caracteristica 'EQUIPE PRÓPRIA OU EPS detectado
2026-06-16 22:00:30,460 - INFO - ⌛ Aguardando confirmação 4 - editar OS...
2026-06-16 22:00:45,887 - INFO - ⌛ Aguardando confirmação 4 - editar OS...
2026-06-16 22:01:01,314 - INFO - ⌛ Aguardando confirmação 4 - editar OS...
2026-06-16 22:01:16,721 - INFO - 🟨 Janela de confirmação 4 de edição de OS detectada
2026-06-16 22:01:20,835 - INFO - 
=== rotina programar_os ===
2026-06-16 22:01:47,385 - INFO - ⌛ Aguardando janela de confirmação de programação de OS...
2026-06-16 22:02:12,822 - INFO - 🟨 Janela de confirmação de programação de OS detectada
2026-06-16 22:02:26,077 - INFO - ⌛ aguardando janela de programação de lote de OS...
2026-06-16 22:02:51,556 - INFO - 🟨 Janela de programação de lote de OS detectada
2026-06-16 22:03:41,112 - INFO - 🟨 Janela de confirmação de programação de lote de OS detectada
2026-06-16 22:03:45,313 - INFO - ⌛ aguardando confirmação final de programação do lote
2026-06-16 22:04:10,764 - INFO - 🟨 programação do lote 46 efetuado com sucesso
2026-06-16 22:04:20,868 - INFO - 
=== Iniciando lote 47/534 [REDES] ===
2026-06-16 22:04:20,868 - INFO - 
=== abrir_janela_selecao ===
2026-06-16 22:04:27,175 - INFO - 
=== rotina abrir_selecao_colar_os ===
2026-06-16 22:04:27,227 - INFO - Janela de seleção aberta
2026-06-16 22:04:31,474 - INFO - DEBUG: idx=46, inicio=1150, fim=1175
2026-06-16 22:04:31,474 - INFO - ✅ 25 OS copiadas para a área de transferência.
2026-06-16 22:04:31,474 - INFO - 📋 Lote 47 copiado.
2026-06-16 22:04:39,811 - INFO - ⌛ Esperando mudança visual...
2026-06-16 22:04:40,826 - INFO - ⌛ Esperando mudança visual...
2026-06-16 22:04:41,844 - INFO - ⌛ Esperando mudança visual...
2026-06-16 22:04:42,860 - INFO - ⌛ Esperando mudança visual...
2026-06-16 22:04:43,873 - INFO - ⌛ Esperando mudança visual...
2026-06-16 22:04:44,890 - INFO - ⌛ Esperando mudança visual...
2026-06-16 22:04:45,907 - INFO - ⌛ Esperando mudança visual...
2026-06-16 22:04:46,920 - INFO - ⌛ Esperando mudança visual...
2026-06-16 22:04:47,938 - INFO - ⌛ Esperando mudança visual...
2026-06-16 22:04:48,954 - INFO - ⌛ Esperando mudança visual...
2026-06-16 22:04:49,967 - INFO - ⌛ Esperando mudança visual...
2026-06-16 22:04:50,985 - INFO - ⌛ Esperando mudança visual...
2026-06-16 22:04:52,001 - INFO - ✅ Tela carregada!
2026-06-16 22:04:56,002 - INFO - 
=== rotina desbloquear_os ===
2026-06-16 22:05:22,475 - INFO - ⌛ Aguardando janela de confirmação de desbloqueio...
2026-06-16 22:05:37,856 - INFO - ⌛ Aguardando janela de confirmação de desbloqueio...
2026-06-16 22:05:53,231 - INFO - 🟨 Registros desbloqueados com sucesso
2026-06-16 22:05:57,342 - INFO - 
=== rotina editar_os ===
2026-06-16 22:06:06,749 - INFO - ⌛ Aguardando janela de edição de OS...
2026-06-16 22:06:22,176 - INFO - 🟨 Janela de edição de OS detectada
2026-06-16 22:06:43,525 - INFO - 🟨 Janela de edição de habilidade da turma detectada
2026-06-16 22:08:01,841 - INFO - ⌛ Aguardando detecção do campo de caracteristica 'EQUIPE PRÓPRIA OU EPS' ...
2026-06-16 22:08:21,179 - INFO - 🟨 campo de caracteristica 'EQUIPE PRÓPRIA OU EPS detectado
2026-06-16 22:08:42,969 - INFO - ⌛ Aguardando confirmação 4 - editar OS...
2026-06-16 22:08:58,423 - INFO - ⌛ Aguardando confirmação 4 - editar OS...
2026-06-16 22:09:13,929 - INFO - ⌛ Aguardando confirmação 4 - editar OS...
2026-06-16 22:09:29,373 - INFO - 🟨 Janela de confirmação 4 de edição de OS detectada
2026-06-16 22:09:33,475 - INFO - 
=== rotina programar_os ===
2026-06-16 22:09:59,993 - INFO - ⌛ Aguardando janela de confirmação de programação de OS...
2026-06-16 22:10:25,426 - INFO - 🟨 Janela de confirmação de programação de OS detectada
2026-06-16 22:10:38,680 - INFO - ⌛ aguardando janela de programação de lote de OS...
2026-06-16 22:11:04,170 - INFO - ⌛ aguardando janela de programação de lote de OS...
2026-06-16 22:11:29,661 - INFO - 🟨 Janela de programação de lote de OS detectada
2026-06-16 22:12:19,162 - INFO - 🟨 Janela de confirmação de programação de lote de OS detectada
2026-06-16 22:12:23,374 - INFO - ⌛ aguardando confirmação final de programação do lote
2026-06-16 22:12:48,800 - INFO - 🟨 programação do lote 47 efetuado com sucesso
2026-06-16 22:12:58,905 - INFO - 
=== Iniciando lote 48/534 [REDES] ===
2026-06-16 22:12:58,906 - INFO - 
=== abrir_janela_selecao ===
2026-06-16 22:13:05,232 - INFO - 
=== rotina abrir_selecao_colar_os ===
2026-06-16 22:13:05,278 - INFO - Janela de seleção aberta
2026-06-16 22:13:09,520 - INFO - DEBUG: idx=47, inicio=1175, fim=1200
2026-06-16 22:13:09,520 - INFO - ✅ 25 OS copiadas para a área de transferência.
2026-06-16 22:13:09,521 - INFO - 📋 Lote 48 copiado.
2026-06-16 22:13:17,853 - INFO - ⌛ Esperando mudança visual...
2026-06-16 22:13:18,869 - INFO - ⌛ Esperando mudança visual...
2026-06-16 22:13:19,881 - INFO - ⌛ Esperando mudança visual...
2026-06-16 22:13:20,900 - INFO - ⌛ Esperando mudança visual...
2026-06-16 22:13:21,915 - INFO - ⌛ Esperando mudança visual...
2026-06-16 22:13:22,929 - INFO - ⌛ Esperando mudança visual...
2026-06-16 22:13:23,947 - INFO - ⌛ Esperando mudança visual...
2026-06-16 22:13:24,963 - INFO - ⌛ Esperando mudança visual...
2026-06-16 22:13:25,975 - INFO - ⌛ Esperando mudança visual...
2026-06-16 22:13:26,994 - INFO - ⌛ Esperando mudança visual...
2026-06-16 22:13:28,009 - INFO - ✅ Tela carregada!
2026-06-16 22:13:32,011 - INFO - 
=== rotina desbloquear_os ===
2026-06-16 22:13:58,468 - INFO - ⌛ Aguardando janela de confirmação de desbloqueio...
2026-06-16 22:14:13,859 - INFO - 🟨 Registros desbloqueados com sucesso
2026-06-16 22:14:17,962 - INFO - 
=== rotina editar_os ===
2026-06-16 22:14:27,404 - INFO - ⌛ Aguardando janela de edição de OS...
2026-06-16 22:14:42,858 - INFO - 🟨 Janela de edição de OS detectada
2026-06-16 22:15:04,225 - INFO - 🟨 Janela de edição de habilidade da turma detectada
2026-06-16 22:16:22,532 - INFO - ⌛ Aguardando detecção do campo de caracteristica 'EQUIPE PRÓPRIA OU EPS' ...
2026-06-16 22:16:41,879 - INFO - 🟨 campo de caracteristica 'EQUIPE PRÓPRIA OU EPS detectado
2026-06-16 22:17:03,662 - INFO - ⌛ Aguardando confirmação 4 - editar OS...
2026-06-16 22:17:19,081 - INFO - ⌛ Aguardando confirmação 4 - editar OS...
2026-06-16 22:17:34,504 - INFO - ⌛ Aguardando confirmação 4 - editar OS...
2026-06-16 22:17:49,933 - INFO - 🟨 Janela de confirmação 4 de edição de OS detectada
2026-06-16 22:17:54,037 - INFO - 
=== rotina programar_os ===
2026-06-16 22:18:20,566 - INFO - ⌛ Aguardando janela de confirmação de programação de OS...
2026-06-16 22:18:45,978 - INFO - 🟨 Janela de confirmação de programação de OS detectada
2026-06-16 22:18:59,230 - INFO - ⌛ aguardando janela de programação de lote de OS...
2026-06-16 22:19:24,703 - INFO - 🟨 Janela de programação de lote de OS detectada
2026-06-16 22:20:14,225 - INFO - 🟨 Janela de confirmação de programação de lote de OS detectada
2026-06-16 22:20:18,421 - INFO - ⌛ aguardando confirmação final de programação do lote
2026-06-16 22:20:43,839 - INFO - 🟨 programação do lote 48 efetuado com sucesso
2026-06-16 22:20:53,951 - INFO - 
=== Iniciando lote 49/534 [REDES] ===
2026-06-16 22:20:53,951 - INFO - 
=== abrir_janela_selecao ===
2026-06-16 22:21:00,260 - INFO - 
=== rotina abrir_selecao_colar_os ===
2026-06-16 22:21:00,312 - INFO - Janela de seleção aberta
2026-06-16 22:21:04,536 - INFO - DEBUG: idx=48, inicio=1200, fim=1225
2026-06-16 22:21:04,536 - INFO - ✅ 25 OS copiadas para a área de transferência.
2026-06-16 22:21:04,536 - INFO - 📋 Lote 49 copiado.
2026-06-16 22:21:12,864 - INFO - ⌛ Esperando mudança visual...
2026-06-16 22:21:13,879 - INFO - ⌛ Esperando mudança visual...
2026-06-16 22:21:14,891 - INFO - ⌛ Esperando mudança visual...
2026-06-16 22:21:15,910 - INFO - ⌛ Esperando mudança visual...
2026-06-16 22:21:16,927 - INFO - ⌛ Esperando mudança visual...
2026-06-16 22:21:17,944 - INFO - ⌛ Esperando mudança visual...
2026-06-16 22:21:18,958 - INFO - ⌛ Esperando mudança visual...
2026-06-16 22:21:19,973 - INFO - ⌛ Esperando mudança visual...
2026-06-16 22:21:20,985 - INFO - ⌛ Esperando mudança visual...
2026-06-16 22:21:22,004 - INFO - ⌛ Esperando mudança visual...
2026-06-16 22:21:23,017 - INFO - ✅ Tela carregada!
2026-06-16 22:21:27,022 - INFO - 
=== rotina desbloquear_os ===
2026-06-16 22:21:53,485 - INFO - ⌛ Aguardando janela de confirmação de desbloqueio...
2026-06-16 22:22:08,869 - INFO - ⌛ Aguardando janela de confirmação de desbloqueio...
2026-06-16 22:22:24,236 - INFO - 🟨 Registros desbloqueados com sucesso
2026-06-16 22:22:28,340 - INFO - 
=== rotina editar_os ===
2026-06-16 22:22:37,744 - INFO - ⌛ Aguardando janela de edição de OS...
2026-06-16 22:22:53,167 - INFO - 🟨 Janela de edição de OS detectada
2026-06-16 22:23:14,533 - INFO - 🟨 Janela de edição de habilidade da turma detectada
2026-06-16 22:24:32,841 - INFO - ⌛ Aguardando detecção do campo de caracteristica 'EQUIPE PRÓPRIA OU EPS' ...
2026-06-16 22:24:52,187 - INFO - 🟨 campo de caracteristica 'EQUIPE PRÓPRIA OU EPS detectado
2026-06-16 22:25:13,947 - INFO - ⌛ Aguardando confirmação 4 - editar OS...
2026-06-16 22:25:29,388 - INFO - ⌛ Aguardando confirmação 4 - editar OS...
2026-06-16 22:25:44,808 - INFO - ⌛ Aguardando confirmação 4 - editar OS...
2026-06-16 22:26:00,219 - INFO - 🟨 Janela de confirmação 4 de edição de OS detectada
2026-06-16 22:26:04,326 - INFO - 
=== rotina programar_os ===
2026-06-16 22:26:30,843 - INFO - ⌛ Aguardando janela de confirmação de programação de OS...
2026-06-16 22:26:56,284 - INFO - 🟨 Janela de confirmação de programação de OS detectada
2026-06-16 22:27:09,538 - INFO - ⌛ aguardando janela de programação de lote de OS...
2026-06-16 22:27:35,032 - INFO - ⌛ aguardando janela de programação de lote de OS...
2026-06-16 22:28:00,496 - INFO - 🟨 Janela de programação de lote de OS detectada
2026-06-16 22:28:49,998 - INFO - 🟨 Janela de confirmação de programação de lote de OS detectada
2026-06-16 22:28:54,219 - INFO - ⌛ aguardando confirmação final de programação do lote
2026-06-16 22:29:19,657 - INFO - 🟨 programação do lote 49 efetuado com sucesso
2026-06-16 22:29:29,765 - INFO - 
=== Iniciando lote 50/534 [REDES] ===
2026-06-16 22:29:29,766 - INFO - 
=== abrir_janela_selecao ===
2026-06-16 22:29:36,072 - INFO - 
=== rotina abrir_selecao_colar_os ===
2026-06-16 22:29:36,121 - INFO - Janela de seleção aberta
2026-06-16 22:29:40,352 - INFO - DEBUG: idx=49, inicio=1225, fim=1250
2026-06-16 22:29:40,352 - INFO - ✅ 25 OS copiadas para a área de transferência.
2026-06-16 22:29:40,352 - INFO - 📋 Lote 50 copiado.
2026-06-16 22:29:48,674 - INFO - ⌛ Esperando mudança visual...
2026-06-16 22:29:49,690 - INFO - ⌛ Esperando mudança visual...
2026-06-16 22:29:50,709 - INFO - ⌛ Esperando mudança visual...
2026-06-16 22:29:51,724 - INFO - ⌛ Esperando mudança visual...
2026-06-16 22:29:52,737 - INFO - ⌛ Esperando mudança visual...
2026-06-16 22:29:53,752 - INFO - ⌛ Esperando mudança visual...
2026-06-16 22:29:54,772 - INFO - ⌛ Esperando mudança visual...
2026-06-16 22:29:55,788 - INFO - ⌛ Esperando mudança visual...
2026-06-16 22:29:56,800 - INFO - ⌛ Esperando mudança visual...
2026-06-16 22:29:57,819 - INFO - ⌛ Esperando mudança visual...
2026-06-16 22:29:58,835 - INFO - ⌛ Esperando mudança visual...
2026-06-16 22:29:59,846 - INFO - ⌛ Esperando mudança visual...
2026-06-16 22:30:00,864 - INFO - ✅ Tela carregada!
2026-06-16 22:30:04,865 - INFO - 
=== rotina desbloquear_os ===
2026-06-16 22:30:31,324 - INFO - ⌛ Aguardando janela de confirmação de desbloqueio...
2026-06-16 22:30:46,704 - INFO - 🟨 Registros desbloqueados com sucesso
2026-06-16 22:30:50,818 - INFO - 
=== rotina editar_os ===
2026-06-16 22:31:00,231 - INFO - ⌛ Aguardando janela de edição de OS...
2026-06-16 22:31:15,644 - INFO - 🟨 Janela de edição de OS detectada
2026-06-16 22:31:37,009 - INFO - 🟨 Janela de edição de habilidade da turma detectada
2026-06-16 22:32:55,319 - INFO - ⌛ Aguardando detecção do campo de caracteristica 'EQUIPE PRÓPRIA OU EPS' ...
2026-06-16 22:33:14,680 - INFO - 🟨 campo de caracteristica 'EQUIPE PRÓPRIA OU EPS detectado
2026-06-16 22:33:36,451 - INFO - ⌛ Aguardando confirmação 4 - editar OS...
2026-06-16 22:33:51,902 - INFO - ⌛ Aguardando confirmação 4 - editar OS...
2026-06-16 22:34:07,333 - INFO - ⌛ Aguardando confirmação 4 - editar OS...
2026-06-16 22:34:22,771 - INFO - 🟨 Janela de confirmação 4 de edição de OS detectada
2026-06-16 22:34:26,873 - INFO - 
=== rotina programar_os ===
2026-06-16 22:34:53,386 - INFO - ⌛ Aguardando janela de confirmação de programação de OS...
2026-06-16 22:35:18,806 - INFO - 🟨 Janela de confirmação de programação de OS detectada
2026-06-16 22:35:32,062 - INFO - ⌛ aguardando janela de programação de lote de OS...
2026-06-16 22:35:57,538 - INFO - 🟨 Janela de programação de lote de OS detectada
2026-06-16 22:36:47,039 - INFO - 🟨 Janela de confirmação de programação de lote de OS detectada
2026-06-16 22:36:51,236 - INFO - ⌛ aguardando confirmação final de programação do lote
2026-06-16 22:37:16,676 - INFO - 🟨 programação do lote 50 efetuado com sucesso
2026-06-16 22:37:26,783 - INFO - 
=== Iniciando lote 51/534 [REDES] ===
2026-06-16 22:37:26,784 - INFO - 
=== abrir_janela_selecao ===
2026-06-16 22:37:33,092 - INFO - 
=== rotina abrir_selecao_colar_os ===
2026-06-16 22:37:33,144 - INFO - Janela de seleção aberta
2026-06-16 22:37:37,372 - INFO - DEBUG: idx=50, inicio=1250, fim=1275
2026-06-16 22:37:37,372 - INFO - ✅ 25 OS copiadas para a área de transferência.
2026-06-16 22:37:37,372 - INFO - 📋 Lote 51 copiado.
2026-06-16 22:37:45,691 - INFO - ⌛ Esperando mudança visual...
2026-06-16 22:37:46,709 - INFO - ⌛ Esperando mudança visual...
2026-06-16 22:37:47,727 - INFO - ⌛ Esperando mudança visual...
2026-06-16 22:37:48,738 - INFO - ⌛ Esperando mudança visual...
2026-06-16 22:37:49,754 - INFO - ⌛ Esperando mudança visual...
2026-06-16 22:37:50,773 - INFO - ⌛ Esperando mudança visual...
2026-06-16 22:37:51,788 - INFO - ⌛ Esperando mudança visual...
2026-06-16 22:37:52,801 - INFO - ⌛ Esperando mudança visual...
2026-06-16 22:37:53,819 - INFO - ⌛ Esperando mudança visual...
2026-06-16 22:37:54,836 - INFO - ✅ Tela carregada!
2026-06-16 22:37:58,838 - INFO - 
=== rotina desbloquear_os ===
2026-06-16 22:38:25,302 - INFO - ⌛ Aguardando janela de confirmação de desbloqueio...
2026-06-16 22:38:40,682 - INFO - 🟨 Registros desbloqueados com sucesso
2026-06-16 22:38:44,786 - INFO - 
=== rotina editar_os ===
2026-06-16 22:38:54,195 - INFO - ⌛ Aguardando janela de edição de OS...
2026-06-16 22:39:09,613 - INFO - 🟨 Janela de edição de OS detectada
2026-06-16 22:39:30,981 - INFO - 🟨 Janela de edição de habilidade da turma detectada
2026-06-16 22:40:49,286 - INFO - ⌛ Aguardando detecção do campo de caracteristica 'EQUIPE PRÓPRIA OU EPS' ...
2026-06-16 22:41:08,631 - INFO - 🟨 campo de caracteristica 'EQUIPE PRÓPRIA OU EPS detectado
2026-06-16 22:41:30,392 - INFO - ⌛ Aguardando confirmação 4 - editar OS...
2026-06-16 22:41:45,835 - INFO - ⌛ Aguardando confirmação 4 - editar OS...
2026-06-16 22:42:01,285 - INFO - ⌛ Aguardando confirmação 4 - editar OS...
2026-06-16 22:42:16,714 - INFO - 🟨 Janela de confirmação 4 de edição de OS detectada
2026-06-16 22:42:20,823 - INFO - 
=== rotina programar_os ===
2026-06-16 22:42:47,341 - INFO - ⌛ Aguardando janela de confirmação de programação de OS...
2026-06-16 22:43:12,759 - INFO - 🟨 Janela de confirmação de programação de OS detectada
2026-06-16 22:43:26,014 - INFO - ⌛ aguardando janela de programação de lote de OS...
2026-06-16 22:43:51,501 - INFO - 🟨 Janela de programação de lote de OS detectada
2026-06-16 22:44:41,006 - INFO - 🟨 Janela de confirmação de programação de lote de OS detectada
2026-06-16 22:44:45,225 - INFO - ⌛ aguardando confirmação final de programação do lote
2026-06-16 22:45:10,734 - INFO - 🟨 programação do lote 51 efetuado com sucesso
2026-06-16 22:45:20,839 - INFO - 
=== Iniciando lote 52/534 [REDES] ===
2026-06-16 22:45:20,840 - INFO - 
=== abrir_janela_selecao ===
2026-06-16 22:45:27,147 - INFO - 
=== rotina abrir_selecao_colar_os ===
2026-06-16 22:45:27,197 - INFO - Janela de seleção aberta
2026-06-16 22:45:31,424 - INFO - DEBUG: idx=51, inicio=1275, fim=1300
2026-06-16 22:45:31,424 - INFO - ✅ 25 OS copiadas para a área de transferência.
2026-06-16 22:45:31,424 - INFO - 📋 Lote 52 copiado.
2026-06-16 22:45:39,745 - INFO - ⌛ Esperando mudança visual...
2026-06-16 22:45:40,765 - INFO - ⌛ Esperando mudança visual...
2026-06-16 22:45:41,779 - INFO - ⌛ Esperando mudança visual...
2026-06-16 22:45:42,792 - INFO - ⌛ Esperando mudança visual...
2026-06-16 22:45:43,812 - INFO - ⌛ Esperando mudança visual...
2026-06-16 22:45:44,828 - INFO - ⌛ Esperando mudança visual...
2026-06-16 22:45:45,842 - INFO - ⌛ Esperando mudança visual...
2026-06-16 22:45:46,855 - INFO - ⌛ Esperando mudança visual...
2026-06-16 22:45:47,875 - INFO - ⌛ Esperando mudança visual...
2026-06-16 22:45:48,890 - INFO - ✅ Tela carregada!
2026-06-16 22:45:52,891 - INFO - 
=== rotina desbloquear_os ===
2026-06-16 22:46:19,348 - INFO - ⌛ Aguardando janela de confirmação de desbloqueio...
2026-06-16 22:46:34,738 - INFO - 🟨 Registros desbloqueados com sucesso
2026-06-16 22:46:38,842 - INFO - 
=== rotina editar_os ===
2026-06-16 22:46:48,270 - INFO - ⌛ Aguardando janela de edição de OS...
2026-06-16 22:47:03,693 - INFO - 🟨 OS programadas detectadas
2026-06-16 22:47:06,797 - INFO - ⌛ Aguardando janela de edição de OS...
2026-06-16 22:47:22,271 - INFO - 🟨 Janela de edição de OS detectada
2026-06-16 22:47:43,633 - INFO - 🟨 Janela de edição de habilidade da turma detectada
2026-06-16 22:49:01,939 - INFO - ⌛ Aguardando detecção do campo de caracteristica 'EQUIPE PRÓPRIA OU EPS' ...
2026-06-16 22:49:21,290 - INFO - 🟨 campo de caracteristica 'EQUIPE PRÓPRIA OU EPS detectado
2026-06-16 22:49:43,048 - INFO - ⌛ Aguardando confirmação 4 - editar OS...
2026-06-16 22:49:58,490 - INFO - ⌛ Aguardando confirmação 4 - editar OS...
2026-06-16 22:50:13,923 - INFO - ⌛ Aguardando confirmação 4 - editar OS...
2026-06-16 22:50:29,350 - INFO - 🟨 Janela de confirmação 4 de edição de OS detectada
2026-06-16 22:50:33,462 - INFO - 
=== rotina programar_os ===
2026-06-16 22:50:59,999 - INFO - ⌛ Aguardando janela de confirmação de programação de OS...
2026-06-16 22:51:25,438 - INFO - 🟨 Janela de confirmação de programação de OS detectada
2026-06-16 22:51:38,690 - INFO - 🟨 Janela de aviso de edição de OS programadas detectada
2026-06-16 22:51:45,898 - INFO - ⌛ aguardando janela de programação de lote de OS...
2026-06-16 22:52:11,391 - INFO - 🟨 Janela de aviso de substituição de lote de OS detectada
2026-06-16 22:52:31,494 - INFO - ⌛ aguardando janela de programação de lote de OS...
2026-06-16 22:52:56,998 - INFO - 🟨 Janela de programação de lote de OS detectada
2026-06-16 22:53:46,546 - INFO - 🟨 Janela de confirmação de programação de lote de OS detectada
2026-06-16 22:53:50,753 - INFO - ⌛ aguardando confirmação final de programação do lote
2026-06-16 22:54:16,234 - INFO - 🟨 programação do lote 52 efetuado com sucesso
2026-06-16 22:54:26,341 - INFO - 
=== Iniciando lote 53/534 [REDES] ===
2026-06-16 22:54:26,342 - INFO - 
=== abrir_janela_selecao ===
2026-06-16 22:54:32,659 - INFO - 
=== rotina abrir_selecao_colar_os ===
2026-06-16 22:54:32,698 - INFO - Janela de seleção aberta
2026-06-16 22:54:36,927 - INFO - DEBUG: idx=52, inicio=1300, fim=1325
2026-06-16 22:54:36,928 - INFO - ✅ 25 OS copiadas para a área de transferência.
2026-06-16 22:54:36,928 - INFO - 📋 Lote 53 copiado.
2026-06-16 22:54:45,251 - INFO - ⌛ Esperando mudança visual...
2026-06-16 22:54:46,269 - INFO - ⌛ Esperando mudança visual...
2026-06-16 22:54:47,286 - INFO - ⌛ Esperando mudança visual...
2026-06-16 22:54:48,297 - INFO - ⌛ Esperando mudança visual...
2026-06-16 22:54:49,317 - INFO - ⌛ Esperando mudança visual...
2026-06-16 22:54:50,332 - INFO - ⌛ Esperando mudança visual...
2026-06-16 22:54:51,348 - INFO - ⌛ Esperando mudança visual...
2026-06-16 22:54:52,360 - INFO - ⌛ Esperando mudança visual...
2026-06-16 22:54:53,377 - INFO - ⌛ Esperando mudança visual...
2026-06-16 22:54:54,396 - INFO - ⌛ Esperando mudança visual...
2026-06-16 22:54:55,406 - INFO - ⌛ Esperando mudança visual...
2026-06-16 22:54:56,427 - INFO - ✅ Tela carregada!
2026-06-16 22:55:00,429 - INFO - 
=== rotina desbloquear_os ===
2026-06-16 22:55:26,890 - INFO - ⌛ Aguardando janela de confirmação de desbloqueio...
2026-06-16 22:55:42,259 - INFO - ⌛ Aguardando janela de confirmação de desbloqueio...
2026-06-16 22:55:57,619 - INFO - 🟨 Registros desbloqueados com sucesso
2026-06-16 22:56:01,730 - INFO - 
=== rotina editar_os ===
2026-06-16 22:56:11,142 - INFO - ⌛ Aguardando janela de edição de OS...
2026-06-16 22:56:26,561 - INFO - 🟨 OS programadas detectadas
2026-06-16 22:56:29,666 - INFO - ⌛ Aguardando janela de edição de OS...
2026-06-16 22:56:45,128 - INFO - 🟨 Janela de edição de OS detectada
2026-06-16 22:57:06,497 - INFO - 🟨 Janela de edição de habilidade da turma detectada
2026-06-16 22:58:24,831 - INFO - ⌛ Aguardando detecção do campo de caracteristica 'EQUIPE PRÓPRIA OU EPS' ...
2026-06-16 22:58:44,193 - INFO - 🟨 campo de caracteristica 'EQUIPE PRÓPRIA OU EPS detectado
2026-06-16 22:59:05,956 - INFO - ⌛ Aguardando confirmação 4 - editar OS...
2026-06-16 22:59:21,377 - INFO - ⌛ Aguardando confirmação 4 - editar OS...
2026-06-16 22:59:36,796 - INFO - ⌛ Aguardando confirmação 4 - editar OS...
2026-06-16 22:59:52,229 - INFO - 🟨 Janela de confirmação 4 de edição de OS detectada
2026-06-16 22:59:56,333 - INFO - 
=== rotina programar_os ===
2026-06-16 23:00:22,848 - INFO - ⌛ Aguardando janela de confirmação de programação de OS...
2026-06-16 23:00:48,260 - INFO - 🟨 Janela de confirmação de programação de OS detectada
2026-06-16 23:01:01,506 - INFO - 🟨 Janela de aviso de edição de OS programadas detectada
2026-06-16 23:01:08,715 - INFO - ⌛ aguardando janela de programação de lote de OS...
2026-06-16 23:01:34,207 - INFO - 🟨 Janela de aviso de substituição de lote de OS detectada
2026-06-16 23:01:54,317 - INFO - ⌛ aguardando janela de programação de lote de OS...
2026-06-16 23:02:19,832 - INFO - 🟨 Janela de programação de lote de OS detectada
2026-06-16 23:03:09,331 - INFO - 🟨 Janela de confirmação de programação de lote de OS detectada
2026-06-16 23:03:13,549 - INFO - ⌛ aguardando confirmação final de programação do lote
2026-06-16 23:03:38,989 - INFO - 🟨 programação do lote 53 efetuado com sucesso
2026-06-16 23:03:49,093 - INFO - 
=== Iniciando lote 54/534 [REDES] ===
2026-06-16 23:03:49,093 - INFO - 
=== abrir_janela_selecao ===
2026-06-16 23:03:55,400 - INFO - 
=== rotina abrir_selecao_colar_os ===
2026-06-16 23:03:55,458 - INFO - Janela de seleção aberta
2026-06-16 23:03:59,702 - INFO - DEBUG: idx=53, inicio=1325, fim=1350
2026-06-16 23:03:59,702 - INFO - ✅ 25 OS copiadas para a área de transferência.
2026-06-16 23:03:59,702 - INFO - 📋 Lote 54 copiado.
2026-06-16 23:04:08,036 - INFO - ⌛ Esperando mudança visual...
2026-06-16 23:04:09,052 - INFO - ⌛ Esperando mudança visual...
2026-06-16 23:04:10,071 - INFO - ⌛ Esperando mudança visual...
2026-06-16 23:04:11,086 - INFO - ⌛ Esperando mudança visual...
2026-06-16 23:04:12,100 - INFO - ⌛ Esperando mudança visual...
2026-06-16 23:04:13,114 - INFO - ⌛ Esperando mudança visual...
2026-06-16 23:04:14,133 - INFO - ⌛ Esperando mudança visual...
2026-06-16 23:04:15,145 - INFO - ⌛ Esperando mudança visual...
2026-06-16 23:04:16,161 - INFO - ⌛ Esperando mudança visual...
2026-06-16 23:04:17,181 - INFO - ⌛ Esperando mudança visual...
2026-06-16 23:04:18,192 - INFO - ⌛ Esperando mudança visual...
2026-06-16 23:04:19,208 - INFO - ⌛ Esperando mudança visual...
2026-06-16 23:04:20,226 - INFO - ⌛ Esperando mudança visual...
2026-06-16 23:04:21,243 - INFO - ⌛ Esperando mudança visual...
2026-06-16 23:04:22,255 - INFO - ✅ Tela carregada!
2026-06-16 23:04:26,262 - INFO - 
=== rotina desbloquear_os ===
2026-06-16 23:04:52,724 - INFO - ⌛ Aguardando janela de confirmação de desbloqueio...
2026-06-16 23:05:08,150 - INFO - 🟨 Registros desbloqueados com sucesso
2026-06-16 23:05:12,254 - INFO - 
=== rotina editar_os ===
2026-06-16 23:05:21,667 - INFO - ⌛ Aguardando janela de edição de OS...
2026-06-16 23:05:37,192 - INFO - 🟨 OS programadas detectadas
2026-06-16 23:05:40,296 - INFO - ⌛ Aguardando janela de edição de OS...
2026-06-16 23:05:55,756 - INFO - 🟨 Janela de edição de OS detectada
2026-06-16 23:06:17,115 - INFO - 🟨 Janela de edição de habilidade da turma detectada
2026-06-16 23:07:35,417 - INFO - ⌛ Aguardando detecção do campo de caracteristica 'EQUIPE PRÓPRIA OU EPS' ...
2026-06-16 23:07:54,788 - INFO - 🟨 campo de caracteristica 'EQUIPE PRÓPRIA OU EPS detectado
2026-06-16 23:08:16,553 - INFO - ⌛ Aguardando confirmação 4 - editar OS...
2026-06-16 23:08:31,967 - INFO - ⌛ Aguardando confirmação 4 - editar OS...
2026-06-16 23:08:47,396 - INFO - ⌛ Aguardando confirmação 4 - editar OS...
2026-06-16 23:09:02,864 - INFO - 🟨 Janela de confirmação 4 de edição de OS detectada
2026-06-16 23:09:06,980 - INFO - 
=== rotina programar_os ===
2026-06-16 23:09:33,494 - INFO - ⌛ Aguardando janela de confirmação de programação de OS...
2026-06-16 23:09:58,903 - INFO - 🟨 Janela de confirmação de programação de OS detectada
2026-06-16 23:10:12,155 - INFO - 🟨 Janela de aviso de edição de OS programadas detectada
2026-06-16 23:10:19,378 - INFO - ⌛ aguardando janela de programação de lote de OS...
2026-06-16 23:10:44,915 - INFO - 🟨 Janela de aviso de substituição de lote de OS detectada
2026-06-16 23:11:05,030 - INFO - ⌛ aguardando janela de programação de lote de OS...
2026-06-16 23:11:30,544 - INFO - 🟨 Janela de programação de lote de OS detectada
2026-06-16 23:12:20,060 - INFO - 🟨 Janela de confirmação de programação de lote de OS detectada
2026-06-16 23:12:24,293 - INFO - ⌛ aguardando confirmação final de programação do lote
2026-06-16 23:12:49,734 - INFO - 🟨 programação do lote 54 efetuado com sucesso
2026-06-16 23:12:59,838 - INFO - 
=== Iniciando lote 55/534 [REDES] ===
2026-06-16 23:12:59,839 - INFO - 
=== abrir_janela_selecao ===
2026-06-16 23:13:06,181 - INFO - 
=== rotina abrir_selecao_colar_os ===
2026-06-16 23:13:06,251 - INFO - Janela de seleção aberta
2026-06-16 23:13:10,490 - INFO - DEBUG: idx=54, inicio=1350, fim=1375
2026-06-16 23:13:10,490 - INFO - ✅ 25 OS copiadas para a área de transferência.
2026-06-16 23:13:10,490 - INFO - 📋 Lote 55 copiado.
2026-06-16 23:13:18,814 - INFO - ⌛ Esperando mudança visual...
2026-06-16 23:13:19,834 - INFO - ⌛ Esperando mudança visual...
2026-06-16 23:13:20,850 - INFO - ⌛ Esperando mudança visual...
2026-06-16 23:13:21,861 - INFO - ⌛ Esperando mudança visual...
2026-06-16 23:13:22,880 - INFO - ⌛ Esperando mudança visual...
2026-06-16 23:13:23,896 - INFO - ⌛ Esperando mudança visual...
2026-06-16 23:13:24,908 - INFO - ⌛ Esperando mudança visual...
2026-06-16 23:13:25,925 - INFO - ⌛ Esperando mudança visual...
2026-06-16 23:13:26,943 - INFO - ⌛ Esperando mudança visual...
2026-06-16 23:13:27,955 - INFO - ⌛ Esperando mudança visual...
2026-06-16 23:13:28,975 - INFO - ✅ Tela carregada!
2026-06-16 23:13:32,976 - INFO - 
=== rotina desbloquear_os ===
2026-06-16 23:13:59,476 - INFO - ⌛ Aguardando janela de confirmação de desbloqueio...
2026-06-16 23:14:14,856 - INFO - 🟨 Registros desbloqueados com sucesso
2026-06-16 23:14:18,960 - INFO - 
=== rotina editar_os ===
2026-06-16 23:14:28,363 - INFO - ⌛ Aguardando janela de edição de OS...
2026-06-16 23:14:43,814 - INFO - 🟨 OS programadas detectadas
2026-06-16 23:14:46,927 - INFO - ⌛ Aguardando janela de edição de OS...
2026-06-16 23:15:02,367 - INFO - 🟨 Janela de edição de OS detectada
2026-06-16 23:15:23,734 - INFO - 🟨 Janela de edição de habilidade da turma detectada
2026-06-16 23:16:42,039 - INFO - ⌛ Aguardando detecção do campo de caracteristica 'EQUIPE PRÓPRIA OU EPS' ...
2026-06-16 23:17:01,387 - INFO - 🟨 campo de caracteristica 'EQUIPE PRÓPRIA OU EPS detectado
2026-06-16 23:17:23,152 - INFO - ⌛ Aguardando confirmação 4 - editar OS...
2026-06-16 23:17:38,560 - INFO - ⌛ Aguardando confirmação 4 - editar OS...
2026-06-16 23:17:53,990 - INFO - ⌛ Aguardando confirmação 4 - editar OS...
2026-06-16 23:18:09,425 - INFO - ⌛ Aguardando confirmação 4 - editar OS...
2026-06-16 23:18:24,854 - INFO - 🟨 Janela de confirmação 4 de edição de OS detectada
2026-06-16 23:18:28,961 - INFO - 
=== rotina programar_os ===
2026-06-16 23:18:55,473 - INFO - ⌛ Aguardando janela de confirmação de programação de OS...
2026-06-16 23:19:20,884 - INFO - 🟨 Janela de confirmação de programação de OS detectada
2026-06-16 23:19:34,138 - INFO - 🟨 Janela de aviso de edição de OS programadas detectada
2026-06-16 23:19:41,346 - INFO - ⌛ aguardando janela de programação de lote de OS...
2026-06-16 23:20:06,855 - INFO - 🟨 Janela de aviso de substituição de lote de OS detectada
2026-06-16 23:20:26,958 - INFO - ⌛ aguardando janela de programação de lote de OS...
2026-06-16 23:20:52,428 - INFO - 🟨 Janela de programação de lote de OS detectada
2026-06-16 23:21:41,926 - INFO - 🟨 Janela de confirmação de programação de lote de OS detectada
2026-06-16 23:21:46,142 - INFO - ⌛ aguardando confirmação final de programação do lote
2026-06-16 23:22:11,566 - INFO - 🟨 programação do lote 55 efetuado com sucesso
2026-06-16 23:22:21,671 - INFO - 
=== Iniciando lote 56/534 [REDES] ===
2026-06-16 23:22:21,671 - INFO - 
=== abrir_janela_selecao ===
2026-06-16 23:22:27,980 - INFO - 
=== rotina abrir_selecao_colar_os ===
2026-06-16 23:22:28,035 - INFO - Janela de seleção aberta
2026-06-16 23:22:32,255 - INFO - DEBUG: idx=55, inicio=1375, fim=1400
2026-06-16 23:22:32,255 - INFO - ✅ 25 OS copiadas para a área de transferência.
2026-06-16 23:22:32,255 - INFO - 📋 Lote 56 copiado.
2026-06-16 23:22:40,583 - INFO - ⌛ Esperando mudança visual...
2026-06-16 23:22:41,599 - INFO - ⌛ Esperando mudança visual...
2026-06-16 23:22:42,612 - INFO - ⌛ Esperando mudança visual...
2026-06-16 23:22:43,630 - INFO - ⌛ Esperando mudança visual...
2026-06-16 23:22:44,643 - INFO - ⌛ Esperando mudança visual...
2026-06-16 23:22:45,658 - INFO - ⌛ Esperando mudança visual...
2026-06-16 23:22:46,678 - INFO - ⌛ Esperando mudança visual...
2026-06-16 23:22:47,694 - INFO - ⌛ Esperando mudança visual...
2026-06-16 23:22:48,705 - INFO - ⌛ Esperando mudança visual...
2026-06-16 23:22:49,723 - INFO - ⌛ Esperando mudança visual...
2026-06-16 23:22:50,738 - INFO - ⌛ Esperando mudança visual...
2026-06-16 23:22:51,752 - INFO - ⌛ Esperando mudança visual...
2026-06-16 23:22:52,767 - INFO - ✅ Tela carregada!
2026-06-16 23:22:56,772 - INFO - 
=== rotina desbloquear_os ===
2026-06-16 23:23:23,253 - INFO - ⌛ Aguardando janela de confirmação de desbloqueio...
2026-06-16 23:23:38,637 - INFO - 🟨 Registros desbloqueados com sucesso
2026-06-16 23:23:42,742 - INFO - 
=== rotina editar_os ===
2026-06-16 23:23:52,153 - INFO - 🟨 OS programadas detectadas
2026-06-16 23:23:55,256 - INFO - ⌛ Aguardando janela de edição de OS...
2026-06-16 23:24:10,701 - INFO - 🟨 Janela de edição de OS detectada
2026-06-16 23:24:32,054 - INFO - 🟨 Janela de edição de habilidade da turma detectada
2026-06-16 23:25:50,353 - INFO - ⌛ Aguardando detecção do campo de caracteristica 'EQUIPE PRÓPRIA OU EPS' ...
2026-06-16 23:26:09,699 - INFO - 🟨 campo de caracteristica 'EQUIPE PRÓPRIA OU EPS detectado
2026-06-16 23:26:31,458 - INFO - ⌛ Aguardando confirmação 4 - editar OS...
2026-06-16 23:26:46,902 - INFO - ⌛ Aguardando confirmação 4 - editar OS...
2026-06-16 23:27:02,319 - INFO - ⌛ Aguardando confirmação 4 - editar OS...
2026-06-16 23:27:17,734 - INFO - 🟨 Janela de confirmação 4 de edição de OS detectada
2026-06-16 23:27:21,837 - INFO - 
=== rotina programar_os ===
2026-06-16 23:27:48,361 - INFO - ⌛ Aguardando janela de confirmação de programação de OS...
2026-06-16 23:28:13,796 - INFO - 🟨 Janela de confirmação de programação de OS detectada
2026-06-16 23:28:27,048 - INFO - 🟨 Janela de aviso de edição de OS programadas detectada
2026-06-16 23:28:34,254 - INFO - ⌛ aguardando janela de programação de lote de OS...
2026-06-16 23:28:59,749 - INFO - 🟨 Janela de aviso de substituição de lote de OS detectada
2026-06-16 23:29:19,852 - INFO - ⌛ aguardando janela de programação de lote de OS...
2026-06-16 23:29:45,337 - INFO - 🟨 Janela de programação de lote de OS detectada
2026-06-16 23:30:34,839 - INFO - 🟨 Janela de confirmação de programação de lote de OS detectada
2026-06-16 23:30:39,037 - INFO - ⌛ aguardando confirmação final de programação do lote
2026-06-16 23:31:04,473 - INFO - 🟨 programação do lote 56 efetuado com sucesso
2026-06-16 23:31:14,587 - INFO - 
=== Iniciando lote 57/534 [REDES] ===
2026-06-16 23:31:14,588 - INFO - 
=== abrir_janela_selecao ===
2026-06-16 23:31:20,896 - INFO - 
=== rotina abrir_selecao_colar_os ===
2026-06-16 23:31:20,943 - INFO - Janela de seleção aberta
2026-06-16 23:31:25,164 - INFO - DEBUG: idx=56, inicio=1400, fim=1425
2026-06-16 23:31:25,164 - INFO - ✅ 25 OS copiadas para a área de transferência.
2026-06-16 23:31:25,164 - INFO - 📋 Lote 57 copiado.
2026-06-16 23:31:33,495 - INFO - ⌛ Esperando mudança visual...
2026-06-16 23:31:34,505 - INFO - ⌛ Esperando mudança visual...
2026-06-16 23:31:35,524 - INFO - ⌛ Esperando mudança visual...
2026-06-16 23:31:36,539 - INFO - ⌛ Esperando mudança visual...
2026-06-16 23:31:37,554 - INFO - ⌛ Esperando mudança visual...
2026-06-16 23:31:38,570 - INFO - ⌛ Esperando mudança visual...
2026-06-16 23:31:39,587 - INFO - ⌛ Esperando mudança visual...
2026-06-16 23:31:40,601 - INFO - ⌛ Esperando mudança visual...
2026-06-16 23:31:41,615 - INFO - ⌛ Esperando mudança visual...
2026-06-16 23:31:42,632 - INFO - ⌛ Esperando mudança visual...
2026-06-16 23:31:43,649 - INFO - ✅ Tela carregada!
2026-06-16 23:31:47,651 - INFO - 
=== rotina desbloquear_os ===
2026-06-16 23:32:14,124 - INFO - ⌛ Aguardando janela de confirmação de desbloqueio...
2026-06-16 23:32:29,499 - INFO - 🟨 Registros desbloqueados com sucesso
2026-06-16 23:32:33,603 - INFO - 
=== rotina editar_os ===
2026-06-16 23:32:43,009 - INFO - ⌛ Aguardando janela de edição de OS...
2026-06-16 23:32:58,449 - INFO - 🟨 OS programadas detectadas
2026-06-16 23:33:01,551 - INFO - ⌛ Aguardando janela de edição de OS...
2026-06-16 23:33:16,983 - INFO - 🟨 Janela de edição de OS detectada
2026-06-16 23:33:38,341 - INFO - 🟨 Janela de edição de habilidade da turma detectada
2026-06-16 23:34:56,650 - INFO - ⌛ Aguardando detecção do campo de caracteristica 'EQUIPE PRÓPRIA OU EPS' ...
2026-06-16 23:35:16,005 - INFO - 🟨 campo de caracteristica 'EQUIPE PRÓPRIA OU EPS detectado
2026-06-16 23:35:37,793 - INFO - ⌛ Aguardando confirmação 4 - editar OS...
2026-06-16 23:35:53,238 - INFO - ⌛ Aguardando confirmação 4 - editar OS...
2026-06-16 23:36:08,748 - INFO - ⌛ Aguardando confirmação 4 - editar OS...
2026-06-16 23:36:24,181 - INFO - 🟨 Janela de confirmação 4 de edição de OS detectada
2026-06-16 23:36:28,284 - INFO - 
=== rotina programar_os ===
2026-06-16 23:36:54,812 - INFO - ⌛ Aguardando janela de confirmação de programação de OS...
2026-06-16 23:37:20,258 - INFO - 🟨 Janela de confirmação de programação de OS detectada
2026-06-16 23:37:33,503 - INFO - 🟨 Janela de aviso de edição de OS programadas detectada
2026-06-16 23:37:40,718 - INFO - ⌛ aguardando janela de programação de lote de OS...
2026-06-16 23:38:06,205 - INFO - 🟨 Janela de aviso de substituição de lote de OS detectada
2026-06-16 23:38:26,316 - INFO - ⌛ aguardando janela de programação de lote de OS...
2026-06-16 23:38:51,801 - INFO - 🟨 Janela de programação de lote de OS detectada
2026-06-16 23:39:41,302 - INFO - 🟨 Janela de confirmação de programação de lote de OS detectada
2026-06-16 23:39:45,498 - INFO - ⌛ aguardando confirmação final de programação do lote
2026-06-16 23:40:10,957 - INFO - 🟨 programação do lote 57 efetuado com sucesso
2026-06-16 23:40:21,060 - INFO - 
=== Iniciando lote 58/534 [REDES] ===
2026-06-16 23:40:21,060 - INFO - 
=== abrir_janela_selecao ===
2026-06-16 23:40:27,370 - INFO - 
=== rotina abrir_selecao_colar_os ===
2026-06-16 23:40:27,416 - INFO - Janela de seleção aberta
2026-06-16 23:40:31,643 - INFO - DEBUG: idx=57, inicio=1425, fim=1450
2026-06-16 23:40:31,643 - INFO - ✅ 25 OS copiadas para a área de transferência.
2026-06-16 23:40:31,643 - INFO - 📋 Lote 58 copiado.
2026-06-16 23:40:39,973 - INFO - ⌛ Esperando mudança visual...
2026-06-16 23:40:40,990 - INFO - ⌛ Esperando mudança visual...
2026-06-16 23:40:42,001 - INFO - ⌛ Esperando mudança visual...
2026-06-16 23:40:43,020 - INFO - ⌛ Esperando mudança visual...
2026-06-16 23:40:44,035 - INFO - ⌛ Esperando mudança visual...
2026-06-16 23:40:45,052 - INFO - ⌛ Esperando mudança visual...
2026-06-16 23:40:46,064 - INFO - ⌛ Esperando mudança visual...
2026-06-16 23:40:47,083 - INFO - ⌛ Esperando mudança visual...
2026-06-16 23:40:48,099 - INFO - ⌛ Esperando mudança visual...
2026-06-16 23:40:49,111 - INFO - ⌛ Esperando mudança visual...
2026-06-16 23:40:50,131 - INFO - ⌛ Esperando mudança visual...
2026-06-16 23:40:51,146 - INFO - ✅ Tela carregada!
2026-06-16 23:40:55,148 - INFO - 
=== rotina desbloquear_os ===
2026-06-16 23:41:21,632 - INFO - ⌛ Aguardando janela de confirmação de desbloqueio...
2026-06-16 23:41:37,025 - INFO - 🟨 Registros desbloqueados com sucesso
2026-06-16 23:41:41,132 - INFO - 
=== rotina editar_os ===
2026-06-16 23:41:50,544 - INFO - ⌛ Aguardando janela de edição de OS...
2026-06-16 23:42:06,001 - INFO - 🟨 OS programadas detectadas
2026-06-16 23:42:09,113 - INFO - ⌛ Aguardando janela de edição de OS...
2026-06-16 23:42:24,522 - INFO - 🟨 Janela de edição de OS detectada
2026-06-16 23:42:45,908 - INFO - 🟨 Janela de edição de habilidade da turma detectada
2026-06-16 23:44:04,210 - INFO - ⌛ Aguardando detecção do campo de caracteristica 'EQUIPE PRÓPRIA OU EPS' ...
2026-06-16 23:44:23,560 - INFO - 🟨 campo de caracteristica 'EQUIPE PRÓPRIA OU EPS detectado
2026-06-16 23:44:45,317 - INFO - ⌛ Aguardando confirmação 4 - editar OS...
2026-06-16 23:45:00,741 - INFO - ⌛ Aguardando confirmação 4 - editar OS...
2026-06-16 23:45:16,193 - INFO - ⌛ Aguardando confirmação 4 - editar OS...
2026-06-16 23:45:31,605 - INFO - 🟨 Janela de confirmação 4 de edição de OS detectada
2026-06-16 23:45:35,714 - INFO - 
=== rotina programar_os ===
2026-06-16 23:46:02,230 - INFO - ⌛ Aguardando janela de confirmação de programação de OS...
2026-06-16 23:46:27,656 - INFO - 🟨 Janela de confirmação de programação de OS detectada
2026-06-16 23:46:40,899 - INFO - 🟨 Janela de aviso de edição de OS programadas detectada
2026-06-16 23:46:48,116 - INFO - ⌛ aguardando janela de programação de lote de OS...
2026-06-16 23:47:13,600 - INFO - 🟨 Janela de aviso de substituição de lote de OS detectada
2026-06-16 23:47:33,713 - INFO - ⌛ aguardando janela de programação de lote de OS...
2026-06-16 23:47:59,210 - INFO - 🟨 Janela de programação de lote de OS detectada
2026-06-16 23:48:48,712 - INFO - 🟨 Janela de confirmação de programação de lote de OS detectada
2026-06-16 23:48:52,928 - INFO - ⌛ aguardando confirmação final de programação do lote
2026-06-16 23:49:18,354 - INFO - 🟨 programação do lote 58 efetuado com sucesso
2026-06-16 23:49:28,459 - INFO - 
=== Iniciando lote 59/534 [REDES] ===
2026-06-16 23:49:28,459 - INFO - 
=== abrir_janela_selecao ===
2026-06-16 23:49:34,769 - INFO - 
=== rotina abrir_selecao_colar_os ===
2026-06-16 23:49:34,818 - INFO - Janela de seleção aberta
2026-06-16 23:49:39,045 - INFO - DEBUG: idx=58, inicio=1450, fim=1475
2026-06-16 23:49:39,045 - INFO - ✅ 25 OS copiadas para a área de transferência.
2026-06-16 23:49:39,045 - INFO - 📋 Lote 59 copiado.
2026-06-16 23:49:47,368 - INFO - ⌛ Esperando mudança visual...
2026-06-16 23:49:48,384 - INFO - ⌛ Esperando mudança visual...
2026-06-16 23:49:49,400 - INFO - ⌛ Esperando mudança visual...
2026-06-16 23:49:50,413 - INFO - ⌛ Esperando mudança visual...
2026-06-16 23:49:51,431 - INFO - ⌛ Esperando mudança visual...
2026-06-16 23:49:52,446 - INFO - ⌛ Esperando mudança visual...
2026-06-16 23:49:53,460 - INFO - ⌛ Esperando mudança visual...
2026-06-16 23:49:54,479 - INFO - ⌛ Esperando mudança visual...
2026-06-16 23:49:55,494 - INFO - ⌛ Esperando mudança visual...
2026-06-16 23:49:56,510 - INFO - ⌛ Esperando mudança visual...
2026-06-16 23:49:57,525 - INFO - ✅ Tela carregada!
2026-06-16 23:50:01,527 - INFO - 
=== rotina desbloquear_os ===
2026-06-16 23:50:27,994 - INFO - ⌛ Aguardando janela de confirmação de desbloqueio...
2026-06-16 23:50:43,367 - INFO - 🟨 Registros desbloqueados com sucesso
2026-06-16 23:50:47,480 - INFO - 
=== rotina editar_os ===
2026-06-16 23:50:56,890 - INFO - ⌛ Aguardando janela de edição de OS...
2026-06-16 23:51:12,304 - INFO - 🟨 OS programadas detectadas
2026-06-16 23:51:15,413 - INFO - ⌛ Aguardando janela de edição de OS...
2026-06-16 23:51:30,857 - INFO - 🟨 Janela de edição de OS detectada
2026-06-16 23:51:52,217 - INFO - 🟨 Janela de edição de habilidade da turma detectada
2026-06-16 23:53:10,540 - INFO - ⌛ Aguardando detecção do campo de caracteristica 'EQUIPE PRÓPRIA OU EPS' ...
2026-06-16 23:53:29,886 - INFO - 🟨 campo de caracteristica 'EQUIPE PRÓPRIA OU EPS detectado
2026-06-16 23:53:51,650 - INFO - ⌛ Aguardando confirmação 4 - editar OS...
2026-06-16 23:54:07,084 - INFO - ⌛ Aguardando confirmação 4 - editar OS...
2026-06-16 23:54:22,555 - INFO - ⌛ Aguardando confirmação 4 - editar OS...
2026-06-16 23:54:37,985 - INFO - 🟨 Janela de confirmação 4 de edição de OS detectada
2026-06-16 23:54:42,087 - INFO - 
=== rotina programar_os ===
2026-06-16 23:55:08,594 - INFO - ⌛ Aguardando janela de confirmação de programação de OS...
2026-06-16 23:55:34,021 - INFO - 🟨 Janela de confirmação de programação de OS detectada
2026-06-16 23:55:47,275 - INFO - 🟨 Janela de aviso de edição de OS programadas detectada
2026-06-16 23:55:54,485 - INFO - ⌛ aguardando janela de programação de lote de OS...
2026-06-16 23:56:19,962 - INFO - 🟨 Janela de aviso de substituição de lote de OS detectada
2026-06-16 23:56:40,068 - INFO - ⌛ aguardando janela de programação de lote de OS...
2026-06-16 23:57:05,627 - INFO - 🟨 Janela de programação de lote de OS detectada
2026-06-16 23:57:55,136 - INFO - 🟨 Janela de confirmação de programação de lote de OS detectada
2026-06-16 23:57:59,337 - INFO - ⌛ aguardando confirmação final de programação do lote
2026-06-16 23:58:24,785 - INFO - 🟨 programação do lote 59 efetuado com sucesso
2026-06-16 23:58:34,889 - INFO - 
=== Iniciando lote 60/534 [REDES] ===
2026-06-16 23:58:34,889 - INFO - 
=== abrir_janela_selecao ===
2026-06-16 23:58:41,196 - INFO - 
=== rotina abrir_selecao_colar_os ===
2026-06-16 23:58:41,250 - INFO - Janela de seleção aberta
2026-06-16 23:58:45,483 - INFO - DEBUG: idx=59, inicio=1475, fim=1500
2026-06-16 23:58:45,483 - INFO - ✅ 25 OS copiadas para a área de transferência.
2026-06-16 23:58:45,483 - INFO - 📋 Lote 60 copiado.
2026-06-16 23:58:53,816 - INFO - ⌛ Esperando mudança visual...
2026-06-16 23:58:54,829 - INFO - ⌛ Esperando mudança visual...
2026-06-16 23:58:55,845 - INFO - ⌛ Esperando mudança visual...
2026-06-16 23:58:56,864 - INFO - ⌛ Esperando mudança visual...
2026-06-16 23:58:57,880 - INFO - ⌛ Esperando mudança visual...
2026-06-16 23:58:58,891 - INFO - ⌛ Esperando mudança visual...
2026-06-16 23:58:59,911 - INFO - ⌛ Esperando mudança visual...
2026-06-16 23:59:00,927 - INFO - ⌛ Esperando mudança visual...
2026-06-16 23:59:01,938 - INFO - ⌛ Esperando mudança visual...
2026-06-16 23:59:02,958 - INFO - ⌛ Esperando mudança visual...
2026-06-16 23:59:03,973 - INFO - ✅ Tela carregada!
2026-06-16 23:59:07,974 - INFO - 
=== rotina desbloquear_os ===
2026-06-16 23:59:34,438 - INFO - ⌛ Aguardando janela de confirmação de desbloqueio...
2026-06-16 23:59:49,819 - INFO - 🟨 Registros desbloqueados com sucesso
2026-06-16 23:59:53,924 - INFO - 
=== rotina editar_os ===
2026-06-17 00:00:03,331 - INFO - ⌛ Aguardando janela de edição de OS...
2026-06-17 00:00:18,744 - INFO - 🟨 OS programadas detectadas
2026-06-17 00:00:21,857 - INFO - ⌛ Aguardando janela de edição de OS...
2026-06-17 00:00:37,291 - INFO - 🟨 Janela de edição de OS detectada
2026-06-17 00:00:58,661 - INFO - 🟨 Janela de edição de habilidade da turma detectada
2026-06-17 00:02:16,982 - INFO - ⌛ Aguardando detecção do campo de caracteristica 'EQUIPE PRÓPRIA OU EPS' ...
2026-06-17 00:02:36,327 - INFO - 🟨 campo de caracteristica 'EQUIPE PRÓPRIA OU EPS detectado
2026-06-17 00:02:58,111 - INFO - ⌛ Aguardando confirmação 4 - editar OS...
2026-06-17 00:03:13,561 - INFO - ⌛ Aguardando confirmação 4 - editar OS...
2026-06-17 00:03:29,007 - INFO - ⌛ Aguardando confirmação 4 - editar OS...
2026-06-17 00:03:44,429 - INFO - 🟨 Janela de confirmação 4 de edição de OS detectada
2026-06-17 00:03:48,531 - INFO - 
=== rotina programar_os ===
2026-06-17 00:04:15,043 - INFO - ⌛ Aguardando janela de confirmação de programação de OS...
2026-06-17 00:04:40,479 - INFO - 🟨 Janela de confirmação de programação de OS detectada
2026-06-17 00:04:53,733 - INFO - 🟨 Janela de aviso de edição de OS programadas detectada
2026-06-17 00:05:00,946 - INFO - ⌛ aguardando janela de programação de lote de OS...
2026-06-17 00:05:26,488 - INFO - 🟨 Janela de aviso de substituição de lote de OS detectada
2026-06-17 00:05:46,595 - INFO - ⌛ aguardando janela de programação de lote de OS...
2026-06-17 00:06:12,076 - INFO - 🟨 Janela de programação de lote de OS detectada
2026-06-17 00:07:01,615 - INFO - 🟨 Janela de confirmação de programação de lote de OS detectada
2026-06-17 00:07:05,857 - INFO - ⌛ aguardando confirmação final de programação do lote
2026-06-17 00:07:31,365 - INFO - 🟨 programação do lote 60 efetuado com sucesso
2026-06-17 00:07:41,470 - INFO - 
=== Iniciando lote 61/534 [REDES] ===
2026-06-17 00:07:41,471 - INFO - 
=== abrir_janela_selecao ===
2026-06-17 00:07:47,778 - INFO - 
=== rotina abrir_selecao_colar_os ===
2026-06-17 00:07:47,831 - INFO - Janela de seleção aberta
2026-06-17 00:07:52,057 - INFO - DEBUG: idx=60, inicio=1500, fim=1525
2026-06-17 00:07:52,058 - INFO - ✅ 25 OS copiadas para a área de transferência.
2026-06-17 00:07:52,058 - INFO - 📋 Lote 61 copiado.
2026-06-17 00:08:00,379 - INFO - ⌛ Esperando mudança visual...
2026-06-17 00:08:01,396 - INFO - ⌛ Esperando mudança visual...
2026-06-17 00:08:02,413 - INFO - ⌛ Esperando mudança visual...
2026-06-17 00:08:03,426 - INFO - ⌛ Esperando mudança visual...
2026-06-17 00:08:04,443 - INFO - ⌛ Esperando mudança visual...
2026-06-17 00:08:05,459 - INFO - ⌛ Esperando mudança visual...
2026-06-17 00:08:06,473 - INFO - ⌛ Esperando mudança visual...
2026-06-17 00:08:07,492 - INFO - ⌛ Esperando mudança visual...
2026-06-17 00:08:08,507 - INFO - ⌛ Esperando mudança visual...
2026-06-17 00:08:09,519 - INFO - ✅ Tela carregada!
2026-06-17 00:08:13,525 - INFO - 
=== rotina desbloquear_os ===
2026-06-17 00:08:39,992 - INFO - ⌛ Aguardando janela de confirmação de desbloqueio...
2026-06-17 00:08:55,372 - INFO - 🟨 Registros desbloqueados com sucesso
2026-06-17 00:08:59,476 - INFO - 
=== rotina editar_os ===
2026-06-17 00:09:08,903 - INFO - ⌛ Aguardando janela de edição de OS...
2026-06-17 00:09:24,324 - INFO - 🟨 OS programadas detectadas
2026-06-17 00:09:27,427 - INFO - ⌛ Aguardando janela de edição de OS...
2026-06-17 00:09:42,852 - INFO - 🟨 Janela de edição de OS detectada
2026-06-17 00:10:04,215 - INFO - 🟨 Janela de edição de habilidade da turma detectada
2026-06-17 00:11:22,517 - INFO - ⌛ Aguardando detecção do campo de caracteristica 'EQUIPE PRÓPRIA OU EPS' ...
2026-06-17 00:11:41,866 - INFO - 🟨 campo de caracteristica 'EQUIPE PRÓPRIA OU EPS detectado
2026-06-17 00:12:03,645 - INFO - ⌛ Aguardando confirmação 4 - editar OS...
2026-06-17 00:12:19,082 - INFO - ⌛ Aguardando confirmação 4 - editar OS...
2026-06-17 00:12:34,520 - INFO - 🟨 Janela de confirmação 4 de edição de OS detectada
2026-06-17 00:12:38,624 - INFO - 
=== rotina programar_os ===
2026-06-17 00:13:05,173 - INFO - ⌛ Aguardando janela de confirmação de programação de OS...
2026-06-17 00:13:30,608 - INFO - 🟨 Janela de confirmação de programação de OS detectada
2026-06-17 00:13:43,860 - INFO - 🟨 Janela de aviso de edição de OS programadas detectada
2026-06-17 00:13:51,066 - INFO - ⌛ aguardando janela de programação de lote de OS...
2026-06-17 00:14:16,560 - INFO - 🟨 Janela de aviso de substituição de lote de OS detectada
2026-06-17 00:14:36,665 - INFO - ⌛ aguardando janela de programação de lote de OS...
2026-06-17 00:15:02,130 - INFO - 🟨 Janela de programação de lote de OS detectada
2026-06-17 00:15:51,689 - INFO - 🟨 Janela de confirmação de programação de lote de OS detectada
2026-06-17 00:15:55,893 - INFO - ⌛ aguardando confirmação final de programação do lote
2026-06-17 00:16:21,338 - INFO - 🟨 programação do lote 61 efetuado com sucesso
2026-06-17 00:16:31,441 - INFO - 
=== Iniciando lote 62/534 [REDES] ===
2026-06-17 00:16:31,442 - INFO - 
=== abrir_janela_selecao ===
2026-06-17 00:16:37,749 - INFO - 
=== rotina abrir_selecao_colar_os ===
2026-06-17 00:16:37,807 - INFO - Janela de seleção aberta
2026-06-17 00:16:42,045 - INFO - DEBUG: idx=61, inicio=1525, fim=1550
2026-06-17 00:16:42,045 - INFO - ✅ 25 OS copiadas para a área de transferência.
2026-06-17 00:16:42,045 - INFO - 📋 Lote 62 copiado.
2026-06-17 00:16:50,368 - INFO - ⌛ Esperando mudança visual...
2026-06-17 00:16:51,385 - INFO - ⌛ Esperando mudança visual...
2026-06-17 00:16:52,400 - INFO - ⌛ Esperando mudança visual...
2026-06-17 00:16:53,415 - INFO - ⌛ Esperando mudança visual...
2026-06-17 00:16:54,432 - INFO - ⌛ Esperando mudança visual...
2026-06-17 00:16:55,448 - INFO - ⌛ Esperando mudança visual...
2026-06-17 00:16:56,465 - INFO - ⌛ Esperando mudança visual...
2026-06-17 00:16:57,479 - INFO - ⌛ Esperando mudança visual...
2026-06-17 00:16:58,495 - INFO - ⌛ Esperando mudança visual...
2026-06-17 00:16:59,509 - INFO - ⌛ Esperando mudança visual...
2026-06-17 00:17:00,523 - INFO - ✅ Tela carregada!
2026-06-17 00:17:04,528 - INFO - 
=== rotina desbloquear_os ===
2026-06-17 00:17:31,028 - INFO - ⌛ Aguardando janela de confirmação de desbloqueio...
2026-06-17 00:17:46,551 - INFO - 🟨 Registros desbloqueados com sucesso
2026-06-17 00:17:50,654 - INFO - 
=== rotina editar_os ===
2026-06-17 00:18:00,063 - INFO - ⌛ Aguardando janela de edição de OS...
2026-06-17 00:18:15,511 - INFO - 🟨 OS programadas detectadas
2026-06-17 00:18:18,614 - INFO - ⌛ Aguardando janela de edição de OS...
2026-06-17 00:18:34,120 - INFO - 🟨 Janela de edição de OS detectada
2026-06-17 00:18:55,484 - INFO - 🟨 Janela de edição de habilidade da turma detectada
2026-06-17 00:20:13,788 - INFO - ⌛ Aguardando detecção do campo de caracteristica 'EQUIPE PRÓPRIA OU EPS' ...
2026-06-17 00:20:33,130 - INFO - 🟨 campo de caracteristica 'EQUIPE PRÓPRIA OU EPS detectado
2026-06-17 00:20:54,904 - INFO - ⌛ Aguardando confirmação 4 - editar OS...
2026-06-17 00:21:10,315 - INFO - ⌛ Aguardando confirmação 4 - editar OS...
2026-06-17 00:21:25,762 - INFO - ⌛ Aguardando confirmação 4 - editar OS...
2026-06-17 00:21:41,218 - INFO - 🟨 Janela de confirmação 4 de edição de OS detectada
2026-06-17 00:21:45,328 - INFO - 
=== rotina programar_os ===
2026-06-17 00:22:11,863 - INFO - ⌛ Aguardando janela de confirmação de programação de OS...
2026-06-17 00:22:37,300 - INFO - 🟨 Janela de confirmação de programação de OS detectada
2026-06-17 00:22:50,552 - INFO - 🟨 Janela de aviso de edição de OS programadas detectada
2026-06-17 00:22:57,774 - INFO - ⌛ aguardando janela de programação de lote de OS...
2026-06-17 00:23:23,287 - INFO - 🟨 Janela de aviso de substituição de lote de OS detectada
2026-06-17 00:23:43,389 - INFO - ⌛ aguardando janela de programação de lote de OS...
2026-06-17 00:24:08,861 - INFO - 🟨 Janela de programação de lote de OS detectada
2026-06-17 00:24:58,424 - INFO - 🟨 Janela de confirmação de programação de lote de OS detectada
2026-06-17 00:25:02,614 - INFO - ⌛ aguardando confirmação final de programação do lote
2026-06-17 00:25:28,056 - INFO - 🟨 programação do lote 62 efetuado com sucesso
2026-06-17 00:25:38,167 - INFO - 
=== Iniciando lote 63/534 [REDES] ===
2026-06-17 00:25:38,167 - INFO - 
=== abrir_janela_selecao ===
2026-06-17 00:25:44,477 - INFO - 
=== rotina abrir_selecao_colar_os ===
2026-06-17 00:25:44,532 - INFO - Janela de seleção aberta
2026-06-17 00:25:48,754 - INFO - DEBUG: idx=62, inicio=1550, fim=1575
2026-06-17 00:25:48,754 - INFO - ✅ 25 OS copiadas para a área de transferência.
2026-06-17 00:25:48,754 - INFO - 📋 Lote 63 copiado.
2026-06-17 00:25:57,081 - INFO - ⌛ Esperando mudança visual...
2026-06-17 00:25:58,097 - INFO - ⌛ Esperando mudança visual...
2026-06-17 00:25:59,108 - INFO - ⌛ Esperando mudança visual...
2026-06-17 00:26:00,124 - INFO - ⌛ Esperando mudança visual...
2026-06-17 00:26:01,143 - INFO - ⌛ Esperando mudança visual...
2026-06-17 00:26:02,155 - INFO - ⌛ Esperando mudança visual...
2026-06-17 00:26:03,176 - INFO - ⌛ Esperando mudança visual...
2026-06-17 00:26:04,190 - INFO - ⌛ Esperando mudança visual...
2026-06-17 00:26:05,206 - INFO - ⌛ Esperando mudança visual...
2026-06-17 00:26:06,218 - INFO - ⌛ Esperando mudança visual...
2026-06-17 00:26:07,238 - INFO - ✅ Tela carregada!
2026-06-17 00:26:11,239 - INFO - 
=== rotina desbloquear_os ===
2026-06-17 00:26:37,712 - INFO - ⌛ Aguardando janela de confirmação de desbloqueio...
2026-06-17 00:26:53,100 - INFO - 🟨 Registros desbloqueados com sucesso
2026-06-17 00:26:57,203 - INFO - 
=== rotina editar_os ===
2026-06-17 00:27:06,657 - INFO - ⌛ Aguardando janela de edição de OS...
2026-06-17 00:27:22,181 - INFO - 🟨 OS programadas detectadas
2026-06-17 00:27:25,289 - INFO - ⌛ Aguardando janela de edição de OS...
2026-06-17 00:27:40,751 - INFO - 🟨 Janela de edição de OS detectada
2026-06-17 00:28:02,105 - INFO - 🟨 Janela de edição de habilidade da turma detectada
2026-06-17 00:29:20,410 - INFO - ⌛ Aguardando detecção do campo de caracteristica 'EQUIPE PRÓPRIA OU EPS' ...
2026-06-17 00:29:39,784 - INFO - 🟨 campo de caracteristica 'EQUIPE PRÓPRIA OU EPS detectado
2026-06-17 00:30:01,546 - INFO - ⌛ Aguardando confirmação 4 - editar OS...
2026-06-17 00:30:16,975 - INFO - ⌛ Aguardando confirmação 4 - editar OS...
2026-06-17 00:30:32,399 - INFO - ⌛ Aguardando confirmação 4 - editar OS...
2026-06-17 00:30:47,807 - INFO - 🟨 Janela de confirmação 4 de edição de OS detectada
2026-06-17 00:30:51,921 - INFO - 
=== rotina programar_os ===
2026-06-17 00:31:18,432 - INFO - ⌛ Aguardando janela de confirmação de programação de OS...
2026-06-17 00:31:43,857 - INFO - 🟨 Janela de confirmação de programação de OS detectada
2026-06-17 00:31:57,111 - INFO - 🟨 Janela de aviso de edição de OS programadas detectada
2026-06-17 00:32:04,320 - INFO - ⌛ aguardando janela de programação de lote de OS...
2026-06-17 00:32:29,807 - INFO - 🟨 Janela de aviso de substituição de lote de OS detectada
2026-06-17 00:32:49,918 - INFO - ⌛ aguardando janela de programação de lote de OS...
2026-06-17 00:33:15,412 - INFO - 🟨 Janela de programação de lote de OS detectada
2026-06-17 00:34:04,963 - INFO - 🟨 Janela de confirmação de programação de lote de OS detectada
2026-06-17 00:34:09,159 - INFO - ⌛ aguardando confirmação final de programação do lote
2026-06-17 00:34:34,591 - INFO - 🟨 programação do lote 63 efetuado com sucesso
2026-06-17 00:34:44,696 - INFO - 
=== Iniciando lote 64/534 [REDES] ===
2026-06-17 00:34:44,697 - INFO - 
=== abrir_janela_selecao ===
2026-06-17 00:34:51,013 - INFO - 
=== rotina abrir_selecao_colar_os ===
2026-06-17 00:34:51,052 - INFO - Janela de seleção aberta
2026-06-17 00:34:55,284 - INFO - DEBUG: idx=63, inicio=1575, fim=1600
2026-06-17 00:34:55,284 - INFO - ✅ 25 OS copiadas para a área de transferência.
2026-06-17 00:34:55,285 - INFO - 📋 Lote 64 copiado.
2026-06-17 00:35:03,606 - INFO - ⌛ Esperando mudança visual...
2026-06-17 00:35:04,625 - INFO - ⌛ Esperando mudança visual...
2026-06-17 00:35:05,638 - INFO - ⌛ Esperando mudança visual...
2026-06-17 00:35:06,652 - INFO - ⌛ Esperando mudança visual...
2026-06-17 00:35:07,672 - INFO - ⌛ Esperando mudança visual...
2026-06-17 00:35:08,687 - INFO - ⌛ Esperando mudança visual...
2026-06-17 00:35:09,704 - INFO - ⌛ Esperando mudança visual...
2026-06-17 00:35:10,715 - INFO - ⌛ Esperando mudança visual...
2026-06-17 00:35:11,735 - INFO - ⌛ Esperando mudança visual...
2026-06-17 00:35:12,751 - INFO - ✅ Tela carregada!
2026-06-17 00:35:16,752 - INFO - 
=== rotina desbloquear_os ===
2026-06-17 00:35:43,233 - INFO - ⌛ Aguardando janela de confirmação de desbloqueio...
2026-06-17 00:35:58,614 - INFO - 🟨 Registros desbloqueados com sucesso
2026-06-17 00:36:02,718 - INFO - 
=== rotina editar_os ===
2026-06-17 00:36:12,126 - INFO - ⌛ Aguardando janela de edição de OS...
2026-06-17 00:36:27,548 - INFO - 🟨 OS programadas detectadas
2026-06-17 00:36:30,651 - INFO - ⌛ Aguardando janela de edição de OS...
2026-06-17 00:36:46,076 - INFO - 🟨 Janela de edição de OS detectada
2026-06-17 00:37:07,455 - INFO - 🟨 Janela de edição de habilidade da turma detectada
2026-06-17 00:38:25,748 - INFO - ⌛ Aguardando detecção do campo de caracteristica 'EQUIPE PRÓPRIA OU EPS' ...
2026-06-17 00:38:45,095 - INFO - 🟨 campo de caracteristica 'EQUIPE PRÓPRIA OU EPS detectado
2026-06-17 00:39:06,871 - INFO - ⌛ Aguardando confirmação 4 - editar OS...
2026-06-17 00:39:22,301 - INFO - ⌛ Aguardando confirmação 4 - editar OS...
2026-06-17 00:39:37,752 - INFO - ⌛ Aguardando confirmação 4 - editar OS...
2026-06-17 00:39:53,176 - INFO - 🟨 Janela de confirmação 4 de edição de OS detectada
2026-06-17 00:39:57,283 - INFO - 
=== rotina programar_os ===
2026-06-17 00:40:23,801 - INFO - ⌛ Aguardando janela de confirmação de programação de OS...
2026-06-17 00:40:49,215 - INFO - 🟨 Janela de confirmação de programação de OS detectada
2026-06-17 00:41:02,474 - INFO - 🟨 Janela de aviso de edição de OS programadas detectada
2026-06-17 00:41:09,685 - INFO - ⌛ aguardando janela de programação de lote de OS...
2026-06-17 00:41:35,158 - INFO - 🟨 Janela de aviso de substituição de lote de OS detectada
2026-06-17 00:41:55,268 - INFO - ⌛ aguardando janela de programação de lote de OS...
2026-06-17 00:42:20,759 - INFO - 🟨 Janela de programação de lote de OS detectada
2026-06-17 00:43:10,286 - INFO - 🟨 Janela de confirmação de programação de lote de OS detectada
2026-06-17 00:43:14,501 - INFO - ⌛ aguardando confirmação final de programação do lote
2026-06-17 00:43:39,924 - INFO - 🟨 programação do lote 64 efetuado com sucesso
2026-06-17 00:43:50,028 - INFO - 
=== Iniciando lote 65/534 [REDES] ===
2026-06-17 00:43:50,028 - INFO - 
=== abrir_janela_selecao ===
2026-06-17 00:43:56,334 - INFO - 
=== rotina abrir_selecao_colar_os ===
2026-06-17 00:43:56,383 - INFO - Janela de seleção aberta
2026-06-17 00:44:00,614 - INFO - DEBUG: idx=64, inicio=1600, fim=1625
2026-06-17 00:44:00,614 - INFO - ✅ 25 OS copiadas para a área de transferência.
2026-06-17 00:44:00,614 - INFO - 📋 Lote 65 copiado.
2026-06-17 00:44:08,939 - INFO - ⌛ Esperando mudança visual...
2026-06-17 00:44:09,952 - INFO - ⌛ Esperando mudança visual...
2026-06-17 00:44:10,971 - INFO - ⌛ Esperando mudança visual...
2026-06-17 00:44:11,987 - INFO - ⌛ Esperando mudança visual...
2026-06-17 00:44:13,003 - INFO - ⌛ Esperando mudança visual...
2026-06-17 00:44:14,018 - INFO - ⌛ Esperando mudança visual...
2026-06-17 00:44:15,033 - INFO - ⌛ Esperando mudança visual...
2026-06-17 00:44:16,050 - INFO - ⌛ Esperando mudança visual...
2026-06-17 00:44:17,062 - INFO - ⌛ Esperando mudança visual...
2026-06-17 00:44:18,081 - INFO - ✅ Tela carregada!
2026-06-17 00:44:22,082 - INFO - 
=== rotina desbloquear_os ===
2026-06-17 00:44:48,546 - INFO - ⌛ Aguardando janela de confirmação de desbloqueio...
2026-06-17 00:45:03,922 - INFO - ⌛ Aguardando janela de confirmação de desbloqueio...
2026-06-17 00:45:19,295 - INFO - ⌛ Aguardando janela de confirmação de desbloqueio...
2026-06-17 00:45:34,679 - INFO - ⌛ Aguardando janela de confirmação de desbloqueio...
2026-06-17 00:45:50,053 - INFO - ⌛ Aguardando janela de confirmação de desbloqueio...
2026-06-17 00:46:05,433 - INFO - ⌛ Aguardando janela de confirmação de desbloqueio...
2026-06-17 00:46:20,791 - INFO - ⌛ Aguardando janela de confirmação de desbloqueio...
2026-06-17 00:46:36,159 - INFO - ⌛ Aguardando janela de confirmação de desbloqueio...
2026-06-17 00:46:51,589 - INFO - ⌛ Aguardando janela de confirmação de desbloqueio...
2026-06-17 00:47:06,976 - INFO - ⌛ Aguardando janela de confirmação de desbloqueio...
2026-06-17 00:47:22,410 - INFO - ⌛ Aguardando janela de confirmação de desbloqueio...
2026-06-17 00:47:37,797 - INFO - ⌛ Aguardando janela de confirmação de desbloqueio...
2026-06-17 00:47:53,180 - INFO - 🟨 Registros desbloqueados com sucesso
2026-06-17 00:47:57,284 - INFO - 
=== rotina editar_os ===
2026-06-17 00:48:06,694 - INFO - ⌛ Aguardando janela de edição de OS...
2026-06-17 00:48:22,108 - INFO - 🟨 OS programadas detectadas
2026-06-17 00:48:25,219 - INFO - ⌛ Aguardando janela de edição de OS...
2026-06-17 00:48:40,657 - INFO - 🟨 Janela de edição de OS detectada
2026-06-17 00:49:02,019 - INFO - 🟨 Janela de edição de habilidade da turma detectada
2026-06-17 00:50:20,349 - INFO - ⌛ Aguardando detecção do campo de caracteristica 'EQUIPE PRÓPRIA OU EPS' ...
2026-06-17 00:50:39,710 - INFO - 🟨 campo de caracteristica 'EQUIPE PRÓPRIA OU EPS detectado
2026-06-17 00:51:01,486 - INFO - ⌛ Aguardando confirmação 4 - editar OS...
2026-06-17 00:51:16,966 - INFO - ⌛ Aguardando confirmação 4 - editar OS...
2026-06-17 00:51:32,426 - INFO - ⌛ Aguardando confirmação 4 - editar OS...
2026-06-17 00:51:47,852 - INFO - 🟨 Janela de confirmação 4 de edição de OS detectada
2026-06-17 00:51:51,965 - INFO - 
=== rotina programar_os ===
2026-06-17 00:52:18,526 - INFO - ⌛ Aguardando janela de confirmação de programação de OS...
2026-06-17 00:52:44,013 - INFO - 🟨 Janela de confirmação de programação de OS detectada
2026-06-17 00:52:57,272 - INFO - 🟨 Janela de aviso de edição de OS programadas detectada
2026-06-17 00:53:04,483 - INFO - ⌛ aguardando janela de programação de lote de OS...
2026-06-17 00:53:29,994 - INFO - 🟨 Janela de aviso de substituição de lote de OS detectada
2026-06-17 00:53:50,098 - INFO - ⌛ aguardando janela de programação de lote de OS...
2026-06-17 00:54:15,598 - INFO - 🟨 Janela de programação de lote de OS detectada
2026-06-17 00:55:05,103 - INFO - 🟨 Janela de confirmação de programação de lote de OS detectada
2026-06-17 00:55:09,308 - INFO - ⌛ aguardando confirmação final de programação do lote
2026-06-17 00:55:34,753 - INFO - 🟨 programação do lote 65 efetuado com sucesso
2026-06-17 00:55:44,857 - INFO - 
=== Iniciando lote 66/534 [REDES] ===
2026-06-17 00:55:44,857 - INFO - 
=== abrir_janela_selecao ===
2026-06-17 00:55:51,166 - INFO - 
=== rotina abrir_selecao_colar_os ===
2026-06-17 00:55:51,214 - INFO - Janela de seleção aberta
2026-06-17 00:55:55,442 - INFO - DEBUG: idx=65, inicio=1625, fim=1650
2026-06-17 00:55:55,442 - INFO - ✅ 25 OS copiadas para a área de transferência.
2026-06-17 00:55:55,443 - INFO - 📋 Lote 66 copiado.
2026-06-17 00:56:03,772 - INFO - ⌛ Esperando mudança visual...
2026-06-17 00:56:04,786 - INFO - ⌛ Esperando mudança visual...
2026-06-17 00:56:05,798 - INFO - ⌛ Esperando mudança visual...
2026-06-17 00:56:06,814 - INFO - ⌛ Esperando mudança visual...
2026-06-17 00:56:07,832 - INFO - ⌛ Esperando mudança visual...
2026-06-17 00:56:08,849 - INFO - ⌛ Esperando mudança visual...
2026-06-17 00:56:09,861 - INFO - ⌛ Esperando mudança visual...
2026-06-17 00:56:10,880 - INFO - ⌛ Esperando mudança visual...
2026-06-17 00:56:11,893 - INFO - ⌛ Esperando mudança visual...
2026-06-17 00:56:12,908 - INFO - ⌛ Esperando mudança visual...
2026-06-17 00:56:13,927 - INFO - ✅ Tela carregada!
2026-06-17 00:56:17,930 - INFO - 
=== rotina desbloquear_os ===
2026-06-17 00:56:44,384 - INFO - ⌛ Aguardando janela de confirmação de desbloqueio...
2026-06-17 00:56:59,759 - INFO - 🟨 Registros desbloqueados com sucesso
2026-06-17 00:57:03,862 - INFO - 
=== rotina editar_os ===
2026-06-17 00:57:13,274 - INFO - ⌛ Aguardando janela de edição de OS...
2026-06-17 00:57:28,693 - INFO - 🟨 OS programadas detectadas
2026-06-17 00:57:31,798 - INFO - ⌛ Aguardando janela de edição de OS...
2026-06-17 00:57:47,254 - INFO - 🟨 Janela de edição de OS detectada
2026-06-17 00:58:08,620 - INFO - 🟨 Janela de edição de habilidade da turma detectada
2026-06-17 00:59:26,925 - INFO - ⌛ Aguardando detecção do campo de caracteristica 'EQUIPE PRÓPRIA OU EPS' ...
2026-06-17 00:59:46,272 - INFO - 🟨 campo de caracteristica 'EQUIPE PRÓPRIA OU EPS detectado
2026-06-17 01:00:08,036 - INFO - ⌛ Aguardando confirmação 4 - editar OS...
2026-06-17 01:00:23,455 - INFO - ⌛ Aguardando confirmação 4 - editar OS...
2026-06-17 01:00:38,864 - INFO - ⌛ Aguardando confirmação 4 - editar OS...
2026-06-17 01:00:54,320 - INFO - 🟨 Janela de confirmação 4 de edição de OS detectada
2026-06-17 01:00:58,428 - INFO - 
=== rotina programar_os ===
2026-06-17 01:01:24,946 - INFO - ⌛ Aguardando janela de confirmação de programação de OS...
2026-06-17 01:01:50,428 - INFO - 🟨 Janela de confirmação de programação de OS detectada
2026-06-17 01:02:03,689 - INFO - 🟨 Janela de aviso de edição de OS programadas detectada
2026-06-17 01:02:10,909 - INFO - ⌛ aguardando janela de programação de lote de OS...
2026-06-17 01:02:36,399 - INFO - 🟨 Janela de aviso de substituição de lote de OS detectada
2026-06-17 01:02:56,519 - INFO - ⌛ aguardando janela de programação de lote de OS...
2026-06-17 01:03:22,286 - INFO - 🟨 Janela de programação de lote de OS detectada
2026-06-17 01:04:11,796 - INFO - 🟨 Janela de confirmação de programação de lote de OS detectada
2026-06-17 01:04:15,994 - INFO - ⌛ aguardando confirmação final de programação do lote
2026-06-17 01:04:41,451 - INFO - 🟨 programação do lote 66 efetuado com sucesso
2026-06-17 01:04:51,561 - INFO - 
=== Iniciando lote 67/534 [REDES] ===
2026-06-17 01:04:51,561 - INFO - 
=== abrir_janela_selecao ===
2026-06-17 01:04:57,873 - INFO - 
=== rotina abrir_selecao_colar_os ===
2026-06-17 01:04:57,916 - INFO - Janela de seleção aberta
2026-06-17 01:05:02,151 - INFO - DEBUG: idx=66, inicio=1650, fim=1675
2026-06-17 01:05:02,151 - INFO - ✅ 25 OS copiadas para a área de transferência.
2026-06-17 01:05:02,151 - INFO - 📋 Lote 67 copiado.
2026-06-17 01:05:10,485 - INFO - ⌛ Esperando mudança visual...
2026-06-17 01:05:11,500 - INFO - ⌛ Esperando mudança visual...
2026-06-17 01:05:12,513 - INFO - ⌛ Esperando mudança visual...
2026-06-17 01:05:13,531 - INFO - ⌛ Esperando mudança visual...
2026-06-17 01:05:14,548 - INFO - ⌛ Esperando mudança visual...
2026-06-17 01:05:15,560 - INFO - ⌛ Esperando mudança visual...
2026-06-17 01:05:16,577 - INFO - ⌛ Esperando mudança visual...
2026-06-17 01:05:17,595 - INFO - ⌛ Esperando mudança visual...
2026-06-17 01:05:18,608 - INFO - ⌛ Esperando mudança visual...
2026-06-17 01:05:19,626 - INFO - ⌛ Esperando mudança visual...
2026-06-17 01:05:20,638 - INFO - ✅ Tela carregada!
2026-06-17 01:05:24,644 - INFO - 
=== rotina desbloquear_os ===
2026-06-17 01:05:51,104 - INFO - ⌛ Aguardando janela de confirmação de desbloqueio...
2026-06-17 01:06:06,488 - INFO - 🟨 Registros desbloqueados com sucesso
2026-06-17 01:06:10,593 - INFO - 
=== rotina editar_os ===
2026-06-17 01:06:20,005 - INFO - ⌛ Aguardando janela de edição de OS...
2026-06-17 01:06:35,443 - INFO - 🟨 OS programadas detectadas
2026-06-17 01:06:38,548 - INFO - ⌛ Aguardando janela de edição de OS...
2026-06-17 01:06:54,013 - INFO - 🟨 Janela de edição de OS detectada
2026-06-17 01:07:15,384 - INFO - 🟨 Janela de edição de habilidade da turma detectada
2026-06-17 01:08:33,675 - INFO - ⌛ Aguardando detecção do campo de caracteristica 'EQUIPE PRÓPRIA OU EPS' ...
2026-06-17 01:08:53,042 - INFO - 🟨 campo de caracteristica 'EQUIPE PRÓPRIA OU EPS detectado
2026-06-17 01:09:14,801 - INFO - ⌛ Aguardando confirmação 4 - editar OS...
2026-06-17 01:09:30,210 - INFO - ⌛ Aguardando confirmação 4 - editar OS...
2026-06-17 01:09:45,641 - INFO - ⌛ Aguardando confirmação 4 - editar OS...
2026-06-17 01:10:01,056 - INFO - 🟨 Janela de confirmação 4 de edição de OS detectada
2026-06-17 01:10:05,159 - INFO - 
=== rotina programar_os ===
2026-06-17 01:10:31,678 - INFO - ⌛ Aguardando janela de confirmação de programação de OS...
2026-06-17 01:10:57,113 - INFO - 🟨 Janela de confirmação de programação de OS detectada
2026-06-17 01:11:10,362 - INFO - 🟨 Janela de aviso de edição de OS programadas detectada
2026-06-17 01:11:17,576 - INFO - ⌛ aguardando janela de programação de lote de OS...
2026-06-17 01:11:43,089 - INFO - 🟨 Janela de aviso de substituição de lote de OS detectada
2026-06-17 01:12:03,191 - INFO - ⌛ aguardando janela de programação de lote de OS...
2026-06-17 01:12:28,673 - INFO - 🟨 Janela de programação de lote de OS detectada
2026-06-17 01:13:18,195 - INFO - 🟨 Janela de confirmação de programação de lote de OS detectada
2026-06-17 01:13:22,393 - INFO - ⌛ aguardando confirmação final de programação do lote
2026-06-17 01:13:47,816 - INFO - 🟨 programação do lote 67 efetuado com sucesso
2026-06-17 01:13:57,922 - INFO - 
=== Iniciando lote 68/534 [REDES] ===
2026-06-17 01:13:57,923 - INFO - 
=== abrir_janela_selecao ===
2026-06-17 01:14:04,230 - INFO - 
=== rotina abrir_selecao_colar_os ===
2026-06-17 01:14:04,287 - INFO - Janela de seleção aberta
2026-06-17 01:14:08,504 - INFO - DEBUG: idx=67, inicio=1675, fim=1700
2026-06-17 01:14:08,504 - INFO - ✅ 25 OS copiadas para a área de transferência.
2026-06-17 01:14:08,505 - INFO - 📋 Lote 68 copiado.
2026-06-17 01:14:16,831 - INFO - ⌛ Esperando mudança visual...
2026-06-17 01:14:17,847 - INFO - ⌛ Esperando mudança visual...
2026-06-17 01:14:18,860 - INFO - ⌛ Esperando mudança visual...
2026-06-17 01:14:19,878 - INFO - ⌛ Esperando mudança visual...
2026-06-17 01:14:20,892 - INFO - ⌛ Esperando mudança visual...
2026-06-17 01:14:21,909 - INFO - ⌛ Esperando mudança visual...
2026-06-17 01:14:22,926 - INFO - ⌛ Esperando mudança visual...
2026-06-17 01:14:23,939 - INFO - ⌛ Esperando mudança visual...
2026-06-17 01:14:24,954 - INFO - ⌛ Esperando mudança visual...
2026-06-17 01:14:25,972 - INFO - ⌛ Esperando mudança visual...
2026-06-17 01:14:26,988 - INFO - ✅ Tela carregada!
2026-06-17 01:14:30,989 - INFO - 
=== rotina desbloquear_os ===
2026-06-17 01:14:57,456 - INFO - ⌛ Aguardando janela de confirmação de desbloqueio...
2026-06-17 01:15:12,841 - INFO - ⌛ Aguardando janela de confirmação de desbloqueio...
2026-06-17 01:15:28,224 - INFO - 🟨 Registros desbloqueados com sucesso
2026-06-17 01:15:32,328 - INFO - 
=== rotina editar_os ===
2026-06-17 01:15:41,734 - INFO - ⌛ Aguardando janela de edição de OS...
2026-06-17 01:15:57,157 - INFO - 🟨 OS programadas detectadas
2026-06-17 01:16:00,261 - INFO - ⌛ Aguardando janela de edição de OS...
2026-06-17 01:16:15,706 - INFO - 🟨 Janela de edição de OS detectada
2026-06-17 01:16:37,057 - INFO - ⏱️ Tempo limite atingido. Abortando seleção
2026-06-17 01:16:37,057 - INFO - Capturando print...
