2026-06-10 09:19:10,331 - INFO - Data hoje: 10/06/2026
2026-06-10 09:19:10,331 - INFO - Data de referência: 30/06/2026
2026-06-10 09:20:38,661 - INFO - Qtde OS de LINHA VIVA: 531
2026-06-10 09:20:38,661 - INFO - Qtde OS poda de LINHA MORTA: 542
2026-06-10 09:20:38,661 - INFO - Qtde OS estrutural de LINHA MORTA : 14333
2026-06-10 09:20:38,661 - INFO - Qtde OS poda de LINHA MORTA fora carteira: 672
2026-06-10 09:20:38,661 - INFO - Qtde OS para desprogramar: 2021
2026-06-10 09:20:38,662 - INFO - 
 Qtd de lotes de LM: 22
2026-06-10 09:20:38,662 - INFO - 
 Qtd de lotes de LV: 22
2026-06-10 09:20:38,665 - INFO - 
 Qtd de lotes de ESTRUTURAL LM: 574
2026-06-10 09:20:38,665 - INFO - 
 Qtd de lotes de LEVE: 27
2026-06-10 09:20:38,665 - INFO - 
 Qtd de lotes para desprogramar: 81
2026-06-10 09:20:38,665 - INFO - 
=== Iniciando lote 1/574 [REDES] ===
2026-06-10 09:20:38,665 - INFO - 
=== abrir_janela_selecao ===
2026-06-10 09:20:44,994 - INFO - 
=== rotina abrir_selecao_colar_os ===
2026-06-10 09:20:45,120 - INFO - Janela de seleção aberta
2026-06-10 09:20:49,364 - INFO - DEBUG: idx=0, inicio=0, fim=25
2026-06-10 09:20:49,364 - INFO - ✅ 25 OS copiadas para a área de transferência.
2026-06-10 09:20:49,364 - INFO - 📋 Lote 1 copiado.
2026-06-10 09:20:57,692 - INFO - ⌛ Esperando mudança visual...
2026-06-10 09:20:58,706 - INFO - ⌛ Esperando mudança visual...
2026-06-10 09:20:59,721 - INFO - ✅ Tela carregada!
2026-06-10 09:21:03,724 - INFO - 
=== rotina desbloquear_os ===
2026-06-10 09:21:30,211 - INFO - ⌛ Aguardando janela de confirmação de desbloqueio...
2026-06-10 09:21:45,642 - INFO - 🟨 Registros desbloqueados com sucesso
2026-06-10 09:21:49,746 - INFO - 
=== rotina editar_os ===
2026-06-10 09:21:59,184 - INFO - ⌛ Aguardando janela de edição de OS...
2026-06-10 09:22:14,621 - INFO - 🟨 OS programadas detectadas
2026-06-10 09:22:17,726 - INFO - ⌛ Aguardando janela de edição de OS...
2026-06-10 09:22:33,171 - INFO - 🟨 Janela de edição de OS detectada
2026-06-10 09:22:54,524 - INFO - 🟨 Janela de edição de habilidade da turma detectada
2026-06-10 09:24:12,838 - INFO - ⌛ Aguardando detecção do campo de caracteristica 'EQUIPE PRÓPRIA OU EPS' ...
2026-06-10 09:24:32,201 - INFO - 🟨 campo de caracteristica 'EQUIPE PRÓPRIA OU EPS detectado
2026-06-10 09:24:54,013 - INFO - ⌛ Aguardando confirmação 4 - editar OS...
2026-06-10 09:25:09,522 - INFO - ⌛ Aguardando confirmação 4 - editar OS...
2026-06-10 09:25:09,692 - INFO - 🟨 Identificado travamento no EQM, reiniciando contador de espera
2026-06-10 09:25:25,072 - INFO - ⌛ Aguardando confirmação 4 - editar OS...
2026-06-10 09:25:40,623 - INFO - 🟨 Janela de confirmação 4 de edição de OS detectada
2026-06-10 09:25:44,737 - INFO - 
=== rotina programar_os ===
2026-06-10 09:26:11,282 - INFO - ⌛ Aguardando janela de confirmação de programação de OS...
2026-06-10 09:26:36,766 - INFO - 🟨 Janela de confirmação de programação de OS detectada
2026-06-10 09:26:50,069 - INFO - 🟨 Janela de aviso de edição de OS programadas detectada
2026-06-10 09:26:57,303 - INFO - ⌛ aguardando janela de programação de lote de OS...
2026-06-10 09:27:22,818 - INFO - 🟨 Janela de aviso de substituição de lote de OS detectada
2026-06-10 09:27:42,921 - INFO - ⌛ aguardando janela de programação de lote de OS...
2026-06-10 09:28:08,452 - INFO - 🟨 Janela de programação de lote de OS detectada
2026-06-10 09:28:57,955 - INFO - 🟨 Janela de confirmação de programação de lote de OS detectada
2026-06-10 09:29:02,169 - INFO - ⌛ aguardando confirmação final de programação do lote
2026-06-10 09:29:27,635 - INFO - 🟨 programação do lote 1 efetuado com sucesso
2026-06-10 09:29:37,742 - INFO - 
=== Iniciando lote 2/574 [REDES] ===
2026-06-10 09:29:37,743 - INFO - 
=== abrir_janela_selecao ===
2026-06-10 09:29:44,050 - INFO - 
=== rotina abrir_selecao_colar_os ===
2026-06-10 09:29:44,097 - INFO - Janela de seleção aberta
2026-06-10 09:29:48,330 - INFO - DEBUG: idx=1, inicio=25, fim=50
2026-06-10 09:29:48,330 - INFO - ✅ 25 OS copiadas para a área de transferência.
2026-06-10 09:29:48,330 - INFO - 📋 Lote 2 copiado.
2026-06-10 09:29:56,654 - INFO - ⌛ Esperando mudança visual...
2026-06-10 09:29:57,666 - INFO - ⌛ Esperando mudança visual...
2026-06-10 09:29:58,682 - INFO - ⌛ Esperando mudança visual...
2026-06-10 09:29:59,698 - INFO - ⌛ Esperando mudança visual...
2026-06-10 09:30:00,715 - INFO - ⌛ Esperando mudança visual...
2026-06-10 09:30:01,730 - INFO - ⌛ Esperando mudança visual...
2026-06-10 09:30:02,745 - INFO - ⌛ Esperando mudança visual...
2026-06-10 09:30:03,760 - INFO - ⌛ Esperando mudança visual...
2026-06-10 09:30:04,776 - INFO - ⌛ Esperando mudança visual...
2026-06-10 09:30:05,791 - INFO - ⌛ Esperando mudança visual...
2026-06-10 09:30:06,807 - INFO - ⌛ Esperando mudança visual...
2026-06-10 09:30:07,822 - INFO - ✅ Tela carregada!
2026-06-10 09:30:11,825 - INFO - 
=== rotina desbloquear_os ===
2026-06-10 09:30:38,292 - INFO - ⌛ Aguardando janela de confirmação de desbloqueio...
2026-06-10 09:30:53,692 - INFO - 🟨 Registros desbloqueados com sucesso
2026-06-10 09:30:57,812 - INFO - 
=== rotina editar_os ===
2026-06-10 09:31:07,212 - INFO - ⌛ Aguardando janela de edição de OS...
2026-06-10 09:31:22,669 - INFO - 🟨 OS programadas detectadas
2026-06-10 09:31:25,783 - INFO - ⌛ Aguardando janela de edição de OS...
2026-06-10 09:31:41,237 - INFO - 🟨 Janela de edição de OS detectada
2026-06-10 09:32:02,600 - INFO - 🟨 Janela de edição de habilidade da turma detectada
2026-06-10 09:32:25,857 - INFO - Data hoje: 10/06/2026
2026-06-10 09:32:25,857 - INFO - Data de referência: 30/06/2026
2026-06-10 09:34:28,859 - INFO - Qtde OS de LINHA VIVA: 537
2026-06-10 09:34:28,859 - INFO - Qtde OS poda de LINHA MORTA: 544
2026-06-10 09:34:28,859 - INFO - Qtde OS estrutural de LINHA MORTA : 14333
2026-06-10 09:34:28,859 - INFO - Qtde OS poda de LINHA MORTA fora carteira: 662
2026-06-10 09:34:28,859 - INFO - Qtde OS para desprogramar: 2019
2026-06-10 09:34:28,860 - INFO - 
 Qtd de lotes de LM: 22
2026-06-10 09:34:28,860 - INFO - 
 Qtd de lotes de LV: 22
2026-06-10 09:34:28,860 - INFO - 
 Qtd de lotes de ESTRUTURAL LM: 574
2026-06-10 09:34:28,860 - INFO - 
 Qtd de lotes de LEVE: 27
2026-06-10 09:34:28,860 - INFO - 
 Qtd de lotes para desprogramar: 81
2026-06-10 09:34:28,860 - INFO - 
=== Iniciando lote 1/574 [REDES] ===
2026-06-10 09:34:28,860 - INFO - 
=== abrir_janela_selecao ===
2026-06-10 09:34:35,225 - INFO - 
=== rotina abrir_selecao_colar_os ===
2026-06-10 09:34:35,399 - INFO - ⌛ Aguardando janela de seleção...
2026-06-10 09:34:45,917 - INFO - ⌛ Aguardando janela de seleção...
2026-06-10 09:34:56,399 - INFO - ⌛ Aguardando janela de seleção...
2026-06-10 09:35:06,872 - INFO - ⌛ Aguardando janela de seleção...
2026-06-10 09:35:17,330 - INFO - ⌛ Aguardando janela de seleção...
2026-06-10 09:35:27,796 - INFO - ⌛ Aguardando janela de seleção...
2026-06-10 09:35:38,217 - INFO - ⌛ Aguardando janela de seleção...
2026-06-10 09:35:48,643 - INFO - ⌛ Aguardando janela de seleção...
2026-06-10 09:35:59,068 - INFO - ⌛ Aguardando janela de seleção...
2026-06-10 09:36:09,487 - INFO - ⌛ Aguardando janela de seleção...
2026-06-10 09:36:19,931 - INFO - ⌛ Aguardando janela de seleção...
2026-06-10 09:36:30,334 - INFO - ⌛ Aguardando janela de seleção...
2026-06-10 09:36:40,772 - INFO - ⌛ Aguardando janela de seleção...
2026-06-10 09:36:51,192 - INFO - ⌛ Aguardando janela de seleção...
2026-06-10 09:37:01,596 - INFO - ⌛ Aguardando janela de seleção...
2026-06-10 09:37:12,025 - INFO - ⌛ Aguardando janela de seleção...
2026-06-10 09:37:22,439 - INFO - ⌛ Aguardando janela de seleção...
2026-06-10 09:37:32,890 - INFO - ⌛ Aguardando janela de seleção...
2026-06-10 09:37:43,329 - INFO - ⌛ Aguardando janela de seleção...
2026-06-10 09:37:53,749 - INFO - ⌛ Aguardando janela de seleção...
2026-06-10 09:38:04,190 - INFO - ⌛ Aguardando janela de seleção...
2026-06-10 09:38:14,633 - INFO - ⌛ Aguardando janela de seleção...
2026-06-10 09:38:25,034 - INFO - ⌛ Aguardando janela de seleção...
2026-06-10 09:38:35,440 - INFO - ⌛ Aguardando janela de seleção...
2026-06-10 09:38:45,830 - INFO - ⌛ Aguardando janela de seleção...
2026-06-10 09:38:56,260 - INFO - ⌛ Aguardando janela de seleção...
2026-06-10 09:39:06,696 - INFO - ⌛ Aguardando janela de seleção...
2026-06-10 09:39:17,136 - INFO - ⌛ Aguardando janela de seleção...
2026-06-10 09:39:27,579 - INFO - ⌛ Aguardando janela de seleção...
2026-06-10 09:39:38,016 - INFO - ⌛ Aguardando janela de seleção...
2026-06-10 09:39:48,473 - INFO - ⌛ Aguardando janela de seleção...
2026-06-10 09:39:58,911 - INFO - ⌛ Aguardando janela de seleção...
2026-06-10 09:40:09,371 - INFO - ⌛ Aguardando janela de seleção...
2026-06-10 09:40:19,822 - INFO - ⌛ Aguardando janela de seleção...
2026-06-10 09:40:30,266 - INFO - ⌛ Aguardando janela de seleção...
2026-06-10 09:40:40,721 - INFO - ⌛ Aguardando janela de seleção...
2026-06-10 09:40:51,183 - INFO - ⌛ Aguardando janela de seleção...
2026-06-10 09:41:01,665 - INFO - ⌛ Aguardando janela de seleção...
2026-06-10 09:41:12,121 - INFO - ⌛ Aguardando janela de seleção...
2026-06-10 09:41:22,645 - INFO - ⌛ Aguardando janela de seleção...
2026-06-10 09:41:33,092 - INFO - ⌛ Aguardando janela de seleção...
2026-06-10 09:41:43,573 - INFO - ⌛ Aguardando janela de seleção...
2026-06-10 09:41:54,013 - INFO - ⌛ Aguardando janela de seleção...
2026-06-10 09:42:04,509 - INFO - ⌛ Aguardando janela de seleção...
2026-06-10 09:42:15,010 - INFO - ⌛ Aguardando janela de seleção...
2026-06-10 09:42:25,466 - INFO - ⌛ Aguardando janela de seleção...
2026-06-10 09:42:35,905 - INFO - ⌛ Aguardando janela de seleção...
2026-06-10 09:42:46,371 - INFO - ⌛ Aguardando janela de seleção...
2026-06-10 09:42:56,765 - INFO - ⌛ Aguardando janela de seleção...
2026-06-10 09:43:07,187 - INFO - ⌛ Aguardando janela de seleção...
2026-06-10 09:43:17,662 - INFO - ⌛ Aguardando janela de seleção...
2026-06-10 09:43:28,101 - INFO - ⌛ Aguardando janela de seleção...
2026-06-10 09:43:38,505 - INFO - ⌛ Aguardando janela de seleção...
2026-06-10 09:43:48,942 - INFO - ⌛ Aguardando janela de seleção...
2026-06-10 09:43:59,384 - INFO - ⌛ Aguardando janela de seleção...
2026-06-10 09:44:09,810 - INFO - ⌛ Aguardando janela de seleção...
2026-06-10 09:44:20,252 - INFO - ⌛ Aguardando janela de seleção...
2026-06-10 09:44:30,704 - INFO - ⌛ Aguardando janela de seleção...
2026-06-10 09:44:41,162 - INFO - verificando janela oculta
2026-06-10 09:45:01,631 - INFO - ⏱️ Tempo limite atingido. Abortando seleção
2026-06-10 09:45:01,631 - INFO - Capturando print...
2026-06-10 10:00:23,577 - INFO - Data hoje: 10/06/2026
2026-06-10 10:00:23,577 - INFO - Data de referência: 30/06/2026
2026-06-10 10:00:32,746 - INFO - Data hoje: 10/06/2026
2026-06-10 10:00:32,746 - INFO - Data de referência: 30/06/2026
2026-06-10 10:02:47,510 - INFO - Qtde OS de LINHA VIVA: 537
2026-06-10 10:02:47,510 - INFO - Qtde OS poda de LINHA MORTA: 544
2026-06-10 10:02:47,510 - INFO - Qtde OS estrutural de LINHA MORTA : 14333
2026-06-10 10:02:47,510 - INFO - Qtde OS poda de LINHA MORTA fora carteira: 662
2026-06-10 10:02:47,510 - INFO - Qtde OS para desprogramar: 2019
2026-06-10 10:02:47,510 - INFO - 
 Qtd de lotes de LM: 22
2026-06-10 10:02:47,510 - INFO - 
 Qtd de lotes de LV: 22
2026-06-10 10:02:47,511 - INFO - 
 Qtd de lotes de ESTRUTURAL LM: 574
2026-06-10 10:02:47,511 - INFO - 
 Qtd de lotes de LEVE: 27
2026-06-10 10:02:47,511 - INFO - 
 Qtd de lotes para desprogramar: 81
2026-06-10 10:02:47,511 - INFO - 
=== Iniciando lote 1/22 [LV] ===
2026-06-10 10:02:47,511 - INFO - 
=== abrir_janela_selecao ===
2026-06-10 10:02:53,834 - INFO - 
=== rotina abrir_selecao_colar_os ===
2026-06-10 10:02:53,909 - INFO - Janela de seleção aberta
2026-06-10 10:02:58,145 - INFO - DEBUG: idx=0, inicio=0, fim=25
2026-06-10 10:02:58,145 - INFO - ✅ 25 OS copiadas para a área de transferência.
2026-06-10 10:02:58,145 - INFO - 📋 Lote 1 copiado.
2026-06-10 10:03:06,462 - INFO - ⌛ Esperando mudança visual...
2026-06-10 10:03:07,479 - INFO - ⌛ Esperando mudança visual...
2026-06-10 10:03:08,495 - INFO - ⌛ Esperando mudança visual...
2026-06-10 10:03:09,511 - INFO - ⌛ Esperando mudança visual...
2026-06-10 10:03:10,526 - INFO - ⌛ Esperando mudança visual...
2026-06-10 10:03:11,542 - INFO - ⌛ Esperando mudança visual...
2026-06-10 10:03:12,559 - INFO - ⌛ Esperando mudança visual...
2026-06-10 10:03:13,573 - INFO - ⌛ Esperando mudança visual...
2026-06-10 10:03:14,589 - INFO - ⌛ Esperando mudança visual...
2026-06-10 10:03:15,605 - INFO - ⌛ Esperando mudança visual...
2026-06-10 10:03:16,623 - INFO - ⌛ Esperando mudança visual...
2026-06-10 10:03:17,636 - INFO - ✅ Tela carregada!
2026-06-10 10:03:21,641 - INFO - 
=== rotina desbloquear_os ===
2026-06-10 10:03:48,106 - INFO - ⌛ Aguardando janela de confirmação de desbloqueio...
2026-06-10 10:04:03,510 - INFO - ⌛ Aguardando janela de confirmação de desbloqueio...
2026-06-10 10:04:18,926 - INFO - 🟨 Registros desbloqueados com sucesso
2026-06-10 10:04:23,037 - INFO - 
=== rotina editar_os ===
2026-06-10 10:04:32,494 - INFO - ⌛ Aguardando janela de edição de OS...
2026-06-10 10:04:47,980 - INFO - 🟨 OS programadas detectadas
2026-06-10 10:04:51,096 - INFO - ⌛ Aguardando janela de edição de OS...
2026-06-10 10:05:06,625 - INFO - 🟨 Janela de edição de OS detectada
2026-06-10 10:05:28,002 - INFO - 🟨 Janela de edição de habilidade da turma detectada
2026-06-10 10:06:46,302 - INFO - ⌛ Aguardando detecção do campo de caracteristica 'EQUIPE PRÓPRIA OU EPS' ...
2026-06-10 10:07:05,699 - INFO - 🟨 campo de caracteristica 'EQUIPE PRÓPRIA OU EPS detectado
2026-06-10 10:07:27,513 - INFO - ⌛ Aguardando confirmação 4 - editar OS...
2026-06-10 10:07:42,990 - INFO - ⌛ Aguardando confirmação 4 - editar OS...
2026-06-10 10:07:43,138 - INFO - 🟨 Identificado travamento no EQM, reiniciando contador de espera
2026-06-10 10:07:58,478 - INFO - ⌛ Aguardando confirmação 4 - editar OS...
2026-06-10 10:08:13,967 - INFO - 🟨 Janela de confirmação 4 de edição de OS detectada
2026-06-10 10:08:18,069 - INFO - 
=== rotina programar_os ===
2026-06-10 10:08:44,589 - INFO - ⌛ Aguardando janela de confirmação de programação de OS...
2026-06-10 10:09:10,067 - INFO - 🟨 Janela de confirmação de programação de OS detectada
2026-06-10 10:09:23,345 - INFO - 🟨 Janela de aviso de edição de OS programadas detectada
2026-06-10 10:09:30,566 - INFO - ⌛ aguardando janela de programação de lote de OS...
2026-06-10 10:09:56,064 - INFO - 🟨 Janela de aviso de substituição de lote de OS detectada
2026-06-10 10:10:16,169 - INFO - ⌛ aguardando janela de programação de lote de OS...
2026-06-10 10:10:41,715 - INFO - 🟨 Janela de programação de lote de OS detectada
2026-06-10 10:11:31,239 - INFO - 🟨 Janela de confirmação de programação de lote de OS detectada
2026-06-10 10:11:35,452 - INFO - ⌛ aguardando confirmação final de programação do lote
2026-06-10 10:12:00,908 - INFO - 🟨 programação do lote 1 efetuado com sucesso
2026-06-10 10:12:11,013 - INFO - 
=== Iniciando lote 2/22 [LV] ===
2026-06-10 10:12:11,013 - INFO - 
=== abrir_janela_selecao ===
2026-06-10 10:12:17,322 - INFO - 
=== rotina abrir_selecao_colar_os ===
2026-06-10 10:12:17,371 - INFO - Janela de seleção aberta
2026-06-10 10:12:21,599 - INFO - DEBUG: idx=1, inicio=25, fim=50
2026-06-10 10:12:21,599 - INFO - ✅ 25 OS copiadas para a área de transferência.
2026-06-10 10:12:21,599 - INFO - 📋 Lote 2 copiado.
2026-06-10 10:12:29,918 - INFO - ⌛ Esperando mudança visual...
2026-06-10 10:12:30,935 - INFO - ⌛ Esperando mudança visual...
2026-06-10 10:12:31,951 - INFO - ⌛ Esperando mudança visual...
2026-06-10 10:12:32,966 - INFO - ⌛ Esperando mudança visual...
2026-06-10 10:12:33,982 - INFO - ⌛ Esperando mudança visual...
2026-06-10 10:12:34,998 - INFO - ⌛ Esperando mudança visual...
2026-06-10 10:12:36,014 - INFO - ⌛ Esperando mudança visual...
2026-06-10 10:12:37,029 - INFO - ⌛ Esperando mudança visual...
2026-06-10 10:12:38,045 - INFO - ⌛ Esperando mudança visual...
2026-06-10 10:12:39,060 - INFO - ⌛ Esperando mudança visual...
2026-06-10 10:12:40,076 - INFO - ⌛ Esperando mudança visual...
2026-06-10 10:12:41,093 - INFO - ✅ Tela carregada!
2026-06-10 10:12:45,096 - INFO - 
=== rotina desbloquear_os ===
2026-06-10 10:13:11,577 - INFO - ⌛ Aguardando janela de confirmação de desbloqueio...
2026-06-10 10:13:26,961 - INFO - 🟨 Registros desbloqueados com sucesso
2026-06-10 10:13:31,080 - INFO - 
=== rotina editar_os ===
2026-06-10 10:13:40,491 - INFO - ⌛ Aguardando janela de edição de OS...
2026-06-10 10:13:55,921 - INFO - 🟨 OS programadas detectadas
2026-06-10 10:13:59,031 - INFO - ⌛ Aguardando janela de edição de OS...
2026-06-10 10:14:14,506 - INFO - 🟨 Janela de edição de OS detectada
2026-06-10 10:14:35,865 - INFO - 🟨 Janela de edição de habilidade da turma detectada
2026-06-10 10:15:54,180 - INFO - ⌛ Aguardando detecção do campo de caracteristica 'EQUIPE PRÓPRIA OU EPS' ...
2026-06-10 10:16:13,541 - INFO - 🟨 campo de caracteristica 'EQUIPE PRÓPRIA OU EPS detectado
2026-06-10 10:16:35,331 - INFO - ⌛ Aguardando confirmação 4 - editar OS...
2026-06-10 10:16:50,824 - INFO - ⌛ Aguardando confirmação 4 - editar OS...
2026-06-10 10:16:50,962 - INFO - 🟨 Identificado travamento no EQM, reiniciando contador de espera
2026-06-10 10:17:06,368 - INFO - ⌛ Aguardando confirmação 4 - editar OS...
2026-06-10 10:17:06,554 - INFO - 🟨 Identificado travamento no EQM, reiniciando contador de espera
2026-06-10 10:17:21,930 - INFO - ⌛ Aguardando confirmação 4 - editar OS...
2026-06-10 10:17:37,418 - INFO - ⌛ Aguardando confirmação 4 - editar OS...
2026-06-10 10:17:52,890 - INFO - 🟨 Janela de confirmação 4 de edição de OS detectada
2026-06-10 10:17:56,993 - INFO - 
=== rotina programar_os ===
2026-06-10 10:18:23,523 - INFO - ⌛ Aguardando janela de confirmação de programação de OS...
2026-06-10 10:18:48,962 - INFO - 🟨 Janela de confirmação de programação de OS detectada
2026-06-10 10:19:02,215 - INFO - 🟨 Janela de aviso de edição de OS programadas detectada
2026-06-10 10:19:09,428 - INFO - ⌛ aguardando janela de programação de lote de OS...
2026-06-10 10:19:34,912 - INFO - 🟨 Janela de aviso de substituição de lote de OS detectada
2026-06-10 10:19:55,026 - INFO - ⌛ aguardando janela de programação de lote de OS...
2026-06-10 10:20:20,543 - INFO - 🟨 Janela de aviso de substituição de lote de OS detectada
2026-06-10 10:20:40,647 - INFO - ⌛ aguardando janela de programação de lote de OS...
2026-06-10 10:20:40,784 - INFO - 🟨 Identificado travamento no EQM, reiniciando contador de espera
2026-06-10 10:21:06,205 - INFO - 🟨 Janela de aviso de substituição de lote de OS detectada
2026-06-10 10:21:26,321 - INFO - ⌛ aguardando janela de programação de lote de OS...
2026-06-10 10:21:26,452 - INFO - 🟨 Identificado travamento no EQM, reiniciando contador de espera
2026-06-10 10:21:51,886 - INFO - 🟨 Janela de aviso de substituição de lote de OS detectada
2026-06-10 10:22:11,993 - INFO - ⌛ aguardando janela de programação de lote de OS...
2026-06-10 10:22:12,126 - INFO - 🟨 Identificado travamento no EQM, reiniciando contador de espera
2026-06-10 10:22:37,528 - INFO - 🟨 Janela de aviso de substituição de lote de OS detectada
2026-06-10 10:22:57,631 - INFO - ⌛ aguardando janela de programação de lote de OS...
2026-06-10 10:22:57,761 - INFO - 🟨 Identificado travamento no EQM, reiniciando contador de espera
2026-06-10 10:23:23,182 - INFO - 🟨 Janela de aviso de substituição de lote de OS detectada
2026-06-10 10:23:43,285 - INFO - ⌛ aguardando janela de programação de lote de OS...
2026-06-10 10:24:08,823 - INFO - 🟨 Janela de programação de lote de OS detectada
2026-06-10 10:24:58,388 - INFO - 🟨 Janela de confirmação de programação de lote de OS detectada
2026-06-10 10:25:02,627 - INFO - ⌛ aguardando confirmação final de programação do lote
2026-06-10 10:25:28,088 - INFO - 🟨 programação do lote 2 efetuado com sucesso
2026-06-10 10:25:38,192 - INFO - 
=== Iniciando lote 3/22 [LV] ===
2026-06-10 10:25:38,193 - INFO - 
=== abrir_janela_selecao ===
2026-06-10 10:25:44,503 - INFO - 
=== rotina abrir_selecao_colar_os ===
2026-06-10 10:25:44,562 - INFO - Janela de seleção aberta
2026-06-10 10:25:48,788 - INFO - DEBUG: idx=2, inicio=50, fim=75
2026-06-10 10:25:48,788 - INFO - ✅ 25 OS copiadas para a área de transferência.
2026-06-10 10:25:48,788 - INFO - 📋 Lote 3 copiado.
2026-06-10 10:25:57,119 - INFO - ⌛ Esperando mudança visual...
2026-06-10 10:25:58,132 - INFO - ⌛ Esperando mudança visual...
2026-06-10 10:25:59,148 - INFO - ⌛ Esperando mudança visual...
2026-06-10 10:26:00,163 - INFO - ⌛ Esperando mudança visual...
2026-06-10 10:26:01,179 - INFO - ⌛ Esperando mudança visual...
2026-06-10 10:26:02,194 - INFO - ⌛ Esperando mudança visual...
2026-06-10 10:26:03,210 - INFO - ⌛ Esperando mudança visual...
2026-06-10 10:26:04,226 - INFO - ⌛ Esperando mudança visual...
2026-06-10 10:26:05,242 - INFO - ⌛ Esperando mudança visual...
2026-06-10 10:26:06,257 - INFO - ⌛ Esperando mudança visual...
2026-06-10 10:26:07,272 - INFO - ⌛ Esperando mudança visual...
2026-06-10 10:26:08,288 - INFO - ✅ Tela carregada!
2026-06-10 10:26:12,291 - INFO - 
=== rotina desbloquear_os ===
2026-06-10 10:26:38,775 - INFO - ⌛ Aguardando janela de confirmação de desbloqueio...
2026-06-10 10:26:54,175 - INFO - 🟨 Registros desbloqueados com sucesso
2026-06-10 10:26:58,292 - INFO - 
=== rotina editar_os ===
2026-06-10 10:27:07,739 - INFO - 🟨 OS programadas detectadas
2026-06-10 10:27:10,842 - INFO - ⌛ Aguardando janela de edição de OS...
2026-06-10 10:27:26,287 - INFO - 🟨 Janela de edição de OS detectada
2026-06-10 10:27:47,639 - INFO - 🟨 Janela de edição de habilidade da turma detectada
2026-06-10 10:29:05,970 - INFO - ⌛ Aguardando detecção do campo de caracteristica 'EQUIPE PRÓPRIA OU EPS' ...
2026-06-10 10:29:25,337 - INFO - 🟨 campo de caracteristica 'EQUIPE PRÓPRIA OU EPS detectado
2026-06-10 10:29:47,130 - INFO - ⌛ Aguardando confirmação 4 - editar OS...
2026-06-10 10:30:02,562 - INFO - ⌛ Aguardando confirmação 4 - editar OS...
2026-06-10 10:30:02,679 - INFO - 🟨 Identificado travamento no EQM, reiniciando contador de espera
2026-06-10 10:30:18,017 - INFO - ⌛ Aguardando confirmação 4 - editar OS...
2026-06-10 10:30:33,500 - INFO - 🟨 Janela de confirmação 4 de edição de OS detectada
2026-06-10 10:30:37,605 - INFO - 
=== rotina programar_os ===
2026-06-10 10:31:04,137 - INFO - ⌛ Aguardando janela de confirmação de programação de OS...
2026-06-10 10:31:29,558 - INFO - 🟨 Janela de confirmação de programação de OS detectada
2026-06-10 10:31:42,813 - INFO - 🟨 Janela de aviso de edição de OS programadas detectada
2026-06-10 10:31:50,022 - INFO - ⌛ aguardando janela de programação de lote de OS...
2026-06-10 10:32:15,535 - INFO - 🟨 Janela de aviso de substituição de lote de OS detectada
2026-06-10 10:32:35,640 - INFO - ⌛ aguardando janela de programação de lote de OS...
2026-06-10 10:33:01,150 - INFO - 🟨 Janela de programação de lote de OS detectada
2026-06-10 10:33:50,645 - INFO - 🟨 Janela de confirmação de programação de lote de OS detectada
2026-06-10 10:33:54,865 - INFO - ⌛ aguardando confirmação final de programação do lote
2026-06-10 10:34:20,352 - INFO - 🟨 programação do lote 3 efetuado com sucesso
2026-06-10 10:34:30,460 - INFO - 
=== Iniciando lote 4/22 [LV] ===
2026-06-10 10:34:30,461 - INFO - 
=== abrir_janela_selecao ===
2026-06-10 10:34:36,768 - INFO - 
=== rotina abrir_selecao_colar_os ===
2026-06-10 10:34:36,817 - INFO - Janela de seleção aberta
2026-06-10 10:34:41,063 - INFO - DEBUG: idx=3, inicio=75, fim=100
2026-06-10 10:34:41,063 - INFO - ✅ 25 OS copiadas para a área de transferência.
2026-06-10 10:34:41,063 - INFO - 📋 Lote 4 copiado.
2026-06-10 10:34:49,387 - INFO - ⌛ Esperando mudança visual...
2026-06-10 10:34:50,404 - INFO - ⌛ Esperando mudança visual...
2026-06-10 10:34:51,419 - INFO - ⌛ Esperando mudança visual...
2026-06-10 10:34:52,435 - INFO - ⌛ Esperando mudança visual...
2026-06-10 10:34:53,450 - INFO - ⌛ Esperando mudança visual...
2026-06-10 10:34:54,468 - INFO - ⌛ Esperando mudança visual...
2026-06-10 10:34:55,482 - INFO - ⌛ Esperando mudança visual...
2026-06-10 10:34:56,497 - INFO - ⌛ Esperando mudança visual...
2026-06-10 10:34:57,513 - INFO - ⌛ Esperando mudança visual...
2026-06-10 10:34:58,529 - INFO - ⌛ Esperando mudança visual...
2026-06-10 10:34:59,544 - INFO - ⌛ Esperando mudança visual...
2026-06-10 10:35:00,560 - INFO - ⌛ Esperando mudança visual...
2026-06-10 10:35:01,575 - INFO - ✅ Tela carregada!
2026-06-10 10:35:05,579 - INFO - 
=== rotina desbloquear_os ===
2026-06-10 10:35:32,042 - INFO - ⌛ Aguardando janela de confirmação de desbloqueio...
2026-06-10 10:35:47,428 - INFO - 🟨 Registros desbloqueados com sucesso
2026-06-10 10:35:51,532 - INFO - 
=== rotina editar_os ===
2026-06-10 10:36:00,955 - INFO - ⌛ Aguardando janela de edição de OS...
2026-06-10 10:36:16,433 - INFO - 🟨 OS programadas detectadas
2026-06-10 10:36:19,536 - INFO - ⌛ Aguardando janela de edição de OS...
2026-06-10 10:36:35,015 - INFO - 🟨 Janela de edição de OS detectada
2026-06-10 10:36:56,401 - INFO - 🟨 Janela de edição de habilidade da turma detectada
2026-06-10 10:38:14,724 - INFO - ⌛ Aguardando detecção do campo de caracteristica 'EQUIPE PRÓPRIA OU EPS' ...
2026-06-10 10:38:34,071 - INFO - 🟨 campo de caracteristica 'EQUIPE PRÓPRIA OU EPS detectado
2026-06-10 10:38:55,865 - INFO - ⌛ Aguardando confirmação 4 - editar OS...
2026-06-10 10:39:11,323 - INFO - ⌛ Aguardando confirmação 4 - editar OS...
2026-06-10 10:39:26,790 - INFO - ⌛ Aguardando confirmação 4 - editar OS...
2026-06-10 10:39:42,329 - INFO - 🟨 Janela de confirmação 4 de edição de OS detectada
2026-06-10 10:39:46,447 - INFO - 
=== rotina programar_os ===
2026-06-10 10:40:12,997 - INFO - ⌛ Aguardando janela de confirmação de programação de OS...
2026-06-10 10:40:38,482 - INFO - 🟨 Janela de confirmação de programação de OS detectada
2026-06-10 10:40:51,776 - INFO - 🟨 Janela de aviso de edição de OS programadas detectada
2026-06-10 10:40:58,981 - INFO - ⌛ aguardando janela de programação de lote de OS...
2026-06-10 10:41:24,524 - INFO - 🟨 Janela de aviso de substituição de lote de OS detectada
2026-06-10 10:41:44,627 - INFO - ⌛ aguardando janela de programação de lote de OS...
2026-06-10 10:42:10,182 - INFO - 🟨 Janela de programação de lote de OS detectada
2026-06-10 10:42:59,717 - INFO - 🟨 Janela de confirmação de programação de lote de OS detectada
2026-06-10 10:43:03,963 - INFO - ⌛ aguardando confirmação final de programação do lote
2026-06-10 10:43:29,468 - INFO - 🟨 programação do lote 4 efetuado com sucesso
2026-06-10 10:43:39,572 - INFO - 
=== Iniciando lote 5/22 [LV] ===
2026-06-10 10:43:39,573 - INFO - 
=== abrir_janela_selecao ===
2026-06-10 10:43:45,881 - INFO - 
=== rotina abrir_selecao_colar_os ===
2026-06-10 10:43:45,931 - INFO - Janela de seleção aberta
2026-06-10 10:43:50,151 - INFO - DEBUG: idx=4, inicio=100, fim=125
2026-06-10 10:43:50,151 - INFO - ✅ 25 OS copiadas para a área de transferência.
2026-06-10 10:43:50,152 - INFO - 📋 Lote 5 copiado.
2026-06-10 10:43:58,475 - INFO - ⌛ Esperando mudança visual...
2026-06-10 10:43:59,491 - INFO - ⌛ Esperando mudança visual...
2026-06-10 10:44:00,506 - INFO - ⌛ Esperando mudança visual...
2026-06-10 10:44:01,524 - INFO - ⌛ Esperando mudança visual...
2026-06-10 10:44:02,540 - INFO - ⌛ Esperando mudança visual...
2026-06-10 10:44:03,554 - INFO - ⌛ Esperando mudança visual...
2026-06-10 10:44:04,570 - INFO - ⌛ Esperando mudança visual...
2026-06-10 10:44:05,587 - INFO - ⌛ Esperando mudança visual...
2026-06-10 10:44:06,602 - INFO - ⌛ Esperando mudança visual...
2026-06-10 10:44:07,617 - INFO - ⌛ Esperando mudança visual...
2026-06-10 10:44:08,632 - INFO - ⌛ Esperando mudança visual...
2026-06-10 10:44:09,648 - INFO - ⌛ Esperando mudança visual...
2026-06-10 10:44:10,663 - INFO - ⌛ Esperando mudança visual...
2026-06-10 10:44:11,679 - INFO - ⌛ Esperando mudança visual...
2026-06-10 10:44:12,695 - INFO - ✅ Tela carregada!
2026-06-10 10:44:16,699 - INFO - 
=== rotina desbloquear_os ===
2026-06-10 10:44:43,167 - INFO - ⌛ Aguardando janela de confirmação de desbloqueio...
2026-06-10 10:44:58,555 - INFO - 🟨 Registros desbloqueados com sucesso
2026-06-10 10:45:02,668 - INFO - 
=== rotina editar_os ===
2026-06-10 10:45:12,103 - INFO - ⌛ Aguardando janela de edição de OS...
2026-06-10 10:45:27,551 - INFO - 🟨 OS programadas detectadas
2026-06-10 10:45:30,655 - INFO - ⌛ Aguardando janela de edição de OS...
2026-06-10 10:45:46,134 - INFO - 🟨 Janela de edição de OS detectada
2026-06-10 10:46:07,491 - INFO - 🟨 Janela de edição de habilidade da turma detectada
2026-06-10 10:47:25,813 - INFO - ⌛ Aguardando detecção do campo de caracteristica 'EQUIPE PRÓPRIA OU EPS' ...
2026-06-10 10:47:45,173 - INFO - 🟨 campo de caracteristica 'EQUIPE PRÓPRIA OU EPS detectado
2026-06-10 10:48:06,954 - INFO - ⌛ Aguardando confirmação 4 - editar OS...
2026-06-10 10:48:22,422 - INFO - ⌛ Aguardando confirmação 4 - editar OS...
2026-06-10 10:48:22,547 - INFO - 🟨 Identificado travamento no EQM, reiniciando contador de espera
2026-06-10 10:48:37,880 - INFO - ⌛ Aguardando confirmação 4 - editar OS...
2026-06-10 10:48:38,027 - INFO - 🟨 Identificado travamento no EQM, reiniciando contador de espera
2026-06-10 10:48:53,419 - INFO - ⌛ Aguardando confirmação 4 - editar OS...
2026-06-10 10:49:08,863 - INFO - ⌛ Aguardando confirmação 4 - editar OS...
2026-06-10 10:49:24,331 - INFO - ⌛ Aguardando confirmação 4 - editar OS...
2026-06-10 10:49:39,785 - INFO - ⌛ Aguardando confirmação 4 - editar OS...
2026-06-10 10:49:55,282 - INFO - 🟨 Janela de confirmação 4 de edição de OS detectada
2026-06-10 10:49:59,385 - INFO - 
=== rotina programar_os ===
2026-06-10 10:50:25,900 - INFO - ⌛ Aguardando janela de confirmação de programação de OS...
2026-06-10 10:50:51,353 - INFO - 🟨 Janela de confirmação de programação de OS detectada
2026-06-10 10:51:04,611 - INFO - 🟨 Janela de aviso de edição de OS programadas detectada
2026-06-10 10:51:11,816 - INFO - ⌛ aguardando janela de programação de lote de OS...
2026-06-10 10:51:37,319 - INFO - 🟨 Janela de aviso de substituição de lote de OS detectada
2026-06-10 10:51:57,434 - INFO - ⌛ aguardando janela de programação de lote de OS...
2026-06-10 10:52:22,929 - INFO - 🟨 Janela de programação de lote de OS detectada
2026-06-10 10:53:12,451 - INFO - 🟨 Janela de confirmação de programação de lote de OS detectada
2026-06-10 10:53:16,663 - INFO - ⌛ aguardando confirmação final de programação do lote
2026-06-10 10:53:42,121 - INFO - 🟨 programação do lote 5 efetuado com sucesso
2026-06-10 10:53:52,226 - INFO - 
=== Iniciando lote 6/22 [LV] ===
2026-06-10 10:53:52,226 - INFO - 
=== abrir_janela_selecao ===
2026-06-10 10:53:58,533 - INFO - 
=== rotina abrir_selecao_colar_os ===
2026-06-10 10:53:58,580 - INFO - Janela de seleção aberta
2026-06-10 10:54:02,815 - INFO - DEBUG: idx=5, inicio=125, fim=150
2026-06-10 10:54:02,815 - INFO - ✅ 25 OS copiadas para a área de transferência.
2026-06-10 10:54:02,815 - INFO - 📋 Lote 6 copiado.
2026-06-10 10:54:11,137 - INFO - ⌛ Esperando mudança visual...
2026-06-10 10:54:12,150 - INFO - ⌛ Esperando mudança visual...
2026-06-10 10:54:13,166 - INFO - ⌛ Esperando mudança visual...
2026-06-10 10:54:14,181 - INFO - ⌛ Esperando mudança visual...
2026-06-10 10:54:15,197 - INFO - ⌛ Esperando mudança visual...
2026-06-10 10:54:16,213 - INFO - ⌛ Esperando mudança visual...
2026-06-10 10:54:17,228 - INFO - ⌛ Esperando mudança visual...
2026-06-10 10:54:18,244 - INFO - ⌛ Esperando mudança visual...
2026-06-10 10:54:19,260 - INFO - ⌛ Esperando mudança visual...
2026-06-10 10:54:20,275 - INFO - ⌛ Esperando mudança visual...
2026-06-10 10:54:21,291 - INFO - ⌛ Esperando mudança visual...
2026-06-10 10:54:22,307 - INFO - ⌛ Esperando mudança visual...
2026-06-10 10:54:23,323 - INFO - ⌛ Esperando mudança visual...
2026-06-10 10:54:24,338 - INFO - ✅ Tela carregada!
2026-06-10 10:54:28,342 - INFO - 
=== rotina desbloquear_os ===
2026-06-10 10:54:54,819 - INFO - ⌛ Aguardando janela de confirmação de desbloqueio...
2026-06-10 10:55:10,268 - INFO - ⌛ Aguardando janela de confirmação de desbloqueio...
2026-06-10 10:55:25,894 - INFO - 🟨 Registros desbloqueados com sucesso
2026-06-10 10:55:30,011 - INFO - 
=== rotina editar_os ===
2026-06-10 10:55:39,429 - INFO - ⌛ Aguardando janela de edição de OS...
2026-06-10 10:55:54,929 - INFO - 🟨 OS programadas detectadas
2026-06-10 10:55:58,033 - INFO - ⌛ Aguardando janela de edição de OS...
2026-06-10 10:56:13,529 - INFO - 🟨 Janela de edição de OS detectada
2026-06-10 10:56:34,908 - INFO - 🟨 Janela de edição de habilidade da turma detectada
2026-06-10 10:57:53,229 - INFO - ⌛ Aguardando detecção do campo de caracteristica 'EQUIPE PRÓPRIA OU EPS' ...
2026-06-10 10:58:12,607 - INFO - 🟨 campo de caracteristica 'EQUIPE PRÓPRIA OU EPS detectado
2026-06-10 10:58:34,395 - INFO - ⌛ Aguardando confirmação 4 - editar OS...
2026-06-10 10:58:49,820 - INFO - ⌛ Aguardando confirmação 4 - editar OS...
2026-06-10 10:58:49,942 - INFO - 🟨 Identificado travamento no EQM, reiniciando contador de espera
2026-06-10 10:59:05,272 - INFO - ⌛ Aguardando confirmação 4 - editar OS...
2026-06-10 10:59:05,393 - INFO - 🟨 Identificado travamento no EQM, reiniciando contador de espera
2026-06-10 10:59:20,765 - INFO - ⌛ Aguardando confirmação 4 - editar OS...
2026-06-10 10:59:36,257 - INFO - ⌛ Aguardando confirmação 4 - editar OS...
2026-06-10 10:59:51,690 - INFO - ⌛ Aguardando confirmação 4 - editar OS...
2026-06-10 11:00:07,163 - INFO - 🟨 Janela de confirmação 4 de edição de OS detectada
2026-06-10 11:00:11,266 - INFO - 
=== rotina programar_os ===
2026-06-10 11:00:37,796 - INFO - ⌛ Aguardando janela de confirmação de programação de OS...
2026-06-10 11:01:03,267 - INFO - 🟨 Janela de confirmação de programação de OS detectada
2026-06-10 11:01:16,517 - INFO - 🟨 Janela de aviso de edição de OS programadas detectada
2026-06-10 11:01:23,728 - INFO - ⌛ aguardando janela de programação de lote de OS...
2026-06-10 11:01:49,255 - INFO - 🟨 Janela de aviso de substituição de lote de OS detectada
2026-06-10 11:02:09,359 - INFO - ⌛ aguardando janela de programação de lote de OS...
2026-06-10 11:02:34,877 - INFO - 🟨 Janela de programação de lote de OS detectada
2026-06-10 11:03:24,392 - INFO - 🟨 Janela de confirmação de programação de lote de OS detectada
2026-06-10 11:03:28,611 - INFO - ⌛ aguardando confirmação final de programação do lote
2026-06-10 11:03:54,064 - INFO - 🟨 programação do lote 6 efetuado com sucesso
2026-06-10 11:04:04,168 - INFO - 
=== Iniciando lote 7/22 [LV] ===
2026-06-10 11:04:04,168 - INFO - 
=== abrir_janela_selecao ===
2026-06-10 11:04:10,477 - INFO - 
=== rotina abrir_selecao_colar_os ===
2026-06-10 11:04:10,534 - INFO - Janela de seleção aberta
2026-06-10 11:04:14,756 - INFO - DEBUG: idx=6, inicio=150, fim=175
2026-06-10 11:04:14,756 - INFO - ✅ 25 OS copiadas para a área de transferência.
2026-06-10 11:04:14,756 - INFO - 📋 Lote 7 copiado.
2026-06-10 11:04:23,080 - INFO - ⌛ Esperando mudança visual...
2026-06-10 11:04:24,096 - INFO - ⌛ Esperando mudança visual...
2026-06-10 11:04:25,109 - INFO - ⌛ Esperando mudança visual...
2026-06-10 11:04:26,125 - INFO - ⌛ Esperando mudança visual...
2026-06-10 11:04:27,145 - INFO - ⌛ Esperando mudança visual...
2026-06-10 11:04:28,157 - INFO - ⌛ Esperando mudança visual...
2026-06-10 11:04:29,172 - INFO - ⌛ Esperando mudança visual...
2026-06-10 11:04:30,190 - INFO - ⌛ Esperando mudança visual...
2026-06-10 11:04:31,204 - INFO - ⌛ Esperando mudança visual...
2026-06-10 11:04:32,219 - INFO - ⌛ Esperando mudança visual...
2026-06-10 11:04:33,237 - INFO - ⌛ Esperando mudança visual...
2026-06-10 11:04:34,250 - INFO - ⌛ Esperando mudança visual...
2026-06-10 11:04:35,265 - INFO - ⌛ Esperando mudança visual...
2026-06-10 11:04:36,282 - INFO - ⌛ Esperando mudança visual...
2026-06-10 11:04:37,297 - INFO - ✅ Tela carregada!
2026-06-10 11:04:41,301 - INFO - 
=== rotina desbloquear_os ===
2026-06-10 11:05:07,766 - INFO - ⌛ Aguardando janela de confirmação de desbloqueio...
2026-06-10 11:05:23,237 - INFO - ⌛ Aguardando janela de confirmação de desbloqueio...
2026-06-10 11:05:38,636 - INFO - 🟨 Registros desbloqueados com sucesso
2026-06-10 11:05:42,741 - INFO - 
=== rotina editar_os ===
2026-06-10 11:05:52,164 - INFO - ⌛ Aguardando janela de edição de OS...
2026-06-10 11:06:07,616 - INFO - 🟨 OS programadas detectadas
2026-06-10 11:06:10,721 - INFO - ⌛ Aguardando janela de edição de OS...
2026-06-10 11:06:26,164 - INFO - 🟨 Janela de edição de OS detectada
2026-06-10 11:06:47,542 - INFO - 🟨 Janela de edição de habilidade da turma detectada
2026-06-10 11:08:05,840 - INFO - ⌛ Aguardando detecção do campo de caracteristica 'EQUIPE PRÓPRIA OU EPS' ...
2026-06-10 11:08:25,197 - INFO - 🟨 campo de caracteristica 'EQUIPE PRÓPRIA OU EPS detectado
2026-06-10 11:08:46,971 - INFO - ⌛ Aguardando confirmação 4 - editar OS...
2026-06-10 11:09:02,411 - INFO - ⌛ Aguardando confirmação 4 - editar OS...
2026-06-10 11:09:02,535 - INFO - 🟨 Identificado travamento no EQM, reiniciando contador de espera
2026-06-10 11:09:17,877 - INFO - ⌛ Aguardando confirmação 4 - editar OS...
2026-06-10 11:09:33,313 - INFO - 🟨 Janela de confirmação 4 de edição de OS detectada
2026-06-10 11:09:37,416 - INFO - 
=== rotina programar_os ===
2026-06-10 11:10:03,928 - INFO - ⌛ Aguardando janela de confirmação de programação de OS...
2026-06-10 11:10:29,370 - INFO - 🟨 Janela de confirmação de programação de OS detectada
2026-06-10 11:10:42,688 - INFO - 🟨 Janela de aviso de edição de OS programadas detectada
2026-06-10 11:10:49,900 - INFO - ⌛ aguardando janela de programação de lote de OS...
2026-06-10 11:11:15,419 - INFO - 🟨 Janela de aviso de substituição de lote de OS detectada
2026-06-10 11:11:35,536 - INFO - ⌛ aguardando janela de programação de lote de OS...
2026-06-10 11:12:01,087 - INFO - 🟨 Janela de programação de lote de OS detectada
2026-06-10 11:12:50,600 - INFO - 🟨 Janela de confirmação de programação de lote de OS detectada
2026-06-10 11:12:54,804 - INFO - ⌛ aguardando confirmação final de programação do lote
2026-06-10 11:13:20,345 - INFO - 🟨 programação do lote 7 efetuado com sucesso
2026-06-10 11:13:30,449 - INFO - 
=== Iniciando lote 8/22 [LV] ===
2026-06-10 11:13:30,449 - INFO - 
=== abrir_janela_selecao ===
2026-06-10 11:13:36,759 - INFO - 
=== rotina abrir_selecao_colar_os ===
2026-06-10 11:13:36,813 - INFO - Janela de seleção aberta
2026-06-10 11:13:41,046 - INFO - DEBUG: idx=7, inicio=175, fim=200
2026-06-10 11:13:41,046 - INFO - ✅ 25 OS copiadas para a área de transferência.
2026-06-10 11:13:41,046 - INFO - 📋 Lote 8 copiado.
2026-06-10 11:13:49,368 - INFO - ⌛ Esperando mudança visual...
2026-06-10 11:13:50,382 - INFO - ⌛ Esperando mudança visual...
2026-06-10 11:13:51,398 - INFO - ⌛ Esperando mudança visual...
2026-06-10 11:13:52,414 - INFO - ⌛ Esperando mudança visual...
2026-06-10 11:13:53,429 - INFO - ⌛ Esperando mudança visual...
2026-06-10 11:13:54,445 - INFO - ⌛ Esperando mudança visual...
2026-06-10 11:13:55,464 - INFO - ⌛ Esperando mudança visual...
2026-06-10 11:13:56,477 - INFO - ⌛ Esperando mudança visual...
2026-06-10 11:13:57,493 - INFO - ⌛ Esperando mudança visual...
2026-06-10 11:13:58,508 - INFO - ⌛ Esperando mudança visual...
2026-06-10 11:13:59,523 - INFO - ⌛ Esperando mudança visual...
2026-06-10 11:14:00,539 - INFO - ⌛ Esperando mudança visual...
2026-06-10 11:14:01,554 - INFO - ✅ Tela carregada!
2026-06-10 11:14:05,557 - INFO - 
=== rotina desbloquear_os ===
2026-06-10 11:14:32,031 - INFO - ⌛ Aguardando janela de confirmação de desbloqueio...
2026-06-10 11:14:47,457 - INFO - 🟨 Registros desbloqueados com sucesso
2026-06-10 11:14:51,560 - INFO - 
=== rotina editar_os ===
2026-06-10 11:15:00,988 - INFO - ⌛ Aguardando janela de edição de OS...
2026-06-10 11:15:16,413 - INFO - 🟨 OS programadas detectadas
2026-06-10 11:15:19,526 - INFO - ⌛ Aguardando janela de edição de OS...
2026-06-10 11:15:34,993 - INFO - 🟨 Janela de edição de OS detectada
2026-06-10 11:15:56,352 - INFO - 🟨 Janela de edição de habilidade da turma detectada
2026-06-10 11:17:14,658 - INFO - ⌛ Aguardando detecção do campo de caracteristica 'EQUIPE PRÓPRIA OU EPS' ...
2026-06-10 11:17:34,010 - INFO - 🟨 campo de caracteristica 'EQUIPE PRÓPRIA OU EPS detectado
2026-06-10 11:17:55,799 - INFO - ⌛ Aguardando confirmação 4 - editar OS...
2026-06-10 11:18:11,279 - INFO - ⌛ Aguardando confirmação 4 - editar OS...
2026-06-10 11:18:11,408 - INFO - 🟨 Identificado travamento no EQM, reiniciando contador de espera
2026-06-10 11:18:26,754 - INFO - ⌛ Aguardando confirmação 4 - editar OS...
2026-06-10 11:18:42,211 - INFO - ⌛ Aguardando confirmação 4 - editar OS...
2026-06-10 11:18:57,670 - INFO - ⌛ Aguardando confirmação 4 - editar OS...
2026-06-10 11:19:13,112 - INFO - 🟨 Janela de confirmação 4 de edição de OS detectada
2026-06-10 11:19:17,227 - INFO - 
=== rotina programar_os ===
2026-06-10 11:19:43,754 - INFO - ⌛ Aguardando janela de confirmação de programação de OS...
2026-06-10 11:20:09,200 - INFO - 🟨 Janela de confirmação de programação de OS detectada
2026-06-10 11:20:22,453 - INFO - 🟨 Janela de aviso de edição de OS programadas detectada
2026-06-10 11:20:29,677 - INFO - ⌛ aguardando janela de programação de lote de OS...
2026-06-10 11:20:55,246 - INFO - 🟨 Janela de aviso de substituição de lote de OS detectada
2026-06-10 11:21:15,349 - INFO - ⌛ aguardando janela de programação de lote de OS...
2026-06-10 11:21:40,854 - INFO - 🟨 Janela de aviso de substituição de lote de OS detectada
2026-06-10 11:22:00,980 - INFO - ⌛ aguardando janela de programação de lote de OS...
2026-06-10 11:22:01,153 - INFO - 🟨 Identificado travamento no EQM, reiniciando contador de espera
2026-06-10 11:22:26,554 - INFO - 🟨 Janela de aviso de substituição de lote de OS detectada
2026-06-10 11:22:46,685 - INFO - ⌛ aguardando janela de programação de lote de OS...
2026-06-10 11:23:12,203 - INFO - 🟨 Janela de programação de lote de OS detectada
2026-06-10 11:24:01,710 - INFO - 🟨 Janela de confirmação de programação de lote de OS detectada
2026-06-10 11:24:05,932 - INFO - ⌛ aguardando confirmação final de programação do lote
2026-06-10 11:24:31,392 - INFO - ⌛ aguardando confirmação final de programação do lote
2026-06-10 11:24:56,856 - INFO - 🟨 programação do lote 8 efetuado com sucesso
2026-06-10 11:25:06,968 - INFO - 
=== Iniciando lote 9/22 [LV] ===
2026-06-10 11:25:06,968 - INFO - 
=== abrir_janela_selecao ===
2026-06-10 11:25:13,290 - INFO - 
=== rotina abrir_selecao_colar_os ===
2026-06-10 11:25:13,362 - INFO - Janela de seleção aberta
2026-06-10 11:25:17,581 - INFO - DEBUG: idx=8, inicio=200, fim=225
2026-06-10 11:25:17,583 - INFO - ✅ 25 OS copiadas para a área de transferência.
2026-06-10 11:25:17,583 - INFO - 📋 Lote 9 copiado.
2026-06-10 11:25:25,910 - INFO - ⌛ Esperando mudança visual...
2026-06-10 11:25:26,926 - INFO - ⌛ Esperando mudança visual...
2026-06-10 11:25:27,942 - INFO - ⌛ Esperando mudança visual...
2026-06-10 11:25:28,958 - INFO - ⌛ Esperando mudança visual...
2026-06-10 11:25:29,973 - INFO - ⌛ Esperando mudança visual...
2026-06-10 11:25:30,993 - INFO - ⌛ Esperando mudança visual...
2026-06-10 11:25:32,004 - INFO - ⌛ Esperando mudança visual...
2026-06-10 11:25:33,020 - INFO - ⌛ Esperando mudança visual...
2026-06-10 11:25:34,036 - INFO - ⌛ Esperando mudança visual...
2026-06-10 11:25:35,054 - INFO - ⌛ Esperando mudança visual...
2026-06-10 11:25:36,071 - INFO - ✅ Tela carregada!
2026-06-10 11:25:40,073 - INFO - 
=== rotina desbloquear_os ===
2026-06-10 11:26:06,543 - INFO - ⌛ Aguardando janela de confirmação de desbloqueio...
2026-06-10 11:26:22,045 - INFO - 🟨 Registros desbloqueados com sucesso
2026-06-10 11:26:26,147 - INFO - 
=== rotina editar_os ===
2026-06-10 11:26:35,555 - INFO - 🟨 OS programadas detectadas
2026-06-10 11:26:38,675 - INFO - ⌛ Aguardando janela de edição de OS...
2026-06-10 11:26:54,182 - INFO - 🟨 Janela de edição de OS detectada
2026-06-10 11:27:15,544 - INFO - 🟨 Janela de edição de habilidade da turma detectada
2026-06-10 11:28:33,841 - INFO - ⌛ Aguardando detecção do campo de caracteristica 'EQUIPE PRÓPRIA OU EPS' ...
2026-06-10 11:28:53,205 - INFO - 🟨 campo de caracteristica 'EQUIPE PRÓPRIA OU EPS detectado
2026-06-10 11:29:14,997 - INFO - ⌛ Aguardando confirmação 4 - editar OS...
2026-06-10 11:29:30,407 - INFO - ⌛ Aguardando confirmação 4 - editar OS...
2026-06-10 11:29:30,519 - INFO - 🟨 Identificado travamento no EQM, reiniciando contador de espera
2026-06-10 11:29:45,832 - INFO - ⌛ Aguardando confirmação 4 - editar OS...
2026-06-10 11:30:01,254 - INFO - 🟨 Janela de confirmação 4 de edição de OS detectada
2026-06-10 11:30:05,369 - INFO - 
=== rotina programar_os ===
2026-06-10 11:30:31,901 - INFO - ⌛ Aguardando janela de confirmação de programação de OS...
2026-06-10 11:30:57,342 - INFO - 🟨 Janela de confirmação de programação de OS detectada
2026-06-10 11:31:10,595 - INFO - 🟨 Janela de aviso de edição de OS programadas detectada
2026-06-10 11:31:17,802 - INFO - ⌛ aguardando janela de programação de lote de OS...
2026-06-10 11:31:43,303 - INFO - 🟨 Janela de aviso de substituição de lote de OS detectada
2026-06-10 11:32:03,418 - INFO - ⌛ aguardando janela de programação de lote de OS...
2026-06-10 11:32:29,047 - INFO - 🟨 Janela de programação de lote de OS detectada
2026-06-10 11:33:18,569 - INFO - 🟨 Janela de confirmação de programação de lote de OS detectada
2026-06-10 11:33:22,828 - INFO - ⌛ aguardando confirmação final de programação do lote
2026-06-10 11:33:48,332 - INFO - 🟨 programação do lote 9 efetuado com sucesso
2026-06-10 11:33:58,435 - INFO - 
=== Iniciando lote 10/22 [LV] ===
2026-06-10 11:33:58,436 - INFO - 
=== abrir_janela_selecao ===
2026-06-10 11:34:04,745 - INFO - 
=== rotina abrir_selecao_colar_os ===
2026-06-10 11:34:04,801 - INFO - Janela de seleção aberta
2026-06-10 11:34:09,030 - INFO - DEBUG: idx=9, inicio=225, fim=250
2026-06-10 11:34:09,030 - INFO - ✅ 25 OS copiadas para a área de transferência.
2026-06-10 11:34:09,030 - INFO - 📋 Lote 10 copiado.
2026-06-10 11:34:17,353 - INFO - ⌛ Esperando mudança visual...
2026-06-10 11:34:18,367 - INFO - ⌛ Esperando mudança visual...
2026-06-10 11:34:19,383 - INFO - ⌛ Esperando mudança visual...
2026-06-10 11:34:20,399 - INFO - ⌛ Esperando mudança visual...
2026-06-10 11:34:21,414 - INFO - ⌛ Esperando mudança visual...
2026-06-10 11:34:22,430 - INFO - ⌛ Esperando mudança visual...
2026-06-10 11:34:23,447 - INFO - ⌛ Esperando mudança visual...
2026-06-10 11:34:24,462 - INFO - ⌛ Esperando mudança visual...
2026-06-10 11:34:25,479 - INFO - ⌛ Esperando mudança visual...
2026-06-10 11:34:26,493 - INFO - ⌛ Esperando mudança visual...
2026-06-10 11:34:27,508 - INFO - ⌛ Esperando mudança visual...
2026-06-10 11:34:28,524 - INFO - ✅ Tela carregada!
2026-06-10 11:34:32,528 - INFO - 
=== rotina desbloquear_os ===
2026-06-10 11:34:58,992 - INFO - ⌛ Aguardando janela de confirmação de desbloqueio...
2026-06-10 11:35:14,363 - INFO - 🟨 Registros desbloqueados com sucesso
2026-06-10 11:35:18,467 - INFO - 
=== rotina editar_os ===
2026-06-10 11:35:27,898 - INFO - 🟨 OS programadas detectadas
2026-06-10 11:35:31,003 - INFO - ⌛ Aguardando janela de edição de OS...
2026-06-10 11:35:46,495 - INFO - 🟨 Janela de edição de OS detectada
2026-06-10 11:36:07,850 - INFO - 🟨 Janela de edição de habilidade da turma detectada
2026-06-10 11:37:26,156 - INFO - ⌛ Aguardando detecção do campo de caracteristica 'EQUIPE PRÓPRIA OU EPS' ...
2026-06-10 11:37:45,503 - INFO - 🟨 campo de caracteristica 'EQUIPE PRÓPRIA OU EPS detectado
2026-06-10 11:38:07,284 - INFO - ⌛ Aguardando confirmação 4 - editar OS...
2026-06-10 11:38:22,720 - INFO - ⌛ Aguardando confirmação 4 - editar OS...
2026-06-10 11:38:38,180 - INFO - ⌛ Aguardando confirmação 4 - editar OS...
2026-06-10 11:38:53,688 - INFO - 🟨 Janela de confirmação 4 de edição de OS detectada
2026-06-10 11:38:57,791 - INFO - 
=== rotina programar_os ===
2026-06-10 11:39:24,321 - INFO - ⌛ Aguardando janela de confirmação de programação de OS...
2026-06-10 11:39:49,765 - INFO - 🟨 Janela de confirmação de programação de OS detectada
2026-06-10 11:40:03,017 - INFO - 🟨 Janela de aviso de edição de OS programadas detectada
2026-06-10 11:40:10,238 - INFO - ⌛ aguardando janela de programação de lote de OS...
2026-06-10 11:40:35,736 - INFO - 🟨 Janela de aviso de substituição de lote de OS detectada
2026-06-10 11:40:55,839 - INFO - ⌛ aguardando janela de programação de lote de OS...
2026-06-10 11:41:21,355 - INFO - 🟨 Janela de programação de lote de OS detectada
2026-06-10 11:42:10,884 - INFO - 🟨 Janela de confirmação de programação de lote de OS detectada
2026-06-10 11:42:15,096 - INFO - ⌛ aguardando confirmação final de programação do lote
2026-06-10 11:42:40,545 - INFO - 🟨 programação do lote 10 efetuado com sucesso
2026-06-10 11:42:50,650 - INFO - 
=== Iniciando lote 11/22 [LV] ===
2026-06-10 11:42:50,650 - INFO - 
=== abrir_janela_selecao ===
2026-06-10 11:42:56,960 - INFO - 
=== rotina abrir_selecao_colar_os ===
2026-06-10 11:42:57,006 - INFO - Janela de seleção aberta
2026-06-10 11:43:01,233 - INFO - DEBUG: idx=10, inicio=250, fim=275
2026-06-10 11:43:01,233 - INFO - ✅ 25 OS copiadas para a área de transferência.
2026-06-10 11:43:01,233 - INFO - 📋 Lote 11 copiado.
2026-06-10 11:43:09,580 - INFO - ⌛ Esperando mudança visual...
2026-06-10 11:43:10,592 - INFO - ⌛ Esperando mudança visual...
2026-06-10 11:43:11,610 - INFO - ⌛ Esperando mudança visual...
2026-06-10 11:43:12,622 - INFO - ⌛ Esperando mudança visual...
2026-06-10 11:43:13,639 - INFO - ⌛ Esperando mudança visual...
2026-06-10 11:43:14,654 - INFO - ⌛ Esperando mudança visual...
2026-06-10 11:43:15,670 - INFO - ⌛ Esperando mudança visual...
2026-06-10 11:43:16,685 - INFO - ⌛ Esperando mudança visual...
2026-06-10 11:43:17,701 - INFO - ⌛ Esperando mudança visual...
2026-06-10 11:43:18,716 - INFO - ⌛ Esperando mudança visual...
2026-06-10 11:43:19,733 - INFO - ⌛ Esperando mudança visual...
2026-06-10 11:43:20,748 - INFO - ✅ Tela carregada!
2026-06-10 11:43:24,753 - INFO - 
=== rotina desbloquear_os ===
2026-06-10 11:43:51,231 - INFO - ⌛ Aguardando janela de confirmação de desbloqueio...
2026-06-10 11:44:06,633 - INFO - 🟨 Registros desbloqueados com sucesso
2026-06-10 11:44:10,737 - INFO - 
=== rotina editar_os ===
2026-06-10 11:44:20,142 - INFO - ⌛ Aguardando janela de edição de OS...
2026-06-10 11:44:35,633 - INFO - 🟨 OS programadas detectadas
2026-06-10 11:44:38,736 - INFO - ⌛ Aguardando janela de edição de OS...
2026-06-10 11:44:54,183 - INFO - 🟨 Janela de edição de OS detectada
2026-06-10 11:45:15,534 - INFO - 🟨 Janela de edição de habilidade da turma detectada
2026-06-10 11:46:33,840 - INFO - ⌛ Aguardando detecção do campo de caracteristica 'EQUIPE PRÓPRIA OU EPS' ...
2026-06-10 11:46:53,214 - INFO - 🟨 campo de caracteristica 'EQUIPE PRÓPRIA OU EPS detectado
2026-06-10 11:47:15,026 - INFO - ⌛ Aguardando confirmação 4 - editar OS...
2026-06-10 11:47:30,534 - INFO - ⌛ Aguardando confirmação 4 - editar OS...
2026-06-10 11:47:46,030 - INFO - ⌛ Aguardando confirmação 4 - editar OS...
2026-06-10 11:48:01,462 - INFO - 🟨 Janela de confirmação 4 de edição de OS detectada
2026-06-10 11:48:05,566 - INFO - 
=== rotina programar_os ===
2026-06-10 11:48:32,083 - INFO - ⌛ Aguardando janela de confirmação de programação de OS...
2026-06-10 11:48:57,550 - INFO - 🟨 Janela de confirmação de programação de OS detectada
2026-06-10 11:49:10,809 - INFO - 🟨 Janela de aviso de edição de OS programadas detectada
2026-06-10 11:49:18,014 - INFO - ⌛ aguardando janela de programação de lote de OS...
2026-06-10 11:49:43,527 - INFO - 🟨 Janela de aviso de substituição de lote de OS detectada
2026-06-10 11:50:03,631 - INFO - ⌛ aguardando janela de programação de lote de OS...
2026-06-10 11:50:29,146 - INFO - 🟨 Janela de programação de lote de OS detectada
2026-06-10 11:51:18,642 - INFO - 🟨 Janela de confirmação de programação de lote de OS detectada
2026-06-10 11:51:22,863 - INFO - ⌛ aguardando confirmação final de programação do lote
2026-06-10 11:51:48,340 - INFO - 🟨 programação do lote 11 efetuado com sucesso
2026-06-10 11:51:58,444 - INFO - 
=== Iniciando lote 12/22 [LV] ===
2026-06-10 11:51:58,444 - INFO - 
=== abrir_janela_selecao ===
2026-06-10 11:52:04,751 - INFO - 
=== rotina abrir_selecao_colar_os ===
2026-06-10 11:52:04,797 - INFO - Janela de seleção aberta
2026-06-10 11:52:09,024 - INFO - DEBUG: idx=11, inicio=275, fim=300
2026-06-10 11:52:09,025 - INFO - ✅ 25 OS copiadas para a área de transferência.
2026-06-10 11:52:09,025 - INFO - 📋 Lote 12 copiado.
2026-06-10 11:52:17,355 - INFO - ⌛ Esperando mudança visual...
2026-06-10 11:52:18,366 - INFO - ⌛ Esperando mudança visual...
2026-06-10 11:52:19,382 - INFO - ⌛ Esperando mudança visual...
2026-06-10 11:52:20,398 - INFO - ⌛ Esperando mudança visual...
2026-06-10 11:52:21,414 - INFO - ⌛ Esperando mudança visual...
2026-06-10 11:52:22,430 - INFO - ⌛ Esperando mudança visual...
2026-06-10 11:52:23,445 - INFO - ⌛ Esperando mudança visual...
2026-06-10 11:52:24,462 - INFO - ⌛ Esperando mudança visual...
2026-06-10 11:52:25,477 - INFO - ⌛ Esperando mudança visual...
2026-06-10 11:52:26,493 - INFO - ⌛ Esperando mudança visual...
2026-06-10 11:52:27,508 - INFO - ⌛ Esperando mudança visual...
2026-06-10 11:52:28,524 - INFO - ✅ Tela carregada!
2026-06-10 11:52:32,527 - INFO - 
=== rotina desbloquear_os ===
2026-06-10 11:52:59,008 - INFO - ⌛ Aguardando janela de confirmação de desbloqueio...
2026-06-10 11:53:14,429 - INFO - 🟨 Registros desbloqueados com sucesso
2026-06-10 11:53:18,532 - INFO - 
=== rotina editar_os ===
2026-06-10 11:53:27,956 - INFO - ⌛ Aguardando janela de edição de OS...
2026-06-10 11:53:43,375 - INFO - 🟨 OS programadas detectadas
2026-06-10 11:53:46,477 - INFO - ⌛ Aguardando janela de edição de OS...
2026-06-10 11:54:01,909 - INFO - 🟨 Janela de edição de OS detectada
2026-06-10 11:54:23,267 - INFO - 🟨 Janela de edição de habilidade da turma detectada
2026-06-10 11:55:41,582 - INFO - ⌛ Aguardando detecção do campo de caracteristica 'EQUIPE PRÓPRIA OU EPS' ...
2026-06-10 11:56:00,962 - INFO - 🟨 campo de caracteristica 'EQUIPE PRÓPRIA OU EPS detectado
2026-06-10 11:56:22,768 - INFO - ⌛ Aguardando confirmação 4 - editar OS...
2026-06-10 11:56:38,219 - INFO - ⌛ Aguardando confirmação 4 - editar OS...
2026-06-10 11:56:38,328 - INFO - 🟨 Identificado travamento no EQM, reiniciando contador de espera
2026-06-10 11:56:53,639 - INFO - ⌛ Aguardando confirmação 4 - editar OS...
2026-06-10 11:57:09,079 - INFO - 🟨 Janela de confirmação 4 de edição de OS detectada
2026-06-10 11:57:13,187 - INFO - 
=== rotina programar_os ===
2026-06-10 11:57:39,711 - INFO - ⌛ Aguardando janela de confirmação de programação de OS...
2026-06-10 11:58:05,136 - INFO - 🟨 Janela de confirmação de programação de OS detectada
2026-06-10 11:58:18,383 - INFO - 🟨 Janela de aviso de edição de OS programadas detectada
2026-06-10 11:58:25,609 - INFO - ⌛ aguardando janela de programação de lote de OS...
2026-06-10 11:58:51,089 - INFO - 🟨 Janela de aviso de substituição de lote de OS detectada
2026-06-10 11:59:11,196 - INFO - ⌛ aguardando janela de programação de lote de OS...
2026-06-10 11:59:36,683 - INFO - 🟨 Janela de programação de lote de OS detectada
2026-06-10 12:00:26,209 - INFO - 🟨 Janela de confirmação de programação de lote de OS detectada
2026-06-10 12:00:30,423 - INFO - ⌛ aguardando confirmação final de programação do lote
2026-06-10 12:00:55,882 - INFO - 🟨 programação do lote 12 efetuado com sucesso
2026-06-10 12:01:05,987 - INFO - 
=== Iniciando lote 13/22 [LV] ===
2026-06-10 12:01:05,987 - INFO - 
=== abrir_janela_selecao ===
2026-06-10 12:01:12,297 - INFO - 
=== rotina abrir_selecao_colar_os ===
2026-06-10 12:01:12,356 - INFO - Janela de seleção aberta
2026-06-10 12:01:16,584 - INFO - DEBUG: idx=12, inicio=300, fim=325
2026-06-10 12:01:16,584 - INFO - ✅ 25 OS copiadas para a área de transferência.
2026-06-10 12:01:16,584 - INFO - 📋 Lote 13 copiado.
2026-06-10 12:01:24,914 - INFO - ⌛ Esperando mudança visual...
2026-06-10 12:01:25,926 - INFO - ⌛ Esperando mudança visual...
2026-06-10 12:01:26,942 - INFO - ⌛ Esperando mudança visual...
2026-06-10 12:01:27,958 - INFO - ⌛ Esperando mudança visual...
2026-06-10 12:01:28,973 - INFO - ⌛ Esperando mudança visual...
2026-06-10 12:01:29,989 - INFO - ⌛ Esperando mudança visual...
2026-06-10 12:01:31,005 - INFO - ⌛ Esperando mudança visual...
2026-06-10 12:01:32,021 - INFO - ⌛ Esperando mudança visual...
2026-06-10 12:01:33,036 - INFO - ⌛ Esperando mudança visual...
2026-06-10 12:01:34,054 - INFO - ⌛ Esperando mudança visual...
2026-06-10 12:01:35,067 - INFO - ⌛ Esperando mudança visual...
2026-06-10 12:01:36,086 - INFO - ✅ Tela carregada!
2026-06-10 12:01:40,088 - INFO - 
=== rotina desbloquear_os ===
2026-06-10 12:02:06,585 - INFO - ⌛ Aguardando janela de confirmação de desbloqueio...
2026-06-10 12:02:22,086 - INFO - ⌛ Aguardando janela de confirmação de desbloqueio...
2026-06-10 12:02:37,525 - INFO - 🟨 Registros desbloqueados com sucesso
2026-06-10 12:02:41,628 - INFO - 
=== rotina editar_os ===
2026-06-10 12:02:51,040 - INFO - ⌛ Aguardando janela de edição de OS...
2026-06-10 12:03:06,507 - INFO - 🟨 OS programadas detectadas
2026-06-10 12:03:09,611 - INFO - ⌛ Aguardando janela de edição de OS...
2026-06-10 12:03:25,074 - INFO - 🟨 Janela de edição de OS detectada
2026-06-10 12:03:46,428 - INFO - 🟨 Janela de edição de habilidade da turma detectada
2026-06-10 12:05:04,734 - INFO - ⌛ Aguardando detecção do campo de caracteristica 'EQUIPE PRÓPRIA OU EPS' ...
2026-06-10 12:05:24,103 - INFO - 🟨 campo de caracteristica 'EQUIPE PRÓPRIA OU EPS detectado
2026-06-10 12:05:45,885 - INFO - ⌛ Aguardando confirmação 4 - editar OS...
2026-06-10 12:06:01,386 - INFO - ⌛ Aguardando confirmação 4 - editar OS...
2026-06-10 12:06:01,570 - INFO - 🟨 Identificado travamento no EQM, reiniciando contador de espera
2026-06-10 12:06:16,973 - INFO - ⌛ Aguardando confirmação 4 - editar OS...
2026-06-10 12:06:32,510 - INFO - 🟨 Janela de confirmação 4 de edição de OS detectada
2026-06-10 12:06:36,613 - INFO - 
=== rotina programar_os ===
2026-06-10 12:07:03,159 - INFO - ⌛ Aguardando janela de confirmação de programação de OS...
2026-06-10 12:07:28,634 - INFO - 🟨 Janela de confirmação de programação de OS detectada
2026-06-10 12:07:41,917 - INFO - 🟨 Janela de aviso de edição de OS programadas detectada
2026-06-10 12:07:49,138 - INFO - ⌛ aguardando janela de programação de lote de OS...
2026-06-10 12:08:14,690 - INFO - 🟨 Janela de aviso de substituição de lote de OS detectada
2026-06-10 12:08:34,803 - INFO - ⌛ aguardando janela de programação de lote de OS...
2026-06-10 12:09:00,407 - INFO - 🟨 Janela de programação de lote de OS detectada
2026-06-10 12:09:49,982 - INFO - 🟨 Janela de confirmação de programação de lote de OS detectada
2026-06-10 12:09:54,222 - INFO - ⌛ aguardando confirmação final de programação do lote
2026-06-10 12:10:19,729 - INFO - 🟨 programação do lote 13 efetuado com sucesso
2026-06-10 12:10:29,833 - INFO - 
=== Iniciando lote 14/22 [LV] ===
2026-06-10 12:10:29,833 - INFO - 
=== abrir_janela_selecao ===
2026-06-10 12:10:36,145 - INFO - 
=== rotina abrir_selecao_colar_os ===
2026-06-10 12:10:36,188 - INFO - Janela de seleção aberta
2026-06-10 12:10:40,428 - INFO - DEBUG: idx=13, inicio=325, fim=350
2026-06-10 12:10:40,428 - INFO - ✅ 25 OS copiadas para a área de transferência.
2026-06-10 12:10:40,428 - INFO - 📋 Lote 14 copiado.
2026-06-10 12:10:48,756 - INFO - ⌛ Esperando mudança visual...
2026-06-10 12:10:49,770 - INFO - ⌛ Esperando mudança visual...
2026-06-10 12:10:50,785 - INFO - ⌛ Esperando mudança visual...
2026-06-10 12:10:51,801 - INFO - ⌛ Esperando mudança visual...
2026-06-10 12:10:52,817 - INFO - ⌛ Esperando mudança visual...
2026-06-10 12:10:53,832 - INFO - ⌛ Esperando mudança visual...
2026-06-10 12:10:54,848 - INFO - ⌛ Esperando mudança visual...
2026-06-10 12:10:55,863 - INFO - ⌛ Esperando mudança visual...
2026-06-10 12:10:56,880 - INFO - ⌛ Esperando mudança visual...
2026-06-10 12:10:57,894 - INFO - ⌛ Esperando mudança visual...
2026-06-10 12:10:58,910 - INFO - ✅ Tela carregada!
2026-06-10 12:11:02,914 - INFO - 
=== rotina desbloquear_os ===
2026-06-10 12:11:29,379 - INFO - ⌛ Aguardando janela de confirmação de desbloqueio...
2026-06-10 12:11:44,832 - INFO - 🟨 Registros desbloqueados com sucesso
2026-06-10 12:11:48,940 - INFO - 
=== rotina editar_os ===
2026-06-10 12:11:58,402 - INFO - ⌛ Aguardando janela de edição de OS...
2026-06-10 12:12:13,901 - INFO - 🟨 OS programadas detectadas
2026-06-10 12:12:17,005 - INFO - ⌛ Aguardando janela de edição de OS...
2026-06-10 12:12:32,482 - INFO - 🟨 Janela de edição de OS detectada
2026-06-10 12:12:53,829 - INFO - 🟨 Janela de edição de habilidade da turma detectada
2026-06-10 12:14:12,148 - INFO - ⌛ Aguardando detecção do campo de caracteristica 'EQUIPE PRÓPRIA OU EPS' ...
2026-06-10 12:14:31,511 - INFO - 🟨 campo de caracteristica 'EQUIPE PRÓPRIA OU EPS detectado
2026-06-10 12:14:53,314 - INFO - ⌛ Aguardando confirmação 4 - editar OS...
2026-06-10 12:15:08,829 - INFO - ⌛ Aguardando confirmação 4 - editar OS...
2026-06-10 12:15:24,308 - INFO - ⌛ Aguardando confirmação 4 - editar OS...
2026-06-10 12:15:39,738 - INFO - 🟨 Janela de confirmação 4 de edição de OS detectada
2026-06-10 12:15:43,847 - INFO - 
=== rotina programar_os ===
2026-06-10 12:16:10,392 - INFO - ⌛ Aguardando janela de confirmação de programação de OS...
2026-06-10 12:16:35,876 - INFO - 🟨 Janela de confirmação de programação de OS detectada
2026-06-10 12:16:49,160 - INFO - 🟨 Janela de aviso de edição de OS programadas detectada
2026-06-10 12:16:56,381 - INFO - ⌛ aguardando janela de programação de lote de OS...
2026-06-10 12:17:21,881 - INFO - 🟨 Janela de aviso de substituição de lote de OS detectada
2026-06-10 12:17:41,993 - INFO - ⌛ aguardando janela de programação de lote de OS...
2026-06-10 12:18:07,513 - INFO - 🟨 Janela de programação de lote de OS detectada
2026-06-10 12:18:57,013 - INFO - 🟨 Janela de confirmação de programação de lote de OS detectada
2026-06-10 12:19:01,243 - INFO - ⌛ aguardando confirmação final de programação do lote
2026-06-10 12:19:26,683 - INFO - 🟨 programação do lote 14 efetuado com sucesso
2026-06-10 12:19:36,790 - INFO - 
=== Iniciando lote 15/22 [LV] ===
2026-06-10 12:19:36,790 - INFO - 
=== abrir_janela_selecao ===
2026-06-10 12:19:43,098 - INFO - 
=== rotina abrir_selecao_colar_os ===
2026-06-10 12:19:43,151 - INFO - Janela de seleção aberta
2026-06-10 12:19:47,371 - INFO - DEBUG: idx=14, inicio=350, fim=375
2026-06-10 12:19:47,371 - INFO - ✅ 25 OS copiadas para a área de transferência.
2026-06-10 12:19:47,371 - INFO - 📋 Lote 15 copiado.
2026-06-10 12:19:55,698 - INFO - ⌛ Esperando mudança visual...
2026-06-10 12:19:56,714 - INFO - ⌛ Esperando mudança visual...
2026-06-10 12:19:57,731 - INFO - ⌛ Esperando mudança visual...
2026-06-10 12:19:58,746 - INFO - ⌛ Esperando mudança visual...
2026-06-10 12:19:59,763 - INFO - ⌛ Esperando mudança visual...
2026-06-10 12:20:00,775 - INFO - ⌛ Esperando mudança visual...
2026-06-10 12:20:01,792 - INFO - ⌛ Esperando mudança visual...
2026-06-10 12:20:02,811 - INFO - ⌛ Esperando mudança visual...
2026-06-10 12:20:03,826 - INFO - ⌛ Esperando mudança visual...
2026-06-10 12:20:04,839 - INFO - ⌛ Esperando mudança visual...
2026-06-10 12:20:05,856 - INFO - ✅ Tela carregada!
2026-06-10 12:20:09,857 - INFO - 
=== rotina desbloquear_os ===
2026-06-10 12:20:36,340 - INFO - ⌛ Aguardando janela de confirmação de desbloqueio...
2026-06-10 12:20:51,743 - INFO - 🟨 Registros desbloqueados com sucesso
2026-06-10 12:20:55,846 - INFO - 
=== rotina editar_os ===
2026-06-10 12:21:05,256 - INFO - ⌛ Aguardando janela de edição de OS...
2026-06-10 12:21:20,701 - INFO - 🟨 OS programadas detectadas
2026-06-10 12:21:23,813 - INFO - ⌛ Aguardando janela de edição de OS...
2026-06-10 12:21:39,271 - INFO - 🟨 Janela de edição de OS detectada
2026-06-10 12:22:00,626 - INFO - 🟨 Janela de edição de habilidade da turma detectada
2026-06-10 12:23:18,955 - INFO - ⌛ Aguardando detecção do campo de caracteristica 'EQUIPE PRÓPRIA OU EPS' ...
2026-06-10 12:23:38,317 - INFO - 🟨 campo de caracteristica 'EQUIPE PRÓPRIA OU EPS detectado
2026-06-10 12:24:00,118 - INFO - ⌛ Aguardando confirmação 4 - editar OS...
2026-06-10 12:24:15,550 - INFO - ⌛ Aguardando confirmação 4 - editar OS...
2026-06-10 12:24:30,975 - INFO - ⌛ Aguardando confirmação 4 - editar OS...
2026-06-10 12:24:46,432 - INFO - 🟨 Janela de confirmação 4 de edição de OS detectada
2026-06-10 12:24:50,541 - INFO - 
=== rotina programar_os ===
2026-06-10 12:25:17,101 - INFO - ⌛ Aguardando janela de confirmação de programação de OS...
2026-06-10 12:25:42,593 - INFO - 🟨 Janela de confirmação de programação de OS detectada
2026-06-10 12:25:55,849 - INFO - 🟨 Janela de aviso de edição de OS programadas detectada
2026-06-10 12:26:03,057 - INFO - ⌛ aguardando janela de programação de lote de OS...
2026-06-10 12:26:28,567 - INFO - 🟨 Janela de aviso de substituição de lote de OS detectada
2026-06-10 12:26:48,674 - INFO - ⌛ aguardando janela de programação de lote de OS...
2026-06-10 12:27:14,216 - INFO - 🟨 Janela de programação de lote de OS detectada
2026-06-10 12:28:03,741 - INFO - 🟨 Janela de confirmação de programação de lote de OS detectada
2026-06-10 12:28:07,950 - INFO - ⌛ aguardando confirmação final de programação do lote
2026-06-10 12:28:33,369 - INFO - 🟨 programação do lote 15 efetuado com sucesso
2026-06-10 12:28:43,484 - INFO - 
=== Iniciando lote 16/22 [LV] ===
2026-06-10 12:28:43,484 - INFO - 
=== abrir_janela_selecao ===
2026-06-10 12:28:49,794 - INFO - 
=== rotina abrir_selecao_colar_os ===
2026-06-10 12:28:49,837 - INFO - Janela de seleção aberta
2026-06-10 12:28:54,065 - INFO - DEBUG: idx=15, inicio=375, fim=400
2026-06-10 12:28:54,065 - INFO - ✅ 25 OS copiadas para a área de transferência.
2026-06-10 12:28:54,065 - INFO - 📋 Lote 16 copiado.
2026-06-10 12:29:02,394 - INFO - ⌛ Esperando mudança visual...
2026-06-10 12:29:03,408 - INFO - ⌛ Esperando mudança visual...
2026-06-10 12:29:04,422 - INFO - ⌛ Esperando mudança visual...
2026-06-10 12:29:05,441 - INFO - ⌛ Esperando mudança visual...
2026-06-10 12:29:06,456 - INFO - ⌛ Esperando mudança visual...
2026-06-10 12:29:07,469 - INFO - ⌛ Esperando mudança visual...
2026-06-10 12:29:08,487 - INFO - ⌛ Esperando mudança visual...
2026-06-10 12:29:09,503 - INFO - ⌛ Esperando mudança visual...
2026-06-10 12:29:10,516 - INFO - ⌛ Esperando mudança visual...
2026-06-10 12:29:11,534 - INFO - ✅ Tela carregada!
2026-06-10 12:29:15,536 - INFO - 
=== rotina desbloquear_os ===
2026-06-10 12:29:41,999 - INFO - ⌛ Aguardando janela de confirmação de desbloqueio...
2026-06-10 12:29:57,375 - INFO - 🟨 Registros desbloqueados com sucesso
2026-06-10 12:30:01,487 - INFO - 
=== rotina editar_os ===
2026-06-10 12:30:10,899 - INFO - ⌛ Aguardando janela de edição de OS...
2026-06-10 12:30:26,331 - INFO - 🟨 OS programadas detectadas
2026-06-10 12:30:29,442 - INFO - ⌛ Aguardando janela de edição de OS...
2026-06-10 12:30:44,873 - INFO - 🟨 Janela de edição de OS detectada
2026-06-10 12:31:06,243 - INFO - 🟨 Janela de edição de habilidade da turma detectada
2026-06-10 12:32:24,550 - INFO - ⌛ Aguardando detecção do campo de caracteristica 'EQUIPE PRÓPRIA OU EPS' ...
2026-06-10 12:32:43,901 - INFO - 🟨 campo de caracteristica 'EQUIPE PRÓPRIA OU EPS detectado
2026-06-10 12:33:05,662 - INFO - ⌛ Aguardando confirmação 4 - editar OS...
2026-06-10 12:33:21,100 - INFO - ⌛ Aguardando confirmação 4 - editar OS...
2026-06-10 12:33:36,548 - INFO - ⌛ Aguardando confirmação 4 - editar OS...
2026-06-10 12:33:52,027 - INFO - 🟨 Janela de confirmação 4 de edição de OS detectada
2026-06-10 12:33:56,137 - INFO - 
=== rotina programar_os ===
2026-06-10 12:34:22,670 - INFO - ⌛ Aguardando janela de confirmação de programação de OS...
2026-06-10 12:34:48,092 - INFO - 🟨 Janela de confirmação de programação de OS detectada
2026-06-10 12:35:01,344 - INFO - 🟨 Janela de aviso de edição de OS programadas detectada
2026-06-10 12:35:08,549 - INFO - ⌛ aguardando janela de programação de lote de OS...
2026-06-10 12:35:34,046 - INFO - 🟨 Janela de aviso de substituição de lote de OS detectada
2026-06-10 12:35:54,149 - INFO - ⌛ aguardando janela de programação de lote de OS...
2026-06-10 12:36:19,653 - INFO - 🟨 Janela de programação de lote de OS detectada
2026-06-10 12:37:09,200 - INFO - 🟨 Janela de confirmação de programação de lote de OS detectada
2026-06-10 12:37:13,399 - INFO - ⌛ aguardando confirmação final de programação do lote
2026-06-10 12:37:38,870 - INFO - 🟨 programação do lote 16 efetuado com sucesso
2026-06-10 12:37:48,979 - INFO - 
=== Iniciando lote 17/22 [LV] ===
2026-06-10 12:37:48,979 - INFO - 
=== abrir_janela_selecao ===
2026-06-10 12:37:55,287 - INFO - 
=== rotina abrir_selecao_colar_os ===
2026-06-10 12:37:55,342 - INFO - Janela de seleção aberta
2026-06-10 12:37:59,578 - INFO - DEBUG: idx=16, inicio=400, fim=425
2026-06-10 12:37:59,578 - INFO - ✅ 25 OS copiadas para a área de transferência.
2026-06-10 12:37:59,578 - INFO - 📋 Lote 17 copiado.
2026-06-10 12:38:07,907 - INFO - ⌛ Esperando mudança visual...
2026-06-10 12:38:08,921 - INFO - ⌛ Esperando mudança visual...
2026-06-10 12:38:09,937 - INFO - ⌛ Esperando mudança visual...
2026-06-10 12:38:10,952 - INFO - ⌛ Esperando mudança visual...
2026-06-10 12:38:11,966 - INFO - ⌛ Esperando mudança visual...
2026-06-10 12:38:12,984 - INFO - ⌛ Esperando mudança visual...
2026-06-10 12:38:13,999 - INFO - ⌛ Esperando mudança visual...
2026-06-10 12:38:15,012 - INFO - ⌛ Esperando mudança visual...
2026-06-10 12:38:16,032 - INFO - ⌛ Esperando mudança visual...
2026-06-10 12:38:17,047 - INFO - ⌛ Esperando mudança visual...
2026-06-10 12:38:18,059 - INFO - ✅ Tela carregada!
2026-06-10 12:38:22,066 - INFO - 
=== rotina desbloquear_os ===
2026-06-10 12:38:48,545 - INFO - ⌛ Aguardando janela de confirmação de desbloqueio...
2026-06-10 12:39:03,914 - INFO - 🟨 Registros desbloqueados com sucesso
2026-06-10 12:39:08,031 - INFO - 
=== rotina editar_os ===
2026-06-10 12:39:17,464 - INFO - ⌛ Aguardando janela de edição de OS...
2026-06-10 12:39:32,920 - INFO - 🟨 OS programadas detectadas
2026-06-10 12:39:36,033 - INFO - ⌛ Aguardando janela de edição de OS...
2026-06-10 12:39:51,493 - INFO - 🟨 Janela de edição de OS detectada
2026-06-10 12:40:12,846 - INFO - 🟨 Janela de edição de habilidade da turma detectada
2026-06-10 12:41:31,169 - INFO - ⌛ Aguardando detecção do campo de caracteristica 'EQUIPE PRÓPRIA OU EPS' ...
2026-06-10 12:41:50,542 - INFO - 🟨 campo de caracteristica 'EQUIPE PRÓPRIA OU EPS detectado
2026-06-10 12:42:12,332 - INFO - ⌛ Aguardando confirmação 4 - editar OS...
2026-06-10 12:42:27,786 - INFO - ⌛ Aguardando confirmação 4 - editar OS...
2026-06-10 12:42:43,209 - INFO - ⌛ Aguardando confirmação 4 - editar OS...
2026-06-10 12:42:58,666 - INFO - 🟨 Janela de confirmação 4 de edição de OS detectada
2026-06-10 12:43:02,782 - INFO - 
=== rotina programar_os ===
2026-06-10 12:43:29,313 - INFO - ⌛ Aguardando janela de confirmação de programação de OS...
2026-06-10 12:43:54,740 - INFO - 🟨 Janela de confirmação de programação de OS detectada
2026-06-10 12:44:07,990 - INFO - 🟨 Janela de aviso de edição de OS programadas detectada
2026-06-10 12:44:15,195 - INFO - ⌛ aguardando janela de programação de lote de OS...
2026-06-10 12:44:40,707 - INFO - 🟨 Janela de aviso de substituição de lote de OS detectada
2026-06-10 12:45:00,810 - INFO - ⌛ aguardando janela de programação de lote de OS...
2026-06-10 12:45:26,316 - INFO - 🟨 Janela de programação de lote de OS detectada
2026-06-10 12:46:15,827 - INFO - 🟨 Janela de confirmação de programação de lote de OS detectada
2026-06-10 12:46:20,043 - INFO - ⌛ aguardando confirmação final de programação do lote
2026-06-10 12:46:45,482 - INFO - 🟨 programação do lote 17 efetuado com sucesso
2026-06-10 12:46:55,587 - INFO - 
=== Iniciando lote 18/22 [LV] ===
2026-06-10 12:46:55,588 - INFO - 
=== abrir_janela_selecao ===
2026-06-10 12:47:01,895 - INFO - 
=== rotina abrir_selecao_colar_os ===
2026-06-10 12:47:01,944 - INFO - Janela de seleção aberta
2026-06-10 12:47:06,174 - INFO - DEBUG: idx=17, inicio=425, fim=450
2026-06-10 12:47:06,174 - INFO - ✅ 25 OS copiadas para a área de transferência.
2026-06-10 12:47:06,174 - INFO - 📋 Lote 18 copiado.
2026-06-10 12:47:14,501 - INFO - ⌛ Esperando mudança visual...
2026-06-10 12:47:15,513 - INFO - ⌛ Esperando mudança visual...
2026-06-10 12:47:16,532 - INFO - ⌛ Esperando mudança visual...
2026-06-10 12:47:17,547 - INFO - ⌛ Esperando mudança visual...
2026-06-10 12:47:18,560 - INFO - ⌛ Esperando mudança visual...
2026-06-10 12:47:19,578 - INFO - ⌛ Esperando mudança visual...
2026-06-10 12:47:20,592 - INFO - ⌛ Esperando mudança visual...
2026-06-10 12:47:21,607 - INFO - ⌛ Esperando mudança visual...
2026-06-10 12:47:22,626 - INFO - ⌛ Esperando mudança visual...
2026-06-10 12:47:23,638 - INFO - ✅ Tela carregada!
2026-06-10 12:47:27,643 - INFO - 
=== rotina desbloquear_os ===
2026-06-10 12:47:54,106 - INFO - ⌛ Aguardando janela de confirmação de desbloqueio...
2026-06-10 12:48:09,506 - INFO - 🟨 Registros desbloqueados com sucesso
2026-06-10 12:48:13,611 - INFO - 
=== rotina editar_os ===
2026-06-10 12:48:23,013 - INFO - 🟨 OS programadas detectadas
2026-06-10 12:48:26,130 - INFO - ⌛ Aguardando janela de edição de OS...
2026-06-10 12:48:41,566 - INFO - 🟨 Janela de edição de OS detectada
2026-06-10 12:49:02,931 - INFO - 🟨 Janela de edição de habilidade da turma detectada
2026-06-10 12:50:21,256 - INFO - ⌛ Aguardando detecção do campo de caracteristica 'EQUIPE PRÓPRIA OU EPS' ...
2026-06-10 12:50:40,610 - INFO - 🟨 campo de caracteristica 'EQUIPE PRÓPRIA OU EPS detectado
2026-06-10 12:51:02,430 - INFO - ⌛ Aguardando confirmação 4 - editar OS...
2026-06-10 12:51:17,953 - INFO - ⌛ Aguardando confirmação 4 - editar OS...
2026-06-10 12:51:33,401 - INFO - 🟨 Janela de confirmação 4 de edição de OS detectada
2026-06-10 12:51:37,504 - INFO - 
=== rotina programar_os ===
2026-06-10 12:52:04,056 - INFO - ⌛ Aguardando janela de confirmação de programação de OS...
2026-06-10 12:52:29,480 - INFO - 🟨 Janela de confirmação de programação de OS detectada
2026-06-10 12:52:42,729 - INFO - 🟨 Janela de aviso de edição de OS programadas detectada
2026-06-10 12:52:49,957 - INFO - ⌛ aguardando janela de programação de lote de OS...
2026-06-10 12:53:15,463 - INFO - 🟨 Janela de aviso de substituição de lote de OS detectada
2026-06-10 12:53:35,574 - INFO - ⌛ aguardando janela de programação de lote de OS...
2026-06-10 12:54:01,087 - INFO - 🟨 Janela de programação de lote de OS detectada
2026-06-10 12:54:50,587 - INFO - 🟨 Janela de confirmação de programação de lote de OS detectada
2026-06-10 12:54:54,803 - INFO - ⌛ aguardando confirmação final de programação do lote
2026-06-10 12:55:20,275 - INFO - 🟨 programação do lote 18 efetuado com sucesso
2026-06-10 12:55:30,382 - INFO - 
=== Iniciando lote 19/22 [LV] ===
2026-06-10 12:55:30,383 - INFO - 
=== abrir_janela_selecao ===
2026-06-10 12:55:36,689 - INFO - 
=== rotina abrir_selecao_colar_os ===
2026-06-10 12:55:36,737 - INFO - Janela de seleção aberta
2026-06-10 12:55:40,968 - INFO - DEBUG: idx=18, inicio=450, fim=475
2026-06-10 12:55:40,968 - INFO - ✅ 25 OS copiadas para a área de transferência.
2026-06-10 12:55:40,968 - INFO - 📋 Lote 19 copiado.
2026-06-10 12:55:49,294 - INFO - ⌛ Esperando mudança visual...
2026-06-10 12:55:50,305 - INFO - ⌛ Esperando mudança visual...
2026-06-10 12:55:51,323 - INFO - ⌛ Esperando mudança visual...
2026-06-10 12:55:52,342 - INFO - ⌛ Esperando mudança visual...
2026-06-10 12:55:53,358 - INFO - ⌛ Esperando mudança visual...
2026-06-10 12:55:54,372 - INFO - ⌛ Esperando mudança visual...
2026-06-10 12:55:55,388 - INFO - ⌛ Esperando mudança visual...
2026-06-10 12:55:56,404 - INFO - ⌛ Esperando mudança visual...
2026-06-10 12:55:57,415 - INFO - ⌛ Esperando mudança visual...
2026-06-10 12:55:58,433 - INFO - ⌛ Esperando mudança visual...
2026-06-10 12:55:59,450 - INFO - ✅ Tela carregada!
2026-06-10 12:56:03,451 - INFO - 
=== rotina desbloquear_os ===
2026-06-10 12:56:29,908 - INFO - ⌛ Aguardando janela de confirmação de desbloqueio...
2026-06-10 12:56:45,361 - INFO - 🟨 Registros desbloqueados com sucesso
2026-06-10 12:56:49,470 - INFO - 
=== rotina editar_os ===
2026-06-10 12:56:58,877 - INFO - ⌛ Aguardando janela de edição de OS...
2026-06-10 12:57:14,306 - INFO - 🟨 OS programadas detectadas
2026-06-10 12:57:17,420 - INFO - ⌛ Aguardando janela de edição de OS...
2026-06-10 12:57:32,860 - INFO - 🟨 Janela de edição de OS detectada
2026-06-10 12:57:54,226 - INFO - 🟨 Janela de edição de habilidade da turma detectada
2026-06-10 12:59:12,553 - INFO - ⌛ Aguardando detecção do campo de caracteristica 'EQUIPE PRÓPRIA OU EPS' ...
2026-06-10 12:59:31,912 - INFO - 🟨 campo de caracteristica 'EQUIPE PRÓPRIA OU EPS detectado
2026-06-10 12:59:53,675 - INFO - ⌛ Aguardando confirmação 4 - editar OS...
2026-06-10 13:00:09,096 - INFO - ⌛ Aguardando confirmação 4 - editar OS...
2026-06-10 13:00:24,580 - INFO - ⌛ Aguardando confirmação 4 - editar OS...
2026-06-10 13:00:40,026 - INFO - 🟨 Janela de confirmação 4 de edição de OS detectada
2026-06-10 13:00:44,134 - INFO - 
=== rotina programar_os ===
2026-06-10 13:01:10,688 - INFO - ⌛ Aguardando janela de confirmação de programação de OS...
2026-06-10 13:01:36,156 - INFO - 🟨 Janela de confirmação de programação de OS detectada
2026-06-10 13:01:49,406 - INFO - 🟨 Janela de aviso de edição de OS programadas detectada
2026-06-10 13:01:56,619 - INFO - ⌛ aguardando janela de programação de lote de OS...
2026-06-10 13:02:22,127 - INFO - 🟨 Janela de aviso de substituição de lote de OS detectada
2026-06-10 13:02:42,231 - INFO - ⌛ aguardando janela de programação de lote de OS...
2026-06-10 13:03:07,776 - INFO - 🟨 Janela de programação de lote de OS detectada
2026-06-10 13:03:57,285 - INFO - 🟨 Janela de confirmação de programação de lote de OS detectada
2026-06-10 13:04:01,483 - INFO - ⌛ aguardando confirmação final de programação do lote
2026-06-10 13:04:26,967 - INFO - 🟨 programação do lote 19 efetuado com sucesso
2026-06-10 13:04:37,081 - INFO - 
=== Iniciando lote 20/22 [LV] ===
2026-06-10 13:04:37,082 - INFO - 
=== abrir_janela_selecao ===
2026-06-10 13:04:43,394 - INFO - 
=== rotina abrir_selecao_colar_os ===
2026-06-10 13:04:43,431 - INFO - Janela de seleção aberta
2026-06-10 13:04:47,674 - INFO - DEBUG: idx=19, inicio=475, fim=500
2026-06-10 13:04:47,674 - INFO - ✅ 25 OS copiadas para a área de transferência.
2026-06-10 13:04:47,674 - INFO - 📋 Lote 20 copiado.
2026-06-10 13:04:56,003 - INFO - ⌛ Esperando mudança visual...
2026-06-10 13:04:57,020 - INFO - ⌛ Esperando mudança visual...
2026-06-10 13:04:58,036 - INFO - ⌛ Esperando mudança visual...
2026-06-10 13:04:59,053 - INFO - ⌛ Esperando mudança visual...
2026-06-10 13:05:00,065 - INFO - ⌛ Esperando mudança visual...
2026-06-10 13:05:01,082 - INFO - ⌛ Esperando mudança visual...
2026-06-10 13:05:02,100 - INFO - ⌛ Esperando mudança visual...
2026-06-10 13:05:03,111 - INFO - ⌛ Esperando mudança visual...
2026-06-10 13:05:04,130 - INFO - ⌛ Esperando mudança visual...
2026-06-10 13:05:05,146 - INFO - ⌛ Esperando mudança visual...
2026-06-10 13:05:06,158 - INFO - ✅ Tela carregada!
2026-06-10 13:05:10,165 - INFO - 
=== rotina desbloquear_os ===
2026-06-10 13:05:36,630 - INFO - ⌛ Aguardando janela de confirmação de desbloqueio...
2026-06-10 13:05:52,044 - INFO - 🟨 Registros desbloqueados com sucesso
2026-06-10 13:05:56,147 - INFO - 
=== rotina editar_os ===
2026-06-10 13:06:05,575 - INFO - ⌛ Aguardando janela de edição de OS...
2026-06-10 13:06:20,993 - INFO - 🟨 OS programadas detectadas
2026-06-10 13:06:24,096 - INFO - ⌛ Aguardando janela de edição de OS...
2026-06-10 13:06:39,549 - INFO - 🟨 Janela de edição de OS detectada
2026-06-10 13:07:00,917 - INFO - 🟨 Janela de edição de habilidade da turma detectada
2026-06-10 13:08:19,229 - INFO - ⌛ Aguardando detecção do campo de caracteristica 'EQUIPE PRÓPRIA OU EPS' ...
2026-06-10 13:08:38,599 - INFO - 🟨 campo de caracteristica 'EQUIPE PRÓPRIA OU EPS detectado
2026-06-10 13:09:00,383 - INFO - ⌛ Aguardando confirmação 4 - editar OS...
2026-06-10 13:09:15,812 - INFO - ⌛ Aguardando confirmação 4 - editar OS...
2026-06-10 13:09:31,276 - INFO - ⌛ Aguardando confirmação 4 - editar OS...
2026-06-10 13:09:46,698 - INFO - 🟨 Janela de confirmação 4 de edição de OS detectada
2026-06-10 13:09:50,812 - INFO - 
=== rotina programar_os ===
2026-06-10 13:10:17,380 - INFO - ⌛ Aguardando janela de confirmação de programação de OS...
2026-06-10 13:10:42,891 - INFO - 🟨 Janela de confirmação de programação de OS detectada
2026-06-10 13:10:56,148 - INFO - 🟨 Janela de aviso de edição de OS programadas detectada
2026-06-10 13:11:03,360 - INFO - ⌛ aguardando janela de programação de lote de OS...
2026-06-10 13:11:28,970 - INFO - 🟨 Janela de aviso de substituição de lote de OS detectada
2026-06-10 13:11:49,081 - INFO - ⌛ aguardando janela de programação de lote de OS...
2026-06-10 13:12:14,594 - INFO - 🟨 Janela de programação de lote de OS detectada
2026-06-10 13:13:04,151 - INFO - 🟨 Janela de confirmação de programação de lote de OS detectada
2026-06-10 13:13:08,392 - INFO - ⌛ aguardando confirmação final de programação do lote
2026-06-10 13:13:33,835 - INFO - 🟨 programação do lote 20 efetuado com sucesso
2026-06-10 13:13:43,943 - INFO - 
=== Iniciando lote 21/22 [LV] ===
2026-06-10 13:13:43,944 - INFO - 
=== abrir_janela_selecao ===
2026-06-10 13:13:50,256 - INFO - 
=== rotina abrir_selecao_colar_os ===
2026-06-10 13:13:50,310 - INFO - Janela de seleção aberta
2026-06-10 13:13:54,543 - INFO - DEBUG: idx=20, inicio=500, fim=525
2026-06-10 13:13:54,543 - INFO - ✅ 25 OS copiadas para a área de transferência.
2026-06-10 13:13:54,543 - INFO - 📋 Lote 21 copiado.
2026-06-10 13:14:02,864 - INFO - ⌛ Esperando mudança visual...
2026-06-10 13:14:03,880 - INFO - ⌛ Esperando mudança visual...
2026-06-10 13:14:04,894 - INFO - ⌛ Esperando mudança visual...
2026-06-10 13:14:05,909 - INFO - ⌛ Esperando mudança visual...
2026-06-10 13:14:06,928 - INFO - ⌛ Esperando mudança visual...
2026-06-10 13:14:07,946 - INFO - ⌛ Esperando mudança visual...
2026-06-10 13:14:08,957 - INFO - ⌛ Esperando mudança visual...
2026-06-10 13:14:09,976 - INFO - ⌛ Esperando mudança visual...
2026-06-10 13:14:10,990 - INFO - ⌛ Esperando mudança visual...
2026-06-10 13:14:12,007 - INFO - ✅ Tela carregada!
2026-06-10 13:14:16,010 - INFO - 
=== rotina desbloquear_os ===
2026-06-10 13:14:42,493 - INFO - ⌛ Aguardando janela de confirmação de desbloqueio...
2026-06-10 13:14:57,858 - INFO - 🟨 Registros desbloqueados com sucesso
2026-06-10 13:15:01,976 - INFO - 
=== rotina editar_os ===
2026-06-10 13:15:11,406 - INFO - ⌛ Aguardando janela de edição de OS...
2026-06-10 13:15:26,822 - INFO - 🟨 OS programadas detectadas
2026-06-10 13:15:29,926 - INFO - ⌛ Aguardando janela de edição de OS...
2026-06-10 13:15:45,375 - INFO - 🟨 Janela de edição de OS detectada
2026-06-10 13:16:06,734 - INFO - 🟨 Janela de edição de habilidade da turma detectada
2026-06-10 13:17:25,043 - INFO - ⌛ Aguardando detecção do campo de caracteristica 'EQUIPE PRÓPRIA OU EPS' ...
2026-06-10 13:17:44,394 - INFO - 🟨 campo de caracteristica 'EQUIPE PRÓPRIA OU EPS detectado
2026-06-10 13:18:06,179 - INFO - ⌛ Aguardando confirmação 4 - editar OS...
2026-06-10 13:18:21,635 - INFO - ⌛ Aguardando confirmação 4 - editar OS...
2026-06-10 13:18:37,072 - INFO - ⌛ Aguardando confirmação 4 - editar OS...
2026-06-10 13:18:52,494 - INFO - 🟨 Janela de confirmação 4 de edição de OS detectada
2026-06-10 13:18:56,608 - INFO - 
=== rotina programar_os ===
2026-06-10 13:19:23,141 - INFO - ⌛ Aguardando janela de confirmação de programação de OS...
2026-06-10 13:19:48,561 - INFO - 🟨 Janela de confirmação de programação de OS detectada
2026-06-10 13:20:01,892 - INFO - 🟨 Janela de aviso de edição de OS programadas detectada
2026-06-10 13:20:09,103 - INFO - ⌛ aguardando janela de programação de lote de OS...
2026-06-10 13:20:34,619 - INFO - 🟨 Janela de aviso de substituição de lote de OS detectada
2026-06-10 13:20:54,725 - INFO - ⌛ aguardando janela de programação de lote de OS...
2026-06-10 13:21:20,260 - INFO - 🟨 Janela de programação de lote de OS detectada
2026-06-10 13:22:09,800 - INFO - 🟨 Janela de confirmação de programação de lote de OS detectada
2026-06-10 13:22:14,026 - INFO - ⌛ aguardando confirmação final de programação do lote
2026-06-10 13:22:39,499 - INFO - 🟨 programação do lote 21 efetuado com sucesso
2026-06-10 13:22:49,604 - INFO - 
=== Iniciando lote 22/22 [LV] ===
2026-06-10 13:22:49,604 - INFO - 
=== abrir_janela_selecao ===
2026-06-10 13:22:55,912 - INFO - 
=== rotina abrir_selecao_colar_os ===
2026-06-10 13:22:55,964 - INFO - Janela de seleção aberta
2026-06-10 13:23:00,200 - INFO - DEBUG: idx=21, inicio=525, fim=550
2026-06-10 13:23:00,200 - INFO - ✅ 12 OS copiadas para a área de transferência.
2026-06-10 13:23:00,200 - INFO - 📋 Lote 22 copiado.
2026-06-10 13:23:08,527 - INFO - ⌛ Esperando mudança visual...
2026-06-10 13:23:09,541 - INFO - ⌛ Esperando mudança visual...
2026-06-10 13:23:10,556 - INFO - ⌛ Esperando mudança visual...
2026-06-10 13:23:11,577 - INFO - ⌛ Esperando mudança visual...
2026-06-10 13:23:12,592 - INFO - ⌛ Esperando mudança visual...
2026-06-10 13:23:13,603 - INFO - ⌛ Esperando mudança visual...
2026-06-10 13:23:14,623 - INFO - ⌛ Esperando mudança visual...
2026-06-10 13:23:15,639 - INFO - ⌛ Esperando mudança visual...
2026-06-10 13:23:16,651 - INFO - ⌛ Esperando mudança visual...
2026-06-10 13:23:17,668 - INFO - ✅ Tela carregada!
2026-06-10 13:23:21,669 - INFO - 
=== rotina desbloquear_os ===
2026-06-10 13:23:48,153 - INFO - ⌛ Aguardando janela de confirmação de desbloqueio...
2026-06-10 13:24:03,593 - INFO - 🟨 Registros desbloqueados com sucesso
2026-06-10 13:24:07,695 - INFO - 
=== rotina editar_os ===
2026-06-10 13:24:17,111 - INFO - 🟨 OS programadas detectadas
2026-06-10 13:24:20,214 - INFO - ⌛ Aguardando janela de edição de OS...
2026-06-10 13:24:35,673 - INFO - 🟨 Janela de edição de OS detectada
2026-06-10 13:24:57,047 - INFO - 🟨 Janela de edição de habilidade da turma detectada
2026-06-10 13:26:15,366 - INFO - ⌛ Aguardando detecção do campo de caracteristica 'EQUIPE PRÓPRIA OU EPS' ...
2026-06-10 13:26:34,705 - INFO - 🟨 campo de caracteristica 'EQUIPE PRÓPRIA OU EPS detectado
2026-06-10 13:26:56,495 - INFO - ⌛ Aguardando confirmação 4 - editar OS...
2026-06-10 13:27:11,905 - INFO - 🟨 Janela de confirmação 4 de edição de OS detectada
2026-06-10 13:27:16,016 - INFO - 
=== rotina programar_os ===
2026-06-10 13:27:42,561 - INFO - ⌛ Aguardando janela de confirmação de programação de OS...
2026-06-10 13:28:08,002 - INFO - 🟨 Janela de confirmação de programação de OS detectada
2026-06-10 13:28:21,256 - INFO - 🟨 Janela de aviso de edição de OS programadas detectada
2026-06-10 13:28:28,466 - INFO - ⌛ aguardando janela de programação de lote de OS...
2026-06-10 13:28:53,952 - INFO - 🟨 Janela de aviso de substituição de lote de OS detectada
2026-06-10 13:29:14,064 - INFO - ⌛ aguardando janela de programação de lote de OS...
2026-06-10 13:29:39,566 - INFO - 🟨 Janela de programação de lote de OS detectada
2026-06-10 13:30:29,101 - INFO - 🟨 Janela de confirmação de programação de lote de OS detectada
2026-06-10 13:30:33,327 - INFO - ⌛ aguardando confirmação final de programação do lote
2026-06-10 13:30:58,783 - INFO - 🟨 programação do lote 22 efetuado com sucesso
2026-06-10 13:31:08,888 - INFO - 
=== Iniciando lote 1/22 [LM] ===
2026-06-10 13:31:08,889 - INFO - 
=== abrir_janela_selecao ===
2026-06-10 13:31:15,196 - INFO - 
=== rotina abrir_selecao_colar_os ===
2026-06-10 13:31:15,256 - INFO - Janela de seleção aberta
2026-06-10 13:31:19,480 - INFO - DEBUG: idx=0, inicio=0, fim=25
2026-06-10 13:31:19,480 - INFO - ✅ 25 OS copiadas para a área de transferência.
2026-06-10 13:31:19,480 - INFO - 📋 Lote 1 copiado.
2026-06-10 13:31:27,800 - INFO - ⌛ Esperando mudança visual...
2026-06-10 13:31:28,819 - INFO - ⌛ Esperando mudança visual...
2026-06-10 13:31:29,835 - INFO - ⌛ Esperando mudança visual...
2026-06-10 13:31:30,848 - INFO - ⌛ Esperando mudança visual...
2026-06-10 13:31:31,866 - INFO - ⌛ Esperando mudança visual...
2026-06-10 13:31:32,883 - INFO - ⌛ Esperando mudança visual...
2026-06-10 13:31:33,895 - INFO - ⌛ Esperando mudança visual...
2026-06-10 13:31:34,912 - INFO - ⌛ Esperando mudança visual...
2026-06-10 13:31:35,927 - INFO - ⌛ Esperando mudança visual...
2026-06-10 13:31:36,941 - INFO - ⌛ Esperando mudança visual...
2026-06-10 13:31:37,961 - INFO - ✅ Tela carregada!
2026-06-10 13:31:41,963 - INFO - 
=== rotina desbloquear_os ===
2026-06-10 13:32:08,441 - INFO - ⌛ Aguardando janela de confirmação de desbloqueio...
2026-06-10 13:32:23,829 - INFO - 🟨 Registros desbloqueados com sucesso
2026-06-10 13:32:27,932 - INFO - 
=== rotina editar_os ===
2026-06-10 13:32:37,345 - INFO - 🟨 OS programadas detectadas
2026-06-10 13:32:40,449 - INFO - ⌛ Aguardando janela de edição de OS...
2026-06-10 13:32:55,894 - INFO - 🟨 Janela de edição de OS detectada
2026-06-10 13:33:17,243 - INFO - 🟨 Janela de edição de habilidade da turma detectada
2026-06-10 13:34:35,575 - INFO - ⌛ Aguardando detecção do campo de caracteristica 'EQUIPE PRÓPRIA OU EPS' ...
2026-06-10 13:34:54,938 - INFO - 🟨 campo de caracteristica 'EQUIPE PRÓPRIA OU EPS detectado
2026-06-10 13:35:16,735 - INFO - ⌛ Aguardando confirmação 4 - editar OS...
2026-06-10 13:35:32,193 - INFO - ⌛ Aguardando confirmação 4 - editar OS...
2026-06-10 13:35:47,667 - INFO - 🟨 Janela de confirmação 4 de edição de OS detectada
2026-06-10 13:35:51,775 - INFO - 
=== rotina programar_os ===
2026-06-10 13:36:18,303 - INFO - ⌛ Aguardando janela de confirmação de programação de OS...
2026-06-10 13:36:43,761 - INFO - 🟨 Janela de confirmação de programação de OS detectada
2026-06-10 13:36:57,078 - INFO - 🟨 Janela de aviso de edição de OS programadas detectada
2026-06-10 13:37:04,292 - INFO - ⌛ aguardando janela de programação de lote de OS...
2026-06-10 13:37:29,842 - INFO - 🟨 Janela de aviso de substituição de lote de OS detectada
2026-06-10 13:37:49,944 - INFO - ⌛ aguardando janela de programação de lote de OS...
2026-06-10 13:38:15,496 - INFO - 🟨 Janela de programação de lote de OS detectada
2026-06-10 13:39:05,048 - INFO - 🟨 Janela de confirmação de programação de lote de OS detectada
2026-06-10 13:39:09,279 - INFO - ⌛ aguardando confirmação final de programação do lote
2026-06-10 13:39:34,760 - INFO - 🟨 programação do lote 1 efetuado com sucesso
2026-06-10 13:39:44,872 - INFO - 
=== Iniciando lote 2/22 [LM] ===
2026-06-10 13:39:44,873 - INFO - 
=== abrir_janela_selecao ===
2026-06-10 13:39:51,181 - INFO - 
=== rotina abrir_selecao_colar_os ===
2026-06-10 13:39:51,231 - INFO - Janela de seleção aberta
2026-06-10 13:39:55,466 - INFO - DEBUG: idx=1, inicio=25, fim=50
2026-06-10 13:39:55,466 - INFO - ✅ 25 OS copiadas para a área de transferência.
2026-06-10 13:39:55,466 - INFO - 📋 Lote 2 copiado.
2026-06-10 13:40:03,793 - INFO - ⌛ Esperando mudança visual...
2026-06-10 13:40:04,811 - INFO - ⌛ Esperando mudança visual...
2026-06-10 13:40:05,828 - INFO - ⌛ Esperando mudança visual...
2026-06-10 13:40:06,840 - INFO - ⌛ Esperando mudança visual...
2026-06-10 13:40:07,857 - INFO - ⌛ Esperando mudança visual...
2026-06-10 13:40:08,873 - INFO - ⌛ Esperando mudança visual...
2026-06-10 13:40:09,886 - INFO - ⌛ Esperando mudança visual...
2026-06-10 13:40:10,905 - INFO - ⌛ Esperando mudança visual...
2026-06-10 13:40:11,923 - INFO - ⌛ Esperando mudança visual...
2026-06-10 13:40:12,937 - INFO - ⌛ Esperando mudança visual...
2026-06-10 13:40:13,950 - INFO - ✅ Tela carregada!
2026-06-10 13:40:17,956 - INFO - 
=== rotina desbloquear_os ===
2026-06-10 13:40:44,423 - INFO - ⌛ Aguardando janela de confirmação de desbloqueio...
2026-06-10 13:40:59,857 - INFO - 🟨 Registros desbloqueados com sucesso
2026-06-10 13:41:03,961 - INFO - 
=== rotina editar_os ===
2026-06-10 13:41:13,391 - INFO - 🟨 OS programadas detectadas
2026-06-10 13:41:16,508 - INFO - ⌛ Aguardando janela de edição de OS...
2026-06-10 13:41:31,972 - INFO - 🟨 Janela de edição de OS detectada
2026-06-10 13:41:53,328 - INFO - 🟨 Janela de edição de habilidade da turma detectada
2026-06-10 13:43:11,641 - INFO - ⌛ Aguardando detecção do campo de caracteristica 'EQUIPE PRÓPRIA OU EPS' ...
2026-06-10 13:43:31,018 - INFO - 🟨 campo de caracteristica 'EQUIPE PRÓPRIA OU EPS detectado
2026-06-10 13:43:52,817 - INFO - ⌛ Aguardando confirmação 4 - editar OS...
2026-06-10 13:44:08,285 - INFO - ⌛ Aguardando confirmação 4 - editar OS...
2026-06-10 13:44:23,802 - INFO - 🟨 Janela de confirmação 4 de edição de OS detectada
2026-06-10 13:44:27,905 - INFO - 
=== rotina programar_os ===
2026-06-10 13:44:54,425 - INFO - ⌛ Aguardando janela de confirmação de programação de OS...
2026-06-10 13:45:19,898 - INFO - 🟨 Janela de confirmação de programação de OS detectada
2026-06-10 13:45:33,183 - INFO - 🟨 Janela de aviso de edição de OS programadas detectada
2026-06-10 13:45:40,388 - INFO - ⌛ aguardando janela de programação de lote de OS...
2026-06-10 13:46:05,891 - INFO - 🟨 Janela de aviso de substituição de lote de OS detectada
2026-06-10 13:46:26,005 - INFO - ⌛ aguardando janela de programação de lote de OS...
2026-06-10 13:46:51,541 - INFO - 🟨 Janela de programação de lote de OS detectada
2026-06-10 13:47:41,074 - INFO - 🟨 Janela de confirmação de programação de lote de OS detectada
2026-06-10 13:47:45,338 - INFO - ⌛ aguardando confirmação final de programação do lote
2026-06-10 13:48:10,893 - INFO - 🟨 programação do lote 2 efetuado com sucesso
2026-06-10 13:48:20,997 - INFO - 
=== Iniciando lote 3/22 [LM] ===
2026-06-10 13:48:20,997 - INFO - 
=== abrir_janela_selecao ===
2026-06-10 13:48:27,306 - INFO - 
=== rotina abrir_selecao_colar_os ===
2026-06-10 13:48:27,358 - INFO - Janela de seleção aberta
2026-06-10 13:48:31,576 - INFO - DEBUG: idx=2, inicio=50, fim=75
2026-06-10 13:48:31,576 - INFO - ✅ 25 OS copiadas para a área de transferência.
2026-06-10 13:48:31,576 - INFO - 📋 Lote 3 copiado.
2026-06-10 13:48:39,902 - INFO - ⌛ Esperando mudança visual...
2026-06-10 13:48:40,918 - INFO - ⌛ Esperando mudança visual...
2026-06-10 13:48:41,933 - INFO - ⌛ Esperando mudança visual...
2026-06-10 13:48:42,948 - INFO - ⌛ Esperando mudança visual...
2026-06-10 13:48:43,966 - INFO - ⌛ Esperando mudança visual...
2026-06-10 13:48:44,980 - INFO - ⌛ Esperando mudança visual...
2026-06-10 13:48:45,994 - INFO - ⌛ Esperando mudança visual...
2026-06-10 13:48:47,013 - INFO - ⌛ Esperando mudança visual...
2026-06-10 13:48:48,029 - INFO - ⌛ Esperando mudança visual...
2026-06-10 13:48:49,042 - INFO - ⌛ Esperando mudança visual...
2026-06-10 13:48:50,062 - INFO - ✅ Tela carregada!
2026-06-10 13:48:54,063 - INFO - 
=== rotina desbloquear_os ===
2026-06-10 13:49:20,530 - INFO - ⌛ Aguardando janela de confirmação de desbloqueio...
2026-06-10 13:49:35,965 - INFO - 🟨 Registros desbloqueados com sucesso
2026-06-10 13:49:40,069 - INFO - 
=== rotina editar_os ===
2026-06-10 13:49:49,475 - INFO - ⌛ Aguardando janela de edição de OS...
2026-06-10 13:50:04,912 - INFO - 🟨 OS programadas detectadas
2026-06-10 13:50:08,015 - INFO - ⌛ Aguardando janela de edição de OS...
2026-06-10 13:50:23,478 - INFO - 🟨 Janela de edição de OS detectada
2026-06-10 13:50:44,836 - INFO - 🟨 Janela de edição de habilidade da turma detectada
2026-06-10 13:52:03,152 - INFO - ⌛ Aguardando detecção do campo de caracteristica 'EQUIPE PRÓPRIA OU EPS' ...
2026-06-10 13:52:22,513 - INFO - 🟨 campo de caracteristica 'EQUIPE PRÓPRIA OU EPS detectado
2026-06-10 13:52:44,300 - INFO - ⌛ Aguardando confirmação 4 - editar OS...
2026-06-10 13:52:59,743 - INFO - ⌛ Aguardando confirmação 4 - editar OS...
2026-06-10 13:52:59,865 - INFO - 🟨 Identificado travamento no EQM, reiniciando contador de espera
2026-06-10 13:53:15,202 - INFO - ⌛ Aguardando confirmação 4 - editar OS...
2026-06-10 13:53:30,624 - INFO - 🟨 Janela de confirmação 4 de edição de OS detectada
2026-06-10 13:53:34,728 - INFO - 
=== rotina programar_os ===
2026-06-10 13:54:01,278 - INFO - ⌛ Aguardando janela de confirmação de programação de OS...
2026-06-10 13:54:26,715 - INFO - 🟨 Janela de confirmação de programação de OS detectada
2026-06-10 13:54:39,973 - INFO - 🟨 Janela de aviso de edição de OS programadas detectada
2026-06-10 13:54:47,177 - INFO - ⌛ aguardando janela de programação de lote de OS...
2026-06-10 13:55:12,680 - INFO - 🟨 Janela de aviso de substituição de lote de OS detectada
2026-06-10 13:55:32,793 - INFO - ⌛ aguardando janela de programação de lote de OS...
2026-06-10 13:55:58,312 - INFO - 🟨 Janela de programação de lote de OS detectada
2026-06-10 13:56:47,839 - INFO - 🟨 Janela de confirmação de programação de lote de OS detectada
2026-06-10 13:56:52,090 - INFO - ⌛ aguardando confirmação final de programação do lote
2026-06-10 13:57:17,619 - INFO - 🟨 programação do lote 3 efetuado com sucesso
2026-06-10 13:57:27,723 - INFO - 
=== Iniciando lote 4/22 [LM] ===
2026-06-10 13:57:27,724 - INFO - 
=== abrir_janela_selecao ===
2026-06-10 13:57:34,032 - INFO - 
=== rotina abrir_selecao_colar_os ===
2026-06-10 13:57:34,075 - INFO - Janela de seleção aberta
2026-06-10 13:57:38,329 - INFO - DEBUG: idx=3, inicio=75, fim=100
2026-06-10 13:57:38,329 - INFO - ✅ 25 OS copiadas para a área de transferência.
2026-06-10 13:57:38,329 - INFO - 📋 Lote 4 copiado.
2026-06-10 13:57:46,663 - INFO - ⌛ Esperando mudança visual...
2026-06-10 13:57:47,679 - INFO - ⌛ Esperando mudança visual...
2026-06-10 13:57:48,691 - INFO - ⌛ Esperando mudança visual...
2026-06-10 13:57:49,710 - INFO - ⌛ Esperando mudança visual...
2026-06-10 13:57:50,726 - INFO - ⌛ Esperando mudança visual...
2026-06-10 13:57:51,738 - INFO - ⌛ Esperando mudança visual...
2026-06-10 13:57:52,757 - INFO - ⌛ Esperando mudança visual...
2026-06-10 13:57:53,772 - INFO - ⌛ Esperando mudança visual...
2026-06-10 13:57:54,784 - INFO - ⌛ Esperando mudança visual...
2026-06-10 13:57:55,802 - INFO - ✅ Tela carregada!
2026-06-10 13:57:59,803 - INFO - 
=== rotina desbloquear_os ===
2026-06-10 13:58:26,286 - INFO - ⌛ Aguardando janela de confirmação de desbloqueio...
2026-06-10 13:58:41,725 - INFO - 🟨 Registros desbloqueados com sucesso
2026-06-10 13:58:45,830 - INFO - 
=== rotina editar_os ===
2026-06-10 13:58:55,239 - INFO - ⌛ Aguardando janela de edição de OS...
2026-06-10 13:59:10,691 - INFO - 🟨 OS programadas detectadas
2026-06-10 13:59:13,796 - INFO - ⌛ Aguardando janela de edição de OS...
2026-06-10 13:59:29,229 - INFO - 🟨 Janela de edição de OS detectada
2026-06-10 13:59:50,586 - INFO - 🟨 Janela de edição de habilidade da turma detectada
2026-06-10 14:01:08,913 - INFO - ⌛ Aguardando detecção do campo de caracteristica 'EQUIPE PRÓPRIA OU EPS' ...
2026-06-10 14:01:28,262 - INFO - 🟨 campo de caracteristica 'EQUIPE PRÓPRIA OU EPS detectado
2026-06-10 14:01:50,026 - INFO - ⌛ Aguardando confirmação 4 - editar OS...
2026-06-10 14:02:05,441 - INFO - ⌛ Aguardando confirmação 4 - editar OS...
2026-06-10 14:02:05,557 - INFO - 🟨 Identificado travamento no EQM, reiniciando contador de espera
2026-06-10 14:02:20,891 - INFO - ⌛ Aguardando confirmação 4 - editar OS...
2026-06-10 14:02:36,380 - INFO - 🟨 Janela de confirmação 4 de edição de OS detectada
2026-06-10 14:02:40,489 - INFO - 
=== rotina programar_os ===
2026-06-10 14:03:07,016 - INFO - ⌛ Aguardando janela de confirmação de programação de OS...
2026-06-10 14:03:32,456 - INFO - 🟨 Janela de confirmação de programação de OS detectada
2026-06-10 14:03:45,726 - INFO - 🟨 Janela de aviso de edição de OS programadas detectada
2026-06-10 14:03:52,932 - INFO - ⌛ aguardando janela de programação de lote de OS...
2026-06-10 14:04:18,441 - INFO - 🟨 Janela de aviso de substituição de lote de OS detectada
2026-06-10 14:04:38,549 - INFO - ⌛ aguardando janela de programação de lote de OS...
2026-06-10 14:05:04,064 - INFO - 🟨 Janela de programação de lote de OS detectada
2026-06-10 14:05:53,611 - INFO - 🟨 Janela de confirmação de programação de lote de OS detectada
2026-06-10 14:05:57,812 - INFO - ⌛ aguardando confirmação final de programação do lote
2026-06-10 14:06:23,279 - INFO - 🟨 programação do lote 4 efetuado com sucesso
2026-06-10 14:06:33,388 - INFO - 
=== Iniciando lote 5/22 [LM] ===
2026-06-10 14:06:33,388 - INFO - 
=== abrir_janela_selecao ===
2026-06-10 14:06:39,699 - INFO - 
=== rotina abrir_selecao_colar_os ===
2026-06-10 14:06:39,752 - INFO - Janela de seleção aberta
2026-06-10 14:06:43,973 - INFO - DEBUG: idx=4, inicio=100, fim=125
2026-06-10 14:06:43,973 - INFO - ✅ 25 OS copiadas para a área de transferência.
2026-06-10 14:06:43,973 - INFO - 📋 Lote 5 copiado.
2026-06-10 14:06:52,301 - INFO - ⌛ Esperando mudança visual...
2026-06-10 14:06:53,316 - INFO - ⌛ Esperando mudança visual...
2026-06-10 14:06:54,329 - INFO - ⌛ Esperando mudança visual...
2026-06-10 14:06:55,349 - INFO - ⌛ Esperando mudança visual...
2026-06-10 14:06:56,365 - INFO - ⌛ Esperando mudança visual...
2026-06-10 14:06:57,376 - INFO - ⌛ Esperando mudança visual...
2026-06-10 14:06:58,396 - INFO - ⌛ Esperando mudança visual...
2026-06-10 14:06:59,412 - INFO - ⌛ Esperando mudança visual...
2026-06-10 14:07:00,425 - INFO - ⌛ Esperando mudança visual...
2026-06-10 14:07:01,443 - INFO - ⌛ Esperando mudança visual...
2026-06-10 14:07:02,459 - INFO - ✅ Tela carregada!
2026-06-10 14:07:06,459 - INFO - 
=== rotina desbloquear_os ===
2026-06-10 14:07:32,924 - INFO - ⌛ Aguardando janela de confirmação de desbloqueio...
2026-06-10 14:07:48,309 - INFO - 🟨 Registros desbloqueados com sucesso
2026-06-10 14:07:52,413 - INFO - 
=== rotina editar_os ===
2026-06-10 14:08:01,821 - INFO - ⌛ Aguardando janela de edição de OS...
2026-06-10 14:08:17,256 - INFO - 🟨 OS programadas detectadas
2026-06-10 14:08:20,359 - INFO - ⌛ Aguardando janela de edição de OS...
2026-06-10 14:08:35,804 - INFO - 🟨 Janela de edição de OS detectada
2026-06-10 14:08:57,163 - INFO - 🟨 Janela de edição de habilidade da turma detectada
2026-06-10 14:10:15,489 - INFO - ⌛ Aguardando detecção do campo de caracteristica 'EQUIPE PRÓPRIA OU EPS' ...
2026-06-10 14:10:34,853 - INFO - 🟨 campo de caracteristica 'EQUIPE PRÓPRIA OU EPS detectado
2026-06-10 14:10:56,625 - INFO - ⌛ Aguardando confirmação 4 - editar OS...
2026-06-10 14:11:12,068 - INFO - ⌛ Aguardando confirmação 4 - editar OS...
2026-06-10 14:11:27,521 - INFO - 🟨 Janela de confirmação 4 de edição de OS detectada
2026-06-10 14:11:31,625 - INFO - 
=== rotina programar_os ===
2026-06-10 14:11:58,132 - INFO - ⌛ Aguardando janela de confirmação de programação de OS...
2026-06-10 14:12:23,572 - INFO - 🟨 Janela de confirmação de programação de OS detectada
2026-06-10 14:12:36,826 - INFO - 🟨 Janela de aviso de edição de OS programadas detectada
2026-06-10 14:12:44,036 - INFO - ⌛ aguardando janela de programação de lote de OS...
2026-06-10 14:13:09,564 - INFO - 🟨 Janela de aviso de substituição de lote de OS detectada
2026-06-10 14:13:29,666 - INFO - ⌛ aguardando janela de programação de lote de OS...
2026-06-10 14:13:55,152 - INFO - 🟨 Janela de programação de lote de OS detectada
2026-06-10 14:14:44,652 - INFO - 🟨 Janela de confirmação de programação de lote de OS detectada
2026-06-10 14:14:48,856 - INFO - ⌛ aguardando confirmação final de programação do lote
2026-06-10 14:15:14,306 - INFO - 🟨 programação do lote 5 efetuado com sucesso
2026-06-10 14:15:24,409 - INFO - 
=== Iniciando lote 6/22 [LM] ===
2026-06-10 14:15:24,410 - INFO - 
=== abrir_janela_selecao ===
2026-06-10 14:15:30,717 - INFO - 
=== rotina abrir_selecao_colar_os ===
2026-06-10 14:15:30,765 - INFO - Janela de seleção aberta
2026-06-10 14:15:34,994 - INFO - DEBUG: idx=5, inicio=125, fim=150
2026-06-10 14:15:34,994 - INFO - ✅ 25 OS copiadas para a área de transferência.
2026-06-10 14:15:34,994 - INFO - 📋 Lote 6 copiado.
2026-06-10 14:15:43,318 - INFO - ⌛ Esperando mudança visual...
2026-06-10 14:15:44,336 - INFO - ⌛ Esperando mudança visual...
2026-06-10 14:15:45,352 - INFO - ⌛ Esperando mudança visual...
2026-06-10 14:15:46,365 - INFO - ⌛ Esperando mudança visual...
2026-06-10 14:15:47,382 - INFO - ⌛ Esperando mudança visual...
2026-06-10 14:15:48,399 - INFO - ⌛ Esperando mudança visual...
2026-06-10 14:15:49,412 - INFO - ⌛ Esperando mudança visual...
2026-06-10 14:15:50,430 - INFO - ⌛ Esperando mudança visual...
2026-06-10 14:15:51,445 - INFO - ⌛ Esperando mudança visual...
2026-06-10 14:15:52,461 - INFO - ⌛ Esperando mudança visual...
2026-06-10 14:15:53,477 - INFO - ✅ Tela carregada!
2026-06-10 14:15:57,478 - INFO - 
=== rotina desbloquear_os ===
2026-06-10 14:16:23,951 - INFO - ⌛ Aguardando janela de confirmação de desbloqueio...
2026-06-10 14:16:39,410 - INFO - 🟨 Registros desbloqueados com sucesso
2026-06-10 14:16:43,514 - INFO - 
=== rotina editar_os ===
2026-06-10 14:16:52,916 - INFO - ⌛ Aguardando janela de edição de OS...
2026-06-10 14:17:08,360 - INFO - 🟨 OS programadas detectadas
2026-06-10 14:17:11,464 - INFO - ⌛ Aguardando janela de edição de OS...
2026-06-10 14:17:26,909 - INFO - 🟨 Janela de edição de OS detectada
2026-06-10 14:17:48,266 - INFO - 🟨 Janela de edição de habilidade da turma detectada
2026-06-10 14:19:06,566 - INFO - ⌛ Aguardando detecção do campo de caracteristica 'EQUIPE PRÓPRIA OU EPS' ...
2026-06-10 14:19:25,942 - INFO - 🟨 campo de caracteristica 'EQUIPE PRÓPRIA OU EPS detectado
2026-06-10 14:19:47,708 - INFO - ⌛ Aguardando confirmação 4 - editar OS...
2026-06-10 14:20:03,159 - INFO - ⌛ Aguardando confirmação 4 - editar OS...
2026-06-10 14:20:18,659 - INFO - 🟨 Janela de confirmação 4 de edição de OS detectada
2026-06-10 14:20:22,761 - INFO - 
=== rotina programar_os ===
2026-06-10 14:20:49,313 - INFO - ⌛ Aguardando janela de confirmação de programação de OS...
2026-06-10 14:21:14,786 - INFO - 🟨 Janela de confirmação de programação de OS detectada
2026-06-10 14:21:28,056 - INFO - 🟨 Janela de aviso de edição de OS programadas detectada
2026-06-10 14:21:35,274 - INFO - ⌛ aguardando janela de programação de lote de OS...
2026-06-10 14:22:00,808 - INFO - 🟨 Janela de aviso de substituição de lote de OS detectada
2026-06-10 14:22:20,911 - INFO - ⌛ aguardando janela de programação de lote de OS...
2026-06-10 14:22:46,444 - INFO - 🟨 Janela de programação de lote de OS detectada
2026-06-10 14:23:35,963 - INFO - 🟨 Janela de confirmação de programação de lote de OS detectada
2026-06-10 14:23:40,208 - INFO - ⌛ aguardando confirmação final de programação do lote
2026-06-10 14:24:05,682 - INFO - 🟨 programação do lote 6 efetuado com sucesso
2026-06-10 14:24:15,786 - INFO - 
=== Iniciando lote 7/22 [LM] ===
2026-06-10 14:24:15,787 - INFO - 
=== abrir_janela_selecao ===
2026-06-10 14:24:22,094 - INFO - 
=== rotina abrir_selecao_colar_os ===
2026-06-10 14:24:22,148 - INFO - Janela de seleção aberta
2026-06-10 14:24:26,368 - INFO - DEBUG: idx=6, inicio=150, fim=175
2026-06-10 14:24:26,369 - INFO - ✅ 25 OS copiadas para a área de transferência.
2026-06-10 14:24:26,369 - INFO - 📋 Lote 7 copiado.
2026-06-10 14:24:34,694 - INFO - ⌛ Esperando mudança visual...
2026-06-10 14:24:35,707 - INFO - ⌛ Esperando mudança visual...
2026-06-10 14:24:36,724 - INFO - ⌛ Esperando mudança visual...
2026-06-10 14:24:37,738 - INFO - ⌛ Esperando mudança visual...
2026-06-10 14:24:38,752 - INFO - ⌛ Esperando mudança visual...
2026-06-10 14:24:39,770 - INFO - ⌛ Esperando mudança visual...
2026-06-10 14:24:40,786 - INFO - ⌛ Esperando mudança visual...
2026-06-10 14:24:41,800 - INFO - ⌛ Esperando mudança visual...
2026-06-10 14:24:42,817 - INFO - ⌛ Esperando mudança visual...
2026-06-10 14:24:43,830 - INFO - ⌛ Esperando mudança visual...
2026-06-10 14:24:44,849 - INFO - ✅ Tela carregada!
2026-06-10 14:24:48,851 - INFO - 
=== rotina desbloquear_os ===
2026-06-10 14:25:15,335 - INFO - ⌛ Aguardando janela de confirmação de desbloqueio...
2026-06-10 14:25:30,749 - INFO - 🟨 Registros desbloqueados com sucesso
2026-06-10 14:25:34,852 - INFO - 
=== rotina editar_os ===
2026-06-10 14:25:44,258 - INFO - 🟨 OS programadas detectadas
2026-06-10 14:25:47,367 - INFO - ⌛ Aguardando janela de edição de OS...
2026-06-10 14:26:02,801 - INFO - 🟨 Janela de edição de OS detectada
2026-06-10 14:26:24,178 - INFO - 🟨 Janela de edição de habilidade da turma detectada
2026-06-10 14:27:42,485 - INFO - ⌛ Aguardando detecção do campo de caracteristica 'EQUIPE PRÓPRIA OU EPS' ...
2026-06-10 14:28:01,846 - INFO - 🟨 campo de caracteristica 'EQUIPE PRÓPRIA OU EPS detectado
2026-06-10 14:28:23,624 - INFO - ⌛ Aguardando confirmação 4 - editar OS...
2026-06-10 14:28:39,079 - INFO - ⌛ Aguardando confirmação 4 - editar OS...
2026-06-10 14:28:54,547 - INFO - 🟨 Janela de confirmação 4 de edição de OS detectada
2026-06-10 14:28:58,661 - INFO - 
=== rotina programar_os ===
2026-06-10 14:29:25,243 - INFO - ⌛ Aguardando janela de confirmação de programação de OS...
2026-06-10 14:29:50,718 - INFO - 🟨 Janela de confirmação de programação de OS detectada
2026-06-10 14:30:03,970 - INFO - 🟨 Janela de aviso de edição de OS programadas detectada
2026-06-10 14:30:11,178 - INFO - ⌛ aguardando janela de programação de lote de OS...
2026-06-10 14:30:36,687 - INFO - 🟨 Janela de aviso de substituição de lote de OS detectada
2026-06-10 14:30:56,791 - INFO - ⌛ aguardando janela de programação de lote de OS...
2026-06-10 14:31:22,311 - INFO - 🟨 Janela de programação de lote de OS detectada
2026-06-10 14:32:11,843 - INFO - 🟨 Janela de confirmação de programação de lote de OS detectada
2026-06-10 14:32:16,047 - INFO - ⌛ aguardando confirmação final de programação do lote
2026-06-10 14:32:41,510 - INFO - 🟨 programação do lote 7 efetuado com sucesso
2026-06-10 14:32:51,618 - INFO - 
=== Iniciando lote 8/22 [LM] ===
2026-06-10 14:32:51,619 - INFO - 
=== abrir_janela_selecao ===
2026-06-10 14:32:57,926 - INFO - 
=== rotina abrir_selecao_colar_os ===
2026-06-10 14:32:57,973 - INFO - Janela de seleção aberta
2026-06-10 14:33:02,200 - INFO - DEBUG: idx=7, inicio=175, fim=200
2026-06-10 14:33:02,200 - INFO - ✅ 25 OS copiadas para a área de transferência.
2026-06-10 14:33:02,200 - INFO - 📋 Lote 8 copiado.
2026-06-10 14:33:10,530 - INFO - ⌛ Esperando mudança visual...
2026-06-10 14:33:11,544 - INFO - ⌛ Esperando mudança visual...
2026-06-10 14:33:12,561 - INFO - ⌛ Esperando mudança visual...
2026-06-10 14:33:13,577 - INFO - ⌛ Esperando mudança visual...
2026-06-10 14:33:14,589 - INFO - ⌛ Esperando mudança visual...
2026-06-10 14:33:15,603 - INFO - ⌛ Esperando mudança visual...
2026-06-10 14:33:16,625 - INFO - ⌛ Esperando mudança visual...
2026-06-10 14:33:17,639 - INFO - ⌛ Esperando mudança visual...
2026-06-10 14:33:18,652 - INFO - ⌛ Esperando mudança visual...
2026-06-10 14:33:19,669 - INFO - ⌛ Esperando mudança visual...
2026-06-10 14:33:20,688 - INFO - ✅ Tela carregada!
2026-06-10 14:33:24,689 - INFO - 
=== rotina desbloquear_os ===
2026-06-10 14:33:51,168 - INFO - ⌛ Aguardando janela de confirmação de desbloqueio...
2026-06-10 14:34:06,560 - INFO - 🟨 Registros desbloqueados com sucesso
2026-06-10 14:34:10,672 - INFO - 
=== rotina editar_os ===
2026-06-10 14:34:20,120 - INFO - 🟨 OS programadas detectadas
2026-06-10 14:34:23,224 - INFO - ⌛ Aguardando janela de edição de OS...
2026-06-10 14:34:38,661 - INFO - 🟨 Janela de edição de OS detectada
2026-06-10 14:35:00,044 - INFO - 🟨 Janela de edição de habilidade da turma detectada
2026-06-10 14:36:18,362 - INFO - ⌛ Aguardando detecção do campo de caracteristica 'EQUIPE PRÓPRIA OU EPS' ...
2026-06-10 14:36:37,713 - INFO - 🟨 campo de caracteristica 'EQUIPE PRÓPRIA OU EPS detectado
2026-06-10 14:36:59,492 - INFO - ⌛ Aguardando confirmação 4 - editar OS...
2026-06-10 14:37:14,899 - INFO - ⌛ Aguardando confirmação 4 - editar OS...
2026-06-10 14:37:30,346 - INFO - ⌛ Aguardando confirmação 4 - editar OS...
2026-06-10 14:37:45,757 - INFO - 🟨 Janela de confirmação 4 de edição de OS detectada
2026-06-10 14:37:49,866 - INFO - 
=== rotina programar_os ===
2026-06-10 14:38:16,410 - INFO - ⌛ Aguardando janela de confirmação de programação de OS...
2026-06-10 14:38:41,840 - INFO - 🟨 Janela de confirmação de programação de OS detectada
2026-06-10 14:38:55,083 - INFO - 🟨 Janela de aviso de edição de OS programadas detectada
2026-06-10 14:39:02,301 - INFO - ⌛ aguardando janela de programação de lote de OS...
2026-06-10 14:39:27,808 - INFO - 🟨 Janela de aviso de substituição de lote de OS detectada
2026-06-10 14:39:47,912 - INFO - ⌛ aguardando janela de programação de lote de OS...
2026-06-10 14:40:13,391 - INFO - 🟨 Janela de programação de lote de OS detectada
2026-06-10 14:41:02,977 - INFO - 🟨 Janela de confirmação de programação de lote de OS detectada
2026-06-10 14:41:07,191 - INFO - ⌛ aguardando confirmação final de programação do lote
2026-06-10 14:41:32,616 - INFO - 🟨 programação do lote 8 efetuado com sucesso
2026-06-10 14:41:42,723 - INFO - 
=== Iniciando lote 9/22 [LM] ===
2026-06-10 14:41:42,723 - INFO - 
=== abrir_janela_selecao ===
2026-06-10 14:41:49,038 - INFO - 
=== rotina abrir_selecao_colar_os ===
2026-06-10 14:41:49,078 - INFO - Janela de seleção aberta
2026-06-10 14:41:53,324 - INFO - DEBUG: idx=8, inicio=200, fim=225
2026-06-10 14:41:53,324 - INFO - ✅ 25 OS copiadas para a área de transferência.
2026-06-10 14:41:53,324 - INFO - 📋 Lote 9 copiado.
2026-06-10 14:42:01,651 - INFO - ⌛ Esperando mudança visual...
2026-06-10 14:42:02,666 - INFO - ⌛ Esperando mudança visual...
2026-06-10 14:42:03,683 - INFO - ⌛ Esperando mudança visual...
2026-06-10 14:42:04,695 - INFO - ⌛ Esperando mudança visual...
2026-06-10 14:42:05,713 - INFO - ⌛ Esperando mudança visual...
2026-06-10 14:42:06,727 - INFO - ⌛ Esperando mudança visual...
2026-06-10 14:42:07,741 - INFO - ⌛ Esperando mudança visual...
2026-06-10 14:42:08,761 - INFO - ⌛ Esperando mudança visual...
2026-06-10 14:42:09,777 - INFO - ⌛ Esperando mudança visual...
2026-06-10 14:42:10,789 - INFO - ⌛ Esperando mudança visual...
2026-06-10 14:42:11,808 - INFO - ⌛ Esperando mudança visual...
2026-06-10 14:42:12,824 - INFO - ✅ Tela carregada!
2026-06-10 14:42:16,825 - INFO - 
=== rotina desbloquear_os ===
2026-06-10 14:42:43,292 - INFO - ⌛ Aguardando janela de confirmação de desbloqueio...
2026-06-10 14:42:58,741 - INFO - ⌛ Aguardando janela de confirmação de desbloqueio...
2026-06-10 14:43:14,139 - INFO - 🟨 Registros desbloqueados com sucesso
2026-06-10 14:43:18,242 - INFO - 
=== rotina editar_os ===
2026-06-10 14:43:27,654 - INFO - ⌛ Aguardando janela de edição de OS...
2026-06-10 14:43:43,073 - INFO - 🟨 OS programadas detectadas
2026-06-10 14:43:46,177 - INFO - ⌛ Aguardando janela de edição de OS...
2026-06-10 14:44:01,620 - INFO - 🟨 Janela de edição de OS detectada
2026-06-10 14:44:22,984 - INFO - 🟨 Janela de edição de habilidade da turma detectada
2026-06-10 14:45:41,305 - INFO - ⌛ Aguardando detecção do campo de caracteristica 'EQUIPE PRÓPRIA OU EPS' ...
2026-06-10 14:46:00,659 - INFO - 🟨 campo de caracteristica 'EQUIPE PRÓPRIA OU EPS detectado
2026-06-10 14:46:22,449 - INFO - ⌛ Aguardando confirmação 4 - editar OS...
2026-06-10 14:46:37,890 - INFO - ⌛ Aguardando confirmação 4 - editar OS...
2026-06-10 14:46:53,335 - INFO - 🟨 Janela de confirmação 4 de edição de OS detectada
2026-06-10 14:46:57,436 - INFO - 
=== rotina programar_os ===
2026-06-10 14:47:23,949 - INFO - ⌛ Aguardando janela de confirmação de programação de OS...
2026-06-10 14:47:49,369 - INFO - 🟨 Janela de confirmação de programação de OS detectada
2026-06-10 14:48:02,632 - INFO - 🟨 Janela de aviso de edição de OS programadas detectada
2026-06-10 14:48:09,837 - INFO - ⌛ aguardando janela de programação de lote de OS...
2026-06-10 14:48:35,329 - INFO - 🟨 Janela de aviso de substituição de lote de OS detectada
2026-06-10 14:48:55,435 - INFO - ⌛ aguardando janela de programação de lote de OS...
2026-06-10 14:49:20,953 - INFO - 🟨 Janela de programação de lote de OS detectada
2026-06-10 14:50:10,452 - INFO - 🟨 Janela de confirmação de programação de lote de OS detectada
2026-06-10 14:50:14,668 - INFO - ⌛ aguardando confirmação final de programação do lote
2026-06-10 14:50:40,124 - INFO - 🟨 programação do lote 9 efetuado com sucesso
2026-06-10 14:50:50,228 - INFO - 
=== Iniciando lote 10/22 [LM] ===
2026-06-10 14:50:50,228 - INFO - 
=== abrir_janela_selecao ===
2026-06-10 14:50:56,537 - INFO - 
=== rotina abrir_selecao_colar_os ===
2026-06-10 14:50:56,600 - INFO - Janela de seleção aberta
2026-06-10 14:51:00,829 - INFO - DEBUG: idx=9, inicio=225, fim=250
2026-06-10 14:51:00,829 - INFO - ✅ 25 OS copiadas para a área de transferência.
2026-06-10 14:51:00,829 - INFO - 📋 Lote 10 copiado.
2026-06-10 14:51:09,174 - INFO - ⌛ Esperando mudança visual...
2026-06-10 14:51:10,188 - INFO - ⌛ Esperando mudança visual...
2026-06-10 14:51:11,203 - INFO - ⌛ Esperando mudança visual...
2026-06-10 14:51:12,221 - INFO - ⌛ Esperando mudança visual...
2026-06-10 14:51:13,238 - INFO - ⌛ Esperando mudança visual...
2026-06-10 14:51:14,251 - INFO - ⌛ Esperando mudança visual...
2026-06-10 14:51:15,265 - INFO - ⌛ Esperando mudança visual...
2026-06-10 14:51:16,280 - INFO - ⌛ Esperando mudança visual...
2026-06-10 14:51:17,298 - INFO - ⌛ Esperando mudança visual...
2026-06-10 14:51:18,316 - INFO - ⌛ Esperando mudança visual...
2026-06-10 14:51:19,329 - INFO - ⌛ Esperando mudança visual...
2026-06-10 14:51:20,346 - INFO - ✅ Tela carregada!
2026-06-10 14:51:24,347 - INFO - 
=== rotina desbloquear_os ===
2026-06-10 14:51:50,829 - INFO - ⌛ Aguardando janela de confirmação de desbloqueio...
2026-06-10 14:52:06,224 - INFO - 🟨 Registros desbloqueados com sucesso
2026-06-10 14:52:10,326 - INFO - 
=== rotina editar_os ===
2026-06-10 14:52:19,756 - INFO - ⌛ Aguardando janela de edição de OS...
2026-06-10 14:52:35,231 - INFO - 🟨 OS programadas detectadas
2026-06-10 14:52:38,353 - INFO - ⌛ Aguardando janela de edição de OS...
2026-06-10 14:52:53,783 - INFO - 🟨 Janela de edição de OS detectada
2026-06-10 14:53:15,170 - INFO - 🟨 Janela de edição de habilidade da turma detectada
2026-06-10 14:54:33,475 - INFO - ⌛ Aguardando detecção do campo de caracteristica 'EQUIPE PRÓPRIA OU EPS' ...
2026-06-10 14:54:52,822 - INFO - 🟨 campo de caracteristica 'EQUIPE PRÓPRIA OU EPS detectado
2026-06-10 14:55:14,621 - INFO - ⌛ Aguardando confirmação 4 - editar OS...
2026-06-10 14:55:30,057 - INFO - ⌛ Aguardando confirmação 4 - editar OS...
2026-06-10 14:55:45,507 - INFO - ⌛ Aguardando confirmação 4 - editar OS...
2026-06-10 14:56:00,941 - INFO - 🟨 Janela de confirmação 4 de edição de OS detectada
2026-06-10 14:56:05,044 - INFO - 
=== rotina programar_os ===
2026-06-10 14:56:31,568 - INFO - ⌛ Aguardando janela de confirmação de programação de OS...
2026-06-10 14:56:57,018 - INFO - 🟨 Janela de confirmação de programação de OS detectada
2026-06-10 14:57:10,307 - INFO - 🟨 Janela de aviso de edição de OS programadas detectada
2026-06-10 14:57:17,529 - INFO - ⌛ aguardando janela de programação de lote de OS...
2026-06-10 14:57:43,029 - INFO - 🟨 Janela de aviso de substituição de lote de OS detectada
2026-06-10 14:58:03,143 - INFO - ⌛ aguardando janela de programação de lote de OS...
2026-06-10 14:58:28,673 - INFO - 🟨 Janela de aviso de substituição de lote de OS detectada
2026-06-10 14:58:48,781 - INFO - ⌛ aguardando janela de programação de lote de OS...
2026-06-10 14:58:48,900 - INFO - 🟨 Identificado travamento no EQM, reiniciando contador de espera
2026-06-10 14:59:14,265 - INFO - 🟨 Janela de programação de lote de OS detectada
2026-06-10 15:00:03,766 - INFO - 🟨 Janela de confirmação de programação de lote de OS detectada
2026-06-10 15:00:07,974 - INFO - ⌛ aguardando confirmação final de programação do lote
2026-06-10 15:00:33,432 - INFO - 🟨 programação do lote 10 efetuado com sucesso
2026-06-10 15:00:43,541 - INFO - 
=== Iniciando lote 11/22 [LM] ===
2026-06-10 15:00:43,542 - INFO - 
=== abrir_janela_selecao ===
2026-06-10 15:00:49,849 - INFO - 
=== rotina abrir_selecao_colar_os ===
2026-06-10 15:00:49,895 - INFO - Janela de seleção aberta
2026-06-10 15:00:54,128 - INFO - DEBUG: idx=10, inicio=250, fim=275
2026-06-10 15:00:54,128 - INFO - ✅ 25 OS copiadas para a área de transferência.
2026-06-10 15:00:54,128 - INFO - 📋 Lote 11 copiado.
2026-06-10 15:01:02,451 - INFO - ⌛ Esperando mudança visual...
2026-06-10 15:01:03,464 - INFO - ⌛ Esperando mudança visual...
2026-06-10 15:01:04,479 - INFO - ⌛ Esperando mudança visual...
2026-06-10 15:01:05,497 - INFO - ⌛ Esperando mudança visual...
2026-06-10 15:01:06,514 - INFO - ⌛ Esperando mudança visual...
2026-06-10 15:01:07,532 - INFO - ⌛ Esperando mudança visual...
2026-06-10 15:01:08,546 - INFO - ⌛ Esperando mudança visual...
2026-06-10 15:01:09,562 - INFO - ⌛ Esperando mudança visual...
2026-06-10 15:01:10,578 - INFO - ⌛ Esperando mudança visual...
2026-06-10 15:01:11,593 - INFO - ⌛ Esperando mudança visual...
2026-06-10 15:01:12,609 - INFO - ⌛ Esperando mudança visual...
2026-06-10 15:01:13,620 - INFO - ✅ Tela carregada!
2026-06-10 15:01:17,625 - INFO - 
=== rotina desbloquear_os ===
2026-06-10 15:01:44,110 - INFO - ⌛ Aguardando janela de confirmação de desbloqueio...
2026-06-10 15:01:59,527 - INFO - 🟨 Registros desbloqueados com sucesso
2026-06-10 15:02:03,630 - INFO - 
=== rotina editar_os ===
2026-06-10 15:02:13,056 - INFO - ⌛ Aguardando janela de edição de OS...
2026-06-10 15:02:28,511 - INFO - 🟨 OS programadas detectadas
2026-06-10 15:02:31,615 - INFO - ⌛ Aguardando janela de edição de OS...
2026-06-10 15:02:47,078 - INFO - 🟨 Janela de edição de OS detectada
2026-06-10 15:03:08,450 - INFO - 🟨 Janela de edição de habilidade da turma detectada
2026-06-10 15:04:26,756 - INFO - ⌛ Aguardando detecção do campo de caracteristica 'EQUIPE PRÓPRIA OU EPS' ...
2026-06-10 15:04:46,118 - INFO - 🟨 campo de caracteristica 'EQUIPE PRÓPRIA OU EPS detectado
2026-06-10 15:05:07,897 - INFO - ⌛ Aguardando confirmação 4 - editar OS...
2026-06-10 15:05:23,337 - INFO - 🟨 Janela de atenção de OS com contrato não vigente, pulando lote
2026-06-10 15:05:35,543 - INFO - 
=== Iniciando lote 12/22 [LM] ===
2026-06-10 15:05:35,544 - INFO - 
=== abrir_janela_selecao ===
2026-06-10 15:05:41,850 - INFO - 
=== rotina abrir_selecao_colar_os ===
2026-06-10 15:05:41,894 - INFO - Janela de seleção aberta
2026-06-10 15:05:48,215 - INFO - DEBUG: idx=11, inicio=275, fim=300
2026-06-10 15:05:48,215 - INFO - ✅ 25 OS copiadas para a área de transferência.
2026-06-10 15:05:48,215 - INFO - 📋 Lote 12 copiado.
2026-06-10 15:05:56,543 - INFO - ⌛ Esperando mudança visual...
2026-06-10 15:05:57,559 - INFO - ⌛ Esperando mudança visual...
2026-06-10 15:05:58,574 - INFO - ⌛ Esperando mudança visual...
2026-06-10 15:05:59,590 - INFO - ⌛ Esperando mudança visual...
2026-06-10 15:06:00,607 - INFO - ⌛ Esperando mudança visual...
2026-06-10 15:06:01,621 - INFO - ⌛ Esperando mudança visual...
2026-06-10 15:06:02,636 - INFO - ⌛ Esperando mudança visual...
2026-06-10 15:06:03,654 - INFO - ⌛ Esperando mudança visual...
2026-06-10 15:06:04,665 - INFO - ⌛ Esperando mudança visual...
2026-06-10 15:06:05,685 - INFO - ⌛ Esperando mudança visual...
2026-06-10 15:06:06,700 - INFO - ✅ Tela carregada!
2026-06-10 15:06:10,701 - INFO - 
=== rotina desbloquear_os ===
2026-06-10 15:06:37,194 - INFO - ⌛ Aguardando janela de confirmação de desbloqueio...
2026-06-10 15:06:52,601 - INFO - ⌛ Aguardando janela de confirmação de desbloqueio...
2026-06-10 15:07:08,031 - INFO - ⌛ Aguardando janela de confirmação de desbloqueio...
2026-06-10 15:07:23,443 - INFO - ⌛ Aguardando janela de confirmação de desbloqueio...
2026-06-10 15:07:38,841 - INFO - ⌛ Aguardando janela de confirmação de desbloqueio...
2026-06-10 15:07:54,243 - INFO - ⌛ Aguardando janela de confirmação de desbloqueio...
2026-06-10 15:08:09,666 - INFO - ⌛ Aguardando janela de confirmação de desbloqueio...
2026-06-10 15:08:25,096 - INFO - ⌛ Aguardando janela de confirmação de desbloqueio...
2026-06-10 15:08:40,531 - INFO - ⌛ Aguardando janela de confirmação de desbloqueio...
2026-06-10 15:08:55,962 - INFO - ⌛ Aguardando janela de confirmação de desbloqueio...
2026-06-10 15:09:11,369 - INFO - ⌛ Aguardando janela de confirmação de desbloqueio...
2026-06-10 15:09:26,764 - INFO - ⌛ Aguardando janela de confirmação de desbloqueio...
2026-06-10 15:09:42,171 - INFO - ⌛ Aguardando janela de confirmação de desbloqueio...
2026-06-10 15:09:57,584 - INFO - ⌛ Aguardando janela de confirmação de desbloqueio...
2026-06-10 15:10:13,018 - INFO - ⌛ Aguardando janela de confirmação de desbloqueio...
2026-06-10 15:10:28,445 - INFO - ⌛ Aguardando janela de confirmação de desbloqueio...
2026-06-10 15:10:43,888 - INFO - ⌛ Aguardando janela de confirmação de desbloqueio...
2026-06-10 15:10:59,264 - INFO - ⌛ Aguardando janela de confirmação de desbloqueio...
2026-06-10 15:11:14,657 - INFO - ⌛ Aguardando janela de confirmação de desbloqueio...
2026-06-10 15:11:30,080 - INFO - ⌛ Aguardando janela de confirmação de desbloqueio...
2026-06-10 15:11:45,496 - INFO - ⌛ Aguardando janela de confirmação de desbloqueio...
2026-06-10 15:12:00,894 - INFO - ⌛ Aguardando janela de confirmação de desbloqueio...
2026-06-10 15:12:16,333 - INFO - ⌛ Aguardando janela de confirmação de desbloqueio...
2026-06-10 15:12:31,748 - INFO - ⌛ Aguardando janela de confirmação de desbloqueio...
2026-06-10 15:12:47,166 - INFO - ⌛ Aguardando janela de confirmação de desbloqueio...
2026-06-10 15:13:02,657 - INFO - ⌛ Aguardando janela de confirmação de desbloqueio...
2026-06-10 15:13:18,092 - INFO - ⌛ Aguardando janela de confirmação de desbloqueio...
2026-06-10 15:13:33,508 - INFO - ⌛ Aguardando janela de confirmação de desbloqueio...
2026-06-10 15:13:48,942 - INFO - ⌛ Aguardando janela de confirmação de desbloqueio...
2026-06-10 15:14:04,339 - INFO - ⌛ Aguardando janela de confirmação de desbloqueio...
2026-06-10 15:14:19,757 - INFO - ⌛ Aguardando janela de confirmação de desbloqueio...
2026-06-10 15:14:35,180 - INFO - ⌛ Aguardando janela de confirmação de desbloqueio...
2026-06-10 15:14:50,639 - INFO - ⌛ Aguardando janela de confirmação de desbloqueio...
2026-06-10 15:15:06,044 - INFO - ⌛ Aguardando janela de confirmação de desbloqueio...
2026-06-10 15:15:21,413 - INFO - ⌛ Aguardando janela de confirmação de desbloqueio...
2026-06-10 15:15:36,796 - INFO - ⌛ Aguardando janela de confirmação de desbloqueio...
2026-06-10 15:15:52,164 - INFO - ⌛ Aguardando janela de confirmação de desbloqueio...
2026-06-10 15:16:07,584 - INFO - ⌛ Aguardando janela de confirmação de desbloqueio...
2026-06-10 15:16:22,957 - INFO - ⌛ Aguardando janela de confirmação de desbloqueio...
2026-06-10 15:16:38,348 - INFO - ⌛ Aguardando janela de confirmação de desbloqueio...
2026-06-10 15:16:53,742 - INFO - ⌛ Aguardando janela de confirmação de desbloqueio...
2026-06-10 15:17:09,184 - INFO - ⌛ Aguardando janela de confirmação de desbloqueio...
2026-06-10 15:17:24,563 - INFO - ⌛ Aguardando janela de confirmação de desbloqueio...
2026-06-10 15:17:39,941 - INFO - ⌛ Aguardando janela de confirmação de desbloqueio...
2026-06-10 15:17:55,345 - INFO - ⌛ Aguardando janela de confirmação de desbloqueio...
2026-06-10 15:18:10,712 - INFO - ⌛ Aguardando janela de confirmação de desbloqueio...
2026-06-10 15:18:26,109 - INFO - ⌛ Aguardando janela de confirmação de desbloqueio...
2026-06-10 15:18:41,483 - INFO - ⌛ Aguardando janela de confirmação de desbloqueio...
2026-06-10 15:18:56,866 - INFO - ⌛ Aguardando janela de confirmação de desbloqueio...
2026-06-10 15:19:12,247 - INFO - ⌛ Aguardando janela de confirmação de desbloqueio...
2026-06-10 15:19:27,610 - INFO - ⌛ Aguardando janela de confirmação de desbloqueio...
2026-06-10 15:19:43,003 - INFO - ⌛ Aguardando janela de confirmação de desbloqueio...
2026-06-10 15:19:58,404 - INFO - ⌛ Aguardando janela de confirmação de desbloqueio...
2026-06-10 15:20:13,852 - INFO - ⌛ Aguardando janela de confirmação de desbloqueio...
2026-06-10 15:20:29,252 - INFO - ⌛ Aguardando janela de confirmação de desbloqueio...
2026-06-10 15:20:44,658 - INFO - ⌛ Aguardando janela de confirmação de desbloqueio...
2026-06-10 15:21:00,056 - INFO - ⌛ Aguardando janela de confirmação de desbloqueio...
2026-06-10 15:21:15,444 - INFO - ⌛ Aguardando janela de confirmação de desbloqueio...
2026-06-10 15:21:30,850 - INFO - ⌛ Aguardando janela de confirmação de desbloqueio...
2026-06-10 15:21:46,244 - INFO - ⌛ Aguardando janela de confirmação de desbloqueio...
2026-06-10 15:22:01,600 - INFO - ⌛ Aguardando janela de confirmação de desbloqueio...
2026-06-10 15:22:16,984 - INFO - ⌛ Aguardando janela de confirmação de desbloqueio...
2026-06-10 15:22:32,369 - INFO - ⌛ Aguardando janela de confirmação de desbloqueio...
2026-06-10 15:22:47,749 - INFO - ⌛ Aguardando janela de confirmação de desbloqueio...
2026-06-10 15:23:03,128 - INFO - ⌛ Aguardando janela de confirmação de desbloqueio...
2026-06-10 15:23:18,572 - INFO - ⌛ Aguardando janela de confirmação de desbloqueio...
2026-06-10 15:23:33,953 - INFO - ⌛ Aguardando janela de confirmação de desbloqueio...
2026-06-10 15:23:49,349 - INFO - ⌛ Aguardando janela de confirmação de desbloqueio...
2026-06-10 15:24:04,762 - INFO - ⌛ Aguardando janela de confirmação de desbloqueio...
2026-06-10 15:24:20,142 - INFO - ⌛ Aguardando janela de confirmação de desbloqueio...
2026-06-10 15:24:35,547 - INFO - ⌛ Aguardando janela de confirmação de desbloqueio...
2026-06-10 15:24:50,944 - INFO - ⌛ Aguardando janela de confirmação de desbloqueio...
2026-06-10 15:25:06,345 - INFO - ⌛ Aguardando janela de confirmação de desbloqueio...
2026-06-10 15:25:21,851 - INFO - ⌛ Aguardando janela de confirmação de desbloqueio...
2026-06-10 15:25:37,273 - INFO - ⌛ Aguardando janela de confirmação de desbloqueio...
2026-06-10 15:25:52,676 - INFO - ⌛ Aguardando janela de confirmação de desbloqueio...
2026-06-10 15:26:08,075 - INFO - ⌛ Aguardando janela de confirmação de desbloqueio...
2026-06-10 15:26:23,475 - INFO - verificando janela oculta
2026-06-10 15:26:43,936 - INFO - ⏱️ Tempo limite atingido. Abortando seleção
2026-06-10 15:26:43,937 - INFO - Capturando print...
2026-06-10 16:02:04,125 - INFO - Data hoje: 10/06/2026
2026-06-10 16:02:04,131 - INFO - Data de referência: 30/06/2026
2026-06-10 16:07:42,235 - INFO - Qtde OS de LINHA VIVA: 556
2026-06-10 16:07:42,235 - INFO - Qtde OS poda de LINHA MORTA: 524
2026-06-10 16:07:42,238 - INFO - Qtde OS estrutural de LINHA MORTA : 14327
2026-06-10 16:07:42,238 - INFO - Qtde OS poda de LINHA MORTA fora carteira: 661
2026-06-10 16:07:42,238 - INFO - Qtde OS para desprogramar: 2017
2026-06-10 16:07:42,238 - INFO - 
 Qtd de lotes de LM: 21
2026-06-10 16:07:42,241 - INFO - 
 Qtd de lotes de LV: 23
2026-06-10 16:07:42,241 - INFO - 
 Qtd de lotes de ESTRUTURAL LM: 574
2026-06-10 16:07:42,241 - INFO - 
 Qtd de lotes de LEVE: 27
2026-06-10 16:07:42,241 - INFO - 
 Qtd de lotes para desprogramar: 81
2026-06-10 16:07:42,241 - INFO - 
=== Iniciando lote 1/23 [LV] ===
2026-06-10 16:07:42,241 - INFO - 
=== abrir_janela_selecao ===
2026-06-10 16:07:48,576 - INFO - 
=== rotina abrir_selecao_colar_os ===
2026-06-10 16:07:48,919 - INFO - Janela de seleção aberta
2026-06-10 16:07:55,293 - INFO - DEBUG: idx=0, inicio=0, fim=25
2026-06-10 16:07:55,294 - INFO - ✅ 25 OS copiadas para a área de transferência.
2026-06-10 16:07:55,294 - INFO - 📋 Lote 1 copiado.
2026-06-10 16:08:03,627 - INFO - ⌛ Esperando mudança visual...
2026-06-10 16:08:04,637 - INFO - ✅ Tela carregada!
2026-06-10 16:08:08,642 - INFO - 
=== rotina desbloquear_os ===
2026-06-10 16:08:33,516 - INFO - Data hoje: 10/06/2026
2026-06-10 16:08:33,516 - INFO - Data de referência: 30/06/2026
2026-06-10 16:14:03,981 - INFO - Qtde OS de LINHA VIVA: 556
2026-06-10 16:14:03,981 - INFO - Qtde OS poda de LINHA MORTA: 524
2026-06-10 16:14:03,981 - INFO - Qtde OS estrutural de LINHA MORTA : 14327
2026-06-10 16:14:03,981 - INFO - Qtde OS poda de LINHA MORTA fora carteira: 661
2026-06-10 16:14:03,981 - INFO - Qtde OS para desprogramar: 2017
2026-06-10 16:14:03,981 - INFO - 
 Qtd de lotes de LM: 21
2026-06-10 16:14:03,981 - INFO - 
 Qtd de lotes de LV: 23
2026-06-10 16:14:03,981 - INFO - 
 Qtd de lotes de ESTRUTURAL LM: 574
2026-06-10 16:14:03,981 - INFO - 
 Qtd de lotes de LEVE: 27
2026-06-10 16:14:03,981 - INFO - 
 Qtd de lotes para desprogramar: 81
2026-06-10 16:14:03,981 - INFO - 
=== Iniciando lote 12/21 [LM] ===
2026-06-10 16:14:03,981 - INFO - 
=== abrir_janela_selecao ===
2026-06-10 16:14:10,330 - INFO - 
=== rotina abrir_selecao_colar_os ===
2026-06-10 16:14:10,589 - INFO - Janela de seleção aberta
2026-06-10 16:14:14,851 - INFO - DEBUG: idx=11, inicio=275, fim=300
2026-06-10 16:14:14,851 - INFO - ✅ 25 OS copiadas para a área de transferência.
2026-06-10 16:14:14,851 - INFO - 📋 Lote 12 copiado.
2026-06-10 16:14:23,179 - INFO - ⌛ Esperando mudança visual...
2026-06-10 16:14:24,195 - INFO - ⌛ Esperando mudança visual...
2026-06-10 16:14:25,213 - INFO - ⌛ Esperando mudança visual...
2026-06-10 16:14:26,229 - INFO - ⌛ Esperando mudança visual...
2026-06-10 16:14:27,245 - INFO - ⌛ Esperando mudança visual...
2026-06-10 16:14:28,257 - INFO - ⌛ Esperando mudança visual...
2026-06-10 16:14:29,276 - INFO - ⌛ Esperando mudança visual...
2026-06-10 16:14:30,292 - INFO - ⌛ Esperando mudança visual...
2026-06-10 16:14:31,308 - INFO - ⌛ Esperando mudança visual...
2026-06-10 16:14:32,320 - INFO - ⌛ Esperando mudança visual...
2026-06-10 16:14:33,340 - INFO - ⌛ Esperando mudança visual...
2026-06-10 16:14:34,353 - INFO - ⌛ Esperando mudança visual...
2026-06-10 16:14:35,368 - INFO - ⌛ Esperando mudança visual...
2026-06-10 16:14:36,386 - INFO - ⌛ Esperando mudança visual...
2026-06-10 16:14:37,399 - INFO - ⌛ Esperando mudança visual...
2026-06-10 16:14:38,416 - INFO - ⌛ Esperando mudança visual...
2026-06-10 16:14:39,432 - INFO - ⌛ Esperando mudança visual...
2026-06-10 16:14:40,445 - INFO - ⌛ Esperando mudança visual...
2026-06-10 16:14:41,465 - INFO - ⌛ Esperando mudança visual...
2026-06-10 16:14:42,480 - INFO - ✅ Tela carregada!
2026-06-10 16:14:46,482 - INFO - 
=== rotina desbloquear_os ===
2026-06-10 16:15:13,117 - INFO - ⌛ Aguardando janela de confirmação de desbloqueio...
2026-06-10 16:15:29,243 - INFO - 🟨 Registros desbloqueados com sucesso
2026-06-10 16:15:33,347 - INFO - 
=== rotina editar_os ===
2026-06-10 16:15:43,051 - INFO - ⌛ Aguardando janela de edição de OS...
2026-06-10 16:15:59,312 - INFO - 🟨 OS programadas detectadas
2026-06-10 16:16:02,435 - INFO - ⌛ Aguardando janela de edição de OS...
2026-06-10 16:16:18,642 - INFO - 🟨 Janela de edição de OS detectada
2026-06-10 16:16:40,166 - INFO - 🟨 Janela de edição de habilidade da turma detectada
2026-06-10 16:17:58,683 - INFO - ⌛ Aguardando detecção do campo de caracteristica 'EQUIPE PRÓPRIA OU EPS' ...
2026-06-10 16:18:18,146 - INFO - 🟨 campo de caracteristica 'EQUIPE PRÓPRIA OU EPS detectado
2026-06-10 16:18:40,330 - INFO - ⌛ Aguardando confirmação 4 - editar OS...
2026-06-10 16:18:56,590 - INFO - ⌛ Aguardando confirmação 4 - editar OS...
2026-06-10 16:18:56,996 - INFO - 🟨 Identificado travamento no EQM, reiniciando contador de espera
2026-06-10 16:19:12,820 - INFO - ⌛ Aguardando confirmação 4 - editar OS...
2026-06-10 16:19:29,007 - INFO - 🟨 Janela de confirmação 4 de edição de OS detectada
2026-06-10 16:19:33,112 - INFO - 
=== rotina programar_os ===
2026-06-10 16:19:59,888 - INFO - ⌛ Aguardando janela de confirmação de programação de OS...
2026-06-10 16:20:26,148 - INFO - 🟨 Janela de confirmação de programação de OS detectada
2026-06-10 16:20:39,761 - INFO - 🟨 Janela de aviso de edição de OS programadas detectada
2026-06-10 16:20:46,971 - INFO - ⌛ aguardando janela de programação de lote de OS...
2026-06-10 16:21:13,307 - INFO - 🟨 Janela de aviso de substituição de lote de OS detectada
2026-06-10 16:21:33,422 - INFO - ⌛ aguardando janela de programação de lote de OS...
2026-06-10 16:21:59,791 - INFO - 🟨 Janela de programação de lote de OS detectada
2026-06-10 16:22:49,696 - INFO - 🟨 Janela de confirmação de programação de lote de OS detectada
2026-06-10 16:22:54,124 - INFO - ⌛ aguardando confirmação final de programação do lote
2026-06-10 16:23:20,282 - INFO - 🟨 programação do lote 12 efetuado com sucesso
2026-06-10 16:23:30,401 - INFO - 
=== Iniciando lote 13/21 [LM] ===
2026-06-10 16:23:30,403 - INFO - 
=== abrir_janela_selecao ===
2026-06-10 16:23:36,715 - INFO - 
=== rotina abrir_selecao_colar_os ===
2026-06-10 16:23:36,973 - INFO - Janela de seleção aberta
2026-06-10 16:23:41,204 - INFO - DEBUG: idx=12, inicio=300, fim=325
2026-06-10 16:23:41,204 - INFO - ✅ 25 OS copiadas para a área de transferência.
2026-06-10 16:23:41,204 - INFO - 📋 Lote 13 copiado.
2026-06-10 16:23:49,541 - INFO - ⌛ Esperando mudança visual...
2026-06-10 16:23:50,554 - INFO - ⌛ Esperando mudança visual...
2026-06-10 16:23:51,572 - INFO - ⌛ Esperando mudança visual...
2026-06-10 16:23:52,587 - INFO - ⌛ Esperando mudança visual...
2026-06-10 16:23:53,601 - INFO - ⌛ Esperando mudança visual...
2026-06-10 16:23:54,617 - INFO - ⌛ Esperando mudança visual...
2026-06-10 16:23:55,631 - INFO - ⌛ Esperando mudança visual...
2026-06-10 16:23:56,650 - INFO - ⌛ Esperando mudança visual...
2026-06-10 16:23:57,664 - INFO - ⌛ Esperando mudança visual...
2026-06-10 16:23:58,680 - INFO - ⌛ Esperando mudança visual...
2026-06-10 16:23:59,694 - INFO - ⌛ Esperando mudança visual...
2026-06-10 16:24:00,711 - INFO - ⌛ Esperando mudança visual...
2026-06-10 16:24:01,729 - INFO - ⌛ Esperando mudança visual...
2026-06-10 16:24:02,741 - INFO - ⌛ Esperando mudança visual...
2026-06-10 16:24:03,759 - INFO - ⌛ Esperando mudança visual...
2026-06-10 16:24:04,774 - INFO - ⌛ Esperando mudança visual...
2026-06-10 16:24:05,790 - INFO - ⌛ Esperando mudança visual...
2026-06-10 16:24:06,805 - INFO - ⌛ Esperando mudança visual...
2026-06-10 16:24:07,822 - INFO - ⌛ Esperando mudança visual...
2026-06-10 16:24:08,838 - INFO - ⌛ Esperando mudança visual...
2026-06-10 16:24:09,849 - INFO - ⌛ Esperando mudança visual...
2026-06-10 16:24:10,869 - INFO - ⌛ Esperando mudança visual...
2026-06-10 16:24:11,884 - INFO - ⌛ Esperando mudança visual...
2026-06-10 16:24:12,901 - INFO - ⌛ Esperando mudança visual...
2026-06-10 16:24:13,915 - INFO - ✅ Tela carregada!
2026-06-10 16:24:17,917 - INFO - 
=== rotina desbloquear_os ===
2026-06-10 16:24:44,517 - INFO - ⌛ Aguardando janela de confirmação de desbloqueio...
2026-06-10 16:25:00,522 - INFO - 🟨 Registros desbloqueados com sucesso
2026-06-10 16:25:04,629 - INFO - 
=== rotina editar_os ===
2026-06-10 16:25:14,302 - INFO - ⌛ Aguardando janela de edição de OS...
2026-06-10 16:25:30,570 - INFO - 🟨 OS programadas detectadas
2026-06-10 16:25:33,676 - INFO - ⌛ Aguardando janela de edição de OS...
2026-06-10 16:25:49,968 - INFO - 🟨 Janela de edição de OS detectada
2026-06-10 16:26:11,437 - INFO - 🟨 Janela de edição de habilidade da turma detectada
2026-06-10 16:27:29,893 - INFO - ⌛ Aguardando detecção do campo de caracteristica 'EQUIPE PRÓPRIA OU EPS' ...
2026-06-10 16:27:49,383 - INFO - 🟨 campo de caracteristica 'EQUIPE PRÓPRIA OU EPS detectado
2026-06-10 16:28:11,594 - INFO - ⌛ Aguardando confirmação 4 - editar OS...
2026-06-10 16:28:27,794 - INFO - ⌛ Aguardando confirmação 4 - editar OS...
2026-06-10 16:28:28,190 - INFO - 🟨 Identificado travamento no EQM, reiniciando contador de espera
2026-06-10 16:28:44,045 - INFO - ⌛ Aguardando confirmação 4 - editar OS...
2026-06-10 16:29:00,419 - INFO - 🟨 Janela de confirmação 4 de edição de OS detectada
2026-06-10 16:29:04,522 - INFO - 
=== rotina programar_os ===
2026-06-10 16:29:31,301 - INFO - ⌛ Aguardando janela de confirmação de programação de OS...
2026-06-10 16:29:57,526 - INFO - 🟨 Janela de confirmação de programação de OS detectada
2026-06-10 16:30:11,166 - INFO - 🟨 Janela de aviso de edição de OS programadas detectada
2026-06-10 16:30:18,388 - INFO - ⌛ aguardando janela de programação de lote de OS...
2026-06-10 16:30:44,780 - INFO - 🟨 Janela de aviso de substituição de lote de OS detectada
2026-06-10 16:31:04,885 - INFO - ⌛ aguardando janela de programação de lote de OS...
2026-06-10 16:31:31,302 - INFO - 🟨 Janela de programação de lote de OS detectada
2026-06-10 16:32:21,217 - INFO - 🟨 Janela de confirmação de programação de lote de OS detectada
2026-06-10 16:32:25,677 - INFO - ⌛ aguardando confirmação final de programação do lote
2026-06-10 16:32:51,899 - INFO - 🟨 programação do lote 13 efetuado com sucesso
2026-06-10 16:33:02,011 - INFO - 
=== Iniciando lote 14/21 [LM] ===
2026-06-10 16:33:02,011 - INFO - 
=== abrir_janela_selecao ===
2026-06-10 16:33:08,351 - INFO - 
=== rotina abrir_selecao_colar_os ===
2026-06-10 16:33:08,563 - INFO - Janela de seleção aberta
2026-06-10 16:33:12,819 - INFO - DEBUG: idx=13, inicio=325, fim=350
2026-06-10 16:33:12,819 - INFO - ✅ 25 OS copiadas para a área de transferência.
2026-06-10 16:33:12,819 - INFO - 📋 Lote 14 copiado.
2026-06-10 16:33:21,160 - INFO - ⌛ Esperando mudança visual...
2026-06-10 16:33:22,173 - INFO - ⌛ Esperando mudança visual...
2026-06-10 16:33:23,190 - INFO - ⌛ Esperando mudança visual...
2026-06-10 16:33:24,206 - INFO - ⌛ Esperando mudança visual...
2026-06-10 16:33:25,218 - INFO - ⌛ Esperando mudança visual...
2026-06-10 16:33:26,239 - INFO - ⌛ Esperando mudança visual...
2026-06-10 16:33:27,251 - INFO - ⌛ Esperando mudança visual...
2026-06-10 16:33:28,268 - INFO - ⌛ Esperando mudança visual...
2026-06-10 16:33:29,285 - INFO - ⌛ Esperando mudança visual...
2026-06-10 16:33:30,300 - INFO - ⌛ Esperando mudança visual...
2026-06-10 16:33:31,318 - INFO - ⌛ Esperando mudança visual...
2026-06-10 16:33:32,331 - INFO - ⌛ Esperando mudança visual...
2026-06-10 16:33:33,346 - INFO - ⌛ Esperando mudança visual...
2026-06-10 16:33:34,363 - INFO - ⌛ Esperando mudança visual...
2026-06-10 16:33:35,378 - INFO - ⌛ Esperando mudança visual...
2026-06-10 16:33:36,392 - INFO - ⌛ Esperando mudança visual...
2026-06-10 16:33:37,409 - INFO - ⌛ Esperando mudança visual...
2026-06-10 16:33:38,423 - INFO - ⌛ Esperando mudança visual...
2026-06-10 16:33:39,443 - INFO - ⌛ Esperando mudança visual...
2026-06-10 16:33:40,457 - INFO - ⌛ Esperando mudança visual...
2026-06-10 16:33:41,472 - INFO - ⌛ Esperando mudança visual...
2026-06-10 16:33:42,488 - INFO - ⌛ Esperando mudança visual...
2026-06-10 16:33:43,503 - INFO - ⌛ Esperando mudança visual...
2026-06-10 16:33:44,519 - INFO - ✅ Tela carregada!
2026-06-10 16:33:48,522 - INFO - 
=== rotina desbloquear_os ===
2026-06-10 16:34:15,163 - INFO - ⌛ Aguardando janela de confirmação de desbloqueio...
2026-06-10 16:34:31,275 - INFO - 🟨 Registros desbloqueados com sucesso
2026-06-10 16:34:35,379 - INFO - 
=== rotina editar_os ===
2026-06-10 16:34:45,039 - INFO - ⌛ Aguardando janela de edição de OS...
2026-06-10 16:35:01,307 - INFO - 🟨 OS programadas detectadas
2026-06-10 16:35:04,416 - INFO - ⌛ Aguardando janela de edição de OS...
2026-06-10 16:35:20,573 - INFO - 🟨 Janela de edição de OS detectada
2026-06-10 16:35:42,040 - INFO - 🟨 Janela de edição de habilidade da turma detectada
2026-06-10 16:37:00,515 - INFO - ⌛ Aguardando detecção do campo de caracteristica 'EQUIPE PRÓPRIA OU EPS' ...
2026-06-10 16:37:19,996 - INFO - 🟨 campo de caracteristica 'EQUIPE PRÓPRIA OU EPS detectado
2026-06-10 16:37:42,187 - INFO - ⌛ Aguardando confirmação 4 - editar OS...
2026-06-10 16:37:58,482 - INFO - ⌛ Aguardando confirmação 4 - editar OS...
2026-06-10 16:37:58,915 - INFO - 🟨 Identificado travamento no EQM, reiniciando contador de espera
2026-06-10 16:38:14,799 - INFO - ⌛ Aguardando confirmação 4 - editar OS...
2026-06-10 16:38:31,167 - INFO - 🟨 Janela de confirmação 4 de edição de OS detectada
2026-06-10 16:38:35,274 - INFO - 
=== rotina programar_os ===
2026-06-10 16:39:02,103 - INFO - ⌛ Aguardando janela de confirmação de programação de OS...
2026-06-10 16:39:28,427 - INFO - 🟨 Janela de confirmação de programação de OS detectada
2026-06-10 16:39:42,103 - INFO - 🟨 Janela de aviso de edição de OS programadas detectada
2026-06-10 16:39:49,330 - INFO - ⌛ aguardando janela de programação de lote de OS...
2026-06-10 16:40:15,707 - INFO - 🟨 Janela de aviso de substituição de lote de OS detectada
2026-06-10 16:40:35,828 - INFO - ⌛ aguardando janela de programação de lote de OS...
2026-06-10 16:41:02,183 - INFO - 🟨 Janela de programação de lote de OS detectada
2026-06-10 16:41:52,155 - INFO - 🟨 Janela de confirmação de programação de lote de OS detectada
2026-06-10 16:41:56,646 - INFO - ⌛ aguardando confirmação final de programação do lote
2026-06-10 16:42:22,914 - INFO - 🟨 programação do lote 14 efetuado com sucesso
2026-06-10 16:42:33,026 - INFO - 
=== Iniciando lote 15/21 [LM] ===
2026-06-10 16:42:33,027 - INFO - 
=== abrir_janela_selecao ===
2026-06-10 16:42:39,365 - INFO - 
=== rotina abrir_selecao_colar_os ===
2026-06-10 16:42:39,521 - INFO - Janela de seleção aberta
2026-06-10 16:42:43,791 - INFO - DEBUG: idx=14, inicio=350, fim=375
2026-06-10 16:42:43,791 - INFO - ✅ 25 OS copiadas para a área de transferência.
2026-06-10 16:42:43,791 - INFO - 📋 Lote 15 copiado.
2026-06-10 16:42:52,146 - INFO - ⌛ Esperando mudança visual...
2026-06-10 16:42:53,161 - INFO - ⌛ Esperando mudança visual...
2026-06-10 16:42:54,173 - INFO - ⌛ Esperando mudança visual...
2026-06-10 16:42:55,191 - INFO - ⌛ Esperando mudança visual...
2026-06-10 16:42:56,208 - INFO - ⌛ Esperando mudança visual...
2026-06-10 16:42:57,224 - INFO - ⌛ Esperando mudança visual...
2026-06-10 16:42:58,235 - INFO - ⌛ Esperando mudança visual...
2026-06-10 16:42:59,253 - INFO - ⌛ Esperando mudança visual...
2026-06-10 16:43:00,271 - INFO - ⌛ Esperando mudança visual...
2026-06-10 16:43:01,284 - INFO - ⌛ Esperando mudança visual...
2026-06-10 16:43:02,302 - INFO - ⌛ Esperando mudança visual...
2026-06-10 16:43:03,319 - INFO - ⌛ Esperando mudança visual...
2026-06-10 16:43:04,333 - INFO - ⌛ Esperando mudança visual...
2026-06-10 16:43:05,348 - INFO - ⌛ Esperando mudança visual...
2026-06-10 16:43:06,366 - INFO - ⌛ Esperando mudança visual...
2026-06-10 16:43:07,381 - INFO - ⌛ Esperando mudança visual...
2026-06-10 16:43:08,397 - INFO - ⌛ Esperando mudança visual...
2026-06-10 16:43:09,412 - INFO - ⌛ Esperando mudança visual...
2026-06-10 16:43:10,426 - INFO - ⌛ Esperando mudança visual...
2026-06-10 16:43:11,441 - INFO - ⌛ Esperando mudança visual...
2026-06-10 16:43:12,459 - INFO - ✅ Tela carregada!
2026-06-10 16:43:16,462 - INFO - 
=== rotina desbloquear_os ===
2026-06-10 16:43:43,088 - INFO - ⌛ Aguardando janela de confirmação de desbloqueio...
2026-06-10 16:43:59,194 - INFO - 🟨 Registros desbloqueados com sucesso
2026-06-10 16:44:03,305 - INFO - 
=== rotina editar_os ===
2026-06-10 16:44:12,987 - INFO - ⌛ Aguardando janela de edição de OS...
2026-06-10 16:44:29,215 - INFO - 🟨 OS programadas detectadas
2026-06-10 16:44:32,327 - INFO - ⌛ Aguardando janela de edição de OS...
2026-06-10 16:44:48,616 - INFO - 🟨 Janela de edição de OS detectada
2026-06-10 16:45:10,101 - INFO - 🟨 Janela de edição de habilidade da turma detectada
2026-06-10 16:46:28,579 - INFO - ⌛ Aguardando detecção do campo de caracteristica 'EQUIPE PRÓPRIA OU EPS' ...
2026-06-10 16:46:48,080 - INFO - 🟨 campo de caracteristica 'EQUIPE PRÓPRIA OU EPS detectado
2026-06-10 16:47:10,327 - INFO - ⌛ Aguardando confirmação 4 - editar OS...
2026-06-10 16:47:26,786 - INFO - ⌛ Aguardando confirmação 4 - editar OS...
2026-06-10 16:47:27,236 - INFO - 🟨 Identificado travamento no EQM, reiniciando contador de espera
2026-06-10 16:47:43,186 - INFO - ⌛ Aguardando confirmação 4 - editar OS...
2026-06-10 16:47:59,520 - INFO - 🟨 Janela de confirmação 4 de edição de OS detectada
2026-06-10 16:48:03,625 - INFO - 
=== rotina programar_os ===
2026-06-10 16:48:30,461 - INFO - ⌛ Aguardando janela de confirmação de programação de OS...
2026-06-10 16:48:56,808 - INFO - 🟨 Janela de confirmação de programação de OS detectada
2026-06-10 16:49:10,498 - INFO - 🟨 Janela de aviso de edição de OS programadas detectada
2026-06-10 16:49:17,707 - INFO - ⌛ aguardando janela de programação de lote de OS...
2026-06-10 16:49:44,226 - INFO - 🟨 Janela de aviso de substituição de lote de OS detectada
2026-06-10 16:50:04,329 - INFO - ⌛ aguardando janela de programação de lote de OS...
2026-06-10 16:50:30,815 - INFO - 🟨 Janela de programação de lote de OS detectada
2026-06-10 16:51:20,699 - INFO - 🟨 Janela de confirmação de programação de lote de OS detectada
2026-06-10 16:51:25,173 - INFO - ⌛ aguardando confirmação final de programação do lote
2026-06-10 16:51:51,495 - INFO - 🟨 programação do lote 15 efetuado com sucesso
2026-06-10 16:52:01,626 - INFO - 
=== Iniciando lote 16/21 [LM] ===
2026-06-10 16:52:01,627 - INFO - 
=== abrir_janela_selecao ===
2026-06-10 16:52:07,969 - INFO - 
=== rotina abrir_selecao_colar_os ===
2026-06-10 16:52:08,143 - INFO - Janela de seleção aberta
2026-06-10 16:52:12,412 - INFO - DEBUG: idx=15, inicio=375, fim=400
2026-06-10 16:52:12,413 - INFO - ✅ 25 OS copiadas para a área de transferência.
2026-06-10 16:52:12,413 - INFO - 📋 Lote 16 copiado.
2026-06-10 16:52:20,771 - INFO - ⌛ Esperando mudança visual...
2026-06-10 16:52:21,787 - INFO - ⌛ Esperando mudança visual...
2026-06-10 16:52:22,798 - INFO - ⌛ Esperando mudança visual...
2026-06-10 16:52:23,816 - INFO - ⌛ Esperando mudança visual...
2026-06-10 16:52:24,834 - INFO - ⌛ Esperando mudança visual...
2026-06-10 16:52:25,849 - INFO - ⌛ Esperando mudança visual...
2026-06-10 16:52:26,866 - INFO - ⌛ Esperando mudança visual...
2026-06-10 16:52:27,878 - INFO - ⌛ Esperando mudança visual...
2026-06-10 16:52:28,896 - INFO - ⌛ Esperando mudança visual...
2026-06-10 16:52:29,908 - INFO - ⌛ Esperando mudança visual...
2026-06-10 16:52:30,927 - INFO - ⌛ Esperando mudança visual...
2026-06-10 16:52:31,943 - INFO - ⌛ Esperando mudança visual...
2026-06-10 16:52:32,966 - INFO - ⌛ Esperando mudança visual...
2026-06-10 16:52:33,992 - INFO - ⌛ Esperando mudança visual...
2026-06-10 16:52:35,006 - INFO - ⌛ Esperando mudança visual...
2026-06-10 16:52:36,020 - INFO - ⌛ Esperando mudança visual...
2026-06-10 16:52:37,037 - INFO - ⌛ Esperando mudança visual...
2026-06-10 16:52:38,052 - INFO - ⌛ Esperando mudança visual...
2026-06-10 16:52:39,066 - INFO - ⌛ Esperando mudança visual...
2026-06-10 16:52:40,085 - INFO - ⌛ Esperando mudança visual...
2026-06-10 16:52:41,102 - INFO - ⌛ Esperando mudança visual...
2026-06-10 16:52:42,118 - INFO - ⌛ Esperando mudança visual...
2026-06-10 16:52:43,128 - INFO - ⌛ Esperando mudança visual...
2026-06-10 16:52:44,148 - INFO - ⌛ Esperando mudança visual...
2026-06-10 16:52:45,165 - INFO - ⌛ Esperando mudança visual...
2026-06-10 16:52:46,176 - INFO - ⌛ Esperando mudança visual...
2026-06-10 16:52:47,194 - INFO - ⌛ Esperando mudança visual...
2026-06-10 16:52:48,208 - INFO - ⌛ Esperando mudança visual...
2026-06-10 16:52:49,227 - INFO - ⌛ Esperando mudança visual...
2026-06-10 16:52:50,244 - INFO - ⌛ Esperando mudança visual...
2026-06-10 16:52:51,255 - INFO - ⌛ Esperando mudança visual...
2026-06-10 16:52:52,271 - INFO - ⌛ Esperando mudança visual...
2026-06-10 16:52:53,290 - INFO - ⌛ Esperando mudança visual...
2026-06-10 16:52:54,302 - INFO - ⌛ Esperando mudança visual...
2026-06-10 16:52:55,319 - INFO - ⌛ Esperando mudança visual...
2026-06-10 16:52:56,334 - INFO - ⌛ Esperando mudança visual...
2026-06-10 16:52:57,351 - INFO - ⌛ Esperando mudança visual...
2026-06-10 16:52:58,365 - INFO - ⌛ Esperando mudança visual...
2026-06-10 16:52:59,386 - INFO - ⌛ Esperando mudança visual...
2026-06-10 16:53:00,403 - INFO - ⌛ Esperando mudança visual...
2026-06-10 16:53:01,414 - INFO - ✅ Tela carregada!
2026-06-10 16:53:05,416 - INFO - 
=== rotina desbloquear_os ===
2026-06-10 16:53:32,057 - INFO - ⌛ Aguardando janela de confirmação de desbloqueio...
2026-06-10 16:53:48,145 - INFO - ⌛ Aguardando janela de confirmação de desbloqueio...
2026-06-10 16:54:04,252 - INFO - ⌛ Aguardando janela de confirmação de desbloqueio...
2026-06-10 16:54:20,427 - INFO - ⌛ Aguardando janela de confirmação de desbloqueio...
2026-06-10 16:54:36,538 - INFO - ⌛ Aguardando janela de confirmação de desbloqueio...
2026-06-10 16:54:52,627 - INFO - 🟨 Registros desbloqueados com sucesso
2026-06-10 16:54:56,733 - INFO - 
=== rotina editar_os ===
2026-06-10 16:55:06,408 - INFO - ⌛ Aguardando janela de edição de OS...
2026-06-10 16:55:22,712 - INFO - 🟨 OS programadas detectadas
2026-06-10 16:55:25,819 - INFO - ⌛ Aguardando janela de edição de OS...
2026-06-10 16:55:42,145 - INFO - 🟨 Janela de edição de OS detectada
2026-06-10 16:56:03,625 - INFO - 🟨 Janela de edição de habilidade da turma detectada
2026-06-10 16:57:22,134 - INFO - ⌛ Aguardando detecção do campo de caracteristica 'EQUIPE PRÓPRIA OU EPS' ...
2026-06-10 16:57:41,626 - INFO - 🟨 campo de caracteristica 'EQUIPE PRÓPRIA OU EPS detectado
2026-06-10 16:58:03,858 - INFO - ⌛ Aguardando confirmação 4 - editar OS...
2026-06-10 16:58:20,211 - INFO - ⌛ Aguardando confirmação 4 - editar OS...
2026-06-10 16:58:20,752 - INFO - 🟨 Identificado travamento no EQM, reiniciando contador de espera
2026-06-10 16:58:36,705 - INFO - ⌛ Aguardando confirmação 4 - editar OS...
2026-06-10 16:58:52,998 - INFO - 🟨 Janela de confirmação 4 de edição de OS detectada
2026-06-10 16:58:57,102 - INFO - 
=== rotina programar_os ===
2026-06-10 16:59:23,960 - INFO - ⌛ Aguardando janela de confirmação de programação de OS...
2026-06-10 16:59:50,283 - INFO - 🟨 Janela de confirmação de programação de OS detectada
2026-06-10 17:00:03,921 - INFO - 🟨 Janela de aviso de edição de OS programadas detectada
2026-06-10 17:00:11,129 - INFO - ⌛ aguardando janela de programação de lote de OS...
2026-06-10 17:00:37,654 - INFO - 🟨 Janela de aviso de substituição de lote de OS detectada
2026-06-10 17:00:57,758 - INFO - ⌛ aguardando janela de programação de lote de OS...
2026-06-10 17:01:24,124 - INFO - 🟨 Janela de programação de lote de OS detectada
2026-06-10 17:02:14,115 - INFO - 🟨 Janela de confirmação de programação de lote de OS detectada
2026-06-10 17:02:18,579 - INFO - ⌛ aguardando confirmação final de programação do lote
2026-06-10 17:02:44,873 - INFO - 🟨 programação do lote 16 efetuado com sucesso
2026-06-10 17:02:54,989 - INFO - 
=== Iniciando lote 17/21 [LM] ===
2026-06-10 17:02:54,990 - INFO - 
=== abrir_janela_selecao ===
2026-06-10 17:03:01,322 - INFO - 
=== rotina abrir_selecao_colar_os ===
2026-06-10 17:03:01,506 - INFO - Janela de seleção aberta
2026-06-10 17:03:05,760 - INFO - DEBUG: idx=16, inicio=400, fim=425
2026-06-10 17:03:05,761 - INFO - ✅ 25 OS copiadas para a área de transferência.
2026-06-10 17:03:05,763 - INFO - 📋 Lote 17 copiado.
2026-06-10 17:03:14,125 - INFO - ⌛ Esperando mudança visual...
2026-06-10 17:03:15,141 - INFO - ⌛ Esperando mudança visual...
2026-06-10 17:03:16,155 - INFO - ⌛ Esperando mudança visual...
2026-06-10 17:03:17,171 - INFO - ⌛ Esperando mudança visual...
2026-06-10 17:03:18,189 - INFO - ⌛ Esperando mudança visual...
2026-06-10 17:03:19,211 - INFO - ⌛ Esperando mudança visual...
2026-06-10 17:03:20,224 - INFO - ⌛ Esperando mudança visual...
2026-06-10 17:03:21,404 - INFO - ⌛ Esperando mudança visual...
2026-06-10 17:03:22,422 - INFO - ⌛ Esperando mudança visual...
2026-06-10 17:03:23,434 - INFO - ⌛ Esperando mudança visual...
2026-06-10 17:03:24,449 - INFO - ⌛ Esperando mudança visual...
2026-06-10 17:03:25,464 - INFO - ⌛ Esperando mudança visual...
2026-06-10 17:03:26,482 - INFO - ⌛ Esperando mudança visual...
2026-06-10 17:03:27,505 - INFO - ⌛ Esperando mudança visual...
2026-06-10 17:03:28,530 - INFO - ⌛ Esperando mudança visual...
2026-06-10 17:03:29,545 - INFO - ⌛ Esperando mudança visual...
2026-06-10 17:03:30,557 - INFO - ⌛ Esperando mudança visual...
2026-06-10 17:03:31,577 - INFO - ⌛ Esperando mudança visual...
2026-06-10 17:03:32,606 - INFO - ⌛ Esperando mudança visual...
2026-06-10 17:03:33,623 - INFO - ⌛ Esperando mudança visual...
2026-06-10 17:03:34,643 - INFO - ⌛ Esperando mudança visual...
2026-06-10 17:03:35,651 - INFO - ⌛ Esperando mudança visual...
2026-06-10 17:03:36,668 - INFO - ⌛ Esperando mudança visual...
2026-06-10 17:03:37,687 - INFO - ⌛ Esperando mudança visual...
2026-06-10 17:03:38,700 - INFO - ⌛ Esperando mudança visual...
2026-06-10 17:03:39,716 - INFO - ⌛ Esperando mudança visual...
2026-06-10 17:03:40,731 - INFO - ⌛ Esperando mudança visual...
2026-06-10 17:03:41,748 - INFO - ⌛ Esperando mudança visual...
2026-06-10 17:03:42,765 - INFO - ⌛ Esperando mudança visual...
2026-06-10 17:03:43,781 - INFO - ⌛ Esperando mudança visual...
2026-06-10 17:03:44,794 - INFO - ⌛ Esperando mudança visual...
2026-06-10 17:03:45,809 - INFO - ⌛ Esperando mudança visual...
2026-06-10 17:03:46,829 - INFO - ⌛ Esperando mudança visual...
2026-06-10 17:03:47,842 - INFO - ⌛ Esperando mudança visual...
2026-06-10 17:03:48,857 - INFO - ⌛ Esperando mudança visual...
2026-06-10 17:03:49,871 - INFO - ⌛ Esperando mudança visual...
2026-06-10 17:03:50,888 - INFO - ⌛ Esperando mudança visual...
2026-06-10 17:03:51,903 - INFO - ⌛ Esperando mudança visual...
2026-06-10 17:03:52,920 - INFO - ⌛ Esperando mudança visual...
2026-06-10 17:03:53,934 - INFO - ✅ Tela carregada!
2026-06-10 17:03:57,936 - INFO - 
=== rotina desbloquear_os ===
2026-06-10 17:04:24,802 - INFO - ⌛ Aguardando janela de confirmação de desbloqueio...
2026-06-10 17:04:40,900 - INFO - ⌛ Aguardando janela de confirmação de desbloqueio...
2026-06-10 17:04:56,956 - INFO - ⌛ Aguardando janela de confirmação de desbloqueio...
2026-06-10 17:05:13,077 - INFO - ⌛ Aguardando janela de confirmação de desbloqueio...
2026-06-10 17:05:29,067 - INFO - ⌛ Aguardando janela de confirmação de desbloqueio...
2026-06-10 17:05:45,090 - INFO - 🟨 Registros desbloqueados com sucesso
2026-06-10 17:05:49,195 - INFO - 
=== rotina editar_os ===
2026-06-10 17:05:58,852 - INFO - ⌛ Aguardando janela de edição de OS...
2026-06-10 17:06:15,020 - INFO - 🟨 OS programadas detectadas
2026-06-10 17:06:18,125 - INFO - ⌛ Aguardando janela de edição de OS...
2026-06-10 17:06:34,275 - INFO - 🟨 Janela de edição de OS detectada
2026-06-10 17:06:55,762 - INFO - 🟨 Janela de edição de habilidade da turma detectada
2026-06-10 17:08:14,189 - INFO - ⌛ Aguardando detecção do campo de caracteristica 'EQUIPE PRÓPRIA OU EPS' ...
2026-06-10 17:08:33,680 - INFO - 🟨 campo de caracteristica 'EQUIPE PRÓPRIA OU EPS detectado
2026-06-10 17:08:55,865 - INFO - ⌛ Aguardando confirmação 4 - editar OS...
2026-06-10 17:09:12,146 - INFO - ⌛ Aguardando confirmação 4 - editar OS...
2026-06-10 17:09:12,521 - INFO - 🟨 Identificado travamento no EQM, reiniciando contador de espera
2026-06-10 17:09:28,349 - INFO - ⌛ Aguardando confirmação 4 - editar OS...
2026-06-10 17:09:44,576 - INFO - 🟨 Janela de confirmação 4 de edição de OS detectada
2026-06-10 17:09:48,680 - INFO - 
=== rotina programar_os ===
2026-06-10 17:10:15,463 - INFO - ⌛ Aguardando janela de confirmação de programação de OS...
2026-06-10 17:10:41,674 - INFO - 🟨 Janela de confirmação de programação de OS detectada
2026-06-10 17:10:55,357 - INFO - 🟨 Janela de aviso de edição de OS programadas detectada
2026-06-10 17:11:02,568 - INFO - ⌛ aguardando janela de programação de lote de OS...
2026-06-10 17:11:28,979 - INFO - 🟨 Janela de aviso de substituição de lote de OS detectada
2026-06-10 17:11:49,084 - INFO - ⌛ aguardando janela de programação de lote de OS...
2026-06-10 17:12:15,435 - INFO - 🟨 Janela de programação de lote de OS detectada
2026-06-10 17:13:05,343 - INFO - ⌛ aguardando janela de confirmação de programação de lote de OS...
2026-06-10 17:13:31,564 - INFO - 🟨 Janela de confirmação de programação de lote de OS detectada
2026-06-10 17:13:36,038 - INFO - ⌛ aguardando confirmação final de programação do lote
2026-06-10 17:14:02,343 - INFO - 🟨 programação do lote 17 efetuado com sucesso
2026-06-10 17:14:12,449 - INFO - 
=== Iniciando lote 18/21 [LM] ===
2026-06-10 17:14:12,451 - INFO - 
=== abrir_janela_selecao ===
2026-06-10 17:14:18,760 - INFO - 
=== rotina abrir_selecao_colar_os ===
2026-06-10 17:14:18,905 - INFO - Janela de seleção aberta
2026-06-10 17:14:23,144 - INFO - DEBUG: idx=17, inicio=425, fim=450
2026-06-10 17:14:23,145 - INFO - ✅ 25 OS copiadas para a área de transferência.
2026-06-10 17:14:23,145 - INFO - 📋 Lote 18 copiado.
2026-06-10 17:14:31,473 - INFO - ⌛ Esperando mudança visual...
2026-06-10 17:14:32,489 - INFO - ⌛ Esperando mudança visual...
2026-06-10 17:14:33,508 - INFO - ⌛ Esperando mudança visual...
2026-06-10 17:14:34,525 - INFO - ⌛ Esperando mudança visual...
2026-06-10 17:14:35,536 - INFO - ⌛ Esperando mudança visual...
2026-06-10 17:14:36,558 - INFO - ⌛ Esperando mudança visual...
2026-06-10 17:14:37,575 - INFO - ⌛ Esperando mudança visual...
2026-06-10 17:14:38,592 - INFO - ⌛ Esperando mudança visual...
2026-06-10 17:14:39,601 - INFO - ⌛ Esperando mudança visual...
2026-06-10 17:14:40,613 - INFO - ⌛ Esperando mudança visual...
2026-06-10 17:14:41,632 - INFO - ⌛ Esperando mudança visual...
2026-06-10 17:14:42,664 - INFO - ⌛ Esperando mudança visual...
2026-06-10 17:14:43,678 - INFO - ⌛ Esperando mudança visual...
2026-06-10 17:14:44,694 - INFO - ⌛ Esperando mudança visual...
2026-06-10 17:14:45,708 - INFO - ⌛ Esperando mudança visual...
2026-06-10 17:14:46,725 - INFO - ✅ Tela carregada!
2026-06-10 17:14:50,727 - INFO - 
=== rotina desbloquear_os ===
2026-06-10 17:15:17,341 - INFO - ⌛ Aguardando janela de confirmação de desbloqueio...
2026-06-10 17:15:33,432 - INFO - 🟨 Registros desbloqueados com sucesso
2026-06-10 17:15:37,536 - INFO - 
=== rotina editar_os ===
2026-06-10 17:15:47,194 - INFO - ⌛ Aguardando janela de edição de OS...
2026-06-10 17:16:03,428 - INFO - 🟨 OS programadas detectadas
2026-06-10 17:16:06,532 - INFO - ⌛ Aguardando janela de edição de OS...
2026-06-10 17:16:22,689 - INFO - 🟨 Janela de edição de OS detectada
2026-06-10 17:16:44,220 - INFO - 🟨 Janela de edição de habilidade da turma detectada
2026-06-10 17:18:02,702 - INFO - ⌛ Aguardando detecção do campo de caracteristica 'EQUIPE PRÓPRIA OU EPS' ...
2026-06-10 17:18:22,176 - INFO - 🟨 campo de caracteristica 'EQUIPE PRÓPRIA OU EPS detectado
2026-06-10 17:18:44,369 - INFO - ⌛ Aguardando confirmação 4 - editar OS...
2026-06-10 17:19:00,703 - INFO - ⌛ Aguardando confirmação 4 - editar OS...
2026-06-10 17:19:01,084 - INFO - 🟨 Identificado travamento no EQM, reiniciando contador de espera
2026-06-10 17:19:16,834 - INFO - ⌛ Aguardando confirmação 4 - editar OS...
2026-06-10 17:19:17,211 - INFO - 🟨 Identificado travamento no EQM, reiniciando contador de espera
2026-06-10 17:19:33,014 - INFO - ⌛ Aguardando confirmação 4 - editar OS...
2026-06-10 17:19:49,214 - INFO - ⌛ Aguardando confirmação 4 - editar OS...
2026-06-10 17:20:05,459 - INFO - 🟨 Janela de confirmação 4 de edição de OS detectada
2026-06-10 17:20:09,565 - INFO - 
=== rotina programar_os ===
2026-06-10 17:20:36,440 - INFO - ⌛ Aguardando janela de confirmação de programação de OS...
2026-06-10 17:21:03,215 - INFO - 🟨 Janela de confirmação de programação de OS detectada
2026-06-10 17:21:16,898 - INFO - 🟨 Janela de aviso de edição de OS programadas detectada
2026-06-10 17:21:24,137 - INFO - ⌛ aguardando janela de programação de lote de OS...
2026-06-10 17:21:50,641 - INFO - 🟨 Janela de aviso de substituição de lote de OS detectada
2026-06-10 17:22:10,769 - INFO - ⌛ aguardando janela de programação de lote de OS...
2026-06-10 17:22:37,209 - INFO - 🟨 Janela de aviso de substituição de lote de OS detectada
2026-06-10 17:22:57,323 - INFO - ⌛ aguardando janela de programação de lote de OS...
2026-06-10 17:23:23,631 - INFO - 🟨 Janela de programação de lote de OS detectada
2026-06-10 17:24:13,529 - INFO - 🟨 Janela de confirmação de programação de lote de OS detectada
2026-06-10 17:24:18,009 - INFO - ⌛ aguardando confirmação final de programação do lote
2026-06-10 17:24:44,188 - INFO - 🟨 programação do lote 18 efetuado com sucesso
2026-06-10 17:24:54,293 - INFO - 
=== Iniciando lote 19/21 [LM] ===
2026-06-10 17:24:54,293 - INFO - 
=== abrir_janela_selecao ===
2026-06-10 17:25:00,617 - INFO - 
=== rotina abrir_selecao_colar_os ===
2026-06-10 17:25:00,766 - INFO - Janela de seleção aberta
2026-06-10 17:25:05,034 - INFO - DEBUG: idx=18, inicio=450, fim=475
2026-06-10 17:25:05,034 - INFO - ✅ 25 OS copiadas para a área de transferência.
2026-06-10 17:25:05,034 - INFO - 📋 Lote 19 copiado.
2026-06-10 17:25:13,375 - INFO - ⌛ Esperando mudança visual...
2026-06-10 17:25:14,393 - INFO - ⌛ Esperando mudança visual...
2026-06-10 17:25:15,405 - INFO - ⌛ Esperando mudança visual...
2026-06-10 17:25:16,420 - INFO - ⌛ Esperando mudança visual...
2026-06-10 17:25:17,434 - INFO - ⌛ Esperando mudança visual...
2026-06-10 17:25:18,449 - INFO - ⌛ Esperando mudança visual...
2026-06-10 17:25:19,468 - INFO - ⌛ Esperando mudança visual...
2026-06-10 17:25:20,484 - INFO - ⌛ Esperando mudança visual...
2026-06-10 17:25:21,503 - INFO - ⌛ Esperando mudança visual...
2026-06-10 17:25:22,515 - INFO - ⌛ Esperando mudança visual...
2026-06-10 17:25:23,532 - INFO - ⌛ Esperando mudança visual...
2026-06-10 17:25:24,547 - INFO - ⌛ Esperando mudança visual...
2026-06-10 17:25:25,559 - INFO - ⌛ Esperando mudança visual...
2026-06-10 17:25:26,577 - INFO - ⌛ Esperando mudança visual...
2026-06-10 17:25:27,593 - INFO - ⌛ Esperando mudança visual...
2026-06-10 17:25:28,610 - INFO - ⌛ Esperando mudança visual...
2026-06-10 17:25:29,623 - INFO - ⌛ Esperando mudança visual...
2026-06-10 17:25:30,640 - INFO - ⌛ Esperando mudança visual...
2026-06-10 17:25:31,656 - INFO - ✅ Tela carregada!
2026-06-10 17:25:35,659 - INFO - 
=== rotina desbloquear_os ===
2026-06-10 17:26:02,272 - INFO - ⌛ Aguardando janela de confirmação de desbloqueio...
2026-06-10 17:26:18,340 - INFO - ⌛ Aguardando janela de confirmação de desbloqueio...
2026-06-10 17:26:34,338 - INFO - 🟨 Registros desbloqueados com sucesso
2026-06-10 17:26:38,443 - INFO - 
=== rotina editar_os ===
2026-06-10 17:26:48,098 - INFO - ⌛ Aguardando janela de edição de OS...
2026-06-10 17:27:04,231 - INFO - 🟨 OS programadas detectadas
2026-06-10 17:27:07,341 - INFO - ⌛ Aguardando janela de edição de OS...
2026-06-10 17:27:23,575 - INFO - 🟨 Janela de edição de OS detectada
2026-06-10 17:27:45,123 - INFO - 🟨 Janela de edição de habilidade da turma detectada
2026-06-10 17:29:03,419 - INFO - ⌛ Aguardando detecção do campo de caracteristica 'EQUIPE PRÓPRIA OU EPS' ...
2026-06-10 17:29:22,768 - INFO - 🟨 campo de caracteristica 'EQUIPE PRÓPRIA OU EPS detectado
2026-06-10 17:29:44,520 - INFO - ⌛ Aguardando confirmação 4 - editar OS...
2026-06-10 17:29:59,966 - INFO - ⌛ Aguardando confirmação 4 - editar OS...
2026-06-10 17:30:00,097 - INFO - 🟨 Identificado travamento no EQM, reiniciando contador de espera
2026-06-10 17:30:15,420 - INFO - ⌛ Aguardando confirmação 4 - editar OS...
2026-06-10 17:30:30,874 - INFO - 🟨 Janela de confirmação 4 de edição de OS detectada
2026-06-10 17:30:34,988 - INFO - 
=== rotina programar_os ===
2026-06-10 17:31:01,501 - INFO - ⌛ Aguardando janela de confirmação de programação de OS...
2026-06-10 17:31:26,927 - INFO - 🟨 Janela de confirmação de programação de OS detectada
2026-06-10 17:31:40,178 - INFO - 🟨 Janela de aviso de edição de OS programadas detectada
2026-06-10 17:31:47,388 - INFO - ⌛ aguardando janela de programação de lote de OS...
2026-06-10 17:32:12,950 - INFO - 🟨 Janela de aviso de substituição de lote de OS detectada
2026-06-10 17:32:33,056 - INFO - ⌛ aguardando janela de programação de lote de OS...
2026-06-10 17:32:58,588 - INFO - 🟨 Janela de programação de lote de OS detectada
2026-06-10 17:33:48,149 - INFO - 🟨 Janela de confirmação de programação de lote de OS detectada
2026-06-10 17:33:52,391 - INFO - ⌛ aguardando confirmação final de programação do lote
2026-06-10 17:34:17,974 - INFO - 🟨 programação do lote 19 efetuado com sucesso
2026-06-10 17:34:28,085 - INFO - 
=== Iniciando lote 20/21 [LM] ===
2026-06-10 17:34:28,085 - INFO - 
=== abrir_janela_selecao ===
2026-06-10 17:34:34,396 - INFO - 
=== rotina abrir_selecao_colar_os ===
2026-06-10 17:34:34,460 - INFO - Janela de seleção aberta
2026-06-10 17:34:38,680 - INFO - DEBUG: idx=19, inicio=475, fim=500
2026-06-10 17:34:38,680 - INFO - ✅ 25 OS copiadas para a área de transferência.
2026-06-10 17:34:38,680 - INFO - 📋 Lote 20 copiado.
2026-06-10 17:34:47,009 - INFO - ⌛ Esperando mudança visual...
2026-06-10 17:34:48,025 - INFO - ⌛ Esperando mudança visual...
2026-06-10 17:34:49,039 - INFO - ⌛ Esperando mudança visual...
2026-06-10 17:34:50,054 - INFO - ⌛ Esperando mudança visual...
2026-06-10 17:34:51,071 - INFO - ⌛ Esperando mudança visual...
2026-06-10 17:34:52,086 - INFO - ⌛ Esperando mudança visual...
2026-06-10 17:34:53,101 - INFO - ⌛ Esperando mudança visual...
2026-06-10 17:34:54,119 - INFO - ⌛ Esperando mudança visual...
2026-06-10 17:34:55,132 - INFO - ⌛ Esperando mudança visual...
2026-06-10 17:34:56,149 - INFO - ⌛ Esperando mudança visual...
2026-06-10 17:34:57,167 - INFO - ⌛ Esperando mudança visual...
2026-06-10 17:34:58,179 - INFO - ⌛ Esperando mudança visual...
2026-06-10 17:34:59,194 - INFO - ⌛ Esperando mudança visual...
2026-06-10 17:35:00,211 - INFO - ⌛ Esperando mudança visual...
2026-06-10 17:35:01,229 - INFO - ⌛ Esperando mudança visual...
2026-06-10 17:35:02,242 - INFO - ⌛ Esperando mudança visual...
2026-06-10 17:35:03,258 - INFO - ⌛ Esperando mudança visual...
2026-06-10 17:35:04,276 - INFO - ⌛ Esperando mudança visual...
2026-06-10 17:35:05,288 - INFO - ✅ Tela carregada!
2026-06-10 17:35:09,291 - INFO - 
=== rotina desbloquear_os ===
2026-06-10 17:35:35,770 - INFO - ⌛ Aguardando janela de confirmação de desbloqueio...
2026-06-10 17:35:51,295 - INFO - 🟨 Registros desbloqueados com sucesso
2026-06-10 17:35:55,399 - INFO - 
=== rotina editar_os ===
2026-06-10 17:36:04,834 - INFO - ⌛ Aguardando janela de edição de OS...
2026-06-10 17:36:20,354 - INFO - 🟨 OS programadas detectadas
2026-06-10 17:36:23,457 - INFO - ⌛ Aguardando janela de edição de OS...
2026-06-10 17:36:38,980 - INFO - 🟨 Janela de edição de OS detectada
2026-06-10 17:37:00,335 - INFO - 🟨 Janela de edição de habilidade da turma detectada
2026-06-10 17:38:18,796 - INFO - ⌛ Aguardando detecção do campo de caracteristica 'EQUIPE PRÓPRIA OU EPS' ...
2026-06-10 17:38:38,399 - INFO - 🟨 campo de caracteristica 'EQUIPE PRÓPRIA OU EPS detectado
2026-06-10 17:39:00,659 - INFO - ⌛ Aguardando confirmação 4 - editar OS...
2026-06-10 17:39:17,037 - INFO - ⌛ Aguardando confirmação 4 - editar OS...
2026-06-10 17:39:17,495 - INFO - 🟨 Identificado travamento no EQM, reiniciando contador de espera
2026-06-10 17:39:33,391 - INFO - ⌛ Aguardando confirmação 4 - editar OS...
2026-06-10 17:39:49,793 - INFO - 🟨 Janela de confirmação 4 de edição de OS detectada
2026-06-10 17:39:53,898 - INFO - 
=== rotina programar_os ===
2026-06-10 17:40:20,830 - INFO - ⌛ Aguardando janela de confirmação de programação de OS...
2026-06-10 17:52:00,025 - INFO - Data hoje: 10/06/2026
2026-06-10 17:52:00,026 - INFO - Data de referência: 30/06/2026
2026-06-10 17:54:21,037 - INFO - Qtde OS de LINHA VIVA: 559
2026-06-10 17:54:21,037 - INFO - Qtde OS poda de LINHA MORTA: 530
2026-06-10 17:54:21,037 - INFO - Qtde OS estrutural de LINHA MORTA : 14328
2026-06-10 17:54:21,037 - INFO - Qtde OS poda de LINHA MORTA fora carteira: 661
2026-06-10 17:54:21,037 - INFO - Qtde OS para desprogramar: 2017
2026-06-10 17:54:21,038 - INFO - 
 Qtd de lotes de LM: 22
2026-06-10 17:54:21,038 - INFO - 
 Qtd de lotes de LV: 23
2026-06-10 17:54:21,038 - INFO - 
 Qtd de lotes de ESTRUTURAL LM: 574
2026-06-10 17:54:21,038 - INFO - 
 Qtd de lotes de LEVE: 27
2026-06-10 17:54:21,038 - INFO - 
 Qtd de lotes para desprogramar: 81
2026-06-10 17:54:21,039 - INFO - 
=== Iniciando lote 20/22 [LM] ===
2026-06-10 17:54:21,039 - INFO - 
=== abrir_janela_selecao ===
2026-06-10 17:54:27,369 - INFO - 
=== rotina abrir_selecao_colar_os ===
2026-06-10 17:54:27,445 - INFO - Janela de seleção aberta
2026-06-10 17:54:31,675 - INFO - DEBUG: idx=19, inicio=475, fim=500
2026-06-10 17:54:31,677 - INFO - ✅ 25 OS copiadas para a área de transferência.
2026-06-10 17:54:31,677 - INFO - 📋 Lote 20 copiado.
2026-06-10 17:54:40,000 - INFO - ⌛ Esperando mudança visual...
2026-06-10 17:54:41,013 - INFO - ⌛ Esperando mudança visual...
2026-06-10 17:54:42,030 - INFO - ⌛ Esperando mudança visual...
2026-06-10 17:54:43,048 - INFO - ⌛ Esperando mudança visual...
2026-06-10 17:54:44,060 - INFO - ⌛ Esperando mudança visual...
2026-06-10 17:54:45,077 - INFO - ⌛ Esperando mudança visual...
2026-06-10 17:54:46,093 - INFO - ⌛ Esperando mudança visual...
2026-06-10 17:54:47,109 - INFO - ⌛ Esperando mudança visual...
2026-06-10 17:54:48,124 - INFO - ⌛ Esperando mudança visual...
2026-06-10 17:54:49,142 - INFO - ✅ Tela carregada!
2026-06-10 17:54:53,144 - INFO - 
=== rotina desbloquear_os ===
2026-06-10 17:55:19,629 - INFO - ⌛ Aguardando janela de confirmação de desbloqueio...
2026-06-10 17:55:35,031 - INFO - 🟨 Registros desbloqueados com sucesso
2026-06-10 17:55:39,144 - INFO - 
=== rotina editar_os ===
2026-06-10 17:55:48,564 - INFO - ⌛ Aguardando janela de edição de OS...
2026-06-10 17:56:03,994 - INFO - 🟨 OS programadas detectadas
2026-06-10 17:56:07,099 - INFO - ⌛ Aguardando janela de edição de OS...
2026-06-10 17:56:22,556 - INFO - 🟨 Janela de edição de OS detectada
2026-06-10 17:56:43,932 - INFO - 🟨 Janela de edição de habilidade da turma detectada
2026-06-10 17:58:02,215 - INFO - ⌛ Aguardando detecção do campo de caracteristica 'EQUIPE PRÓPRIA OU EPS' ...
2026-06-10 17:58:21,590 - INFO - 🟨 campo de caracteristica 'EQUIPE PRÓPRIA OU EPS detectado
2026-06-10 17:58:43,364 - INFO - ⌛ Aguardando confirmação 4 - editar OS...
2026-06-10 17:58:58,808 - INFO - ⌛ Aguardando confirmação 4 - editar OS...
2026-06-10 17:59:14,259 - INFO - ⌛ Aguardando confirmação 4 - editar OS...
2026-06-10 17:59:29,685 - INFO - 🟨 Janela de confirmação 4 de edição de OS detectada
2026-06-10 17:59:33,796 - INFO - 
=== rotina programar_os ===
2026-06-10 18:00:00,316 - INFO - ⌛ Aguardando janela de confirmação de programação de OS...
2026-06-10 18:00:25,751 - INFO - 🟨 Janela de confirmação de programação de OS detectada
2026-06-10 18:00:39,004 - INFO - 🟨 Janela de aviso de edição de OS programadas detectada
2026-06-10 18:00:46,211 - INFO - ⌛ aguardando janela de programação de lote de OS...
2026-06-10 18:01:11,738 - INFO - 🟨 Janela de aviso de substituição de lote de OS detectada
2026-06-10 18:01:31,841 - INFO - ⌛ aguardando janela de programação de lote de OS...
2026-06-10 18:01:57,343 - INFO - 🟨 Janela de programação de lote de OS detectada
2026-06-10 18:02:46,846 - INFO - 🟨 Janela de confirmação de programação de lote de OS detectada
2026-06-10 18:02:51,058 - INFO - ⌛ aguardando confirmação final de programação do lote
2026-06-10 18:03:16,538 - INFO - ⌛ aguardando confirmação final de programação do lote
2026-06-10 18:03:42,009 - INFO - ⌛ aguardando confirmação final de programação do lote
2026-06-10 18:04:07,479 - INFO - 🟨 programação do lote 20 efetuado com sucesso
2026-06-10 18:04:17,587 - INFO - 
=== Iniciando lote 21/22 [LM] ===
2026-06-10 18:04:17,588 - INFO - 
=== abrir_janela_selecao ===
2026-06-10 18:04:23,917 - INFO - 
=== rotina abrir_selecao_colar_os ===
2026-06-10 18:04:23,958 - INFO - Janela de seleção aberta
2026-06-10 18:04:28,200 - INFO - DEBUG: idx=20, inicio=500, fim=525
2026-06-10 18:04:28,200 - INFO - ✅ 25 OS copiadas para a área de transferência.
2026-06-10 18:04:28,200 - INFO - 📋 Lote 21 copiado.
2026-06-10 18:04:36,547 - INFO - ⌛ Esperando mudança visual...
2026-06-10 18:04:37,563 - INFO - ⌛ Esperando mudança visual...
2026-06-10 18:04:38,578 - INFO - ⌛ Esperando mudança visual...
2026-06-10 18:04:39,595 - INFO - ⌛ Esperando mudança visual...
2026-06-10 18:04:40,607 - INFO - ⌛ Esperando mudança visual...
2026-06-10 18:04:41,625 - INFO - ⌛ Esperando mudança visual...
2026-06-10 18:04:42,642 - INFO - ⌛ Esperando mudança visual...
2026-06-10 18:04:43,654 - INFO - ⌛ Esperando mudança visual...
2026-06-10 18:04:44,674 - INFO - ⌛ Esperando mudança visual...
2026-06-10 18:04:45,689 - INFO - ⌛ Esperando mudança visual...
2026-06-10 18:04:46,701 - INFO - ⌛ Esperando mudança visual...
2026-06-10 18:04:47,717 - INFO - ⌛ Esperando mudança visual...
2026-06-10 18:04:48,734 - INFO - ⌛ Esperando mudança visual...
2026-06-10 18:04:49,749 - INFO - ⌛ Esperando mudança visual...
2026-06-10 18:04:50,763 - INFO - ✅ Tela carregada!
2026-06-10 18:04:54,769 - INFO - 
=== rotina desbloquear_os ===
2026-06-10 18:05:21,251 - INFO - ⌛ Aguardando janela de confirmação de desbloqueio...
2026-06-10 18:05:36,648 - INFO - ⌛ Aguardando janela de confirmação de desbloqueio...
2026-06-10 18:05:52,033 - INFO - ⌛ Aguardando janela de confirmação de desbloqueio...
2026-06-10 18:06:07,420 - INFO - ⌛ Aguardando janela de confirmação de desbloqueio...
2026-06-10 18:06:22,822 - INFO - 🟨 Registros desbloqueados com sucesso
2026-06-10 18:06:26,926 - INFO - 
=== rotina editar_os ===
2026-06-10 18:06:36,335 - INFO - ⌛ Aguardando janela de edição de OS...
2026-06-10 18:06:51,761 - INFO - 🟨 OS programadas detectadas
2026-06-10 18:06:54,875 - INFO - ⌛ Aguardando janela de edição de OS...
2026-06-10 18:07:10,353 - INFO - 🟨 Janela de edição de OS detectada
2026-06-10 18:07:31,705 - INFO - 🟨 Janela de edição de habilidade da turma detectada
2026-06-10 18:08:50,042 - INFO - ⌛ Aguardando detecção do campo de caracteristica 'EQUIPE PRÓPRIA OU EPS' ...
2026-06-10 18:09:09,403 - INFO - 🟨 campo de caracteristica 'EQUIPE PRÓPRIA OU EPS detectado
2026-06-10 18:09:31,210 - INFO - ⌛ Aguardando confirmação 4 - editar OS...
2026-06-10 18:09:46,689 - INFO - ⌛ Aguardando confirmação 4 - editar OS...
2026-06-10 18:09:46,840 - INFO - 🟨 Identificado travamento no EQM, reiniciando contador de espera
2026-06-10 18:10:02,213 - INFO - ⌛ Aguardando confirmação 4 - editar OS...
2026-06-10 18:10:17,682 - INFO - ⌛ Aguardando confirmação 4 - editar OS...
2026-06-10 18:10:33,239 - INFO - ⌛ Aguardando confirmação 4 - editar OS...
2026-06-10 18:10:48,733 - INFO - 🟨 Janela de confirmação 4 de edição de OS detectada
2026-06-10 18:10:52,844 - INFO - 
=== rotina programar_os ===
2026-06-10 18:11:19,397 - INFO - ⌛ Aguardando janela de confirmação de programação de OS...
2026-06-10 18:11:44,906 - INFO - 🟨 Janela de confirmação de programação de OS detectada
2026-06-10 18:11:58,159 - INFO - 🟨 Janela de aviso de edição de OS programadas detectada
2026-06-10 18:12:05,393 - INFO - ⌛ aguardando janela de programação de lote de OS...
2026-06-10 18:12:30,888 - INFO - 🟨 Janela de aviso de substituição de lote de OS detectada
2026-06-10 18:12:50,991 - INFO - ⌛ aguardando janela de programação de lote de OS...
2026-06-10 18:13:16,527 - INFO - 🟨 Janela de aviso de substituição de lote de OS detectada
2026-06-10 18:13:36,646 - INFO - ⌛ aguardando janela de programação de lote de OS...
2026-06-10 18:13:36,784 - INFO - 🟨 Identificado travamento no EQM, reiniciando contador de espera
2026-06-10 18:14:02,154 - INFO - 🟨 Janela de programação de lote de OS detectada
2026-06-10 18:14:51,681 - INFO - 🟨 Janela de confirmação de programação de lote de OS detectada
2026-06-10 18:14:55,897 - INFO - ⌛ aguardando confirmação final de programação do lote
2026-06-10 18:15:21,365 - INFO - 🟨 programação do lote 21 efetuado com sucesso
2026-06-10 18:15:31,473 - INFO - 
=== Iniciando lote 22/22 [LM] ===
2026-06-10 18:15:31,473 - INFO - 
=== abrir_janela_selecao ===
2026-06-10 18:15:37,781 - INFO - 
=== rotina abrir_selecao_colar_os ===
2026-06-10 18:15:37,837 - INFO - Janela de seleção aberta
2026-06-10 18:15:42,060 - INFO - DEBUG: idx=21, inicio=525, fim=550
2026-06-10 18:15:42,060 - INFO - ✅ 5 OS copiadas para a área de transferência.
2026-06-10 18:15:42,060 - INFO - 📋 Lote 22 copiado.
2026-06-10 18:15:50,398 - INFO - ⌛ Esperando mudança visual...
2026-06-10 18:15:51,418 - INFO - ⌛ Esperando mudança visual...
2026-06-10 18:15:52,434 - INFO - ⌛ Esperando mudança visual...
2026-06-10 18:15:53,447 - INFO - ⌛ Esperando mudança visual...
2026-06-10 18:15:54,460 - INFO - ⌛ Esperando mudança visual...
2026-06-10 18:15:55,479 - INFO - ⌛ Esperando mudança visual...
2026-06-10 18:15:56,496 - INFO - ⌛ Esperando mudança visual...
2026-06-10 18:15:57,506 - INFO - ⌛ Esperando mudança visual...
2026-06-10 18:15:58,526 - INFO - ⌛ Esperando mudança visual...
2026-06-10 18:15:59,539 - INFO - ⌛ Esperando mudança visual...
2026-06-10 18:16:00,555 - INFO - ✅ Tela carregada!
2026-06-10 18:16:04,561 - INFO - 
=== rotina desbloquear_os ===
2026-06-10 18:16:31,040 - INFO - ⌛ Aguardando janela de confirmação de desbloqueio...
2026-06-10 18:16:46,438 - INFO - 🟨 Registros desbloqueados com sucesso
2026-06-10 18:16:50,542 - INFO - 
=== rotina editar_os ===
2026-06-10 18:16:59,956 - INFO - 🟨 OS programadas detectadas
2026-06-10 18:17:03,059 - INFO - ⌛ Aguardando janela de edição de OS...
2026-06-10 18:17:18,518 - INFO - 🟨 Janela de edição de OS detectada
2026-06-10 18:17:39,881 - INFO - 🟨 Janela de edição de habilidade da turma detectada
2026-06-10 18:18:58,188 - INFO - ⌛ Aguardando detecção do campo de caracteristica 'EQUIPE PRÓPRIA OU EPS' ...
2026-06-10 18:19:17,536 - INFO - 🟨 campo de caracteristica 'EQUIPE PRÓPRIA OU EPS detectado
2026-06-10 18:19:39,300 - INFO - ⌛ Aguardando confirmação 4 - editar OS...
2026-06-10 18:19:54,713 - INFO - 🟨 Janela de confirmação 4 de edição de OS detectada
2026-06-10 18:19:58,822 - INFO - 
=== rotina programar_os ===
2026-06-10 18:20:25,354 - INFO - ⌛ Aguardando janela de confirmação de programação de OS...
2026-06-10 18:20:50,778 - INFO - 🟨 Janela de confirmação de programação de OS detectada
2026-06-10 18:21:04,029 - INFO - 🟨 Janela de aviso de edição de OS programadas detectada
2026-06-10 18:21:11,237 - INFO - ⌛ aguardando janela de programação de lote de OS...
2026-06-10 18:21:36,832 - INFO - 🟨 Janela de aviso de substituição de lote de OS detectada
2026-06-10 18:21:56,938 - INFO - ⌛ aguardando janela de programação de lote de OS...
2026-06-10 18:22:22,439 - INFO - 🟨 Janela de programação de lote de OS detectada
2026-06-10 18:23:11,973 - INFO - 🟨 Janela de confirmação de programação de lote de OS detectada
2026-06-10 18:23:16,203 - INFO - ⌛ aguardando confirmação final de programação do lote
2026-06-10 18:23:41,656 - INFO - 🟨 programação do lote 22 efetuado com sucesso
2026-06-10 18:23:51,769 - INFO - 
=== Iniciando lote 1/574 [REDES] ===
2026-06-10 18:23:51,769 - INFO - 
=== abrir_janela_selecao ===
2026-06-10 18:23:58,082 - INFO - 
=== rotina abrir_selecao_colar_os ===
2026-06-10 18:23:58,122 - INFO - Janela de seleção aberta
2026-06-10 18:24:02,364 - INFO - DEBUG: idx=0, inicio=0, fim=25
2026-06-10 18:24:02,364 - INFO - ✅ 25 OS copiadas para a área de transferência.
2026-06-10 18:24:02,364 - INFO - 📋 Lote 1 copiado.
2026-06-10 18:24:10,692 - INFO - ⌛ Esperando mudança visual...
2026-06-10 18:24:11,703 - INFO - ⌛ Esperando mudança visual...
2026-06-10 18:24:12,723 - INFO - ⌛ Esperando mudança visual...
2026-06-10 18:24:13,738 - INFO - ⌛ Esperando mudança visual...
2026-06-10 18:24:14,752 - INFO - ⌛ Esperando mudança visual...
2026-06-10 18:24:15,770 - INFO - ⌛ Esperando mudança visual...
2026-06-10 18:24:16,785 - INFO - ⌛ Esperando mudança visual...
2026-06-10 18:24:17,798 - INFO - ⌛ Esperando mudança visual...
2026-06-10 18:24:18,816 - INFO - ⌛ Esperando mudança visual...
2026-06-10 18:24:19,833 - INFO - ⌛ Esperando mudança visual...
2026-06-10 18:24:20,845 - INFO - ✅ Tela carregada!
2026-06-10 18:24:24,851 - INFO - 
=== rotina desbloquear_os ===
2026-06-10 18:24:51,331 - INFO - ⌛ Aguardando janela de confirmação de desbloqueio...
2026-06-10 18:25:06,736 - INFO - ⌛ Aguardando janela de confirmação de desbloqueio...
2026-06-10 18:25:22,133 - INFO - ⌛ Aguardando janela de confirmação de desbloqueio...
2026-06-10 18:25:37,537 - INFO - 🟨 Registros desbloqueados com sucesso
2026-06-10 18:25:41,641 - INFO - 
=== rotina editar_os ===
2026-06-10 18:25:51,062 - INFO - ⌛ Aguardando janela de edição de OS...
2026-06-10 18:26:06,484 - INFO - 🟨 OS programadas detectadas
2026-06-10 18:26:09,587 - INFO - ⌛ Aguardando janela de edição de OS...
2026-06-10 18:26:25,049 - INFO - 🟨 Janela de edição de OS detectada
2026-06-10 18:26:46,409 - INFO - 🟨 Janela de edição de habilidade da turma detectada
2026-06-10 18:28:04,735 - INFO - ⌛ Aguardando detecção do campo de caracteristica 'EQUIPE PRÓPRIA OU EPS' ...
2026-06-10 18:28:24,096 - INFO - 🟨 campo de caracteristica 'EQUIPE PRÓPRIA OU EPS detectado
2026-06-10 18:28:45,852 - INFO - ⌛ Aguardando confirmação 4 - editar OS...
2026-06-10 18:29:01,308 - INFO - ⌛ Aguardando confirmação 4 - editar OS...
2026-06-10 18:29:01,423 - INFO - 🟨 Identificado travamento no EQM, reiniciando contador de espera
2026-06-10 18:29:16,732 - INFO - ⌛ Aguardando confirmação 4 - editar OS...
2026-06-10 18:29:32,156 - INFO - ⌛ Aguardando confirmação 4 - editar OS...
2026-06-10 18:29:47,604 - INFO - ⌛ Aguardando confirmação 4 - editar OS...
2026-06-10 18:30:03,031 - INFO - 🟨 Janela de confirmação 4 de edição de OS detectada
2026-06-10 18:30:07,139 - INFO - 
=== rotina programar_os ===
2026-06-10 18:30:33,650 - INFO - ⌛ Aguardando janela de confirmação de programação de OS...
2026-06-10 18:30:59,080 - INFO - 🟨 Janela de confirmação de programação de OS detectada
2026-06-10 18:31:12,349 - INFO - 🟨 Janela de aviso de edição de OS programadas detectada
2026-06-10 18:31:19,557 - INFO - ⌛ aguardando janela de programação de lote de OS...
2026-06-10 18:31:45,156 - INFO - 🟨 Janela de aviso de substituição de lote de OS detectada
2026-06-10 18:32:05,259 - INFO - ⌛ aguardando janela de programação de lote de OS...
2026-06-10 18:32:30,770 - INFO - 🟨 Janela de programação de lote de OS detectada
2026-06-10 18:33:20,347 - INFO - 🟨 Janela de confirmação de programação de lote de OS detectada
2026-06-10 18:33:24,570 - INFO - ⌛ aguardando confirmação final de programação do lote
2026-06-10 18:33:50,052 - INFO - 🟨 programação do lote 1 efetuado com sucesso
2026-06-10 18:34:00,161 - INFO - 
=== Iniciando lote 2/574 [REDES] ===
2026-06-10 18:34:00,161 - INFO - 
=== abrir_janela_selecao ===
2026-06-10 18:34:06,481 - INFO - 
=== rotina abrir_selecao_colar_os ===
2026-06-10 18:34:06,521 - INFO - Janela de seleção aberta
2026-06-10 18:34:10,769 - INFO - DEBUG: idx=1, inicio=25, fim=50
2026-06-10 18:34:10,769 - INFO - ✅ 25 OS copiadas para a área de transferência.
2026-06-10 18:34:10,769 - INFO - 📋 Lote 2 copiado.
2026-06-10 18:34:19,093 - INFO - ⌛ Esperando mudança visual...
2026-06-10 18:34:20,106 - INFO - ⌛ Esperando mudança visual...
2026-06-10 18:34:21,126 - INFO - ⌛ Esperando mudança visual...
2026-06-10 18:34:22,141 - INFO - ⌛ Esperando mudança visual...
2026-06-10 18:34:23,153 - INFO - ⌛ Esperando mudança visual...
2026-06-10 18:34:24,173 - INFO - ⌛ Esperando mudança visual...
2026-06-10 18:34:25,187 - INFO - ⌛ Esperando mudança visual...
2026-06-10 18:34:26,200 - INFO - ⌛ Esperando mudança visual...
2026-06-10 18:34:27,218 - INFO - ⌛ Esperando mudança visual...
2026-06-10 18:34:28,236 - INFO - ⌛ Esperando mudança visual...
2026-06-10 18:34:29,247 - INFO - ⌛ Esperando mudança visual...
2026-06-10 18:34:30,266 - INFO - ⌛ Esperando mudança visual...
2026-06-10 18:34:31,280 - INFO - ⌛ Esperando mudança visual...
2026-06-10 18:34:32,296 - INFO - ⌛ Esperando mudança visual...
2026-06-10 18:34:33,312 - INFO - ✅ Tela carregada!
2026-06-10 18:34:37,313 - INFO - 
=== rotina desbloquear_os ===
2026-06-10 18:35:03,785 - INFO - ⌛ Aguardando janela de confirmação de desbloqueio...
2026-06-10 18:35:19,181 - INFO - ⌛ Aguardando janela de confirmação de desbloqueio...
2026-06-10 18:35:34,596 - INFO - 🟨 Registros desbloqueados com sucesso
2026-06-10 18:35:38,700 - INFO - 
=== rotina editar_os ===
2026-06-10 18:35:48,120 - INFO - ⌛ Aguardando janela de edição de OS...
2026-06-10 18:36:03,630 - INFO - 🟨 OS programadas detectadas
2026-06-10 18:36:06,733 - INFO - ⌛ Aguardando janela de edição de OS...
2026-06-10 18:36:22,180 - INFO - 🟨 Janela de edição de OS detectada
2026-06-10 18:36:43,540 - INFO - 🟨 Janela de edição de habilidade da turma detectada
2026-06-10 18:38:01,848 - INFO - ⌛ Aguardando detecção do campo de caracteristica 'EQUIPE PRÓPRIA OU EPS' ...
2026-06-10 18:38:21,202 - INFO - 🟨 campo de caracteristica 'EQUIPE PRÓPRIA OU EPS detectado
2026-06-10 18:38:42,998 - INFO - ⌛ Aguardando confirmação 4 - editar OS...
2026-06-10 18:38:58,449 - INFO - ⌛ Aguardando confirmação 4 - editar OS...
2026-06-10 18:38:58,571 - INFO - 🟨 Identificado travamento no EQM, reiniciando contador de espera
2026-06-10 18:39:13,895 - INFO - ⌛ Aguardando confirmação 4 - editar OS...
2026-06-10 18:39:29,346 - INFO - 🟨 Janela de confirmação 4 de edição de OS detectada
2026-06-10 18:39:33,448 - INFO - 
=== rotina programar_os ===
2026-06-10 18:39:59,955 - INFO - ⌛ Aguardando janela de confirmação de programação de OS...
2026-06-10 18:40:25,390 - INFO - 🟨 Janela de confirmação de programação de OS detectada
2026-06-10 18:40:38,656 - INFO - 🟨 Janela de aviso de edição de OS programadas detectada
2026-06-10 18:40:45,867 - INFO - ⌛ aguardando janela de programação de lote de OS...
2026-06-10 18:41:11,394 - INFO - 🟨 Janela de aviso de substituição de lote de OS detectada
2026-06-10 18:41:31,500 - INFO - ⌛ aguardando janela de programação de lote de OS...
2026-06-10 18:41:57,015 - INFO - 🟨 Janela de programação de lote de OS detectada
2026-06-10 18:42:46,534 - INFO - 🟨 Janela de confirmação de programação de lote de OS detectada
2026-06-10 18:42:50,748 - INFO - ⌛ aguardando confirmação final de programação do lote
2026-06-10 18:43:16,222 - INFO - 🟨 programação do lote 2 efetuado com sucesso
2026-06-10 18:43:26,326 - INFO - 
=== Iniciando lote 3/574 [REDES] ===
2026-06-10 18:43:26,327 - INFO - 
=== abrir_janela_selecao ===
2026-06-10 18:43:32,635 - INFO - 
=== rotina abrir_selecao_colar_os ===
2026-06-10 18:43:32,688 - INFO - Janela de seleção aberta
2026-06-10 18:43:36,910 - INFO - DEBUG: idx=2, inicio=50, fim=75
2026-06-10 18:43:36,910 - INFO - ✅ 25 OS copiadas para a área de transferência.
2026-06-10 18:43:36,911 - INFO - 📋 Lote 3 copiado.
2026-06-10 18:43:45,237 - INFO - ⌛ Esperando mudança visual...
2026-06-10 18:43:46,253 - INFO - ⌛ Esperando mudança visual...
2026-06-10 18:43:47,268 - INFO - ⌛ Esperando mudança visual...
2026-06-10 18:43:48,281 - INFO - ⌛ Esperando mudança visual...
2026-06-10 18:43:49,296 - INFO - ⌛ Esperando mudança visual...
2026-06-10 18:43:50,314 - INFO - ⌛ Esperando mudança visual...
2026-06-10 18:43:51,328 - INFO - ⌛ Esperando mudança visual...
2026-06-10 18:43:52,343 - INFO - ⌛ Esperando mudança visual...
2026-06-10 18:43:53,361 - INFO - ⌛ Esperando mudança visual...
2026-06-10 18:43:54,377 - INFO - ⌛ Esperando mudança visual...
2026-06-10 18:43:55,391 - INFO - ✅ Tela carregada!
2026-06-10 18:43:59,396 - INFO - 
=== rotina desbloquear_os ===
2026-06-10 18:44:25,850 - INFO - ⌛ Aguardando janela de confirmação de desbloqueio...
2026-06-10 18:44:41,228 - INFO - 🟨 Registros desbloqueados com sucesso
2026-06-10 18:44:45,331 - INFO - 
=== rotina editar_os ===
2026-06-10 18:44:54,749 - INFO - ⌛ Aguardando janela de edição de OS...
2026-06-10 18:45:10,177 - INFO - 🟨 OS programadas detectadas
2026-06-10 18:45:13,280 - INFO - ⌛ Aguardando janela de edição de OS...
2026-06-10 18:45:28,725 - INFO - 🟨 Janela de edição de OS detectada
2026-06-10 18:45:50,088 - INFO - 🟨 Janela de edição de habilidade da turma detectada
2026-06-10 18:47:08,401 - INFO - ⌛ Aguardando detecção do campo de caracteristica 'EQUIPE PRÓPRIA OU EPS' ...
2026-06-10 18:47:27,748 - INFO - 🟨 campo de caracteristica 'EQUIPE PRÓPRIA OU EPS detectado
2026-06-10 18:47:49,516 - INFO - ⌛ Aguardando confirmação 4 - editar OS...
2026-06-10 18:48:04,962 - INFO - ⌛ Aguardando confirmação 4 - editar OS...
2026-06-10 18:48:05,095 - INFO - 🟨 Identificado travamento no EQM, reiniciando contador de espera
2026-06-10 18:48:20,424 - INFO - ⌛ Aguardando confirmação 4 - editar OS...
2026-06-10 18:48:35,848 - INFO - 🟨 Janela de confirmação 4 de edição de OS detectada
2026-06-10 18:48:39,961 - INFO - 
=== rotina programar_os ===
2026-06-10 18:49:06,473 - INFO - ⌛ Aguardando janela de confirmação de programação de OS...
2026-06-10 18:49:31,937 - INFO - 🟨 Janela de confirmação de programação de OS detectada
2026-06-10 18:49:45,197 - INFO - 🟨 Janela de aviso de edição de OS programadas detectada
2026-06-10 18:49:52,411 - INFO - ⌛ aguardando janela de programação de lote de OS...
2026-06-10 18:50:17,903 - INFO - 🟨 Janela de aviso de substituição de lote de OS detectada
2026-06-10 18:50:38,011 - INFO - ⌛ aguardando janela de programação de lote de OS...
2026-06-10 18:51:03,508 - INFO - 🟨 Janela de programação de lote de OS detectada
2026-06-10 18:51:53,030 - INFO - 🟨 Janela de confirmação de programação de lote de OS detectada
2026-06-10 18:51:57,227 - INFO - ⌛ aguardando confirmação final de programação do lote
2026-06-10 18:52:22,665 - INFO - 🟨 programação do lote 3 efetuado com sucesso
2026-06-10 18:52:32,769 - INFO - 
=== Iniciando lote 4/574 [REDES] ===
2026-06-10 18:52:32,770 - INFO - 
=== abrir_janela_selecao ===
2026-06-10 18:52:39,077 - INFO - 
=== rotina abrir_selecao_colar_os ===
2026-06-10 18:52:39,134 - INFO - Janela de seleção aberta
2026-06-10 18:52:43,355 - INFO - DEBUG: idx=3, inicio=75, fim=100
2026-06-10 18:52:43,356 - INFO - ✅ 25 OS copiadas para a área de transferência.
2026-06-10 18:52:43,356 - INFO - 📋 Lote 4 copiado.
2026-06-10 18:52:51,685 - INFO - ⌛ Esperando mudança visual...
2026-06-10 18:52:52,699 - INFO - ⌛ Esperando mudança visual...
2026-06-10 18:52:53,713 - INFO - ⌛ Esperando mudança visual...
2026-06-10 18:52:54,730 - INFO - ⌛ Esperando mudança visual...
2026-06-10 18:52:55,746 - INFO - ⌛ Esperando mudança visual...
2026-06-10 18:52:56,762 - INFO - ⌛ Esperando mudança visual...
2026-06-10 18:52:57,777 - INFO - ⌛ Esperando mudança visual...
2026-06-10 18:52:58,789 - INFO - ⌛ Esperando mudança visual...
2026-06-10 18:52:59,808 - INFO - ⌛ Esperando mudança visual...
2026-06-10 18:53:00,825 - INFO - ⌛ Esperando mudança visual...
2026-06-10 18:53:01,841 - INFO - ✅ Tela carregada!
2026-06-10 18:53:05,842 - INFO - 
=== rotina desbloquear_os ===
2026-06-10 18:53:32,290 - INFO - ⌛ Aguardando janela de confirmação de desbloqueio...
2026-06-10 18:53:47,692 - INFO - 🟨 Registros desbloqueados com sucesso
2026-06-10 18:53:51,796 - INFO - 
=== rotina editar_os ===
2026-06-10 18:54:01,223 - INFO - ⌛ Aguardando janela de edição de OS...
2026-06-10 18:54:16,696 - INFO - 🟨 OS programadas detectadas
2026-06-10 18:54:19,809 - INFO - ⌛ Aguardando janela de edição de OS...
2026-06-10 18:54:35,250 - INFO - 🟨 Janela de edição de OS detectada
2026-06-10 18:54:56,616 - INFO - 🟨 Janela de edição de habilidade da turma detectada
2026-06-10 18:56:14,921 - INFO - ⌛ Aguardando detecção do campo de caracteristica 'EQUIPE PRÓPRIA OU EPS' ...
2026-06-10 18:56:34,268 - INFO - 🟨 campo de caracteristica 'EQUIPE PRÓPRIA OU EPS detectado
2026-06-10 18:56:56,046 - INFO - ⌛ Aguardando confirmação 4 - editar OS...
2026-06-10 18:57:11,489 - INFO - ⌛ Aguardando confirmação 4 - editar OS...
2026-06-10 18:57:26,944 - INFO - ⌛ Aguardando confirmação 4 - editar OS...
2026-06-10 18:57:42,388 - INFO - 🟨 Janela de confirmação 4 de edição de OS detectada
2026-06-10 18:57:46,490 - INFO - 
=== rotina programar_os ===
2026-06-10 18:58:13,023 - INFO - ⌛ Aguardando janela de confirmação de programação de OS...
2026-06-10 18:58:38,462 - INFO - 🟨 Janela de confirmação de programação de OS detectada
2026-06-10 18:58:51,735 - INFO - 🟨 Janela de aviso de edição de OS programadas detectada
2026-06-10 18:58:58,941 - INFO - ⌛ aguardando janela de programação de lote de OS...
2026-06-10 18:59:24,438 - INFO - 🟨 Janela de aviso de substituição de lote de OS detectada
2026-06-10 18:59:44,542 - INFO - ⌛ aguardando janela de programação de lote de OS...
2026-06-10 19:00:10,042 - INFO - 🟨 Janela de programação de lote de OS detectada
2026-06-10 19:00:59,550 - INFO - 🟨 Janela de confirmação de programação de lote de OS detectada
2026-06-10 19:01:03,789 - INFO - ⌛ aguardando confirmação final de programação do lote
2026-06-10 19:01:29,231 - INFO - 🟨 programação do lote 4 efetuado com sucesso
2026-06-10 19:01:39,335 - INFO - 
=== Iniciando lote 5/574 [REDES] ===
2026-06-10 19:01:39,336 - INFO - 
=== abrir_janela_selecao ===
2026-06-10 19:01:45,653 - INFO - 
=== rotina abrir_selecao_colar_os ===
2026-06-10 19:01:45,710 - INFO - Janela de seleção aberta
2026-06-10 19:01:49,940 - INFO - DEBUG: idx=4, inicio=100, fim=125
2026-06-10 19:01:49,941 - INFO - ✅ 25 OS copiadas para a área de transferência.
2026-06-10 19:01:49,941 - INFO - 📋 Lote 5 copiado.
2026-06-10 19:01:58,262 - INFO - ⌛ Esperando mudança visual...
2026-06-10 19:01:59,278 - INFO - ⌛ Esperando mudança visual...
2026-06-10 19:02:00,291 - INFO - ⌛ Esperando mudança visual...
2026-06-10 19:02:01,309 - INFO - ⌛ Esperando mudança visual...
2026-06-10 19:02:02,326 - INFO - ⌛ Esperando mudança visual...
2026-06-10 19:02:03,338 - INFO - ⌛ Esperando mudança visual...
2026-06-10 19:02:04,357 - INFO - ⌛ Esperando mudança visual...
2026-06-10 19:02:05,373 - INFO - ⌛ Esperando mudança visual...
2026-06-10 19:02:06,386 - INFO - ⌛ Esperando mudança visual...
2026-06-10 19:02:07,400 - INFO - ✅ Tela carregada!
2026-06-10 19:02:11,405 - INFO - 
=== rotina desbloquear_os ===
2026-06-10 19:02:37,862 - INFO - ⌛ Aguardando janela de confirmação de desbloqueio...
2026-06-10 19:02:53,237 - INFO - 🟨 Registros desbloqueados com sucesso
2026-06-10 19:02:57,343 - INFO - 
=== rotina editar_os ===
2026-06-10 19:03:06,742 - INFO - ⌛ Aguardando janela de edição de OS...
2026-06-10 19:03:22,169 - INFO - 🟨 OS programadas detectadas
2026-06-10 19:03:25,272 - INFO - ⌛ Aguardando janela de edição de OS...
2026-06-10 19:03:40,718 - INFO - 🟨 Janela de edição de OS detectada
2026-06-10 19:04:02,087 - INFO - 🟨 Janela de edição de habilidade da turma detectada
2026-06-10 19:05:20,401 - INFO - ⌛ Aguardando detecção do campo de caracteristica 'EQUIPE PRÓPRIA OU EPS' ...
2026-06-10 19:05:39,741 - INFO - 🟨 campo de caracteristica 'EQUIPE PRÓPRIA OU EPS detectado
2026-06-10 19:06:01,530 - INFO - ⌛ Aguardando confirmação 4 - editar OS...
2026-06-10 19:06:16,968 - INFO - ⌛ Aguardando confirmação 4 - editar OS...
2026-06-10 19:06:32,437 - INFO - ⌛ Aguardando confirmação 4 - editar OS...
2026-06-10 19:06:47,885 - INFO - 🟨 Janela de confirmação 4 de edição de OS detectada
2026-06-10 19:06:51,987 - INFO - 
=== rotina programar_os ===
2026-06-10 19:07:18,517 - INFO - ⌛ Aguardando janela de confirmação de programação de OS...
2026-06-10 19:07:43,941 - INFO - 🟨 Janela de confirmação de programação de OS detectada
2026-06-10 19:07:57,193 - INFO - 🟨 Janela de aviso de edição de OS programadas detectada
2026-06-10 19:08:04,423 - INFO - ⌛ aguardando janela de programação de lote de OS...
2026-06-10 19:08:29,933 - INFO - 🟨 Janela de aviso de substituição de lote de OS detectada
2026-06-10 19:08:50,037 - INFO - ⌛ aguardando janela de programação de lote de OS...
2026-06-10 19:09:15,546 - INFO - 🟨 Janela de programação de lote de OS detectada
2026-06-10 19:10:05,047 - INFO - 🟨 Janela de confirmação de programação de lote de OS detectada
2026-06-10 19:10:09,269 - INFO - ⌛ aguardando confirmação final de programação do lote
2026-06-10 19:10:34,727 - INFO - 🟨 programação do lote 5 efetuado com sucesso
2026-06-10 19:10:44,831 - INFO - 
=== Iniciando lote 6/574 [REDES] ===
2026-06-10 19:10:44,831 - INFO - 
=== abrir_janela_selecao ===
2026-06-10 19:10:51,146 - INFO - 
=== rotina abrir_selecao_colar_os ===
2026-06-10 19:10:51,192 - INFO - Janela de seleção aberta
2026-06-10 19:10:55,413 - INFO - DEBUG: idx=5, inicio=125, fim=150
2026-06-10 19:10:55,413 - INFO - ✅ 25 OS copiadas para a área de transferência.
2026-06-10 19:10:55,413 - INFO - 📋 Lote 6 copiado.
2026-06-10 19:11:03,744 - INFO - ⌛ Esperando mudança visual...
2026-06-10 19:11:04,758 - INFO - ⌛ Esperando mudança visual...
2026-06-10 19:11:05,773 - INFO - ⌛ Esperando mudança visual...
2026-06-10 19:11:06,789 - INFO - ⌛ Esperando mudança visual...
2026-06-10 19:11:07,805 - INFO - ⌛ Esperando mudança visual...
2026-06-10 19:11:08,821 - INFO - ⌛ Esperando mudança visual...
2026-06-10 19:11:09,834 - INFO - ⌛ Esperando mudança visual...
2026-06-10 19:11:10,851 - INFO - ⌛ Esperando mudança visual...
2026-06-10 19:11:11,868 - INFO - ⌛ Esperando mudança visual...
2026-06-10 19:11:12,884 - INFO - ⌛ Esperando mudança visual...
2026-06-10 19:11:13,896 - INFO - ✅ Tela carregada!
2026-06-10 19:11:17,904 - INFO - 
=== rotina desbloquear_os ===
2026-06-10 19:11:44,383 - INFO - ⌛ Aguardando janela de confirmação de desbloqueio...
2026-06-10 19:11:59,803 - INFO - 🟨 Registros desbloqueados com sucesso
2026-06-10 19:12:03,907 - INFO - 
=== rotina editar_os ===
2026-06-10 19:12:13,311 - INFO - ⌛ Aguardando janela de edição de OS...
2026-06-10 19:12:28,755 - INFO - 🟨 OS programadas detectadas
2026-06-10 19:12:31,859 - INFO - ⌛ Aguardando janela de edição de OS...
2026-06-10 19:12:47,311 - INFO - 🟨 Janela de edição de OS detectada
2026-06-10 19:13:08,676 - INFO - 🟨 Janela de edição de habilidade da turma detectada
2026-06-10 19:14:26,982 - INFO - ⌛ Aguardando detecção do campo de caracteristica 'EQUIPE PRÓPRIA OU EPS' ...
2026-06-10 19:14:46,328 - INFO - 🟨 campo de caracteristica 'EQUIPE PRÓPRIA OU EPS detectado
2026-06-10 19:15:08,083 - INFO - ⌛ Aguardando confirmação 4 - editar OS...
2026-06-10 19:15:23,515 - INFO - ⌛ Aguardando confirmação 4 - editar OS...
2026-06-10 19:15:38,936 - INFO - ⌛ Aguardando confirmação 4 - editar OS...
2026-06-10 19:15:54,381 - INFO - 🟨 Janela de confirmação 4 de edição de OS detectada
2026-06-10 19:15:58,483 - INFO - 
=== rotina programar_os ===
2026-06-10 19:16:24,996 - INFO - ⌛ Aguardando janela de confirmação de programação de OS...
2026-06-10 19:16:50,427 - INFO - 🟨 Janela de confirmação de programação de OS detectada
2026-06-10 19:17:03,678 - INFO - 🟨 Janela de aviso de edição de OS programadas detectada
2026-06-10 19:17:10,883 - INFO - ⌛ aguardando janela de programação de lote de OS...
2026-06-10 19:17:36,381 - INFO - 🟨 Janela de aviso de substituição de lote de OS detectada
2026-06-10 19:17:56,484 - INFO - ⌛ aguardando janela de programação de lote de OS...
2026-06-10 19:18:21,985 - INFO - 🟨 Janela de programação de lote de OS detectada
2026-06-10 19:19:11,488 - INFO - 🟨 Janela de confirmação de programação de lote de OS detectada
2026-06-10 19:19:15,732 - INFO - ⌛ aguardando confirmação final de programação do lote
2026-06-10 19:19:41,187 - INFO - 🟨 programação do lote 6 efetuado com sucesso
2026-06-10 19:19:51,295 - INFO - 
=== Iniciando lote 7/574 [REDES] ===
2026-06-10 19:19:51,295 - INFO - 
=== abrir_janela_selecao ===
2026-06-10 19:19:57,603 - INFO - 
=== rotina abrir_selecao_colar_os ===
2026-06-10 19:19:57,659 - INFO - Janela de seleção aberta
2026-06-10 19:20:01,880 - INFO - DEBUG: idx=6, inicio=150, fim=175
2026-06-10 19:20:01,880 - INFO - ✅ 25 OS copiadas para a área de transferência.
2026-06-10 19:20:01,880 - INFO - 📋 Lote 7 copiado.
2026-06-10 19:20:10,205 - INFO - ⌛ Esperando mudança visual...
2026-06-10 19:20:11,223 - INFO - ⌛ Esperando mudança visual...
2026-06-10 19:20:12,234 - INFO - ⌛ Esperando mudança visual...
2026-06-10 19:20:13,254 - INFO - ⌛ Esperando mudança visual...
2026-06-10 19:20:14,270 - INFO - ⌛ Esperando mudança visual...
2026-06-10 19:20:15,281 - INFO - ⌛ Esperando mudança visual...
2026-06-10 19:20:16,297 - INFO - ⌛ Esperando mudança visual...
2026-06-10 19:20:17,315 - INFO - ⌛ Esperando mudança visual...
2026-06-10 19:20:18,329 - INFO - ⌛ Esperando mudança visual...
2026-06-10 19:20:19,348 - INFO - ✅ Tela carregada!
2026-06-10 19:20:23,350 - INFO - 
=== rotina desbloquear_os ===
2026-06-10 19:20:49,811 - INFO - ⌛ Aguardando janela de confirmação de desbloqueio...
2026-06-10 19:21:05,197 - INFO - 🟨 Registros desbloqueados com sucesso
2026-06-10 19:21:09,302 - INFO - 
=== rotina editar_os ===
2026-06-10 19:21:18,739 - INFO - ⌛ Aguardando janela de edição de OS...
2026-06-10 19:21:34,210 - INFO - 🟨 OS programadas detectadas
2026-06-10 19:21:37,320 - INFO - ⌛ Aguardando janela de edição de OS...
2026-06-10 19:21:52,784 - INFO - 🟨 Janela de edição de OS detectada
2026-06-10 19:22:14,157 - INFO - 🟨 Janela de edição de habilidade da turma detectada
2026-06-10 19:23:32,464 - INFO - ⌛ Aguardando detecção do campo de caracteristica 'EQUIPE PRÓPRIA OU EPS' ...
2026-06-10 19:23:51,827 - INFO - 🟨 campo de caracteristica 'EQUIPE PRÓPRIA OU EPS detectado
2026-06-10 19:24:13,602 - INFO - ⌛ Aguardando confirmação 4 - editar OS...
2026-06-10 19:24:29,064 - INFO - ⌛ Aguardando confirmação 4 - editar OS...
2026-06-10 19:24:44,518 - INFO - ⌛ Aguardando confirmação 4 - editar OS...
2026-06-10 19:24:59,977 - INFO - 🟨 Janela de confirmação 4 de edição de OS detectada
2026-06-10 19:25:04,080 - INFO - 
=== rotina programar_os ===
2026-06-10 19:25:30,614 - INFO - ⌛ Aguardando janela de confirmação de programação de OS...
2026-06-10 19:25:56,042 - INFO - 🟨 Janela de confirmação de programação de OS detectada
2026-06-10 19:26:09,283 - INFO - 🟨 Janela de aviso de edição de OS programadas detectada
2026-06-10 19:26:16,497 - INFO - ⌛ aguardando janela de programação de lote de OS...
2026-06-10 19:26:42,009 - INFO - 🟨 Janela de aviso de substituição de lote de OS detectada
2026-06-10 19:27:02,113 - INFO - ⌛ aguardando janela de programação de lote de OS...
2026-06-10 19:27:27,615 - INFO - 🟨 Janela de programação de lote de OS detectada
2026-06-10 19:28:17,113 - INFO - 🟨 Janela de confirmação de programação de lote de OS detectada
2026-06-10 19:28:21,332 - INFO - ⌛ aguardando confirmação final de programação do lote
2026-06-10 19:28:46,818 - INFO - 🟨 programação do lote 7 efetuado com sucesso
2026-06-10 19:28:56,923 - INFO - 
=== Iniciando lote 8/574 [REDES] ===
2026-06-10 19:28:56,924 - INFO - 
=== abrir_janela_selecao ===
2026-06-10 19:29:03,232 - INFO - 
=== rotina abrir_selecao_colar_os ===
2026-06-10 19:29:03,280 - INFO - Janela de seleção aberta
2026-06-10 19:29:07,510 - INFO - DEBUG: idx=7, inicio=175, fim=200
2026-06-10 19:29:07,510 - INFO - ✅ 25 OS copiadas para a área de transferência.
2026-06-10 19:29:07,510 - INFO - 📋 Lote 8 copiado.
2026-06-10 19:29:15,832 - INFO - ⌛ Esperando mudança visual...
2026-06-10 19:29:16,853 - INFO - ⌛ Esperando mudança visual...
2026-06-10 19:29:17,868 - INFO - ⌛ Esperando mudança visual...
2026-06-10 19:29:18,880 - INFO - ⌛ Esperando mudança visual...
2026-06-10 19:29:19,899 - INFO - ⌛ Esperando mudança visual...
2026-06-10 19:29:20,916 - INFO - ⌛ Esperando mudança visual...
2026-06-10 19:29:21,931 - INFO - ⌛ Esperando mudança visual...
2026-06-10 19:29:22,943 - INFO - ⌛ Esperando mudança visual...
2026-06-10 19:29:23,960 - INFO - ⌛ Esperando mudança visual...
2026-06-10 19:29:24,976 - INFO - ✅ Tela carregada!
2026-06-10 19:29:28,978 - INFO - 
=== rotina desbloquear_os ===
2026-06-10 19:29:55,460 - INFO - ⌛ Aguardando janela de confirmação de desbloqueio...
2026-06-10 19:30:10,829 - INFO - 🟨 Registros desbloqueados com sucesso
2026-06-10 19:30:14,963 - INFO - 
=== rotina editar_os ===
2026-06-10 19:30:24,375 - INFO - ⌛ Aguardando janela de edição de OS...
2026-06-10 19:30:39,812 - INFO - 🟨 OS programadas detectadas
2026-06-10 19:30:42,916 - INFO - ⌛ Aguardando janela de edição de OS...
2026-06-10 19:30:58,360 - INFO - 🟨 Janela de edição de OS detectada
2026-06-10 19:31:19,721 - INFO - 🟨 Janela de edição de habilidade da turma detectada
2026-06-10 19:32:38,026 - INFO - ⌛ Aguardando detecção do campo de caracteristica 'EQUIPE PRÓPRIA OU EPS' ...
2026-06-10 19:32:57,375 - INFO - 🟨 campo de caracteristica 'EQUIPE PRÓPRIA OU EPS detectado
2026-06-10 19:33:19,138 - INFO - ⌛ Aguardando confirmação 4 - editar OS...
2026-06-10 19:33:34,576 - INFO - ⌛ Aguardando confirmação 4 - editar OS...
2026-06-10 19:33:50,030 - INFO - ⌛ Aguardando confirmação 4 - editar OS...
2026-06-10 19:34:05,482 - INFO - 🟨 Janela de confirmação 4 de edição de OS detectada
2026-06-10 19:34:09,596 - INFO - 
=== rotina programar_os ===
2026-06-10 19:34:36,129 - INFO - ⌛ Aguardando janela de confirmação de programação de OS...
2026-06-10 19:35:01,548 - INFO - 🟨 Janela de confirmação de programação de OS detectada
2026-06-10 19:35:14,805 - INFO - 🟨 Janela de aviso de edição de OS programadas detectada
2026-06-10 19:35:22,011 - INFO - ⌛ aguardando janela de programação de lote de OS...
2026-06-10 19:35:47,507 - INFO - 🟨 Janela de aviso de substituição de lote de OS detectada
2026-06-10 19:36:07,610 - INFO - ⌛ aguardando janela de programação de lote de OS...
2026-06-10 19:36:33,109 - INFO - 🟨 Janela de programação de lote de OS detectada
2026-06-10 19:37:22,613 - INFO - 🟨 Janela de confirmação de programação de lote de OS detectada
2026-06-10 19:37:26,810 - INFO - ⌛ aguardando confirmação final de programação do lote
2026-06-10 19:37:52,250 - INFO - 🟨 programação do lote 8 efetuado com sucesso
2026-06-10 19:38:02,356 - INFO - 
=== Iniciando lote 9/574 [REDES] ===
2026-06-10 19:38:02,356 - INFO - 
=== abrir_janela_selecao ===
2026-06-10 19:38:08,662 - INFO - 
=== rotina abrir_selecao_colar_os ===
2026-06-10 19:38:08,711 - INFO - Janela de seleção aberta
2026-06-10 19:38:12,945 - INFO - DEBUG: idx=8, inicio=200, fim=225
2026-06-10 19:38:12,945 - INFO - ✅ 25 OS copiadas para a área de transferência.
2026-06-10 19:38:12,945 - INFO - 📋 Lote 9 copiado.
2026-06-10 19:38:21,267 - INFO - ⌛ Esperando mudança visual...
2026-06-10 19:38:22,280 - INFO - ⌛ Esperando mudança visual...
2026-06-10 19:38:23,296 - INFO - ⌛ Esperando mudança visual...
2026-06-10 19:38:24,315 - INFO - ⌛ Esperando mudança visual...
2026-06-10 19:38:25,327 - INFO - ⌛ Esperando mudança visual...
2026-06-10 19:38:26,342 - INFO - ⌛ Esperando mudança visual...
2026-06-10 19:38:27,362 - INFO - ⌛ Esperando mudança visual...
2026-06-10 19:38:28,378 - INFO - ⌛ Esperando mudança visual...
2026-06-10 19:38:29,389 - INFO - ⌛ Esperando mudança visual...
2026-06-10 19:38:30,408 - INFO - ✅ Tela carregada!
2026-06-10 19:38:34,410 - INFO - 
=== rotina desbloquear_os ===
2026-06-10 19:39:00,877 - INFO - ⌛ Aguardando janela de confirmação de desbloqueio...
2026-06-10 19:39:16,277 - INFO - ⌛ Aguardando janela de confirmação de desbloqueio...
2026-06-10 19:39:31,678 - INFO - 🟨 Registros desbloqueados com sucesso
2026-06-10 19:39:35,790 - INFO - 
=== rotina editar_os ===
2026-06-10 19:39:45,210 - INFO - ⌛ Aguardando janela de edição de OS...
2026-06-10 19:40:00,662 - INFO - 🟨 OS programadas detectadas
2026-06-10 19:40:03,766 - INFO - ⌛ Aguardando janela de edição de OS...
2026-06-10 19:40:19,204 - INFO - 🟨 Janela de edição de OS detectada
2026-06-10 19:40:40,570 - INFO - 🟨 Janela de edição de habilidade da turma detectada
2026-06-10 19:41:58,883 - INFO - ⌛ Aguardando detecção do campo de caracteristica 'EQUIPE PRÓPRIA OU EPS' ...
2026-06-10 19:42:18,259 - INFO - 🟨 campo de caracteristica 'EQUIPE PRÓPRIA OU EPS detectado
2026-06-10 19:42:40,064 - INFO - ⌛ Aguardando confirmação 4 - editar OS...
2026-06-10 19:42:55,578 - INFO - ⌛ Aguardando confirmação 4 - editar OS...
2026-06-10 19:43:11,129 - INFO - ⌛ Aguardando confirmação 4 - editar OS...
2026-06-10 19:43:26,581 - INFO - 🟨 Janela de confirmação 4 de edição de OS detectada
2026-06-10 19:43:30,694 - INFO - 
=== rotina programar_os ===
2026-06-10 19:43:57,228 - INFO - ⌛ Aguardando janela de confirmação de programação de OS...
2026-06-10 19:44:22,652 - INFO - 🟨 Janela de confirmação de programação de OS detectada
2026-06-10 19:44:35,922 - INFO - 🟨 Janela de aviso de edição de OS programadas detectada
2026-06-10 19:44:43,126 - INFO - ⌛ aguardando janela de programação de lote de OS...
2026-06-10 19:45:08,623 - INFO - 🟨 Janela de aviso de substituição de lote de OS detectada
2026-06-10 19:45:28,725 - INFO - ⌛ aguardando janela de programação de lote de OS...
2026-06-10 19:45:54,232 - INFO - 🟨 Janela de programação de lote de OS detectada
2026-06-10 19:46:43,743 - INFO - 🟨 Janela de confirmação de programação de lote de OS detectada
2026-06-10 19:46:47,958 - INFO - ⌛ aguardando confirmação final de programação do lote
2026-06-10 19:47:13,418 - INFO - 🟨 programação do lote 9 efetuado com sucesso
2026-06-10 19:47:23,522 - INFO - 
=== Iniciando lote 10/574 [REDES] ===
2026-06-10 19:47:23,522 - INFO - 
=== abrir_janela_selecao ===
2026-06-10 19:47:29,829 - INFO - 
=== rotina abrir_selecao_colar_os ===
2026-06-10 19:47:29,893 - INFO - Janela de seleção aberta
2026-06-10 19:47:34,125 - INFO - DEBUG: idx=9, inicio=225, fim=250
2026-06-10 19:47:34,125 - INFO - ✅ 25 OS copiadas para a área de transferência.
2026-06-10 19:47:34,125 - INFO - 📋 Lote 10 copiado.
2026-06-10 19:47:42,450 - INFO - ⌛ Esperando mudança visual...
2026-06-10 19:47:43,465 - INFO - ⌛ Esperando mudança visual...
2026-06-10 19:47:44,477 - INFO - ⌛ Esperando mudança visual...
2026-06-10 19:47:45,497 - INFO - ⌛ Esperando mudança visual...
2026-06-10 19:47:46,512 - INFO - ⌛ Esperando mudança visual...
2026-06-10 19:47:47,524 - INFO - ⌛ Esperando mudança visual...
2026-06-10 19:47:48,540 - INFO - ⌛ Esperando mudança visual...
2026-06-10 19:47:49,557 - INFO - ⌛ Esperando mudança visual...
2026-06-10 19:47:50,574 - INFO - ⌛ Esperando mudança visual...
2026-06-10 19:47:51,587 - INFO - ✅ Tela carregada!
2026-06-10 19:47:55,595 - INFO - 
=== rotina desbloquear_os ===
2026-06-10 19:48:22,075 - INFO - ⌛ Aguardando janela de confirmação de desbloqueio...
2026-06-10 19:48:37,475 - INFO - 🟨 Registros desbloqueados com sucesso
2026-06-10 19:48:41,578 - INFO - 
=== rotina editar_os ===
2026-06-10 19:48:50,978 - INFO - ⌛ Aguardando janela de edição de OS...
2026-06-10 19:49:06,427 - INFO - 🟨 OS programadas detectadas
2026-06-10 19:49:09,531 - INFO - ⌛ Aguardando janela de edição de OS...
2026-06-10 19:49:24,979 - INFO - 🟨 Janela de edição de OS detectada
2026-06-10 19:49:46,349 - INFO - 🟨 Janela de edição de habilidade da turma detectada
2026-06-10 19:51:04,657 - INFO - ⌛ Aguardando detecção do campo de caracteristica 'EQUIPE PRÓPRIA OU EPS' ...
2026-06-10 19:51:24,001 - INFO - 🟨 campo de caracteristica 'EQUIPE PRÓPRIA OU EPS detectado
2026-06-10 19:51:45,766 - INFO - ⌛ Aguardando confirmação 4 - editar OS...
2026-06-10 19:52:01,225 - INFO - ⌛ Aguardando confirmação 4 - editar OS...
2026-06-10 19:52:16,695 - INFO - ⌛ Aguardando confirmação 4 - editar OS...
2026-06-10 19:52:32,155 - INFO - 🟨 Janela de confirmação 4 de edição de OS detectada
2026-06-10 19:52:36,257 - INFO - 
=== rotina programar_os ===
2026-06-10 19:53:02,774 - INFO - ⌛ Aguardando janela de confirmação de programação de OS...
2026-06-10 19:53:28,189 - INFO - 🟨 Janela de confirmação de programação de OS detectada
2026-06-10 19:53:41,453 - INFO - 🟨 Janela de aviso de edição de OS programadas detectada
2026-06-10 19:53:48,673 - INFO - ⌛ aguardando janela de programação de lote de OS...
2026-06-10 19:54:14,263 - INFO - 🟨 Janela de aviso de substituição de lote de OS detectada
2026-06-10 19:54:34,376 - INFO - ⌛ aguardando janela de programação de lote de OS...
2026-06-10 19:54:59,907 - INFO - 🟨 Janela de programação de lote de OS detectada
2026-06-10 19:55:49,407 - INFO - 🟨 Janela de confirmação de programação de lote de OS detectada
2026-06-10 19:55:53,624 - INFO - ⌛ aguardando confirmação final de programação do lote
2026-06-10 19:56:19,095 - INFO - 🟨 programação do lote 10 efetuado com sucesso
2026-06-10 19:56:29,203 - INFO - 
=== Iniciando lote 11/574 [REDES] ===
2026-06-10 19:56:29,204 - INFO - 
=== abrir_janela_selecao ===
2026-06-10 19:56:35,519 - INFO - 
=== rotina abrir_selecao_colar_os ===
2026-06-10 19:56:35,557 - INFO - Janela de seleção aberta
2026-06-10 19:56:39,800 - INFO - DEBUG: idx=10, inicio=250, fim=275
2026-06-10 19:56:39,800 - INFO - ✅ 25 OS copiadas para a área de transferência.
2026-06-10 19:56:39,800 - INFO - 📋 Lote 11 copiado.
2026-06-10 19:56:48,126 - INFO - ⌛ Esperando mudança visual...
2026-06-10 19:56:49,146 - INFO - ⌛ Esperando mudança visual...
2026-06-10 19:56:50,162 - INFO - ⌛ Esperando mudança visual...
2026-06-10 19:56:51,173 - INFO - ⌛ Esperando mudança visual...
2026-06-10 19:56:52,188 - INFO - ⌛ Esperando mudança visual...
2026-06-10 19:56:53,208 - INFO - ⌛ Esperando mudança visual...
2026-06-10 19:56:54,224 - INFO - ⌛ Esperando mudança visual...
2026-06-10 19:56:55,236 - INFO - ⌛ Esperando mudança visual...
2026-06-10 19:56:56,255 - INFO - ⌛ Esperando mudança visual...
2026-06-10 19:56:57,272 - INFO - ✅ Tela carregada!
2026-06-10 19:57:01,273 - INFO - 
=== rotina desbloquear_os ===
2026-06-10 19:57:27,736 - INFO - ⌛ Aguardando janela de confirmação de desbloqueio...
2026-06-10 19:57:43,156 - INFO - 🟨 Registros desbloqueados com sucesso
2026-06-10 19:57:47,275 - INFO - 
=== rotina editar_os ===
2026-06-10 19:57:56,676 - INFO - ⌛ Aguardando janela de edição de OS...
2026-06-10 19:58:12,133 - INFO - 🟨 OS programadas detectadas
2026-06-10 19:58:15,244 - INFO - ⌛ Aguardando janela de edição de OS...
2026-06-10 19:58:30,675 - INFO - 🟨 Janela de edição de OS detectada
2026-06-10 19:58:52,043 - INFO - 🟨 Janela de edição de habilidade da turma detectada
2026-06-10 20:00:10,354 - INFO - ⌛ Aguardando detecção do campo de caracteristica 'EQUIPE PRÓPRIA OU EPS' ...
2026-06-10 20:00:29,717 - INFO - 🟨 campo de caracteristica 'EQUIPE PRÓPRIA OU EPS detectado
2026-06-10 20:00:51,482 - INFO - ⌛ Aguardando confirmação 4 - editar OS...
2026-06-10 20:01:06,916 - INFO - ⌛ Aguardando confirmação 4 - editar OS...
2026-06-10 20:01:07,041 - INFO - 🟨 Identificado travamento no EQM, reiniciando contador de espera
2026-06-10 20:01:22,374 - INFO - ⌛ Aguardando confirmação 4 - editar OS...
2026-06-10 20:01:37,830 - INFO - 🟨 Janela de confirmação 4 de edição de OS detectada
2026-06-10 20:01:41,939 - INFO - 
=== rotina programar_os ===
2026-06-10 20:02:08,476 - INFO - ⌛ Aguardando janela de confirmação de programação de OS...
2026-06-10 20:02:33,929 - INFO - 🟨 Janela de confirmação de programação de OS detectada
2026-06-10 20:02:47,179 - INFO - 🟨 Janela de aviso de edição de OS programadas detectada
2026-06-10 20:02:54,388 - INFO - ⌛ aguardando janela de programação de lote de OS...
2026-06-10 20:03:19,875 - INFO - 🟨 Janela de aviso de substituição de lote de OS detectada
2026-06-10 20:03:39,987 - INFO - ⌛ aguardando janela de programação de lote de OS...
2026-06-10 20:04:05,503 - INFO - 🟨 Janela de programação de lote de OS detectada
2026-06-10 20:04:55,047 - INFO - 🟨 Janela de confirmação de programação de lote de OS detectada
2026-06-10 20:04:59,275 - INFO - ⌛ aguardando confirmação final de programação do lote
2026-06-10 20:05:24,741 - INFO - 🟨 programação do lote 11 efetuado com sucesso
2026-06-10 20:05:34,847 - INFO - 
=== Iniciando lote 12/574 [REDES] ===
2026-06-10 20:05:34,848 - INFO - 
=== abrir_janela_selecao ===
2026-06-10 20:05:41,155 - INFO - 
=== rotina abrir_selecao_colar_os ===
2026-06-10 20:05:41,212 - INFO - Janela de seleção aberta
2026-06-10 20:05:45,432 - INFO - DEBUG: idx=11, inicio=275, fim=300
2026-06-10 20:05:45,432 - INFO - ✅ 25 OS copiadas para a área de transferência.
2026-06-10 20:05:45,432 - INFO - 📋 Lote 12 copiado.
2026-06-10 20:05:53,762 - INFO - ⌛ Esperando mudança visual...
2026-06-10 20:05:54,773 - INFO - ⌛ Esperando mudança visual...
2026-06-10 20:05:55,790 - INFO - ⌛ Esperando mudança visual...
2026-06-10 20:05:56,807 - INFO - ⌛ Esperando mudança visual...
2026-06-10 20:05:57,823 - INFO - ⌛ Esperando mudança visual...
2026-06-10 20:05:58,835 - INFO - ⌛ Esperando mudança visual...
2026-06-10 20:05:59,855 - INFO - ⌛ Esperando mudança visual...
2026-06-10 20:06:00,871 - INFO - ⌛ Esperando mudança visual...
2026-06-10 20:06:01,883 - INFO - ⌛ Esperando mudança visual...
2026-06-10 20:06:02,900 - INFO - ⌛ Esperando mudança visual...
2026-06-10 20:06:03,918 - INFO - ✅ Tela carregada!
2026-06-10 20:06:07,918 - INFO - 
=== rotina desbloquear_os ===
2026-06-10 20:06:34,401 - INFO - ⌛ Aguardando janela de confirmação de desbloqueio...
2026-06-10 20:06:49,819 - INFO - ⌛ Aguardando janela de confirmação de desbloqueio...
2026-06-10 20:07:05,222 - INFO - 🟨 Registros desbloqueados com sucesso
2026-06-10 20:07:09,325 - INFO - 
=== rotina editar_os ===
2026-06-10 20:07:18,724 - INFO - ⌛ Aguardando janela de edição de OS...
2026-06-10 20:07:34,168 - INFO - 🟨 OS programadas detectadas
2026-06-10 20:07:37,272 - INFO - ⌛ Aguardando janela de edição de OS...
2026-06-10 20:07:52,715 - INFO - 🟨 Janela de edição de OS detectada
2026-06-10 20:08:14,093 - INFO - 🟨 Janela de edição de habilidade da turma detectada
2026-06-10 20:09:32,401 - INFO - ⌛ Aguardando detecção do campo de caracteristica 'EQUIPE PRÓPRIA OU EPS' ...
2026-06-10 20:09:51,772 - INFO - 🟨 campo de caracteristica 'EQUIPE PRÓPRIA OU EPS detectado
2026-06-10 20:10:13,585 - INFO - ⌛ Aguardando confirmação 4 - editar OS...
2026-06-10 20:10:29,043 - INFO - ⌛ Aguardando confirmação 4 - editar OS...
2026-06-10 20:10:29,154 - INFO - 🟨 Identificado travamento no EQM, reiniciando contador de espera
2026-06-10 20:10:44,486 - INFO - ⌛ Aguardando confirmação 4 - editar OS...
2026-06-10 20:10:59,918 - INFO - 🟨 Janela de confirmação 4 de edição de OS detectada
2026-06-10 20:11:04,020 - INFO - 
=== rotina programar_os ===
2026-06-10 20:11:30,549 - INFO - ⌛ Aguardando janela de confirmação de programação de OS...
2026-06-10 20:11:56,016 - INFO - 🟨 Janela de confirmação de programação de OS detectada
2026-06-10 20:12:09,294 - INFO - 🟨 Janela de aviso de edição de OS programadas detectada
2026-06-10 20:12:16,522 - INFO - ⌛ aguardando janela de programação de lote de OS...
2026-06-10 20:12:42,014 - INFO - 🟨 Janela de aviso de substituição de lote de OS detectada
2026-06-10 20:13:02,116 - INFO - ⌛ aguardando janela de programação de lote de OS...
2026-06-10 20:13:27,620 - INFO - 🟨 Janela de programação de lote de OS detectada
2026-06-10 20:14:17,135 - INFO - 🟨 Janela de confirmação de programação de lote de OS detectada
2026-06-10 20:14:21,354 - INFO - ⌛ aguardando confirmação final de programação do lote
2026-06-10 20:14:46,805 - INFO - 🟨 programação do lote 12 efetuado com sucesso
2026-06-10 20:14:56,915 - INFO - 
=== Iniciando lote 13/574 [REDES] ===
2026-06-10 20:14:56,915 - INFO - 
=== abrir_janela_selecao ===
2026-06-10 20:15:03,221 - INFO - 
=== rotina abrir_selecao_colar_os ===
2026-06-10 20:15:03,269 - INFO - Janela de seleção aberta
2026-06-10 20:15:07,501 - INFO - DEBUG: idx=12, inicio=300, fim=325
2026-06-10 20:15:07,501 - INFO - ✅ 25 OS copiadas para a área de transferência.
2026-06-10 20:15:07,502 - INFO - 📋 Lote 13 copiado.
2026-06-10 20:15:15,822 - INFO - ⌛ Esperando mudança visual...
2026-06-10 20:15:16,841 - INFO - ⌛ Esperando mudança visual...
2026-06-10 20:15:17,856 - INFO - ⌛ Esperando mudança visual...
2026-06-10 20:15:18,871 - INFO - ⌛ Esperando mudança visual...
2026-06-10 20:15:19,885 - INFO - ⌛ Esperando mudança visual...
2026-06-10 20:15:20,904 - INFO - ⌛ Esperando mudança visual...
2026-06-10 20:15:21,917 - INFO - ⌛ Esperando mudança visual...
2026-06-10 20:15:22,931 - INFO - ⌛ Esperando mudança visual...
2026-06-10 20:15:23,950 - INFO - ⌛ Esperando mudança visual...
2026-06-10 20:15:24,967 - INFO - ⌛ Esperando mudança visual...
2026-06-10 20:15:25,980 - INFO - ✅ Tela carregada!
2026-06-10 20:15:29,985 - INFO - 
=== rotina desbloquear_os ===
2026-06-10 20:15:56,456 - INFO - ⌛ Aguardando janela de confirmação de desbloqueio...
2026-06-10 20:16:11,849 - INFO - 🟨 Registros desbloqueados com sucesso
2026-06-10 20:16:15,952 - INFO - 
=== rotina editar_os ===
2026-06-10 20:16:25,364 - INFO - ⌛ Aguardando janela de edição de OS...
2026-06-10 20:16:40,816 - INFO - 🟨 OS programadas detectadas
2026-06-10 20:16:43,921 - INFO - ⌛ Aguardando janela de edição de OS...
2026-06-10 20:16:59,362 - INFO - 🟨 Janela de edição de OS detectada
2026-06-10 20:17:20,723 - INFO - 🟨 Janela de edição de habilidade da turma detectada
2026-06-10 20:18:39,022 - INFO - ⌛ Aguardando detecção do campo de caracteristica 'EQUIPE PRÓPRIA OU EPS' ...
2026-06-10 20:18:58,370 - INFO - 🟨 campo de caracteristica 'EQUIPE PRÓPRIA OU EPS detectado
2026-06-10 20:19:20,175 - INFO - ⌛ Aguardando confirmação 4 - editar OS...
2026-06-10 20:19:35,613 - INFO - ⌛ Aguardando confirmação 4 - editar OS...
2026-06-10 20:19:51,062 - INFO - ⌛ Aguardando confirmação 4 - editar OS...
2026-06-10 20:20:06,517 - INFO - 🟨 Janela de confirmação 4 de edição de OS detectada
2026-06-10 20:20:10,620 - INFO - 
=== rotina programar_os ===
2026-06-10 20:20:37,128 - INFO - ⌛ Aguardando janela de confirmação de programação de OS...
2026-06-10 20:21:02,557 - INFO - 🟨 Janela de confirmação de programação de OS detectada
2026-06-10 20:21:15,810 - INFO - 🟨 Janela de aviso de edição de OS programadas detectada
2026-06-10 20:21:23,018 - INFO - ⌛ aguardando janela de programação de lote de OS...
2026-06-10 20:21:48,543 - INFO - 🟨 Janela de aviso de substituição de lote de OS detectada
2026-06-10 20:22:08,650 - INFO - ⌛ aguardando janela de programação de lote de OS...
2026-06-10 20:22:34,199 - INFO - 🟨 Janela de programação de lote de OS detectada
2026-06-10 20:23:23,702 - INFO - 🟨 Janela de confirmação de programação de lote de OS detectada
2026-06-10 20:23:27,915 - INFO - ⌛ aguardando confirmação final de programação do lote
2026-06-10 20:23:53,400 - INFO - 🟨 programação do lote 13 efetuado com sucesso
2026-06-10 20:24:03,517 - INFO - 
=== Iniciando lote 14/574 [REDES] ===
2026-06-10 20:24:03,517 - INFO - 
=== abrir_janela_selecao ===
2026-06-10 20:24:09,828 - INFO - 
=== rotina abrir_selecao_colar_os ===
2026-06-10 20:24:09,865 - INFO - Janela de seleção aberta
2026-06-10 20:24:14,099 - INFO - DEBUG: idx=13, inicio=325, fim=350
2026-06-10 20:24:14,100 - INFO - ✅ 25 OS copiadas para a área de transferência.
2026-06-10 20:24:14,100 - INFO - 📋 Lote 14 copiado.
2026-06-10 20:24:22,421 - INFO - ⌛ Esperando mudança visual...
2026-06-10 20:24:23,435 - INFO - ⌛ Esperando mudança visual...
2026-06-10 20:24:24,453 - INFO - ⌛ Esperando mudança visual...
2026-06-10 20:24:25,469 - INFO - ⌛ Esperando mudança visual...
2026-06-10 20:24:26,481 - INFO - ⌛ Esperando mudança visual...
2026-06-10 20:24:27,500 - INFO - ⌛ Esperando mudança visual...
2026-06-10 20:24:28,516 - INFO - ⌛ Esperando mudança visual...
2026-06-10 20:24:29,533 - INFO - ⌛ Esperando mudança visual...
2026-06-10 20:24:30,546 - INFO - ⌛ Esperando mudança visual...
2026-06-10 20:24:31,560 - INFO - ✅ Tela carregada!
2026-06-10 20:24:35,563 - INFO - 
=== rotina desbloquear_os ===
2026-06-10 20:25:02,051 - INFO - ⌛ Aguardando janela de confirmação de desbloqueio...
2026-06-10 20:25:17,481 - INFO - 🟨 Registros desbloqueados com sucesso
2026-06-10 20:25:21,598 - INFO - 
=== rotina editar_os ===
2026-06-10 20:25:31,010 - INFO - ⌛ Aguardando janela de edição de OS...
2026-06-10 20:25:46,476 - INFO - 🟨 OS programadas detectadas
2026-06-10 20:25:49,586 - INFO - ⌛ Aguardando janela de edição de OS...
2026-06-10 20:26:05,093 - INFO - 🟨 Janela de edição de OS detectada
2026-06-10 20:26:26,454 - INFO - 🟨 Janela de edição de habilidade da turma detectada
2026-06-10 20:27:44,762 - INFO - ⌛ Aguardando detecção do campo de caracteristica 'EQUIPE PRÓPRIA OU EPS' ...
2026-06-10 20:28:04,117 - INFO - 🟨 campo de caracteristica 'EQUIPE PRÓPRIA OU EPS detectado
2026-06-10 20:28:25,905 - INFO - ⌛ Aguardando confirmação 4 - editar OS...
2026-06-10 20:28:41,368 - INFO - ⌛ Aguardando confirmação 4 - editar OS...
2026-06-10 20:28:56,911 - INFO - ⌛ Aguardando confirmação 4 - editar OS...
2026-06-10 20:29:12,339 - INFO - 🟨 Janela de confirmação 4 de edição de OS detectada
2026-06-10 20:29:16,448 - INFO - 
=== rotina programar_os ===
2026-06-10 20:29:42,964 - INFO - ⌛ Aguardando janela de confirmação de programação de OS...
2026-06-10 20:30:08,378 - INFO - 🟨 Janela de confirmação de programação de OS detectada
2026-06-10 20:30:21,632 - INFO - 🟨 Janela de aviso de edição de OS programadas detectada
2026-06-10 20:30:28,853 - INFO - ⌛ aguardando janela de programação de lote de OS...
2026-06-10 20:30:54,359 - INFO - 🟨 Janela de aviso de substituição de lote de OS detectada
2026-06-10 20:31:14,462 - INFO - ⌛ aguardando janela de programação de lote de OS...
2026-06-10 20:31:39,972 - INFO - 🟨 Janela de programação de lote de OS detectada
2026-06-10 20:32:29,478 - INFO - 🟨 Janela de confirmação de programação de lote de OS detectada
2026-06-10 20:32:33,692 - INFO - ⌛ aguardando confirmação final de programação do lote
2026-06-10 20:32:59,136 - INFO - 🟨 programação do lote 14 efetuado com sucesso
2026-06-10 20:33:09,242 - INFO - 
=== Iniciando lote 15/574 [REDES] ===
2026-06-10 20:33:09,243 - INFO - 
=== abrir_janela_selecao ===
2026-06-10 20:33:15,549 - INFO - 
=== rotina abrir_selecao_colar_os ===
2026-06-10 20:33:15,596 - INFO - Janela de seleção aberta
2026-06-10 20:33:19,831 - INFO - DEBUG: idx=14, inicio=350, fim=375
2026-06-10 20:33:19,831 - INFO - ✅ 25 OS copiadas para a área de transferência.
2026-06-10 20:33:19,831 - INFO - 📋 Lote 15 copiado.
2026-06-10 20:33:28,151 - INFO - ⌛ Esperando mudança visual...
2026-06-10 20:33:29,169 - INFO - ⌛ Esperando mudança visual...
2026-06-10 20:33:30,183 - INFO - ⌛ Esperando mudança visual...
2026-06-10 20:33:31,200 - INFO - ⌛ Esperando mudança visual...
2026-06-10 20:33:32,216 - INFO - ⌛ Esperando mudança visual...
2026-06-10 20:33:33,227 - INFO - ⌛ Esperando mudança visual...
2026-06-10 20:33:34,246 - INFO - ⌛ Esperando mudança visual...
2026-06-10 20:33:35,262 - INFO - ⌛ Esperando mudança visual...
2026-06-10 20:33:36,274 - INFO - ⌛ Esperando mudança visual...
2026-06-10 20:33:37,294 - INFO - ✅ Tela carregada!
2026-06-10 20:33:41,296 - INFO - 
=== rotina desbloquear_os ===
2026-06-10 20:34:07,773 - INFO - ⌛ Aguardando janela de confirmação de desbloqueio...
2026-06-10 20:34:23,160 - INFO - 🟨 Registros desbloqueados com sucesso
2026-06-10 20:34:27,263 - INFO - 
=== rotina editar_os ===
2026-06-10 20:34:36,674 - INFO - ⌛ Aguardando janela de edição de OS...
2026-06-10 20:34:52,139 - INFO - 🟨 OS programadas detectadas
2026-06-10 20:34:55,247 - INFO - ⌛ Aguardando janela de edição de OS...
2026-06-10 20:35:10,681 - INFO - 🟨 Janela de edição de OS detectada
2026-06-10 20:35:32,052 - INFO - 🟨 Janela de edição de habilidade da turma detectada
2026-06-10 20:36:50,362 - INFO - ⌛ Aguardando detecção do campo de caracteristica 'EQUIPE PRÓPRIA OU EPS' ...
2026-06-10 20:37:09,716 - INFO - 🟨 campo de caracteristica 'EQUIPE PRÓPRIA OU EPS detectado
2026-06-10 20:37:31,482 - INFO - ⌛ Aguardando confirmação 4 - editar OS...
2026-06-10 20:37:46,925 - INFO - ⌛ Aguardando confirmação 4 - editar OS...
2026-06-10 20:38:02,377 - INFO - ⌛ Aguardando confirmação 4 - editar OS...
2026-06-10 20:38:17,807 - INFO - 🟨 Janela de confirmação 4 de edição de OS detectada
2026-06-10 20:38:21,910 - INFO - 
=== rotina programar_os ===
2026-06-10 20:38:48,423 - INFO - ⌛ Aguardando janela de confirmação de programação de OS...
2026-06-10 20:39:13,848 - INFO - 🟨 Janela de confirmação de programação de OS detectada
2026-06-10 20:39:27,102 - INFO - 🟨 Janela de aviso de edição de OS programadas detectada
2026-06-10 20:39:34,331 - INFO - ⌛ aguardando janela de programação de lote de OS...
2026-06-10 20:39:59,820 - INFO - 🟨 Janela de aviso de substituição de lote de OS detectada
2026-06-10 20:40:19,928 - INFO - ⌛ aguardando janela de programação de lote de OS...
2026-06-10 20:40:45,463 - INFO - 🟨 Janela de programação de lote de OS detectada
2026-06-10 20:41:34,997 - INFO - 🟨 Janela de confirmação de programação de lote de OS detectada
2026-06-10 20:41:39,237 - INFO - ⌛ aguardando confirmação final de programação do lote
2026-06-10 20:42:04,711 - INFO - 🟨 programação do lote 15 efetuado com sucesso
2026-06-10 20:42:14,816 - INFO - 
=== Iniciando lote 16/574 [REDES] ===
2026-06-10 20:42:14,816 - INFO - 
=== abrir_janela_selecao ===
2026-06-10 20:42:21,125 - INFO - 
=== rotina abrir_selecao_colar_os ===
2026-06-10 20:42:21,177 - INFO - Janela de seleção aberta
2026-06-10 20:42:25,405 - INFO - DEBUG: idx=15, inicio=375, fim=400
2026-06-10 20:42:25,406 - INFO - ✅ 25 OS copiadas para a área de transferência.
2026-06-10 20:42:25,406 - INFO - 📋 Lote 16 copiado.
2026-06-10 20:42:33,730 - INFO - ⌛ Esperando mudança visual...
2026-06-10 20:42:34,749 - INFO - ⌛ Esperando mudança visual...
2026-06-10 20:42:35,765 - INFO - ⌛ Esperando mudança visual...
2026-06-10 20:42:36,777 - INFO - ⌛ Esperando mudança visual...
2026-06-10 20:42:37,797 - INFO - ⌛ Esperando mudança visual...
2026-06-10 20:42:38,812 - INFO - ⌛ Esperando mudança visual...
2026-06-10 20:42:39,824 - INFO - ⌛ Esperando mudança visual...
2026-06-10 20:42:40,843 - INFO - ⌛ Esperando mudança visual...
2026-06-10 20:42:41,858 - INFO - ⌛ Esperando mudança visual...
2026-06-10 20:42:42,876 - INFO - ⌛ Esperando mudança visual...
2026-06-10 20:42:43,890 - INFO - ✅ Tela carregada!
2026-06-10 20:42:47,892 - INFO - 
=== rotina desbloquear_os ===
2026-06-10 20:43:14,373 - INFO - ⌛ Aguardando janela de confirmação de desbloqueio...
2026-06-10 20:43:29,771 - INFO - 🟨 Registros desbloqueados com sucesso
2026-06-10 20:43:33,875 - INFO - 
=== rotina editar_os ===
2026-06-10 20:43:43,283 - INFO - ⌛ Aguardando janela de edição de OS...
2026-06-10 20:43:58,723 - INFO - 🟨 OS programadas detectadas
2026-06-10 20:44:01,826 - INFO - ⌛ Aguardando janela de edição de OS...
2026-06-10 20:44:17,296 - INFO - 🟨 Janela de edição de OS detectada
2026-06-10 20:44:38,652 - INFO - 🟨 Janela de edição de habilidade da turma detectada
2026-06-10 20:45:56,955 - INFO - ⌛ Aguardando detecção do campo de caracteristica 'EQUIPE PRÓPRIA OU EPS' ...
2026-06-10 20:46:16,301 - INFO - 🟨 campo de caracteristica 'EQUIPE PRÓPRIA OU EPS detectado
2026-06-10 20:46:38,067 - INFO - ⌛ Aguardando confirmação 4 - editar OS...
2026-06-10 20:46:53,521 - INFO - ⌛ Aguardando confirmação 4 - editar OS...
2026-06-10 20:47:08,978 - INFO - ⌛ Aguardando confirmação 4 - editar OS...
2026-06-10 20:47:24,456 - INFO - 🟨 Janela de confirmação 4 de edição de OS detectada
2026-06-10 20:47:28,558 - INFO - 
=== rotina programar_os ===
2026-06-10 20:47:55,095 - INFO - ⌛ Aguardando janela de confirmação de programação de OS...
2026-06-10 20:48:20,544 - INFO - 🟨 Janela de confirmação de programação de OS detectada
2026-06-10 20:48:33,823 - INFO - 🟨 Janela de aviso de edição de OS programadas detectada
2026-06-10 20:48:41,027 - INFO - ⌛ aguardando janela de programação de lote de OS...
2026-06-10 20:49:06,595 - INFO - 🟨 Janela de aviso de substituição de lote de OS detectada
2026-06-10 20:49:26,698 - INFO - ⌛ aguardando janela de programação de lote de OS...
2026-06-10 20:49:52,208 - INFO - 🟨 Janela de programação de lote de OS detectada
2026-06-10 20:50:41,714 - INFO - 🟨 Janela de confirmação de programação de lote de OS detectada
2026-06-10 20:50:45,936 - INFO - ⌛ aguardando confirmação final de programação do lote
2026-06-10 20:51:11,419 - INFO - 🟨 programação do lote 16 efetuado com sucesso
2026-06-10 20:51:21,524 - INFO - 
=== Iniciando lote 17/574 [REDES] ===
2026-06-10 20:51:21,525 - INFO - 
=== abrir_janela_selecao ===
2026-06-10 20:51:27,833 - INFO - 
=== rotina abrir_selecao_colar_os ===
2026-06-10 20:51:27,873 - INFO - Janela de seleção aberta
2026-06-10 20:51:32,103 - INFO - DEBUG: idx=16, inicio=400, fim=425
2026-06-10 20:51:32,104 - INFO - ✅ 25 OS copiadas para a área de transferência.
2026-06-10 20:51:32,104 - INFO - 📋 Lote 17 copiado.
2026-06-10 20:51:40,447 - INFO - ⌛ Esperando mudança visual...
2026-06-10 20:51:41,460 - INFO - ⌛ Esperando mudança visual...
2026-06-10 20:51:42,474 - INFO - ⌛ Esperando mudança visual...
2026-06-10 20:51:43,494 - INFO - ⌛ Esperando mudança visual...
2026-06-10 20:51:44,509 - INFO - ⌛ Esperando mudança visual...
2026-06-10 20:51:45,524 - INFO - ⌛ Esperando mudança visual...
2026-06-10 20:51:46,539 - INFO - ⌛ Esperando mudança visual...
2026-06-10 20:51:47,556 - INFO - ⌛ Esperando mudança visual...
2026-06-10 20:51:48,569 - INFO - ⌛ Esperando mudança visual...
2026-06-10 20:51:49,588 - INFO - ✅ Tela carregada!
2026-06-10 20:51:53,589 - INFO - 
=== rotina desbloquear_os ===
2026-06-10 20:52:20,055 - INFO - ⌛ Aguardando janela de confirmação de desbloqueio...
2026-06-10 20:52:35,457 - INFO - ⌛ Aguardando janela de confirmação de desbloqueio...
2026-06-10 20:52:50,873 - INFO - 🟨 Registros desbloqueados com sucesso
2026-06-10 20:52:54,977 - INFO - 
=== rotina editar_os ===
2026-06-10 20:53:04,417 - INFO - ⌛ Aguardando janela de edição de OS...
2026-06-10 20:53:19,957 - INFO - 🟨 OS programadas detectadas
2026-06-10 20:53:23,060 - INFO - ⌛ Aguardando janela de edição de OS...
2026-06-10 20:53:38,523 - INFO - 🟨 Janela de edição de OS detectada
2026-06-10 20:53:59,897 - INFO - 🟨 Janela de edição de habilidade da turma detectada
2026-06-10 20:55:18,205 - INFO - ⌛ Aguardando detecção do campo de caracteristica 'EQUIPE PRÓPRIA OU EPS' ...
2026-06-10 20:55:37,553 - INFO - 🟨 campo de caracteristica 'EQUIPE PRÓPRIA OU EPS detectado
2026-06-10 20:55:59,316 - INFO - ⌛ Aguardando confirmação 4 - editar OS...
2026-06-10 20:56:14,753 - INFO - ⌛ Aguardando confirmação 4 - editar OS...
2026-06-10 20:56:30,220 - INFO - ⌛ Aguardando confirmação 4 - editar OS...
2026-06-10 20:56:45,681 - INFO - 🟨 Janela de confirmação 4 de edição de OS detectada
2026-06-10 20:56:49,791 - INFO - 
=== rotina programar_os ===
2026-06-10 20:57:16,309 - INFO - ⌛ Aguardando janela de confirmação de programação de OS...
2026-06-10 20:57:41,747 - INFO - 🟨 Janela de confirmação de programação de OS detectada
2026-06-10 20:57:55,001 - INFO - 🟨 Janela de aviso de edição de OS programadas detectada
2026-06-10 20:58:02,220 - INFO - ⌛ aguardando janela de programação de lote de OS...
2026-06-10 20:58:27,773 - INFO - 🟨 Janela de aviso de substituição de lote de OS detectada
2026-06-10 20:58:47,877 - INFO - ⌛ aguardando janela de programação de lote de OS...
2026-06-10 20:59:13,395 - INFO - 🟨 Janela de programação de lote de OS detectada
2026-06-10 21:00:02,915 - INFO - 🟨 Janela de confirmação de programação de lote de OS detectada
2026-06-10 21:00:07,142 - INFO - ⌛ aguardando confirmação final de programação do lote
2026-06-10 21:00:32,617 - INFO - 🟨 programação do lote 17 efetuado com sucesso
2026-06-10 21:00:42,722 - INFO - 
=== Iniciando lote 18/574 [REDES] ===
2026-06-10 21:00:42,724 - INFO - 
=== abrir_janela_selecao ===
2026-06-10 21:00:49,031 - INFO - 
=== rotina abrir_selecao_colar_os ===
2026-06-10 21:00:49,077 - INFO - Janela de seleção aberta
2026-06-10 21:00:53,304 - INFO - DEBUG: idx=17, inicio=425, fim=450
2026-06-10 21:00:53,305 - INFO - ✅ 25 OS copiadas para a área de transferência.
2026-06-10 21:00:53,305 - INFO - 📋 Lote 18 copiado.
2026-06-10 21:01:01,627 - INFO - ⌛ Esperando mudança visual...
2026-06-10 21:01:02,645 - INFO - ⌛ Esperando mudança visual...
2026-06-10 21:01:03,660 - INFO - ⌛ Esperando mudança visual...
2026-06-10 21:01:04,674 - INFO - ⌛ Esperando mudança visual...
2026-06-10 21:01:05,692 - INFO - ⌛ Esperando mudança visual...
2026-06-10 21:01:06,707 - INFO - ⌛ Esperando mudança visual...
2026-06-10 21:01:07,721 - INFO - ⌛ Esperando mudança visual...
2026-06-10 21:01:08,739 - INFO - ⌛ Esperando mudança visual...
2026-06-10 21:01:09,754 - INFO - ⌛ Esperando mudança visual...
2026-06-10 21:01:10,767 - INFO - ⌛ Esperando mudança visual...
2026-06-10 21:01:11,786 - INFO - ✅ Tela carregada!
2026-06-10 21:01:15,788 - INFO - 
=== rotina desbloquear_os ===
2026-06-10 21:01:42,269 - INFO - ⌛ Aguardando janela de confirmação de desbloqueio...
2026-06-10 21:01:57,699 - INFO - ⌛ Aguardando janela de confirmação de desbloqueio...
2026-06-10 21:02:13,141 - INFO - 🟨 Registros desbloqueados com sucesso
2026-06-10 21:02:17,245 - INFO - 
=== rotina editar_os ===
2026-06-10 21:02:26,651 - INFO - ⌛ Aguardando janela de edição de OS...
2026-06-10 21:02:42,065 - INFO - 🟨 OS programadas detectadas
2026-06-10 21:02:45,178 - INFO - ⌛ Aguardando janela de edição de OS...
2026-06-10 21:03:00,625 - INFO - 🟨 Janela de edição de OS detectada
2026-06-10 21:03:22,000 - INFO - 🟨 Janela de edição de habilidade da turma detectada
2026-06-10 21:04:40,310 - INFO - ⌛ Aguardando detecção do campo de caracteristica 'EQUIPE PRÓPRIA OU EPS' ...
2026-06-10 21:04:59,684 - INFO - 🟨 campo de caracteristica 'EQUIPE PRÓPRIA OU EPS detectado
2026-06-10 21:05:21,464 - INFO - ⌛ Aguardando confirmação 4 - editar OS...
2026-06-10 21:05:36,916 - INFO - ⌛ Aguardando confirmação 4 - editar OS...
2026-06-10 21:05:37,039 - INFO - 🟨 Identificado travamento no EQM, reiniciando contador de espera
2026-06-10 21:05:52,423 - INFO - ⌛ Aguardando confirmação 4 - editar OS...
2026-06-10 21:06:08,041 - INFO - ⌛ Aguardando confirmação 4 - editar OS...
2026-06-10 21:06:23,563 - INFO - ⌛ Aguardando confirmação 4 - editar OS...
2026-06-10 21:06:39,060 - INFO - 🟨 Janela de confirmação 4 de edição de OS detectada
2026-06-10 21:06:43,164 - INFO - 
=== rotina programar_os ===
2026-06-10 21:07:09,693 - INFO - ⌛ Aguardando janela de confirmação de programação de OS...
2026-06-10 21:07:35,116 - INFO - 🟨 Janela de confirmação de programação de OS detectada
2026-06-10 21:07:48,359 - INFO - 🟨 Janela de aviso de edição de OS programadas detectada
2026-06-10 21:07:55,575 - INFO - ⌛ aguardando janela de programação de lote de OS...
2026-06-10 21:08:21,068 - INFO - 🟨 Janela de aviso de substituição de lote de OS detectada
2026-06-10 21:08:41,172 - INFO - ⌛ aguardando janela de programação de lote de OS...
2026-06-10 21:09:06,740 - INFO - 🟨 Janela de aviso de substituição de lote de OS detectada
2026-06-10 21:09:26,843 - INFO - ⌛ aguardando janela de programação de lote de OS...
2026-06-10 21:09:52,367 - INFO - 🟨 Janela de programação de lote de OS detectada
2026-06-10 21:10:41,920 - INFO - 🟨 Janela de confirmação de programação de lote de OS detectada
2026-06-10 21:10:46,167 - INFO - ⌛ aguardando confirmação final de programação do lote
2026-06-10 21:11:11,676 - INFO - ⌛ aguardando confirmação final de programação do lote
2026-06-10 21:11:37,205 - INFO - ⌛ aguardando confirmação final de programação do lote
2026-06-10 21:12:02,706 - INFO - 🟨 programação do lote 18 efetuado com sucesso
2026-06-10 21:12:12,810 - INFO - 
=== Iniciando lote 19/574 [REDES] ===
2026-06-10 21:12:12,811 - INFO - 
=== abrir_janela_selecao ===
2026-06-10 21:12:19,118 - INFO - 
=== rotina abrir_selecao_colar_os ===
2026-06-10 21:12:19,161 - INFO - Janela de seleção aberta
2026-06-10 21:12:23,390 - INFO - DEBUG: idx=18, inicio=450, fim=475
2026-06-10 21:12:23,390 - INFO - ✅ 25 OS copiadas para a área de transferência.
2026-06-10 21:12:23,390 - INFO - 📋 Lote 19 copiado.
2026-06-10 21:12:31,715 - INFO - ⌛ Esperando mudança visual...
2026-06-10 21:12:32,734 - INFO - ⌛ Esperando mudança visual...
2026-06-10 21:12:33,749 - INFO - ⌛ Esperando mudança visual...
2026-06-10 21:12:34,761 - INFO - ⌛ Esperando mudança visual...
2026-06-10 21:12:35,780 - INFO - ⌛ Esperando mudança visual...
2026-06-10 21:12:36,793 - INFO - ⌛ Esperando mudança visual...
2026-06-10 21:12:37,808 - INFO - ⌛ Esperando mudança visual...
2026-06-10 21:12:38,824 - INFO - ⌛ Esperando mudança visual...
2026-06-10 21:12:39,843 - INFO - ⌛ Esperando mudança visual...
2026-06-10 21:12:40,860 - INFO - ⌛ Esperando mudança visual...
2026-06-10 21:12:41,871 - INFO - ⌛ Esperando mudança visual...
2026-06-10 21:12:42,890 - INFO - ⌛ Esperando mudança visual...
2026-06-10 21:12:43,904 - INFO - ⌛ Esperando mudança visual...
2026-06-10 21:12:44,918 - INFO - ⌛ Esperando mudança visual...
2026-06-10 21:12:45,938 - INFO - ⌛ Esperando mudança visual...
2026-06-10 21:12:46,954 - INFO - ⌛ Esperando mudança visual...
2026-06-10 21:12:47,965 - INFO - ⌛ Esperando mudança visual...
2026-06-10 21:12:48,985 - INFO - ✅ Tela carregada!
2026-06-10 21:12:52,986 - INFO - 
=== rotina desbloquear_os ===
2026-06-10 21:13:19,449 - INFO - ⌛ Aguardando janela de confirmação de desbloqueio...
2026-06-10 21:13:34,854 - INFO - ⌛ Aguardando janela de confirmação de desbloqueio...
2026-06-10 21:13:50,253 - INFO - ⌛ Aguardando janela de confirmação de desbloqueio...
2026-06-10 21:14:05,669 - INFO - ⌛ Aguardando janela de confirmação de desbloqueio...
2026-06-10 21:14:21,055 - INFO - 🟨 Registros desbloqueados com sucesso
2026-06-10 21:14:25,158 - INFO - 
=== rotina editar_os ===
2026-06-10 21:14:34,560 - INFO - ⌛ Aguardando janela de edição de OS...
2026-06-10 21:14:50,017 - INFO - 🟨 OS programadas detectadas
2026-06-10 21:14:53,126 - INFO - ⌛ Aguardando janela de edição de OS...
2026-06-10 21:15:08,553 - INFO - 🟨 Janela de edição de OS detectada
2026-06-10 21:15:29,916 - INFO - 🟨 Janela de edição de habilidade da turma detectada
2026-06-10 21:16:48,212 - INFO - ⌛ Aguardando detecção do campo de caracteristica 'EQUIPE PRÓPRIA OU EPS' ...
2026-06-10 21:17:07,596 - INFO - 🟨 campo de caracteristica 'EQUIPE PRÓPRIA OU EPS detectado
2026-06-10 21:17:29,377 - INFO - ⌛ Aguardando confirmação 4 - editar OS...
2026-06-10 21:17:44,796 - INFO - ⌛ Aguardando confirmação 4 - editar OS...
2026-06-10 21:17:44,941 - INFO - 🟨 Identificado travamento no EQM, reiniciando contador de espera
2026-06-10 21:18:00,303 - INFO - ⌛ Aguardando confirmação 4 - editar OS...
2026-06-10 21:18:15,760 - INFO - ⌛ Aguardando confirmação 4 - editar OS...
2026-06-10 21:18:31,188 - INFO - ⌛ Aguardando confirmação 4 - editar OS...
2026-06-10 21:18:46,613 - INFO - 🟨 Janela de confirmação 4 de edição de OS detectada
2026-06-10 21:18:50,727 - INFO - 
=== rotina programar_os ===
2026-06-10 21:19:17,239 - INFO - ⌛ Aguardando janela de confirmação de programação de OS...
2026-06-10 21:19:42,691 - INFO - 🟨 Janela de confirmação de programação de OS detectada
2026-06-10 21:19:55,953 - INFO - 🟨 Janela de aviso de edição de OS programadas detectada
2026-06-10 21:20:03,159 - INFO - ⌛ aguardando janela de programação de lote de OS...
2026-06-10 21:20:28,656 - INFO - 🟨 Janela de aviso de substituição de lote de OS detectada
2026-06-10 21:20:48,760 - INFO - ⌛ aguardando janela de programação de lote de OS...
2026-06-10 21:21:14,261 - INFO - 🟨 Janela de aviso de substituição de lote de OS detectada
2026-06-10 21:21:34,365 - INFO - ⌛ aguardando janela de programação de lote de OS...
2026-06-10 21:21:59,873 - INFO - 🟨 Janela de programação de lote de OS detectada
2026-06-10 21:22:49,400 - INFO - 🟨 Janela de confirmação de programação de lote de OS detectada
2026-06-10 21:22:53,620 - INFO - ⌛ aguardando confirmação final de programação do lote
2026-06-10 21:23:19,062 - INFO - ⌛ aguardando confirmação final de programação do lote
2026-06-10 21:23:44,532 - INFO - 🟨 programação do lote 19 efetuado com sucesso
2026-06-10 21:23:54,638 - INFO - 
=== Iniciando lote 20/574 [REDES] ===
2026-06-10 21:23:54,638 - INFO - 
=== abrir_janela_selecao ===
2026-06-10 21:24:00,959 - INFO - 
=== rotina abrir_selecao_colar_os ===
2026-06-10 21:24:01,022 - INFO - Janela de seleção aberta
2026-06-10 21:24:05,267 - INFO - DEBUG: idx=19, inicio=475, fim=500
2026-06-10 21:24:05,267 - INFO - ✅ 25 OS copiadas para a área de transferência.
2026-06-10 21:24:05,267 - INFO - 📋 Lote 20 copiado.
2026-06-10 21:24:13,595 - INFO - ⌛ Esperando mudança visual...
2026-06-10 21:24:14,607 - INFO - ⌛ Esperando mudança visual...
2026-06-10 21:24:15,628 - INFO - ⌛ Esperando mudança visual...
2026-06-10 21:24:16,643 - INFO - ⌛ Esperando mudança visual...
2026-06-10 21:24:17,657 - INFO - ⌛ Esperando mudança visual...
2026-06-10 21:24:18,672 - INFO - ⌛ Esperando mudança visual...
2026-06-10 21:24:19,688 - INFO - ⌛ Esperando mudança visual...
2026-06-10 21:24:20,703 - INFO - ⌛ Esperando mudança visual...
2026-06-10 21:24:21,717 - INFO - ⌛ Esperando mudança visual...
2026-06-10 21:24:22,735 - INFO - ⌛ Esperando mudança visual...
2026-06-10 21:24:23,753 - INFO - ⌛ Esperando mudança visual...
2026-06-10 21:24:24,764 - INFO - ⌛ Esperando mudança visual...
2026-06-10 21:24:25,782 - INFO - ⌛ Esperando mudança visual...
2026-06-10 21:24:26,800 - INFO - ⌛ Esperando mudança visual...
2026-06-10 21:24:27,811 - INFO - ✅ Tela carregada!
2026-06-10 21:24:31,818 - INFO - 
=== rotina desbloquear_os ===
2026-06-10 21:24:58,305 - INFO - ⌛ Aguardando janela de confirmação de desbloqueio...
2026-06-10 21:25:13,755 - INFO - ⌛ Aguardando janela de confirmação de desbloqueio...
2026-06-10 21:25:29,189 - INFO - ⌛ Aguardando janela de confirmação de desbloqueio...
2026-06-10 21:25:44,646 - INFO - ⌛ Aguardando janela de confirmação de desbloqueio...
2026-06-10 21:26:00,114 - INFO - 🟨 Registros desbloqueados com sucesso
2026-06-10 21:26:04,217 - INFO - 
=== rotina editar_os ===
2026-06-10 21:26:13,640 - INFO - ⌛ Aguardando janela de edição de OS...
2026-06-10 21:26:29,090 - INFO - 🟨 OS programadas detectadas
2026-06-10 21:26:32,193 - INFO - ⌛ Aguardando janela de edição de OS...
2026-06-10 21:26:47,657 - INFO - 🟨 Janela de edição de OS detectada
2026-06-10 21:27:09,029 - INFO - 🟨 Janela de edição de habilidade da turma detectada
2026-06-10 21:28:27,332 - INFO - ⌛ Aguardando detecção do campo de caracteristica 'EQUIPE PRÓPRIA OU EPS' ...
2026-06-10 21:28:46,684 - INFO - 🟨 campo de caracteristica 'EQUIPE PRÓPRIA OU EPS detectado
2026-06-10 21:29:08,442 - INFO - ⌛ Aguardando confirmação 4 - editar OS...
2026-06-10 21:29:23,871 - INFO - ⌛ Aguardando confirmação 4 - editar OS...
2026-06-10 21:29:23,992 - INFO - 🟨 Identificado travamento no EQM, reiniciando contador de espera
2026-06-10 21:29:39,320 - INFO - ⌛ Aguardando confirmação 4 - editar OS...
2026-06-10 21:29:54,757 - INFO - ⌛ Aguardando confirmação 4 - editar OS...
2026-06-10 21:30:10,239 - INFO - ⌛ Aguardando confirmação 4 - editar OS...
2026-06-10 21:30:25,690 - INFO - 🟨 Janela de confirmação 4 de edição de OS detectada
2026-06-10 21:30:29,792 - INFO - 
=== rotina programar_os ===
2026-06-10 21:30:56,338 - INFO - ⌛ Aguardando janela de confirmação de programação de OS...
2026-06-10 21:31:21,840 - INFO - 🟨 Janela de confirmação de programação de OS detectada
2026-06-10 21:31:35,114 - INFO - 🟨 Janela de aviso de edição de OS programadas detectada
2026-06-10 21:31:42,341 - INFO - ⌛ aguardando janela de programação de lote de OS...
2026-06-10 21:32:07,887 - INFO - 🟨 Janela de aviso de substituição de lote de OS detectada
2026-06-10 21:32:27,991 - INFO - ⌛ aguardando janela de programação de lote de OS...
2026-06-10 21:32:53,508 - INFO - 🟨 Janela de aviso de substituição de lote de OS detectada
2026-06-10 21:33:13,612 - INFO - ⌛ aguardando janela de programação de lote de OS...
2026-06-10 21:33:39,112 - INFO - 🟨 Janela de programação de lote de OS detectada
2026-06-10 21:34:28,605 - INFO - 🟨 Janela de confirmação de programação de lote de OS detectada
2026-06-10 21:34:32,817 - INFO - ⌛ aguardando confirmação final de programação do lote
2026-06-10 21:34:58,287 - INFO - ⌛ aguardando confirmação final de programação do lote
2026-06-10 21:35:23,778 - INFO - 🟨 programação do lote 20 efetuado com sucesso
2026-06-10 21:35:33,883 - INFO - 
=== Iniciando lote 21/574 [REDES] ===
2026-06-10 21:35:33,884 - INFO - 
=== abrir_janela_selecao ===
2026-06-10 21:35:40,192 - INFO - 
=== rotina abrir_selecao_colar_os ===
2026-06-10 21:35:40,252 - INFO - Janela de seleção aberta
2026-06-10 21:35:44,495 - INFO - DEBUG: idx=20, inicio=500, fim=525
2026-06-10 21:35:44,495 - INFO - ✅ 25 OS copiadas para a área de transferência.
2026-06-10 21:35:44,495 - INFO - 📋 Lote 21 copiado.
2026-06-10 21:35:52,826 - INFO - ⌛ Esperando mudança visual...
2026-06-10 21:35:53,838 - INFO - ⌛ Esperando mudança visual...
2026-06-10 21:35:54,858 - INFO - ⌛ Esperando mudança visual...
2026-06-10 21:35:55,869 - INFO - ⌛ Esperando mudança visual...
2026-06-10 21:35:56,888 - INFO - ⌛ Esperando mudança visual...
2026-06-10 21:35:57,901 - INFO - ⌛ Esperando mudança visual...
2026-06-10 21:35:58,916 - INFO - ⌛ Esperando mudança visual...
2026-06-10 21:35:59,936 - INFO - ⌛ Esperando mudança visual...
2026-06-10 21:36:00,952 - INFO - ⌛ Esperando mudança visual...
2026-06-10 21:36:01,963 - INFO - ⌛ Esperando mudança visual...
2026-06-10 21:36:02,980 - INFO - ⌛ Esperando mudança visual...
2026-06-10 21:36:03,999 - INFO - ✅ Tela carregada!
2026-06-10 21:36:08,000 - INFO - 
=== rotina desbloquear_os ===
2026-06-10 21:36:34,462 - INFO - ⌛ Aguardando janela de confirmação de desbloqueio...
2026-06-10 21:36:49,935 - INFO - ⌛ Aguardando janela de confirmação de desbloqueio...
2026-06-10 21:37:05,317 - INFO - ⌛ Aguardando janela de confirmação de desbloqueio...
2026-06-10 21:37:20,719 - INFO - 🟨 Registros desbloqueados com sucesso
2026-06-10 21:37:24,838 - INFO - 
=== rotina editar_os ===
2026-06-10 21:37:34,256 - INFO - ⌛ Aguardando janela de edição de OS...
2026-06-10 21:37:49,723 - INFO - 🟨 OS programadas detectadas
2026-06-10 21:37:52,826 - INFO - ⌛ Aguardando janela de edição de OS...
2026-06-10 21:38:08,289 - INFO - 🟨 Janela de edição de OS detectada
2026-06-10 21:38:29,664 - INFO - 🟨 Janela de edição de habilidade da turma detectada
2026-06-10 21:39:47,957 - INFO - ⌛ Aguardando detecção do campo de caracteristica 'EQUIPE PRÓPRIA OU EPS' ...
2026-06-10 21:40:07,335 - INFO - 🟨 campo de caracteristica 'EQUIPE PRÓPRIA OU EPS detectado
2026-06-10 21:40:29,134 - INFO - ⌛ Aguardando confirmação 4 - editar OS...
2026-06-10 21:40:44,655 - INFO - ⌛ Aguardando confirmação 4 - editar OS...
2026-06-10 21:41:00,169 - INFO - ⌛ Aguardando confirmação 4 - editar OS...
2026-06-10 21:41:15,686 - INFO - 🟨 Janela de confirmação 4 de edição de OS detectada
2026-06-10 21:41:19,789 - INFO - 
=== rotina programar_os ===
2026-06-10 21:41:46,344 - INFO - ⌛ Aguardando janela de confirmação de programação de OS...
2026-06-10 21:42:11,815 - INFO - 🟨 Janela de confirmação de programação de OS detectada
2026-06-10 21:42:25,101 - INFO - 🟨 Janela de aviso de edição de OS programadas detectada
2026-06-10 21:42:32,306 - INFO - ⌛ aguardando janela de programação de lote de OS...
2026-06-10 21:42:57,805 - INFO - 🟨 Janela de aviso de substituição de lote de OS detectada
2026-06-10 21:43:17,936 - INFO - ⌛ aguardando janela de programação de lote de OS...
2026-06-10 21:43:43,457 - INFO - 🟨 Janela de programação de lote de OS detectada
2026-06-10 21:44:33,040 - INFO - 🟨 Janela de confirmação de programação de lote de OS detectada
2026-06-10 21:44:37,272 - INFO - ⌛ aguardando confirmação final de programação do lote
2026-06-10 21:45:02,762 - INFO - 🟨 programação do lote 21 efetuado com sucesso
2026-06-10 21:45:12,868 - INFO - 
=== Iniciando lote 22/574 [REDES] ===
2026-06-10 21:45:12,868 - INFO - 
=== abrir_janela_selecao ===
2026-06-10 21:45:19,176 - INFO - 
=== rotina abrir_selecao_colar_os ===
2026-06-10 21:45:19,217 - INFO - Janela de seleção aberta
2026-06-10 21:45:23,462 - INFO - DEBUG: idx=21, inicio=525, fim=550
2026-06-10 21:45:23,462 - INFO - ✅ 25 OS copiadas para a área de transferência.
2026-06-10 21:45:23,462 - INFO - 📋 Lote 22 copiado.
2026-06-10 21:45:31,792 - INFO - ⌛ Esperando mudança visual...
2026-06-10 21:45:32,804 - INFO - ⌛ Esperando mudança visual...
2026-06-10 21:45:33,819 - INFO - ⌛ Esperando mudança visual...
2026-06-10 21:45:34,837 - INFO - ⌛ Esperando mudança visual...
2026-06-10 21:45:35,854 - INFO - ⌛ Esperando mudança visual...
2026-06-10 21:45:36,865 - INFO - ⌛ Esperando mudança visual...
2026-06-10 21:45:37,885 - INFO - ⌛ Esperando mudança visual...
2026-06-10 21:45:38,900 - INFO - ⌛ Esperando mudança visual...
2026-06-10 21:45:39,912 - INFO - ⌛ Esperando mudança visual...
2026-06-10 21:45:40,933 - INFO - ⌛ Esperando mudança visual...
2026-06-10 21:45:41,947 - INFO - ✅ Tela carregada!
2026-06-10 21:45:45,949 - INFO - 
=== rotina desbloquear_os ===
2026-06-10 21:46:12,397 - INFO - ⌛ Aguardando janela de confirmação de desbloqueio...
2026-06-10 21:46:27,835 - INFO - ⌛ Aguardando janela de confirmação de desbloqueio...
2026-06-10 21:46:43,301 - INFO - 🟨 Registros desbloqueados com sucesso
2026-06-10 21:46:47,405 - INFO - 
=== rotina editar_os ===
2026-06-10 21:46:56,809 - INFO - ⌛ Aguardando janela de edição de OS...
2026-06-10 21:47:12,248 - INFO - 🟨 OS programadas detectadas
2026-06-10 21:47:15,352 - INFO - ⌛ Aguardando janela de edição de OS...
2026-06-10 21:47:30,796 - INFO - 🟨 Janela de edição de OS detectada
2026-06-10 21:47:52,157 - INFO - 🟨 Janela de edição de habilidade da turma detectada
2026-06-10 21:49:10,449 - INFO - ⌛ Aguardando detecção do campo de caracteristica 'EQUIPE PRÓPRIA OU EPS' ...
2026-06-10 21:49:29,820 - INFO - 🟨 campo de caracteristica 'EQUIPE PRÓPRIA OU EPS detectado
2026-06-10 21:49:51,610 - INFO - ⌛ Aguardando confirmação 4 - editar OS...
2026-06-10 21:50:07,061 - INFO - ⌛ Aguardando confirmação 4 - editar OS...
2026-06-10 21:50:22,498 - INFO - ⌛ Aguardando confirmação 4 - editar OS...
2026-06-10 21:50:37,955 - INFO - ⌛ Aguardando confirmação 4 - editar OS...
2026-06-10 21:50:53,405 - INFO - 🟨 Janela de confirmação 4 de edição de OS detectada
2026-06-10 21:50:57,518 - INFO - 
=== rotina programar_os ===
2026-06-10 21:51:24,030 - INFO - ⌛ Aguardando janela de confirmação de programação de OS...
2026-06-10 21:51:49,459 - INFO - 🟨 Janela de confirmação de programação de OS detectada
2026-06-10 21:52:02,713 - INFO - 🟨 Janela de aviso de edição de OS programadas detectada
2026-06-10 21:52:09,919 - INFO - ⌛ aguardando janela de programação de lote de OS...
2026-06-10 21:52:35,433 - INFO - 🟨 Janela de aviso de substituição de lote de OS detectada
2026-06-10 21:52:55,537 - INFO - ⌛ aguardando janela de programação de lote de OS...
2026-06-10 21:53:21,057 - INFO - 🟨 Janela de aviso de substituição de lote de OS detectada
2026-06-10 21:53:41,161 - INFO - ⌛ aguardando janela de programação de lote de OS...
2026-06-10 21:53:41,295 - INFO - 🟨 Identificado travamento no EQM, reiniciando contador de espera
2026-06-10 21:54:06,688 - INFO - 🟨 Janela de programação de lote de OS detectada
2026-06-10 21:54:56,210 - INFO - 🟨 Janela de confirmação de programação de lote de OS detectada
2026-06-10 21:55:00,417 - INFO - ⌛ aguardando confirmação final de programação do lote
2026-06-10 21:55:25,847 - INFO - 🟨 programação do lote 22 efetuado com sucesso
2026-06-10 21:55:35,951 - INFO - 
=== Iniciando lote 23/574 [REDES] ===
2026-06-10 21:55:35,951 - INFO - 
=== abrir_janela_selecao ===
2026-06-10 21:55:42,258 - INFO - 
=== rotina abrir_selecao_colar_os ===
2026-06-10 21:55:42,306 - INFO - Janela de seleção aberta
2026-06-10 21:55:46,537 - INFO - DEBUG: idx=22, inicio=550, fim=575
2026-06-10 21:55:46,537 - INFO - ✅ 25 OS copiadas para a área de transferência.
2026-06-10 21:55:46,537 - INFO - 📋 Lote 23 copiado.
2026-06-10 21:55:54,859 - INFO - ⌛ Esperando mudança visual...
2026-06-10 21:55:55,877 - INFO - ⌛ Esperando mudança visual...
2026-06-10 21:55:56,892 - INFO - ⌛ Esperando mudança visual...
2026-06-10 21:55:57,909 - INFO - ⌛ Esperando mudança visual...
2026-06-10 21:55:58,923 - INFO - ⌛ Esperando mudança visual...
2026-06-10 21:55:59,939 - INFO - ⌛ Esperando mudança visual...
2026-06-10 21:56:00,953 - INFO - ⌛ Esperando mudança visual...
2026-06-10 21:56:01,970 - INFO - ⌛ Esperando mudança visual...
2026-06-10 21:56:02,985 - INFO - ⌛ Esperando mudança visual...
2026-06-10 21:56:04,002 - INFO - ⌛ Esperando mudança visual...
2026-06-10 21:56:05,016 - INFO - ⌛ Esperando mudança visual...
2026-06-10 21:56:06,032 - INFO - ⌛ Esperando mudança visual...
2026-06-10 21:56:07,048 - INFO - ✅ Tela carregada!
2026-06-10 21:56:11,050 - INFO - 
=== rotina desbloquear_os ===
2026-06-10 21:56:37,537 - INFO - ⌛ Aguardando janela de confirmação de desbloqueio...
2026-06-10 21:56:52,952 - INFO - ⌛ Aguardando janela de confirmação de desbloqueio...
2026-06-10 21:57:08,370 - INFO - 🟨 Registros desbloqueados com sucesso
2026-06-10 21:57:12,474 - INFO - 
=== rotina editar_os ===
2026-06-10 21:57:21,882 - INFO - ⌛ Aguardando janela de edição de OS...
2026-06-10 21:57:37,313 - INFO - 🟨 OS programadas detectadas
2026-06-10 21:57:40,421 - INFO - ⌛ Aguardando janela de edição de OS...
2026-06-10 21:57:55,861 - INFO - 🟨 Janela de edição de OS detectada
2026-06-10 21:58:17,231 - INFO - 🟨 Janela de edição de habilidade da turma detectada
2026-06-10 21:59:35,536 - INFO - ⌛ Aguardando detecção do campo de caracteristica 'EQUIPE PRÓPRIA OU EPS' ...
2026-06-10 21:59:54,899 - INFO - 🟨 campo de caracteristica 'EQUIPE PRÓPRIA OU EPS detectado
2026-06-10 22:00:16,674 - INFO - ⌛ Aguardando confirmação 4 - editar OS...
2026-06-10 22:00:32,126 - INFO - ⌛ Aguardando confirmação 4 - editar OS...
2026-06-10 22:00:32,244 - INFO - 🟨 Identificado travamento no EQM, reiniciando contador de espera
2026-06-10 22:00:47,583 - INFO - ⌛ Aguardando confirmação 4 - editar OS...
2026-06-10 22:01:03,071 - INFO - ⌛ Aguardando confirmação 4 - editar OS...
2026-06-10 22:01:18,540 - INFO - ⌛ Aguardando confirmação 4 - editar OS...
2026-06-10 22:01:33,985 - INFO - 🟨 Janela de confirmação 4 de edição de OS detectada
2026-06-10 22:01:38,088 - INFO - 
=== rotina programar_os ===
2026-06-10 22:02:04,618 - INFO - ⌛ Aguardando janela de confirmação de programação de OS...
2026-06-10 22:02:04,834 - INFO - 🟨 Identificado travamento no EQM, reiniciando contador de espera
2026-06-10 22:02:30,047 - INFO - ⌛ Aguardando janela de confirmação de programação de OS...
2026-06-10 22:02:55,508 - INFO - ⌛ Aguardando janela de confirmação de programação de OS...
2026-06-10 22:03:20,949 - INFO - ⌛ Aguardando janela de confirmação de programação de OS...
2026-06-10 22:03:46,384 - INFO - ⌛ Aguardando janela de confirmação de programação de OS...
2026-06-10 22:04:11,876 - INFO - ⌛ Aguardando janela de confirmação de programação de OS...
2026-06-10 22:04:37,350 - INFO - ⌛ Aguardando janela de confirmação de programação de OS...
2026-06-10 22:05:02,869 - INFO - ⌛ Aguardando janela de confirmação de programação de OS...
2026-06-10 22:05:28,380 - INFO - ⌛ Aguardando janela de confirmação de programação de OS...
2026-06-10 22:05:53,859 - INFO - ⌛ Aguardando janela de confirmação de programação de OS...
2026-06-10 22:06:19,317 - INFO - ⌛ Aguardando janela de confirmação de programação de OS...
2026-06-10 22:06:44,780 - INFO - ⌛ Aguardando janela de confirmação de programação de OS...
2026-06-10 22:07:10,234 - INFO - ⌛ Aguardando janela de confirmação de programação de OS...
2026-06-10 22:07:35,659 - INFO - ⌛ Aguardando janela de confirmação de programação de OS...
2026-06-10 22:08:01,107 - INFO - ⌛ Aguardando janela de confirmação de programação de OS...
2026-06-10 22:08:26,526 - INFO - ⌛ Aguardando janela de confirmação de programação de OS...
2026-06-10 22:08:51,966 - INFO - ⌛ Aguardando janela de confirmação de programação de OS...
2026-06-10 22:09:17,426 - INFO - ⌛ Aguardando janela de confirmação de programação de OS...
2026-06-10 22:09:42,868 - INFO - ⌛ Aguardando janela de confirmação de programação de OS...
2026-06-10 22:10:08,330 - INFO - ⌛ Aguardando janela de confirmação de programação de OS...
2026-06-10 22:10:33,763 - INFO - ⌛ Aguardando janela de confirmação de programação de OS...
2026-06-10 22:10:59,248 - INFO - ⌛ Aguardando janela de confirmação de programação de OS...
2026-06-10 22:11:24,663 - INFO - ⌛ Aguardando janela de confirmação de programação de OS...
2026-06-10 22:11:50,110 - INFO - ⌛ Aguardando janela de confirmação de programação de OS...
2026-06-10 22:12:15,568 - INFO - ⌛ Aguardando janela de confirmação de programação de OS...
2026-06-10 22:12:41,009 - INFO - ⌛ Aguardando janela de confirmação de programação de OS...
2026-06-10 22:13:06,438 - INFO - ⌛ Aguardando janela de confirmação de programação de OS...
2026-06-10 22:13:31,880 - INFO - ⌛ Aguardando janela de confirmação de programação de OS...
2026-06-10 22:13:57,306 - INFO - ⌛ Aguardando janela de confirmação de programação de OS...
2026-06-10 22:14:22,747 - INFO - ⌛ Aguardando janela de confirmação de programação de OS...
2026-06-10 22:14:48,213 - INFO - ⌛ Aguardando janela de confirmação de programação de OS...
2026-06-10 22:15:13,659 - INFO - ⌛ Aguardando janela de confirmação de programação de OS...
2026-06-10 22:15:39,107 - INFO - ⌛ Aguardando janela de confirmação de programação de OS...
2026-06-10 22:16:04,535 - INFO - ⌛ Aguardando janela de confirmação de programação de OS...
2026-06-10 22:16:29,985 - INFO - ⌛ Aguardando janela de confirmação de programação de OS...
2026-06-10 22:16:55,405 - INFO - ⌛ Aguardando janela de confirmação de programação de OS...
2026-06-10 22:17:20,857 - INFO - ⌛ Aguardando janela de confirmação de programação de OS...
2026-06-10 22:17:46,277 - INFO - ⌛ Aguardando janela de confirmação de programação de OS...
2026-06-10 22:18:11,713 - INFO - ⌛ Aguardando janela de confirmação de programação de OS...
2026-06-10 22:18:37,196 - INFO - ⌛ Aguardando janela de confirmação de programação de OS...
2026-06-10 22:19:02,657 - INFO - ⌛ Aguardando janela de confirmação de programação de OS...
2026-06-10 22:19:28,105 - INFO - ⌛ Aguardando janela de confirmação de programação de OS...
2026-06-10 22:19:53,560 - INFO - ⌛ Aguardando janela de confirmação de programação de OS...
2026-06-10 22:20:18,997 - INFO - ⌛ Aguardando janela de confirmação de programação de OS...
2026-06-10 22:20:44,457 - INFO - ⌛ Aguardando janela de confirmação de programação de OS...
2026-06-10 22:21:09,881 - INFO - ⌛ Aguardando janela de confirmação de programação de OS...
2026-06-10 22:21:35,313 - INFO - ⌛ Aguardando janela de confirmação de programação de OS...
2026-06-10 22:22:00,759 - INFO - ⌛ Aguardando janela de confirmação de programação de OS...
2026-06-10 22:22:26,197 - INFO - ⌛ Aguardando janela de confirmação de programação de OS...
2026-06-10 22:22:51,622 - INFO - ⌛ Aguardando janela de confirmação de programação de OS...
2026-06-10 22:23:17,089 - INFO - ⌛ Aguardando janela de confirmação de programação de OS...
2026-06-10 22:23:42,545 - INFO - ⌛ Aguardando janela de confirmação de programação de OS...
2026-06-10 22:24:07,991 - INFO - ⌛ Aguardando janela de confirmação de programação de OS...
2026-06-10 22:24:33,431 - INFO - ⌛ Aguardando janela de confirmação de programação de OS...
2026-06-10 22:24:58,869 - INFO - ⌛ Aguardando janela de confirmação de programação de OS...
2026-06-10 22:25:24,327 - INFO - ⌛ Aguardando janela de confirmação de programação de OS...
2026-06-10 22:25:49,791 - INFO - ⌛ Aguardando janela de confirmação de programação de OS...
2026-06-10 22:26:15,210 - INFO - ⌛ Aguardando janela de confirmação de programação de OS...
2026-06-10 22:26:40,652 - INFO - ⌛ Aguardando janela de confirmação de programação de OS...
2026-06-10 22:27:06,126 - INFO - ⌛ Aguardando janela de confirmação de programação de OS...
2026-06-10 22:27:31,623 - INFO - ⌛ Aguardando janela de confirmação de programação de OS...
2026-06-10 22:27:57,059 - INFO - ⌛ Aguardando janela de confirmação de programação de OS...
2026-06-10 22:28:22,490 - INFO - ⌛ Aguardando janela de confirmação de programação de OS...
2026-06-10 22:28:47,960 - INFO - ⌛ Aguardando janela de confirmação de programação de OS...
2026-06-10 22:29:13,395 - INFO - ⌛ Aguardando janela de confirmação de programação de OS...
2026-06-10 22:29:38,852 - INFO - ⌛ Aguardando janela de confirmação de programação de OS...
2026-06-10 22:30:04,291 - INFO - ⌛ Aguardando janela de confirmação de programação de OS...
2026-06-10 22:30:29,705 - INFO - ⌛ Aguardando janela de confirmação de programação de OS...
2026-06-10 22:30:55,140 - INFO - ⌛ Aguardando janela de confirmação de programação de OS...
2026-06-10 22:31:20,561 - INFO - ⌛ Aguardando janela de confirmação de programação de OS...
2026-06-10 22:31:46,002 - INFO - ⌛ Aguardando janela de confirmação de programação de OS...
2026-06-10 22:32:11,460 - INFO - ⌛ Aguardando janela de confirmação de programação de OS...
2026-06-10 22:32:36,891 - INFO - ⌛ Aguardando janela de confirmação de programação de OS...
2026-06-10 22:33:02,310 - INFO - ⌛ Aguardando janela de confirmação de programação de OS...
2026-06-10 22:33:27,743 - INFO - ⌛ Aguardando janela de confirmação de programação de OS...
2026-06-10 22:33:53,161 - INFO - ⌛ Aguardando janela de confirmação de programação de OS...
2026-06-10 22:34:18,641 - INFO - ⌛ Aguardando janela de confirmação de programação de OS...
2026-06-10 22:34:44,078 - INFO - ⌛ Aguardando janela de confirmação de programação de OS...
2026-06-10 22:35:09,519 - INFO - ⌛ Aguardando janela de confirmação de programação de OS...
2026-06-10 22:35:35,006 - INFO - ⌛ Aguardando janela de confirmação de programação de OS...
2026-06-10 22:36:00,453 - INFO - ⌛ Aguardando janela de confirmação de programação de OS...
2026-06-10 22:36:25,899 - INFO - ⌛ Aguardando janela de confirmação de programação de OS...
2026-06-10 22:36:51,320 - INFO - ⌛ Aguardando janela de confirmação de programação de OS...
2026-06-10 22:37:16,783 - INFO - ⌛ Aguardando janela de confirmação de programação de OS...
2026-06-10 22:37:42,223 - INFO - ⌛ Aguardando janela de confirmação de programação de OS...
2026-06-10 22:38:07,649 - INFO - ⌛ Aguardando janela de confirmação de programação de OS...
2026-06-10 22:38:33,070 - INFO - ⌛ Aguardando janela de confirmação de programação de OS...
2026-06-10 22:38:58,511 - INFO - ⌛ Aguardando janela de confirmação de programação de OS...
2026-06-10 22:39:23,941 - INFO - ⌛ Aguardando janela de confirmação de programação de OS...
2026-06-10 22:39:49,382 - INFO - ⌛ Aguardando janela de confirmação de programação de OS...
2026-06-10 22:40:14,823 - INFO - ⌛ Aguardando janela de confirmação de programação de OS...
2026-06-10 22:40:40,256 - INFO - ⌛ Aguardando janela de confirmação de programação de OS...
2026-06-10 22:41:05,696 - INFO - ⌛ Aguardando janela de confirmação de programação de OS...
2026-06-10 22:41:31,156 - INFO - ⌛ Aguardando janela de confirmação de programação de OS...
2026-06-10 22:41:56,602 - INFO - ⌛ Aguardando janela de confirmação de programação de OS...
2026-06-10 22:42:22,050 - INFO - verificando janela oculta
2026-06-10 22:42:42,518 - INFO - ⏱️ Tempo limite atingido. Abortando seleção
2026-06-10 22:42:42,518 - INFO - Capturando print...
