2025-11-25 11:52:00,820 - INFO - Data hoje: 25/11/2025
2025-11-25 11:52:00,820 - INFO - Data de referência: 30/11/2025
2025-11-25 11:52:06,673 - INFO - 
Qtde LINHA VIVA: 1524
2025-11-25 11:52:06,674 - INFO - Qtde LINHA MORTA/PESADA/FAIXA: 908
2025-11-25 11:52:07,518 - INFO - 
Arquivo gerado: C:\Users\U469784\venvs\py311\bot_programacao\EXCEL\pendentes_20251125.xlsx
2025-11-25 11:52:07,827 - INFO - 
 Qtd de lotes de LM: 61
2025-11-25 11:52:07,828 - INFO - 
 Qtd de lotes de LV: 102
2025-11-25 11:52:07,828 - INFO - 
=== Iniciando lote 1/102 [LV] ===
2025-11-25 11:52:14,240 - INFO - ⌛ Aguardando janela de seleção...
2025-11-25 11:52:34,558 - INFO - Janela de seleção aberta
2025-11-25 11:52:44,815 - INFO - DEBUG: idx=0, inicio=0, fim=15
2025-11-25 11:52:44,815 - INFO - ✅ 15 OS copiadas para a área de transferência.
2025-11-25 11:52:44,815 - INFO - 📋 Lote 1 copiado.
2025-11-25 11:52:59,155 - INFO - ⌛ Esperando mudança visual...
2025-11-25 11:53:00,160 - INFO - ✅ Tela carregada!
2025-11-25 11:53:10,659 - INFO - ⌛ Aguardando janela de confirmação de desbloqueio...
2025-11-25 11:53:30,965 - INFO - 🟨 Registros desbloqueados com sucesso
2025-11-25 11:53:48,557 - INFO - ⌛ Aguardando janela de edição de OS...
2025-11-25 11:54:08,900 - INFO - 🟨 OS programadas detectadas
2025-11-25 11:54:15,090 - INFO - ⌛ Aguardando janela de edição de OS...
2025-11-25 11:54:35,447 - INFO - 🟨 Janela de edição de OS detectada
2025-11-25 11:54:55,821 - INFO - 🟨 Janela de edição de habilidade da turma detectada
2025-11-25 11:55:44,144 - INFO - ⌛ Aguardando detecção do campo de caracteristica 'EQUIPE PRÓPRIA OU EPS' ...
2025-11-25 11:56:04,307 - INFO - ⌛ Aguardando detecção do campo de caracteristica 'EQUIPE PRÓPRIA OU EPS' ...
2025-11-25 11:56:24,467 - INFO - ⌛ Aguardando detecção do campo de caracteristica 'EQUIPE PRÓPRIA OU EPS' ...
2025-11-25 11:56:44,614 - INFO - 🟨 campo de caracteristica 'EQUIPE PRÓPRIA OU EPS detectado
2025-11-25 11:57:06,360 - INFO - ⌛ Aguardando confirmação 4 - editar OS...
2025-11-25 11:57:26,700 - INFO - ⌛ Aguardando confirmação 4 - editar OS...
2025-11-25 11:59:06,665 - INFO - ⌛ Aguardando janela de confirmação de programação de OS...
2025-11-25 11:59:26,969 - INFO - 🟨 Janela de confirmação de programação de OS detectada
2025-11-25 11:59:34,294 - INFO - 🟨 Janela de aviso de edição de OS programadas detectada
2025-11-25 11:59:44,557 - INFO - ⌛ aguardando janela de programação de lote de OS...
2025-11-25 12:00:04,929 - INFO - 🟨 Janela de aviso de substituição de lote de OS detectada
2025-11-25 12:00:17,194 - INFO - ⌛ aguardando janela de programação de lote de OS...
2025-11-25 12:00:37,580 - INFO - 🟨 Janela de programação de lote de OS detectada
2025-11-25 12:01:35,029 - INFO - ⌛ aguardando janela de confirmação de programação de lote de OS...
2025-11-25 12:01:55,353 - INFO - 🟨 Janela de confirmação de programação de lote de OS detectada
2025-11-25 12:02:07,614 - INFO - ⌛ aguardando confirmação final de programação do lote
2025-11-25 12:02:27,996 - INFO - 🟨 programação do lote 1 efetuado com sucesso
2025-11-25 12:02:55,165 - INFO - 
=== Iniciando lote 2/102 [LV] ===
2025-11-25 12:03:01,526 - INFO - Janela de seleção aberta
2025-11-25 12:03:11,803 - INFO - DEBUG: idx=1, inicio=15, fim=30
2025-11-25 12:03:11,803 - INFO - ✅ 15 OS copiadas para a área de transferência.
2025-11-25 12:03:11,803 - INFO - 📋 Lote 2 copiado.
2025-11-25 12:03:26,137 - INFO - ⌛ Esperando mudança visual...
2025-11-25 12:03:27,160 - INFO - ⌛ Esperando mudança visual...
2025-11-25 12:03:28,164 - INFO - ⌛ Esperando mudança visual...
2025-11-25 12:03:29,174 - INFO - ⌛ Esperando mudança visual...
2025-11-25 12:03:30,207 - INFO - ⌛ Esperando mudança visual...
2025-11-25 12:03:31,221 - INFO - ⌛ Esperando mudança visual...
2025-11-25 12:03:32,238 - INFO - ⌛ Esperando mudança visual...
2025-11-25 12:03:33,254 - INFO - ⌛ Esperando mudança visual...
2025-11-25 12:03:34,269 - INFO - ⌛ Esperando mudança visual...
2025-11-25 12:03:35,286 - INFO - ⌛ Esperando mudança visual...
2025-11-25 12:03:36,301 - INFO - ⌛ Esperando mudança visual...
2025-11-25 12:03:37,316 - INFO - ⌛ Esperando mudança visual...
2025-11-25 12:03:38,332 - INFO - ⌛ Esperando mudança visual...
2025-11-25 12:03:39,348 - INFO - ✅ Tela carregada!
2025-11-25 12:03:49,839 - INFO - ⌛ Aguardando janela de confirmação de desbloqueio...
2025-11-25 12:04:10,144 - INFO - 🟨 Registros desbloqueados com sucesso
2025-11-25 12:04:27,699 - INFO - 🟨 OS programadas detectadas
2025-11-25 12:04:33,890 - INFO - ⌛ Aguardando janela de edição de OS...
2025-11-25 12:04:54,231 - INFO - 🟨 Janela de edição de OS detectada
2025-11-25 12:05:14,590 - INFO - 🟨 Janela de edição de habilidade da turma detectada
2025-11-25 12:06:02,898 - INFO - ⌛ Aguardando detecção do campo de caracteristica 'EQUIPE PRÓPRIA OU EPS' ...
2025-11-25 12:06:23,060 - INFO - ⌛ Aguardando detecção do campo de caracteristica 'EQUIPE PRÓPRIA OU EPS' ...
2025-11-25 12:06:43,206 - INFO - ⌛ Aguardando detecção do campo de caracteristica 'EQUIPE PRÓPRIA OU EPS' ...
2025-11-25 12:07:03,343 - INFO - 🟨 campo de caracteristica 'EQUIPE PRÓPRIA OU EPS detectado
2025-11-25 12:07:25,090 - INFO - ⌛ Aguardando confirmação 4 - editar OS...
2025-11-25 12:07:45,365 - INFO - ⌛ Aguardando confirmação 4 - editar OS...
2025-11-25 12:08:05,678 - INFO - ⌛ Aguardando confirmação 4 - editar OS...
2025-11-25 12:08:25,966 - INFO - ⌛ Aguardando confirmação 4 - editar OS...
2025-11-25 12:08:46,283 - INFO - ⌛ Aguardando confirmação 4 - editar OS...
2025-11-25 12:09:06,622 - INFO - ⌛ Aguardando confirmação 4 - editar OS...
2025-11-25 12:09:26,914 - INFO - ⌛ Aguardando confirmação 4 - editar OS...
2025-11-25 12:09:47,249 - INFO - ⌛ Aguardando confirmação 4 - editar OS...
2025-11-25 12:10:07,529 - INFO - ⌛ Aguardando confirmação 4 - editar OS...
2025-11-25 12:10:27,851 - INFO - ⌛ Aguardando confirmação 4 - editar OS...
2025-11-25 12:10:48,150 - INFO - ⌛ Aguardando confirmação 4 - editar OS...
2025-11-25 12:11:08,475 - INFO - ⌛ Aguardando confirmação 4 - editar OS...
2025-11-25 12:11:28,762 - INFO - ⌛ Aguardando confirmação 4 - editar OS...
2025-11-25 12:13:08,675 - INFO - ⌛ Aguardando janela de confirmação de programação de OS...
2025-11-25 12:13:28,979 - INFO - 🟨 Janela de confirmação de programação de OS detectada
2025-11-25 12:13:36,301 - INFO - 🟨 Janela de aviso de edição de OS programadas detectada
2025-11-25 12:13:46,561 - INFO - ⌛ aguardando janela de programação de lote de OS...
2025-11-25 12:14:07,013 - INFO - 🟨 Janela de aviso de substituição de lote de OS detectada
2025-11-25 12:14:19,280 - INFO - ⌛ aguardando janela de programação de lote de OS...
2025-11-25 12:14:39,671 - INFO - 🟨 Janela de programação de lote de OS detectada
2025-11-25 12:15:37,126 - INFO - ⌛ aguardando janela de confirmação de programação de lote de OS...
2025-11-25 12:15:57,437 - INFO - 🟨 Janela de confirmação de programação de lote de OS detectada
2025-11-25 12:16:09,698 - INFO - ⌛ aguardando confirmação final de programação do lote
2025-11-25 12:16:30,074 - INFO - 🟨 programação do lote 2 efetuado com sucesso
2025-11-25 12:16:57,265 - INFO - 
=== Iniciando lote 3/102 [LV] ===
2025-11-25 12:17:03,631 - INFO - Janela de seleção aberta
2025-11-25 12:17:13,876 - INFO - DEBUG: idx=2, inicio=30, fim=45
2025-11-25 12:17:13,876 - INFO - ✅ 15 OS copiadas para a área de transferência.
2025-11-25 12:17:13,876 - INFO - 📋 Lote 3 copiado.
2025-11-25 12:17:28,200 - INFO - ⌛ Esperando mudança visual...
2025-11-25 12:17:29,215 - INFO - ⌛ Esperando mudança visual...
2025-11-25 12:17:30,232 - INFO - ⌛ Esperando mudança visual...
2025-11-25 12:17:31,248 - INFO - ⌛ Esperando mudança visual...
2025-11-25 12:17:32,263 - INFO - ⌛ Esperando mudança visual...
2025-11-25 12:17:33,278 - INFO - ⌛ Esperando mudança visual...
2025-11-25 12:17:34,293 - INFO - ⌛ Esperando mudança visual...
2025-11-25 12:17:35,309 - INFO - ⌛ Esperando mudança visual...
2025-11-25 12:17:36,325 - INFO - ⌛ Esperando mudança visual...
2025-11-25 12:17:37,328 - INFO - ⌛ Esperando mudança visual...
2025-11-25 12:17:38,350 - INFO - ⌛ Esperando mudança visual...
2025-11-25 12:17:39,355 - INFO - ✅ Tela carregada!
2025-11-25 12:17:49,843 - INFO - ⌛ Aguardando janela de confirmação de desbloqueio...
2025-11-25 12:18:10,172 - INFO - 🟨 Registros desbloqueados com sucesso
2025-11-25 12:18:27,788 - INFO - 🟨 OS programadas detectadas
2025-11-25 12:18:33,952 - INFO - ⌛ Aguardando janela de edição de OS...
2025-11-25 12:18:54,315 - INFO - 🟨 Janela de edição de OS detectada
2025-11-25 12:19:14,685 - INFO - 🟨 Janela de edição de habilidade da turma detectada
2025-11-25 12:20:03,007 - INFO - ⌛ Aguardando detecção do campo de caracteristica 'EQUIPE PRÓPRIA OU EPS' ...
2025-11-25 12:20:23,155 - INFO - ⌛ Aguardando detecção do campo de caracteristica 'EQUIPE PRÓPRIA OU EPS' ...
2025-11-25 12:20:43,325 - INFO - ⌛ Aguardando detecção do campo de caracteristica 'EQUIPE PRÓPRIA OU EPS' ...
2025-11-25 12:21:03,473 - INFO - 🟨 campo de caracteristica 'EQUIPE PRÓPRIA OU EPS detectado
2025-11-25 12:21:25,198 - INFO - ⌛ Aguardando confirmação 4 - editar OS...
2025-11-25 12:21:45,534 - INFO - ⌛ Aguardando confirmação 4 - editar OS...
2025-11-25 12:23:25,527 - INFO - ⌛ Aguardando janela de confirmação de programação de OS...
2025-11-25 12:23:45,842 - INFO - 🟨 Janela de confirmação de programação de OS detectada
2025-11-25 12:23:53,155 - INFO - 🟨 Janela de aviso de edição de OS programadas detectada
2025-11-25 12:24:03,437 - INFO - ⌛ aguardando janela de programação de lote de OS...
2025-11-25 12:24:23,864 - INFO - 🟨 Janela de aviso de substituição de lote de OS detectada
2025-11-25 12:24:36,127 - INFO - ⌛ aguardando janela de programação de lote de OS...
2025-11-25 12:24:56,531 - INFO - 🟨 Janela de programação de lote de OS detectada
2025-11-25 12:25:53,954 - INFO - ⌛ aguardando janela de confirmação de programação de lote de OS...
2025-11-25 12:26:14,283 - INFO - 🟨 Janela de confirmação de programação de lote de OS detectada
2025-11-25 12:26:26,586 - INFO - ⌛ aguardando confirmação final de programação do lote
2025-11-25 12:26:46,956 - INFO - 🟨 programação do lote 3 efetuado com sucesso
2025-11-25 12:27:14,123 - INFO - 
=== Iniciando lote 4/102 [LV] ===
2025-11-25 12:27:20,490 - INFO - Janela de seleção aberta
2025-11-25 12:27:30,726 - INFO - DEBUG: idx=3, inicio=45, fim=60
2025-11-25 12:27:30,726 - INFO - ✅ 15 OS copiadas para a área de transferência.
2025-11-25 12:27:30,726 - INFO - 📋 Lote 4 copiado.
2025-11-25 12:27:45,056 - INFO - ⌛ Esperando mudança visual...
2025-11-25 12:27:46,075 - INFO - ⌛ Esperando mudança visual...
2025-11-25 12:27:47,095 - INFO - ⌛ Esperando mudança visual...
2025-11-25 12:27:48,106 - INFO - ⌛ Esperando mudança visual...
2025-11-25 12:27:49,123 - INFO - ⌛ Esperando mudança visual...
2025-11-25 12:27:50,138 - INFO - ⌛ Esperando mudança visual...
2025-11-25 12:27:51,153 - INFO - ⌛ Esperando mudança visual...
2025-11-25 12:27:52,169 - INFO - ⌛ Esperando mudança visual...
2025-11-25 12:27:53,177 - INFO - ⌛ Esperando mudança visual...
2025-11-25 12:27:54,184 - INFO - ⌛ Esperando mudança visual...
2025-11-25 12:27:55,200 - INFO - ⌛ Esperando mudança visual...
2025-11-25 12:27:56,215 - INFO - ⌛ Esperando mudança visual...
2025-11-25 12:27:57,248 - INFO - ⌛ Esperando mudança visual...
2025-11-25 12:27:58,263 - INFO - ✅ Tela carregada!
2025-11-25 12:28:08,730 - INFO - ⌛ Aguardando janela de confirmação de desbloqueio...
2025-11-25 12:28:29,073 - INFO - 🟨 Registros desbloqueados com sucesso
2025-11-25 12:28:46,661 - INFO - 🟨 OS programadas detectadas
2025-11-25 12:28:52,824 - INFO - ⌛ Aguardando janela de edição de OS...
2025-11-25 12:29:13,170 - INFO - 🟨 Janela de edição de OS detectada
2025-11-25 12:29:33,529 - INFO - 🟨 Janela de edição de habilidade da turma detectada
2025-11-25 12:30:21,861 - INFO - ⌛ Aguardando detecção do campo de caracteristica 'EQUIPE PRÓPRIA OU EPS' ...
2025-11-25 12:30:42,004 - INFO - ⌛ Aguardando detecção do campo de caracteristica 'EQUIPE PRÓPRIA OU EPS' ...
2025-11-25 12:31:02,163 - INFO - ⌛ Aguardando detecção do campo de caracteristica 'EQUIPE PRÓPRIA OU EPS' ...
2025-11-25 12:31:22,337 - INFO - 🟨 campo de caracteristica 'EQUIPE PRÓPRIA OU EPS detectado
2025-11-25 12:31:44,075 - INFO - ⌛ Aguardando confirmação 4 - editar OS...
2025-11-25 12:33:24,076 - INFO - ⌛ Aguardando janela de confirmação de programação de OS...
2025-11-25 12:33:44,393 - INFO - 🟨 Janela de confirmação de programação de OS detectada
2025-11-25 12:33:51,720 - INFO - 🟨 Janela de aviso de edição de OS programadas detectada
2025-11-25 12:34:01,990 - INFO - ⌛ aguardando janela de programação de lote de OS...
2025-11-25 12:34:22,435 - INFO - 🟨 Janela de aviso de substituição de lote de OS detectada
2025-11-25 12:34:34,710 - INFO - ⌛ aguardando janela de programação de lote de OS...
2025-11-25 12:34:55,133 - INFO - 🟨 Janela de programação de lote de OS detectada
2025-11-25 12:35:52,595 - INFO - ⌛ aguardando janela de confirmação de programação de lote de OS...
2025-11-25 12:36:12,912 - INFO - 🟨 Janela de confirmação de programação de lote de OS detectada
2025-11-25 12:36:25,163 - INFO - ⌛ aguardando confirmação final de programação do lote
2025-11-25 12:36:45,554 - INFO - ⌛ aguardando confirmação final de programação do lote
2025-11-25 12:37:05,958 - INFO - 🟨 programação do lote 4 efetuado com sucesso
2025-11-25 12:37:33,125 - INFO - 
=== Iniciando lote 5/102 [LV] ===
2025-11-25 12:37:39,499 - INFO - Janela de seleção aberta
2025-11-25 12:37:49,724 - INFO - DEBUG: idx=4, inicio=60, fim=75
2025-11-25 12:37:49,724 - INFO - ✅ 15 OS copiadas para a área de transferência.
2025-11-25 12:37:49,724 - INFO - 📋 Lote 5 copiado.
2025-11-25 12:38:04,061 - INFO - ⌛ Esperando mudança visual...
2025-11-25 12:38:05,072 - INFO - ⌛ Esperando mudança visual...
2025-11-25 12:38:06,083 - INFO - ⌛ Esperando mudança visual...
2025-11-25 12:38:07,098 - INFO - ⌛ Esperando mudança visual...
2025-11-25 12:38:08,128 - INFO - ⌛ Esperando mudança visual...
2025-11-25 12:38:09,148 - INFO - ⌛ Esperando mudança visual...
2025-11-25 12:38:10,162 - INFO - ⌛ Esperando mudança visual...
2025-11-25 12:38:11,177 - INFO - ⌛ Esperando mudança visual...
2025-11-25 12:38:12,194 - INFO - ⌛ Esperando mudança visual...
2025-11-25 12:38:13,212 - INFO - ⌛ Esperando mudança visual...
2025-11-25 12:38:14,227 - INFO - ✅ Tela carregada!
2025-11-25 12:38:24,688 - INFO - ⌛ Aguardando janela de confirmação de desbloqueio...
2025-11-25 12:38:44,990 - INFO - 🟨 Registros desbloqueados com sucesso
2025-11-25 12:39:02,569 - INFO - 🟨 OS programadas detectadas
2025-11-25 12:39:08,752 - INFO - ⌛ Aguardando janela de edição de OS...
2025-11-25 12:39:29,126 - INFO - 🟨 Janela de edição de OS detectada
2025-11-25 12:39:49,482 - INFO - 🟨 Janela de edição de habilidade da turma detectada
2025-11-25 12:40:37,808 - INFO - ⌛ Aguardando detecção do campo de caracteristica 'EQUIPE PRÓPRIA OU EPS' ...
2025-11-25 12:40:57,967 - INFO - ⌛ Aguardando detecção do campo de caracteristica 'EQUIPE PRÓPRIA OU EPS' ...
2025-11-25 12:41:18,135 - INFO - ⌛ Aguardando detecção do campo de caracteristica 'EQUIPE PRÓPRIA OU EPS' ...
2025-11-25 12:41:38,290 - INFO - 🟨 campo de caracteristica 'EQUIPE PRÓPRIA OU EPS detectado
2025-11-25 12:42:00,045 - INFO - ⌛ Aguardando confirmação 4 - editar OS...
2025-11-25 12:42:20,374 - INFO - ⌛ Aguardando confirmação 4 - editar OS...
2025-11-25 12:44:00,336 - INFO - ⌛ Aguardando janela de confirmação de programação de OS...
2025-11-25 12:44:20,635 - INFO - 🟨 Janela de confirmação de programação de OS detectada
2025-11-25 12:44:27,970 - INFO - 🟨 Janela de aviso de edição de OS programadas detectada
2025-11-25 12:44:38,371 - INFO - ⌛ aguardando janela de programação de lote de OS...
2025-11-25 12:44:58,918 - INFO - 🟨 Janela de aviso de substituição de lote de OS detectada
2025-11-25 12:45:11,184 - INFO - ⌛ aguardando janela de programação de lote de OS...
2025-11-25 12:45:31,635 - INFO - 🟨 Janela de programação de lote de OS detectada
2025-11-25 12:46:29,120 - INFO - ⌛ aguardando janela de confirmação de programação de lote de OS...
2025-11-25 12:46:49,432 - INFO - 🟨 Janela de confirmação de programação de lote de OS detectada
2025-11-25 12:47:01,679 - INFO - ⌛ aguardando confirmação final de programação do lote
2025-11-25 12:47:22,050 - INFO - ⌛ aguardando confirmação final de programação do lote
2025-11-25 12:47:42,416 - INFO - ⌛ aguardando confirmação final de programação do lote
2025-11-25 12:48:02,799 - INFO - ⌛ aguardando confirmação final de programação do lote
2025-11-25 12:48:23,185 - INFO - ⌛ aguardando confirmação final de programação do lote
2025-11-25 12:48:43,562 - INFO - ⌛ aguardando confirmação final de programação do lote
2025-11-25 12:49:03,951 - INFO - ⌛ aguardando confirmação final de programação do lote
2025-11-25 12:49:24,327 - INFO - ⌛ aguardando confirmação final de programação do lote
2025-11-25 12:49:44,700 - INFO - ⌛ aguardando confirmação final de programação do lote
2025-11-25 12:50:05,103 - INFO - ⌛ aguardando confirmação final de programação do lote
2025-11-25 12:50:25,506 - INFO - ⌛ aguardando confirmação final de programação do lote
2025-11-25 12:50:45,905 - INFO - ⌛ aguardando confirmação final de programação do lote
2025-11-25 12:51:06,308 - INFO - ⌛ aguardando confirmação final de programação do lote
2025-11-25 12:51:26,725 - INFO - ⌛ aguardando confirmação final de programação do lote
2025-11-25 12:51:47,134 - INFO - 🟨 programação do lote 5 efetuado com sucesso
2025-11-25 12:52:14,301 - INFO - 
=== Iniciando lote 6/102 [LV] ===
2025-11-25 12:52:20,667 - INFO - Janela de seleção aberta
2025-11-25 12:52:30,896 - INFO - DEBUG: idx=5, inicio=75, fim=90
2025-11-25 12:52:30,896 - INFO - ✅ 15 OS copiadas para a área de transferência.
2025-11-25 12:52:30,896 - INFO - 📋 Lote 6 copiado.
2025-11-25 12:52:45,248 - INFO - ⌛ Esperando mudança visual...
2025-11-25 12:52:46,273 - INFO - ⌛ Esperando mudança visual...
2025-11-25 12:52:47,285 - INFO - ⌛ Esperando mudança visual...
2025-11-25 12:52:48,301 - INFO - ⌛ Esperando mudança visual...
2025-11-25 12:52:49,316 - INFO - ⌛ Esperando mudança visual...
2025-11-25 12:52:50,341 - INFO - ⌛ Esperando mudança visual...
2025-11-25 12:52:51,347 - INFO - ⌛ Esperando mudança visual...
2025-11-25 12:52:52,352 - INFO - ⌛ Esperando mudança visual...
2025-11-25 12:52:53,362 - INFO - ⌛ Esperando mudança visual...
2025-11-25 12:52:54,377 - INFO - ⌛ Esperando mudança visual...
2025-11-25 12:52:55,410 - INFO - ⌛ Esperando mudança visual...
2025-11-25 12:52:56,424 - INFO - ✅ Tela carregada!
2025-11-25 12:53:06,890 - INFO - ⌛ Aguardando janela de confirmação de desbloqueio...
2025-11-25 12:53:27,202 - INFO - 🟨 Registros desbloqueados com sucesso
2025-11-25 12:53:44,765 - INFO - 🟨 OS programadas detectadas
2025-11-25 12:53:50,915 - INFO - ⌛ Aguardando janela de edição de OS...
2025-11-25 12:54:11,263 - INFO - 🟨 Janela de edição de OS detectada
2025-11-25 12:54:31,620 - INFO - 🟨 Janela de edição de habilidade da turma detectada
2025-11-25 12:55:19,945 - INFO - ⌛ Aguardando detecção do campo de caracteristica 'EQUIPE PRÓPRIA OU EPS' ...
2025-11-25 12:55:40,112 - INFO - ⌛ Aguardando detecção do campo de caracteristica 'EQUIPE PRÓPRIA OU EPS' ...
2025-11-25 12:56:00,276 - INFO - ⌛ Aguardando detecção do campo de caracteristica 'EQUIPE PRÓPRIA OU EPS' ...
2025-11-25 12:56:20,438 - INFO - 🟨 campo de caracteristica 'EQUIPE PRÓPRIA OU EPS detectado
2025-11-25 12:56:42,233 - INFO - ⌛ Aguardando confirmação 4 - editar OS...
2025-11-25 12:57:02,522 - INFO - ⌛ Aguardando confirmação 4 - editar OS...
2025-11-25 12:58:42,480 - INFO - ⌛ Aguardando janela de confirmação de programação de OS...
2025-11-25 12:59:02,786 - INFO - 🟨 Janela de confirmação de programação de OS detectada
2025-11-25 12:59:10,108 - INFO - 🟨 Janela de aviso de edição de OS programadas detectada
2025-11-25 12:59:20,382 - INFO - ⌛ aguardando janela de programação de lote de OS...
2025-11-25 12:59:40,799 - INFO - 🟨 Janela de aviso de substituição de lote de OS detectada
2025-11-25 12:59:53,069 - INFO - ⌛ aguardando janela de programação de lote de OS...
2025-11-25 13:00:13,535 - INFO - 🟨 Janela de programação de lote de OS detectada
2025-11-25 13:01:11,005 - INFO - ⌛ aguardando janela de confirmação de programação de lote de OS...
2025-11-25 13:01:31,334 - INFO - 🟨 Janela de confirmação de programação de lote de OS detectada
2025-11-25 13:01:43,601 - INFO - ⌛ aguardando confirmação final de programação do lote
2025-11-25 13:02:03,999 - INFO - ⌛ aguardando confirmação final de programação do lote
2025-11-25 13:02:24,416 - INFO - ⌛ aguardando confirmação final de programação do lote
2025-11-25 13:02:44,839 - INFO - ⌛ aguardando confirmação final de programação do lote
2025-11-25 13:03:05,262 - INFO - ⌛ aguardando confirmação final de programação do lote
2025-11-25 13:03:25,680 - INFO - ⌛ aguardando confirmação final de programação do lote
2025-11-25 13:03:46,101 - INFO - ⌛ aguardando confirmação final de programação do lote
2025-11-25 13:04:06,504 - INFO - ⌛ aguardando confirmação final de programação do lote
2025-11-25 13:04:26,908 - INFO - ⌛ aguardando confirmação final de programação do lote
2025-11-25 13:04:47,305 - INFO - ⌛ aguardando confirmação final de programação do lote
2025-11-25 13:05:07,731 - INFO - ⌛ aguardando confirmação final de programação do lote
2025-11-25 13:05:28,119 - INFO - ⌛ aguardando confirmação final de programação do lote
2025-11-25 13:05:48,522 - INFO - ⌛ aguardando confirmação final de programação do lote
2025-11-25 13:06:08,923 - INFO - ⌛ aguardando confirmação final de programação do lote
2025-11-25 13:06:29,267 - INFO - ⌛ aguardando confirmação final de programação do lote
2025-11-25 13:06:49,641 - INFO - ⌛ aguardando confirmação final de programação do lote
2025-11-25 13:07:09,984 - INFO - 🟨 programação do lote 6 efetuado com sucesso
2025-11-25 13:07:37,151 - INFO - 
=== Iniciando lote 7/102 [LV] ===
2025-11-25 13:07:43,512 - INFO - Janela de seleção aberta
2025-11-25 13:07:53,739 - INFO - DEBUG: idx=6, inicio=90, fim=105
2025-11-25 13:07:53,739 - INFO - ✅ 15 OS copiadas para a área de transferência.
2025-11-25 13:07:53,739 - INFO - 📋 Lote 7 copiado.
2025-11-25 13:08:08,061 - INFO - ⌛ Esperando mudança visual...
2025-11-25 13:08:09,080 - INFO - ⌛ Esperando mudança visual...
2025-11-25 13:08:10,085 - INFO - ⌛ Esperando mudança visual...
2025-11-25 13:08:11,095 - INFO - ⌛ Esperando mudança visual...
2025-11-25 13:08:12,113 - INFO - ⌛ Esperando mudança visual...
2025-11-25 13:08:13,126 - INFO - ⌛ Esperando mudança visual...
2025-11-25 13:08:14,130 - INFO - ⌛ Esperando mudança visual...
2025-11-25 13:08:15,141 - INFO - ⌛ Esperando mudança visual...
2025-11-25 13:08:16,173 - INFO - ⌛ Esperando mudança visual...
2025-11-25 13:08:17,189 - INFO - ⌛ Esperando mudança visual...
2025-11-25 13:08:18,204 - INFO - ⌛ Esperando mudança visual...
2025-11-25 13:08:19,220 - INFO - ✅ Tela carregada!
2025-11-25 13:08:29,725 - INFO - ⌛ Aguardando janela de confirmação de desbloqueio...
2025-11-25 13:08:50,039 - INFO - 🟨 Registros desbloqueados com sucesso
2025-11-25 13:09:07,627 - INFO - 🟨 OS programadas detectadas
2025-11-25 13:09:13,800 - INFO - ⌛ Aguardando janela de edição de OS...
2025-11-25 13:09:34,164 - INFO - 🟨 Janela de edição de OS detectada
2025-11-25 13:09:54,529 - INFO - 🟨 Janela de edição de habilidade da turma detectada
2025-11-25 13:10:42,837 - INFO - ⌛ Aguardando detecção do campo de caracteristica 'EQUIPE PRÓPRIA OU EPS' ...
2025-11-25 13:11:02,976 - INFO - ⌛ Aguardando detecção do campo de caracteristica 'EQUIPE PRÓPRIA OU EPS' ...
2025-11-25 13:11:23,113 - INFO - ⌛ Aguardando detecção do campo de caracteristica 'EQUIPE PRÓPRIA OU EPS' ...
2025-11-25 13:11:43,276 - INFO - 🟨 campo de caracteristica 'EQUIPE PRÓPRIA OU EPS detectado
2025-11-25 13:12:05,001 - INFO - ⌛ Aguardando confirmação 4 - editar OS...
2025-11-25 13:12:25,279 - INFO - ⌛ Aguardando confirmação 4 - editar OS...
2025-11-25 13:14:05,187 - INFO - ⌛ Aguardando janela de confirmação de programação de OS...
2025-11-25 13:14:25,478 - INFO - 🟨 Janela de confirmação de programação de OS detectada
2025-11-25 13:14:32,822 - INFO - 🟨 Janela de aviso de edição de OS programadas detectada
2025-11-25 13:14:43,144 - INFO - ⌛ aguardando janela de programação de lote de OS...
2025-11-25 13:15:03,531 - INFO - 🟨 Janela de aviso de substituição de lote de OS detectada
2025-11-25 13:15:15,800 - INFO - ⌛ aguardando janela de programação de lote de OS...
2025-11-25 13:15:36,217 - INFO - 🟨 Janela de programação de lote de OS detectada
2025-11-25 13:16:33,716 - INFO - ⌛ aguardando janela de confirmação de programação de lote de OS...
2025-11-25 13:16:54,020 - INFO - 🟨 Janela de confirmação de programação de lote de OS detectada
2025-11-25 13:17:06,287 - INFO - ⌛ aguardando confirmação final de programação do lote
2025-11-25 13:17:26,653 - INFO - ⌛ aguardando confirmação final de programação do lote
2025-11-25 13:17:47,021 - INFO - ⌛ aguardando confirmação final de programação do lote
2025-11-25 13:18:07,397 - INFO - ⌛ aguardando confirmação final de programação do lote
2025-11-25 13:18:27,752 - INFO - ⌛ aguardando confirmação final de programação do lote
2025-11-25 13:18:48,144 - INFO - 🟨 programação do lote 7 efetuado com sucesso
2025-11-25 13:19:15,307 - INFO - 
=== Iniciando lote 8/102 [LV] ===
2025-11-25 13:19:21,645 - INFO - Janela de seleção aberta
2025-11-25 13:19:31,889 - INFO - DEBUG: idx=7, inicio=105, fim=120
2025-11-25 13:19:31,889 - INFO - ✅ 15 OS copiadas para a área de transferência.
2025-11-25 13:19:31,889 - INFO - 📋 Lote 8 copiado.
2025-11-25 13:19:46,222 - INFO - ⌛ Esperando mudança visual...
2025-11-25 13:19:47,245 - INFO - ⌛ Esperando mudança visual...
2025-11-25 13:19:48,261 - INFO - ⌛ Esperando mudança visual...
2025-11-25 13:19:49,276 - INFO - ⌛ Esperando mudança visual...
2025-11-25 13:19:50,292 - INFO - ⌛ Esperando mudança visual...
2025-11-25 13:19:51,308 - INFO - ⌛ Esperando mudança visual...
2025-11-25 13:19:52,312 - INFO - ⌛ Esperando mudança visual...
2025-11-25 13:19:53,322 - INFO - ⌛ Esperando mudança visual...
2025-11-25 13:19:54,338 - INFO - ⌛ Esperando mudança visual...
2025-11-25 13:19:55,354 - INFO - ⌛ Esperando mudança visual...
2025-11-25 13:19:56,369 - INFO - ✅ Tela carregada!
2025-11-25 13:20:06,902 - INFO - ⌛ Aguardando janela de confirmação de desbloqueio...
2025-11-25 13:20:27,260 - INFO - 🟨 Registros desbloqueados com sucesso
2025-11-25 13:20:44,835 - INFO - ⌛ Aguardando janela de edição de OS...
2025-11-25 13:21:05,201 - INFO - 🟨 Janela de edição de OS detectada
2025-11-25 13:21:25,625 - INFO - 🟨 Janela de edição de habilidade da turma detectada
2025-11-25 13:22:13,945 - INFO - ⌛ Aguardando detecção do campo de caracteristica 'EQUIPE PRÓPRIA OU EPS' ...
2025-11-25 13:22:34,092 - INFO - ⌛ Aguardando detecção do campo de caracteristica 'EQUIPE PRÓPRIA OU EPS' ...
2025-11-25 13:22:54,241 - INFO - ⌛ Aguardando detecção do campo de caracteristica 'EQUIPE PRÓPRIA OU EPS' ...
2025-11-25 13:23:14,383 - INFO - 🟨 campo de caracteristica 'EQUIPE PRÓPRIA OU EPS detectado
2025-11-25 13:23:36,134 - INFO - ⌛ Aguardando confirmação 4 - editar OS...
2025-11-25 13:25:16,066 - INFO - ⌛ Aguardando janela de confirmação de programação de OS...
2025-11-25 13:25:36,373 - INFO - 🟨 Janela de confirmação de programação de OS detectada
2025-11-25 13:25:43,712 - INFO - ⌛ aguardando janela de programação de lote de OS...
2025-11-25 13:26:04,131 - INFO - ⌛ aguardando janela de programação de lote de OS...
2025-11-25 13:26:24,556 - INFO - ⌛ aguardando janela de programação de lote de OS...
2025-11-25 13:26:44,990 - INFO - ⌛ aguardando janela de programação de lote de OS...
2025-11-25 13:27:05,444 - INFO - ⌛ aguardando janela de programação de lote de OS...
2025-11-25 13:27:25,880 - INFO - ⌛ aguardando janela de programação de lote de OS...
2025-11-25 13:27:46,341 - INFO - ⌛ aguardando janela de programação de lote de OS...
2025-11-25 13:28:06,768 - INFO - ⌛ aguardando janela de programação de lote de OS...
2025-11-25 13:28:27,229 - INFO - ⌛ aguardando janela de programação de lote de OS...
2025-11-25 13:28:47,641 - INFO - ⌛ aguardando janela de programação de lote de OS...
2025-11-25 13:29:08,079 - INFO - ⌛ aguardando janela de programação de lote de OS...
2025-11-25 13:29:28,503 - INFO - ⌛ aguardando janela de programação de lote de OS...
2025-11-25 13:29:48,917 - INFO - ⌛ aguardando janela de programação de lote de OS...
2025-11-25 13:30:09,348 - INFO - ⌛ aguardando janela de programação de lote de OS...
2025-11-25 13:30:29,789 - INFO - ⌛ aguardando janela de programação de lote de OS...
2025-11-25 13:30:50,231 - INFO - ⌛ aguardando janela de programação de lote de OS...
2025-11-25 13:31:10,666 - INFO - 🟨 Janela de programação de lote de OS detectada
2025-11-25 13:32:08,167 - INFO - ⌛ aguardando janela de confirmação de programação de lote de OS...
2025-11-25 13:32:28,436 - INFO - 🟨 Janela de confirmação de programação de lote de OS detectada
2025-11-25 13:32:40,700 - INFO - ⌛ aguardando confirmação final de programação do lote
2025-11-25 13:33:01,043 - INFO - 🟨 programação do lote 8 efetuado com sucesso
2025-11-25 13:33:28,200 - INFO - 
=== Iniciando lote 9/102 [LV] ===
2025-11-25 13:33:34,556 - INFO - Janela de seleção aberta
2025-11-25 14:27:09,351 - INFO - Data hoje: 25/11/2025
2025-11-25 14:27:09,351 - INFO - Data de referência: 30/11/2025
2025-11-25 14:27:25,934 - INFO - 
Qtde LINHA VIVA: 1479
2025-11-25 14:27:25,934 - INFO - Qtde LINHA MORTA/PESADA/FAIXA: 900
2025-11-25 14:27:26,826 - INFO - 
Arquivo gerado: C:\Users\U469784\venvs\py311\bot_programacao\EXCEL\pendentes_20251125.xlsx
2025-11-25 14:27:27,118 - INFO - 
 Qtd de lotes de LM: 60
2025-11-25 14:27:27,118 - INFO - 
 Qtd de lotes de LV: 99
2025-11-25 14:27:27,118 - INFO - 
=== Iniciando lote 9/99 [LV] ===
2025-11-25 14:43:34,286 - INFO - Data hoje: 25/11/2025
2025-11-25 14:43:34,286 - INFO - Data de referência: 30/11/2025
2025-11-25 14:43:55,911 - INFO - 
Qtde LINHA VIVA: 1479
2025-11-25 14:43:55,911 - INFO - Qtde LINHA MORTA/PESADA/FAIXA: 900
2025-11-25 14:43:56,601 - INFO - 
Arquivo gerado: C:\Users\U469784\venvs\py311\bot_programacao\EXCEL\pendentes_20251125.xlsx
2025-11-25 14:43:56,892 - INFO - 
 Qtd de lotes de LM: 60
2025-11-25 14:43:56,892 - INFO - 
 Qtd de lotes de LV: 99
2025-11-25 14:43:56,892 - INFO - 
=== Iniciando lote 9/99 [LV] ===
2025-11-25 14:44:03,304 - INFO - Janela de seleção aberta
2025-11-25 14:44:07,555 - INFO - DEBUG: idx=8, inicio=120, fim=135
2025-11-25 14:44:07,555 - INFO - ✅ 15 OS copiadas para a área de transferência.
2025-11-25 14:44:07,555 - INFO - 📋 Lote 9 copiado.
2025-11-25 14:44:15,887 - INFO - ⌛ Esperando mudança visual...
2025-11-25 14:44:16,910 - INFO - ⌛ Esperando mudança visual...
2025-11-25 14:44:17,924 - INFO - ⌛ Esperando mudança visual...
2025-11-25 14:44:18,940 - INFO - ⌛ Esperando mudança visual...
2025-11-25 14:44:19,948 - INFO - ⌛ Esperando mudança visual...
2025-11-25 14:44:20,967 - INFO - ⌛ Esperando mudança visual...
2025-11-25 14:44:21,979 - INFO - ⌛ Esperando mudança visual...
2025-11-25 14:44:22,992 - INFO - ⌛ Esperando mudança visual...
2025-11-25 14:44:24,015 - INFO - ⌛ Esperando mudança visual...
2025-11-25 14:44:25,032 - INFO - ⌛ Esperando mudança visual...
2025-11-25 14:44:26,056 - INFO - ⌛ Esperando mudança visual...
2025-11-25 14:44:27,057 - INFO - ⌛ Esperando mudança visual...
2025-11-25 14:44:28,094 - INFO - ⌛ Esperando mudança visual...
2025-11-25 14:44:29,111 - INFO - ⌛ Esperando mudança visual...
2025-11-25 14:44:30,130 - INFO - ✅ Tela carregada!
2025-11-25 14:44:40,624 - INFO - ⌛ Aguardando janela de confirmação de desbloqueio...
2025-11-25 14:45:00,906 - INFO - 🟨 Registros desbloqueados com sucesso
2025-11-25 14:45:14,509 - INFO - 🟨 OS programadas detectadas
2025-11-25 14:45:17,685 - INFO - ⌛ Aguardando janela de edição de OS...
2025-11-25 14:45:38,047 - INFO - 🟨 Janela de edição de OS detectada
2025-11-25 14:45:46,416 - INFO - 🟨 Janela de edição de habilidade da turma detectada
2025-11-25 14:46:31,753 - INFO - ⌛ Aguardando detecção do campo de caracteristica 'EQUIPE PRÓPRIA OU EPS' ...
2025-11-25 14:46:51,900 - INFO - ⌛ Aguardando detecção do campo de caracteristica 'EQUIPE PRÓPRIA OU EPS' ...
2025-11-25 14:47:12,040 - INFO - ⌛ Aguardando detecção do campo de caracteristica 'EQUIPE PRÓPRIA OU EPS' ...
2025-11-25 14:47:32,205 - INFO - 🟨 campo de caracteristica 'EQUIPE PRÓPRIA OU EPS detectado
2025-11-25 14:47:53,946 - INFO - ⌛ Aguardando confirmação 4 - editar OS...
2025-11-25 14:48:14,242 - INFO - ⌛ Aguardando confirmação 4 - editar OS...
2025-11-25 14:49:24,146 - INFO - ⌛ Aguardando janela de confirmação de programação de OS...
2025-11-25 14:49:44,429 - INFO - 🟨 Janela de confirmação de programação de OS detectada
2025-11-25 14:49:51,745 - INFO - 🟨 Janela de aviso de edição de OS programadas detectada
2025-11-25 14:50:02,008 - INFO - ⌛ aguardando janela de programação de lote de OS...
2025-11-25 14:50:22,403 - INFO - 🟨 Janela de aviso de substituição de lote de OS detectada
2025-11-25 14:50:34,678 - INFO - ⌛ aguardando janela de programação de lote de OS...
2025-11-25 14:50:55,105 - INFO - 🟨 Janela de programação de lote de OS detectada
2025-11-25 15:35:31,522 - INFO - Data hoje: 25/11/2025
2025-11-25 15:35:31,522 - INFO - Data de referência: 30/11/2025
2025-11-25 15:36:04,601 - INFO - 
Qtde LINHA VIVA: 1479
2025-11-25 15:36:04,601 - INFO - Qtde LINHA MORTA/PESADA/FAIXA: 900
2025-11-25 15:36:05,346 - INFO - 
Arquivo gerado: C:\Users\U469784\venvs\py311\bot_programacao\EXCEL\pendentes_20251125.xlsx
2025-11-25 15:36:05,611 - INFO - 
 Qtd de lotes de LM: 60
2025-11-25 15:36:05,611 - INFO - 
 Qtd de lotes de LV: 99
2025-11-25 15:36:05,627 - INFO - 
=== Iniciando lote 9/99 [LV] ===
2025-11-25 15:36:12,065 - INFO - ⌛ Aguardando janela de seleção...
2025-11-25 15:36:32,373 - INFO - Janela de seleção aberta
2025-11-25 15:36:36,608 - INFO - DEBUG: idx=8, inicio=120, fim=135
2025-11-25 15:36:36,608 - INFO - ✅ 15 OS copiadas para a área de transferência.
2025-11-25 15:36:36,608 - INFO - 📋 Lote 9 copiado.
2025-11-25 15:36:44,934 - INFO - ⌛ Esperando mudança visual...
2025-11-25 15:36:45,944 - INFO - ⌛ Esperando mudança visual...
2025-11-25 15:36:46,957 - INFO - ✅ Tela carregada!
2025-11-25 15:36:57,433 - INFO - ⌛ Aguardando janela de confirmação de desbloqueio...
2025-11-25 15:37:17,744 - INFO - 🟨 Registros desbloqueados com sucesso
2025-11-25 15:37:31,376 - INFO - ⌛ Aguardando janela de edição de OS...
2025-11-25 15:37:51,720 - INFO - 🟨 OS programadas detectadas
2025-11-25 15:37:54,900 - INFO - ⌛ Aguardando janela de edição de OS...
2025-11-25 15:38:15,239 - INFO - 🟨 Janela de edição de OS detectada
2025-11-25 15:38:23,608 - INFO - 🟨 Janela de edição de habilidade da turma detectada
2025-11-25 15:39:08,925 - INFO - ⌛ Aguardando detecção do campo de caracteristica 'EQUIPE PRÓPRIA OU EPS' ...
2025-11-25 15:39:29,090 - INFO - ⌛ Aguardando detecção do campo de caracteristica 'EQUIPE PRÓPRIA OU EPS' ...
2025-11-25 15:39:49,238 - INFO - ⌛ Aguardando detecção do campo de caracteristica 'EQUIPE PRÓPRIA OU EPS' ...
2025-11-25 15:40:09,406 - INFO - 🟨 campo de caracteristica 'EQUIPE PRÓPRIA OU EPS detectado
2025-11-25 15:40:31,169 - INFO - ⌛ Aguardando confirmação 4 - editar OS...
2025-11-25 15:40:51,503 - INFO - ⌛ Aguardando confirmação 4 - editar OS...
2025-11-25 15:41:52,434 - INFO - ⌛ Aguardando janela de confirmação de programação de OS...
2025-11-25 15:42:12,735 - INFO - 🟨 Janela de confirmação de programação de OS detectada
2025-11-25 15:42:16,074 - INFO - 🟨 Janela de aviso de edição de OS programadas detectada
2025-11-25 15:42:20,345 - INFO - ⌛ aguardando janela de programação de lote de OS...
2025-11-25 15:42:40,752 - INFO - 🟨 Janela de aviso de substituição de lote de OS detectada
2025-11-25 15:42:47,022 - INFO - ⌛ aguardando janela de programação de lote de OS...
2025-11-25 15:43:07,486 - INFO - 🟨 Janela de programação de lote de OS detectada
2025-11-25 15:43:34,905 - INFO - ⌛ aguardando janela de confirmação de programação de lote de OS...
2025-11-25 15:43:55,198 - INFO - 🟨 Janela de confirmação de programação de lote de OS detectada
2025-11-25 15:43:59,495 - INFO - ⌛ aguardando confirmação final de programação do lote
2025-11-25 15:44:19,882 - INFO - 🟨 programação do lote 9 efetuado com sucesso
2025-11-25 15:44:33,062 - INFO - 
=== Iniciando lote 10/99 [LV] ===
2025-11-25 15:44:39,407 - INFO - Janela de seleção aberta
2025-11-25 15:44:43,644 - INFO - DEBUG: idx=9, inicio=135, fim=150
2025-11-25 15:44:43,644 - INFO - ✅ 15 OS copiadas para a área de transferência.
2025-11-25 15:44:43,644 - INFO - 📋 Lote 10 copiado.
2025-11-25 15:44:51,980 - INFO - ⌛ Esperando mudança visual...
2025-11-25 15:44:52,987 - INFO - ⌛ Esperando mudança visual...
2025-11-25 15:44:54,006 - INFO - ⌛ Esperando mudança visual...
2025-11-25 15:44:55,014 - INFO - ⌛ Esperando mudança visual...
2025-11-25 15:44:56,052 - INFO - ⌛ Esperando mudança visual...
2025-11-25 15:44:57,055 - INFO - ⌛ Esperando mudança visual...
2025-11-25 15:44:58,068 - INFO - ⌛ Esperando mudança visual...
2025-11-25 15:44:59,088 - INFO - ⌛ Esperando mudança visual...
2025-11-25 15:45:00,100 - INFO - ⌛ Esperando mudança visual...
2025-11-25 15:45:01,119 - INFO - ⌛ Esperando mudança visual...
2025-11-25 15:45:02,133 - INFO - ⌛ Esperando mudança visual...
2025-11-25 15:45:03,145 - INFO - ⌛ Esperando mudança visual...
2025-11-25 15:45:04,160 - INFO - ⌛ Esperando mudança visual...
2025-11-25 15:45:05,179 - INFO - ⌛ Esperando mudança visual...
2025-11-25 15:45:06,196 - INFO - ⌛ Esperando mudança visual...
2025-11-25 15:45:07,218 - INFO - ⌛ Esperando mudança visual...
2025-11-25 15:45:08,219 - INFO - ✅ Tela carregada!
2025-11-25 15:45:18,705 - INFO - ⌛ Aguardando janela de confirmação de desbloqueio...
2025-11-25 15:45:39,001 - INFO - 🟨 Registros desbloqueados com sucesso
2025-11-25 15:45:52,580 - INFO - 🟨 OS programadas detectadas
2025-11-25 15:45:55,747 - INFO - ⌛ Aguardando janela de edição de OS...
2025-11-25 15:46:16,076 - INFO - 🟨 Janela de edição de OS detectada
2025-11-25 15:46:24,443 - INFO - 🟨 Janela de edição de habilidade da turma detectada
2025-11-25 15:47:09,779 - INFO - ⌛ Aguardando detecção do campo de caracteristica 'EQUIPE PRÓPRIA OU EPS' ...
2025-11-25 15:47:29,920 - INFO - ⌛ Aguardando detecção do campo de caracteristica 'EQUIPE PRÓPRIA OU EPS' ...
2025-11-25 15:47:50,068 - INFO - ⌛ Aguardando detecção do campo de caracteristica 'EQUIPE PRÓPRIA OU EPS' ...
2025-11-25 15:48:10,223 - INFO - 🟨 campo de caracteristica 'EQUIPE PRÓPRIA OU EPS detectado
2025-11-25 15:48:31,949 - INFO - ⌛ Aguardando confirmação 4 - editar OS...
2025-11-25 15:48:52,229 - INFO - ⌛ Aguardando confirmação 4 - editar OS...
2025-11-25 15:49:53,170 - INFO - ⌛ Aguardando janela de confirmação de programação de OS...
2025-11-25 15:50:13,465 - INFO - 🟨 Janela de confirmação de programação de OS detectada
2025-11-25 15:50:16,814 - INFO - 🟨 Janela de aviso de edição de OS programadas detectada
2025-11-25 15:50:21,080 - INFO - ⌛ aguardando janela de programação de lote de OS...
2025-11-25 15:50:41,484 - INFO - 🟨 Janela de aviso de substituição de lote de OS detectada
2025-11-25 15:50:47,760 - INFO - ⌛ aguardando janela de programação de lote de OS...
2025-11-25 15:51:08,156 - INFO - 🟨 Janela de programação de lote de OS detectada
2025-11-25 15:51:35,609 - INFO - ⌛ aguardando janela de confirmação de programação de lote de OS...
2025-11-25 15:51:55,956 - INFO - 🟨 Janela de confirmação de programação de lote de OS detectada
2025-11-25 15:52:00,227 - INFO - ⌛ aguardando confirmação final de programação do lote
2025-11-25 15:52:20,558 - INFO - ⌛ aguardando confirmação final de programação do lote
2025-11-25 15:52:40,886 - INFO - ⌛ aguardando confirmação final de programação do lote
2025-11-25 15:53:01,247 - INFO - ⌛ aguardando confirmação final de programação do lote
2025-11-25 15:53:21,560 - INFO - ⌛ aguardando confirmação final de programação do lote
2025-11-25 15:53:41,895 - INFO - ⌛ aguardando confirmação final de programação do lote
2025-11-25 15:54:02,224 - INFO - ⌛ aguardando confirmação final de programação do lote
2025-11-25 15:54:22,676 - INFO - ⌛ aguardando confirmação final de programação do lote
2025-11-25 15:54:43,147 - INFO - ⌛ aguardando confirmação final de programação do lote
2025-11-25 15:55:03,529 - INFO - ⌛ aguardando confirmação final de programação do lote
2025-11-25 15:55:23,861 - INFO - ⌛ aguardando confirmação final de programação do lote
2025-11-25 15:55:44,235 - INFO - ⌛ aguardando confirmação final de programação do lote
2025-11-25 15:56:04,565 - INFO - ⌛ aguardando confirmação final de programação do lote
2025-11-25 15:56:24,952 - INFO - ⌛ aguardando confirmação final de programação do lote
2025-11-25 15:56:45,367 - INFO - ⌛ aguardando confirmação final de programação do lote
2025-11-25 15:57:05,720 - INFO - ⌛ aguardando confirmação final de programação do lote
2025-11-25 15:57:26,083 - INFO - ⌛ aguardando confirmação final de programação do lote
2025-11-25 15:57:46,417 - INFO - ⌛ aguardando confirmação final de programação do lote
2025-11-25 15:58:06,760 - INFO - ⌛ aguardando confirmação final de programação do lote
2025-11-25 15:58:27,125 - INFO - ⌛ aguardando confirmação final de programação do lote
2025-11-25 15:58:47,488 - INFO - ⌛ aguardando confirmação final de programação do lote
2025-11-25 15:59:07,819 - INFO - ⌛ aguardando confirmação final de programação do lote
2025-11-25 15:59:28,150 - INFO - ⌛ aguardando confirmação final de programação do lote
2025-11-25 15:59:48,511 - INFO - ⌛ aguardando confirmação final de programação do lote
2025-11-25 16:00:08,844 - INFO - ⌛ aguardando confirmação final de programação do lote
2025-11-25 16:00:29,198 - INFO - ⌛ aguardando confirmação final de programação do lote
2025-11-25 16:00:49,525 - INFO - ⌛ aguardando confirmação final de programação do lote
2025-11-25 16:01:09,860 - INFO - ⌛ aguardando confirmação final de programação do lote
2025-11-25 16:01:30,199 - INFO - ⌛ aguardando confirmação final de programação do lote
2025-11-25 16:01:50,537 - INFO - ⌛ aguardando confirmação final de programação do lote
2025-11-25 16:02:10,975 - INFO - 🟨 Janela de confirmação de programação de lote de OS detectada
2025-11-25 16:02:15,142 - INFO - ⏱️ Tempo limite atingido. Abortando seleção
2025-11-25 16:04:58,510 - INFO - Data hoje: 25/11/2025
2025-11-25 16:04:58,525 - INFO - Data de referência: 30/11/2025
2025-11-25 16:05:20,055 - INFO - 
Qtde LINHA VIVA: 1479
2025-11-25 16:05:20,055 - INFO - Qtde LINHA MORTA/PESADA/FAIXA: 900
2025-11-25 16:05:20,733 - INFO - 
Arquivo gerado: C:\Users\U469784\venvs\py311\bot_programacao\EXCEL\pendentes_20251125.xlsx
2025-11-25 16:05:21,003 - INFO - 
 Qtd de lotes de LM: 60
2025-11-25 16:05:21,003 - INFO - 
 Qtd de lotes de LV: 99
2025-11-25 16:05:21,003 - INFO - 
=== Iniciando lote 11/99 [LV] ===
2025-11-25 16:05:27,395 - INFO - Janela de seleção aberta
2025-11-25 16:05:31,652 - INFO - DEBUG: idx=10, inicio=150, fim=165
2025-11-25 16:05:31,652 - INFO - ✅ 15 OS copiadas para a área de transferência.
2025-11-25 16:05:31,652 - INFO - 📋 Lote 11 copiado.
2025-11-25 16:05:39,986 - INFO - ⌛ Esperando mudança visual...
2025-11-25 16:05:40,999 - INFO - ⌛ Esperando mudança visual...
2025-11-25 16:05:42,009 - INFO - ⌛ Esperando mudança visual...
2025-11-25 16:05:43,029 - INFO - ⌛ Esperando mudança visual...
2025-11-25 16:05:44,043 - INFO - ⌛ Esperando mudança visual...
2025-11-25 16:05:45,060 - INFO - ⌛ Esperando mudança visual...
2025-11-25 16:05:46,073 - INFO - ⌛ Esperando mudança visual...
2025-11-25 16:05:47,110 - INFO - ⌛ Esperando mudança visual...
2025-11-25 16:05:48,122 - INFO - ⌛ Esperando mudança visual...
2025-11-25 16:05:49,138 - INFO - ⌛ Esperando mudança visual...
2025-11-25 16:05:50,153 - INFO - ⌛ Esperando mudança visual...
2025-11-25 16:05:51,171 - INFO - ⌛ Esperando mudança visual...
2025-11-25 16:05:52,199 - INFO - ⌛ Esperando mudança visual...
2025-11-25 16:05:53,207 - INFO - ⌛ Esperando mudança visual...
2025-11-25 16:05:54,216 - INFO - ✅ Tela carregada!
2025-11-25 16:06:04,708 - INFO - ⌛ Aguardando janela de confirmação de desbloqueio...
2025-11-25 16:06:25,006 - INFO - 🟨 Registros desbloqueados com sucesso
2025-11-25 16:06:38,610 - INFO - ⌛ Aguardando janela de edição de OS...
2025-11-25 16:06:58,982 - INFO - 🟨 Janela de edição de OS detectada
2025-11-25 16:07:07,359 - INFO - 🟨 Janela de edição de habilidade da turma detectada
2025-11-25 16:07:52,673 - INFO - ⌛ Aguardando detecção do campo de caracteristica 'EQUIPE PRÓPRIA OU EPS' ...
2025-11-25 16:08:12,820 - INFO - ⌛ Aguardando detecção do campo de caracteristica 'EQUIPE PRÓPRIA OU EPS' ...
2025-11-25 16:08:32,989 - INFO - ⌛ Aguardando detecção do campo de caracteristica 'EQUIPE PRÓPRIA OU EPS' ...
2025-11-25 16:08:53,132 - INFO - 🟨 campo de caracteristica 'EQUIPE PRÓPRIA OU EPS detectado
2025-11-25 16:09:15,034 - INFO - ⌛ Aguardando confirmação 4 - editar OS...
2025-11-25 16:10:16,647 - INFO - ⌛ Aguardando janela de confirmação de programação de OS...
2025-11-25 16:10:37,340 - INFO - 🟨 Janela de confirmação de programação de OS detectada
2025-11-25 16:10:41,173 - INFO - ⌛ aguardando janela de programação de lote de OS...
2025-11-25 16:11:02,260 - INFO - 🟨 Janela de programação de lote de OS detectada
2025-11-25 16:11:29,856 - INFO - ⌛ aguardando janela de confirmação de programação de lote de OS...
2025-11-25 16:11:50,571 - INFO - 🟨 Janela de confirmação de programação de lote de OS detectada
2025-11-25 16:11:55,282 - INFO - ⌛ aguardando confirmação final de programação do lote
2025-11-25 16:12:16,217 - INFO - 🟨 programação do lote 11 efetuado com sucesso
2025-11-25 16:12:29,507 - INFO - 
=== Iniciando lote 12/99 [LV] ===
2025-11-25 16:12:35,971 - INFO - Janela de seleção aberta
2025-11-25 16:12:40,270 - INFO - DEBUG: idx=11, inicio=165, fim=180
2025-11-25 16:12:40,270 - INFO - ✅ 15 OS copiadas para a área de transferência.
2025-11-25 16:12:40,270 - INFO - 📋 Lote 12 copiado.
2025-11-25 16:12:48,611 - INFO - ⌛ Esperando mudança visual...
2025-11-25 16:12:49,615 - INFO - ⌛ Esperando mudança visual...
2025-11-25 16:12:50,641 - INFO - ⌛ Esperando mudança visual...
2025-11-25 16:12:51,647 - INFO - ⌛ Esperando mudança visual...
2025-11-25 16:12:52,670 - INFO - ⌛ Esperando mudança visual...
2025-11-25 16:12:53,678 - INFO - ⌛ Esperando mudança visual...
2025-11-25 16:12:54,705 - INFO - ⌛ Esperando mudança visual...
2025-11-25 16:12:55,710 - INFO - ⌛ Esperando mudança visual...
2025-11-25 16:12:56,737 - INFO - ⌛ Esperando mudança visual...
2025-11-25 16:12:57,746 - INFO - ⌛ Esperando mudança visual...
2025-11-25 16:12:58,768 - INFO - ⌛ Esperando mudança visual...
2025-11-25 16:12:59,798 - INFO - ⌛ Esperando mudança visual...
2025-11-25 16:13:00,816 - INFO - ⌛ Esperando mudança visual...
2025-11-25 16:13:01,834 - INFO - ⌛ Esperando mudança visual...
2025-11-25 16:13:02,868 - INFO - ⌛ Esperando mudança visual...
2025-11-25 16:13:03,881 - INFO - ✅ Tela carregada!
2025-11-25 16:13:14,489 - INFO - ⌛ Aguardando janela de confirmação de desbloqueio...
2025-11-25 16:13:35,169 - INFO - 🟨 Registros desbloqueados com sucesso
2025-11-25 16:13:49,192 - INFO - ⌛ Aguardando janela de edição de OS...
2025-11-25 16:14:10,164 - INFO - 🟨 Janela de edição de OS detectada
2025-11-25 16:14:18,640 - INFO - 🟨 Janela de edição de habilidade da turma detectada
2025-11-25 16:15:04,147 - INFO - ⌛ Aguardando detecção do campo de caracteristica 'EQUIPE PRÓPRIA OU EPS' ...
2025-11-25 16:15:24,420 - INFO - ⌛ Aguardando detecção do campo de caracteristica 'EQUIPE PRÓPRIA OU EPS' ...
2025-11-25 16:15:44,710 - INFO - ⌛ Aguardando detecção do campo de caracteristica 'EQUIPE PRÓPRIA OU EPS' ...
2025-11-25 16:16:04,946 - INFO - 🟨 campo de caracteristica 'EQUIPE PRÓPRIA OU EPS detectado
2025-11-25 16:16:26,898 - INFO - ⌛ Aguardando confirmação 4 - editar OS...
2025-11-25 16:16:47,540 - INFO - ⌛ Aguardando confirmação 4 - editar OS...
2025-11-25 16:17:49,053 - INFO - ⌛ Aguardando janela de confirmação de programação de OS...
2025-11-25 16:18:09,674 - INFO - 🟨 Janela de confirmação de programação de OS detectada
2025-11-25 16:18:13,426 - INFO - ⌛ aguardando janela de programação de lote de OS...
2025-11-25 16:18:34,416 - INFO - 🟨 Janela de programação de lote de OS detectada
2025-11-25 16:19:01,933 - INFO - ⌛ aguardando janela de confirmação de programação de lote de OS...
2025-11-25 16:19:22,579 - INFO - 🟨 Janela de confirmação de programação de lote de OS detectada
2025-11-25 16:19:27,167 - INFO - ⌛ aguardando confirmação final de programação do lote
2025-11-25 16:19:48,001 - INFO - 🟨 programação do lote 12 efetuado com sucesso
2025-11-25 16:20:01,258 - INFO - 
=== Iniciando lote 13/99 [LV] ===
2025-11-25 16:20:07,724 - INFO - Janela de seleção aberta
2025-11-25 16:20:12,001 - INFO - DEBUG: idx=12, inicio=180, fim=195
2025-11-25 16:20:12,001 - INFO - ✅ 15 OS copiadas para a área de transferência.
2025-11-25 16:20:12,001 - INFO - 📋 Lote 13 copiado.
2025-11-25 16:20:20,333 - INFO - ⌛ Esperando mudança visual...
2025-11-25 16:20:21,348 - INFO - ⌛ Esperando mudança visual...
2025-11-25 16:20:22,367 - INFO - ⌛ Esperando mudança visual...
2025-11-25 16:20:23,371 - INFO - ⌛ Esperando mudança visual...
2025-11-25 16:20:24,393 - INFO - ⌛ Esperando mudança visual...
2025-11-25 16:20:25,408 - INFO - ⌛ Esperando mudança visual...
2025-11-25 16:20:26,426 - INFO - ⌛ Esperando mudança visual...
2025-11-25 16:20:27,443 - INFO - ⌛ Esperando mudança visual...
2025-11-25 16:20:28,464 - INFO - ⌛ Esperando mudança visual...
2025-11-25 16:20:29,486 - INFO - ⌛ Esperando mudança visual...
2025-11-25 16:20:30,504 - INFO - ⌛ Esperando mudança visual...
2025-11-25 16:20:31,530 - INFO - ⌛ Esperando mudança visual...
2025-11-25 16:20:32,532 - INFO - ⌛ Esperando mudança visual...
2025-11-25 16:20:33,544 - INFO - ⌛ Esperando mudança visual...
2025-11-25 16:20:34,568 - INFO - ⌛ Esperando mudança visual...
2025-11-25 16:20:35,583 - INFO - ⌛ Esperando mudança visual...
2025-11-25 16:20:36,601 - INFO - ⌛ Esperando mudança visual...
2025-11-25 16:20:37,614 - INFO - ⌛ Esperando mudança visual...
2025-11-25 16:20:38,631 - INFO - ⌛ Esperando mudança visual...
2025-11-25 16:20:39,647 - INFO - ⌛ Esperando mudança visual...
2025-11-25 16:20:40,669 - INFO - ⌛ Esperando mudança visual...
2025-11-25 16:20:41,676 - INFO - ⌛ Esperando mudança visual...
2025-11-25 16:20:42,691 - INFO - ⌛ Esperando mudança visual...
2025-11-25 16:20:43,708 - INFO - ✅ Tela carregada!
2025-11-25 16:20:54,281 - INFO - ⌛ Aguardando janela de confirmação de desbloqueio...
2025-11-25 16:21:14,928 - INFO - 🟨 Registros desbloqueados com sucesso
2025-11-25 16:21:28,862 - INFO - ⌛ Aguardando janela de edição de OS...
2025-11-25 16:21:49,719 - INFO - 🟨 Janela de edição de OS detectada
2025-11-25 16:21:58,208 - INFO - 🟨 Janela de edição de habilidade da turma detectada
2025-11-25 16:22:43,617 - INFO - ⌛ Aguardando detecção do campo de caracteristica 'EQUIPE PRÓPRIA OU EPS' ...
2025-11-25 16:23:03,918 - INFO - ⌛ Aguardando detecção do campo de caracteristica 'EQUIPE PRÓPRIA OU EPS' ...
2025-11-25 16:23:24,177 - INFO - ⌛ Aguardando detecção do campo de caracteristica 'EQUIPE PRÓPRIA OU EPS' ...
2025-11-25 16:23:44,431 - INFO - 🟨 campo de caracteristica 'EQUIPE PRÓPRIA OU EPS detectado
2025-11-25 16:24:06,380 - INFO - ⌛ Aguardando confirmação 4 - editar OS...
2025-11-25 16:24:27,012 - INFO - ⌛ Aguardando confirmação 4 - editar OS...
2025-11-25 16:25:28,494 - INFO - ⌛ Aguardando janela de confirmação de programação de OS...
2025-11-25 16:25:49,167 - INFO - 🟨 Janela de confirmação de programação de OS detectada
2025-11-25 16:25:52,907 - INFO - ⌛ aguardando janela de programação de lote de OS...
2025-11-25 16:26:13,858 - INFO - 🟨 Janela de programação de lote de OS detectada
2025-11-25 16:26:41,436 - INFO - ⌛ aguardando janela de confirmação de programação de lote de OS...
2025-11-25 16:27:02,058 - INFO - 🟨 Janela de confirmação de programação de lote de OS detectada
2025-11-25 16:27:06,667 - INFO - ⌛ aguardando confirmação final de programação do lote
2025-11-25 16:27:27,558 - INFO - 🟨 programação do lote 13 efetuado com sucesso
2025-11-25 16:27:40,821 - INFO - 
=== Iniciando lote 14/99 [LV] ===
2025-11-25 16:27:47,276 - INFO - Janela de seleção aberta
2025-11-25 16:27:51,573 - INFO - DEBUG: idx=13, inicio=195, fim=210
2025-11-25 16:27:51,576 - INFO - ✅ 15 OS copiadas para a área de transferência.
2025-11-25 16:27:51,576 - INFO - 📋 Lote 14 copiado.
2025-11-25 16:27:59,913 - INFO - ⌛ Esperando mudança visual...
2025-11-25 16:28:00,921 - INFO - ⌛ Esperando mudança visual...
2025-11-25 16:28:01,942 - INFO - ⌛ Esperando mudança visual...
2025-11-25 16:28:02,958 - INFO - ⌛ Esperando mudança visual...
2025-11-25 16:28:03,974 - INFO - ⌛ Esperando mudança visual...
2025-11-25 16:28:04,988 - INFO - ⌛ Esperando mudança visual...
2025-11-25 16:28:06,006 - INFO - ⌛ Esperando mudança visual...
2025-11-25 16:28:07,015 - INFO - ⌛ Esperando mudança visual...
2025-11-25 16:28:08,037 - INFO - ⌛ Esperando mudança visual...
2025-11-25 16:28:09,047 - INFO - ⌛ Esperando mudança visual...
2025-11-25 16:28:10,064 - INFO - ⌛ Esperando mudança visual...
2025-11-25 16:28:11,084 - INFO - ⌛ Esperando mudança visual...
2025-11-25 16:28:12,097 - INFO - ⌛ Esperando mudança visual...
2025-11-25 16:28:13,115 - INFO - ⌛ Esperando mudança visual...
2025-11-25 16:28:14,129 - INFO - ⌛ Esperando mudança visual...
2025-11-25 16:28:15,152 - INFO - ⌛ Esperando mudança visual...
2025-11-25 16:28:16,181 - INFO - ⌛ Esperando mudança visual...
2025-11-25 16:28:17,198 - INFO - ⌛ Esperando mudança visual...
2025-11-25 16:28:18,205 - INFO - ⌛ Esperando mudança visual...
2025-11-25 16:28:19,224 - INFO - ⌛ Esperando mudança visual...
2025-11-25 16:28:20,240 - INFO - ⌛ Esperando mudança visual...
2025-11-25 16:28:21,257 - INFO - ⌛ Esperando mudança visual...
2025-11-25 16:28:22,270 - INFO - ⌛ Esperando mudança visual...
2025-11-25 16:28:23,288 - INFO - ⌛ Esperando mudança visual...
2025-11-25 16:28:24,302 - INFO - ⌛ Esperando mudança visual...
2025-11-25 16:28:25,318 - INFO - ✅ Tela carregada!
2025-11-25 16:28:35,910 - INFO - ⌛ Aguardando janela de confirmação de desbloqueio...
2025-11-25 16:28:56,570 - INFO - 🟨 Registros desbloqueados com sucesso
2025-11-25 16:29:10,472 - INFO - ⌛ Aguardando janela de edição de OS...
2025-11-25 16:29:31,291 - INFO - 🟨 Janela de edição de OS detectada
2025-11-25 16:29:39,795 - INFO - 🟨 Janela de edição de habilidade da turma detectada
2025-11-25 16:30:25,232 - INFO - ⌛ Aguardando detecção do campo de caracteristica 'EQUIPE PRÓPRIA OU EPS' ...
2025-11-25 16:30:45,493 - INFO - ⌛ Aguardando detecção do campo de caracteristica 'EQUIPE PRÓPRIA OU EPS' ...
2025-11-25 16:31:05,758 - INFO - ⌛ Aguardando detecção do campo de caracteristica 'EQUIPE PRÓPRIA OU EPS' ...
2025-11-25 16:31:26,022 - INFO - 🟨 campo de caracteristica 'EQUIPE PRÓPRIA OU EPS detectado
2025-11-25 16:31:48,032 - INFO - ⌛ Aguardando confirmação 4 - editar OS...
2025-11-25 16:32:08,685 - INFO - ⌛ Aguardando confirmação 4 - editar OS...
2025-11-25 16:33:10,260 - INFO - ⌛ Aguardando janela de confirmação de programação de OS...
2025-11-25 16:33:30,980 - INFO - 🟨 Janela de confirmação de programação de OS detectada
2025-11-25 16:33:34,719 - INFO - ⌛ aguardando janela de programação de lote de OS...
2025-11-25 16:33:55,471 - INFO - 🟨 Janela de programação de lote de OS detectada
2025-11-25 16:34:23,054 - INFO - ⌛ aguardando janela de confirmação de programação de lote de OS...
2025-11-25 16:34:43,727 - INFO - 🟨 Janela de confirmação de programação de lote de OS detectada
2025-11-25 16:34:48,341 - INFO - ⌛ aguardando confirmação final de programação do lote
2025-11-25 16:35:09,163 - INFO - 🟨 programação do lote 14 efetuado com sucesso
2025-11-25 16:35:22,434 - INFO - 
=== Iniciando lote 15/99 [LV] ===
2025-11-25 16:35:28,897 - INFO - Janela de seleção aberta
2025-11-25 16:35:33,195 - INFO - DEBUG: idx=14, inicio=210, fim=225
2025-11-25 16:35:33,195 - INFO - ✅ 15 OS copiadas para a área de transferência.
2025-11-25 16:35:33,196 - INFO - 📋 Lote 15 copiado.
2025-11-25 16:35:41,520 - INFO - ⌛ Esperando mudança visual...
2025-11-25 16:35:42,536 - INFO - ⌛ Esperando mudança visual...
2025-11-25 16:35:43,553 - INFO - ⌛ Esperando mudança visual...
2025-11-25 16:35:44,567 - INFO - ⌛ Esperando mudança visual...
2025-11-25 16:35:45,583 - INFO - ⌛ Esperando mudança visual...
2025-11-25 16:35:46,597 - INFO - ⌛ Esperando mudança visual...
2025-11-25 16:35:47,615 - INFO - ⌛ Esperando mudança visual...
2025-11-25 16:35:48,629 - INFO - ⌛ Esperando mudança visual...
2025-11-25 16:35:49,646 - INFO - ⌛ Esperando mudança visual...
2025-11-25 16:35:50,657 - INFO - ⌛ Esperando mudança visual...
2025-11-25 16:35:51,676 - INFO - ⌛ Esperando mudança visual...
2025-11-25 16:35:52,710 - INFO - ⌛ Esperando mudança visual...
2025-11-25 16:35:53,724 - INFO - ⌛ Esperando mudança visual...
2025-11-25 16:35:54,740 - INFO - ⌛ Esperando mudança visual...
2025-11-25 16:35:55,760 - INFO - ⌛ Esperando mudança visual...
2025-11-25 16:35:56,767 - INFO - ⌛ Esperando mudança visual...
2025-11-25 16:35:57,788 - INFO - ⌛ Esperando mudança visual...
2025-11-25 16:35:58,804 - INFO - ⌛ Esperando mudança visual...
2025-11-25 16:35:59,813 - INFO - ⌛ Esperando mudança visual...
2025-11-25 16:36:00,834 - INFO - ⌛ Esperando mudança visual...
2025-11-25 16:36:01,848 - INFO - ⌛ Esperando mudança visual...
2025-11-25 16:36:02,868 - INFO - ⌛ Esperando mudança visual...
2025-11-25 16:36:03,872 - INFO - ⌛ Esperando mudança visual...
2025-11-25 16:36:04,888 - INFO - ⌛ Esperando mudança visual...
2025-11-25 16:36:05,914 - INFO - ⌛ Esperando mudança visual...
2025-11-25 16:36:06,928 - INFO - ⌛ Esperando mudança visual...
2025-11-25 16:36:07,944 - INFO - ⌛ Esperando mudança visual...
2025-11-25 16:36:08,959 - INFO - ⌛ Esperando mudança visual...
2025-11-25 16:36:09,976 - INFO - ⌛ Esperando mudança visual...
2025-11-25 16:36:10,991 - INFO - ⌛ Esperando mudança visual...
2025-11-25 16:36:12,006 - INFO - ✅ Tela carregada!
2025-11-25 16:36:22,590 - INFO - ⌛ Aguardando janela de confirmação de desbloqueio...
2025-11-25 16:36:43,242 - INFO - 🟨 Registros desbloqueados com sucesso
2025-11-25 16:36:57,178 - INFO - ⌛ Aguardando janela de edição de OS...
2025-11-25 16:37:18,005 - INFO - 🟨 Janela de edição de OS detectada
2025-11-25 16:37:26,497 - INFO - 🟨 Janela de edição de habilidade da turma detectada
2025-11-25 16:38:11,947 - INFO - ⌛ Aguardando detecção do campo de caracteristica 'EQUIPE PRÓPRIA OU EPS' ...
2025-11-25 16:38:32,216 - INFO - ⌛ Aguardando detecção do campo de caracteristica 'EQUIPE PRÓPRIA OU EPS' ...
2025-11-25 16:38:52,488 - INFO - ⌛ Aguardando detecção do campo de caracteristica 'EQUIPE PRÓPRIA OU EPS' ...
2025-11-25 16:39:12,791 - INFO - 🟨 campo de caracteristica 'EQUIPE PRÓPRIA OU EPS detectado
2025-11-25 16:39:34,731 - INFO - ⌛ Aguardando confirmação 4 - editar OS...
2025-11-25 16:39:55,393 - INFO - ⌛ Aguardando confirmação 4 - editar OS...
2025-11-25 16:40:16,092 - INFO - ⌛ Aguardando confirmação 4 - editar OS...
2025-11-25 16:40:36,803 - INFO - ⌛ Aguardando confirmação 4 - editar OS...
2025-11-25 16:40:57,444 - INFO - ⌛ Aguardando confirmação 4 - editar OS...
2025-11-25 16:41:18,106 - INFO - ⌛ Aguardando confirmação 4 - editar OS...
2025-11-25 16:41:38,820 - INFO - ⌛ Aguardando confirmação 4 - editar OS...
2025-11-25 16:41:59,446 - INFO - ⌛ Aguardando confirmação 4 - editar OS...
2025-11-25 16:42:20,090 - INFO - ⌛ Aguardando confirmação 4 - editar OS...
2025-11-25 16:42:40,751 - INFO - ⌛ Aguardando confirmação 4 - editar OS...
2025-11-25 16:43:01,418 - INFO - ⌛ Aguardando confirmação 4 - editar OS...
2025-11-25 16:43:22,107 - INFO - ⌛ Aguardando confirmação 4 - editar OS...
2025-11-25 16:43:42,779 - INFO - ⌛ Aguardando confirmação 4 - editar OS...
2025-11-25 16:44:03,457 - INFO - ⌛ Aguardando confirmação 4 - editar OS...
2025-11-25 17:09:25,660 - INFO - Data hoje: 25/11/2025
2025-11-25 17:09:25,660 - INFO - Data de referência: 30/11/2025
2025-11-25 17:09:46,113 - INFO - 
Qtde LINHA VIVA: 1480
2025-11-25 17:09:46,113 - INFO - Qtde LINHA MORTA/PESADA/FAIXA: 904
2025-11-25 17:09:47,517 - INFO - 
Arquivo gerado: C:\Users\U469784\venvs\py311\bot_programacao\EXCEL\pendentes_20251125.xlsx
2025-11-25 17:09:48,021 - INFO - 
 Qtd de lotes de LM: 61
2025-11-25 17:09:48,023 - INFO - 
 Qtd de lotes de LV: 99
2025-11-25 17:09:48,023 - INFO - 
=== Iniciando lote 16/99 [LV] ===
2025-11-25 17:09:54,580 - INFO - ⌛ Aguardando janela de seleção...
2025-11-25 17:10:15,287 - INFO - Janela de seleção aberta
2025-11-25 17:10:19,606 - INFO - DEBUG: idx=15, inicio=225, fim=240
2025-11-25 17:10:19,606 - INFO - ✅ 15 OS copiadas para a área de transferência.
2025-11-25 17:10:19,606 - INFO - 📋 Lote 16 copiado.
2025-11-25 17:10:27,942 - INFO - ⌛ Esperando mudança visual...
2025-11-25 17:10:28,963 - INFO - ⌛ Esperando mudança visual...
2025-11-25 17:10:29,980 - INFO - ✅ Tela carregada!
2025-11-25 17:10:40,592 - INFO - ⌛ Aguardando janela de confirmação de desbloqueio...
2025-11-25 17:11:01,309 - INFO - 🟨 Registros desbloqueados com sucesso
2025-11-25 17:11:15,317 - INFO - ⌛ Aguardando janela de edição de OS...
2025-11-25 17:11:36,192 - INFO - 🟨 Janela de edição de OS detectada
2025-11-25 17:11:44,709 - INFO - ⌛ Aguardando detecção da janela de edição de características ...
2025-11-25 17:12:05,218 - INFO - ⌛ Aguardando janela de edição de OS...
2025-11-25 17:12:26,112 - INFO - ⌛ Aguardando janela de edição de OS...
2025-11-25 17:12:46,999 - INFO - ⌛ Aguardando janela de edição de OS...
2025-11-25 17:13:07,876 - INFO - ⌛ Aguardando janela de edição de OS...
2025-11-25 17:13:28,818 - INFO - ⌛ Aguardando janela de edição de OS...
2025-11-25 17:13:49,712 - INFO - ⌛ Aguardando janela de edição de OS...
2025-11-25 17:14:10,619 - INFO - ⌛ Aguardando janela de edição de OS...
2025-11-25 17:14:31,575 - INFO - ⌛ Aguardando janela de edição de OS...
2025-11-25 17:14:52,531 - INFO - ⌛ Aguardando janela de edição de OS...
2025-11-25 17:15:13,360 - INFO - ⌛ Aguardando janela de edição de OS...
2025-11-25 17:15:34,233 - INFO - ⌛ Aguardando janela de edição de OS...
2025-11-25 17:15:55,083 - INFO - ⌛ Aguardando janela de edição de OS...
2025-11-25 17:16:15,948 - INFO - ⌛ Aguardando janela de edição de OS...
2025-11-25 17:16:36,779 - INFO - ⌛ Aguardando janela de edição de OS...
2025-11-25 17:16:57,614 - INFO - ⌛ Aguardando janela de edição de OS...
2025-11-25 17:17:18,426 - INFO - ⌛ Aguardando janela de edição de OS...
2025-11-25 17:17:39,234 - INFO - ⌛ Aguardando janela de edição de OS...
2025-11-25 17:18:00,029 - INFO - ⌛ Aguardando janela de edição de OS...
2025-11-25 17:18:20,891 - INFO - ⌛ Aguardando janela de edição de OS...
2025-11-25 17:18:41,705 - INFO - ⌛ Aguardando janela de edição de OS...
2025-11-25 17:19:02,489 - INFO - ⌛ Aguardando janela de edição de OS...
2025-11-25 17:19:23,284 - INFO - ⌛ Aguardando janela de edição de OS...
2025-11-25 17:19:44,116 - INFO - ⌛ Aguardando janela de edição de OS...
2025-11-25 17:20:04,930 - INFO - ⌛ Aguardando janela de edição de OS...
2025-11-25 17:20:25,771 - INFO - ⌛ Aguardando janela de edição de OS...
2025-11-25 17:20:46,623 - INFO - ⌛ Aguardando janela de edição de OS...
2025-11-25 17:21:07,467 - INFO - ⌛ Aguardando janela de edição de OS...
2025-11-25 17:21:28,376 - INFO - ⌛ Aguardando janela de edição de OS...
2025-11-25 17:22:09,213 - INFO - Data hoje: 25/11/2025
2025-11-25 17:22:09,213 - INFO - Data de referência: 30/11/2025
2025-11-25 17:22:34,425 - INFO - 
Qtde LINHA VIVA: 1480
2025-11-25 17:22:34,426 - INFO - Qtde LINHA MORTA/PESADA/FAIXA: 904
2025-11-25 17:22:35,628 - INFO - 
Arquivo gerado: C:\Users\U469784\venvs\py311\bot_programacao\EXCEL\pendentes_20251125.xlsx
2025-11-25 17:22:36,186 - INFO - 
 Qtd de lotes de LM: 61
2025-11-25 17:22:36,186 - INFO - 
 Qtd de lotes de LV: 99
2025-11-25 17:22:36,186 - INFO - 
=== Iniciando lote 16/99 [LV] ===
2025-11-25 17:22:42,680 - INFO - Janela de seleção aberta
2025-11-25 17:22:47,005 - INFO - DEBUG: idx=15, inicio=225, fim=240
2025-11-25 17:22:47,005 - INFO - ✅ 15 OS copiadas para a área de transferência.
2025-11-25 17:22:47,005 - INFO - 📋 Lote 16 copiado.
2025-11-25 17:22:55,347 - INFO - ⌛ Esperando mudança visual...
2025-11-25 17:22:56,355 - INFO - ⌛ Esperando mudança visual...
2025-11-25 17:22:57,375 - INFO - ⌛ Esperando mudança visual...
2025-11-25 17:22:58,387 - INFO - ⌛ Esperando mudança visual...
2025-11-25 17:22:59,410 - INFO - ⌛ Esperando mudança visual...
2025-11-25 17:23:00,419 - INFO - ⌛ Esperando mudança visual...
2025-11-25 17:23:01,440 - INFO - ⌛ Esperando mudança visual...
2025-11-25 17:23:02,452 - INFO - ⌛ Esperando mudança visual...
2025-11-25 17:23:03,474 - INFO - ⌛ Esperando mudança visual...
2025-11-25 17:23:04,488 - INFO - ⌛ Esperando mudança visual...
2025-11-25 17:23:05,506 - INFO - ⌛ Esperando mudança visual...
2025-11-25 17:23:06,522 - INFO - ⌛ Esperando mudança visual...
2025-11-25 17:23:07,539 - INFO - ⌛ Esperando mudança visual...
2025-11-25 17:23:08,546 - INFO - ⌛ Esperando mudança visual...
2025-11-25 17:23:09,575 - INFO - ⌛ Esperando mudança visual...
2025-11-25 17:23:10,598 - INFO - ⌛ Esperando mudança visual...
2025-11-25 17:23:11,605 - INFO - ⌛ Esperando mudança visual...
2025-11-25 17:23:12,625 - INFO - ⌛ Esperando mudança visual...
2025-11-25 17:23:13,631 - INFO - ⌛ Esperando mudança visual...
2025-11-25 17:23:14,654 - INFO - ⌛ Esperando mudança visual...
2025-11-25 17:23:15,681 - INFO - ✅ Tela carregada!
2025-11-25 17:23:26,276 - INFO - ⌛ Aguardando janela de confirmação de desbloqueio...
2025-11-25 17:23:46,942 - INFO - 🟨 Registros desbloqueados com sucesso
2025-11-25 17:24:00,985 - INFO - ⌛ Aguardando janela de edição de OS...
2025-11-25 17:24:21,903 - INFO - 🟨 Janela de edição de OS detectada
2025-11-25 17:24:30,372 - INFO - 🟨 Janela de edição de habilidade da turma detectada
2025-11-25 17:25:15,856 - INFO - ⌛ Aguardando detecção do campo de caracteristica 'EQUIPE PRÓPRIA OU EPS' ...
2025-11-25 17:25:36,123 - INFO - ⌛ Aguardando detecção do campo de caracteristica 'EQUIPE PRÓPRIA OU EPS' ...
2025-11-25 17:25:56,384 - INFO - ⌛ Aguardando detecção do campo de caracteristica 'EQUIPE PRÓPRIA OU EPS' ...
2025-11-25 17:26:16,658 - INFO - 🟨 campo de caracteristica 'EQUIPE PRÓPRIA OU EPS detectado
2025-11-25 17:26:38,628 - INFO - ⌛ Aguardando confirmação 4 - editar OS...
2025-11-25 17:27:40,148 - INFO - ⌛ Aguardando janela de confirmação de programação de OS...
2025-11-25 17:28:00,859 - INFO - 🟨 Janela de confirmação de programação de OS detectada
2025-11-25 17:28:04,597 - INFO - ⌛ aguardando janela de programação de lote de OS...
2025-11-25 17:28:25,600 - INFO - 🟨 Janela de programação de lote de OS detectada
2025-11-25 17:28:53,212 - INFO - ⌛ aguardando janela de confirmação de programação de lote de OS...
2025-11-25 17:29:13,964 - INFO - 🟨 Janela de confirmação de programação de lote de OS detectada
2025-11-25 17:29:18,655 - INFO - ⌛ aguardando confirmação final de programação do lote
2025-11-25 17:29:39,533 - INFO - 🟨 programação do lote 16 efetuado com sucesso
2025-11-25 17:29:52,812 - INFO - 
=== Iniciando lote 17/99 [LV] ===
2025-11-25 17:29:59,293 - INFO - Janela de seleção aberta
2025-11-25 17:30:03,631 - INFO - DEBUG: idx=16, inicio=240, fim=255
2025-11-25 17:30:03,631 - INFO - ✅ 15 OS copiadas para a área de transferência.
2025-11-25 17:30:03,631 - INFO - 📋 Lote 17 copiado.
2025-11-25 17:30:11,968 - INFO - ⌛ Esperando mudança visual...
2025-11-25 17:30:12,987 - INFO - ⌛ Esperando mudança visual...
2025-11-25 17:30:14,003 - INFO - ⌛ Esperando mudança visual...
2025-11-25 17:30:15,010 - INFO - ⌛ Esperando mudança visual...
2025-11-25 17:30:16,021 - INFO - ⌛ Esperando mudança visual...
2025-11-25 17:30:17,044 - INFO - ⌛ Esperando mudança visual...
2025-11-25 17:30:18,061 - INFO - ⌛ Esperando mudança visual...
2025-11-25 17:30:19,078 - INFO - ⌛ Esperando mudança visual...
2025-11-25 17:30:20,089 - INFO - ⌛ Esperando mudança visual...
2025-11-25 17:30:21,101 - INFO - ⌛ Esperando mudança visual...
2025-11-25 17:30:22,123 - INFO - ⌛ Esperando mudança visual...
2025-11-25 17:30:23,130 - INFO - ⌛ Esperando mudança visual...
2025-11-25 17:30:24,154 - INFO - ⌛ Esperando mudança visual...
2025-11-25 17:30:25,190 - INFO - ⌛ Esperando mudança visual...
2025-11-25 17:30:26,204 - INFO - ⌛ Esperando mudança visual...
2025-11-25 17:30:27,237 - INFO - ⌛ Esperando mudança visual...
2025-11-25 17:30:28,247 - INFO - ⌛ Esperando mudança visual...
2025-11-25 17:30:29,273 - INFO - ⌛ Esperando mudança visual...
2025-11-25 17:30:30,278 - INFO - ⌛ Esperando mudança visual...
2025-11-25 17:30:31,292 - INFO - ⌛ Esperando mudança visual...
2025-11-25 17:30:32,309 - INFO - ⌛ Esperando mudança visual...
2025-11-25 17:30:33,320 - INFO - ⌛ Esperando mudança visual...
2025-11-25 17:30:34,336 - INFO - ⌛ Esperando mudança visual...
2025-11-25 17:30:35,358 - INFO - ⌛ Esperando mudança visual...
2025-11-25 17:30:36,367 - INFO - ✅ Tela carregada!
2025-11-25 17:30:46,958 - INFO - ⌛ Aguardando janela de confirmação de desbloqueio...
2025-11-25 17:31:07,673 - INFO - 🟨 Registros desbloqueados com sucesso
2025-11-25 17:31:21,594 - INFO - 🟨 OS programadas detectadas
2025-11-25 17:31:24,871 - INFO - ⌛ Aguardando janela de edição de OS...
2025-11-25 17:31:45,676 - INFO - 🟨 Janela de edição de OS detectada
2025-11-25 17:31:54,166 - INFO - 🟨 Janela de edição de habilidade da turma detectada
2025-11-25 17:32:39,588 - INFO - ⌛ Aguardando detecção do campo de caracteristica 'EQUIPE PRÓPRIA OU EPS' ...
2025-11-25 17:32:59,844 - INFO - ⌛ Aguardando detecção do campo de caracteristica 'EQUIPE PRÓPRIA OU EPS' ...
2025-11-25 17:33:20,096 - INFO - ⌛ Aguardando detecção do campo de caracteristica 'EQUIPE PRÓPRIA OU EPS' ...
2025-11-25 17:33:40,363 - INFO - 🟨 campo de caracteristica 'EQUIPE PRÓPRIA OU EPS detectado
2025-11-25 17:34:02,390 - INFO - ⌛ Aguardando confirmação 4 - editar OS...
2025-11-25 17:34:23,153 - INFO - ⌛ Aguardando confirmação 4 - editar OS...
2025-11-25 17:35:24,740 - INFO - ⌛ Aguardando janela de confirmação de programação de OS...
2025-11-25 17:35:45,426 - INFO - ⌛ Aguardando janela de confirmação de programação de OS...
2025-11-25 17:36:06,203 - INFO - ⌛ Aguardando janela de confirmação de programação de OS...
2025-11-25 17:36:26,930 - INFO - ⌛ Aguardando janela de confirmação de programação de OS...
2025-11-25 17:36:47,679 - INFO - ⌛ Aguardando janela de confirmação de programação de OS...
2025-11-25 17:37:08,330 - INFO - ⌛ Aguardando janela de confirmação de programação de OS...
2025-11-25 17:37:28,996 - INFO - ⌛ Aguardando janela de confirmação de programação de OS...
2025-11-25 17:37:49,707 - INFO - ⌛ Aguardando janela de confirmação de programação de OS...
2025-11-25 17:38:10,367 - INFO - ⌛ Aguardando janela de confirmação de programação de OS...
2025-11-25 17:38:31,062 - INFO - ⌛ Aguardando janela de confirmação de programação de OS...
2025-11-25 17:38:52,046 - INFO - ⌛ Aguardando janela de confirmação de programação de OS...
2025-11-25 17:39:12,721 - INFO - ⌛ Aguardando janela de confirmação de programação de OS...
2025-11-25 17:42:35,313 - INFO - Data hoje: 25/11/2025
2025-11-25 17:42:35,315 - INFO - Data de referência: 30/11/2025
2025-11-25 17:43:08,475 - INFO - 
Qtde LINHA VIVA: 1480
2025-11-25 17:43:08,475 - INFO - Qtde LINHA MORTA/PESADA/FAIXA: 904
2025-11-25 17:43:09,286 - INFO - 
Arquivo gerado: C:\Users\U469784\venvs\py311\bot_programacao\EXCEL\pendentes_20251125.xlsx
2025-11-25 17:43:09,671 - INFO - 
 Qtd de lotes de LM: 61
2025-11-25 17:43:09,671 - INFO - 
 Qtd de lotes de LV: 99
2025-11-25 17:43:09,673 - INFO - 
=== Iniciando lote 17/99 [LV] ===
2025-11-25 17:43:16,082 - INFO - Janela de seleção aberta
2025-11-25 17:43:20,313 - INFO - DEBUG: idx=16, inicio=240, fim=255
2025-11-25 17:43:20,313 - INFO - ✅ 15 OS copiadas para a área de transferência.
2025-11-25 17:43:20,313 - INFO - 📋 Lote 17 copiado.
2025-11-25 17:43:28,645 - INFO - ⌛ Esperando mudança visual...
2025-11-25 17:43:29,660 - INFO - ⌛ Esperando mudança visual...
2025-11-25 17:43:30,674 - INFO - ⌛ Esperando mudança visual...
2025-11-25 17:43:31,709 - INFO - ⌛ Esperando mudança visual...
2025-11-25 17:43:32,727 - INFO - ⌛ Esperando mudança visual...
2025-11-25 17:43:33,739 - INFO - ⌛ Esperando mudança visual...
2025-11-25 17:43:34,755 - INFO - ⌛ Esperando mudança visual...
2025-11-25 17:43:35,776 - INFO - ⌛ Esperando mudança visual...
2025-11-25 17:43:36,790 - INFO - ⌛ Esperando mudança visual...
2025-11-25 17:43:37,803 - INFO - ⌛ Esperando mudança visual...
2025-11-25 17:43:38,849 - INFO - ⌛ Esperando mudança visual...
2025-11-25 17:43:39,852 - INFO - ⌛ Esperando mudança visual...
2025-11-25 17:43:40,866 - INFO - ⌛ Esperando mudança visual...
2025-11-25 17:43:41,880 - INFO - ⌛ Esperando mudança visual...
2025-11-25 17:43:42,896 - INFO - ⌛ Esperando mudança visual...
2025-11-25 17:43:43,910 - INFO - ⌛ Esperando mudança visual...
2025-11-25 17:43:44,927 - INFO - ⌛ Esperando mudança visual...
2025-11-25 17:43:45,940 - INFO - ⌛ Esperando mudança visual...
2025-11-25 17:43:46,967 - INFO - ⌛ Esperando mudança visual...
2025-11-25 17:43:47,973 - INFO - ⌛ Esperando mudança visual...
2025-11-25 17:43:48,993 - INFO - ✅ Tela carregada!
2025-11-25 17:43:59,521 - INFO - ⌛ Aguardando janela de confirmação de desbloqueio...
2025-11-25 17:44:19,934 - INFO - 🟨 Registros desbloqueados com sucesso
2025-11-25 17:44:33,500 - INFO - 🟨 OS programadas detectadas
2025-11-25 17:44:36,675 - INFO - ⌛ Aguardando janela de edição de OS...
2025-11-25 17:44:57,012 - INFO - 🟨 Janela de edição de OS detectada
2025-11-25 17:45:05,374 - INFO - 🟨 Janela de edição de habilidade da turma detectada
2025-11-25 17:45:50,711 - INFO - ⌛ Aguardando detecção do campo de caracteristica 'EQUIPE PRÓPRIA OU EPS' ...
2025-11-25 17:46:10,861 - INFO - ⌛ Aguardando detecção do campo de caracteristica 'EQUIPE PRÓPRIA OU EPS' ...
2025-11-25 17:46:31,021 - INFO - ⌛ Aguardando detecção do campo de caracteristica 'EQUIPE PRÓPRIA OU EPS' ...
2025-11-25 17:46:51,196 - INFO - 🟨 campo de caracteristica 'EQUIPE PRÓPRIA OU EPS detectado
2025-11-25 17:47:12,928 - INFO - ⌛ Aguardando confirmação 4 - editar OS...
2025-11-25 17:47:33,233 - INFO - ⌛ Aguardando confirmação 4 - editar OS...
2025-11-25 17:48:34,206 - INFO - ⌛ Aguardando janela de confirmação de programação de OS...
2025-11-25 17:48:54,506 - INFO - 🟨 Janela de confirmação de programação de OS detectada
2025-11-25 17:48:57,853 - INFO - 🟨 Janela de aviso de edição de OS programadas detectada
2025-11-25 17:49:02,121 - INFO - ⌛ aguardando janela de programação de lote de OS...
2025-11-25 17:49:22,563 - INFO - 🟨 Janela de aviso de substituição de lote de OS detectada
2025-11-25 17:49:28,833 - INFO - ⌛ aguardando janela de programação de lote de OS...
2025-11-25 17:49:49,229 - INFO - 🟨 Janela de programação de lote de OS detectada
2025-11-25 17:50:16,714 - INFO - ⌛ aguardando janela de confirmação de programação de lote de OS...
2025-11-25 17:50:37,061 - INFO - 🟨 Janela de confirmação de programação de lote de OS detectada
2025-11-25 17:50:41,344 - INFO - ⌛ aguardando confirmação final de programação do lote
2025-11-25 17:51:01,760 - INFO - 🟨 programação do lote 17 efetuado com sucesso
2025-11-25 17:51:14,925 - INFO - 
=== Iniciando lote 18/99 [LV] ===
2025-11-25 17:51:21,290 - INFO - Janela de seleção aberta
2025-11-25 17:51:25,527 - INFO - DEBUG: idx=17, inicio=255, fim=270
2025-11-25 17:51:25,527 - INFO - ✅ 15 OS copiadas para a área de transferência.
2025-11-25 17:51:25,527 - INFO - 📋 Lote 18 copiado.
2025-11-25 17:51:33,857 - INFO - ⌛ Esperando mudança visual...
2025-11-25 17:51:34,860 - INFO - ⌛ Esperando mudança visual...
2025-11-25 17:51:35,867 - INFO - ⌛ Esperando mudança visual...
2025-11-25 17:51:36,879 - INFO - ⌛ Esperando mudança visual...
2025-11-25 17:51:37,896 - INFO - ⌛ Esperando mudança visual...
2025-11-25 17:51:38,933 - INFO - ⌛ Esperando mudança visual...
2025-11-25 17:51:39,942 - INFO - ⌛ Esperando mudança visual...
2025-11-25 17:51:40,951 - INFO - ⌛ Esperando mudança visual...
2025-11-25 17:51:41,955 - INFO - ⌛ Esperando mudança visual...
2025-11-25 17:51:42,982 - INFO - ⌛ Esperando mudança visual...
2025-11-25 17:51:43,988 - INFO - ✅ Tela carregada!
2025-11-25 17:51:54,480 - INFO - ⌛ Aguardando janela de confirmação de desbloqueio...
2025-11-25 17:52:14,799 - INFO - 🟨 Registros desbloqueados com sucesso
2025-11-25 17:52:28,448 - INFO - 🟨 OS programadas detectadas
2025-11-25 17:52:31,618 - INFO - ⌛ Aguardando janela de edição de OS...
2025-11-25 17:52:51,978 - INFO - 🟨 Janela de edição de OS detectada
2025-11-25 17:53:00,339 - INFO - 🟨 Janela de edição de habilidade da turma detectada
2025-11-25 17:53:45,653 - INFO - ⌛ Aguardando detecção do campo de caracteristica 'EQUIPE PRÓPRIA OU EPS' ...
2025-11-25 17:54:05,786 - INFO - ⌛ Aguardando detecção do campo de caracteristica 'EQUIPE PRÓPRIA OU EPS' ...
2025-11-25 17:54:25,930 - INFO - ⌛ Aguardando detecção do campo de caracteristica 'EQUIPE PRÓPRIA OU EPS' ...
2025-11-25 17:54:46,087 - INFO - 🟨 campo de caracteristica 'EQUIPE PRÓPRIA OU EPS detectado
2025-11-25 17:55:07,794 - INFO - ⌛ Aguardando confirmação 4 - editar OS...
2025-11-25 17:56:08,723 - INFO - ⌛ Aguardando janela de confirmação de programação de OS...
2025-11-25 17:56:29,019 - INFO - 🟨 Janela de confirmação de programação de OS detectada
2025-11-25 17:56:32,326 - INFO - 🟨 Janela de aviso de edição de OS programadas detectada
2025-11-25 17:56:36,590 - INFO - ⌛ aguardando janela de programação de lote de OS...
2025-11-25 17:56:57,038 - INFO - 🟨 Janela de aviso de substituição de lote de OS detectada
2025-11-25 17:57:03,307 - INFO - ⌛ aguardando janela de programação de lote de OS...
2025-11-25 17:57:23,712 - INFO - 🟨 Janela de programação de lote de OS detectada
2025-11-25 17:57:51,129 - INFO - ⌛ aguardando janela de confirmação de programação de lote de OS...
2025-11-25 17:58:11,438 - INFO - 🟨 Janela de confirmação de programação de lote de OS detectada
2025-11-25 17:58:15,681 - INFO - ⌛ aguardando confirmação final de programação do lote
2025-11-25 17:58:36,071 - INFO - 🟨 programação do lote 18 efetuado com sucesso
2025-11-25 17:58:49,234 - INFO - 
=== Iniciando lote 19/99 [LV] ===
2025-11-25 17:58:55,592 - INFO - Janela de seleção aberta
2025-11-25 17:58:59,826 - INFO - DEBUG: idx=18, inicio=270, fim=285
2025-11-25 17:58:59,826 - INFO - ✅ 15 OS copiadas para a área de transferência.
2025-11-25 17:58:59,826 - INFO - 📋 Lote 19 copiado.
2025-11-25 17:59:08,158 - INFO - ⌛ Esperando mudança visual...
2025-11-25 17:59:09,181 - INFO - ⌛ Esperando mudança visual...
2025-11-25 17:59:10,209 - INFO - ⌛ Esperando mudança visual...
2025-11-25 17:59:11,224 - INFO - ⌛ Esperando mudança visual...
2025-11-25 17:59:12,250 - INFO - ⌛ Esperando mudança visual...
2025-11-25 17:59:13,253 - INFO - ⌛ Esperando mudança visual...
2025-11-25 17:59:14,267 - INFO - ⌛ Esperando mudança visual...
2025-11-25 17:59:15,296 - INFO - ⌛ Esperando mudança visual...
2025-11-25 17:59:16,311 - INFO - ⌛ Esperando mudança visual...
2025-11-25 17:59:17,330 - INFO - ⌛ Esperando mudança visual...
2025-11-25 17:59:18,348 - INFO - ⌛ Esperando mudança visual...
2025-11-25 17:59:19,365 - INFO - ✅ Tela carregada!
2025-11-25 17:59:29,818 - INFO - ⌛ Aguardando janela de confirmação de desbloqueio...
2025-11-25 17:59:50,114 - INFO - 🟨 Registros desbloqueados com sucesso
2025-11-25 18:00:03,672 - INFO - ⌛ Aguardando janela de edição de OS...
2025-11-25 18:00:24,033 - INFO - 🟨 Janela de edição de OS detectada
2025-11-25 18:00:32,388 - INFO - 🟨 Janela de edição de habilidade da turma detectada
2025-11-25 18:01:17,705 - INFO - ⌛ Aguardando detecção do campo de caracteristica 'EQUIPE PRÓPRIA OU EPS' ...
2025-11-25 18:01:37,860 - INFO - ⌛ Aguardando detecção do campo de caracteristica 'EQUIPE PRÓPRIA OU EPS' ...
2025-11-25 18:01:58,013 - INFO - ⌛ Aguardando detecção do campo de caracteristica 'EQUIPE PRÓPRIA OU EPS' ...
2025-11-25 18:02:18,151 - INFO - 🟨 campo de caracteristica 'EQUIPE PRÓPRIA OU EPS detectado
2025-11-25 18:02:39,896 - INFO - ⌛ Aguardando confirmação 4 - editar OS...
2025-11-25 18:03:00,224 - INFO - ⌛ Aguardando confirmação 4 - editar OS...
2025-11-25 18:04:01,157 - INFO - ⌛ Aguardando janela de confirmação de programação de OS...
2025-11-25 18:04:21,481 - INFO - 🟨 Janela de confirmação de programação de OS detectada
2025-11-25 18:04:24,793 - INFO - ⌛ aguardando janela de programação de lote de OS...
2025-11-25 18:04:45,244 - INFO - 🟨 Janela de programação de lote de OS detectada
2025-11-25 18:05:12,686 - INFO - ⌛ aguardando janela de confirmação de programação de lote de OS...
2025-11-25 18:05:32,991 - INFO - 🟨 Janela de confirmação de programação de lote de OS detectada
2025-11-25 18:05:37,237 - INFO - ⌛ aguardando confirmação final de programação do lote
2025-11-25 18:05:57,581 - INFO - 🟨 programação do lote 19 efetuado com sucesso
2025-11-25 18:06:10,743 - INFO - 
=== Iniciando lote 20/99 [LV] ===
2025-11-25 18:06:17,103 - INFO - Janela de seleção aberta
2025-11-25 18:06:21,333 - INFO - DEBUG: idx=19, inicio=285, fim=300
2025-11-25 18:06:21,333 - INFO - ✅ 15 OS copiadas para a área de transferência.
2025-11-25 18:06:21,333 - INFO - 📋 Lote 20 copiado.
2025-11-25 18:06:29,678 - INFO - ⌛ Esperando mudança visual...
2025-11-25 18:06:30,690 - INFO - ⌛ Esperando mudança visual...
2025-11-25 18:06:31,705 - INFO - ⌛ Esperando mudança visual...
2025-11-25 18:06:32,717 - INFO - ⌛ Esperando mudança visual...
2025-11-25 18:06:33,730 - INFO - ⌛ Esperando mudança visual...
2025-11-25 18:06:34,746 - INFO - ⌛ Esperando mudança visual...
2025-11-25 18:06:35,763 - INFO - ⌛ Esperando mudança visual...
2025-11-25 18:06:36,766 - INFO - ⌛ Esperando mudança visual...
2025-11-25 18:06:37,797 - INFO - ⌛ Esperando mudança visual...
2025-11-25 18:06:38,813 - INFO - ⌛ Esperando mudança visual...
2025-11-25 18:06:39,829 - INFO - ⌛ Esperando mudança visual...
2025-11-25 18:06:40,848 - INFO - ⌛ Esperando mudança visual...
2025-11-25 18:06:41,856 - INFO - ✅ Tela carregada!
2025-11-25 18:06:52,349 - INFO - ⌛ Aguardando janela de confirmação de desbloqueio...
2025-11-25 18:07:12,652 - INFO - 🟨 Registros desbloqueados com sucesso
2025-11-25 18:07:26,231 - INFO - ⌛ Aguardando janela de edição de OS...
2025-11-25 18:07:46,578 - INFO - 🟨 Janela de edição de OS detectada
2025-11-25 18:07:54,936 - INFO - 🟨 Janela de edição de habilidade da turma detectada
2025-11-25 18:08:40,251 - INFO - ⌛ Aguardando detecção do campo de caracteristica 'EQUIPE PRÓPRIA OU EPS' ...
2025-11-25 18:09:00,416 - INFO - ⌛ Aguardando detecção do campo de caracteristica 'EQUIPE PRÓPRIA OU EPS' ...
2025-11-25 18:09:20,584 - INFO - ⌛ Aguardando detecção do campo de caracteristica 'EQUIPE PRÓPRIA OU EPS' ...
2025-11-25 18:09:40,736 - INFO - 🟨 campo de caracteristica 'EQUIPE PRÓPRIA OU EPS detectado
2025-11-25 18:10:02,497 - INFO - ⌛ Aguardando confirmação 4 - editar OS...
2025-11-25 18:11:03,465 - INFO - ⌛ Aguardando janela de confirmação de programação de OS...
2025-11-25 18:11:23,764 - INFO - 🟨 Janela de confirmação de programação de OS detectada
2025-11-25 18:11:27,080 - INFO - ⌛ aguardando janela de programação de lote de OS...
2025-11-25 18:11:47,480 - INFO - 🟨 Janela de programação de lote de OS detectada
2025-11-25 18:12:14,919 - INFO - ⌛ aguardando janela de confirmação de programação de lote de OS...
2025-11-25 18:12:35,232 - INFO - 🟨 Janela de confirmação de programação de lote de OS detectada
2025-11-25 18:12:39,519 - INFO - ⌛ aguardando confirmação final de programação do lote
2025-11-25 18:12:59,888 - INFO - 🟨 programação do lote 20 efetuado com sucesso
2025-11-25 18:13:13,059 - INFO - 
=== Iniciando lote 21/99 [LV] ===
2025-11-25 18:13:19,412 - INFO - Janela de seleção aberta
2025-11-25 18:13:23,644 - INFO - DEBUG: idx=20, inicio=300, fim=315
2025-11-25 18:13:23,644 - INFO - ✅ 15 OS copiadas para a área de transferência.
2025-11-25 18:13:23,644 - INFO - 📋 Lote 21 copiado.
2025-11-25 18:13:31,968 - INFO - ⌛ Esperando mudança visual...
2025-11-25 18:13:32,989 - INFO - ⌛ Esperando mudança visual...
2025-11-25 18:13:34,009 - INFO - ⌛ Esperando mudança visual...
2025-11-25 18:13:35,021 - INFO - ⌛ Esperando mudança visual...
2025-11-25 18:13:36,035 - INFO - ⌛ Esperando mudança visual...
2025-11-25 18:13:37,051 - INFO - ⌛ Esperando mudança visual...
2025-11-25 18:13:38,064 - INFO - ⌛ Esperando mudança visual...
2025-11-25 18:13:39,072 - INFO - ⌛ Esperando mudança visual...
2025-11-25 18:13:40,077 - INFO - ⌛ Esperando mudança visual...
2025-11-25 18:13:41,082 - INFO - ⌛ Esperando mudança visual...
2025-11-25 18:13:42,099 - INFO - ⌛ Esperando mudança visual...
2025-11-25 18:13:43,113 - INFO - ✅ Tela carregada!
2025-11-25 18:13:53,580 - INFO - ⌛ Aguardando janela de confirmação de desbloqueio...
2025-11-25 18:14:13,905 - INFO - 🟨 Registros desbloqueados com sucesso
2025-11-25 18:14:27,498 - INFO - 🟨 OS programadas detectadas
2025-11-25 18:14:30,666 - INFO - ⌛ Aguardando janela de edição de OS...
2025-11-25 18:14:51,031 - INFO - 🟨 Janela de edição de OS detectada
2025-11-25 18:14:59,376 - INFO - 🟨 Janela de edição de habilidade da turma detectada
2025-11-25 18:15:44,713 - INFO - ⌛ Aguardando detecção do campo de caracteristica 'EQUIPE PRÓPRIA OU EPS' ...
2025-11-25 18:16:04,885 - INFO - ⌛ Aguardando detecção do campo de caracteristica 'EQUIPE PRÓPRIA OU EPS' ...
2025-11-25 18:16:25,042 - INFO - ⌛ Aguardando detecção do campo de caracteristica 'EQUIPE PRÓPRIA OU EPS' ...
2025-11-25 18:16:45,209 - INFO - 🟨 campo de caracteristica 'EQUIPE PRÓPRIA OU EPS detectado
2025-11-25 18:17:06,944 - INFO - ⌛ Aguardando confirmação 4 - editar OS...
2025-11-25 18:17:27,257 - INFO - ⌛ Aguardando confirmação 4 - editar OS...
2025-11-25 18:18:28,284 - INFO - ⌛ Aguardando janela de confirmação de programação de OS...
2025-11-25 18:18:48,600 - INFO - 🟨 Janela de confirmação de programação de OS detectada
2025-11-25 18:18:51,986 - INFO - ⌛ aguardando janela de programação de lote de OS...
2025-11-25 18:19:12,427 - INFO - 🟨 Janela de aviso de edição de OS programadas detectada
2025-11-25 18:19:16,686 - INFO - ⌛ aguardando janela de programação de lote de OS...
2025-11-25 18:19:37,075 - INFO - 🟨 Janela de aviso de substituição de lote de OS detectada
2025-11-25 18:19:43,344 - INFO - ⌛ aguardando janela de programação de lote de OS...
2025-11-25 18:20:03,740 - INFO - 🟨 Janela de programação de lote de OS detectada
2025-11-25 18:20:31,184 - INFO - ⌛ aguardando janela de confirmação de programação de lote de OS...
2025-11-25 18:20:51,503 - INFO - 🟨 Janela de confirmação de programação de lote de OS detectada
2025-11-25 18:20:55,790 - INFO - ⌛ aguardando confirmação final de programação do lote
2025-11-25 18:21:16,158 - INFO - 🟨 programação do lote 21 efetuado com sucesso
2025-11-25 18:21:29,329 - INFO - 
=== Iniciando lote 22/99 [LV] ===
2025-11-25 18:21:35,715 - INFO - Janela de seleção aberta
2025-11-25 18:21:39,957 - INFO - DEBUG: idx=21, inicio=315, fim=330
2025-11-25 18:21:39,957 - INFO - ✅ 15 OS copiadas para a área de transferência.
2025-11-25 18:21:39,957 - INFO - 📋 Lote 22 copiado.
2025-11-25 18:21:48,293 - INFO - ⌛ Esperando mudança visual...
2025-11-25 18:21:49,305 - INFO - ⌛ Esperando mudança visual...
2025-11-25 18:21:50,315 - INFO - ⌛ Esperando mudança visual...
2025-11-25 18:21:51,351 - INFO - ⌛ Esperando mudança visual...
2025-11-25 18:21:52,367 - INFO - ⌛ Esperando mudança visual...
2025-11-25 18:21:53,386 - INFO - ⌛ Esperando mudança visual...
2025-11-25 18:21:54,399 - INFO - ⌛ Esperando mudança visual...
2025-11-25 18:21:55,408 - INFO - ⌛ Esperando mudança visual...
2025-11-25 18:21:56,430 - INFO - ⌛ Esperando mudança visual...
2025-11-25 18:21:57,431 - INFO - ✅ Tela carregada!
2025-11-25 18:22:07,899 - INFO - ⌛ Aguardando janela de confirmação de desbloqueio...
2025-11-25 18:22:28,208 - INFO - 🟨 Registros desbloqueados com sucesso
2025-11-25 18:22:41,817 - INFO - 🟨 OS programadas detectadas
2025-11-25 18:22:44,987 - INFO - ⌛ Aguardando janela de edição de OS...
2025-11-25 18:23:05,346 - INFO - 🟨 Janela de edição de OS detectada
2025-11-25 18:23:13,709 - INFO - 🟨 Janela de edição de habilidade da turma detectada
2025-11-25 18:23:59,076 - INFO - ⌛ Aguardando detecção do campo de caracteristica 'EQUIPE PRÓPRIA OU EPS' ...
2025-11-25 18:24:19,237 - INFO - ⌛ Aguardando detecção do campo de caracteristica 'EQUIPE PRÓPRIA OU EPS' ...
2025-11-25 18:24:39,397 - INFO - ⌛ Aguardando detecção do campo de caracteristica 'EQUIPE PRÓPRIA OU EPS' ...
2025-11-25 18:24:59,565 - INFO - 🟨 campo de caracteristica 'EQUIPE PRÓPRIA OU EPS detectado
2025-11-25 18:25:21,302 - INFO - ⌛ Aguardando confirmação 4 - editar OS...
2025-11-25 18:26:22,214 - INFO - ⌛ Aguardando janela de confirmação de programação de OS...
2025-11-25 18:26:42,551 - INFO - 🟨 Janela de confirmação de programação de OS detectada
2025-11-25 18:26:45,896 - INFO - 🟨 Janela de aviso de edição de OS programadas detectada
2025-11-25 18:26:50,165 - INFO - ⌛ aguardando janela de programação de lote de OS...
2025-11-25 18:27:10,684 - INFO - 🟨 Janela de aviso de substituição de lote de OS detectada
2025-11-25 18:27:16,950 - INFO - ⌛ aguardando janela de programação de lote de OS...
2025-11-25 18:27:37,389 - INFO - 🟨 Janela de programação de lote de OS detectada
2025-11-25 18:28:04,834 - INFO - ⌛ aguardando janela de confirmação de programação de lote de OS...
2025-11-25 18:28:25,127 - INFO - 🟨 Janela de confirmação de programação de lote de OS detectada
2025-11-25 18:28:29,405 - INFO - ⌛ aguardando confirmação final de programação do lote
2025-11-25 18:28:49,802 - INFO - ⌛ aguardando confirmação final de programação do lote
2025-11-25 18:29:10,177 - INFO - 🟨 programação do lote 22 efetuado com sucesso
2025-11-25 18:29:23,342 - INFO - 
=== Iniciando lote 23/99 [LV] ===
2025-11-25 18:29:29,698 - INFO - Janela de seleção aberta
2025-11-25 18:29:33,926 - INFO - DEBUG: idx=22, inicio=330, fim=345
2025-11-25 18:29:33,926 - INFO - ✅ 15 OS copiadas para a área de transferência.
2025-11-25 18:29:33,926 - INFO - 📋 Lote 23 copiado.
2025-11-25 18:29:42,279 - INFO - ⌛ Esperando mudança visual...
2025-11-25 18:29:43,292 - INFO - ⌛ Esperando mudança visual...
2025-11-25 18:29:44,309 - INFO - ⌛ Esperando mudança visual...
2025-11-25 18:29:45,336 - INFO - ⌛ Esperando mudança visual...
2025-11-25 18:29:46,349 - INFO - ⌛ Esperando mudança visual...
2025-11-25 18:29:47,372 - INFO - ⌛ Esperando mudança visual...
2025-11-25 18:29:48,396 - INFO - ⌛ Esperando mudança visual...
2025-11-25 18:29:49,421 - INFO - ⌛ Esperando mudança visual...
2025-11-25 18:29:50,427 - INFO - ⌛ Esperando mudança visual...
2025-11-25 18:29:51,451 - INFO - ✅ Tela carregada!
2025-11-25 18:30:01,909 - INFO - ⌛ Aguardando janela de confirmação de desbloqueio...
2025-11-25 18:30:22,200 - INFO - 🟨 Registros desbloqueados com sucesso
2025-11-25 18:30:35,778 - INFO - 🟨 OS programadas detectadas
2025-11-25 18:30:38,952 - INFO - ⌛ Aguardando janela de edição de OS...
2025-11-25 18:30:59,297 - INFO - 🟨 Janela de edição de OS detectada
2025-11-25 18:31:07,637 - INFO - 🟨 Janela de edição de habilidade da turma detectada
2025-11-25 18:31:52,972 - INFO - ⌛ Aguardando detecção do campo de caracteristica 'EQUIPE PRÓPRIA OU EPS' ...
2025-11-25 18:32:13,116 - INFO - ⌛ Aguardando detecção do campo de caracteristica 'EQUIPE PRÓPRIA OU EPS' ...
2025-11-25 18:32:33,254 - INFO - ⌛ Aguardando detecção do campo de caracteristica 'EQUIPE PRÓPRIA OU EPS' ...
2025-11-25 18:32:53,405 - INFO - 🟨 campo de caracteristica 'EQUIPE PRÓPRIA OU EPS detectado
2025-11-25 18:33:15,149 - INFO - ⌛ Aguardando confirmação 4 - editar OS...
2025-11-25 18:33:35,446 - INFO - ⌛ Aguardando confirmação 4 - editar OS...
2025-11-25 18:34:36,415 - INFO - ⌛ Aguardando janela de confirmação de programação de OS...
2025-11-25 18:34:56,760 - INFO - 🟨 Janela de confirmação de programação de OS detectada
2025-11-25 18:35:00,092 - INFO - ⌛ aguardando janela de programação de lote de OS...
2025-11-25 18:35:20,526 - INFO - 🟨 Janela de aviso de edição de OS programadas detectada
2025-11-25 18:35:24,793 - INFO - ⌛ aguardando janela de programação de lote de OS...
2025-11-25 18:35:45,283 - INFO - 🟨 Janela de aviso de substituição de lote de OS detectada
2025-11-25 18:35:51,564 - INFO - ⌛ aguardando janela de programação de lote de OS...
2025-11-25 18:36:11,998 - INFO - ⌛ aguardando janela de programação de lote de OS...
2025-11-25 18:36:12,141 - INFO - 🟨 Identificado travamento no EQM, reiniciando contador de espera
2025-11-25 18:36:32,474 - INFO - 🟨 Janela de programação de lote de OS detectada
2025-11-25 18:36:59,918 - INFO - ⌛ aguardando janela de confirmação de programação de lote de OS...
2025-11-25 18:37:20,259 - INFO - 🟨 Janela de confirmação de programação de lote de OS detectada
2025-11-25 18:37:24,507 - INFO - ⌛ aguardando confirmação final de programação do lote
2025-11-25 18:37:44,890 - INFO - 🟨 programação do lote 23 efetuado com sucesso
2025-11-25 18:37:58,056 - INFO - 
=== Iniciando lote 24/99 [LV] ===
2025-11-25 18:38:04,422 - INFO - Janela de seleção aberta
2025-11-25 18:38:08,656 - INFO - DEBUG: idx=23, inicio=345, fim=360
2025-11-25 18:38:08,656 - INFO - ✅ 15 OS copiadas para a área de transferência.
2025-11-25 18:38:08,656 - INFO - 📋 Lote 24 copiado.
2025-11-25 18:38:16,981 - INFO - ⌛ Esperando mudança visual...
2025-11-25 18:38:17,998 - INFO - ⌛ Esperando mudança visual...
2025-11-25 18:38:19,017 - INFO - ⌛ Esperando mudança visual...
2025-11-25 18:38:20,036 - INFO - ⌛ Esperando mudança visual...
2025-11-25 18:38:21,047 - INFO - ⌛ Esperando mudança visual...
2025-11-25 18:38:22,066 - INFO - ⌛ Esperando mudança visual...
2025-11-25 18:38:23,080 - INFO - ⌛ Esperando mudança visual...
2025-11-25 18:38:24,095 - INFO - ⌛ Esperando mudança visual...
2025-11-25 18:38:25,109 - INFO - ⌛ Esperando mudança visual...
2025-11-25 18:38:26,112 - INFO - ⌛ Esperando mudança visual...
2025-11-25 18:38:27,115 - INFO - ✅ Tela carregada!
2025-11-25 18:38:37,605 - INFO - ⌛ Aguardando janela de confirmação de desbloqueio...
2025-11-25 18:38:57,930 - INFO - 🟨 Registros desbloqueados com sucesso
2025-11-25 18:39:11,506 - INFO - 🟨 OS programadas detectadas
2025-11-25 18:39:14,668 - INFO - ⌛ Aguardando janela de edição de OS...
2025-11-25 18:39:35,014 - INFO - 🟨 Janela de edição de OS detectada
2025-11-25 18:39:43,370 - INFO - 🟨 Janela de edição de habilidade da turma detectada
2025-11-25 18:40:28,704 - INFO - ⌛ Aguardando detecção do campo de caracteristica 'EQUIPE PRÓPRIA OU EPS' ...
2025-11-25 18:40:48,860 - INFO - ⌛ Aguardando detecção do campo de caracteristica 'EQUIPE PRÓPRIA OU EPS' ...
2025-11-25 18:41:09,028 - INFO - ⌛ Aguardando detecção do campo de caracteristica 'EQUIPE PRÓPRIA OU EPS' ...
2025-11-25 18:41:29,188 - INFO - 🟨 campo de caracteristica 'EQUIPE PRÓPRIA OU EPS detectado
2025-11-25 18:41:50,922 - INFO - ⌛ Aguardando confirmação 4 - editar OS...
2025-11-25 18:42:51,861 - INFO - ⌛ Aguardando janela de confirmação de programação de OS...
2025-11-25 18:43:12,154 - INFO - 🟨 Janela de confirmação de programação de OS detectada
2025-11-25 18:43:15,489 - INFO - 🟨 Janela de aviso de edição de OS programadas detectada
2025-11-25 18:43:19,759 - INFO - ⌛ aguardando janela de programação de lote de OS...
2025-11-25 18:43:40,182 - INFO - 🟨 Janela de aviso de substituição de lote de OS detectada
2025-11-25 18:43:46,449 - INFO - ⌛ aguardando janela de programação de lote de OS...
2025-11-25 18:44:06,877 - INFO - 🟨 Janela de programação de lote de OS detectada
2025-11-25 18:44:34,332 - INFO - ⌛ aguardando janela de confirmação de programação de lote de OS...
2025-11-25 18:44:54,648 - INFO - 🟨 Janela de confirmação de programação de lote de OS detectada
2025-11-25 18:44:58,931 - INFO - ⌛ aguardando confirmação final de programação do lote
2025-11-25 18:45:19,322 - INFO - 🟨 programação do lote 24 efetuado com sucesso
2025-11-25 18:45:32,495 - INFO - 
=== Iniciando lote 25/99 [LV] ===
2025-11-25 18:45:38,846 - INFO - Janela de seleção aberta
2025-11-25 18:45:43,082 - INFO - DEBUG: idx=24, inicio=360, fim=375
2025-11-25 18:45:43,082 - INFO - ✅ 15 OS copiadas para a área de transferência.
2025-11-25 18:45:43,082 - INFO - 📋 Lote 25 copiado.
2025-11-25 18:45:51,404 - INFO - ⌛ Esperando mudança visual...
2025-11-25 18:45:52,422 - INFO - ⌛ Esperando mudança visual...
2025-11-25 18:45:53,440 - INFO - ⌛ Esperando mudança visual...
2025-11-25 18:45:54,449 - INFO - ⌛ Esperando mudança visual...
2025-11-25 18:45:55,469 - INFO - ⌛ Esperando mudança visual...
2025-11-25 18:45:56,487 - INFO - ⌛ Esperando mudança visual...
2025-11-25 18:45:57,498 - INFO - ⌛ Esperando mudança visual...
2025-11-25 18:45:58,521 - INFO - ⌛ Esperando mudança visual...
2025-11-25 18:45:59,534 - INFO - ⌛ Esperando mudança visual...
2025-11-25 18:46:00,563 - INFO - ⌛ Esperando mudança visual...
2025-11-25 18:46:01,579 - INFO - ⌛ Esperando mudança visual...
2025-11-25 18:46:02,596 - INFO - ✅ Tela carregada!
2025-11-25 18:46:13,068 - INFO - ⌛ Aguardando janela de confirmação de desbloqueio...
2025-11-25 18:46:33,392 - INFO - 🟨 Registros desbloqueados com sucesso
2025-11-25 18:46:46,978 - INFO - 🟨 OS programadas detectadas
2025-11-25 18:46:50,130 - INFO - ⌛ Aguardando janela de edição de OS...
2025-11-25 18:47:10,466 - INFO - 🟨 Janela de edição de OS detectada
2025-11-25 18:47:18,822 - INFO - 🟨 Janela de edição de habilidade da turma detectada
2025-11-25 18:48:04,136 - INFO - ⌛ Aguardando detecção do campo de caracteristica 'EQUIPE PRÓPRIA OU EPS' ...
2025-11-25 18:48:24,281 - INFO - ⌛ Aguardando detecção do campo de caracteristica 'EQUIPE PRÓPRIA OU EPS' ...
2025-11-25 18:48:44,422 - INFO - ⌛ Aguardando detecção do campo de caracteristica 'EQUIPE PRÓPRIA OU EPS' ...
2025-11-25 18:49:04,576 - INFO - 🟨 campo de caracteristica 'EQUIPE PRÓPRIA OU EPS detectado
2025-11-25 18:49:26,301 - INFO - ⌛ Aguardando confirmação 4 - editar OS...
2025-11-25 18:49:46,605 - INFO - ⌛ Aguardando confirmação 4 - editar OS...
2025-11-25 18:50:47,503 - INFO - ⌛ Aguardando janela de confirmação de programação de OS...
2025-11-25 18:51:07,814 - INFO - 🟨 Janela de confirmação de programação de OS detectada
2025-11-25 18:51:11,125 - INFO - 🟨 Janela de aviso de edição de OS programadas detectada
2025-11-25 18:51:15,394 - INFO - ⌛ aguardando janela de programação de lote de OS...
2025-11-25 18:51:35,791 - INFO - 🟨 Janela de aviso de substituição de lote de OS detectada
2025-11-25 18:51:42,061 - INFO - ⌛ aguardando janela de programação de lote de OS...
2025-11-25 18:52:02,434 - INFO - 🟨 Janela de programação de lote de OS detectada
2025-11-25 18:52:29,883 - INFO - ⌛ aguardando janela de confirmação de programação de lote de OS...
2025-11-25 18:52:50,175 - INFO - 🟨 Janela de confirmação de programação de lote de OS detectada
2025-11-25 18:52:54,476 - INFO - ⌛ aguardando confirmação final de programação do lote
2025-11-25 18:53:14,825 - INFO - 🟨 programação do lote 25 efetuado com sucesso
2025-11-25 18:53:28,007 - INFO - 
=== Iniciando lote 26/99 [LV] ===
2025-11-25 18:53:34,369 - INFO - Janela de seleção aberta
2025-11-25 18:53:38,626 - INFO - DEBUG: idx=25, inicio=375, fim=390
2025-11-25 18:53:38,626 - INFO - ✅ 15 OS copiadas para a área de transferência.
2025-11-25 18:53:38,626 - INFO - 📋 Lote 26 copiado.
2025-11-25 18:53:46,954 - INFO - ⌛ Esperando mudança visual...
2025-11-25 18:53:47,957 - INFO - ⌛ Esperando mudança visual...
2025-11-25 18:53:48,970 - INFO - ⌛ Esperando mudança visual...
2025-11-25 18:53:49,985 - INFO - ⌛ Esperando mudança visual...
2025-11-25 18:53:51,001 - INFO - ⌛ Esperando mudança visual...
2025-11-25 18:53:52,015 - INFO - ⌛ Esperando mudança visual...
2025-11-25 18:53:53,030 - INFO - ⌛ Esperando mudança visual...
2025-11-25 18:53:54,049 - INFO - ⌛ Esperando mudança visual...
2025-11-25 18:53:55,067 - INFO - ⌛ Esperando mudança visual...
2025-11-25 18:53:56,081 - INFO - ⌛ Esperando mudança visual...
2025-11-25 18:53:57,096 - INFO - ✅ Tela carregada!
2025-11-25 18:54:07,580 - INFO - ⌛ Aguardando janela de confirmação de desbloqueio...
2025-11-25 18:54:27,876 - INFO - 🟨 Registros desbloqueados com sucesso
2025-11-25 18:54:41,463 - INFO - 🟨 OS programadas detectadas
2025-11-25 18:54:44,622 - INFO - ⌛ Aguardando janela de edição de OS...
2025-11-25 18:55:05,002 - INFO - 🟨 Janela de edição de OS detectada
2025-11-25 18:55:13,386 - INFO - 🟨 Janela de edição de habilidade da turma detectada
2025-11-25 18:55:58,710 - INFO - ⌛ Aguardando detecção do campo de caracteristica 'EQUIPE PRÓPRIA OU EPS' ...
2025-11-25 18:56:18,872 - INFO - ⌛ Aguardando detecção do campo de caracteristica 'EQUIPE PRÓPRIA OU EPS' ...
2025-11-25 18:56:39,053 - INFO - ⌛ Aguardando detecção do campo de caracteristica 'EQUIPE PRÓPRIA OU EPS' ...
2025-11-25 18:56:59,205 - INFO - 🟨 campo de caracteristica 'EQUIPE PRÓPRIA OU EPS detectado
2025-11-25 18:57:20,948 - INFO - ⌛ Aguardando confirmação 4 - editar OS...
2025-11-25 18:58:21,864 - INFO - ⌛ Aguardando janela de confirmação de programação de OS...
2025-11-25 18:58:42,173 - INFO - 🟨 Janela de confirmação de programação de OS detectada
2025-11-25 18:58:45,572 - INFO - ⌛ aguardando janela de programação de lote de OS...
2025-11-25 18:59:06,059 - INFO - 🟨 Janela de aviso de edição de OS programadas detectada
2025-11-25 18:59:10,326 - INFO - ⌛ aguardando janela de programação de lote de OS...
2025-11-25 18:59:30,744 - INFO - 🟨 Janela de aviso de substituição de lote de OS detectada
2025-11-25 18:59:37,017 - INFO - ⌛ aguardando janela de programação de lote de OS...
2025-11-25 18:59:57,421 - INFO - 🟨 Janela de programação de lote de OS detectada
2025-11-25 19:00:24,868 - INFO - ⌛ aguardando janela de confirmação de programação de lote de OS...
2025-11-25 19:00:45,177 - INFO - 🟨 Janela de confirmação de programação de lote de OS detectada
2025-11-25 19:00:49,477 - INFO - ⌛ aguardando confirmação final de programação do lote
2025-11-25 19:01:09,854 - INFO - 🟨 programação do lote 26 efetuado com sucesso
2025-11-25 19:01:23,026 - INFO - 
=== Iniciando lote 27/99 [LV] ===
2025-11-25 19:01:29,392 - INFO - Janela de seleção aberta
2025-11-25 19:01:33,645 - INFO - DEBUG: idx=26, inicio=390, fim=405
2025-11-25 19:01:33,645 - INFO - ✅ 15 OS copiadas para a área de transferência.
2025-11-25 19:01:33,645 - INFO - 📋 Lote 27 copiado.
2025-11-25 19:01:41,982 - INFO - ⌛ Esperando mudança visual...
2025-11-25 19:01:42,989 - INFO - ⌛ Esperando mudança visual...
2025-11-25 19:01:44,004 - INFO - ⌛ Esperando mudança visual...
2025-11-25 19:01:45,019 - INFO - ⌛ Esperando mudança visual...
2025-11-25 19:01:46,044 - INFO - ⌛ Esperando mudança visual...
2025-11-25 19:01:47,075 - INFO - ⌛ Esperando mudança visual...
2025-11-25 19:01:48,088 - INFO - ⌛ Esperando mudança visual...
2025-11-25 19:01:49,098 - INFO - ⌛ Esperando mudança visual...
2025-11-25 19:01:50,116 - INFO - ⌛ Esperando mudança visual...
2025-11-25 19:01:51,139 - INFO - ✅ Tela carregada!
2025-11-25 19:02:01,628 - INFO - ⌛ Aguardando janela de confirmação de desbloqueio...
2025-11-25 19:02:21,946 - INFO - 🟨 Registros desbloqueados com sucesso
2025-11-25 19:02:35,556 - INFO - 🟨 OS programadas detectadas
2025-11-25 19:02:38,724 - INFO - ⌛ Aguardando janela de edição de OS...
2025-11-25 19:02:59,113 - INFO - 🟨 Janela de edição de OS detectada
2025-11-25 19:03:07,472 - INFO - 🟨 Janela de edição de habilidade da turma detectada
2025-11-25 19:03:52,768 - INFO - ⌛ Aguardando detecção do campo de caracteristica 'EQUIPE PRÓPRIA OU EPS' ...
2025-11-25 19:04:12,915 - INFO - ⌛ Aguardando detecção do campo de caracteristica 'EQUIPE PRÓPRIA OU EPS' ...
2025-11-25 19:04:33,082 - INFO - ⌛ Aguardando detecção do campo de caracteristica 'EQUIPE PRÓPRIA OU EPS' ...
2025-11-25 19:04:53,265 - INFO - 🟨 campo de caracteristica 'EQUIPE PRÓPRIA OU EPS detectado
2025-11-25 19:05:14,971 - INFO - ⌛ Aguardando confirmação 4 - editar OS...
2025-11-25 19:05:35,282 - INFO - ⌛ Aguardando confirmação 4 - editar OS...
2025-11-25 19:06:36,223 - INFO - ⌛ Aguardando janela de confirmação de programação de OS...
2025-11-25 19:06:56,504 - INFO - 🟨 Janela de confirmação de programação de OS detectada
2025-11-25 19:06:59,824 - INFO - ⌛ aguardando janela de programação de lote de OS...
2025-11-25 19:07:20,181 - INFO - 🟨 Janela de aviso de edição de OS programadas detectada
2025-11-25 19:07:24,470 - INFO - ⌛ aguardando janela de programação de lote de OS...
2025-11-25 19:07:44,853 - INFO - 🟨 Janela de aviso de substituição de lote de OS detectada
2025-11-25 19:07:51,136 - INFO - ⌛ aguardando janela de programação de lote de OS...
2025-11-25 19:08:11,542 - INFO - 🟨 Janela de programação de lote de OS detectada
2025-11-25 19:08:38,979 - INFO - ⌛ aguardando janela de confirmação de programação de lote de OS...
2025-11-25 19:08:59,301 - INFO - 🟨 Janela de confirmação de programação de lote de OS detectada
2025-11-25 19:09:03,560 - INFO - ⌛ aguardando confirmação final de programação do lote
2025-11-25 19:09:23,907 - INFO - 🟨 programação do lote 27 efetuado com sucesso
2025-11-25 19:09:37,072 - INFO - 
=== Iniciando lote 28/99 [LV] ===
2025-11-25 19:09:43,429 - INFO - Janela de seleção aberta
2025-11-25 19:09:47,659 - INFO - DEBUG: idx=27, inicio=405, fim=420
2025-11-25 19:09:47,659 - INFO - ✅ 15 OS copiadas para a área de transferência.
2025-11-25 19:09:47,659 - INFO - 📋 Lote 28 copiado.
2025-11-25 19:09:56,005 - INFO - ⌛ Esperando mudança visual...
2025-11-25 19:09:57,022 - INFO - ⌛ Esperando mudança visual...
2025-11-25 19:09:58,034 - INFO - ⌛ Esperando mudança visual...
2025-11-25 19:09:59,052 - INFO - ⌛ Esperando mudança visual...
2025-11-25 19:10:00,071 - INFO - ⌛ Esperando mudança visual...
2025-11-25 19:10:01,085 - INFO - ⌛ Esperando mudança visual...
2025-11-25 19:10:02,099 - INFO - ⌛ Esperando mudança visual...
2025-11-25 19:10:03,125 - INFO - ⌛ Esperando mudança visual...
2025-11-25 19:10:04,133 - INFO - ⌛ Esperando mudança visual...
2025-11-25 19:10:05,152 - INFO - ✅ Tela carregada!
2025-11-25 19:10:15,618 - INFO - ⌛ Aguardando janela de confirmação de desbloqueio...
2025-11-25 19:10:35,919 - INFO - 🟨 Registros desbloqueados com sucesso
2025-11-25 19:10:49,506 - INFO - 🟨 OS programadas detectadas
2025-11-25 19:10:52,668 - INFO - ⌛ Aguardando janela de edição de OS...
2025-11-25 19:11:12,997 - INFO - 🟨 Janela de edição de OS detectada
2025-11-25 19:11:21,368 - INFO - 🟨 Janela de edição de habilidade da turma detectada
2025-11-25 19:12:06,662 - INFO - ⌛ Aguardando detecção do campo de caracteristica 'EQUIPE PRÓPRIA OU EPS' ...
2025-11-25 19:12:26,812 - INFO - ⌛ Aguardando detecção do campo de caracteristica 'EQUIPE PRÓPRIA OU EPS' ...
2025-11-25 19:12:46,964 - INFO - ⌛ Aguardando detecção do campo de caracteristica 'EQUIPE PRÓPRIA OU EPS' ...
2025-11-25 19:13:07,120 - INFO - 🟨 campo de caracteristica 'EQUIPE PRÓPRIA OU EPS detectado
2025-11-25 19:13:28,841 - INFO - ⌛ Aguardando confirmação 4 - editar OS...
2025-11-25 19:14:29,762 - INFO - ⌛ Aguardando janela de confirmação de programação de OS...
2025-11-25 19:14:50,070 - INFO - 🟨 Janela de confirmação de programação de OS detectada
2025-11-25 19:14:53,414 - INFO - ⌛ aguardando janela de programação de lote de OS...
2025-11-25 19:15:13,792 - INFO - 🟨 Janela de aviso de edição de OS programadas detectada
2025-11-25 19:15:18,063 - INFO - ⌛ aguardando janela de programação de lote de OS...
2025-11-25 19:15:38,435 - INFO - 🟨 Janela de aviso de substituição de lote de OS detectada
2025-11-25 19:15:44,715 - INFO - ⌛ aguardando janela de programação de lote de OS...
2025-11-25 19:16:05,105 - INFO - 🟨 Janela de programação de lote de OS detectada
2025-11-25 19:16:32,561 - INFO - ⌛ aguardando janela de confirmação de programação de lote de OS...
2025-11-25 19:16:52,858 - INFO - 🟨 Janela de confirmação de programação de lote de OS detectada
2025-11-25 19:16:57,144 - INFO - ⌛ aguardando confirmação final de programação do lote
2025-11-25 19:17:17,515 - INFO - ⌛ aguardando confirmação final de programação do lote
2025-11-25 19:17:37,847 - INFO - 🟨 programação do lote 28 efetuado com sucesso
2025-11-25 19:17:51,000 - INFO - 
=== Iniciando lote 29/99 [LV] ===
2025-11-25 19:17:57,363 - INFO - Janela de seleção aberta
2025-11-25 19:18:01,592 - INFO - DEBUG: idx=28, inicio=420, fim=435
2025-11-25 19:18:01,592 - INFO - ✅ 15 OS copiadas para a área de transferência.
2025-11-25 19:18:01,592 - INFO - 📋 Lote 29 copiado.
2025-11-25 19:18:09,920 - INFO - ⌛ Esperando mudança visual...
2025-11-25 19:18:10,940 - INFO - ⌛ Esperando mudança visual...
2025-11-25 19:18:11,941 - INFO - ⌛ Esperando mudança visual...
2025-11-25 19:18:12,971 - INFO - ⌛ Esperando mudança visual...
2025-11-25 19:18:13,984 - INFO - ⌛ Esperando mudança visual...
2025-11-25 19:18:15,016 - INFO - ⌛ Esperando mudança visual...
2025-11-25 19:18:16,033 - INFO - ⌛ Esperando mudança visual...
2025-11-25 19:18:17,049 - INFO - ⌛ Esperando mudança visual...
2025-11-25 19:18:18,065 - INFO - ⌛ Esperando mudança visual...
2025-11-25 19:18:19,077 - INFO - ✅ Tela carregada!
2025-11-25 19:18:29,547 - INFO - ⌛ Aguardando janela de confirmação de desbloqueio...
2025-11-25 19:18:49,831 - INFO - 🟨 Registros desbloqueados com sucesso
2025-11-25 19:19:03,391 - INFO - 🟨 OS programadas detectadas
2025-11-25 19:19:06,564 - INFO - ⌛ Aguardando janela de edição de OS...
2025-11-25 19:19:26,899 - INFO - 🟨 Janela de edição de OS detectada
2025-11-25 19:19:35,259 - INFO - 🟨 Janela de edição de habilidade da turma detectada
2025-11-25 19:20:20,571 - INFO - ⌛ Aguardando detecção do campo de caracteristica 'EQUIPE PRÓPRIA OU EPS' ...
2025-11-25 19:20:40,717 - INFO - ⌛ Aguardando detecção do campo de caracteristica 'EQUIPE PRÓPRIA OU EPS' ...
2025-11-25 19:21:00,873 - INFO - ⌛ Aguardando detecção do campo de caracteristica 'EQUIPE PRÓPRIA OU EPS' ...
2025-11-25 19:21:21,016 - INFO - 🟨 campo de caracteristica 'EQUIPE PRÓPRIA OU EPS detectado
2025-11-25 19:21:42,753 - INFO - ⌛ Aguardando confirmação 4 - editar OS...
2025-11-25 19:22:43,706 - INFO - ⌛ Aguardando janela de confirmação de programação de OS...
2025-11-25 19:23:04,003 - INFO - 🟨 Janela de confirmação de programação de OS detectada
2025-11-25 19:23:07,324 - INFO - 🟨 Janela de aviso de edição de OS programadas detectada
2025-11-25 19:23:11,592 - INFO - ⌛ aguardando janela de programação de lote de OS...
2025-11-25 19:23:31,991 - INFO - 🟨 Janela de aviso de substituição de lote de OS detectada
2025-11-25 19:23:38,250 - INFO - ⌛ aguardando janela de programação de lote de OS...
2025-11-25 19:23:58,645 - INFO - 🟨 Janela de programação de lote de OS detectada
2025-11-25 19:24:26,084 - INFO - ⌛ aguardando janela de confirmação de programação de lote de OS...
2025-11-25 19:24:46,369 - INFO - 🟨 Janela de confirmação de programação de lote de OS detectada
2025-11-25 19:24:50,636 - INFO - ⌛ aguardando confirmação final de programação do lote
2025-11-25 19:25:10,963 - INFO - 🟨 programação do lote 29 efetuado com sucesso
2025-11-25 19:25:24,125 - INFO - 
=== Iniciando lote 30/99 [LV] ===
2025-11-25 19:25:30,469 - INFO - Janela de seleção aberta
2025-11-25 19:25:34,712 - INFO - DEBUG: idx=29, inicio=435, fim=450
2025-11-25 19:25:34,712 - INFO - ✅ 15 OS copiadas para a área de transferência.
2025-11-25 19:25:34,712 - INFO - 📋 Lote 30 copiado.
2025-11-25 19:25:43,044 - INFO - ⌛ Esperando mudança visual...
2025-11-25 19:25:44,067 - INFO - ⌛ Esperando mudança visual...
2025-11-25 19:25:45,081 - INFO - ⌛ Esperando mudança visual...
2025-11-25 19:25:46,093 - INFO - ⌛ Esperando mudança visual...
2025-11-25 19:25:47,111 - INFO - ⌛ Esperando mudança visual...
2025-11-25 19:25:48,141 - INFO - ⌛ Esperando mudança visual...
2025-11-25 19:25:49,160 - INFO - ⌛ Esperando mudança visual...
2025-11-25 19:25:50,163 - INFO - ⌛ Esperando mudança visual...
2025-11-25 19:25:51,173 - INFO - ⌛ Esperando mudança visual...
2025-11-25 19:25:52,204 - INFO - ✅ Tela carregada!
2025-11-25 19:26:02,686 - INFO - ⌛ Aguardando janela de confirmação de desbloqueio...
2025-11-25 19:26:22,977 - INFO - 🟨 Registros desbloqueados com sucesso
2025-11-25 19:26:36,543 - INFO - ⌛ Aguardando janela de edição de OS...
2025-11-25 19:26:56,902 - INFO - 🟨 Janela de edição de OS detectada
2025-11-25 19:27:05,256 - INFO - 🟨 Janela de edição de habilidade da turma detectada
2025-11-25 19:27:50,576 - INFO - ⌛ Aguardando detecção do campo de caracteristica 'EQUIPE PRÓPRIA OU EPS' ...
2025-11-25 19:28:10,720 - INFO - ⌛ Aguardando detecção do campo de caracteristica 'EQUIPE PRÓPRIA OU EPS' ...
2025-11-25 19:28:30,880 - INFO - ⌛ Aguardando detecção do campo de caracteristica 'EQUIPE PRÓPRIA OU EPS' ...
2025-11-25 19:28:51,019 - INFO - 🟨 campo de caracteristica 'EQUIPE PRÓPRIA OU EPS detectado
2025-11-25 19:29:12,770 - INFO - ⌛ Aguardando confirmação 4 - editar OS...
2025-11-25 19:30:13,642 - INFO - ⌛ Aguardando janela de confirmação de programação de OS...
2025-11-25 19:30:33,948 - INFO - 🟨 Janela de confirmação de programação de OS detectada
2025-11-25 19:30:37,255 - INFO - 🟨 Janela de aviso de substituição de lote de OS detectada
2025-11-25 19:30:43,520 - INFO - ⌛ aguardando janela de programação de lote de OS...
2025-11-25 19:31:03,915 - INFO - 🟨 Janela de programação de lote de OS detectada
2025-11-25 19:31:31,360 - INFO - ⌛ aguardando janela de confirmação de programação de lote de OS...
2025-11-25 19:31:51,647 - INFO - 🟨 Janela de confirmação de programação de lote de OS detectada
2025-11-25 19:31:55,890 - INFO - ⌛ aguardando confirmação final de programação do lote
2025-11-25 19:32:16,238 - INFO - 🟨 programação do lote 30 efetuado com sucesso
2025-11-25 19:32:29,393 - INFO - 
=== Iniciando lote 31/99 [LV] ===
2025-11-25 19:32:35,744 - INFO - Janela de seleção aberta
2025-11-25 19:32:39,983 - INFO - DEBUG: idx=30, inicio=450, fim=465
2025-11-25 19:32:39,983 - INFO - ✅ 15 OS copiadas para a área de transferência.
2025-11-25 19:32:39,983 - INFO - 📋 Lote 31 copiado.
2025-11-25 19:32:48,325 - INFO - ⌛ Esperando mudança visual...
2025-11-25 19:32:49,350 - INFO - ⌛ Esperando mudança visual...
2025-11-25 19:32:50,359 - INFO - ⌛ Esperando mudança visual...
2025-11-25 19:32:51,380 - INFO - ⌛ Esperando mudança visual...
2025-11-25 19:32:52,390 - INFO - ⌛ Esperando mudança visual...
2025-11-25 19:32:53,422 - INFO - ⌛ Esperando mudança visual...
2025-11-25 19:32:54,427 - INFO - ⌛ Esperando mudança visual...
2025-11-25 19:32:55,437 - INFO - ⌛ Esperando mudança visual...
2025-11-25 19:32:56,453 - INFO - ⌛ Esperando mudança visual...
2025-11-25 19:32:57,468 - INFO - ✅ Tela carregada!
2025-11-25 19:33:07,935 - INFO - ⌛ Aguardando janela de confirmação de desbloqueio...
2025-11-25 19:33:28,244 - INFO - 🟨 Registros desbloqueados com sucesso
2025-11-25 19:33:41,791 - INFO - ⌛ Aguardando janela de edição de OS...
2025-11-25 19:34:02,146 - INFO - 🟨 Janela de edição de OS detectada
2025-11-25 19:34:10,497 - INFO - 🟨 Janela de edição de habilidade da turma detectada
2025-11-25 19:34:55,824 - INFO - ⌛ Aguardando detecção do campo de caracteristica 'EQUIPE PRÓPRIA OU EPS' ...
2025-11-25 19:35:15,982 - INFO - ⌛ Aguardando detecção do campo de caracteristica 'EQUIPE PRÓPRIA OU EPS' ...
2025-11-25 19:35:36,120 - INFO - ⌛ Aguardando detecção do campo de caracteristica 'EQUIPE PRÓPRIA OU EPS' ...
2025-11-25 19:35:56,265 - INFO - 🟨 campo de caracteristica 'EQUIPE PRÓPRIA OU EPS detectado
2025-11-25 19:36:18,005 - INFO - ⌛ Aguardando confirmação 4 - editar OS...
2025-11-25 19:37:18,930 - INFO - ⌛ Aguardando janela de confirmação de programação de OS...
2025-11-25 19:37:39,228 - INFO - 🟨 Janela de confirmação de programação de OS detectada
2025-11-25 19:37:42,516 - INFO - ⌛ aguardando janela de programação de lote de OS...
2025-11-25 19:38:02,912 - INFO - 🟨 Janela de programação de lote de OS detectada
2025-11-25 19:38:30,372 - INFO - ⌛ aguardando janela de confirmação de programação de lote de OS...
2025-11-25 19:38:50,676 - INFO - 🟨 Janela de confirmação de programação de lote de OS detectada
2025-11-25 19:38:54,922 - INFO - ⌛ aguardando confirmação final de programação do lote
2025-11-25 19:39:15,283 - INFO - 🟨 programação do lote 31 efetuado com sucesso
2025-11-25 19:39:28,438 - INFO - 
=== Iniciando lote 32/99 [LV] ===
2025-11-25 19:39:34,790 - INFO - Janela de seleção aberta
2025-11-25 19:39:39,024 - INFO - DEBUG: idx=31, inicio=465, fim=480
2025-11-25 19:39:39,024 - INFO - ✅ 15 OS copiadas para a área de transferência.
2025-11-25 19:39:39,024 - INFO - 📋 Lote 32 copiado.
2025-11-25 19:39:47,366 - INFO - ⌛ Esperando mudança visual...
2025-11-25 19:39:48,378 - INFO - ⌛ Esperando mudança visual...
2025-11-25 19:39:49,389 - INFO - ⌛ Esperando mudança visual...
2025-11-25 19:39:50,409 - INFO - ⌛ Esperando mudança visual...
2025-11-25 19:39:51,420 - INFO - ⌛ Esperando mudança visual...
2025-11-25 19:39:52,434 - INFO - ⌛ Esperando mudança visual...
2025-11-25 19:39:53,450 - INFO - ⌛ Esperando mudança visual...
2025-11-25 19:39:54,476 - INFO - ⌛ Esperando mudança visual...
2025-11-25 19:39:55,483 - INFO - ✅ Tela carregada!
2025-11-25 19:40:05,956 - INFO - ⌛ Aguardando janela de confirmação de desbloqueio...
2025-11-25 19:40:26,233 - INFO - 🟨 Registros desbloqueados com sucesso
2025-11-25 19:40:39,830 - INFO - ⌛ Aguardando janela de edição de OS...
2025-11-25 19:41:00,154 - INFO - 🟨 Janela de edição de OS detectada
2025-11-25 19:41:08,528 - INFO - 🟨 Janela de edição de habilidade da turma detectada
2025-11-25 19:41:53,859 - INFO - ⌛ Aguardando detecção do campo de caracteristica 'EQUIPE PRÓPRIA OU EPS' ...
2025-11-25 19:42:14,021 - INFO - ⌛ Aguardando detecção do campo de caracteristica 'EQUIPE PRÓPRIA OU EPS' ...
2025-11-25 19:42:34,164 - INFO - ⌛ Aguardando detecção do campo de caracteristica 'EQUIPE PRÓPRIA OU EPS' ...
2025-11-25 19:42:54,302 - INFO - 🟨 campo de caracteristica 'EQUIPE PRÓPRIA OU EPS detectado
2025-11-25 19:43:16,037 - INFO - ⌛ Aguardando confirmação 4 - editar OS...
2025-11-25 19:44:16,940 - INFO - ⌛ Aguardando janela de confirmação de programação de OS...
2025-11-25 19:44:37,232 - INFO - 🟨 Janela de confirmação de programação de OS detectada
2025-11-25 19:44:40,576 - INFO - ⌛ aguardando janela de programação de lote de OS...
2025-11-25 19:45:01,018 - INFO - 🟨 Janela de programação de lote de OS detectada
2025-11-25 19:45:28,455 - INFO - ⌛ aguardando janela de confirmação de programação de lote de OS...
2025-11-25 19:45:48,741 - INFO - 🟨 Janela de confirmação de programação de lote de OS detectada
2025-11-25 19:45:52,983 - INFO - ⌛ aguardando confirmação final de programação do lote
2025-11-25 19:46:13,321 - INFO - 🟨 programação do lote 32 efetuado com sucesso
2025-11-25 19:46:26,476 - INFO - 
=== Iniciando lote 33/99 [LV] ===
2025-11-25 19:46:32,870 - INFO - Janela de seleção aberta
2025-11-25 19:46:37,112 - INFO - DEBUG: idx=32, inicio=480, fim=495
2025-11-25 19:46:37,112 - INFO - ✅ 15 OS copiadas para a área de transferência.
2025-11-25 19:46:37,112 - INFO - 📋 Lote 33 copiado.
2025-11-25 19:46:45,442 - INFO - ⌛ Esperando mudança visual...
2025-11-25 19:46:46,446 - INFO - ⌛ Esperando mudança visual...
2025-11-25 19:46:47,478 - INFO - ⌛ Esperando mudança visual...
2025-11-25 19:46:48,494 - INFO - ⌛ Esperando mudança visual...
2025-11-25 19:46:49,496 - INFO - ⌛ Esperando mudança visual...
2025-11-25 19:46:50,527 - INFO - ⌛ Esperando mudança visual...
2025-11-25 19:46:51,542 - INFO - ⌛ Esperando mudança visual...
2025-11-25 19:46:52,547 - INFO - ⌛ Esperando mudança visual...
2025-11-25 19:46:53,559 - INFO - ✅ Tela carregada!
2025-11-25 19:47:04,056 - INFO - ⌛ Aguardando janela de confirmação de desbloqueio...
2025-11-25 19:47:24,347 - INFO - 🟨 Registros desbloqueados com sucesso
2025-11-25 19:47:37,950 - INFO - 🟨 OS programadas detectadas
2025-11-25 19:47:41,116 - INFO - ⌛ Aguardando janela de edição de OS...
2025-11-25 19:48:01,435 - INFO - 🟨 Janela de edição de OS detectada
2025-11-25 19:48:09,789 - INFO - 🟨 Janela de edição de habilidade da turma detectada
2025-11-25 19:48:55,127 - INFO - ⌛ Aguardando detecção do campo de caracteristica 'EQUIPE PRÓPRIA OU EPS' ...
2025-11-25 19:49:15,291 - INFO - ⌛ Aguardando detecção do campo de caracteristica 'EQUIPE PRÓPRIA OU EPS' ...
2025-11-25 19:49:35,433 - INFO - ⌛ Aguardando detecção do campo de caracteristica 'EQUIPE PRÓPRIA OU EPS' ...
2025-11-25 19:49:55,577 - INFO - 🟨 campo de caracteristica 'EQUIPE PRÓPRIA OU EPS detectado
2025-11-25 19:50:17,328 - INFO - ⌛ Aguardando confirmação 4 - editar OS...
2025-11-25 19:51:18,273 - INFO - ⌛ Aguardando janela de confirmação de programação de OS...
2025-11-25 19:51:38,589 - INFO - 🟨 Janela de confirmação de programação de OS detectada
2025-11-25 19:51:41,926 - INFO - 🟨 Janela de aviso de edição de OS programadas detectada
2025-11-25 19:51:46,199 - INFO - ⌛ aguardando janela de programação de lote de OS...
2025-11-25 19:52:06,608 - INFO - 🟨 Janela de aviso de substituição de lote de OS detectada
2025-11-25 19:52:12,875 - INFO - ⌛ aguardando janela de programação de lote de OS...
2025-11-25 19:52:33,291 - INFO - 🟨 Janela de programação de lote de OS detectada
2025-11-25 19:53:00,744 - INFO - ⌛ aguardando janela de confirmação de programação de lote de OS...
2025-11-25 19:53:21,065 - INFO - 🟨 Janela de confirmação de programação de lote de OS detectada
2025-11-25 19:53:25,366 - INFO - ⌛ aguardando confirmação final de programação do lote
2025-11-25 19:53:45,770 - INFO - 🟨 programação do lote 33 efetuado com sucesso
2025-11-25 19:53:58,947 - INFO - 
=== Iniciando lote 34/99 [LV] ===
2025-11-25 19:54:05,306 - INFO - Janela de seleção aberta
2025-11-25 19:54:09,540 - INFO - DEBUG: idx=33, inicio=495, fim=510
2025-11-25 19:54:09,540 - INFO - ✅ 15 OS copiadas para a área de transferência.
2025-11-25 19:54:09,540 - INFO - 📋 Lote 34 copiado.
2025-11-25 19:54:17,890 - INFO - ⌛ Esperando mudança visual...
2025-11-25 19:54:18,905 - INFO - ⌛ Esperando mudança visual...
2025-11-25 19:54:19,921 - INFO - ⌛ Esperando mudança visual...
2025-11-25 19:54:20,938 - INFO - ⌛ Esperando mudança visual...
2025-11-25 19:54:21,954 - INFO - ⌛ Esperando mudança visual...
2025-11-25 19:54:22,969 - INFO - ⌛ Esperando mudança visual...
2025-11-25 19:54:23,982 - INFO - ⌛ Esperando mudança visual...
2025-11-25 19:54:25,004 - INFO - ⌛ Esperando mudança visual...
2025-11-25 19:54:26,026 - INFO - ✅ Tela carregada!
2025-11-25 19:54:36,485 - INFO - ⌛ Aguardando janela de confirmação de desbloqueio...
2025-11-25 19:54:56,770 - INFO - 🟨 Registros desbloqueados com sucesso
2025-11-25 19:55:10,343 - INFO - 🟨 OS programadas detectadas
2025-11-25 19:55:13,508 - INFO - ⌛ Aguardando janela de edição de OS...
2025-11-25 19:55:33,888 - INFO - 🟨 Janela de edição de OS detectada
2025-11-25 19:55:42,242 - INFO - 🟨 Janela de edição de habilidade da turma detectada
2025-11-25 19:56:27,567 - INFO - ⌛ Aguardando detecção do campo de caracteristica 'EQUIPE PRÓPRIA OU EPS' ...
2025-11-25 19:56:47,738 - INFO - ⌛ Aguardando detecção do campo de caracteristica 'EQUIPE PRÓPRIA OU EPS' ...
2025-11-25 19:57:07,897 - INFO - ⌛ Aguardando detecção do campo de caracteristica 'EQUIPE PRÓPRIA OU EPS' ...
2025-11-25 19:57:28,063 - INFO - 🟨 campo de caracteristica 'EQUIPE PRÓPRIA OU EPS detectado
2025-11-25 19:57:49,784 - INFO - ⌛ Aguardando confirmação 4 - editar OS...
2025-11-25 19:58:50,691 - INFO - ⌛ Aguardando janela de confirmação de programação de OS...
2025-11-25 19:59:10,990 - INFO - 🟨 Janela de confirmação de programação de OS detectada
2025-11-25 19:59:14,278 - INFO - 🟨 Janela de aviso de edição de OS programadas detectada
2025-11-25 19:59:18,536 - INFO - ⌛ aguardando janela de programação de lote de OS...
2025-11-25 19:59:38,928 - INFO - 🟨 Janela de aviso de substituição de lote de OS detectada
2025-11-25 19:59:45,204 - INFO - ⌛ aguardando janela de programação de lote de OS...
2025-11-25 20:00:05,605 - INFO - 🟨 Janela de programação de lote de OS detectada
2025-11-25 20:00:33,037 - INFO - ⌛ aguardando janela de confirmação de programação de lote de OS...
2025-11-25 20:00:53,345 - INFO - 🟨 Janela de confirmação de programação de lote de OS detectada
2025-11-25 20:00:57,598 - INFO - ⌛ aguardando confirmação final de programação do lote
2025-11-25 20:01:17,927 - INFO - 🟨 programação do lote 34 efetuado com sucesso
2025-11-25 20:01:31,079 - INFO - 
=== Iniciando lote 35/99 [LV] ===
2025-11-25 20:01:37,436 - INFO - Janela de seleção aberta
2025-11-25 20:01:41,686 - INFO - DEBUG: idx=34, inicio=510, fim=525
2025-11-25 20:01:41,686 - INFO - ✅ 15 OS copiadas para a área de transferência.
2025-11-25 20:01:41,686 - INFO - 📋 Lote 35 copiado.
2025-11-25 20:01:50,025 - INFO - ⌛ Esperando mudança visual...
2025-11-25 20:01:51,034 - INFO - ⌛ Esperando mudança visual...
2025-11-25 20:01:52,045 - INFO - ⌛ Esperando mudança visual...
2025-11-25 20:01:53,077 - INFO - ⌛ Esperando mudança visual...
2025-11-25 20:01:54,096 - INFO - ⌛ Esperando mudança visual...
2025-11-25 20:01:55,112 - INFO - ⌛ Esperando mudança visual...
2025-11-25 20:01:56,129 - INFO - ⌛ Esperando mudança visual...
2025-11-25 20:01:57,144 - INFO - ⌛ Esperando mudança visual...
2025-11-25 20:01:58,159 - INFO - ⌛ Esperando mudança visual...
2025-11-25 20:01:59,176 - INFO - ✅ Tela carregada!
2025-11-25 20:02:09,682 - INFO - ⌛ Aguardando janela de confirmação de desbloqueio...
2025-11-25 20:02:29,974 - INFO - 🟨 Registros desbloqueados com sucesso
2025-11-25 20:02:43,559 - INFO - ⌛ Aguardando janela de edição de OS...
2025-11-25 20:03:03,928 - INFO - 🟨 Janela de edição de OS detectada
2025-11-25 20:03:12,297 - INFO - 🟨 Janela de edição de habilidade da turma detectada
2025-11-25 20:03:57,615 - INFO - ⌛ Aguardando detecção do campo de caracteristica 'EQUIPE PRÓPRIA OU EPS' ...
2025-11-25 20:04:17,757 - INFO - ⌛ Aguardando detecção do campo de caracteristica 'EQUIPE PRÓPRIA OU EPS' ...
2025-11-25 20:04:37,897 - INFO - ⌛ Aguardando detecção do campo de caracteristica 'EQUIPE PRÓPRIA OU EPS' ...
2025-11-25 20:04:58,052 - INFO - 🟨 campo de caracteristica 'EQUIPE PRÓPRIA OU EPS detectado
2025-11-25 20:05:19,795 - INFO - ⌛ Aguardando confirmação 4 - editar OS...
2025-11-25 20:05:40,102 - INFO - ⌛ Aguardando confirmação 4 - editar OS...
2025-11-25 20:06:41,086 - INFO - ⌛ Aguardando janela de confirmação de programação de OS...
2025-11-25 20:07:01,389 - INFO - 🟨 Janela de confirmação de programação de OS detectada
2025-11-25 20:07:04,712 - INFO - ⌛ aguardando janela de programação de lote de OS...
2025-11-25 20:07:25,122 - INFO - 🟨 Janela de programação de lote de OS detectada
2025-11-25 20:07:52,542 - INFO - ⌛ aguardando janela de confirmação de programação de lote de OS...
2025-11-25 20:08:12,807 - INFO - 🟨 Janela de confirmação de programação de lote de OS detectada
2025-11-25 20:08:17,069 - INFO - ⌛ aguardando confirmação final de programação do lote
2025-11-25 20:08:37,417 - INFO - 🟨 programação do lote 35 efetuado com sucesso
2025-11-25 20:08:50,568 - INFO - 
=== Iniciando lote 36/99 [LV] ===
2025-11-25 20:08:56,927 - INFO - Janela de seleção aberta
2025-11-25 20:09:01,164 - INFO - DEBUG: idx=35, inicio=525, fim=540
2025-11-25 20:09:01,164 - INFO - ✅ 15 OS copiadas para a área de transferência.
2025-11-25 20:09:01,164 - INFO - 📋 Lote 36 copiado.
2025-11-25 20:09:09,487 - INFO - ⌛ Esperando mudança visual...
2025-11-25 20:09:10,506 - INFO - ⌛ Esperando mudança visual...
2025-11-25 20:09:11,522 - INFO - ⌛ Esperando mudança visual...
2025-11-25 20:09:12,545 - INFO - ⌛ Esperando mudança visual...
2025-11-25 20:09:13,552 - INFO - ⌛ Esperando mudança visual...
2025-11-25 20:09:14,553 - INFO - ⌛ Esperando mudança visual...
2025-11-25 20:09:15,561 - INFO - ⌛ Esperando mudança visual...
2025-11-25 20:09:16,568 - INFO - ⌛ Esperando mudança visual...
2025-11-25 20:09:17,598 - INFO - ⌛ Esperando mudança visual...
2025-11-25 20:09:18,615 - INFO - ⌛ Esperando mudança visual...
2025-11-25 20:09:19,629 - INFO - ✅ Tela carregada!
2025-11-25 20:09:30,097 - INFO - ⌛ Aguardando janela de confirmação de desbloqueio...
2025-11-25 20:09:50,400 - INFO - 🟨 Registros desbloqueados com sucesso
2025-11-25 20:10:03,950 - INFO - ⌛ Aguardando janela de edição de OS...
2025-11-25 20:10:24,282 - INFO - 🟨 Janela de edição de OS detectada
2025-11-25 20:10:32,639 - INFO - 🟨 Janela de edição de habilidade da turma detectada
2025-11-25 20:11:17,933 - INFO - ⌛ Aguardando detecção do campo de caracteristica 'EQUIPE PRÓPRIA OU EPS' ...
2025-11-25 20:11:38,087 - INFO - ⌛ Aguardando detecção do campo de caracteristica 'EQUIPE PRÓPRIA OU EPS' ...
2025-11-25 20:11:58,258 - INFO - ⌛ Aguardando detecção do campo de caracteristica 'EQUIPE PRÓPRIA OU EPS' ...
2025-11-25 20:12:18,404 - INFO - 🟨 campo de caracteristica 'EQUIPE PRÓPRIA OU EPS detectado
2025-11-25 20:12:40,168 - INFO - ⌛ Aguardando confirmação 4 - editar OS...
2025-11-25 20:13:41,106 - INFO - ⌛ Aguardando janela de confirmação de programação de OS...
2025-11-25 20:14:01,379 - INFO - 🟨 Janela de confirmação de programação de OS detectada
2025-11-25 20:14:04,691 - INFO - ⌛ aguardando janela de programação de lote de OS...
2025-11-25 20:14:25,082 - INFO - 🟨 Janela de programação de lote de OS detectada
2025-11-25 20:14:52,526 - INFO - ⌛ aguardando janela de confirmação de programação de lote de OS...
2025-11-25 20:15:12,823 - INFO - 🟨 Janela de confirmação de programação de lote de OS detectada
2025-11-25 20:15:17,126 - INFO - ⌛ aguardando confirmação final de programação do lote
2025-11-25 20:15:37,498 - INFO - 🟨 programação do lote 36 efetuado com sucesso
2025-11-25 20:15:50,665 - INFO - 
=== Iniciando lote 37/99 [LV] ===
2025-11-25 20:15:57,026 - INFO - Janela de seleção aberta
2025-11-25 20:16:01,261 - INFO - DEBUG: idx=36, inicio=540, fim=555
2025-11-25 20:16:01,261 - INFO - ✅ 15 OS copiadas para a área de transferência.
2025-11-25 20:16:01,261 - INFO - 📋 Lote 37 copiado.
2025-11-25 20:16:09,583 - INFO - ⌛ Esperando mudança visual...
2025-11-25 20:16:10,601 - INFO - ⌛ Esperando mudança visual...
2025-11-25 20:16:11,617 - INFO - ⌛ Esperando mudança visual...
2025-11-25 20:16:12,630 - INFO - ⌛ Esperando mudança visual...
2025-11-25 20:16:13,646 - INFO - ⌛ Esperando mudança visual...
2025-11-25 20:16:14,662 - INFO - ⌛ Esperando mudança visual...
2025-11-25 20:16:15,678 - INFO - ⌛ Esperando mudança visual...
2025-11-25 20:16:16,693 - INFO - ⌛ Esperando mudança visual...
2025-11-25 20:16:17,740 - INFO - ⌛ Esperando mudança visual...
2025-11-25 20:16:18,742 - INFO - ✅ Tela carregada!
2025-11-25 20:16:29,257 - INFO - ⌛ Aguardando janela de confirmação de desbloqueio...
2025-11-25 20:16:49,585 - INFO - 🟨 Registros desbloqueados com sucesso
2025-11-25 20:17:03,213 - INFO - 🟨 OS programadas detectadas
2025-11-25 20:17:06,385 - INFO - ⌛ Aguardando janela de edição de OS...
2025-11-25 20:17:26,746 - INFO - 🟨 Janela de edição de OS detectada
2025-11-25 20:17:35,125 - INFO - 🟨 Janela de edição de habilidade da turma detectada
2025-11-25 20:18:20,447 - INFO - ⌛ Aguardando detecção do campo de caracteristica 'EQUIPE PRÓPRIA OU EPS' ...
2025-11-25 20:18:40,590 - INFO - ⌛ Aguardando detecção do campo de caracteristica 'EQUIPE PRÓPRIA OU EPS' ...
2025-11-25 20:19:00,762 - INFO - ⌛ Aguardando detecção do campo de caracteristica 'EQUIPE PRÓPRIA OU EPS' ...
2025-11-25 20:19:20,924 - INFO - 🟨 campo de caracteristica 'EQUIPE PRÓPRIA OU EPS detectado
2025-11-25 20:19:42,652 - INFO - ⌛ Aguardando confirmação 4 - editar OS...
2025-11-25 20:20:43,573 - INFO - ⌛ Aguardando janela de confirmação de programação de OS...
2025-11-25 20:21:03,906 - INFO - 🟨 Janela de confirmação de programação de OS detectada
2025-11-25 20:21:07,247 - INFO - 🟨 Janela de aviso de edição de OS programadas detectada
2025-11-25 20:21:11,516 - INFO - ⌛ aguardando janela de programação de lote de OS...
2025-11-25 20:21:31,968 - INFO - 🟨 Janela de aviso de substituição de lote de OS detectada
2025-11-25 20:21:38,264 - INFO - ⌛ aguardando janela de programação de lote de OS...
2025-11-25 20:21:58,681 - INFO - 🟨 Janela de programação de lote de OS detectada
2025-11-25 20:22:26,156 - INFO - ⌛ aguardando janela de confirmação de programação de lote de OS...
2025-11-25 20:22:46,464 - INFO - 🟨 Janela de confirmação de programação de lote de OS detectada
2025-11-25 20:22:50,754 - INFO - ⌛ aguardando confirmação final de programação do lote
2025-11-25 20:23:11,119 - INFO - 🟨 programação do lote 37 efetuado com sucesso
2025-11-25 20:23:24,301 - INFO - 
=== Iniciando lote 38/99 [LV] ===
2025-11-25 20:23:30,655 - INFO - Janela de seleção aberta
2025-11-25 20:23:34,884 - INFO - DEBUG: idx=37, inicio=555, fim=570
2025-11-25 20:23:34,884 - INFO - ✅ 15 OS copiadas para a área de transferência.
2025-11-25 20:23:34,884 - INFO - 📋 Lote 38 copiado.
2025-11-25 20:23:43,216 - INFO - ⌛ Esperando mudança visual...
2025-11-25 20:23:44,229 - INFO - ⌛ Esperando mudança visual...
2025-11-25 20:23:45,239 - INFO - ⌛ Esperando mudança visual...
2025-11-25 20:23:46,262 - INFO - ⌛ Esperando mudança visual...
2025-11-25 20:23:47,281 - INFO - ⌛ Esperando mudança visual...
2025-11-25 20:23:48,297 - INFO - ⌛ Esperando mudança visual...
2025-11-25 20:23:49,312 - INFO - ⌛ Esperando mudança visual...
2025-11-25 20:23:50,328 - INFO - ⌛ Esperando mudança visual...
2025-11-25 20:23:51,344 - INFO - ✅ Tela carregada!
2025-11-25 20:24:01,830 - INFO - ⌛ Aguardando janela de confirmação de desbloqueio...
2025-11-25 20:24:22,175 - INFO - 🟨 Registros desbloqueados com sucesso
2025-11-25 20:24:35,760 - INFO - 🟨 OS programadas detectadas
2025-11-25 20:24:38,930 - INFO - ⌛ Aguardando janela de edição de OS...
2025-11-25 20:24:59,325 - INFO - 🟨 Janela de edição de OS detectada
2025-11-25 20:25:07,715 - INFO - 🟨 Janela de edição de habilidade da turma detectada
2025-11-25 20:25:53,043 - INFO - ⌛ Aguardando detecção do campo de caracteristica 'EQUIPE PRÓPRIA OU EPS' ...
2025-11-25 20:26:13,191 - INFO - ⌛ Aguardando detecção do campo de caracteristica 'EQUIPE PRÓPRIA OU EPS' ...
2025-11-25 20:26:33,328 - INFO - ⌛ Aguardando detecção do campo de caracteristica 'EQUIPE PRÓPRIA OU EPS' ...
2025-11-25 20:26:53,475 - INFO - 🟨 campo de caracteristica 'EQUIPE PRÓPRIA OU EPS detectado
2025-11-25 20:27:15,211 - INFO - ⌛ Aguardando confirmação 4 - editar OS...
2025-11-25 20:28:16,114 - INFO - ⌛ Aguardando janela de confirmação de programação de OS...
2025-11-25 20:28:36,396 - INFO - 🟨 Janela de confirmação de programação de OS detectada
2025-11-25 20:28:39,695 - INFO - ⌛ aguardando janela de programação de lote de OS...
2025-11-25 20:29:00,072 - INFO - 🟨 Janela de aviso de edição de OS programadas detectada
2025-11-25 20:29:04,325 - INFO - ⌛ aguardando janela de programação de lote de OS...
2025-11-25 20:29:24,690 - INFO - 🟨 Janela de aviso de substituição de lote de OS detectada
2025-11-25 20:29:30,956 - INFO - ⌛ aguardando janela de programação de lote de OS...
2025-11-25 20:29:51,366 - INFO - ⌛ aguardando janela de programação de lote de OS...
2025-11-25 20:29:51,489 - INFO - 🟨 Identificado travamento no EQM, reiniciando contador de espera
2025-11-25 20:30:11,771 - INFO - ⌛ aguardando janela de programação de lote de OS...
2025-11-25 20:30:11,958 - INFO - 🟨 Identificado travamento no EQM, reiniciando contador de espera
2025-11-25 20:30:11,958 - INFO - 🟨 Identificado travamento no EQM, reiniciando contador de espera
2025-11-25 20:30:32,213 - INFO - ⌛ aguardando janela de programação de lote de OS...
2025-11-25 20:30:32,327 - INFO - 🟨 Identificado travamento no EQM, reiniciando contador de espera
2025-11-25 20:30:32,327 - INFO - 🟨 Identificado travamento no EQM, reiniciando contador de espera
2025-11-25 20:30:52,633 - INFO - ⌛ aguardando janela de programação de lote de OS...
2025-11-25 20:30:52,755 - INFO - 🟨 Identificado travamento no EQM, reiniciando contador de espera
2025-11-25 20:30:52,755 - INFO - 🟨 Identificado travamento no EQM, reiniciando contador de espera
2025-11-25 20:31:13,018 - INFO - ⌛ aguardando janela de programação de lote de OS...
2025-11-25 20:31:13,167 - INFO - 🟨 Identificado travamento no EQM, reiniciando contador de espera
2025-11-25 20:31:13,167 - INFO - 🟨 Identificado travamento no EQM, reiniciando contador de espera
2025-11-25 20:31:33,454 - INFO - ⌛ aguardando janela de programação de lote de OS...
2025-11-25 20:31:33,590 - INFO - 🟨 Identificado travamento no EQM, reiniciando contador de espera
2025-11-25 20:31:33,590 - INFO - 🟨 Identificado travamento no EQM, reiniciando contador de espera
2025-11-25 20:31:53,862 - INFO - ⌛ aguardando janela de programação de lote de OS...
2025-11-25 20:31:53,999 - INFO - 🟨 Identificado travamento no EQM, reiniciando contador de espera
2025-11-25 20:31:53,999 - INFO - 🟨 Identificado travamento no EQM, reiniciando contador de espera
2025-11-25 20:32:14,319 - INFO - ⌛ aguardando janela de programação de lote de OS...
2025-11-25 20:32:14,458 - INFO - 🟨 Identificado travamento no EQM, reiniciando contador de espera
2025-11-25 20:32:14,458 - INFO - 🟨 Identificado travamento no EQM, reiniciando contador de espera
2025-11-25 20:32:34,779 - INFO - ⌛ aguardando janela de programação de lote de OS...
2025-11-25 20:32:34,908 - INFO - 🟨 Identificado travamento no EQM, reiniciando contador de espera
2025-11-25 20:32:34,908 - INFO - 🟨 Identificado travamento no EQM, reiniciando contador de espera
2025-11-25 20:32:55,209 - INFO - ⌛ aguardando janela de programação de lote de OS...
2025-11-25 20:32:55,349 - INFO - 🟨 Identificado travamento no EQM, reiniciando contador de espera
2025-11-25 20:32:55,349 - INFO - 🟨 Identificado travamento no EQM, reiniciando contador de espera
2025-11-25 20:33:15,632 - INFO - ⌛ aguardando janela de programação de lote de OS...
2025-11-25 20:33:15,782 - INFO - 🟨 Identificado travamento no EQM, reiniciando contador de espera
2025-11-25 20:33:15,782 - INFO - 🟨 Identificado travamento no EQM, reiniciando contador de espera
2025-11-25 20:33:36,047 - INFO - ⌛ aguardando janela de programação de lote de OS...
2025-11-25 20:33:36,175 - INFO - 🟨 Identificado travamento no EQM, reiniciando contador de espera
2025-11-25 20:33:36,191 - INFO - 🟨 Identificado travamento no EQM, reiniciando contador de espera
2025-11-25 20:33:56,478 - INFO - ⌛ aguardando janela de programação de lote de OS...
2025-11-25 20:33:56,606 - INFO - 🟨 Identificado travamento no EQM, reiniciando contador de espera
2025-11-25 20:33:56,606 - INFO - 🟨 Identificado travamento no EQM, reiniciando contador de espera
2025-11-25 20:34:16,876 - INFO - 🟨 Janela de programação de lote de OS detectada
2025-11-25 20:34:44,300 - INFO - ⌛ aguardando janela de confirmação de programação de lote de OS...
2025-11-25 20:35:04,595 - INFO - 🟨 Janela de confirmação de programação de lote de OS detectada
2025-11-25 20:35:08,879 - INFO - ⌛ aguardando confirmação final de programação do lote
2025-11-25 20:35:29,238 - INFO - 🟨 programação do lote 38 efetuado com sucesso
2025-11-25 20:35:42,390 - INFO - 
=== Iniciando lote 39/99 [LV] ===
2025-11-25 20:35:48,750 - INFO - Janela de seleção aberta
2025-11-25 20:35:52,998 - INFO - DEBUG: idx=38, inicio=570, fim=585
2025-11-25 20:35:52,998 - INFO - ✅ 15 OS copiadas para a área de transferência.
2025-11-25 20:35:52,998 - INFO - 📋 Lote 39 copiado.
2025-11-25 20:36:01,325 - INFO - ⌛ Esperando mudança visual...
2025-11-25 20:36:02,343 - INFO - ⌛ Esperando mudança visual...
2025-11-25 20:36:03,358 - INFO - ⌛ Esperando mudança visual...
2025-11-25 20:36:04,373 - INFO - ⌛ Esperando mudança visual...
2025-11-25 20:36:05,389 - INFO - ⌛ Esperando mudança visual...
2025-11-25 20:36:06,406 - INFO - ⌛ Esperando mudança visual...
2025-11-25 20:36:07,421 - INFO - ⌛ Esperando mudança visual...
2025-11-25 20:36:08,435 - INFO - ⌛ Esperando mudança visual...
2025-11-25 20:36:09,455 - INFO - ⌛ Esperando mudança visual...
2025-11-25 20:36:10,467 - INFO - ✅ Tela carregada!
2025-11-25 20:36:20,939 - INFO - ⌛ Aguardando janela de confirmação de desbloqueio...
2025-11-25 20:36:41,245 - INFO - 🟨 Registros desbloqueados com sucesso
2025-11-25 20:36:54,838 - INFO - 🟨 OS programadas detectadas
2025-11-25 20:36:58,010 - INFO - ⌛ Aguardando janela de edição de OS...
2025-11-25 20:37:18,381 - INFO - 🟨 Janela de edição de OS detectada
2025-11-25 20:37:26,751 - INFO - 🟨 Janela de edição de habilidade da turma detectada
2025-11-25 20:38:12,055 - INFO - ⌛ Aguardando detecção do campo de caracteristica 'EQUIPE PRÓPRIA OU EPS' ...
2025-11-25 20:38:32,217 - INFO - ⌛ Aguardando detecção do campo de caracteristica 'EQUIPE PRÓPRIA OU EPS' ...
2025-11-25 20:38:52,369 - INFO - ⌛ Aguardando detecção do campo de caracteristica 'EQUIPE PRÓPRIA OU EPS' ...
2025-11-25 20:39:12,533 - INFO - 🟨 campo de caracteristica 'EQUIPE PRÓPRIA OU EPS detectado
2025-11-25 20:39:34,269 - INFO - ⌛ Aguardando confirmação 4 - editar OS...
2025-11-25 20:40:35,199 - INFO - ⌛ Aguardando janela de confirmação de programação de OS...
2025-11-25 20:40:55,500 - INFO - 🟨 Janela de confirmação de programação de OS detectada
2025-11-25 20:40:58,846 - INFO - ⌛ aguardando janela de programação de lote de OS...
2025-11-25 20:41:19,235 - INFO - 🟨 Janela de aviso de edição de OS programadas detectada
2025-11-25 20:41:23,519 - INFO - ⌛ aguardando janela de programação de lote de OS...
2025-11-25 20:41:44,000 - INFO - 🟨 Janela de aviso de substituição de lote de OS detectada
2025-11-25 20:41:50,265 - INFO - ⌛ aguardando janela de programação de lote de OS...
2025-11-25 20:42:10,652 - INFO - ⌛ aguardando janela de programação de lote de OS...
2025-11-25 20:42:10,775 - INFO - 🟨 Identificado travamento no EQM, reiniciando contador de espera
2025-11-25 20:42:31,069 - INFO - ⌛ aguardando janela de programação de lote de OS...
2025-11-25 20:42:31,191 - INFO - 🟨 Identificado travamento no EQM, reiniciando contador de espera
2025-11-25 20:42:51,454 - INFO - ⌛ aguardando janela de programação de lote de OS...
2025-11-25 20:42:51,604 - INFO - 🟨 Identificado travamento no EQM, reiniciando contador de espera
2025-11-25 20:43:11,875 - INFO - ⌛ aguardando janela de programação de lote de OS...
2025-11-25 20:43:12,002 - INFO - 🟨 Identificado travamento no EQM, reiniciando contador de espera
2025-11-25 20:43:32,271 - INFO - ⌛ aguardando janela de programação de lote de OS...
2025-11-25 20:43:32,399 - INFO - 🟨 Identificado travamento no EQM, reiniciando contador de espera
2025-11-25 20:43:52,682 - INFO - ⌛ aguardando janela de programação de lote de OS...
2025-11-25 20:43:52,815 - INFO - 🟨 Identificado travamento no EQM, reiniciando contador de espera
2025-11-25 20:44:13,075 - INFO - ⌛ aguardando janela de programação de lote de OS...
2025-11-25 20:44:13,212 - INFO - 🟨 Identificado travamento no EQM, reiniciando contador de espera
2025-11-25 20:44:33,483 - INFO - ⌛ aguardando janela de programação de lote de OS...
2025-11-25 20:44:33,620 - INFO - 🟨 Identificado travamento no EQM, reiniciando contador de espera
2025-11-25 20:44:53,919 - INFO - ⌛ aguardando janela de programação de lote de OS...
2025-11-25 20:44:54,082 - INFO - 🟨 Identificado travamento no EQM, reiniciando contador de espera
2025-11-25 20:45:14,377 - INFO - ⌛ aguardando janela de programação de lote de OS...
2025-11-25 20:45:14,512 - INFO - 🟨 Identificado travamento no EQM, reiniciando contador de espera
2025-11-25 20:45:34,797 - INFO - 🟨 Janela de programação de lote de OS detectada
2025-11-25 20:46:02,269 - INFO - ⌛ aguardando janela de confirmação de programação de lote de OS...
2025-11-25 20:46:22,579 - INFO - 🟨 Janela de confirmação de programação de lote de OS detectada
2025-11-25 20:46:26,845 - INFO - ⌛ aguardando confirmação final de programação do lote
2025-11-25 20:46:47,228 - INFO - ⌛ aguardando confirmação final de programação do lote
2025-11-25 20:47:07,629 - INFO - ⌛ aguardando confirmação final de programação do lote
2025-11-25 20:47:28,016 - INFO - ⌛ aguardando confirmação final de programação do lote
2025-11-25 20:47:48,393 - INFO - 🟨 programação do lote 39 efetuado com sucesso
2025-11-25 20:48:01,562 - INFO - 
=== Iniciando lote 40/99 [LV] ===
2025-11-25 20:48:07,913 - INFO - Janela de seleção aberta
2025-11-25 20:48:12,148 - INFO - DEBUG: idx=39, inicio=585, fim=600
2025-11-25 20:48:12,148 - INFO - ✅ 15 OS copiadas para a área de transferência.
2025-11-25 20:48:12,148 - INFO - 📋 Lote 40 copiado.
2025-11-25 20:48:20,491 - INFO - ⌛ Esperando mudança visual...
2025-11-25 20:48:21,506 - INFO - ⌛ Esperando mudança visual...
2025-11-25 20:48:22,536 - INFO - ⌛ Esperando mudança visual...
2025-11-25 20:48:23,555 - INFO - ⌛ Esperando mudança visual...
2025-11-25 20:48:24,576 - INFO - ⌛ Esperando mudança visual...
2025-11-25 20:48:25,589 - INFO - ⌛ Esperando mudança visual...
2025-11-25 20:48:26,617 - INFO - ⌛ Esperando mudança visual...
2025-11-25 20:48:27,633 - INFO - ⌛ Esperando mudança visual...
2025-11-25 20:48:28,636 - INFO - ⌛ Esperando mudança visual...
2025-11-25 20:48:29,653 - INFO - ✅ Tela carregada!
2025-11-25 20:48:40,126 - INFO - ⌛ Aguardando janela de confirmação de desbloqueio...
2025-11-25 20:49:00,421 - INFO - 🟨 Registros desbloqueados com sucesso
2025-11-25 20:49:14,006 - INFO - 🟨 OS programadas detectadas
2025-11-25 20:49:17,173 - INFO - ⌛ Aguardando janela de edição de OS...
2025-11-25 20:49:37,512 - INFO - 🟨 Janela de edição de OS detectada
2025-11-25 20:49:45,889 - INFO - 🟨 Janela de edição de habilidade da turma detectada
2025-11-25 20:50:31,201 - INFO - ⌛ Aguardando detecção do campo de caracteristica 'EQUIPE PRÓPRIA OU EPS' ...
2025-11-25 20:50:51,346 - INFO - ⌛ Aguardando detecção do campo de caracteristica 'EQUIPE PRÓPRIA OU EPS' ...
2025-11-25 20:51:11,500 - INFO - ⌛ Aguardando detecção do campo de caracteristica 'EQUIPE PRÓPRIA OU EPS' ...
2025-11-25 20:51:31,634 - INFO - 🟨 campo de caracteristica 'EQUIPE PRÓPRIA OU EPS detectado
2025-11-25 20:51:53,418 - INFO - ⌛ Aguardando confirmação 4 - editar OS...
2025-11-25 20:52:54,346 - INFO - ⌛ Aguardando janela de confirmação de programação de OS...
2025-11-25 20:53:14,634 - INFO - 🟨 Janela de confirmação de programação de OS detectada
2025-11-25 20:53:17,988 - INFO - 🟨 Janela de aviso de edição de OS programadas detectada
2025-11-25 20:53:22,266 - INFO - ⌛ aguardando janela de programação de lote de OS...
2025-11-25 20:53:42,703 - INFO - 🟨 Janela de aviso de substituição de lote de OS detectada
2025-11-25 20:53:48,971 - INFO - ⌛ aguardando janela de programação de lote de OS...
2025-11-25 20:54:09,399 - INFO - 🟨 Janela de programação de lote de OS detectada
2025-11-25 20:54:36,846 - INFO - ⌛ aguardando janela de confirmação de programação de lote de OS...
2025-11-25 20:54:57,166 - INFO - 🟨 Janela de confirmação de programação de lote de OS detectada
2025-11-25 20:55:01,463 - INFO - ⌛ aguardando confirmação final de programação do lote
2025-11-25 20:55:21,800 - INFO - ⌛ aguardando confirmação final de programação do lote
2025-11-25 20:55:42,173 - INFO - ⌛ aguardando confirmação final de programação do lote
2025-11-25 20:56:02,538 - INFO - ⌛ aguardando confirmação final de programação do lote
2025-11-25 20:56:22,895 - INFO - ⌛ aguardando confirmação final de programação do lote
2025-11-25 20:56:43,250 - INFO - ⌛ aguardando confirmação final de programação do lote
2025-11-25 20:57:03,602 - INFO - 🟨 programação do lote 40 efetuado com sucesso
2025-11-25 20:57:16,754 - INFO - 
=== Iniciando lote 41/99 [LV] ===
2025-11-25 20:57:23,113 - INFO - Janela de seleção aberta
2025-11-25 20:57:27,344 - INFO - DEBUG: idx=40, inicio=600, fim=615
2025-11-25 20:57:27,344 - INFO - ✅ 15 OS copiadas para a área de transferência.
2025-11-25 20:57:27,344 - INFO - 📋 Lote 41 copiado.
2025-11-25 20:57:35,655 - INFO - ⌛ Esperando mudança visual...
2025-11-25 20:57:36,662 - INFO - ⌛ Esperando mudança visual...
2025-11-25 20:57:37,674 - INFO - ⌛ Esperando mudança visual...
2025-11-25 20:57:38,687 - INFO - ⌛ Esperando mudança visual...
2025-11-25 20:57:39,702 - INFO - ⌛ Esperando mudança visual...
2025-11-25 20:57:40,719 - INFO - ⌛ Esperando mudança visual...
2025-11-25 20:57:41,748 - INFO - ⌛ Esperando mudança visual...
2025-11-25 20:57:42,765 - INFO - ⌛ Esperando mudança visual...
2025-11-25 20:57:43,774 - INFO - ⌛ Esperando mudança visual...
2025-11-25 20:57:44,785 - INFO - ⌛ Esperando mudança visual...
2025-11-25 20:57:45,797 - INFO - ✅ Tela carregada!
2025-11-25 20:57:56,270 - INFO - ⌛ Aguardando janela de confirmação de desbloqueio...
2025-11-25 20:58:16,569 - INFO - 🟨 Registros desbloqueados com sucesso
2025-11-25 20:58:30,146 - INFO - ⌛ Aguardando janela de edição de OS...
2025-11-25 20:58:50,555 - INFO - 🟨 Janela de edição de OS detectada
2025-11-25 20:58:58,908 - INFO - 🟨 Janela de edição de habilidade da turma detectada
2025-11-25 20:59:44,215 - INFO - ⌛ Aguardando detecção do campo de caracteristica 'EQUIPE PRÓPRIA OU EPS' ...
2025-11-25 21:00:04,364 - INFO - ⌛ Aguardando detecção do campo de caracteristica 'EQUIPE PRÓPRIA OU EPS' ...
2025-11-25 21:00:24,520 - INFO - ⌛ Aguardando detecção do campo de caracteristica 'EQUIPE PRÓPRIA OU EPS' ...
2025-11-25 21:00:44,678 - INFO - 🟨 campo de caracteristica 'EQUIPE PRÓPRIA OU EPS detectado
2025-11-25 21:01:06,407 - INFO - ⌛ Aguardando confirmação 4 - editar OS...
2025-11-25 21:02:07,352 - INFO - ⌛ Aguardando janela de confirmação de programação de OS...
2025-11-25 21:02:27,656 - INFO - 🟨 Janela de confirmação de programação de OS detectada
2025-11-25 21:02:31,030 - INFO - ⌛ aguardando janela de programação de lote de OS...
2025-11-25 21:02:51,427 - INFO - 🟨 Janela de programação de lote de OS detectada
2025-11-25 21:03:18,851 - INFO - ⌛ aguardando janela de confirmação de programação de lote de OS...
2025-11-25 21:03:39,145 - INFO - 🟨 Janela de confirmação de programação de lote de OS detectada
2025-11-25 21:03:43,426 - INFO - ⌛ aguardando confirmação final de programação do lote
2025-11-25 21:04:03,777 - INFO - 🟨 programação do lote 41 efetuado com sucesso
2025-11-25 21:04:16,944 - INFO - 
=== Iniciando lote 42/99 [LV] ===
2025-11-25 21:04:23,297 - INFO - Janela de seleção aberta
2025-11-25 21:04:27,528 - INFO - DEBUG: idx=41, inicio=615, fim=630
2025-11-25 21:04:27,528 - INFO - ✅ 15 OS copiadas para a área de transferência.
2025-11-25 21:04:27,528 - INFO - 📋 Lote 42 copiado.
2025-11-25 21:04:35,854 - INFO - ⌛ Esperando mudança visual...
2025-11-25 21:04:36,867 - INFO - ⌛ Esperando mudança visual...
2025-11-25 21:04:37,888 - INFO - ⌛ Esperando mudança visual...
2025-11-25 21:04:38,902 - INFO - ⌛ Esperando mudança visual...
2025-11-25 21:04:39,908 - INFO - ⌛ Esperando mudança visual...
2025-11-25 21:04:40,919 - INFO - ⌛ Esperando mudança visual...
2025-11-25 21:04:41,936 - INFO - ⌛ Esperando mudança visual...
2025-11-25 21:04:42,953 - INFO - ⌛ Esperando mudança visual...
2025-11-25 21:04:43,965 - INFO - ⌛ Esperando mudança visual...
2025-11-25 21:04:44,981 - INFO - ✅ Tela carregada!
2025-11-25 21:04:55,457 - INFO - ⌛ Aguardando janela de confirmação de desbloqueio...
2025-11-25 21:05:15,751 - INFO - 🟨 Registros desbloqueados com sucesso
2025-11-25 21:05:29,336 - INFO - ⌛ Aguardando janela de edição de OS...
2025-11-25 21:05:49,680 - INFO - 🟨 Janela de edição de OS detectada
2025-11-25 21:05:58,033 - INFO - 🟨 Janela de edição de habilidade da turma detectada
2025-11-25 21:06:43,366 - INFO - ⌛ Aguardando detecção do campo de caracteristica 'EQUIPE PRÓPRIA OU EPS' ...
2025-11-25 21:07:03,521 - INFO - ⌛ Aguardando detecção do campo de caracteristica 'EQUIPE PRÓPRIA OU EPS' ...
2025-11-25 21:07:23,666 - INFO - ⌛ Aguardando detecção do campo de caracteristica 'EQUIPE PRÓPRIA OU EPS' ...
2025-11-25 21:07:43,827 - INFO - 🟨 campo de caracteristica 'EQUIPE PRÓPRIA OU EPS detectado
2025-11-25 21:08:05,566 - INFO - ⌛ Aguardando confirmação 4 - editar OS...
2025-11-25 21:08:25,874 - INFO - ⌛ Aguardando confirmação 4 - editar OS...
2025-11-25 21:09:26,828 - INFO - ⌛ Aguardando janela de confirmação de programação de OS...
2025-11-25 21:09:47,126 - INFO - 🟨 Janela de confirmação de programação de OS detectada
2025-11-25 21:09:50,509 - INFO - ⌛ aguardando janela de programação de lote de OS...
2025-11-25 21:10:10,963 - INFO - 🟨 Janela de programação de lote de OS detectada
2025-11-25 21:10:38,398 - INFO - ⌛ aguardando janela de confirmação de programação de lote de OS...
2025-11-25 21:10:58,707 - INFO - 🟨 Janela de confirmação de programação de lote de OS detectada
2025-11-25 21:11:03,012 - INFO - ⌛ aguardando confirmação final de programação do lote
2025-11-25 21:11:23,376 - INFO - 🟨 programação do lote 42 efetuado com sucesso
2025-11-25 21:11:36,532 - INFO - 
=== Iniciando lote 43/99 [LV] ===
2025-11-25 21:11:42,912 - INFO - Janela de seleção aberta
2025-11-25 21:11:47,143 - INFO - DEBUG: idx=42, inicio=630, fim=645
2025-11-25 21:11:47,143 - INFO - ✅ 15 OS copiadas para a área de transferência.
2025-11-25 21:11:47,143 - INFO - 📋 Lote 43 copiado.
2025-11-25 21:11:55,475 - INFO - ⌛ Esperando mudança visual...
2025-11-25 21:11:56,488 - INFO - ⌛ Esperando mudança visual...
2025-11-25 21:11:57,504 - INFO - ⌛ Esperando mudança visual...
2025-11-25 21:11:58,521 - INFO - ⌛ Esperando mudança visual...
2025-11-25 21:11:59,538 - INFO - ⌛ Esperando mudança visual...
2025-11-25 21:12:00,557 - INFO - ⌛ Esperando mudança visual...
2025-11-25 21:12:01,565 - INFO - ⌛ Esperando mudança visual...
2025-11-25 21:12:02,602 - INFO - ⌛ Esperando mudança visual...
2025-11-25 21:12:03,614 - INFO - ⌛ Esperando mudança visual...
2025-11-25 21:12:04,631 - INFO - ✅ Tela carregada!
2025-11-25 21:12:15,107 - INFO - ⌛ Aguardando janela de confirmação de desbloqueio...
2025-11-25 21:12:35,400 - INFO - 🟨 Registros desbloqueados com sucesso
2025-11-25 21:12:48,998 - INFO - ⌛ Aguardando janela de edição de OS...
2025-11-25 21:13:09,349 - INFO - 🟨 Janela de edição de OS detectada
2025-11-25 21:13:17,694 - INFO - 🟨 Janela de edição de habilidade da turma detectada
2025-11-25 21:14:03,028 - INFO - ⌛ Aguardando detecção do campo de caracteristica 'EQUIPE PRÓPRIA OU EPS' ...
2025-11-25 21:14:23,190 - INFO - ⌛ Aguardando detecção do campo de caracteristica 'EQUIPE PRÓPRIA OU EPS' ...
2025-11-25 21:14:43,347 - INFO - ⌛ Aguardando detecção do campo de caracteristica 'EQUIPE PRÓPRIA OU EPS' ...
2025-11-25 21:15:03,512 - INFO - 🟨 campo de caracteristica 'EQUIPE PRÓPRIA OU EPS detectado
2025-11-25 21:15:25,287 - INFO - ⌛ Aguardando confirmação 4 - editar OS...
2025-11-25 21:15:45,596 - INFO - ⌛ Aguardando confirmação 4 - editar OS...
2025-11-25 21:16:46,532 - INFO - ⌛ Aguardando janela de confirmação de programação de OS...
2025-11-25 21:17:06,859 - INFO - 🟨 Janela de confirmação de programação de OS detectada
2025-11-25 21:17:10,206 - INFO - ⌛ aguardando janela de programação de lote de OS...
2025-11-25 21:17:30,640 - INFO - 🟨 Janela de programação de lote de OS detectada
2025-11-25 21:17:58,084 - INFO - ⌛ aguardando janela de confirmação de programação de lote de OS...
2025-11-25 21:18:18,382 - INFO - 🟨 Janela de confirmação de programação de lote de OS detectada
2025-11-25 21:18:22,663 - INFO - ⌛ aguardando confirmação final de programação do lote
2025-11-25 21:18:43,048 - INFO - 🟨 programação do lote 43 efetuado com sucesso
2025-11-25 21:18:56,224 - INFO - 
=== Iniciando lote 44/99 [LV] ===
2025-11-25 21:19:02,582 - INFO - Janela de seleção aberta
2025-11-25 21:19:06,801 - INFO - DEBUG: idx=43, inicio=645, fim=660
2025-11-25 21:19:06,801 - INFO - ✅ 15 OS copiadas para a área de transferência.
2025-11-25 21:19:06,801 - INFO - 📋 Lote 44 copiado.
2025-11-25 21:19:15,140 - INFO - ⌛ Esperando mudança visual...
2025-11-25 21:19:16,153 - INFO - ⌛ Esperando mudança visual...
2025-11-25 21:19:17,175 - INFO - ⌛ Esperando mudança visual...
2025-11-25 21:19:18,189 - INFO - ⌛ Esperando mudança visual...
2025-11-25 21:19:19,203 - INFO - ⌛ Esperando mudança visual...
2025-11-25 21:19:20,218 - INFO - ⌛ Esperando mudança visual...
2025-11-25 21:19:21,233 - INFO - ⌛ Esperando mudança visual...
2025-11-25 21:19:22,246 - INFO - ⌛ Esperando mudança visual...
2025-11-25 21:19:23,280 - INFO - ⌛ Esperando mudança visual...
2025-11-25 21:19:24,288 - INFO - ⌛ Esperando mudança visual...
2025-11-25 21:19:25,312 - INFO - ✅ Tela carregada!
2025-11-25 21:19:35,791 - INFO - ⌛ Aguardando janela de confirmação de desbloqueio...
2025-11-25 21:19:56,099 - INFO - 🟨 Registros desbloqueados com sucesso
2025-11-25 21:20:09,678 - INFO - ⌛ Aguardando janela de edição de OS...
2025-11-25 21:20:30,041 - INFO - 🟨 Janela de edição de OS detectada
2025-11-25 21:20:38,410 - INFO - 🟨 Janela de edição de habilidade da turma detectada
2025-11-25 21:21:23,726 - INFO - ⌛ Aguardando detecção do campo de caracteristica 'EQUIPE PRÓPRIA OU EPS' ...
2025-11-25 21:21:43,882 - INFO - ⌛ Aguardando detecção do campo de caracteristica 'EQUIPE PRÓPRIA OU EPS' ...
2025-11-25 21:22:04,038 - INFO - ⌛ Aguardando detecção do campo de caracteristica 'EQUIPE PRÓPRIA OU EPS' ...
2025-11-25 21:22:24,196 - INFO - 🟨 campo de caracteristica 'EQUIPE PRÓPRIA OU EPS detectado
2025-11-25 21:22:45,930 - INFO - ⌛ Aguardando confirmação 4 - editar OS...
2025-11-25 21:23:46,875 - INFO - ⌛ Aguardando janela de confirmação de programação de OS...
2025-11-25 21:24:07,156 - INFO - 🟨 Janela de confirmação de programação de OS detectada
2025-11-25 21:24:10,466 - INFO - ⌛ aguardando janela de programação de lote de OS...
2025-11-25 21:24:30,926 - INFO - 🟨 Janela de programação de lote de OS detectada
2025-11-25 21:24:58,360 - INFO - ⌛ aguardando janela de confirmação de programação de lote de OS...
2025-11-25 21:25:18,660 - INFO - 🟨 Janela de confirmação de programação de lote de OS detectada
2025-11-25 21:25:22,947 - INFO - ⌛ aguardando confirmação final de programação do lote
2025-11-25 21:25:43,323 - INFO - 🟨 programação do lote 44 efetuado com sucesso
2025-11-25 21:25:56,486 - INFO - 
=== Iniciando lote 45/99 [LV] ===
2025-11-25 21:26:02,845 - INFO - Janela de seleção aberta
2025-11-25 21:26:07,077 - INFO - DEBUG: idx=44, inicio=660, fim=675
2025-11-25 21:26:07,077 - INFO - ✅ 15 OS copiadas para a área de transferência.
2025-11-25 21:26:07,077 - INFO - 📋 Lote 45 copiado.
2025-11-25 21:26:15,402 - INFO - ⌛ Esperando mudança visual...
2025-11-25 21:26:16,439 - INFO - ⌛ Esperando mudança visual...
2025-11-25 21:26:17,453 - INFO - ⌛ Esperando mudança visual...
2025-11-25 21:26:18,473 - INFO - ⌛ Esperando mudança visual...
2025-11-25 21:26:19,488 - INFO - ⌛ Esperando mudança visual...
2025-11-25 21:26:20,502 - INFO - ⌛ Esperando mudança visual...
2025-11-25 21:26:21,515 - INFO - ⌛ Esperando mudança visual...
2025-11-25 21:26:22,536 - INFO - ⌛ Esperando mudança visual...
2025-11-25 21:26:23,545 - INFO - ⌛ Esperando mudança visual...
2025-11-25 21:26:24,568 - INFO - ✅ Tela carregada!
2025-11-25 21:26:35,035 - INFO - ⌛ Aguardando janela de confirmação de desbloqueio...
2025-11-25 21:26:55,343 - INFO - 🟨 Registros desbloqueados com sucesso
2025-11-25 21:27:08,901 - INFO - 🟨 OS programadas detectadas
2025-11-25 21:27:12,062 - INFO - ⌛ Aguardando janela de edição de OS...
2025-11-25 21:27:32,428 - INFO - 🟨 Janela de edição de OS detectada
2025-11-25 21:27:40,777 - INFO - 🟨 Janela de edição de habilidade da turma detectada
2025-11-25 21:28:26,088 - INFO - ⌛ Aguardando detecção do campo de caracteristica 'EQUIPE PRÓPRIA OU EPS' ...
2025-11-25 21:28:46,256 - INFO - ⌛ Aguardando detecção do campo de caracteristica 'EQUIPE PRÓPRIA OU EPS' ...
2025-11-25 21:29:06,414 - INFO - ⌛ Aguardando detecção do campo de caracteristica 'EQUIPE PRÓPRIA OU EPS' ...
2025-11-25 21:29:26,581 - INFO - 🟨 campo de caracteristica 'EQUIPE PRÓPRIA OU EPS detectado
2025-11-25 21:29:48,314 - INFO - ⌛ Aguardando confirmação 4 - editar OS...
2025-11-25 21:30:49,272 - INFO - ⌛ Aguardando janela de confirmação de programação de OS...
2025-11-25 21:31:09,565 - INFO - 🟨 Janela de confirmação de programação de OS detectada
2025-11-25 21:31:12,893 - INFO - 🟨 Janela de aviso de edição de OS programadas detectada
2025-11-25 21:31:17,159 - INFO - ⌛ aguardando janela de programação de lote de OS...
2025-11-25 21:31:37,583 - INFO - 🟨 Janela de aviso de substituição de lote de OS detectada
2025-11-25 21:31:43,854 - INFO - ⌛ aguardando janela de programação de lote de OS...
2025-11-25 21:32:04,262 - INFO - ⌛ aguardando janela de programação de lote de OS...
2025-11-25 21:32:04,386 - INFO - 🟨 Identificado travamento no EQM, reiniciando contador de espera
2025-11-25 21:32:24,670 - INFO - 🟨 Janela de programação de lote de OS detectada
2025-11-25 21:32:52,123 - INFO - ⌛ aguardando janela de confirmação de programação de lote de OS...
2025-11-25 21:33:12,419 - INFO - 🟨 Janela de confirmação de programação de lote de OS detectada
2025-11-25 21:33:16,725 - INFO - ⌛ aguardando confirmação final de programação do lote
2025-11-25 21:33:37,106 - INFO - 🟨 programação do lote 45 efetuado com sucesso
2025-11-25 21:33:50,270 - INFO - 
=== Iniciando lote 46/99 [LV] ===
2025-11-25 21:33:56,633 - INFO - Janela de seleção aberta
2025-11-25 21:34:00,856 - INFO - DEBUG: idx=45, inicio=675, fim=690
2025-11-25 21:34:00,856 - INFO - ✅ 15 OS copiadas para a área de transferência.
2025-11-25 21:34:00,856 - INFO - 📋 Lote 46 copiado.
2025-11-25 21:34:09,191 - INFO - ⌛ Esperando mudança visual...
2025-11-25 21:34:10,202 - INFO - ⌛ Esperando mudança visual...
2025-11-25 21:34:11,216 - INFO - ⌛ Esperando mudança visual...
2025-11-25 21:34:12,237 - INFO - ⌛ Esperando mudança visual...
2025-11-25 21:34:13,254 - INFO - ⌛ Esperando mudança visual...
2025-11-25 21:34:14,273 - INFO - ⌛ Esperando mudança visual...
2025-11-25 21:34:15,286 - INFO - ⌛ Esperando mudança visual...
2025-11-25 21:34:16,297 - INFO - ⌛ Esperando mudança visual...
2025-11-25 21:34:17,314 - INFO - ⌛ Esperando mudança visual...
2025-11-25 21:34:18,330 - INFO - ✅ Tela carregada!
2025-11-25 21:34:28,802 - INFO - ⌛ Aguardando janela de confirmação de desbloqueio...
2025-11-25 21:34:49,098 - INFO - 🟨 Registros desbloqueados com sucesso
2025-11-25 21:35:02,688 - INFO - 🟨 OS programadas detectadas
2025-11-25 21:35:05,854 - INFO - ⌛ Aguardando janela de edição de OS...
2025-11-25 21:35:26,201 - INFO - 🟨 Janela de edição de OS detectada
2025-11-25 21:35:34,566 - INFO - 🟨 Janela de edição de habilidade da turma detectada
2025-11-25 21:36:19,892 - INFO - ⌛ Aguardando detecção do campo de caracteristica 'EQUIPE PRÓPRIA OU EPS' ...
2025-11-25 21:36:40,054 - INFO - ⌛ Aguardando detecção do campo de caracteristica 'EQUIPE PRÓPRIA OU EPS' ...
2025-11-25 21:37:00,219 - INFO - ⌛ Aguardando detecção do campo de caracteristica 'EQUIPE PRÓPRIA OU EPS' ...
2025-11-25 21:37:20,374 - INFO - 🟨 campo de caracteristica 'EQUIPE PRÓPRIA OU EPS detectado
2025-11-25 21:37:42,132 - INFO - ⌛ Aguardando confirmação 4 - editar OS...
2025-11-25 21:38:02,416 - INFO - ⌛ Aguardando confirmação 4 - editar OS...
2025-11-25 21:39:03,407 - INFO - ⌛ Aguardando janela de confirmação de programação de OS...
2025-11-25 21:39:23,693 - INFO - 🟨 Janela de confirmação de programação de OS detectada
2025-11-25 21:39:27,010 - INFO - ⌛ aguardando janela de programação de lote de OS...
2025-11-25 21:39:47,414 - INFO - 🟨 Janela de aviso de edição de OS programadas detectada
2025-11-25 21:39:51,688 - INFO - ⌛ aguardando janela de programação de lote de OS...
2025-11-25 21:40:12,114 - INFO - 🟨 Janela de aviso de substituição de lote de OS detectada
2025-11-25 21:40:18,387 - INFO - ⌛ aguardando janela de programação de lote de OS...
2025-11-25 21:40:38,775 - INFO - 🟨 Janela de programação de lote de OS detectada
2025-11-25 21:41:06,185 - INFO - ⌛ aguardando janela de confirmação de programação de lote de OS...
2025-11-25 21:41:26,526 - INFO - 🟨 Janela de confirmação de programação de lote de OS detectada
2025-11-25 21:41:30,790 - INFO - ⌛ aguardando confirmação final de programação do lote
2025-11-25 21:41:51,176 - INFO - 🟨 programação do lote 46 efetuado com sucesso
2025-11-25 21:42:04,331 - INFO - 
=== Iniciando lote 47/99 [LV] ===
2025-11-25 21:42:10,688 - INFO - Janela de seleção aberta
2025-11-25 21:42:14,918 - INFO - DEBUG: idx=46, inicio=690, fim=705
2025-11-25 21:42:14,918 - INFO - ✅ 15 OS copiadas para a área de transferência.
2025-11-25 21:42:14,918 - INFO - 📋 Lote 47 copiado.
2025-11-25 21:42:23,268 - INFO - ⌛ Esperando mudança visual...
2025-11-25 21:42:24,284 - INFO - ⌛ Esperando mudança visual...
2025-11-25 21:42:25,317 - INFO - ⌛ Esperando mudança visual...
2025-11-25 21:42:26,331 - INFO - ⌛ Esperando mudança visual...
2025-11-25 21:42:27,348 - INFO - ⌛ Esperando mudança visual...
2025-11-25 21:42:28,363 - INFO - ⌛ Esperando mudança visual...
2025-11-25 21:42:29,381 - INFO - ⌛ Esperando mudança visual...
2025-11-25 21:42:30,415 - INFO - ⌛ Esperando mudança visual...
2025-11-25 21:42:31,423 - INFO - ✅ Tela carregada!
2025-11-25 21:42:41,905 - INFO - ⌛ Aguardando janela de confirmação de desbloqueio...
2025-11-25 21:43:02,213 - INFO - 🟨 Registros desbloqueados com sucesso
2025-11-25 21:43:15,797 - INFO - ⌛ Aguardando janela de edição de OS...
2025-11-25 21:43:36,139 - INFO - 🟨 Janela de edição de OS detectada
2025-11-25 21:43:44,498 - INFO - 🟨 Janela de edição de habilidade da turma detectada
2025-11-25 21:44:29,797 - INFO - ⌛ Aguardando detecção do campo de caracteristica 'EQUIPE PRÓPRIA OU EPS' ...
2025-11-25 21:44:49,969 - INFO - ⌛ Aguardando detecção do campo de caracteristica 'EQUIPE PRÓPRIA OU EPS' ...
2025-11-25 21:45:10,132 - INFO - ⌛ Aguardando detecção do campo de caracteristica 'EQUIPE PRÓPRIA OU EPS' ...
2025-11-25 21:45:30,278 - INFO - 🟨 campo de caracteristica 'EQUIPE PRÓPRIA OU EPS detectado
2025-11-25 21:45:52,018 - INFO - ⌛ Aguardando confirmação 4 - editar OS...
2025-11-25 21:46:12,307 - INFO - ⌛ Aguardando confirmação 4 - editar OS...
2025-11-25 21:47:13,247 - INFO - ⌛ Aguardando janela de confirmação de programação de OS...
2025-11-25 21:47:33,536 - INFO - 🟨 Janela de confirmação de programação de OS detectada
2025-11-25 21:47:36,858 - INFO - ⌛ aguardando janela de programação de lote de OS...
2025-11-25 21:47:57,285 - INFO - 🟨 Janela de programação de lote de OS detectada
2025-11-25 21:48:24,739 - INFO - ⌛ aguardando janela de confirmação de programação de lote de OS...
2025-11-25 21:48:45,033 - INFO - 🟨 Janela de confirmação de programação de lote de OS detectada
2025-11-25 21:48:49,328 - INFO - ⌛ aguardando confirmação final de programação do lote
2025-11-25 21:49:09,755 - INFO - 🟨 programação do lote 47 efetuado com sucesso
2025-11-25 21:49:22,918 - INFO - 
=== Iniciando lote 48/99 [LV] ===
2025-11-25 21:49:29,289 - INFO - Janela de seleção aberta
2025-11-25 21:49:33,522 - INFO - DEBUG: idx=47, inicio=705, fim=720
2025-11-25 21:49:33,522 - INFO - ✅ 15 OS copiadas para a área de transferência.
2025-11-25 21:49:33,522 - INFO - 📋 Lote 48 copiado.
2025-11-25 21:49:41,858 - INFO - ⌛ Esperando mudança visual...
2025-11-25 21:49:42,866 - INFO - ⌛ Esperando mudança visual...
2025-11-25 21:49:43,880 - INFO - ⌛ Esperando mudança visual...
2025-11-25 21:49:44,886 - INFO - ⌛ Esperando mudança visual...
2025-11-25 21:49:45,905 - INFO - ⌛ Esperando mudança visual...
2025-11-25 21:49:46,931 - INFO - ⌛ Esperando mudança visual...
2025-11-25 21:49:47,932 - INFO - ⌛ Esperando mudança visual...
2025-11-25 21:49:48,944 - INFO - ⌛ Esperando mudança visual...
2025-11-25 21:49:49,958 - INFO - ✅ Tela carregada!
2025-11-25 21:50:00,433 - INFO - ⌛ Aguardando janela de confirmação de desbloqueio...
2025-11-25 21:50:20,718 - INFO - 🟨 Registros desbloqueados com sucesso
2025-11-25 21:50:34,321 - INFO - 🟨 OS programadas detectadas
2025-11-25 21:50:37,486 - INFO - ⌛ Aguardando janela de edição de OS...
2025-11-25 21:50:57,832 - INFO - 🟨 Janela de edição de OS detectada
2025-11-25 21:51:06,202 - INFO - 🟨 Janela de edição de habilidade da turma detectada
2025-11-25 21:51:51,522 - INFO - ⌛ Aguardando detecção do campo de caracteristica 'EQUIPE PRÓPRIA OU EPS' ...
2025-11-25 21:52:11,689 - INFO - ⌛ Aguardando detecção do campo de caracteristica 'EQUIPE PRÓPRIA OU EPS' ...
2025-11-25 21:52:31,850 - INFO - ⌛ Aguardando detecção do campo de caracteristica 'EQUIPE PRÓPRIA OU EPS' ...
2025-11-25 21:52:52,005 - INFO - 🟨 campo de caracteristica 'EQUIPE PRÓPRIA OU EPS detectado
2025-11-25 21:53:13,752 - INFO - ⌛ Aguardando confirmação 4 - editar OS...
2025-11-25 21:53:34,101 - INFO - ⌛ Aguardando confirmação 4 - editar OS...
2025-11-25 21:54:35,027 - INFO - ⌛ Aguardando janela de confirmação de programação de OS...
2025-11-25 21:54:55,341 - INFO - 🟨 Janela de confirmação de programação de OS detectada
2025-11-25 21:54:58,689 - INFO - 🟨 Janela de aviso de edição de OS programadas detectada
2025-11-25 21:55:02,959 - INFO - ⌛ aguardando janela de programação de lote de OS...
2025-11-25 21:55:23,378 - INFO - 🟨 Janela de aviso de substituição de lote de OS detectada
2025-11-25 21:55:29,650 - INFO - ⌛ aguardando janela de programação de lote de OS...
2025-11-25 21:55:50,053 - INFO - 🟨 Janela de programação de lote de OS detectada
2025-11-25 21:56:17,486 - INFO - ⌛ aguardando janela de confirmação de programação de lote de OS...
2025-11-25 21:56:37,781 - INFO - 🟨 Janela de confirmação de programação de lote de OS detectada
2025-11-25 21:56:42,048 - INFO - ⌛ aguardando confirmação final de programação do lote
2025-11-25 21:57:02,380 - INFO - 🟨 programação do lote 48 efetuado com sucesso
2025-11-25 21:57:15,532 - INFO - 
=== Iniciando lote 49/99 [LV] ===
2025-11-25 21:57:21,884 - INFO - Janela de seleção aberta
2025-11-25 21:57:26,118 - INFO - DEBUG: idx=48, inicio=720, fim=735
2025-11-25 21:57:26,118 - INFO - ✅ 15 OS copiadas para a área de transferência.
2025-11-25 21:57:26,118 - INFO - 📋 Lote 49 copiado.
2025-11-25 21:57:34,476 - INFO - ⌛ Esperando mudança visual...
2025-11-25 21:57:35,480 - INFO - ⌛ Esperando mudança visual...
2025-11-25 21:57:36,484 - INFO - ⌛ Esperando mudança visual...
2025-11-25 21:57:37,509 - INFO - ⌛ Esperando mudança visual...
2025-11-25 21:57:38,542 - INFO - ⌛ Esperando mudança visual...
2025-11-25 21:57:39,558 - INFO - ⌛ Esperando mudança visual...
2025-11-25 21:57:40,561 - INFO - ⌛ Esperando mudança visual...
2025-11-25 21:57:41,608 - INFO - ⌛ Esperando mudança visual...
2025-11-25 21:57:42,613 - INFO - ⌛ Esperando mudança visual...
2025-11-25 21:57:43,628 - INFO - ✅ Tela carregada!
2025-11-25 21:57:54,100 - INFO - ⌛ Aguardando janela de confirmação de desbloqueio...
2025-11-25 21:58:14,415 - INFO - 🟨 Registros desbloqueados com sucesso
2025-11-25 21:58:27,993 - INFO - ⌛ Aguardando janela de edição de OS...
2025-11-25 21:58:48,416 - INFO - 🟨 Janela de edição de OS detectada
2025-11-25 21:58:56,796 - INFO - 🟨 Janela de edição de habilidade da turma detectada
2025-11-25 21:59:42,116 - INFO - ⌛ Aguardando detecção do campo de caracteristica 'EQUIPE PRÓPRIA OU EPS' ...
2025-11-25 22:00:02,271 - INFO - ⌛ Aguardando detecção do campo de caracteristica 'EQUIPE PRÓPRIA OU EPS' ...
2025-11-25 22:00:22,408 - INFO - ⌛ Aguardando detecção do campo de caracteristica 'EQUIPE PRÓPRIA OU EPS' ...
2025-11-25 22:00:42,578 - INFO - 🟨 campo de caracteristica 'EQUIPE PRÓPRIA OU EPS detectado
2025-11-25 22:01:04,312 - INFO - ⌛ Aguardando confirmação 4 - editar OS...
2025-11-25 22:02:05,275 - INFO - ⌛ Aguardando janela de confirmação de programação de OS...
2025-11-25 22:02:25,575 - INFO - 🟨 Janela de confirmação de programação de OS detectada
2025-11-25 22:02:28,926 - INFO - ⌛ aguardando janela de programação de lote de OS...
2025-11-25 22:02:49,355 - INFO - 🟨 Janela de programação de lote de OS detectada
2025-11-25 22:03:16,820 - INFO - ⌛ aguardando janela de confirmação de programação de lote de OS...
2025-11-25 22:03:37,115 - INFO - 🟨 Janela de confirmação de programação de lote de OS detectada
2025-11-25 22:03:41,399 - INFO - ⌛ aguardando confirmação final de programação do lote
2025-11-25 22:04:01,738 - INFO - 🟨 programação do lote 49 efetuado com sucesso
2025-11-25 22:04:14,901 - INFO - 
=== Iniciando lote 50/99 [LV] ===
2025-11-25 22:04:21,258 - INFO - Janela de seleção aberta
2025-11-25 22:04:25,487 - INFO - DEBUG: idx=49, inicio=735, fim=750
2025-11-25 22:04:25,487 - INFO - ✅ 15 OS copiadas para a área de transferência.
2025-11-25 22:04:25,487 - INFO - 📋 Lote 50 copiado.
2025-11-25 22:04:33,825 - INFO - ⌛ Esperando mudança visual...
2025-11-25 22:04:34,842 - INFO - ⌛ Esperando mudança visual...
2025-11-25 22:04:35,855 - INFO - ⌛ Esperando mudança visual...
2025-11-25 22:04:36,887 - INFO - ⌛ Esperando mudança visual...
2025-11-25 22:04:37,901 - INFO - ⌛ Esperando mudança visual...
2025-11-25 22:04:38,921 - INFO - ⌛ Esperando mudança visual...
2025-11-25 22:04:39,936 - INFO - ⌛ Esperando mudança visual...
2025-11-25 22:04:40,953 - INFO - ⌛ Esperando mudança visual...
2025-11-25 22:04:41,970 - INFO - ⌛ Esperando mudança visual...
2025-11-25 22:04:42,998 - INFO - ✅ Tela carregada!
2025-11-25 22:04:53,466 - INFO - ⌛ Aguardando janela de confirmação de desbloqueio...
2025-11-25 22:05:13,773 - INFO - 🟨 Registros desbloqueados com sucesso
2025-11-25 22:05:27,371 - INFO - 🟨 OS programadas detectadas
2025-11-25 22:05:30,551 - INFO - ⌛ Aguardando janela de edição de OS...
2025-11-25 22:05:50,900 - INFO - 🟨 Janela de edição de OS detectada
2025-11-25 22:05:59,253 - INFO - 🟨 Janela de edição de habilidade da turma detectada
2025-11-25 22:06:44,555 - INFO - ⌛ Aguardando detecção do campo de caracteristica 'EQUIPE PRÓPRIA OU EPS' ...
2025-11-25 22:07:04,690 - INFO - ⌛ Aguardando detecção do campo de caracteristica 'EQUIPE PRÓPRIA OU EPS' ...
2025-11-25 22:07:24,841 - INFO - ⌛ Aguardando detecção do campo de caracteristica 'EQUIPE PRÓPRIA OU EPS' ...
2025-11-25 22:07:44,994 - INFO - 🟨 campo de caracteristica 'EQUIPE PRÓPRIA OU EPS detectado
2025-11-25 22:08:06,714 - INFO - ⌛ Aguardando confirmação 4 - editar OS...
2025-11-25 22:08:27,011 - INFO - ⌛ Aguardando confirmação 4 - editar OS...
2025-11-25 22:09:27,915 - INFO - ⌛ Aguardando janela de confirmação de programação de OS...
2025-11-25 22:09:48,249 - INFO - 🟨 Janela de confirmação de programação de OS detectada
2025-11-25 22:09:51,580 - INFO - ⌛ aguardando janela de programação de lote de OS...
2025-11-25 22:10:12,005 - INFO - 🟨 Janela de aviso de edição de OS programadas detectada
2025-11-25 22:10:16,282 - INFO - ⌛ aguardando janela de programação de lote de OS...
2025-11-25 22:10:36,677 - INFO - 🟨 Janela de aviso de substituição de lote de OS detectada
2025-11-25 22:10:42,947 - INFO - ⌛ aguardando janela de programação de lote de OS...
2025-11-25 22:11:03,375 - INFO - 🟨 Janela de programação de lote de OS detectada
2025-11-25 22:11:30,814 - INFO - ⌛ aguardando janela de confirmação de programação de lote de OS...
2025-11-25 22:11:51,124 - INFO - 🟨 Janela de confirmação de programação de lote de OS detectada
2025-11-25 22:11:55,423 - INFO - ⌛ aguardando confirmação final de programação do lote
2025-11-25 22:12:15,780 - INFO - 🟨 programação do lote 50 efetuado com sucesso
2025-11-25 22:12:28,939 - INFO - 
=== Iniciando lote 51/99 [LV] ===
2025-11-25 22:12:35,292 - INFO - Janela de seleção aberta
2025-11-25 22:12:39,529 - INFO - DEBUG: idx=50, inicio=750, fim=765
2025-11-25 22:12:39,529 - INFO - ✅ 15 OS copiadas para a área de transferência.
2025-11-25 22:12:39,529 - INFO - 📋 Lote 51 copiado.
2025-11-25 22:12:47,873 - INFO - ⌛ Esperando mudança visual...
2025-11-25 22:12:48,892 - INFO - ⌛ Esperando mudança visual...
2025-11-25 22:12:49,916 - INFO - ⌛ Esperando mudança visual...
2025-11-25 22:12:50,932 - INFO - ⌛ Esperando mudança visual...
2025-11-25 22:12:51,950 - INFO - ⌛ Esperando mudança visual...
2025-11-25 22:12:52,966 - INFO - ⌛ Esperando mudança visual...
2025-11-25 22:12:53,981 - INFO - ⌛ Esperando mudança visual...
2025-11-25 22:12:54,997 - INFO - ⌛ Esperando mudança visual...
2025-11-25 22:12:56,031 - INFO - ⌛ Esperando mudança visual...
2025-11-25 22:12:57,044 - INFO - ⌛ Esperando mudança visual...
2025-11-25 22:12:58,071 - INFO - ✅ Tela carregada!
2025-11-25 22:13:08,550 - INFO - ⌛ Aguardando janela de confirmação de desbloqueio...
2025-11-25 22:13:28,881 - INFO - 🟨 Registros desbloqueados com sucesso
2025-11-25 22:13:42,467 - INFO - 🟨 OS programadas detectadas
2025-11-25 22:13:45,634 - INFO - ⌛ Aguardando janela de edição de OS...
2025-11-25 22:14:06,032 - INFO - 🟨 Janela de edição de OS detectada
2025-11-25 22:14:14,406 - INFO - 🟨 Janela de edição de habilidade da turma detectada
2025-11-25 22:14:59,719 - INFO - ⌛ Aguardando detecção do campo de caracteristica 'EQUIPE PRÓPRIA OU EPS' ...
2025-11-25 22:15:19,899 - INFO - ⌛ Aguardando detecção do campo de caracteristica 'EQUIPE PRÓPRIA OU EPS' ...
2025-11-25 22:15:40,059 - INFO - ⌛ Aguardando detecção do campo de caracteristica 'EQUIPE PRÓPRIA OU EPS' ...
2025-11-25 22:16:00,209 - INFO - 🟨 campo de caracteristica 'EQUIPE PRÓPRIA OU EPS detectado
2025-11-25 22:16:22,000 - INFO - ⌛ Aguardando confirmação 4 - editar OS...
2025-11-25 22:16:42,311 - INFO - ⌛ Aguardando confirmação 4 - editar OS...
2025-11-25 22:17:43,277 - INFO - ⌛ Aguardando janela de confirmação de programação de OS...
2025-11-25 22:18:03,568 - INFO - 🟨 Janela de confirmação de programação de OS detectada
2025-11-25 22:18:06,938 - INFO - 🟨 Janela de aviso de edição de OS programadas detectada
2025-11-25 22:18:11,206 - INFO - ⌛ aguardando janela de programação de lote de OS...
2025-11-25 22:18:31,613 - INFO - 🟨 Janela de aviso de substituição de lote de OS detectada
2025-11-25 22:18:37,883 - INFO - ⌛ aguardando janela de programação de lote de OS...
2025-11-25 22:18:58,281 - INFO - 🟨 Janela de programação de lote de OS detectada
2025-11-25 22:19:25,735 - INFO - ⌛ aguardando janela de confirmação de programação de lote de OS...
2025-11-25 22:19:46,027 - INFO - 🟨 Janela de confirmação de programação de lote de OS detectada
2025-11-25 22:19:50,327 - INFO - ⌛ aguardando confirmação final de programação do lote
2025-11-25 22:20:10,699 - INFO - 🟨 programação do lote 51 efetuado com sucesso
2025-11-25 22:20:23,873 - INFO - 
=== Iniciando lote 52/99 [LV] ===
2025-11-25 22:20:30,221 - INFO - Janela de seleção aberta
2025-11-25 22:20:34,461 - INFO - DEBUG: idx=51, inicio=765, fim=780
2025-11-25 22:20:34,461 - INFO - ✅ 15 OS copiadas para a área de transferência.
2025-11-25 22:20:34,461 - INFO - 📋 Lote 52 copiado.
2025-11-25 22:20:42,800 - INFO - ⌛ Esperando mudança visual...
2025-11-25 22:20:43,820 - INFO - ⌛ Esperando mudança visual...
2025-11-25 22:20:44,842 - INFO - ⌛ Esperando mudança visual...
2025-11-25 22:20:45,854 - INFO - ⌛ Esperando mudança visual...
2025-11-25 22:20:46,868 - INFO - ⌛ Esperando mudança visual...
2025-11-25 22:20:47,881 - INFO - ⌛ Esperando mudança visual...
2025-11-25 22:20:48,898 - INFO - ⌛ Esperando mudança visual...
2025-11-25 22:20:49,917 - INFO - ⌛ Esperando mudança visual...
2025-11-25 22:20:50,927 - INFO - ✅ Tela carregada!
2025-11-25 22:21:01,409 - INFO - ⌛ Aguardando janela de confirmação de desbloqueio...
2025-11-25 22:21:21,690 - INFO - 🟨 Registros desbloqueados com sucesso
2025-11-25 22:21:35,304 - INFO - 🟨 OS programadas detectadas
2025-11-25 22:21:38,474 - INFO - ⌛ Aguardando janela de edição de OS...
2025-11-25 22:21:58,821 - INFO - 🟨 Janela de edição de OS detectada
2025-11-25 22:22:07,184 - INFO - 🟨 Janela de edição de habilidade da turma detectada
2025-11-25 22:22:52,508 - INFO - ⌛ Aguardando detecção do campo de caracteristica 'EQUIPE PRÓPRIA OU EPS' ...
2025-11-25 22:23:12,675 - INFO - ⌛ Aguardando detecção do campo de caracteristica 'EQUIPE PRÓPRIA OU EPS' ...
2025-11-25 22:23:32,839 - INFO - ⌛ Aguardando detecção do campo de caracteristica 'EQUIPE PRÓPRIA OU EPS' ...
2025-11-25 22:23:53,000 - INFO - 🟨 campo de caracteristica 'EQUIPE PRÓPRIA OU EPS detectado
2025-11-25 22:24:14,758 - INFO - ⌛ Aguardando confirmação 4 - editar OS...
2025-11-25 22:25:15,679 - INFO - ⌛ Aguardando janela de confirmação de programação de OS...
2025-11-25 22:25:35,990 - INFO - 🟨 Janela de confirmação de programação de OS detectada
2025-11-25 22:25:39,312 - INFO - 🟨 Janela de aviso de edição de OS programadas detectada
2025-11-25 22:25:43,579 - INFO - ⌛ aguardando janela de programação de lote de OS...
2025-11-25 22:26:03,987 - INFO - 🟨 Janela de aviso de substituição de lote de OS detectada
2025-11-25 22:26:10,255 - INFO - ⌛ aguardando janela de programação de lote de OS...
2025-11-25 22:26:30,646 - INFO - 🟨 Janela de programação de lote de OS detectada
2025-11-25 22:26:58,075 - INFO - ⌛ aguardando janela de confirmação de programação de lote de OS...
2025-11-25 22:27:18,361 - INFO - 🟨 Janela de confirmação de programação de lote de OS detectada
2025-11-25 22:27:22,644 - INFO - ⌛ aguardando confirmação final de programação do lote
2025-11-25 22:27:43,020 - INFO - 🟨 programação do lote 52 efetuado com sucesso
2025-11-25 22:27:56,173 - INFO - 
=== Iniciando lote 53/99 [LV] ===
2025-11-25 22:28:02,529 - INFO - Janela de seleção aberta
2025-11-25 22:28:06,764 - INFO - DEBUG: idx=52, inicio=780, fim=795
2025-11-25 22:28:06,764 - INFO - ✅ 15 OS copiadas para a área de transferência.
2025-11-25 22:28:06,764 - INFO - 📋 Lote 53 copiado.
2025-11-25 22:28:15,097 - INFO - ⌛ Esperando mudança visual...
2025-11-25 22:28:16,108 - INFO - ⌛ Esperando mudança visual...
2025-11-25 22:28:17,131 - INFO - ⌛ Esperando mudança visual...
2025-11-25 22:28:18,144 - INFO - ⌛ Esperando mudança visual...
2025-11-25 22:28:19,157 - INFO - ⌛ Esperando mudança visual...
2025-11-25 22:28:20,168 - INFO - ⌛ Esperando mudança visual...
2025-11-25 22:28:21,202 - INFO - ⌛ Esperando mudança visual...
2025-11-25 22:28:22,204 - INFO - ⌛ Esperando mudança visual...
2025-11-25 22:28:23,213 - INFO - ✅ Tela carregada!
2025-11-25 22:28:33,701 - INFO - ⌛ Aguardando janela de confirmação de desbloqueio...
2025-11-25 22:28:53,991 - INFO - 🟨 Registros desbloqueados com sucesso
2025-11-25 22:29:07,589 - INFO - 🟨 OS programadas detectadas
2025-11-25 22:29:10,757 - INFO - ⌛ Aguardando janela de edição de OS...
2025-11-25 22:29:31,086 - INFO - 🟨 Janela de edição de OS detectada
2025-11-25 22:29:39,461 - INFO - 🟨 Janela de edição de habilidade da turma detectada
2025-11-25 22:30:24,778 - INFO - ⌛ Aguardando detecção do campo de caracteristica 'EQUIPE PRÓPRIA OU EPS' ...
2025-11-25 22:30:44,942 - INFO - ⌛ Aguardando detecção do campo de caracteristica 'EQUIPE PRÓPRIA OU EPS' ...
2025-11-25 22:31:05,106 - INFO - ⌛ Aguardando detecção do campo de caracteristica 'EQUIPE PRÓPRIA OU EPS' ...
2025-11-25 22:31:25,251 - INFO - 🟨 campo de caracteristica 'EQUIPE PRÓPRIA OU EPS detectado
2025-11-25 22:31:46,978 - INFO - ⌛ Aguardando confirmação 4 - editar OS...
2025-11-25 22:32:47,941 - INFO - ⌛ Aguardando janela de confirmação de programação de OS...
2025-11-25 22:33:08,269 - INFO - 🟨 Janela de confirmação de programação de OS detectada
2025-11-25 22:33:11,601 - INFO - 🟨 Janela de aviso de edição de OS programadas detectada
2025-11-25 22:33:15,869 - INFO - ⌛ aguardando janela de programação de lote de OS...
2025-11-25 22:33:36,255 - INFO - 🟨 Janela de aviso de substituição de lote de OS detectada
2025-11-25 22:33:42,530 - INFO - ⌛ aguardando janela de programação de lote de OS...
2025-11-25 22:34:02,923 - INFO - 🟨 Janela de programação de lote de OS detectada
2025-11-25 22:34:30,356 - INFO - ⌛ aguardando janela de confirmação de programação de lote de OS...
2025-11-25 22:34:50,658 - INFO - 🟨 Janela de confirmação de programação de lote de OS detectada
2025-11-25 22:34:54,911 - INFO - ⌛ aguardando confirmação final de programação do lote
2025-11-25 22:35:15,259 - INFO - 🟨 programação do lote 53 efetuado com sucesso
2025-11-25 22:35:28,420 - INFO - 
=== Iniciando lote 54/99 [LV] ===
2025-11-25 22:35:34,772 - INFO - Janela de seleção aberta
2025-11-25 22:35:39,005 - INFO - DEBUG: idx=53, inicio=795, fim=810
2025-11-25 22:35:39,005 - INFO - ✅ 15 OS copiadas para a área de transferência.
2025-11-25 22:35:39,005 - INFO - 📋 Lote 54 copiado.
2025-11-25 22:35:47,349 - INFO - ⌛ Esperando mudança visual...
2025-11-25 22:35:48,368 - INFO - ⌛ Esperando mudança visual...
2025-11-25 22:35:49,381 - INFO - ⌛ Esperando mudança visual...
2025-11-25 22:35:50,397 - INFO - ⌛ Esperando mudança visual...
2025-11-25 22:35:51,411 - INFO - ⌛ Esperando mudança visual...
2025-11-25 22:35:52,428 - INFO - ⌛ Esperando mudança visual...
2025-11-25 22:35:53,447 - INFO - ⌛ Esperando mudança visual...
2025-11-25 22:35:54,463 - INFO - ⌛ Esperando mudança visual...
2025-11-25 22:35:55,473 - INFO - ✅ Tela carregada!
2025-11-25 22:36:05,967 - INFO - ⌛ Aguardando janela de confirmação de desbloqueio...
2025-11-25 22:36:26,240 - INFO - 🟨 Registros desbloqueados com sucesso
2025-11-25 22:36:39,833 - INFO - ⌛ Aguardando janela de edição de OS...
2025-11-25 22:37:00,160 - INFO - 🟨 Janela de edição de OS detectada
2025-11-25 22:37:08,571 - INFO - 🟨 Janela de edição de habilidade da turma detectada
2025-11-25 22:37:53,881 - INFO - ⌛ Aguardando detecção do campo de caracteristica 'EQUIPE PRÓPRIA OU EPS' ...
2025-11-25 22:38:14,024 - INFO - ⌛ Aguardando detecção do campo de caracteristica 'EQUIPE PRÓPRIA OU EPS' ...
2025-11-25 22:38:34,179 - INFO - ⌛ Aguardando detecção do campo de caracteristica 'EQUIPE PRÓPRIA OU EPS' ...
2025-11-25 22:38:54,324 - INFO - 🟨 campo de caracteristica 'EQUIPE PRÓPRIA OU EPS detectado
2025-11-25 22:39:16,073 - INFO - ⌛ Aguardando confirmação 4 - editar OS...
2025-11-25 22:40:16,987 - INFO - ⌛ Aguardando janela de confirmação de programação de OS...
2025-11-25 22:40:37,279 - INFO - 🟨 Janela de confirmação de programação de OS detectada
2025-11-25 22:40:40,590 - INFO - ⌛ aguardando janela de programação de lote de OS...
2025-11-25 22:41:00,977 - INFO - 🟨 Janela de programação de lote de OS detectada
2025-11-25 22:41:28,419 - INFO - ⌛ aguardando janela de confirmação de programação de lote de OS...
2025-11-25 22:41:48,695 - INFO - 🟨 Janela de confirmação de programação de lote de OS detectada
2025-11-25 22:41:52,959 - INFO - ⌛ aguardando confirmação final de programação do lote
2025-11-25 22:42:13,298 - INFO - 🟨 programação do lote 54 efetuado com sucesso
2025-11-25 22:42:26,453 - INFO - 
=== Iniciando lote 55/99 [LV] ===
2025-11-25 22:42:32,808 - INFO - Janela de seleção aberta
2025-11-25 22:42:37,046 - INFO - DEBUG: idx=54, inicio=810, fim=825
2025-11-25 22:42:37,046 - INFO - ✅ 15 OS copiadas para a área de transferência.
2025-11-25 22:42:37,046 - INFO - 📋 Lote 55 copiado.
2025-11-25 22:42:45,376 - INFO - ⌛ Esperando mudança visual...
2025-11-25 22:42:46,388 - INFO - ⌛ Esperando mudança visual...
2025-11-25 22:42:47,410 - INFO - ⌛ Esperando mudança visual...
2025-11-25 22:42:48,419 - INFO - ⌛ Esperando mudança visual...
2025-11-25 22:42:49,429 - INFO - ⌛ Esperando mudança visual...
2025-11-25 22:42:50,443 - INFO - ⌛ Esperando mudança visual...
2025-11-25 22:42:51,450 - INFO - ⌛ Esperando mudança visual...
2025-11-25 22:42:52,483 - INFO - ⌛ Esperando mudança visual...
2025-11-25 22:42:53,502 - INFO - ⌛ Esperando mudança visual...
2025-11-25 22:42:54,513 - INFO - ✅ Tela carregada!
2025-11-25 22:43:04,987 - INFO - ⌛ Aguardando janela de confirmação de desbloqueio...
2025-11-25 22:43:25,253 - INFO - 🟨 Registros desbloqueados com sucesso
2025-11-25 22:43:38,831 - INFO - ⌛ Aguardando janela de edição de OS...
2025-11-25 22:43:59,214 - INFO - 🟨 Janela de edição de OS detectada
2025-11-25 22:44:07,574 - INFO - 🟨 Janela de edição de habilidade da turma detectada
2025-11-25 22:44:52,875 - INFO - ⌛ Aguardando detecção do campo de caracteristica 'EQUIPE PRÓPRIA OU EPS' ...
2025-11-25 22:45:13,029 - INFO - ⌛ Aguardando detecção do campo de caracteristica 'EQUIPE PRÓPRIA OU EPS' ...
2025-11-25 22:45:33,185 - INFO - ⌛ Aguardando detecção do campo de caracteristica 'EQUIPE PRÓPRIA OU EPS' ...
2025-11-25 22:45:53,328 - INFO - 🟨 campo de caracteristica 'EQUIPE PRÓPRIA OU EPS detectado
2025-11-25 22:46:15,066 - INFO - ⌛ Aguardando confirmação 4 - editar OS...
2025-11-25 22:47:15,990 - INFO - ⌛ Aguardando janela de confirmação de programação de OS...
2025-11-25 22:47:36,296 - INFO - 🟨 Janela de confirmação de programação de OS detectada
2025-11-25 22:47:39,585 - INFO - ⌛ aguardando janela de programação de lote de OS...
2025-11-25 22:47:59,965 - INFO - 🟨 Janela de programação de lote de OS detectada
2025-11-25 22:48:27,401 - INFO - ⌛ aguardando janela de confirmação de programação de lote de OS...
2025-11-25 22:48:47,683 - INFO - 🟨 Janela de confirmação de programação de lote de OS detectada
2025-11-25 22:48:51,918 - INFO - ⌛ aguardando confirmação final de programação do lote
2025-11-25 22:49:12,253 - INFO - 🟨 programação do lote 55 efetuado com sucesso
2025-11-25 22:49:25,408 - INFO - 
=== Iniciando lote 56/99 [LV] ===
2025-11-25 22:49:31,767 - INFO - Janela de seleção aberta
2025-11-25 22:49:35,995 - INFO - DEBUG: idx=55, inicio=825, fim=840
2025-11-25 22:49:35,995 - INFO - ✅ 15 OS copiadas para a área de transferência.
2025-11-25 22:49:35,995 - INFO - 📋 Lote 56 copiado.
2025-11-25 22:49:44,326 - INFO - ⌛ Esperando mudança visual...
2025-11-25 22:49:45,360 - INFO - ⌛ Esperando mudança visual...
2025-11-25 22:49:46,374 - INFO - ⌛ Esperando mudança visual...
2025-11-25 22:49:47,389 - INFO - ⌛ Esperando mudança visual...
2025-11-25 22:49:48,406 - INFO - ⌛ Esperando mudança visual...
2025-11-25 22:49:49,423 - INFO - ⌛ Esperando mudança visual...
2025-11-25 22:49:50,436 - INFO - ⌛ Esperando mudança visual...
2025-11-25 22:49:51,453 - INFO - ⌛ Esperando mudança visual...
2025-11-25 22:49:52,470 - INFO - ⌛ Esperando mudança visual...
2025-11-25 22:49:53,485 - INFO - ✅ Tela carregada!
2025-11-25 22:50:03,975 - INFO - ⌛ Aguardando janela de confirmação de desbloqueio...
2025-11-25 22:50:24,262 - INFO - 🟨 Registros desbloqueados com sucesso
2025-11-25 22:50:37,836 - INFO - 🟨 OS programadas detectadas
2025-11-25 22:50:40,990 - INFO - ⌛ Aguardando janela de edição de OS...
2025-11-25 22:51:01,287 - INFO - ⌛ Aguardando janela de edição de OS...
2025-11-25 22:51:21,611 - INFO - ⌛ Aguardando janela de edição de OS...
2025-11-25 22:51:41,958 - INFO - ⌛ Aguardando janela de edição de OS...
2025-11-25 22:52:02,280 - INFO - ⌛ Aguardando janela de edição de OS...
2025-11-25 22:52:22,594 - INFO - ⌛ Aguardando janela de edição de OS...
2025-11-25 22:52:42,941 - INFO - ⌛ Aguardando janela de edição de OS...
2025-11-25 22:53:03,278 - INFO - ⌛ Aguardando janela de edição de OS...
2025-11-25 22:53:23,608 - INFO - ⌛ Aguardando janela de edição de OS...
2025-11-25 22:53:43,934 - INFO - ⌛ Aguardando janela de edição de OS...
2025-11-25 22:54:04,267 - INFO - ⌛ Aguardando janela de edição de OS...
2025-11-25 22:54:24,592 - INFO - ⌛ Aguardando janela de edição de OS...
2025-11-25 22:54:44,924 - INFO - ⌛ Aguardando janela de edição de OS...
2025-11-25 22:55:05,287 - INFO - ⌛ Aguardando janela de edição de OS...
2025-11-25 22:55:25,618 - INFO - ⌛ Aguardando janela de edição de OS...
2025-11-25 22:55:45,953 - INFO - ⌛ Aguardando janela de edição de OS...
2025-11-25 22:56:06,291 - INFO - ⌛ Aguardando janela de edição de OS...
2025-11-25 22:56:26,629 - INFO - ⌛ Aguardando janela de edição de OS...
2025-11-25 22:56:46,965 - INFO - ⌛ Aguardando janela de edição de OS...
2025-11-25 22:57:07,278 - INFO - ⌛ Aguardando janela de edição de OS...
2025-11-25 22:57:27,617 - INFO - ⌛ Aguardando janela de edição de OS...
2025-11-25 22:57:47,947 - INFO - ⌛ Aguardando janela de edição de OS...
2025-11-25 22:58:08,293 - INFO - ⌛ Aguardando janela de edição de OS...
2025-11-25 22:58:28,617 - INFO - ⌛ Aguardando janela de edição de OS...
2025-11-25 22:58:48,955 - INFO - ⌛ Aguardando janela de edição de OS...
2025-11-25 22:59:09,298 - INFO - ⌛ Aguardando janela de edição de OS...
2025-11-25 22:59:29,632 - INFO - ⌛ Aguardando janela de edição de OS...
2025-11-25 22:59:49,967 - INFO - ⌛ Aguardando janela de edição de OS...
2025-11-25 23:00:10,306 - INFO - ⌛ Aguardando janela de edição de OS...
2025-11-25 23:00:30,646 - INFO - ⏱️ Tempo limite atingido. Abortando seleção
